,prediction,actual
0,58.62437,60.0
1,59.491425,60.0
2,59.92406,60.0
3,60.01583,60.0
4,60.086456,60.0
5,60.05574,60.0
6,60.04377,60.0
7,60.01845,59.0
8,59.207054,59.0
9,59.01692,59.0
10,59.029095,59.0
11,59.12338,58.0
12,58.122143,58.0
13,57.83058,58.0
14,57.7789,58.0
15,57.82625,58.0
16,57.91879,58.0
17,57.99061,59.0
18,58.791588,59.0
19,59.071354,59.0
20,59.059326,58.0
21,57.901955,59.0
22,58.54687,59.0
23,58.792534,59.0
24,59.06126,58.0
25,58.041023,59.0
26,58.566616,58.0
27,57.911293,58.0
28,57.944668,58.0
29,57.908974,58.0
30,57.860535,58.0
31,57.937275,58.0
32,57.75731,58.0
33,57.842888,58.0
34,57.99369,58.0
35,58.10594,58.0
36,58.03866,58.0
37,57.89436,58.0
38,57.73781,58.0
39,57.81183,58.0
40,57.905354,58.0
41,57.777653,58.0
42,57.689888,58.0
43,57.77492,58.0
44,57.879917,58.0
45,57.87912,58.0
46,57.838173,58.0
47,57.755867,58.0
48,57.71009,58.0
49,57.915474,57.0
50,56.890926,57.0
51,56.60682,57.0
52,56.68073,57.0
53,56.710148,57.0
54,56.836052,57.0
55,56.79811,58.0
56,57.90312,58.0
57,58.150387,59.0
58,59.354294,59.0
59,59.350113,59.0
60,58.928646,59.0
61,58.62831,59.0
62,58.690784,59.0
63,58.783432,59.0
64,58.877747,59.0
65,58.8572,59.0
66,58.801575,58.0
67,57.740116,59.0
68,58.45818,59.0
69,58.61634,59.0
70,58.67269,59.0
71,58.748558,59.0
72,58.800827,59.0
73,58.74587,59.0
74,58.942604,59.0
75,58.903362,59.0
76,58.794777,60.0
77,59.839085,60.0
78,59.948166,60.0
79,59.87455,60.0
80,59.835003,60.0
81,59.716976,60.0
82,59.930317,61.0
83,61.32132,61.0
84,61.33408,61.0
85,60.90815,61.0
86,60.724274,61.0
87,60.74511,61.0
88,60.740616,61.0
89,60.63901,61.0
90,60.662064,61.0
91,60.668777,61.0
92,60.672356,60.0
93,59.961533,60.0
94,59.451477,60.0
95,59.49083,61.0
96,60.60087,61.0
97,61.09635,62.0
98,61.890236,63.0
99,63.02933,63.0
100,63.144577,64.0
101,64.13416,64.0
102,64.17489,64.0
103,64.08625,64.0
104,63.95766,64.0
105,63.78179,63.0
106,62.716743,63.0
107,62.523407,63.0
108,62.63021,63.0
109,62.89958,63.0
110,62.96699,63.0
111,63.083202,63.0
112,62.909378,64.0
113,63.69788,64.0
114,63.794415,64.0
115,63.844734,64.0
116,63.74959,65.0
117,64.61248,65.0
118,64.706604,65.0
119,64.78557,64.0
120,63.77792,65.0
121,64.453735,65.0
122,64.700066,65.0
123,64.781906,68.0
124,67.68155,66.0
125,66.63675,65.0
126,64.893684,64.0
127,63.46781,63.0
128,62.076225,61.0
129,59.750076,61.0
130,59.551823,61.0
131,60.505436,61.0
132,61.139793,60.0
133,59.378685,60.0
134,59.20367,60.0
135,59.368248,61.0
136,60.622658,61.0
137,60.780567,62.0
138,61.593376,62.0
139,61.866745,62.0
140,61.67519,62.0
141,61.666725,62.0
142,61.795883,62.0
143,61.734856,63.0
144,62.746227,63.0
145,63.005543,63.0
146,63.043755,62.0
147,61.858006,59.0
148,58.504047,60.0
149,59.064583,60.0
150,59.5094,60.0
151,59.829563,61.0
152,61.083984,61.0
153,61.364895,60.0
154,59.979862,60.0
155,59.139526,60.0
156,58.99993,60.0
157,59.29036,60.0
158,59.551235,60.0
159,59.760498,60.0
160,59.638508,60.0
161,59.5294,59.0
162,58.52557,60.0
163,59.329556,60.0
164,59.871876,60.0
165,59.92994,60.0
166,60.115677,61.0
167,60.801186,60.0
168,60.18966,60.0
169,60.18241,58.0
170,58.101986,57.0
171,56.539566,56.0
172,55.261864,55.0
173,54.269814,55.0
174,54.390934,55.0
175,54.66054,55.0
176,54.781036,56.0
177,56.064247,56.0
178,56.23127,56.0
179,56.059044,57.0
180,56.9943,57.0
181,56.9934,58.0
182,57.986866,58.0
183,58.07189,58.0
184,57.900204,58.0
185,57.807003,58.0
186,57.739414,57.0
187,56.843803,57.0
188,56.536163,56.0
189,55.762505,56.0
190,55.5618,56.0
191,55.909966,55.0
192,54.95751,56.0
193,55.62949,56.0
194,56.12406,56.0
195,55.97232,56.0
196,55.947,57.0
197,56.995903,57.0
198,57.123096,57.0
199,56.96385,57.0
200,56.807728,57.0
201,56.677605,58.0
202,57.87675,58.0
203,58.339584,58.0
204,57.904175,58.0
205,57.621613,58.0
206,57.667343,58.0
207,57.602512,58.0
208,57.76336,58.0
209,57.77965,58.0
210,57.764507,59.0
211,58.698696,58.0
212,58.225002,58.0
213,57.889782,57.0
214,56.888855,57.0
215,56.72527,57.0
216,56.67728,56.0
217,55.847378,57.0
218,56.66233,56.0
219,55.924904,56.0
220,55.74767,56.0
221,55.673164,56.0
222,55.71119,56.0
223,55.731087,56.0
224,55.7364,57.0
225,56.816006,57.0
226,57.017017,57.0
227,57.03668,57.0
228,56.598824,57.0
229,56.49589,57.0
230,56.60555,58.0
231,57.880154,58.0
232,58.059414,57.0
233,56.790493,56.0
234,55.476326,55.0
235,54.28528,56.0
236,55.38891,56.0
237,55.885612,56.0
238,56.02691,56.0
239,55.979588,56.0
240,55.77672,57.0
241,56.645985,57.0
242,56.85657,57.0
243,56.712475,57.0
244,56.697887,58.0
245,57.761074,58.0
246,57.982895,58.0
247,57.895206,58.0
248,57.780685,58.0
249,57.716763,58.0
250,57.641518,57.0
251,56.489876,57.0
252,56.352608,56.0
253,55.34831,56.0
254,55.41849,55.0
255,54.578224,54.0
256,53.544956,54.0
257,53.43141,54.0
258,53.55843,54.0
259,53.616512,54.0
260,53.841125,55.0
261,54.65957,54.0
262,54.197285,55.0
263,54.620182,55.0
264,54.99389,53.0
265,53.196594,53.0
266,52.668827,52.0
267,51.79868,52.0
268,51.62012,52.0
269,51.734802,53.0
270,52.886543,53.0
271,53.161156,54.0
272,54.12528,55.0
273,55.26866,55.0
274,55.687653,54.0
275,54.02985,54.0
276,53.556694,54.0
277,53.642033,54.0
278,53.996677,54.0
279,54.061104,54.0
280,54.08121,55.0
281,54.990074,56.0
282,56.025978,55.0
283,55.339603,57.0
284,56.61098,57.0
285,57.047916,58.0
286,57.91838,57.0
287,57.389217,58.0
288,57.941437,58.0
289,58.035336,59.0
290,59.04585,60.0
291,60.20586,61.0
292,61.39054,63.0
293,63.510315,64.0
294,64.71551,66.0
295,66.7415,65.0
296,65.61492,65.0
297,64.94211,65.0
298,64.93628,66.0
299,65.99864,66.99999999999999
300,67.51973,66.99999999999999
301,67.7041,68.0
302,68.48814,68.0
303,68.28534,68.0
304,67.95749,68.0
305,67.70356,68.0
306,67.51375,69.00000000000001
307,68.800415,68.0
308,67.94551,68.0
309,67.70106,68.0
310,67.54303,69.00000000000001
311,68.391884,69.00000000000001
312,69.03943,69.00000000000001
313,69.08772,69.00000000000001
314,68.86462,69.00000000000001
315,68.79457,68.0
316,67.65415,66.0
317,65.17454,64.0
318,62.605343,63.0
319,61.458824,63.0
320,61.725937,62.0
321,61.26961,63.0
322,62.58858,62.0
323,61.92461,62.0
324,61.592964,62.0
325,61.531586,63.0
326,62.79566,63.0
327,63.088833,63.0
328,63.015636,64.0
329,63.839947,63.0
330,62.989532,63.0
331,62.61623,63.0
332,62.58554,62.0
333,61.76409,62.0
334,61.613388,62.0
335,61.53059,62.0
336,61.636356,63.0
337,62.747395,63.0
338,63.1862,63.0
339,63.181595,63.0
340,62.967346,63.0
341,62.85155,64.0
342,63.90426,63.0
343,63.057934,62.0
344,61.587444,62.0
345,61.13143,62.0
346,61.49373,61.0
347,60.48145,62.0
348,61.48359,61.0
349,60.57888,61.0
350,60.497036,61.0
351,60.535522,61.0
352,60.703545,61.0
353,60.779293,61.0
354,60.70737,62.0
355,61.636387,61.0
356,61.114456,62.0
357,61.41587,64.0
358,63.506447,63.0
359,63.297985,63.0
360,63.101135,62.0
361,62.011623,62.0
362,61.71861,62.0
363,61.735977,62.0
364,61.740433,61.0
365,60.893032,61.0
366,60.635197,62.0
367,61.719265,62.0
368,62.022083,62.0
369,61.93246,62.0
370,61.722134,62.0
371,61.59197,62.0
372,61.55818,62.0
373,61.62485,62.0
374,61.711777,62.0
375,61.76666,62.0
376,61.794308,63.0
377,62.7375,63.0
378,63.008095,63.0
379,62.920948,63.0
380,63.093346,62.0
381,62.091656,61.0
382,60.769592,61.0
383,60.64424,61.0
384,60.736176,61.0
385,60.910744,61.0
386,60.963535,61.0
387,60.907215,61.0
388,60.878323,62.0
389,61.77733,63.0
390,63.016308,63.0
391,63.13401,62.0
392,61.97731,61.0
393,60.584927,61.0
394,60.22,60.0
395,59.245407,60.0
396,59.39552,59.0
397,58.44456,59.0
398,58.446445,59.0
399,58.61324,59.0
400,58.785057,58.0
401,57.868187,58.0
402,57.631985,57.0
403,56.482704,57.0
404,56.327362,57.0
405,56.718647,57.0
406,56.509605,57.0
407,56.58739,57.0
408,56.62967,56.0
409,55.88853,56.0
410,55.507614,55.0
411,54.61865,55.0
412,54.603317,55.0
413,54.69047,59.0
414,59.262722,59.0
415,59.88758,59.0
416,59.41348,59.0
417,58.69016,59.0
418,58.40182,59.0
419,58.422215,58.0
420,57.26326,58.0
421,57.20974,58.0
422,57.46109,58.0
423,57.609344,58.0
424,57.708984,57.0
425,56.675728,57.0
426,56.363976,56.0
427,55.551163,56.0
428,55.429134,56.0
429,55.389088,56.0
430,55.611004,56.0
431,55.80104,56.0
432,56.034435,58.0
433,57.70239,58.0
434,58.164825,58.0
435,58.44171,57.0
436,57.271698,57.0
437,56.886036,53.0
438,52.610207,52.0
439,50.613007,52.0
440,50.849598,52.0
441,51.77786,51.0
442,51.065098,51.0
443,50.987453,51.0
444,50.67108,51.0
445,50.710197,51.0
446,50.82063,51.0
447,50.85084,52.0
448,51.970375,52.0
449,52.211903,51.0
450,50.89985,47.0
451,46.292572,46.0
452,44.492065,44.0
453,42.76901,45.0
454,43.858524,46.0
455,45.522724,45.0
456,45.260223,46.0
457,45.93484,45.0
458,45.186207,45.0
459,44.827538,44.0
460,43.767548,43.0
461,42.533157,52.0
462,50.513058,52.0
463,52.542507,52.0
464,52.87779,53.0
465,53.40838,53.0
466,53.01206,53.0
467,52.246555,53.0
468,52.120083,53.0
469,53.007557,54.0
470,54.754448,54.0
471,54.365826,54.0
472,54.080517,53.0
473,52.87569,53.0
474,52.5829,52.0
475,51.74034,53.0
476,52.537376,52.0
477,52.080296,53.0
478,52.790916,53.0
479,52.972965,54.0
480,53.98129,54.0
481,54.263268,53.0
482,53.486374,53.0
483,52.95702,53.0
484,52.84932,53.0
485,52.88643,76.0
486,73.353676,74.0
487,73.13326,70.0
488,70.384346,68.0
489,67.08503,65.0
490,63.278816,64.0
491,61.65037,64.0
492,62.301914,63.0
493,62.001007,62.0
494,61.25559,59.0
495,58.297855,57.0
496,55.88026,58.0
497,56.584755,57.0
498,56.26209,57.0
499,56.54013,57.0
500,56.67146,56.0
501,55.71646,56.0
502,55.54802,55.0
503,55.021637,56.0
504,55.794746,55.0
505,55.079384,55.0
506,55.000057,55.0
507,54.9345,56.0
508,55.980713,58.0
509,58.243626,70.99999999999999
510,70.18044,70.99999999999999
511,71.49141,72.0
512,73.10207,72.0
513,72.59796,72.0
514,71.606575,72.0
515,71.16064,70.99999999999999
516,70.338165,70.0
517,69.420654,69.00000000000001
518,68.05165,68.0
519,67.17175,66.99999999999999
520,66.27672,66.99999999999999
521,66.256256,66.0
522,65.3986,66.0
523,65.370804,64.0
524,63.43783,62.0
525,61.142334,61.0
526,59.752857,61.0
527,59.60672,59.0
528,58.23854,58.0
529,57.142475,57.0
530,56.219486,56.0
531,55.156708,55.0
532,53.96629,55.0
533,53.993423,58.0
534,57.37879,58.0
535,58.195774,58.0
536,58.1704,59.0
537,58.943996,60.0
538,60.108864,60.0
539,59.787945,60.0
540,59.642414,60.0
541,59.629234,60.0
542,59.67656,61.0
543,60.895985,61.0
544,61.053024,62.0
545,62.007095,63.0
546,63.0487,63.0
547,63.19113,63.0
548,62.966606,64.0
549,63.881645,64.0
550,64.01924,64.0
551,64.025986,64.0
552,64.11246,70.99999999999999
553,70.2959,76.0
554,76.91442,77.00000000000001
555,79.65055,77.00000000000001
556,79.24368,77.00000000000001
557,77.53959,55.0
558,52.12995,54.0
559,45.915867,54.0
560,48.30876,55.0
561,52.683094,54.0
562,54.276646,55.0
563,56.59842,55.0
564,56.071434,54.0
565,53.369762,55.0
566,53.473732,55.0
567,53.853245,55.0
568,54.298916,57.0
569,56.870483,57.0
570,57.739925,58.0
571,58.6747,57.0
572,57.56137,58.0
573,58.15155,58.0
574,58.210392,58.0
575,58.171032,57.0
576,57.18027,57.0
577,56.818104,58.0
578,57.567856,58.0
579,57.86367,57.0
580,56.991962,57.0
581,56.743896,90.0
582,82.7577,90.99999999999999
583,87.423,90.99999999999999
584,91.63362,90.99999999999999
585,93.28507,92.0
586,93.61326,90.99999999999999
587,91.224045,90.0
588,88.185104,89.00000000000001
589,86.893265,88.0
590,86.075935,86.99999999999999
591,85.538506,86.0
592,84.884254,85.00000000000001
593,83.890656,85.00000000000001
594,83.65871,84.0
595,82.83917,84.0
596,82.78838,84.0
597,83.097305,84.0
598,83.55482,82.99999999999999
599,82.412315,84.0
600,83.15141,82.99999999999999
601,82.22873,82.99999999999999
602,82.23691,84.0
603,83.57371,82.99999999999999
604,82.77615,82.99999999999999
605,82.50709,84.0
606,83.66641,82.0
607,81.62125,81.00000000000001
608,80.09021,78.99999999999999
609,77.749435,77.00000000000001
610,75.57699,76.0
611,74.63753,74.99999999999999
612,73.959496,73.00000000000001
613,72.19132,70.99999999999999
614,70.011444,69.00000000000001
615,67.92242,66.99999999999999
616,65.87556,65.0
617,64.06264,65.0
618,64.19031,64.0
619,63.44299,64.0
620,63.717033,65.0
621,64.88629,66.0
622,66.07553,66.0
623,66.58461,66.99999999999999
624,67.212494,68.0
625,68.18462,68.0
626,68.12269,70.0
627,70.02113,70.99999999999999
628,71.449684,70.99999999999999
629,71.27551,69.00000000000001
630,68.94471,69.00000000000001
631,68.37844,69.00000000000001
632,68.429306,70.0
633,69.76223,70.0
634,70.16083,70.0
635,70.18027,70.99999999999999
636,71.25961,70.99999999999999
637,71.25952,72.0
638,71.96287,72.0
639,71.995544,73.00000000000001
640,72.883026,74.0
641,74.03746,73.00000000000001
642,73.28743,73.00000000000001
643,72.676956,73.00000000000001
644,72.74191,73.00000000000001
645,72.83617,74.0
646,73.76067,74.0
647,74.17243,74.99999999999999
648,75.17673,74.0
649,74.30036,74.0
650,73.962105,74.0
651,73.61479,74.0
652,73.63823,74.0
653,73.637024,59.0
654,57.76723,61.0
655,57.264317,62.0
656,60.044178,62.0
657,61.979103,62.0
658,63.927692,62.0
659,62.870815,63.0
660,62.61549,62.0
661,60.73759,62.0
662,61.267357,62.0
663,61.40854,61.0
664,60.450943,62.0
665,61.483395,62.0
666,61.985485,62.0
667,62.038586,63.0
668,62.931767,63.0
669,63.1305,63.0
670,62.976406,63.0
671,63.00577,64.0
672,63.79542,63.0
673,62.967373,64.0
674,63.679947,63.0
675,62.998367,63.0
676,62.673046,62.0
677,61.520035,81.00000000000001
678,78.44385,78.0
679,76.64266,78.0
680,77.78579,77.00000000000001
681,76.77307,76.0
682,74.86723,76.0
683,74.499214,76.0
684,74.955376,77.00000000000001
685,76.709694,77.00000000000001
686,76.894295,78.0
687,77.7984,77.00000000000001
688,76.96605,77.00000000000001
689,76.627625,76.0
690,75.74949,76.0
691,75.49066,77.00000000000001
692,76.32691,76.0
693,75.81033,77.00000000000001
694,76.65933,77.00000000000001
695,76.87926,77.00000000000001
696,76.92612,77.00000000000001
697,76.79429,76.0
698,75.88336,76.0
699,75.80464,76.0
700,75.75571,76.0
701,75.82358,76.0
702,75.62922,76.0
703,75.59409,76.0
704,75.61238,74.99999999999999
705,74.31738,76.0
706,75.268524,76.0
707,75.63366,74.99999999999999
708,74.22768,74.0
709,72.73513,74.0
710,73.018295,74.0
711,73.3548,74.0
712,73.5333,74.0
713,73.806786,74.99999999999999
714,74.81829,74.99999999999999
715,74.98383,74.99999999999999
716,74.84102,76.0
717,75.859406,76.0
718,76.02611,76.0
719,75.87893,77.00000000000001
720,76.88196,77.00000000000001
721,77.121925,77.00000000000001
722,77.06185,77.00000000000001
723,76.91362,77.00000000000001
724,76.82153,77.00000000000001
725,76.734634,77.00000000000001
726,76.595634,77.00000000000001
727,76.52637,77.00000000000001
728,76.478546,76.0
729,75.18563,76.0
730,74.828575,76.0
731,75.030426,76.0
732,75.25032,77.00000000000001
733,76.99869,76.0
734,75.73804,77.00000000000001
735,76.63257,77.00000000000001
736,76.7203,76.0
737,75.62593,76.0
738,75.35148,76.0
739,75.52562,76.0
740,75.52129,77.00000000000001
741,76.5048,76.0
742,76.01105,74.99999999999999
743,74.9529,74.99999999999999
744,74.62072,74.99999999999999
745,74.738,76.0
746,75.62298,76.0
747,76.18153,77.00000000000001
748,77.22806,77.00000000000001
749,77.35302,77.00000000000001
750,76.90896,77.00000000000001
751,76.64357,77.00000000000001
752,76.48474,78.0
753,77.58474,78.0
754,77.80662,78.0
755,77.6572,78.0
756,77.18897,78.0
757,77.09756,78.0
758,77.44968,78.0
759,77.56256,78.0
760,77.60274,78.0
761,77.686226,78.0
762,77.5937,78.99999999999999
763,78.73624,78.99999999999999
764,78.93204,78.0
765,77.9336,78.0
766,77.58962,78.99999999999999
767,78.55359,78.99999999999999
768,78.99262,78.99999999999999
769,79.08358,78.99999999999999
770,79.024536,78.99999999999999
771,78.81085,78.0
772,77.76554,78.99999999999999
773,78.64324,80.0
774,79.79719,81.00000000000001
775,80.94097,82.0
776,82.28541,81.00000000000001
777,80.95638,81.00000000000001
778,80.35194,80.0
779,78.69919,78.99999999999999
780,77.39247,78.0
781,76.58954,77.00000000000001
782,75.985016,76.0
783,75.173,76.0
784,75.26391,76.0
785,75.45232,76.0
786,75.483284,76.0
787,75.49224,76.0
788,75.41667,78.0
789,77.22853,78.0
790,77.74765,77.00000000000001
791,76.87115,78.0
792,77.51096,78.0
793,78.10285,78.0
794,78.06348,77.00000000000001
795,76.87582,76.0
796,75.64105,76.0
797,75.41814,74.99999999999999
798,74.45795,74.99999999999999
799,74.189125,74.0
800,73.36436,74.0
801,73.326065,74.99999999999999
802,74.597496,74.99999999999999
803,74.88834,76.0
804,76.028046,78.0
805,78.52583,78.99999999999999
806,79.68957,80.0
807,80.49992,80.0
808,79.985596,80.0
809,79.60673,80.0
810,79.55001,80.0
811,79.68949,80.0
812,79.8396,80.0
813,80.020836,80.0
814,79.78891,81.00000000000001
815,80.619514,81.00000000000001
816,81.170555,81.00000000000001
817,81.388275,81.00000000000001
818,81.273384,81.00000000000001
819,81.035866,81.00000000000001
820,80.71656,81.00000000000001
821,80.48285,81.00000000000001
822,80.39894,81.00000000000001
823,80.286995,82.0
824,81.34018,82.0
825,81.844925,82.0
826,81.40122,82.99999999999999
827,82.3245,82.99999999999999
828,82.59251,82.99999999999999
829,82.447014,82.99999999999999
830,82.401436,82.0
831,81.21892,82.99999999999999
832,82.336,82.0
833,81.579315,82.0
834,81.39081,82.0
835,81.44865,82.0
836,81.148636,82.0
837,81.345245,81.00000000000001
838,80.69328,80.0
839,79.85262,81.00000000000001
840,80.20253,82.0
841,81.8392,84.0
842,83.6623,86.0
843,85.84724,88.0
844,87.847946,90.99999999999999
845,90.963425,94.99999999999999
846,95.348175,98.00000000000001
847,99.04882,100.0
848,101.58781,113.00000000000001
849,115.98621,124.0
850,132.1806,135.0
851,148.46431,141.99999999999997
852,153.06235,137.0
853,135.01286,130.00000000000003
854,119.231575,120.0
855,110.92851,108.0
856,98.50702,104.0
857,96.49941,102.00000000000001
858,97.99117,100.0
859,98.43054,98.99999999999999
860,98.138214,98.00000000000001
861,97.048195,97.00000000000001
862,95.296165,96.0
863,93.83461,94.99999999999999
864,92.88682,94.00000000000001
865,92.056564,90.99999999999999
866,89.135506,90.0
867,87.892784,89.00000000000001
868,87.14665,86.99999999999999
869,84.78155,84.0
870,81.4998,81.00000000000001
871,78.08443,78.99999999999999
872,76.28698,77.00000000000001
873,75.074425,77.00000000000001
874,75.83158,76.0
875,75.35861,74.99999999999999
876,74.41286,76.0
877,75.76462,77.00000000000001
878,77.22701,78.0
879,78.458084,78.99999999999999
880,79.6186,78.0
881,78.255264,78.0
882,77.603905,78.99999999999999
883,78.40512,78.0
884,77.69063,78.0
885,77.44604,78.0
886,77.47018,78.0
887,77.592865,78.0
888,77.545044,78.0
889,77.545525,78.0
890,77.820145,77.00000000000001
891,76.98279,78.0
892,77.595245,78.0
893,77.62724,78.99999999999999
894,78.687195,93.00000000000001
895,92.826706,97.00000000000001
896,99.97049,97.00000000000001
897,106.013176,96.0
898,99.532364,96.0
899,94.98931,97.00000000000001
900,93.6611,108.0
901,110.62165,112.0
902,116.591064,110.00000000000001
903,114.127304,109.00000000000001
904,109.68406,112.0
905,110.44282,109.00000000000001
906,107.72465,109.00000000000001
907,107.703156,114.99999999999999
908,113.421906,116.0
909,114.89452,118.99999999999999
910,117.51699,120.0
911,118.79298,114.99999999999999
912,113.66396,114.00000000000001
913,111.59851,110.99999999999999
914,108.897865,108.0
915,104.44507,98.99999999999999
916,92.10248,98.00000000000001
917,91.20257,96.0
918,92.44934,82.0
919,75.144066,78.0
920,69.65152,77.00000000000001
921,71.713776,76.0
922,75.877106,74.99999999999999
923,76.559715,74.0
924,74.57187,69.00000000000001
925,65.20337,69.00000000000001
926,65.66327,69.00000000000001
927,67.15149,69.00000000000001
928,68.041115,70.0
929,69.84015,70.99999999999999
930,71.31913,70.99999999999999
931,71.41831,70.0
932,70.03873,70.99999999999999
933,70.725464,70.0
934,70.14143,70.0
935,69.84813,70.0
936,69.81386,70.99999999999999
937,70.88119,70.99999999999999
938,71.030045,72.0
939,71.836655,73.00000000000001
940,73.16363,72.0
941,72.37907,72.0
942,71.714966,73.00000000000001
943,72.51709,73.00000000000001
944,72.77477,72.0
945,71.54445,70.0
946,68.69499,70.99999999999999
947,68.97654,74.0
948,74.37427,74.0
949,76.03036,78.0
950,79.0088,77.00000000000001
951,77.66248,76.0
952,76.3087,77.00000000000001
953,76.693756,76.0
954,76.0702,77.00000000000001
955,76.88398,77.00000000000001
956,77.129326,78.0
957,77.93204,78.99999999999999
958,79.3325,78.99999999999999
959,79.19774,80.0
960,80.19597,80.0
961,80.49754,80.0
962,80.49093,78.99999999999999
963,79.193344,78.0
964,77.56755,78.0
965,76.85305,77.00000000000001
966,75.75566,74.99999999999999
967,73.51146,74.0
968,71.904335,74.0
969,72.480896,74.99999999999999
970,74.7197,73.00000000000001
971,72.45683,69.00000000000001
972,65.669,69.00000000000001
973,64.7699,65.0
974,62.141376,65.0
975,63.03029,65.0
976,63.94722,63.0
977,62.5926,63.0
978,62.354263,63.0
979,62.433064,61.0
980,60.751907,60.0
981,59.27427,59.0
982,58.213436,59.0
983,58.261322,58.0
984,57.77356,57.0
985,56.669666,57.0
986,56.62773,57.0
987,56.73057,57.0
988,56.856228,57.0
989,56.83865,57.0
990,56.86696,57.0
991,56.71687,57.0
992,56.613937,57.0
993,56.577312,57.0
994,56.60255,57.0
995,56.65552,57.0
996,56.44562,57.0
997,56.494865,56.0
998,55.440586,56.0
999,55.368526,55.0
1000,54.607643,55.0
1001,54.54829,55.0
1002,54.529594,54.0
1003,53.83918,53.0
1004,52.753967,53.0
1005,52.386745,53.0
1006,52.46281,52.0
1007,51.800312,53.0
1008,52.692516,53.0
1009,52.99253,54.0
1010,53.945427,54.0
1011,54.232475,54.0
1012,54.069984,54.0
1013,53.953632,54.0
1014,53.98965,54.0
1015,53.994617,54.0
1016,53.899498,54.0
1017,53.7657,54.0
1018,53.791054,54.0
1019,53.843388,54.0
1020,53.653885,54.0
1021,53.646126,55.0
1022,54.951385,55.0
1023,55.154846,56.0
1024,55.95447,56.0
1025,56.146626,55.0
1026,55.046684,56.0
1027,55.64968,56.0
1028,56.03472,56.0
1029,56.01327,55.0
1030,55.082787,56.0
1031,55.779774,55.0
1032,55.05259,55.0
1033,54.78127,55.0
1034,54.703255,54.0
1035,53.646305,54.0
1036,53.52036,55.0
1037,54.727825,55.0
1038,55.049007,55.0
1039,54.982376,56.0
1040,55.918137,57.0
1041,57.194866,57.0
1042,57.255962,57.0
1043,57.07638,57.0
1044,56.730984,58.0
1045,57.89585,57.0
1046,57.003613,57.0
1047,56.908356,56.0
1048,55.672714,57.0
1049,56.526253,56.0
1050,55.86338,56.0
1051,55.689674,56.0
1052,55.754234,56.0
1053,55.77538,56.0
1054,55.751987,55.0
1055,54.827446,55.0
1056,54.395447,56.0
1057,55.525585,56.0
1058,55.893703,57.0
1059,56.996544,57.0
1060,57.17397,57.0
1061,56.946346,57.0
1062,56.76815,57.0
1063,56.656376,56.0
1064,55.57049,55.0
1065,54.441273,55.0
1066,54.30512,55.0
1067,54.493145,55.0
1068,54.764473,54.0
1069,53.879383,54.0
1070,53.66661,55.0
1071,54.750896,55.0
1072,55.091652,54.0
1073,54.12328,54.0
1074,53.714867,54.0
1075,53.839634,55.0
1076,54.710644,56.0
1077,55.78753,56.0
1078,56.30784,56.0
1079,56.220078,57.0
1080,57.020958,57.0
1081,57.048393,57.0
1082,56.982197,57.0
1083,56.873005,57.0
1084,56.72436,58.0
1085,57.774925,59.0
1086,59.113426,59.0
1087,59.27127,59.0
1088,59.230534,59.0
1089,59.087967,60.0
1090,59.87093,60.0
1091,60.079205,60.0
1092,59.994503,60.0
1093,59.61737,60.0
1094,59.71208,60.0
1095,59.757095,60.0
1096,59.806087,61.0
1097,60.801445,61.0
1098,61.054794,61.0
1099,60.99797,60.0
1100,59.92501,60.0
1101,59.582558,59.0
1102,58.901863,59.0
1103,58.62206,58.0
1104,57.83657,58.0
1105,57.80272,58.0
1106,57.785892,59.0
1107,59.000515,58.0
1108,57.992584,58.0
1109,57.610428,55.0
1110,54.453938,55.0
1111,53.754913,55.0
1112,54.096626,55.0
1113,55.24225,54.0
1114,54.289402,54.0
1115,53.46265,54.0
1116,53.279312,54.0
1117,53.65612,54.0
1118,53.70873,54.0
1119,53.863483,54.0
1120,53.768158,55.0
1121,54.771976,55.0
1122,54.939358,55.0
1123,54.85323,55.0
1124,54.61664,54.0
1125,53.693108,54.0
1126,53.700146,53.0
1127,52.627438,52.0
1128,51.524124,52.0
1129,51.29041,52.0
1130,51.57395,53.0
1131,52.72393,53.0
1132,53.07105,53.0
1133,52.99472,57.0
1134,57.27944,58.0
1135,58.881336,58.0
1136,58.968105,58.0
1137,58.16891,58.0
1138,57.56936,58.0
1139,57.4613,59.0
1140,58.783154,59.0
1141,59.009155,58.0
1142,57.78229,58.0
1143,57.503876,59.0
1144,58.73195,59.0
1145,58.97951,59.0
1146,58.82208,60.0
1147,59.660877,61.0
1148,60.88183,60.0
1149,60.31608,60.0
1150,59.70537,60.0
1151,59.770683,60.0
1152,59.82451,58.0
1153,57.99707,57.0
1154,56.535904,57.0
1155,56.35071,57.0
1156,56.618877,57.0
1157,56.85791,43.0
1158,42.76051,45.0
1159,41.177402,44.0
1160,41.55482,43.0
1161,42.08195,43.0
1162,43.17796,43.0
1163,44.20966,44.0
1164,44.714527,46.0
1165,46.66605,47.0
1166,47.826633,48.0
1167,48.65435,47.0
1168,47.17976,48.0
1169,47.641685,49.0
1170,48.957672,48.0
1171,48.33173,49.0
1172,48.62329,47.0
1173,47.26982,45.0
1174,44.852184,44.0
1175,43.30749,46.0
1176,44.881775,46.0
1177,45.83483,46.0
1178,46.64798,44.0
1179,44.404884,45.0
1180,44.711605,47.0
1181,47.31304,53.0
1182,54.448837,53.0
1183,54.963566,53.0
1184,54.00713,53.0
1185,52.817554,54.0
1186,53.282387,54.0
1187,53.6478,54.0
1188,53.99662,54.0
1189,53.978065,54.0
1190,54.006172,53.0
1191,53.01909,53.0
1192,52.61986,54.0
1193,53.7541,54.0
1194,54.009003,54.0
1195,53.960323,54.0
1196,53.75391,54.0
1197,53.673172,55.0
1198,54.590027,54.0
1199,54.022366,54.0
1200,53.826977,54.0
1201,53.702934,55.0
1202,54.748783,55.0
1203,55.02765,55.0
1204,55.060703,55.0
1205,55.008663,59.0
1206,58.892162,60.0
1207,60.831165,62.0
1208,62.837624,63.0
1209,63.752274,63.0
1210,63.404892,64.0
1211,63.914833,65.0
1212,65.086174,65.0
1213,65.192055,65.0
1214,64.9009,66.0
1215,65.8668,68.0
1216,68.17108,66.99999999999999
1217,67.351494,66.99999999999999
1218,66.8975,68.0
1219,67.73773,66.99999999999999
1220,66.88262,66.99999999999999
1221,66.57016,66.99999999999999
1222,66.56223,66.0
1223,65.67928,66.99999999999999
1224,66.4315,66.0
1225,65.81227,66.0
1226,65.62367,66.0
1227,65.64026,65.0
1228,64.70882,65.0
1229,64.29562,54.0
1230,52.497562,53.0
1231,49.912895,52.0
1232,49.676884,51.0
1233,49.76033,49.0
1234,48.679874,48.0
1235,47.70943,48.0
1236,47.17185,52.0
1237,52.602417,54.0
1238,55.548668,54.0
1239,55.554634,55.0
1240,55.77495,55.0
1241,55.392456,56.0
1242,55.95565,57.0
1243,57.174088,57.0
1244,57.396175,58.0
1245,58.164024,59.0
1246,59.25431,59.0
1247,59.471928,60.0
1248,60.207687,60.0
1249,60.294563,61.0
1250,61.092228,61.0
1251,61.10152,61.0
1252,61.0087,61.0
1253,60.820187,77.00000000000001
1254,74.23209,77.00000000000001
1255,76.90868,76.0
1256,77.28891,74.0
1257,73.90746,74.0
1258,70.42535,73.00000000000001
1259,70.497604,72.0
1260,70.45367,72.0
1261,70.02373,72.0
1262,70.83363,70.99999999999999
1263,70.38088,70.0
1264,68.98642,70.0
1265,68.7602,69.00000000000001
1266,67.963486,69.00000000000001
1267,67.71407,69.00000000000001
1268,68.08099,69.00000000000001
1269,68.17046,69.00000000000001
1270,68.32429,68.0
1271,67.81251,68.0
1272,67.62254,61.0
1273,60.43877,57.0
1274,54.80985,56.0
1275,53.552498,55.0
1276,53.311886,54.0
1277,53.07753,57.0
1278,57.178482,57.0
1279,57.922554,58.0
1280,58.20357,58.0
1281,56.68405,59.0
1282,58.244095,59.0
1283,58.77884,59.0
1284,59.24989,59.0
1285,58.771236,59.0
1286,58.72947,60.0
1287,59.805798,61.0
1288,60.960743,59.0
1289,59.337227,59.0
1290,58.698933,59.0
1291,58.572525,58.0
1292,57.77976,59.0
1293,58.496296,59.0
1294,58.749428,59.0
1295,58.86899,59.0
1296,58.876354,60.0
1297,59.687206,60.0
1298,59.98938,60.0
1299,60.086018,60.0
1300,60.02276,61.0
1301,60.888855,81.00000000000001
1302,78.22196,81.00000000000001
1303,79.65177,80.0
1304,80.90935,80.0
1305,80.8161,78.99999999999999
1306,78.1978,78.99999999999999
1307,76.84903,81.00000000000001
1308,80.54182,82.0
1309,82.31511,82.0
1310,82.14073,82.0
1311,81.96835,82.0
1312,81.61575,82.99999999999999
1313,82.4391,82.0
1314,81.49829,82.99999999999999
1315,81.99175,82.0
1316,81.3334,82.0
1317,81.05174,81.00000000000001
1318,80.2914,80.0
1319,79.2485,78.99999999999999
1320,78.18421,77.00000000000001
1321,76.07159,76.0
1322,74.83172,74.99999999999999
1323,73.95409,74.99999999999999
1324,74.233986,73.00000000000001
1325,72.28045,73.00000000000001
1326,72.08704,74.99999999999999
1327,74.656784,76.0
1328,76.21407,76.0
1329,76.23951,76.0
1330,75.87271,76.0
1331,75.44892,76.0
1332,75.374374,77.00000000000001
1333,76.921,77.00000000000001
1334,77.09798,78.0
1335,78.01964,80.0
1336,80.101685,81.00000000000001
1337,81.349106,82.0
1338,82.0851,82.99999999999999
1339,82.861786,84.0
1340,83.764565,86.0
1341,85.38797,86.99999999999999
1342,86.35154,89.00000000000001
1343,88.643776,89.00000000000001
1344,89.02906,89.00000000000001
1345,89.6862,89.00000000000001
1346,89.57212,88.0
1347,87.83869,86.99999999999999
1348,86.17465,86.0
1349,84.75857,74.0
1350,71.75105,73.00000000000001
1351,69.00793,72.0
1352,69.12629,70.99999999999999
1353,70.19738,70.0
1354,70.92782,69.00000000000001
1355,68.4659,68.0
1356,65.32391,66.99999999999999
1357,64.277664,65.0
1358,62.96274,65.0
1359,63.682575,64.0
1360,63.127354,62.0
1361,61.2666,63.0
1362,61.922256,63.0
1363,62.300697,62.0
1364,61.547935,62.0
1365,61.287956,61.0
1366,60.48784,61.0
1367,60.481514,59.0
1368,58.86226,59.0
1369,58.595066,59.0
1370,58.48434,58.0
1371,57.627346,57.0
1372,56.411583,57.0
1373,56.1866,60.0
1374,59.692253,59.0
1375,59.292686,58.0
1376,57.761387,60.0
1377,59.429924,63.0
1378,63.99516,65.0
1379,67.227066,65.0
1380,66.62287,65.0
1381,65.40362,66.0
1382,65.99945,66.99999999999999
1383,67.383026,66.99999999999999
1384,67.56543,66.99999999999999
1385,67.2908,66.99999999999999
1386,67.19212,66.99999999999999
1387,67.033165,66.99999999999999
1388,66.91844,66.99999999999999
1389,66.77446,66.99999999999999
1390,66.68038,68.0
1391,68.05809,69.00000000000001
1392,69.17297,70.0
1393,70.33799,70.0
1394,70.30191,72.0
1395,72.0762,70.99999999999999
1396,71.252846,73.00000000000001
1397,72.72972,68.0
1398,67.84041,68.0
1399,66.75281,68.0
1400,66.66328,68.0
1401,67.63242,68.0
1402,68.149666,66.99999999999999
1403,66.8889,66.99999999999999
1404,66.22686,66.99999999999999
1405,66.3373,68.0
1406,67.732544,70.0
1407,70.19072,69.00000000000001
1408,69.30147,69.00000000000001
1409,68.83752,70.0
1410,69.613266,70.0
1411,69.88975,70.0
1412,69.98384,70.99999999999999
1413,70.94712,70.99999999999999
1414,71.083954,70.0
1415,70.12608,70.0
1416,70.04916,70.0
1417,70.10538,68.0
1418,67.9521,68.0
1419,67.36005,69.00000000000001
1420,68.313576,70.0
1421,69.692116,70.99999999999999
1422,71.04076,70.99999999999999
1423,71.232544,72.0
1424,72.05668,72.0
1425,71.950485,72.0
1426,71.37711,73.00000000000001
1427,72.434784,73.00000000000001
1428,72.74505,73.00000000000001
1429,72.588844,70.99999999999999
1430,70.58249,70.99999999999999
1431,70.15808,70.99999999999999
1432,70.3599,70.99999999999999
1433,70.61798,70.0
1434,69.82307,70.0
1435,69.50616,69.00000000000001
1436,68.55404,68.0
1437,67.53088,66.99999999999999
1438,66.57347,66.0
1439,65.42054,66.0
1440,65.41549,66.0
1441,65.51385,66.99999999999999
1442,66.59175,66.99999999999999
1443,66.96975,66.0
1444,65.799446,66.0
1445,65.438225,66.0
1446,65.51214,65.0
1447,64.51688,65.0
1448,64.37974,64.0
1449,63.38874,64.0
1450,63.341995,63.0
1451,62.226154,63.0
1452,62.143982,63.0
1453,62.51504,63.0
1454,62.738033,64.0
1455,63.755558,64.0
1456,63.897907,64.0
1457,64.05668,64.0
1458,63.865635,65.0
1459,64.76851,64.0
1460,63.943855,64.0
1461,63.970577,65.0
1462,64.92814,66.0
1463,65.91657,66.0
1464,66.05476,66.99999999999999
1465,66.77801,66.99999999999999
1466,66.93538,68.0
1467,67.87354,69.00000000000001
1468,69.00987,70.0
1469,70.13333,70.99999999999999
1470,71.40348,72.0
1471,72.50525,73.00000000000001
1472,73.33217,74.0
1473,74.27212,74.99999999999999
1474,75.32976,76.0
1475,76.501884,76.0
1476,75.98108,77.00000000000001
1477,77.22076,77.00000000000001
1478,77.13008,77.00000000000001
1479,77.04105,77.00000000000001
1480,76.78676,78.0
1481,77.63864,78.0
1482,77.87271,77.00000000000001
1483,76.94437,77.00000000000001
1484,76.40978,76.0
1485,75.456924,76.0
1486,75.23823,74.99999999999999
1487,74.36279,74.0
1488,73.24462,73.00000000000001
1489,72.18347,70.99999999999999
1490,70.16166,70.0
1491,68.93934,69.00000000000001
1492,67.98448,68.0
1493,67.10608,66.0
1494,65.06517,65.0
1495,63.810112,65.0
1496,63.872112,64.0
1497,63.108826,64.0
1498,63.169735,63.0
1499,62.40771,62.0
1500,61.003597,63.0
1501,62.231625,63.0
1502,62.776318,62.0
1503,61.992176,61.0
1504,60.698547,61.0
1505,60.38461,61.0
1506,60.618702,62.0
1507,61.72214,63.0
1508,62.94486,63.0
1509,63.30786,63.0
1510,63.192142,64.0
1511,63.96137,65.0
1512,64.99707,65.0
1513,65.11168,66.0
1514,66.1436,66.99999999999999
1515,67.20452,66.99999999999999
1516,67.30667,68.0
1517,68.07273,68.0
1518,68.116455,68.0
1519,67.954216,68.0
1520,67.79653,66.99999999999999
1521,66.63185,66.0
1522,65.262924,65.0
1523,64.12388,65.0
1524,64.20741,65.0
1525,64.50935,63.0
1526,62.58523,63.0
1527,62.32928,63.0
1528,62.482395,63.0
1529,62.667347,64.0
1530,63.757626,64.0
1531,63.90769,64.0
1532,63.75186,64.0
1533,63.744884,64.0
1534,63.682785,63.0
1535,62.794914,62.0
1536,61.643433,61.0
1537,60.491028,61.0
1538,60.367393,60.0
1539,59.54615,59.0
1540,58.54349,59.0
1541,58.373375,59.0
1542,58.452938,59.0
1543,58.63006,58.0
1544,57.796883,58.0
1545,57.324867,58.0
1546,57.495426,58.0
1547,57.703293,58.0
1548,57.84087,59.0
1549,58.919445,61.0
1550,61.199265,63.0
1551,63.531124,64.0
1552,64.65524,63.0
1553,63.54712,62.0
1554,61.976048,61.0
1555,60.80977,60.0
1556,59.649525,60.0
1557,59.564693,60.0
1558,59.658142,60.0
1559,59.744064,60.0
1560,59.845306,60.0
1561,59.85887,60.0
1562,59.96939,60.0
1563,59.75716,59.0
1564,58.871895,59.0
1565,58.52429,58.0
1566,57.40578,58.0
1567,57.251488,58.0
1568,57.42491,58.0
1569,57.559258,58.0
1570,57.676075,60.0
1571,59.994453,61.0
1572,61.573887,60.0
1573,60.038635,59.0
1574,58.238594,56.0
1575,54.90458,55.0
1576,53.821712,55.0
1577,54.239075,55.0
1578,54.764866,56.0
1579,55.999146,56.0
1580,56.287342,56.0
1581,56.211426,55.0
1582,54.97372,56.0
1583,55.341927,56.0
1584,55.812637,56.0
1585,55.905575,56.0
1586,55.85608,57.0
1587,56.821552,57.0
1588,57.071243,57.0
1589,56.9826,58.0
1590,57.891117,59.0
1591,59.070496,60.0
1592,60.167736,60.0
1593,60.163506,60.0
1594,59.911823,58.0
1595,57.09683,57.0
1596,55.585407,56.0
1597,54.757465,55.0
1598,54.154007,55.0
1599,54.382523,55.0
1600,54.853294,54.0
1601,54.09853,53.0
1602,52.83886,53.0
1603,52.326412,53.0
1604,52.468803,53.0
1605,52.471973,53.0
1606,52.40433,52.0
1607,51.59306,51.0
1608,50.340427,51.0
1609,50.115284,51.0
1610,50.35711,51.0
1611,50.593124,51.0
1612,50.610535,53.0
1613,52.707733,56.0
1614,56.186184,57.0
1615,57.839977,58.0
1616,58.67966,59.0
1617,59.51457,62.0
1618,62.958,64.0
1619,66.101456,66.99999999999999
1620,69.71597,69.00000000000001
1621,71.755165,70.99999999999999
1622,72.81205,70.99999999999999
1623,72.070145,72.0
1624,72.54678,72.0
1625,72.48714,73.00000000000001
1626,73.423874,73.00000000000001
1627,73.389275,74.0
1628,74.12364,74.0
1629,74.06526,74.0
1630,73.78005,74.99999999999999
1631,74.659035,74.99999999999999
1632,74.872635,76.0
1633,75.85343,76.0
1634,76.04126,76.0
1635,75.90898,76.0
1636,75.75049,74.0
1637,72.89903,70.99999999999999
1638,68.89139,70.99999999999999
1639,68.457825,70.0
1640,68.53546,69.00000000000001
1641,68.1443,66.99999999999999
1642,65.70128,66.0
1643,64.05161,64.0
1644,61.748955,63.0
1645,61.303303,63.0
1646,62.2382,63.0
1647,62.660168,64.0
1648,64.06741,64.0
1649,64.48169,65.0
1650,65.308395,64.0
1651,64.26075,64.0
1652,63.773342,64.0
1653,63.67063,65.0
1654,64.482735,64.0
1655,63.90234,64.0
1656,63.626648,64.0
1657,63.63503,64.0
1658,63.709724,64.0
1659,63.745842,64.0
1660,63.72838,64.0
1661,63.75006,63.0
1662,62.642467,63.0
1663,62.42118,62.0
1664,61.369064,62.0
1665,61.323093,63.0
1666,62.599583,63.0
1667,63.099586,63.0
1668,62.983402,64.0
1669,63.84025,66.0
1670,66.35249,66.99999999999999
1671,67.51617,66.0
1672,66.57277,66.0
1673,66.281075,66.0
1674,66.18861,66.99999999999999
1675,67.094124,66.0
1676,66.28102,66.99999999999999
1677,66.87701,66.99999999999999
1678,66.92005,68.0
1679,67.803024,68.0
1680,67.93771,68.0
1681,67.93212,68.0
1682,67.90235,69.00000000000001
1683,68.83822,69.00000000000001
1684,69.03211,69.00000000000001
1685,68.99616,70.0
1686,69.84793,70.0
1687,70.01372,70.99999999999999
1688,70.85594,70.99999999999999
1689,70.631,72.0
1690,71.73393,73.00000000000001
1691,72.99244,74.0
1692,74.42877,72.0
1693,71.69345,69.00000000000001
1694,68.181,68.0
1695,66.74084,68.0
1696,67.28841,69.00000000000001
1697,69.00313,69.00000000000001
1698,69.376495,69.00000000000001
1699,69.27383,68.0
1700,68.0707,68.0
1701,67.519714,66.99999999999999
1702,66.47153,66.0
1703,65.39552,66.0
1704,65.15264,65.0
1705,64.36512,66.0
1706,65.13429,66.0
1707,65.448814,66.99999999999999
1708,66.47464,66.99999999999999
1709,66.65845,66.99999999999999
1710,66.7864,66.99999999999999
1711,66.73075,68.0
1712,67.82456,66.99999999999999
1713,66.78235,66.99999999999999
1714,66.48767,66.0
1715,65.31413,65.0
1716,64.05087,65.0
1717,64.11659,66.0
1718,65.65285,66.0
1719,66.18384,66.0
1720,66.28408,66.0
1721,66.245026,66.99999999999999
1722,66.936295,68.0
1723,68.02905,69.00000000000001
1724,69.26697,69.00000000000001
1725,69.21965,69.00000000000001
1726,69.197784,70.0
1727,69.912636,70.0
1728,70.02783,70.99999999999999
1729,70.88394,70.99999999999999
1730,70.96935,70.99999999999999
1731,70.82502,70.99999999999999
1732,70.61824,70.99999999999999
1733,70.511406,70.99999999999999
1734,70.56318,70.0
1735,69.52437,70.99999999999999
1736,70.38919,72.0
1737,71.865166,70.0
1738,69.77775,69.00000000000001
1739,67.77641,68.0
1740,65.99606,68.0
1741,66.92942,66.99999999999999
1742,66.41802,66.99999999999999
1743,66.587036,66.99999999999999
1744,66.65018,66.99999999999999
1745,66.82817,66.0
1746,65.71443,65.0
1747,64.32933,65.0
1748,64.231,64.0
1749,63.459408,63.0
1750,62.535095,63.0
1751,62.333706,63.0
1752,62.428013,62.0
1753,61.591625,62.0
1754,61.51476,61.0
1755,60.628834,61.0
1756,60.430096,60.0
1757,59.455807,60.0
1758,59.35493,60.0
1759,59.46043,60.0
1760,59.62415,59.0
1761,58.567802,58.0
1762,57.187473,58.0
1763,57.252205,59.0
1764,58.720234,59.0
1765,59.184296,60.0
1766,60.2818,61.0
1767,61.48499,60.0
1768,60.49317,59.0
1769,58.970577,59.0
1770,58.56422,59.0
1771,58.58949,58.0
1772,57.977657,58.0
1773,57.70527,58.0
1774,57.593353,58.0
1775,57.704628,59.0
1776,58.746326,59.0
1777,58.975655,58.0
1778,58.012573,58.0
1779,57.730995,59.0
1780,58.646904,60.0
1781,59.965675,61.0
1782,61.191017,62.0
1783,62.23417,62.0
1784,62.2957,62.0
1785,62.19556,62.0
1786,61.971863,62.0
1787,61.987907,62.0
1788,61.828003,63.0
1789,63.129898,63.0
1790,63.15015,62.0
1791,62.16568,62.0
1792,61.856266,62.0
1793,61.784847,63.0
1794,62.8936,63.0
1795,63.08971,64.0
1796,63.9331,65.0
1797,64.89568,65.0
1798,64.8833,65.0
1799,64.863846,66.0
1800,65.637856,66.0
1801,65.76811,66.0
1802,65.79045,66.0
1803,65.85641,66.0
1804,65.76996,65.0
1805,64.77829,65.0
1806,64.62128,64.0
1807,63.54592,64.0
1808,63.41423,65.0
1809,64.7303,66.99999999999999
1810,67.42037,68.0
1811,69.21393,69.00000000000001
1812,70.02763,69.00000000000001
1813,69.52471,70.99999999999999
1814,71.38124,73.00000000000001
1815,73.48763,74.0
1816,74.81152,74.99999999999999
1817,75.82515,74.99999999999999
1818,75.71008,74.99999999999999
1819,75.23909,74.99999999999999
1820,74.93378,74.99999999999999
1821,74.342445,76.0
1822,75.43278,74.0
1823,74.04311,74.0
1824,72.980354,74.0
1825,73.08496,73.00000000000001
1826,72.29915,74.0
1827,72.98209,74.0
1828,73.01026,74.0
1829,73.22087,74.0
1830,73.47298,74.0
1831,73.4182,74.0
1832,73.380905,74.0
1833,73.52743,72.0
1834,70.87711,70.99999999999999
1835,69.18618,70.0
1836,68.33683,70.0
1837,68.94714,68.0
1838,67.44692,66.99999999999999
1839,66.39615,66.0
1840,65.363655,66.0
1841,65.318436,65.0
1842,64.615234,65.0
1843,64.65371,65.0
1844,64.49584,65.0
1845,64.58367,64.0
1846,63.741474,65.0
1847,64.308784,65.0
1848,64.68261,66.0
1849,65.69885,66.99999999999999
1850,66.82552,66.99999999999999
1851,67.008514,66.99999999999999
1852,66.971016,66.99999999999999
1853,66.74932,54.0
1854,53.470604,54.0
1855,50.75552,55.0
1856,52.758896,55.0
1857,54.598225,55.0
1858,56.749287,56.0
1859,57.764854,56.0
1860,56.44341,55.0
1861,54.162388,55.0
1862,54.534092,55.0
1863,54.57248,55.0
1864,54.856945,55.0
1865,54.953415,55.0
1866,55.01216,56.0
1867,56.008186,56.0
1868,56.173916,56.0
1869,56.150017,56.0
1870,55.957207,56.0
1871,55.956116,56.0
1872,55.975964,56.0
1873,55.95903,56.0
1874,56.00634,56.0
1875,56.02396,55.0
1876,54.804096,55.0
1877,54.601406,57.0
1878,56.489082,57.0
1879,57.222908,58.0
1880,58.30887,57.0
1881,57.047752,57.0
1882,56.511894,57.0
1883,56.4302,56.0
1884,55.414597,56.0
1885,55.270687,55.0
1886,54.434998,54.0
1887,53.371925,53.0
1888,52.32596,53.0
1889,52.303616,52.0
1890,51.51508,49.0
1891,47.96131,44.0
1892,41.585136,46.0
1893,43.546078,44.0
1894,43.150837,42.0
1895,41.36533,42.0
1896,41.29121,41.0
1897,40.585396,42.0
1898,41.84052,44.0
1899,44.581825,44.0
1900,44.926804,44.0
1901,44.264523,46.0
1902,46.25808,45.0
1903,45.29676,47.0
1904,47.14566,48.0
1905,49.17102,51.0
1906,53.105137,51.0
1907,52.850216,49.0
1908,48.92359,49.0
1909,47.803387,49.0
1910,48.064148,49.0
1911,48.54907,49.0
1912,48.949413,52.0
1913,51.621384,53.0
1914,53.223366,53.0
1915,53.684696,55.0
1916,55.026844,56.0
1917,56.453846,58.0
1918,58.407837,58.0
1919,58.82444,59.0
1920,59.502117,59.0
1921,59.528015,60.0
1922,60.21472,61.0
1923,61.26965,62.0
1924,62.400738,63.0
1925,63.437775,56.0
1926,56.246765,55.0
1927,53.304382,55.0
1928,53.206528,56.0
1929,55.3981,56.0
1930,57.443714,56.0
1931,57.2826,57.0
1932,56.94525,57.0
1933,56.130253,58.0
1934,57.622066,58.0
1935,58.065586,58.0
1936,57.981903,58.0
1937,57.864826,58.0
1938,57.840065,58.0
1939,57.76414,58.0
1940,57.799572,59.0
1941,58.82363,58.0
1942,58.094852,59.0
1943,58.728542,59.0
1944,58.859352,59.0
1945,59.13472,60.0
1946,60.059025,59.0
1947,59.299618,59.0
1948,58.976315,60.0
1949,59.85336,66.0
1950,65.65977,66.0
1951,66.63882,68.0
1952,68.58964,68.0
1953,68.662094,68.0
1954,68.02378,68.0
1955,67.349014,66.99999999999999
1956,66.30994,68.0
1957,67.68279,68.0
1958,68.06716,68.0
1959,68.13578,66.99999999999999
1960,66.91255,66.99999999999999
1961,66.74809,66.99999999999999
1962,66.63551,66.99999999999999
1963,66.69058,66.99999999999999
1964,66.66943,66.0
1965,65.675804,66.0
1966,65.44696,66.0
1967,65.4684,66.0
1968,65.58805,66.0
1969,65.68988,66.0
1970,65.67845,65.0
1971,64.53082,65.0
1972,64.34701,65.0
1973,64.27161,62.0
1974,61.21753,62.0
1975,60.745342,62.0
1976,61.014515,62.0
1977,61.370457,62.0
1978,61.851986,63.0
1979,63.165688,63.0
1980,63.11876,63.0
1981,62.753246,62.0
1982,61.756294,61.0
1983,60.38807,60.0
1984,59.1297,60.0
1985,59.24948,59.0
1986,58.48096,59.0
1987,58.320244,59.0
1988,58.484566,58.0
1989,57.7049,58.0
1990,57.393326,58.0
1991,57.49872,58.0
1992,57.58959,58.0
1993,57.662754,57.0
1994,56.84697,57.0
1995,56.671734,56.0
1996,55.803154,56.0
1997,55.573414,54.0
1998,53.54179,54.0
1999,53.35484,55.0
2000,54.47095,55.0
2001,55.06134,55.0
2002,55.15455,55.0
2003,55.020718,56.0
2004,55.91639,55.0
2005,54.948185,55.0
2006,54.63063,56.0
2007,55.668617,57.0
2008,57.02843,57.0
2009,57.249676,57.0
2010,57.046543,57.0
2011,56.823357,57.0
2012,56.784985,57.0
2013,56.85469,56.0
2014,55.941776,58.0
2015,57.4695,59.0
2016,59.143475,60.0
2017,60.202698,62.0
2018,62.52701,62.0
2019,62.793877,63.0
2020,63.50935,64.0
2021,64.60498,63.0
2022,63.45255,66.0
2023,66.17992,68.0
2024,68.67786,68.0
2025,68.72928,69.00000000000001
2026,69.44393,69.00000000000001
2027,69.391304,68.0
2028,67.51132,68.0
2029,67.17,66.99999999999999
2030,66.758064,66.99999999999999
2031,66.81135,65.0
2032,64.69941,65.0
2033,64.39131,65.0
2034,64.492615,66.0
2035,65.58576,65.0
2036,64.91496,66.0
2037,65.48515,66.0
2038,65.859856,66.0
2039,65.83541,66.0
2040,65.75207,66.0
2041,65.77341,66.0
2042,65.53078,66.0
2043,65.648605,66.99999999999999
2044,66.762146,66.0
2045,66.022545,70.0
2046,69.761246,68.0
2047,68.31442,66.99999999999999
2048,66.71622,65.0
2049,63.86481,64.0
2050,61.810837,63.0
2051,61.02119,61.0
2052,59.460896,60.0
2053,58.645172,59.0
2054,57.801018,59.0
2055,58.055904,58.0
2056,57.405346,57.0
2057,56.32216,56.0
2058,55.05478,55.0
2059,53.97252,54.0
2060,52.882824,52.0
2061,50.771034,51.0
2062,49.51871,49.0
2063,47.622963,46.0
2064,44.53134,44.0
2065,42.122837,42.0
2066,40.101734,40.0
2067,38.28495,39.0
2068,37.57793,39.0
2069,38.03456,84.0
2070,79.51275,82.99999999999999
2071,81.605705,82.99999999999999
2072,85.61397,82.0
2073,83.50814,81.00000000000001
2074,78.5763,81.00000000000001
2075,77.17483,82.0
2076,80.55041,82.0
2077,82.661,82.99999999999999
2078,83.8446,82.99999999999999
2079,82.90081,82.99999999999999
2080,82.41083,82.99999999999999
2081,82.225655,82.99999999999999
2082,82.439575,82.99999999999999
2083,82.67072,82.99999999999999
2084,82.51047,81.00000000000001
2085,80.65444,80.0
2086,79.393875,78.99999999999999
2087,78.250145,78.0
2088,77.54293,77.00000000000001
2089,76.535194,76.0
2090,75.34403,76.0
2091,75.32039,76.0
2092,75.405624,76.0
2093,75.49495,57.0
2094,55.01655,57.0
2095,49.49055,58.0
2096,54.042965,58.0
2097,57.382652,59.0
2098,61.843613,60.0
2099,63.053123,61.0
2100,61.298306,62.0
2101,60.662262,62.0
2102,61.906837,63.0
2103,62.772823,63.0
2104,62.79851,64.0
2105,63.990173,63.0
2106,62.994038,64.0
2107,63.608772,64.0
2108,63.758846,63.0
2109,62.8842,63.0
2110,62.50044,62.0
2111,61.784744,62.0
2112,61.554573,62.0
2113,61.602165,62.0
2114,61.690617,62.0
2115,61.73437,62.0
2116,61.82298,61.0
2117,60.718243,76.0
2118,74.028496,74.99999999999999
2119,74.74061,74.99999999999999
2120,76.18088,72.0
2121,72.06648,69.00000000000001
2122,64.79059,66.99999999999999
2123,61.8079,66.0
2124,63.02383,65.0
2125,63.498146,65.0
2126,64.36453,64.0
2127,63.736034,64.0
2128,63.565254,64.0
2129,63.514236,64.0
2130,63.32534,64.0
2131,63.223164,64.0
2132,63.270077,64.0
2133,63.340725,64.0
2134,63.34335,64.0
2135,63.494503,63.0
2136,62.66398,62.0
2137,61.531296,61.0
2138,60.318306,60.0
2139,59.109287,60.0
2140,59.099445,58.0
2141,57.33434,52.0
2142,51.004684,52.0
2143,49.59855,51.0
2144,49.14819,51.0
2145,50.197918,52.0
2146,51.913925,53.0
2147,53.39654,53.0
2148,53.597366,54.0
2149,54.180725,54.0
2150,54.16448,55.0
2151,54.8836,55.0
2152,54.983364,56.0
2153,56.004936,56.0
2154,56.16175,56.0
2155,56.0997,56.0
2156,56.025085,56.0
2157,55.859913,57.0
2158,56.823547,58.0
2159,57.986927,59.0
2160,59.112423,59.0
2161,59.581024,60.0
2162,60.465305,60.0
2163,60.451065,61.0
2164,61.135536,62.0
2165,62.21901,63.0
2166,63.436,64.0
2167,64.49233,64.0
2168,64.45476,64.0
2169,64.34188,64.0
2170,63.889744,63.0
2171,62.38983,63.0
2172,61.83586,63.0
2173,62.18636,62.0
2174,61.494904,62.0
2175,61.61723,61.0
2176,60.785324,62.0
2177,61.699017,62.0
2178,61.929104,62.0
2179,61.86011,62.0
2180,61.788383,62.0
2181,61.53123,61.0
2182,60.637028,61.0
2183,60.452522,60.0
2184,59.56616,60.0
2185,59.49705,60.0
2186,59.575645,60.0
2187,59.77011,59.0
2188,58.93018,59.0
2189,58.762646,60.0
2190,59.84476,60.0
2191,60.048824,61.0
2192,61.020187,61.0
2193,60.79286,62.0
2194,61.809395,64.0
2195,64.83953,65.0
2196,66.53489,66.0
2197,67.17351,66.99999999999999
2198,67.66855,68.0
2199,68.519264,68.0
2200,68.32978,68.0
2201,68.005066,68.0
2202,67.859116,66.99999999999999
2203,66.82447,66.99999999999999
2204,66.56327,66.99999999999999
2205,66.428566,66.99999999999999
2206,66.38014,68.0
2207,67.34911,68.0
2208,67.79699,68.0
2209,67.78616,68.0
2210,67.76467,68.0
2211,67.896225,66.99999999999999
2212,67.01084,66.99999999999999
2213,66.73959,66.0
2214,65.66991,66.0
2215,65.525055,65.0
2216,64.47157,66.0
2217,65.335495,65.0
2218,64.494026,65.0
2219,64.484,65.0
2220,64.472725,65.0
2221,64.6275,65.0
2222,64.819984,64.0
2223,63.900227,65.0
2224,64.7489,65.0
2225,64.92698,66.0
2226,65.91689,66.0
2227,66.14995,66.99999999999999
2228,66.98403,66.99999999999999
2229,66.97478,66.99999999999999
2230,66.880905,66.99999999999999
2231,66.76405,66.99999999999999
2232,66.7429,66.99999999999999
2233,66.7318,66.99999999999999
2234,66.72744,66.99999999999999
2235,66.807686,66.99999999999999
2236,66.937775,66.99999999999999
2237,66.97423,66.99999999999999
2238,66.933136,66.99999999999999
2239,66.84663,66.99999999999999
2240,66.55622,66.99999999999999
2241,66.69245,66.99999999999999
2242,66.44458,66.99999999999999
2243,66.49418,66.99999999999999
2244,66.66244,66.99999999999999
2245,66.79528,66.99999999999999
2246,66.77705,66.99999999999999
2247,66.79394,66.99999999999999
2248,66.705956,66.99999999999999
2249,66.82495,66.0
2250,65.91256,66.0
2251,65.60926,66.0
2252,65.50566,66.0
2253,65.57079,65.0
2254,64.77952,64.0
2255,63.64422,64.0
2256,63.394215,63.0
2257,62.542564,63.0
2258,62.4514,63.0
2259,62.574856,63.0
2260,62.78798,63.0
2261,62.906914,64.0
2262,63.810585,64.0
2263,64.01975,64.0
2264,63.842873,63.0
2265,62.720577,64.0
2266,63.59187,64.0
2267,63.698524,64.0
2268,63.961487,63.0
2269,62.863243,63.0
2270,62.722237,63.0
2271,62.775135,63.0
2272,62.80205,64.0
2273,63.947445,65.0
2274,65.15945,65.0
2275,65.35953,65.0
2276,65.262,65.0
2277,65.09678,66.0
2278,65.85189,66.0
2279,66.0594,66.99999999999999
2280,67.01647,66.0
2281,66.16803,66.0
2282,65.83367,66.99999999999999
2283,66.68138,66.99999999999999
2284,66.89139,68.0
2285,67.88832,69.00000000000001
2286,69.102936,69.00000000000001
2287,69.13055,70.99999999999999
2288,71.045296,73.00000000000001
2289,73.50164,74.0
2290,74.752304,74.99999999999999
2291,75.82141,76.0
2292,76.68819,76.0
2293,76.48899,77.00000000000001
2294,77.33731,78.0
2295,78.31528,78.0
2296,78.30411,77.00000000000001
2297,77.15723,77.00000000000001
2298,76.765755,77.00000000000001
2299,76.73802,77.00000000000001
2300,76.89205,78.0
2301,77.680534,78.0
2302,77.79576,78.99999999999999
2303,78.700485,78.99999999999999
2304,78.93711,80.0
2305,79.77845,81.00000000000001
2306,80.84894,81.00000000000001
2307,81.06211,81.00000000000001
2308,81.220024,80.0
2309,79.64555,80.0
2310,79.285904,80.0
2311,79.169235,78.0
2312,76.61867,76.0
2313,74.37728,74.99999999999999
2314,72.905716,74.99999999999999
2315,73.51447,74.99999999999999
2316,74.55275,74.99999999999999
2317,74.86402,76.0
2318,76.01401,77.00000000000001
2319,77.08962,77.00000000000001
2320,77.05386,77.00000000000001
2321,76.89061,77.00000000000001
2322,76.75274,77.00000000000001
2323,76.70289,78.0
2324,77.57867,77.00000000000001
2325,76.92454,78.0
2326,77.70069,78.0
2327,77.91398,78.99999999999999
2328,78.65809,80.0
2329,79.5782,80.0
2330,79.886444,82.0
2331,81.734795,82.99999999999999
2332,83.41694,84.0
2333,84.63417,84.0
2334,84.6659,84.0
2335,84.04908,82.99999999999999
2336,82.67111,82.99999999999999
2337,82.185875,82.0
2338,80.99826,82.0
2339,81.181564,81.00000000000001
2340,80.044914,80.0
2341,78.8116,80.0
2342,78.953316,78.0
2343,77.191765,78.0
2344,76.82329,78.99999999999999
2345,78.1608,78.99999999999999
2346,78.585846,78.99999999999999
2347,78.61372,78.99999999999999
2348,78.60897,78.99999999999999
2349,78.53205,80.0
2350,79.24137,80.0
2351,80.005844,80.0
2352,80.169464,78.99999999999999
2353,79.04163,78.99999999999999
2354,78.406235,77.00000000000001
2355,76.19254,76.0
2356,74.93655,74.99999999999999
2357,74.14419,76.0
2358,75.32528,76.0
2359,75.68957,77.00000000000001
2360,76.97384,77.00000000000001
2361,77.05806,77.00000000000001
2362,76.77227,77.00000000000001
2363,76.13866,77.00000000000001
2364,75.96549,77.00000000000001
2365,76.23993,77.00000000000001
2366,76.458244,77.00000000000001
2367,76.494675,78.0
2368,77.526146,77.00000000000001
2369,76.5732,77.00000000000001
2370,76.33892,74.99999999999999
2371,74.39532,74.99999999999999
2372,73.98883,74.99999999999999
2373,74.21395,73.00000000000001
2374,72.4902,73.00000000000001
2375,72.11051,72.0
2376,70.94498,73.00000000000001
2377,72.201225,72.0
2378,71.83187,73.00000000000001
2379,72.76975,73.00000000000001
2380,73.09464,73.00000000000001
2381,73.0598,73.00000000000001
2382,72.99722,73.00000000000001
2383,72.817726,73.00000000000001
2384,72.55697,73.00000000000001
2385,72.61395,73.00000000000001
2386,72.65753,74.0
2387,73.80792,74.0
2388,73.96284,74.99999999999999
2389,75.007645,74.99999999999999
2390,75.001915,74.99999999999999
2391,74.757385,74.99999999999999
2392,74.732155,74.0
2393,73.65894,74.99999999999999
2394,74.44171,77.00000000000001
2395,76.485596,78.0
2396,77.93617,78.99999999999999
2397,79.29224,78.99999999999999
2398,79.51556,78.99999999999999
2399,79.03542,78.0
2400,77.72649,78.99999999999999
2401,78.316696,78.99999999999999
2402,78.73571,78.99999999999999
2403,78.67592,78.99999999999999
2404,78.72164,78.99999999999999
2405,78.69169,78.99999999999999
2406,78.74937,78.99999999999999
2407,78.712616,78.99999999999999
2408,78.691536,78.0
2409,77.500626,78.0
2410,77.21179,77.00000000000001
2411,76.05973,77.00000000000001
2412,75.9103,76.0
2413,75.18202,76.0
2414,75.207855,74.99999999999999
2415,74.23373,74.99999999999999
2416,74.26476,76.0
2417,75.34107,74.99999999999999
2418,74.67928,74.0
2419,73.280716,74.0
2420,73.243675,73.00000000000001
2421,72.29546,74.0
2422,73.32181,73.00000000000001
2423,72.82374,72.0
2424,71.66008,70.99999999999999
2425,70.42352,70.0
2426,69.19737,69.00000000000001
2427,68.12883,69.00000000000001
2428,68.19833,68.0
2429,67.24074,68.0
2430,67.29463,68.0
2431,67.31641,68.0
2432,67.48912,68.0
2433,67.613625,69.00000000000001
2434,68.732025,69.00000000000001
2435,69.03635,69.00000000000001
2436,68.66251,69.00000000000001
2437,68.447845,69.00000000000001
2438,68.39377,69.00000000000001
2439,68.52258,69.00000000000001
2440,68.52514,69.00000000000001
2441,68.60269,69.00000000000001
2442,68.765366,66.99999999999999
2443,66.81338,65.0
2444,64.41449,65.0
2445,64.09329,64.0
2446,63.30329,63.0
2447,62.38711,64.0
2448,63.18707,64.0
2449,63.752342,64.0
2450,63.865158,63.0
2451,62.77562,63.0
2452,62.378193,64.0
2453,63.450172,64.0
2454,63.746517,64.0
2455,63.723648,65.0
2456,64.78318,65.0
2457,65.02398,65.0
2458,64.96739,65.0
2459,64.7027,64.0
2460,63.34884,64.0
2461,63.28567,63.0
2462,62.601532,63.0
2463,62.58568,61.0
2464,60.627796,60.0
2465,59.124203,60.0
2466,59.17278,61.0
2467,60.510605,62.0
2468,61.95534,62.0
2469,62.01585,62.0
2470,62.134136,62.0
2471,61.982254,61.0
2472,60.703026,61.0
2473,60.486042,61.0
2474,60.533577,61.0
2475,60.74601,60.0
2476,59.788486,58.0
2477,57.51199,56.0
2478,55.04305,57.0
2479,55.766575,56.0
2480,55.326977,55.0
2481,54.349487,54.0
2482,53.366325,54.0
2483,53.284367,54.0
2484,53.59393,55.0
2485,55.184917,56.0
2486,56.651882,55.0
2487,55.433693,56.0
2488,56.070183,56.0
2489,56.037323,55.0
2490,54.900402,55.0
2491,54.752228,54.0
2492,53.656994,54.0
2493,53.496025,54.0
2494,53.503937,54.0
2495,53.638905,54.0
2496,53.742596,54.0
2497,53.818523,54.0
2498,53.87307,54.0
2499,53.80583,55.0
2500,54.80718,55.0
2501,55.09811,55.0
2502,55.06863,56.0
2503,55.97713,56.0
2504,56.10731,56.0
2505,56.03084,57.0
2506,56.99307,57.0
2507,57.162205,56.0
2508,55.817074,55.0
2509,54.70443,54.0
2510,53.50659,54.0
2511,53.602314,55.0
2512,54.79902,55.0
2513,55.078983,55.0
2514,55.09629,55.0
2515,54.96593,55.0
2516,54.795685,55.0
2517,54.712337,55.0
2518,54.767956,55.0
2519,54.81477,55.0
2520,54.7666,54.0
2521,53.85915,54.0
2522,53.59417,54.0
2523,53.574112,54.0
2524,53.66683,54.0
2525,53.72826,54.0
2526,53.760414,53.0
2527,52.6448,52.0
2528,51.465748,51.0
2529,50.28517,52.0
2530,51.316814,54.0
2531,54.116547,56.0
2532,57.111088,57.0
2533,58.27647,58.0
2534,58.974262,58.0
2535,58.576927,58.0
2536,58.22396,58.0
2537,58.139484,57.0
2538,57.100777,58.0
2539,57.77471,57.0
2540,56.991978,57.0
2541,56.85984,58.0
2542,57.908707,58.0
2543,58.168427,58.0
2544,58.087734,59.0
2545,58.862724,59.0
2546,58.870537,59.0
2547,58.920097,59.0
2548,58.871025,60.0
2549,59.735886,61.0
2550,61.02886,61.0
2551,61.097088,62.0
2552,61.95394,62.0
2553,61.96821,61.0
2554,60.452847,61.0
2555,60.04238,59.0
2556,57.679092,58.0
2557,56.81208,57.0
2558,55.98385,56.0
2559,55.168015,56.0
2560,55.460865,56.0
2561,55.90187,56.0
2562,56.005173,56.0
2563,55.767227,56.0
2564,55.71418,55.0
2565,54.80378,55.0
2566,54.55001,55.0
2567,54.434433,55.0
2568,54.52726,54.0
2569,53.644367,55.0
2570,54.480015,55.0
2571,54.741936,55.0
2572,54.837173,54.0
2573,53.81304,54.0
2574,53.541348,53.0
2575,52.6489,52.0
2576,51.50303,51.0
2577,50.297783,52.0
2578,51.229374,52.0
2579,52.128483,52.0
2580,52.451645,52.0
2581,51.91725,52.0
2582,51.725307,51.0
2583,50.755665,51.0
2584,50.412086,52.0
2585,51.72926,48.0
2586,47.769707,48.0
2587,46.745987,50.0
2588,48.953247,51.0
2589,50.968693,51.0
2590,51.433628,51.0
2591,51.410156,51.0
2592,51.2053,51.0
2593,50.94658,50.0
2594,49.747265,50.0
2595,49.560234,52.0
2596,51.807404,52.0
2597,52.361046,47.0
2598,46.751923,50.0
2599,48.87134,51.0
2600,50.97012,51.0
2601,51.74619,51.0
2602,51.828697,52.0
2603,52.676758,53.0
2604,53.929806,53.0
2605,53.543476,54.0
2606,54.271206,55.0
2607,55.373524,55.0
2608,55.295513,56.0
2609,56.15772,57.0
2610,57.155712,58.0
2611,58.27557,59.0
2612,59.305164,59.0
2613,59.458088,59.0
2614,59.71055,60.0
2615,60.16702,60.0
2616,60.471302,60.0
2617,60.50884,60.0
2618,60.33046,60.0
2619,60.101326,61.0
2620,60.964012,61.0
2621,60.86501,64.0
2622,64.18587,65.0
2623,65.60994,65.0
2624,65.43585,66.0
2625,66.109024,66.0
2626,65.8143,66.0
2627,65.74229,66.0
2628,65.82792,66.0
2629,65.784096,66.99999999999999
2630,66.982574,66.99999999999999
2631,66.80759,66.99999999999999
2632,66.77458,66.99999999999999
2633,66.363434,66.0
2634,65.29504,68.0
2635,66.70065,66.0
2636,65.79128,66.0
2637,65.29997,65.0
2638,64.65527,66.0
2639,65.0496,66.0
2640,65.55716,66.99999999999999
2641,67.03211,66.99999999999999
2642,67.52628,66.0
2643,66.36745,66.0
2644,65.8104,66.0
2645,65.76232,60.0
2646,59.41402,60.0
2647,57.978733,61.0
2648,59.482777,61.0
2649,61.14241,62.0
2650,63.20112,62.0
2651,62.632942,62.0
2652,61.259766,62.0
2653,60.823345,63.0
2654,62.62121,64.0
2655,64.056526,63.0
2656,63.194004,63.0
2657,62.892292,63.0
2658,62.883305,63.0
2659,62.7339,63.0
2660,62.74324,64.0
2661,63.653934,64.0
2662,64.041176,63.0
2663,63.2852,62.0
2664,61.86948,61.0
2665,60.151474,61.0
2666,60.262234,61.0
2667,60.472157,61.0
2668,60.591404,61.0
2669,60.757812,64.0
2670,63.973316,62.0
2671,62.30186,59.0
2672,58.410507,57.0
2673,54.921078,57.0
2674,54.84149,56.0
2675,54.99616,55.0
2676,54.428345,54.0
2677,53.386333,52.0
2678,51.20367,52.0
2679,50.8366,51.0
2680,50.127842,51.0
2681,50.21343,52.0
2682,51.452007,50.0
2683,49.923088,49.0
2684,48.451015,48.0
2685,47.287647,46.0
2686,45.394062,47.0
2687,45.87459,46.0
2688,45.713516,45.0
2689,44.757927,45.0
2690,44.40164,43.0
2691,42.565586,42.0
2692,41.1868,39.0
2693,38.03169,55.0
2694,55.73755,56.0
2695,59.572556,62.0
2696,65.79033,68.0
2697,72.92152,73.00000000000001
2698,78.58256,74.0
2699,77.04752,74.99999999999999
2700,74.595566,74.99999999999999
2701,73.92017,74.99999999999999
2702,74.37975,76.0
2703,75.71762,76.0
2704,76.096275,77.00000000000001
2705,77.377594,77.00000000000001
2706,77.34678,77.00000000000001
2707,76.97319,78.0
2708,77.82082,78.0
2709,77.91501,78.99999999999999
2710,78.83547,78.99999999999999
2711,78.85165,80.0
2712,79.740036,84.0
2713,83.21535,86.0
2714,86.22276,86.99999999999999
2715,88.24525,88.0
2716,88.79184,92.0
2717,92.13431,63.0
2718,59.407516,63.0
2719,49.63585,64.0
2720,57.173306,64.0
2721,62.03855,64.0
2722,64.70963,64.0
2723,65.98265,64.0
2724,64.8948,65.0
2725,64.51454,65.0
2726,64.44284,65.0
2727,64.41791,65.0
2728,64.40328,65.0
2729,64.503105,65.0
2730,64.65742,65.0
2731,64.86462,65.0
2732,64.826515,65.0
2733,64.71051,65.0
2734,64.727455,63.0
2735,62.8312,62.0
2736,61.235863,60.0
2737,59.275528,59.0
2738,58.10316,58.0
2739,57.127792,57.0
2740,56.239784,57.0
2741,56.227406,65.0
2742,63.862095,63.0
2743,63.68975,61.0
2744,61.52578,60.0
2745,59.274975,59.0
2746,57.00792,60.0
2747,58.704224,61.0
2748,61.42474,62.0
2749,63.06406,63.0
2750,63.4649,63.0
2751,63.329052,64.0
2752,64.093796,65.0
2753,65.11246,66.0
2754,66.13443,66.0
2755,66.12988,66.99999999999999
2756,66.91509,66.99999999999999
2757,67.01698,66.99999999999999
2758,66.91321,66.99999999999999
2759,66.78211,66.99999999999999
2760,66.75518,68.0
2761,67.39219,68.0
2762,67.67977,68.0
2763,67.996574,69.00000000000001
2764,68.89191,70.99999999999999
2765,70.904175,42.0
2766,43.998558,41.0
2767,35.11073,42.0
2768,35.339264,44.0
2769,40.52429,45.0
2770,45.730904,49.0
2771,54.1835,49.0
2772,52.548756,51.0
2773,52.265785,52.0
2774,52.194004,52.0
2775,51.999893,53.0
2776,52.670048,54.0
2777,53.871895,55.0
2778,55.362057,55.0
2779,55.68928,56.0
2780,56.50981,57.0
2781,57.552883,59.0
2782,59.615158,60.0
2783,60.751305,62.0
2784,62.543106,63.0
2785,63.86395,63.0
2786,63.780098,64.0
2787,64.4386,65.0
2788,65.34469,66.0
2789,66.30862,74.99999999999999
2790,74.978065,74.99999999999999
2791,75.62506,74.0
2792,74.6077,74.0
2793,73.832794,73.00000000000001
2794,71.73902,73.00000000000001
2795,71.469284,73.00000000000001
2796,72.43907,73.00000000000001
2797,72.93093,73.00000000000001
2798,73.15396,74.0
2799,74.09871,74.0
2800,74.0206,74.0
2801,73.86353,74.99999999999999
2802,74.88233,76.0
2803,76.334694,77.00000000000001
2804,77.47136,78.99999999999999
2805,79.440315,80.0
2806,80.59205,81.00000000000001
2807,81.6188,82.99999999999999
2808,83.47054,84.0
2809,84.70516,85.00000000000001
2810,85.88777,86.99999999999999
2811,87.87272,88.0
2812,88.92618,89.00000000000001
2813,89.50179,61.0
2814,60.497025,60.0
2815,53.01842,60.0
2816,53.19791,59.0
2817,55.75072,58.0
2818,59.60568,58.0
2819,59.601536,57.0
2820,53.21554,56.0
2821,49.498756,56.0
2822,51.819366,56.0
2823,54.684975,56.0
2824,55.430973,56.0
2825,55.763336,55.0
2826,54.88833,54.0
2827,53.876244,54.0
2828,53.733547,54.0
2829,53.587082,53.0
2830,52.774902,53.0
2831,52.728256,53.0
2832,52.795937,53.0
2833,52.76204,52.0
2834,51.763023,52.0
2835,51.539635,53.0
2836,52.608,54.0
2837,53.94498,54.0
2838,54.295387,54.0
2839,54.043934,54.0
2840,53.873177,54.0
2841,53.69099,55.0
2842,55.050053,55.0
2843,55.427204,55.0
2844,54.926456,56.0
2845,55.88328,56.0
2846,56.010807,57.0
2847,56.94174,57.0
2848,56.96925,58.0
2849,57.957497,58.0
2850,57.998558,58.0
2851,57.909428,58.0
2852,57.824097,59.0
2853,58.869625,58.0
2854,58.05697,58.0
2855,57.80188,57.0
2856,56.750694,58.0
2857,57.63384,58.0
2858,57.83488,57.0
2859,56.811764,57.0
2860,56.672504,57.0
2861,56.69999,51.0
2862,50.2983,52.0
2863,50.32583,53.0
2864,52.24795,53.0
2865,53.043846,54.0
2866,54.387787,54.0
2867,54.496872,55.0
2868,55.417923,55.0
2869,54.91355,56.0
2870,55.96128,56.0
2871,56.053307,56.0
2872,55.947845,55.0
2873,54.82247,55.0
2874,54.48379,56.0
2875,55.49831,57.0
2876,56.75234,57.0
2877,57.238956,57.0
2878,57.12922,57.0
2879,56.994865,57.0
2880,56.855606,58.0
2881,57.880814,58.0
2882,58.182484,59.0
2883,59.166306,59.0
2884,59.21513,59.0
2885,59.046936,60.0
2886,60.07901,62.0
2887,62.31849,64.0
2888,64.71116,64.0
2889,64.772285,64.0
2890,64.18311,65.0
2891,64.42535,66.0
2892,66.20515,65.0
2893,65.161575,64.0
2894,63.54774,64.0
2895,63.530643,64.0
2896,63.67737,65.0
2897,64.89292,65.0
2898,65.040634,65.0
2899,64.85046,64.0
2900,63.60546,64.0
2901,63.350864,64.0
2902,63.3695,63.0
2903,62.555107,62.0
2904,61.464085,62.0
2905,61.37885,61.0
2906,60.403984,61.0
2907,60.208782,61.0
2908,60.330112,60.0
2909,59.351933,60.0
2910,59.253773,59.0
2911,58.1664,57.0
2912,56.149498,57.0
2913,55.866203,56.0
2914,55.10268,55.0
2915,54.185192,54.0
2916,53.311638,55.0
2917,54.619858,56.0
2918,56.37471,56.0
2919,56.309204,56.0
2920,56.179283,56.0
2921,55.838394,56.0
2922,55.638268,55.0
2923,54.63657,55.0
2924,54.569443,55.0
2925,54.605507,55.0
2926,54.643658,56.0
2927,55.607544,56.0
2928,55.96932,56.0
2929,56.041965,56.0
2930,55.957294,55.0
2931,54.972,55.0
2932,54.690643,55.0
2933,54.6826,55.0
2934,54.637043,55.0
2935,54.769554,54.0
2936,53.820362,55.0
2937,54.5014,55.0
2938,55.021664,55.0
2939,55.20806,55.0
2940,54.933136,55.0
2941,54.800827,57.0
2942,57.090656,60.0
2943,60.4026,62.0
2944,63.02861,63.0
2945,64.00361,63.0
2946,63.736607,62.0
2947,62.320984,63.0
2948,62.79106,64.0
2949,63.965195,64.0
2950,64.21606,64.0
2951,64.09363,65.0
2952,64.91061,65.0
2953,65.00965,65.0
2954,64.95153,65.0
2955,64.803894,66.0
2956,65.55323,66.99999999999999
2957,66.59351,66.99999999999999
2958,66.7805,66.99999999999999
2959,66.86463,69.00000000000001
2960,68.73202,69.00000000000001
2961,69.19419,69.00000000000001
2962,68.98826,69.00000000000001
2963,68.57189,68.0
2964,67.22012,69.00000000000001
2965,68.186966,68.0
2966,67.52364,64.0
2967,63.397945,63.0
2968,61.604317,62.0
2969,60.81246,63.0
2970,62.10647,64.0
2971,63.70976,64.0
2972,64.19353,64.0
2973,64.14771,64.0
2974,63.89375,63.0
2975,62.91917,63.0
2976,62.669724,63.0
2977,62.63142,64.0
2978,63.590347,64.0
2979,63.829727,64.0
2980,63.82521,65.0
2981,64.86643,65.0
2982,64.98695,65.0
2983,64.842224,65.0
2984,64.70194,65.0
2985,64.68755,65.0
2986,64.79812,64.0
2987,63.622227,64.0
2988,63.400806,63.0
2989,62.374096,62.0
2990,61.352394,61.0
2991,60.204037,60.0
2992,59.05323,60.0
2993,59.036995,59.0
2994,58.378254,58.0
2995,57.29164,57.0
2996,56.2174,56.0
2997,55.048,56.0
2998,54.975437,56.0
2999,55.180614,55.0
3000,54.504265,55.0
3001,54.390095,54.0
3002,53.529064,53.0
3003,52.380833,53.0
3004,52.24585,52.0
3005,51.354797,52.0
3006,51.32589,49.0
3007,48.34224,46.0
3008,44.71108,45.0
3009,42.79262,44.0
3010,42.6054,45.0
3011,45.132767,45.0
3012,46.0403,45.0
3013,45.82741,46.0
3014,46.692017,46.0
3015,46.58774,47.0
3016,47.356056,49.0
3017,49.415142,50.0
3018,50.853195,51.0
3019,51.623383,52.0
3020,52.498653,53.0
3021,53.33755,53.0
3022,53.19194,53.0
3023,52.90971,53.0
3024,52.97719,53.0
3025,52.977646,52.0
3026,51.923126,52.0
3027,51.495262,52.0
3028,51.634136,51.0
3029,50.596085,49.0
3030,48.327194,48.0
3031,46.811844,48.0
3032,46.997547,45.0
3033,44.18108,45.0
3034,43.87659,47.0
3035,46.90392,47.0
3036,47.933327,45.0
3037,45.030045,45.0
3038,44.215992,44.0
3039,43.117012,43.0
3040,41.820633,42.0
3041,41.01644,41.0
3042,40.096252,39.0
3043,38.017178,37.0
3044,35.962677,35.0
3045,33.591763,35.0
3046,33.847656,36.0
3047,35.521324,36.0
3048,36.283657,38.0
3049,38.69034,40.0
3050,41.213757,41.0
3051,42.393234,41.0
3052,42.028187,43.0
3053,43.452538,45.0
3054,45.59015,47.0
3055,47.926197,48.0
3056,49.18752,49.0
3057,50.071594,50.0
3058,50.757427,48.0
3059,48.49864,50.0
3060,49.725082,51.0
3061,51.102955,52.0
3062,52.407925,53.0
3063,53.745506,54.0
3064,54.75058,54.0
3065,54.689816,54.0
3066,54.431885,55.0
3067,55.17291,55.0
3068,55.206707,55.0
3069,55.19316,54.0
3070,54.19551,55.0
3071,54.703712,55.0
3072,54.867077,55.0
3073,54.906574,55.0
3074,54.840652,55.0
3075,54.728455,55.0
3076,54.749355,55.0
3077,54.9018,55.0
3078,54.90408,55.0
3079,55.065968,55.0
3080,55.2843,56.0
3081,56.25472,56.0
3082,56.195198,56.0
3083,56.125603,57.0
3084,57.205765,56.0
3085,55.936375,56.0
3086,55.63015,56.0
3087,55.76223,56.0
3088,55.84044,56.0
3089,55.743206,55.0
3090,54.785084,55.0
3091,54.700787,55.0
3092,54.821983,55.0
3093,54.931812,55.0
3094,54.883232,55.0
3095,54.70779,55.0
3096,54.60877,55.0
3097,54.73204,55.0
3098,54.799644,55.0
3099,54.773468,56.0
3100,55.65727,57.0
3101,56.856636,58.0
3102,58.144436,58.0
3103,58.242474,58.0
3104,58.1916,58.0
3105,58.042038,58.0
3106,58.063274,59.0
3107,59.04617,59.0
3108,59.227234,60.0
3109,60.13208,60.0
3110,60.245567,60.0
3111,59.895363,61.0
3112,60.546093,62.0
3113,62.223324,62.0
3114,62.33181,62.0
3115,62.12018,62.0
3116,61.92737,62.0
3117,61.814186,61.0
3118,60.726105,62.0
3119,61.40701,62.0
3120,61.598675,63.0
3121,62.606552,63.0
3122,62.864483,64.0
3123,63.94231,64.0
3124,64.08974,65.0
3125,65.129715,65.0
3126,65.0746,66.0
3127,65.96722,66.0
3128,66.207275,65.0
3129,65.25832,65.0
3130,64.988335,64.0
3131,63.702297,64.0
3132,63.227894,63.0
3133,61.997658,63.0
3134,62.16421,63.0
3135,62.492256,62.0
3136,61.623047,62.0
3137,61.489506,63.0
3138,62.567207,63.0
3139,62.847694,63.0
3140,62.868477,63.0
3141,62.781025,64.0
3142,63.486496,64.0
3143,63.80102,63.0
3144,62.92746,63.0
3145,62.589046,61.0
3146,60.70434,60.0
3147,59.39463,59.0
3148,58.3525,58.0
3149,57.39729,57.0
3150,56.382072,56.0
3151,55.42501,56.0
3152,55.437923,56.0
3153,55.702103,56.0
3154,55.948257,56.0
3155,56.286358,56.0
3156,56.100098,57.0
3157,56.93139,56.0
3158,56.16274,56.0
3159,55.84709,56.0
3160,55.815414,56.0
3161,55.827778,56.0
3162,55.834354,56.0
3163,55.87376,56.0
3164,55.863388,57.0
3165,56.833008,56.0
3166,56.229134,56.0
3167,56.00526,56.0
3168,55.927116,57.0
3169,56.7084,57.0
3170,57.041737,57.0
3171,57.088512,58.0
3172,58.057644,58.0
3173,58.223885,58.0
3174,58.134228,59.0
3175,58.9859,59.0
3176,59.14257,60.0
3177,60.074738,60.0
3178,60.174915,61.0
3179,61.20654,61.0
3180,61.206078,61.0
3181,61.032055,62.0
3182,62.065147,62.0
3183,62.207935,61.0
3184,61.144722,61.0
3185,60.865685,61.0
3186,60.817635,61.0
3187,60.801704,60.0
3188,59.87617,60.0
3189,59.5731,60.0
3190,59.567226,59.0
3191,58.744022,60.0
3192,59.457325,59.0
3193,58.850723,59.0
3194,58.818195,59.0
3195,58.89743,60.0
3196,59.78931,60.0
3197,59.916992,61.0
3198,60.984344,61.0
3199,61.163548,61.0
3200,61.06945,61.0
3201,61.01642,61.0
3202,60.8724,61.0
3203,60.947937,61.0
3204,60.906494,61.0
3205,60.89377,61.0
3206,60.932304,61.0
3207,60.91086,62.0
3208,61.93135,62.0
3209,62.121704,62.0
3210,62.097706,62.0
3211,62.01112,62.0
3212,62.02867,63.0
3213,62.885303,63.0
3214,62.91562,63.0
3215,62.863125,64.0
3216,63.70711,64.0
3217,63.919636,64.0
3218,63.90694,63.0
3219,62.922718,63.0
3220,62.650017,62.0
3221,61.747234,61.0
3222,60.56275,61.0
3223,60.438652,60.0
3224,59.51396,61.0
3225,60.497746,61.0
3226,60.82295,61.0
3227,60.873646,62.0
3228,61.901028,63.0
3229,63.171043,64.0
3230,64.374146,64.0
3231,64.26281,65.0
3232,64.971695,66.0
3233,66.026596,66.0
3234,66.25358,66.99999999999999
3235,67.23945,68.0
3236,68.2407,69.00000000000001
3237,69.24046,69.00000000000001
3238,69.347435,70.0
3239,70.09026,70.0
3240,70.10365,70.99999999999999
3241,70.94348,72.0
3242,71.983604,73.00000000000001
3243,73.157135,73.00000000000001
3244,73.3379,74.0
3245,74.152756,74.99999999999999
3246,75.163315,76.0
3247,76.255775,77.00000000000001
3248,77.33103,78.0
3249,78.15618,78.99999999999999
3250,79.10394,80.0
3251,80.24999,80.0
3252,80.12928,80.0
3253,79.54627,80.0
3254,79.55839,81.00000000000001
3255,80.83762,81.00000000000001
3256,80.94001,81.00000000000001
3257,80.92102,81.00000000000001
3258,80.72799,80.0
3259,79.60394,80.0
3260,79.449196,78.99999999999999
3261,78.52213,78.99999999999999
3262,78.45617,78.99999999999999
3263,78.49761,78.99999999999999
3264,78.58893,78.99999999999999
3265,78.671425,78.99999999999999
3266,78.64152,78.99999999999999
3267,78.71116,78.99999999999999
3268,78.62346,78.99999999999999
3269,78.519585,80.0
3270,79.4095,80.0
3271,79.765205,80.0
3272,79.96261,78.99999999999999
3273,78.875984,78.0
3274,77.14143,77.00000000000001
3275,75.85427,77.00000000000001
3276,75.971985,76.0
3277,75.29911,74.99999999999999
3278,74.45646,74.0
3279,73.45337,73.00000000000001
3280,72.29203,73.00000000000001
3281,72.27314,72.0
3282,71.45575,73.00000000000001
3283,72.34015,73.00000000000001
3284,72.7306,73.00000000000001
3285,72.8339,73.00000000000001
3286,72.710144,73.00000000000001
3287,72.46595,72.0
3288,71.48825,72.0
3289,71.30551,70.99999999999999
3290,70.42691,70.99999999999999
3291,70.322395,70.0
3292,69.50699,70.0
3293,69.416275,68.0
3294,67.60763,66.0
3295,65.33918,65.0
3296,64.01343,65.0
3297,63.99856,64.0
3298,63.394894,63.0
3299,62.50697,62.0
3300,61.35213,61.0
3301,60.329395,61.0
3302,60.292603,60.0
3303,59.5438,60.0
3304,59.528343,60.0
3305,59.62594,59.0
3306,58.753075,59.0
3307,58.5163,60.0
3308,59.47314,60.0
3309,59.797276,59.0
3310,59.008217,59.0
3311,58.751656,60.0
3312,59.556675,59.0
3313,59.09929,59.0
3314,58.960552,59.0
3315,58.913883,59.0
3316,58.947006,58.0
3317,58.12852,53.0
3318,52.77563,54.0
3319,52.587105,54.0
3320,53.14886,55.0
3321,54.789253,55.0
3322,55.351006,55.0
3323,55.370735,55.0
3324,55.189014,55.0
3325,54.95254,56.0
3326,56.00309,56.0
3327,56.254364,57.0
3328,57.21193,57.0
3329,57.24844,58.0
3330,57.96309,58.0
3331,58.05934,58.0
3332,57.9703,57.0
3333,56.998566,57.0
3334,56.801792,57.0
3335,56.847313,58.0
3336,57.835777,57.0
3337,57.12084,57.0
3338,56.86849,57.0
3339,56.814823,57.0
3340,56.765327,57.0
3341,56.792973,60.0
3342,59.955017,59.0
3343,59.312237,59.0
3344,58.85592,60.0
3345,59.71394,60.0
3346,59.885544,59.0
3347,58.66795,59.0
3348,58.389233,59.0
3349,58.4823,60.0
3350,59.79603,60.0
3351,60.00555,60.0
3352,59.909092,62.0
3353,61.81264,61.0
3354,61.069336,61.0
3355,60.753662,60.0
3356,59.769318,60.0
3357,59.70587,60.0
3358,59.72891,61.0
3359,60.650135,61.0
3360,60.937687,61.0
3361,61.10339,61.0
3362,60.917896,61.0
3363,60.889713,60.0
3364,59.841984,60.0
3365,59.51272,66.0
3366,65.66481,66.0
3367,66.61086,66.0
3368,66.4871,66.0
3369,65.97229,66.0
3370,65.2884,66.0
3371,65.15464,66.0
3372,65.729034,66.99999999999999
3373,67.30471,66.99999999999999
3374,66.984535,66.0
3375,65.70992,66.0
3376,65.49879,65.0
3377,64.29249,64.0
3378,63.09932,62.0
3379,61.35175,63.0
3380,61.887066,62.0
3381,61.636997,61.0
3382,60.467487,60.0
3383,59.2523,59.0
3384,58.300426,59.0
3385,58.064198,59.0
3386,58.350895,59.0
3387,58.61516,60.0
3388,59.78489,60.0
3389,60.190468,61.0
3390,61.08841,60.0
3391,60.194065,60.0
3392,59.61537,59.0
3393,58.194668,58.0
3394,56.63023,57.0
3395,55.531834,57.0
3396,56.13229,57.0
3397,56.76876,56.0
3398,55.619907,56.0
3399,55.63827,56.0
3400,55.79534,56.0
3401,55.85611,56.0
3402,55.808865,55.0
3403,55.09477,56.0
3404,55.626972,55.0
3405,55.145485,55.0
3406,54.808804,55.0
3407,54.83134,55.0
3408,54.91686,56.0
3409,55.908543,56.0
3410,56.09544,56.0
3411,56.086185,57.0
3412,57.036247,57.0
3413,57.00251,37.0
3414,38.629158,39.0
3415,34.90023,43.0
3416,39.054794,46.0
3417,44.999374,46.0
3418,47.70838,49.0
3419,51.867558,49.0
3420,51.01006,51.0
3421,51.93972,52.0
3422,52.869564,51.0
3423,51.452408,49.0
3424,48.676014,49.0
3425,48.0992,49.0
3426,48.387573,52.0
3427,51.643562,53.0
3428,53.55461,53.0
3429,53.844044,53.0
3430,53.645527,52.0
3431,52.570213,52.0
3432,52.060417,52.0
3433,51.910427,52.0
3434,51.92296,52.0
3435,51.906162,52.0
3436,51.899845,52.0
3437,51.856018,94.99999999999999
3438,88.20227,94.99999999999999
3439,90.35512,89.00000000000001
3440,90.566956,84.0
3441,84.20662,78.99999999999999
3442,73.92729,77.00000000000001
3443,70.39619,76.0
3444,72.411644,76.0
3445,74.57636,74.99999999999999
3446,74.679596,74.99999999999999
3447,74.9181,74.99999999999999
3448,74.671104,76.0
3449,75.40744,76.0
3450,75.26306,74.99999999999999
3451,73.94666,74.99999999999999
3452,73.8482,74.99999999999999
3453,73.77767,74.0
3454,72.84265,74.0
3455,72.892006,74.0
3456,73.18259,69.00000000000001
3457,68.466034,69.00000000000001
3458,67.481606,68.0
3459,66.82944,66.99999999999999
3460,65.89566,64.0
3461,62.974705,57.0
3462,55.470097,57.0
3463,54.438477,57.0
3464,55.418243,57.0
3465,56.867825,56.0
3466,56.642563,56.0
3467,56.128376,56.0
3468,55.30105,55.0
3469,54.002945,55.0
3470,54.069496,54.0
3471,53.140724,54.0
3472,53.46093,54.0
3473,53.568096,53.0
3474,52.674095,53.0
3475,52.58291,53.0
3476,52.78767,53.0
3477,52.836746,53.0
3478,52.861423,53.0
3479,52.970604,54.0
3480,54.032845,54.0
3481,54.19028,55.0
3482,55.081852,55.0
3483,55.27949,56.0
3484,56.105965,57.0
3485,57.253735,73.00000000000001
3486,70.71259,74.0
3487,73.59413,77.00000000000001
3488,78.015785,78.99999999999999
3489,80.52112,81.00000000000001
3490,82.60788,82.99999999999999
3491,83.984276,82.99999999999999
3492,83.233246,82.99999999999999
3493,82.80232,82.99999999999999
3494,82.73017,82.99999999999999
3495,82.747604,84.0
3496,83.54095,84.0
3497,84.02483,82.99999999999999
3498,82.97842,82.99999999999999
3499,82.5805,82.0
3500,81.564285,82.0
3501,81.2012,82.0
3502,81.22776,82.0
3503,81.68639,81.00000000000001
3504,80.91765,81.00000000000001
3505,80.600975,80.0
3506,79.29991,80.0
3507,79.08688,78.99999999999999
3508,78.092995,77.00000000000001
3509,75.56499,66.99999999999999
3510,64.192535,69.00000000000001
3511,65.393036,70.0
3512,68.6248,70.0
3513,70.36362,70.99999999999999
3514,72.049126,70.99999999999999
3515,71.46198,72.0
3516,71.77824,73.00000000000001
3517,72.552444,74.0
3518,73.92576,76.0
3519,75.88764,77.00000000000001
3520,76.95756,77.00000000000001
3521,77.2083,78.0
3522,78.042694,78.99999999999999
3523,78.90733,80.0
3524,79.923256,78.99999999999999
3525,78.94496,78.99999999999999
3526,78.97346,78.0
3527,77.82898,77.00000000000001
3528,76.51251,76.0
3529,75.244804,76.0
3530,75.483574,74.99999999999999
3531,74.43002,73.00000000000001
3532,72.20686,70.99999999999999
3533,69.08587,90.0
3534,87.418846,90.99999999999999
3535,88.73275,92.0
3536,92.11625,93.00000000000001
3537,93.561615,94.00000000000001
3538,92.98458,94.99999999999999
3539,93.478195,96.0
3540,95.43817,96.0
3541,95.90943,96.0
3542,95.32467,97.00000000000001
3543,96.26689,98.00000000000001
3544,97.21491,98.99999999999999
3545,98.21618,98.99999999999999
3546,98.83546,98.99999999999999
3547,98.88096,98.99999999999999
3548,98.734184,98.99999999999999
3549,98.46622,98.99999999999999
3550,98.02745,100.0
3551,98.4441,98.99999999999999
3552,97.69964,98.99999999999999
3553,97.52991,98.99999999999999
3554,97.30629,98.99999999999999
3555,97.31474,98.99999999999999
3556,97.43496,108.0
3557,106.42095,53.0
3558,48.275127,52.0
3559,33.228558,52.0
3560,38.830704,53.0
3561,47.891495,54.0
3562,57.007454,54.0
3563,59.675343,54.0
3564,52.093422,55.0
3565,45.362984,55.0
3566,51.37843,55.0
3567,53.648186,55.0
3568,54.522255,55.0
3569,55.033424,56.0
3570,56.487026,56.0
3571,56.68086,56.0
3572,56.399048,56.0
3573,56.105743,56.0
3574,56.037506,55.0
3575,54.89254,57.0
3576,56.622272,58.0
3577,58.305622,58.0
3578,58.459053,59.0
3579,59.209896,59.0
3580,59.15141,59.0
3581,58.9389,58.0
3582,57.692703,57.0
3583,56.446804,57.0
3584,56.33495,57.0
3585,56.778328,57.0
3586,57.243645,57.0
3587,56.868507,56.0
3588,55.06707,56.0
3589,55.140614,56.0
3590,55.50118,55.0
3591,54.524563,55.0
3592,54.44288,54.0
3593,53.683266,53.0
3594,52.5983,52.0
3595,51.611618,52.0
3596,51.509266,50.0
3597,49.72869,49.0
3598,48.65878,49.0
3599,48.169945,49.0
3600,48.329315,49.0
3601,48.724327,51.0
3602,51.09365,51.0
3603,51.684555,49.0
3604,49.352997,49.0
3605,48.491295,63.0
3606,62.314323,63.0
3607,63.319336,63.0
3608,63.893177,62.0
3609,61.440193,62.0
3610,60.236645,60.0
3611,58.054028,60.0
3612,58.236378,59.0
3613,57.981003,58.0
3614,57.238773,57.0
3615,56.210915,57.0
3616,56.353535,57.0
3617,56.434544,57.0
3618,56.560596,57.0
3619,56.682346,57.0
3620,56.684063,58.0
3621,57.757168,57.0
3622,57.228848,58.0
3623,57.995625,59.0
3624,59.085293,59.0
3625,59.28902,60.0
3626,60.23937,61.0
3627,61.274662,62.0
3628,62.27502,62.0
3629,62.29644,62.0
3630,62.06329,63.0
3631,63.027607,64.0
3632,64.22159,66.0
3633,66.426414,68.0
3634,68.812584,69.00000000000001
3635,70.12036,69.00000000000001
3636,69.744514,69.00000000000001
3637,68.72896,68.0
3638,67.67207,66.99999999999999
3639,66.40668,66.99999999999999
3640,66.349594,66.99999999999999
3641,66.60783,66.0
3642,65.80116,65.0
3643,64.47526,65.0
3644,64.01561,65.0
3645,64.23498,65.0
3646,64.59037,63.0
3647,62.57642,63.0
3648,62.134605,62.0
3649,61.239742,61.0
3650,60.0199,60.0
3651,58.886925,58.0
3652,56.734577,59.0
3653,57.90612,58.0
3654,57.29235,57.0
3655,56.02041,56.0
3656,54.824677,53.0
3657,51.518955,48.0
3658,45.875034,45.0
3659,41.533928,44.0
3660,41.42936,44.0
3661,43.511894,45.0
3662,45.313313,47.0
3663,48.06091,48.0
3664,49.073616,49.0
3665,49.607403,48.0
3666,48.160595,49.0
3667,48.39372,46.0
3668,46.009724,46.0
3669,45.415623,47.0
3670,46.356007,50.0
3671,49.495888,50.0
3672,50.709526,52.0
3673,52.573933,52.0
3674,52.739456,53.0
3675,53.2375,53.0
3676,52.830715,52.0
3677,51.89078,52.0
3678,51.743298,53.0
3679,52.99701,54.0
3680,54.45785,55.0
3681,55.826164,57.0
3682,58.13304,58.0
3683,59.29937,60.0
3684,61.42041,61.0
3685,62.041515,62.0
3686,62.80132,63.0
3687,63.608925,64.0
3688,64.46429,66.0
3689,66.36858,66.99999999999999
3690,67.648705,68.0
3691,68.6058,69.00000000000001
3692,69.54889,70.0
3693,70.57343,70.0
3694,70.56362,69.00000000000001
3695,69.32242,69.00000000000001
3696,68.805336,69.00000000000001
3697,68.68548,69.00000000000001
3698,68.68569,69.00000000000001
3699,68.49223,69.00000000000001
3700,68.683464,70.0
3701,69.74097,70.0
3702,69.89481,69.00000000000001
3703,68.623955,69.00000000000001
3704,68.33034,69.00000000000001
3705,68.30496,68.0
3706,67.05126,66.0
3707,64.39135,66.0
3708,64.24675,66.0
3709,65.05866,65.0
3710,64.364044,63.0
3711,62.100983,61.0
3712,59.7135,59.0
3713,57.59294,57.0
3714,55.714607,57.0
3715,55.838524,57.0
3716,56.235367,56.0
3717,55.321377,58.0
3718,57.00918,58.0
3719,57.71519,58.0
3720,58.001003,58.0
3721,58.05681,57.0
3722,57.055912,56.0
3723,55.83244,56.0
3724,55.543163,56.0
3725,55.708817,55.0
3726,54.785477,55.0
3727,54.58065,56.0
3728,55.738255,57.0
3729,57.04609,58.0
3730,58.353165,59.0
3731,59.57299,59.0
3732,59.56382,58.0
3733,58.01761,58.0
3734,57.249454,60.0
3735,59.995686,61.0
3736,61.49184,63.0
3737,63.676933,63.0
3738,63.762444,64.0
3739,64.24302,63.0
3740,63.31332,63.0
3741,62.77471,62.0
3742,61.80761,62.0
3743,61.702667,62.0
3744,61.611248,63.0
3745,62.60006,63.0
3746,62.85175,64.0
3747,63.8352,64.0
3748,64.12413,65.0
3749,65.13747,65.0
3750,65.196106,64.0
3751,64.11655,63.0
3752,62.460712,63.0
3753,62.188286,63.0
3754,62.448143,63.0
3755,62.537098,64.0
3756,63.87603,64.0
3757,64.10237,65.0
3758,65.15389,65.0
3759,65.1512,64.0
3760,64.12287,62.0
3761,61.73019,62.0
3762,61.31147,61.0
3763,60.290466,62.0
3764,61.5423,62.0
3765,61.95146,61.0
3766,61.086525,61.0
3767,60.70527,61.0
3768,60.63089,60.0
3769,59.71991,60.0
3770,59.50466,59.0
3771,58.480892,58.0
3772,57.35473,58.0
3773,57.318768,57.0
3774,56.52514,57.0
3775,56.440334,56.0
3776,55.51395,55.0
3777,54.2929,54.0
3778,53.150307,52.0
3779,50.687973,49.0
3780,46.91366,47.0
3781,44.69736,44.0
3782,42.172802,42.0
3783,40.392117,42.0
3784,41.112003,40.0
3785,39.83786,40.0
3786,39.61789,40.0
3787,39.83486,42.0
3788,41.964737,40.0
3789,40.784363,41.0
3790,41.087097,40.0
3791,40.178776,39.0
3792,38.833374,39.0
3793,38.540478,38.0
3794,37.73027,38.0
3795,37.670494,38.0
3796,37.890385,40.0
3797,40.25332,43.0
3798,44.150345,47.0
3799,49.001072,51.0
3800,53.5497,53.0
3801,55.448524,53.0
3802,54.45039,54.0
3803,54.207134,54.0
3804,53.56175,55.0
3805,54.844524,55.0
3806,55.2343,55.0
3807,55.196785,55.0
3808,55.13463,55.0
3809,55.075565,55.0
3810,55.05172,55.0
3811,54.956676,55.0
3812,54.743427,55.0
3813,54.765278,55.0
3814,54.82342,56.0
3815,55.873985,56.0
3816,56.095867,56.0
3817,55.96362,57.0
3818,56.807114,57.0
3819,57.018696,58.0
3820,57.97593,58.0
3821,58.11493,58.0
3822,58.015465,57.0
3823,56.950184,56.0
3824,55.604885,54.0
3825,53.28324,54.0
3826,52.86221,54.0
3827,53.275463,55.0
3828,55.01094,54.0
3829,54.119545,54.0
3830,53.758804,54.0
3831,53.680164,55.0
3832,54.79475,55.0
3833,55.04629,56.0
3834,56.050922,57.0
3835,57.31224,57.0
3836,57.39903,59.0
3837,59.187252,60.0
3838,60.360035,61.0
3839,61.448036,62.0
3840,62.436237,63.0
3841,63.32575,64.0
3842,64.35845,65.0
3843,65.33624,66.0
3844,66.440155,66.99999999999999
3845,67.48469,68.0
3846,68.57096,69.00000000000001
3847,69.52193,70.0
3848,70.44316,72.0
3849,72.515915,73.00000000000001
3850,73.8701,73.00000000000001
3851,73.72832,73.00000000000001
3852,73.19665,73.00000000000001
3853,72.86687,74.0
3854,73.84458,74.0
3855,73.90468,74.99999999999999
3856,74.7222,74.99999999999999
3857,74.99105,74.99999999999999
3858,74.78639,74.99999999999999
3859,74.54319,74.0
3860,73.52626,74.0
3861,73.491135,73.00000000000001
3862,72.35183,74.0
3863,73.22578,74.0
3864,73.5348,73.00000000000001
3865,72.74586,72.0
3866,71.63974,72.0
3867,71.5395,70.99999999999999
3868,70.72063,70.0
3869,69.44919,70.0
3870,69.416824,70.0
3871,69.50279,70.99999999999999
3872,70.80407,70.99999999999999
3873,71.09938,70.99999999999999
3874,70.97248,70.99999999999999
3875,70.61091,73.00000000000001
3876,73.01358,73.00000000000001
3877,73.41174,74.0
3878,74.567665,74.0
3879,74.12309,74.99999999999999
3880,74.919975,76.0
3881,76.03977,76.0
3882,76.05201,77.00000000000001
3883,76.929184,77.00000000000001
3884,76.96775,77.00000000000001
3885,77.07519,77.00000000000001
3886,76.82384,77.00000000000001
3887,76.98621,76.0
3888,75.85057,76.0
3889,75.6907,76.0
3890,75.89168,76.0
3891,75.62894,76.0
3892,75.643936,77.00000000000001
3893,76.59043,77.00000000000001
3894,76.803764,77.00000000000001
3895,76.66803,78.0
3896,77.66381,78.0
3897,77.772606,78.0
3898,77.73898,78.99999999999999
3899,78.73739,78.0
3900,77.44043,78.0
3901,77.50908,77.00000000000001
3902,76.39601,77.00000000000001
3903,76.24592,76.0
3904,75.3704,74.99999999999999
3905,74.30658,74.99999999999999
3906,74.20657,74.99999999999999
3907,74.556,74.99999999999999
3908,74.611115,74.99999999999999
3909,74.73927,74.0
3910,73.74136,74.0
3911,73.49627,74.99999999999999
3912,74.714554,74.99999999999999
3913,75.01625,76.0
3914,75.97866,76.0
3915,76.08032,76.0
3916,75.842064,76.0
3917,75.66041,76.0
3918,75.55306,74.99999999999999
3919,74.46177,74.99999999999999
3920,74.28572,74.0
3921,73.287,74.0
3922,73.18279,73.00000000000001
3923,72.02039,73.00000000000001
3924,72.19518,73.00000000000001
3925,72.509895,72.0
3926,71.48687,76.0
3927,75.383644,78.0
3928,78.11599,78.0
3929,78.75155,76.0
3930,76.338264,76.0
3931,75.6407,74.99999999999999
3932,74.39401,74.0
3933,73.22913,74.99999999999999
3934,74.08508,74.99999999999999
3935,74.72008,74.0
3936,73.7628,74.0
3937,73.474976,73.00000000000001
3938,72.53096,73.00000000000001
3939,72.37063,72.0
3940,71.30111,72.0
3941,71.27595,72.0
3942,71.40058,72.0
3943,71.54944,72.0
3944,71.59792,72.0
3945,71.68549,73.00000000000001
3946,72.85057,72.0
3947,71.765045,72.0
3948,71.37162,72.0
3949,71.395386,72.0
3950,71.595924,66.99999999999999
3951,65.56094,65.0
3952,62.76153,65.0
3953,63.21208,66.0
3954,65.172195,66.0
3955,65.98653,66.99999999999999
3956,66.77886,66.99999999999999
3957,67.00303,68.0
3958,67.791885,66.99999999999999
3959,67.24194,66.99999999999999
3960,66.951675,66.0
3961,65.87172,66.99999999999999
3962,66.568596,66.99999999999999
3963,66.72643,66.99999999999999
3964,66.788666,66.0
3965,65.689255,66.0
3966,65.38326,65.0
3967,64.35182,66.0
3968,65.37686,66.0
3969,65.84082,65.0
3970,64.623695,65.0
3971,64.30166,66.0
3972,65.65017,66.0
3973,65.9417,66.0
3974,66.02396,66.99999999999999
3975,66.96688,68.0
3976,68.02449,66.99999999999999
3977,67.19373,66.0
3978,65.83172,66.99999999999999
3979,66.48119,66.99999999999999
3980,66.71182,66.0
3981,65.703606,64.0
3982,63.83219,64.0
3983,63.25976,63.0
3984,62.320744,63.0
3985,62.304268,63.0
3986,62.472073,62.0
3987,61.60682,62.0
3988,61.38077,61.0
3989,60.4252,60.0
3990,59.2029,60.0
3991,59.010105,59.0
3992,58.237595,57.0
3993,55.977894,56.0
3994,54.48588,55.0
3995,53.308907,54.0
3996,52.59868,53.0
3997,51.902554,52.0
3998,51.161,52.0
3999,51.330025,51.0
4000,50.540146,51.0
4001,50.383366,52.0
4002,51.468998,52.0
4003,51.80747,51.0
4004,50.9277,51.0
4005,50.730194,51.0
4006,50.765743,52.0
4007,51.642235,52.0
4008,51.986366,53.0
4009,53.01194,53.0
4010,53.198048,53.0
4011,53.169846,53.0
4012,52.94787,54.0
4013,53.905727,56.0
4014,56.330276,57.0
4015,57.58637,56.0
4016,56.610664,56.0
4017,55.941505,56.0
4018,55.669224,56.0
4019,55.331482,56.0
4020,55.798492,56.0
4021,55.875767,57.0
4022,56.91401,56.0
4023,55.798557,56.0
4024,55.445553,56.0
4025,55.45228,57.0
4026,56.65632,56.0
4027,55.910515,56.0
4028,55.800915,55.0
4029,54.861713,55.0
4030,54.592716,56.0
4031,55.493526,56.0
4032,55.765057,56.0
4033,55.87373,56.0
4034,56.03422,57.0
4035,56.9713,57.0
4036,57.20217,56.0
4037,56.058754,55.0
4038,54.72199,55.0
4039,54.09711,57.0
4040,56.60678,59.0
4041,59.669403,59.0
4042,60.78313,60.0
4043,61.13189,60.0
4044,60.156586,60.0
4045,59.147957,59.0
4046,58.22666,59.0
4047,58.266262,58.0
4048,57.39499,58.0
4049,57.388573,57.0
4050,56.709213,58.0
4051,57.46276,59.0
4052,58.767536,60.0
4053,59.9424,61.0
4054,61.029373,61.0
4055,61.156124,60.0
4056,60.03778,61.0
4057,60.554348,61.0
4058,60.87278,61.0
4059,61.054012,62.0
4060,62.077183,62.0
4061,62.29403,58.0
4062,58.142612,58.0
4063,57.169975,58.0
4064,56.886574,58.0
4065,57.87838,57.0
4066,57.273727,57.0
4067,56.803307,58.0
4068,57.86975,58.0
4069,58.105625,58.0
4070,57.95232,58.0
4071,57.972565,57.0
4072,56.930676,57.0
4073,56.629196,57.0
4074,56.693504,56.0
4075,55.820194,56.0
4076,55.714317,56.0
4077,55.857864,56.0
4078,55.826427,56.0
4079,55.845818,56.0
4080,55.897976,56.0
4081,55.95409,57.0
4082,56.846016,57.0
4083,57.03041,56.0
4084,56.034637,55.0
4085,54.676777,60.0
4086,59.656464,59.0
4087,59.65227,59.0
4088,59.232018,58.0
4089,57.636692,59.0
4090,58.180637,59.0
4091,58.544533,59.0
4092,58.729153,59.0
4093,58.772957,58.0
4094,57.54819,58.0
4095,57.33511,57.0
4096,56.391754,56.0
4097,55.22299,57.0
4098,56.26844,57.0
4099,56.764965,57.0
4100,56.748623,57.0
4101,56.835583,56.0
4102,56.119415,57.0
4103,56.51377,57.0
4104,56.79782,57.0
4105,57.065994,57.0
4106,57.005272,57.0
4107,56.97723,58.0
4108,57.88079,58.0
4109,57.98214,61.0
4110,61.26207,61.0
4111,61.65681,60.0
4112,60.275566,61.0
4113,60.6718,63.0
4114,62.903965,63.0
4115,63.502327,63.0
4116,63.40855,62.0
4117,61.537212,62.0
4118,61.29704,61.0
4119,60.733345,61.0
4120,60.729473,61.0
4121,60.760326,61.0
4122,60.65072,62.0
4123,61.552807,61.0
4124,60.8846,61.0
4125,60.858192,62.0
4126,61.407913,63.0
4127,62.605064,63.0
4128,62.750145,64.0
4129,63.927612,63.0
4130,63.37711,62.0
4131,62.02744,61.0
4132,60.488213,60.0
4133,59.180016,58.0
4134,57.025307,58.0
4135,56.953735,59.0
4136,58.43593,59.0
4137,58.95901,59.0
4138,59.27656,60.0
4139,60.00134,60.0
4140,59.788525,60.0
4141,59.73976,60.0
4142,59.649895,60.0
4143,59.618332,59.0
4144,58.68549,60.0
4145,59.47505,59.0
4146,58.816452,59.0
4147,58.789955,59.0
4148,58.607067,60.0
4149,59.643475,59.0
4150,59.09619,60.0
4151,59.849445,60.0
4152,60.027405,60.0
4153,59.93419,60.0
4154,59.954384,60.0
4155,59.906036,60.0
4156,59.858646,59.0
4157,58.879875,52.0
4158,51.602657,49.0
4159,47.14372,48.0
4160,45.892456,45.0
4161,43.520756,43.0
4162,41.79472,42.0
4163,41.35551,41.0
4164,40.45878,40.0
4165,39.17787,39.0
4166,38.647793,40.0
4167,39.97479,40.0
4168,40.40833,39.0
4169,39.56971,39.0
4170,39.406662,36.0
4171,36.961067,33.0
4172,33.89371,32.0
4173,32.2277,33.0
4174,32.51865,36.0
4175,35.410236,37.0
4176,37.55506,39.0
4177,39.856647,40.0
4178,41.17099,41.0
4179,42.130753,43.0
4180,43.934963,44.0
4181,44.937458,62.0
4182,61.479034,62.0
4183,62.678814,62.0
4184,63.188133,63.0
4185,63.588608,63.0
4186,62.883915,64.0
4187,63.49669,66.0
4188,66.33909,66.99999999999999
4189,67.823685,68.0
4190,68.93006,68.0
4191,68.60892,68.0
4192,68.093864,66.99999999999999
4193,66.94783,68.0
4194,67.51201,68.0
4195,67.88342,68.0
4196,67.74631,68.0
4197,67.80441,68.0
4198,67.68752,68.0
4199,67.68846,66.99999999999999
4200,66.60636,68.0
4201,67.34601,69.00000000000001
4202,68.8293,70.0
4203,70.05796,70.0
4204,70.18347,69.00000000000001
4205,69.04299,58.0
4206,57.92528,58.0
4207,55.0438,58.0
4208,55.859303,59.0
4209,58.182293,60.0
4210,61.062305,60.0
4211,61.748478,61.0
4212,61.37834,61.0
4213,60.86602,61.0
4214,60.877316,61.0
4215,60.619823,60.0
4216,59.52019,60.0
4217,59.534504,60.0
4218,59.71189,60.0
4219,59.797485,60.0
4220,59.847755,59.0
4221,58.958385,59.0
4222,58.467,59.0
4223,58.45071,59.0
4224,58.781044,59.0
4225,58.844894,59.0
4226,58.770023,58.0
4227,57.859093,58.0
4228,57.67467,58.0
4229,57.705387,74.99999999999999
4230,72.796455,72.0
4231,71.260735,69.00000000000001
4232,68.95147,66.99999999999999
4233,66.06142,66.0
4234,64.48271,65.0
4235,63.486828,65.0
4236,63.69764,64.0
4237,63.249985,64.0
4238,63.579567,64.0
4239,63.784306,64.0
4240,63.875893,63.0
4241,62.908867,64.0
4242,63.55405,63.0
4243,63.009914,63.0
4244,62.62104,63.0
4245,62.660564,63.0
4246,62.614098,63.0
4247,62.63805,63.0
4248,62.681866,63.0
4249,62.67071,62.0
4250,61.755566,62.0
4251,61.482887,61.0
4252,60.479797,61.0
4253,60.26936,69.00000000000001
4254,67.328026,68.0
4255,68.1992,66.99999999999999
4256,67.53231,66.99999999999999
4257,66.553345,65.0
4258,63.021793,65.0
4259,62.159916,64.0
4260,62.28328,63.0
4261,62.123966,62.0
4262,60.877567,60.0
4263,59.014893,59.0
4264,58.145653,59.0
4265,58.145817,58.0
4266,57.07489,57.0
4267,56.48127,57.0
4268,56.62282,57.0
4269,56.788277,57.0
4270,56.858402,57.0
4271,57.015118,56.0
4272,56.308887,55.0
4273,55.002922,55.0
4274,54.688377,55.0
4275,54.637447,55.0
4276,54.860123,56.0
4277,55.869102,114.99999999999999
4278,107.27134,118.00000000000001
4279,111.28057,122.00000000000001
4280,122.92573,132.0
4281,137.39029,135.0
4282,139.37144,141.0
4283,139.37701,145.0
4284,145.06131,146.00000000000003
4285,145.42627,144.0
4286,141.78036,137.0
4287,131.81815,143.0
4288,137.97656,133.0
4289,127.23506,130.00000000000003
4290,125.0893,128.0
4291,123.2713,132.0
4292,127.887665,132.0
4293,128.60915,130.00000000000003
4294,127.22147,125.00000000000001
4295,122.01417,118.00000000000001
4296,110.950714,113.00000000000001
4297,103.44165,110.99999999999999
4298,106.833305,105.00000000000001
4299,102.74702,98.99999999999999
4300,94.50644,97.00000000000001
4301,93.05191,59.0
4302,53.11931,60.0
4303,46.176216,60.0
4304,52.190693,59.0
4305,57.477844,59.0
4306,61.236942,59.0
4307,62.310402,59.0
4308,59.751457,59.0
4309,57.455315,59.0
4310,57.667038,59.0
4311,57.76698,59.0
4312,58.395878,58.0
4313,57.67137,58.0
4314,57.676395,57.0
4315,56.68457,57.0
4316,56.450005,57.0
4317,56.63531,58.0
4318,57.785652,58.0
4319,57.797607,57.0
4320,56.833267,57.0
4321,56.612656,57.0
4322,56.5504,56.0
4323,55.73817,55.0
4324,54.457165,55.0
4325,54.35118,45.0
4326,43.89244,44.0
4327,40.723587,43.0
4328,40.512333,42.0
4329,40.984325,42.0
4330,42.19722,41.0
4331,41.57413,42.0
4332,42.492516,42.0
4333,42.497726,43.0
4334,43.428505,49.0
4335,50.572735,52.0
4336,54.83397,52.0
4337,54.076405,52.0
4338,52.499283,53.0
4339,52.758156,53.0
4340,52.96188,53.0
4341,53.15007,54.0
4342,54.112606,54.0
4343,54.36012,55.0
4344,55.391838,55.0
4345,55.410427,55.0
4346,55.097683,55.0
4347,54.93424,56.0
4348,55.83299,57.0
4349,57.280113,78.0
4350,75.334465,78.0
4351,77.13959,78.0
4352,78.9176,78.0
4353,78.96284,78.0
4354,78.370026,77.00000000000001
4355,76.060326,77.00000000000001
4356,75.39686,77.00000000000001
4357,76.25024,78.0
4358,77.79807,78.99999999999999
4359,78.50982,80.0
4360,79.70102,80.0
4361,80.04089,80.0
4362,79.72617,78.99999999999999
4363,78.68474,78.0
4364,77.5776,78.0
4365,77.39086,77.00000000000001
4366,76.607346,76.0
4367,75.53205,74.99999999999999
4368,74.41453,74.99999999999999
4369,74.176125,73.00000000000001
4370,72.39843,72.0
4371,71.31294,70.99999999999999
4372,70.351746,70.99999999999999
4373,70.435356,70.0
4374,69.539925,69.00000000000001
4375,68.40733,69.00000000000001
4376,68.2115,69.00000000000001
4377,68.357346,69.00000000000001
4378,68.506966,69.00000000000001
4379,68.629196,69.00000000000001
4380,68.56161,69.00000000000001
4381,68.588036,68.0
4382,67.495186,66.0
4383,65.31047,64.0
4384,62.90537,63.0
4385,61.88777,62.0
4386,61.088562,62.0
4387,61.197834,62.0
4388,61.449425,62.0
4389,61.597164,62.0
4390,61.72014,62.0
4391,61.76578,63.0
4392,62.57714,62.0
4393,62.121716,63.0
4394,62.929268,63.0
4395,63.182877,64.0
4396,64.17988,64.0
4397,64.169044,65.0
4398,65.089264,65.0
4399,65.21158,66.0
4400,66.13128,66.99999999999999
4401,67.28988,66.99999999999999
4402,67.342896,66.99999999999999
4403,66.834274,66.99999999999999
4404,66.46548,66.99999999999999
4405,66.4643,66.99999999999999
4406,66.77869,66.99999999999999
4407,66.840004,68.0
4408,67.7529,69.00000000000001
4409,68.947205,69.00000000000001
4410,69.07025,69.00000000000001
4411,68.85523,69.00000000000001
4412,68.68544,70.0
4413,69.4633,70.99999999999999
4414,70.45719,70.99999999999999
4415,70.67197,70.99999999999999
4416,70.96637,72.0
4417,71.82046,73.00000000000001
4418,73.05146,74.0
4419,74.30936,74.99999999999999
4420,75.42347,74.99999999999999
4421,75.47776,76.0
4422,76.135254,78.0
4423,78.06811,80.0
4424,80.18617,82.99999999999999
4425,83.884026,85.00000000000001
4426,87.1687,86.99999999999999
4427,88.76524,86.99999999999999
4428,87.37721,88.0
4429,87.70453,88.0
4430,88.13062,89.00000000000001
4431,89.018364,88.0
4432,88.10138,88.0
4433,87.66406,90.0
4434,89.494675,90.0
4435,89.89529,90.0
4436,90.06357,90.0
4437,89.81864,90.0
4438,89.60704,89.00000000000001
4439,88.688736,89.00000000000001
4440,87.92636,89.00000000000001
4441,88.197495,89.00000000000001
4442,88.855064,89.00000000000001
4443,88.66286,88.0
4444,87.51788,88.0
4445,87.25145,89.00000000000001
4446,88.4497,88.0
4447,87.63074,86.99999999999999
4448,86.11987,85.00000000000001
4449,83.648964,82.99999999999999
4450,81.66542,82.99999999999999
4451,81.63441,82.99999999999999
4452,82.41549,84.0
4453,84.32776,84.0
4454,84.56409,82.99999999999999
4455,82.96862,84.0
4456,83.54526,84.0
4457,83.61593,82.99999999999999
4458,82.604996,82.99999999999999
4459,82.31044,82.0
4460,81.360016,82.99999999999999
4461,82.19079,82.0
4462,81.72081,82.0
4463,81.6977,81.00000000000001
4464,80.536835,80.0
4465,79.30305,80.0
4466,79.15541,78.99999999999999
4467,78.25458,78.99999999999999
4468,78.16696,78.0
4469,77.23522,78.0
4470,77.34821,78.0
4471,77.612854,76.0
4472,75.45222,74.99999999999999
4473,73.989204,73.00000000000001
4474,71.67863,70.99999999999999
4475,69.1671,69.00000000000001
4476,66.887535,66.99999999999999
4477,65.01373,65.0
4478,63.44767,64.0
4479,62.799374,63.0
4480,62.111744,62.0
4481,61.302643,61.0
4482,60.347275,61.0
4483,59.816113,62.0
4484,60.59108,62.0
4485,61.045082,63.0
4486,62.320744,64.0
4487,63.6612,64.0
4488,64.08485,64.0
4489,64.22586,64.0
4490,64.302315,64.0
4491,64.21271,63.0
4492,63.077873,62.0
4493,61.739685,60.0
4494,59.255405,60.0
4495,58.115295,59.0
4496,57.92204,59.0
4497,58.664204,59.0
4498,59.108204,60.0
4499,60.24677,60.0
4500,60.274593,60.0
4501,59.90104,61.0
4502,60.805275,62.0
4503,61.93031,62.0
4504,62.018074,62.0
4505,61.87329,62.0
4506,61.814873,61.0
4507,60.866592,60.0
4508,59.930916,60.0
4509,59.72002,60.0
4510,60.065807,60.0
4511,59.89756,60.0
4512,60.26346,60.0
4513,60.187675,59.0
4514,59.22769,59.0
4515,58.773525,58.0
4516,57.6958,58.0
4517,57.48145,58.0
4518,57.65536,56.0
4519,55.71588,55.0
4520,54.00166,55.0
4521,54.008144,55.0
4522,54.53995,55.0
4523,54.829678,56.0
4524,56.060146,56.0
4525,56.15408,56.0
4526,55.781628,55.0
4527,54.574417,55.0
4528,54.258858,54.0
4529,53.216167,55.0
4530,54.10811,56.0
4531,55.502003,56.0
4532,55.95141,56.0
4533,56.03384,55.0
4534,54.993313,53.0
4535,52.700527,53.0
4536,52.00083,54.0
4537,53.323635,54.0
4538,53.97571,54.0
4539,54.14788,54.0
4540,54.07149,54.0
4541,54.045147,54.0
4542,53.83995,55.0
4543,54.930553,55.0
4544,55.084423,56.0
4545,56.29912,58.0
4546,58.666805,58.0
4547,58.481644,58.0
4548,57.638794,59.0
4549,58.775,59.0
4550,58.87014,60.0
4551,59.94343,61.0
4552,61.265354,62.0
4553,62.40006,61.0
4554,61.122196,60.0
4555,59.484768,59.0
4556,58.18439,59.0
4557,58.23621,58.0
4558,57.685196,57.0
4559,56.425438,57.0
4560,56.35278,56.0
4561,55.6358,56.0
4562,55.669952,55.0
4563,54.48798,55.0
4564,54.342556,55.0
4565,54.39771,56.0
4566,55.611485,56.0
4567,55.893715,56.0
4568,55.83557,56.0
4569,55.71595,57.0
4570,56.88013,58.0
4571,58.35733,59.0
4572,59.85934,59.0
4573,59.519314,58.0
4574,58.020683,57.0
4575,56.633247,56.0
4576,55.45183,55.0
4577,54.442947,55.0
4578,54.615795,55.0
4579,54.845833,55.0
4580,54.918884,55.0
4581,54.924988,56.0
4582,55.677605,56.0
4583,55.9225,55.0
4584,54.685314,55.0
4585,54.405575,55.0
4586,54.423645,56.0
4587,55.528122,56.0
4588,55.78161,56.0
4589,55.69929,56.0
4590,55.559624,57.0
4591,56.56035,57.0
4592,56.74761,57.0
4593,56.77392,56.0
4594,55.62089,55.0
4595,54.245564,54.0
4596,52.81618,55.0
4597,54.52185,55.0
4598,55.074722,57.0
4599,57.06288,58.0
4600,58.56846,59.0
4601,59.745388,59.0
4602,59.74756,59.0
4603,59.4456,59.0
4604,59.079914,60.0
4605,59.826267,60.0
4606,59.946682,60.0
4607,59.929787,60.0
4608,59.88628,60.0
4609,59.9099,61.0
4610,60.8999,61.0
4611,61.067596,61.0
4612,60.960155,64.0
4613,63.71848,66.99999999999999
4614,67.134476,68.0
4615,68.72065,66.99999999999999
4616,67.6639,68.0
4617,68.07748,68.0
4618,67.37187,66.99999999999999
4619,66.42311,66.99999999999999
4620,66.49537,66.99999999999999
4621,66.71467,66.0
4622,65.809456,65.0
4623,64.605675,64.0
4624,63.533863,63.0
4625,62.425327,63.0
4626,62.464542,63.0
4627,62.62755,63.0
4628,62.739666,63.0
4629,62.64604,62.0
4630,61.66205,62.0
4631,61.405716,61.0
4632,60.39035,61.0
4633,60.257298,61.0
4634,60.408173,61.0
4635,60.573463,60.0
4636,59.530853,56.0
4637,54.84231,55.0
4638,53.33317,55.0
4639,53.533043,57.0
4640,56.145977,61.0
4641,61.075947,64.0
4642,65.72144,65.0
4643,67.48267,64.0
4644,65.34836,64.0
4645,64.163055,64.0
4646,63.927334,63.0
4647,62.609955,63.0
4648,62.508224,63.0
4649,62.54178,63.0
4650,62.67895,64.0
4651,63.766766,64.0
4652,64.07182,65.0
4653,64.87727,65.0
4654,64.95973,66.0
4655,65.768196,66.99999999999999
4656,66.722244,68.0
4657,68.027855,69.00000000000001
4658,69.12775,70.0
4659,70.30365,70.0
4660,70.17061,72.0
4661,72.01028,70.99999999999999
4662,71.021904,70.99999999999999
4663,70.5233,70.99999999999999
4664,70.339035,70.0
4665,69.57144,69.00000000000001
4666,68.61974,70.99999999999999
4667,70.61971,72.0
4668,72.83846,74.0
4669,75.911,76.0
4670,78.05832,77.00000000000001
4671,78.42698,78.0
4672,78.89542,78.99999999999999
4673,79.761116,80.0
4674,80.48517,78.99999999999999
4675,79.10208,80.0
4676,79.5004,81.00000000000001
4677,80.714615,82.0
4678,81.93198,82.99999999999999
4679,83.09656,82.99999999999999
4680,83.082855,84.0
4681,83.923195,85.00000000000001
4682,85.00776,88.0
4683,87.95495,90.0
4684,90.641815,90.99999999999999
4685,92.12693,92.0
4686,92.74705,93.00000000000001
4687,93.37196,90.99999999999999
4688,90.59391,90.0
4689,88.66963,89.00000000000001
4690,87.543274,88.0
4691,86.79694,88.0
4692,87.203064,88.0
4693,87.73788,88.0
4694,88.09236,89.00000000000001
4695,89.06692,89.00000000000001
4696,89.04581,90.0
4697,89.79707,90.0
4698,89.919556,90.99999999999999
4699,90.78292,90.99999999999999
4700,90.77901,90.99999999999999
4701,90.650986,90.99999999999999
4702,90.56244,92.0
4703,91.404144,94.00000000000001
4704,93.18625,94.00000000000001
4705,93.37591,94.00000000000001
4706,93.451836,90.99999999999999
4707,90.432434,90.0
4708,89.02035,89.00000000000001
4709,87.84079,89.00000000000001
4710,87.79283,88.0
4711,87.07074,86.99999999999999
4712,86.09736,86.0
4713,85.02467,85.00000000000001
4714,83.61375,85.00000000000001
4715,83.49881,85.00000000000001
4716,84.08621,85.00000000000001
4717,84.665146,84.0
4718,83.66976,82.99999999999999
4719,82.351616,82.99999999999999
4720,81.90584,82.0
4721,81.08281,82.99999999999999
4722,81.940445,82.99999999999999
4723,82.3332,82.99999999999999
4724,82.46557,82.99999999999999
4725,82.656136,82.99999999999999
4726,82.493996,82.0
4727,81.62965,82.0
4728,81.22038,84.0
4729,82.62631,85.00000000000001
4730,83.77858,86.0
4731,85.297424,86.99999999999999
4732,86.973625,86.99999999999999
4733,87.63423,86.99999999999999
4734,87.610535,86.99999999999999
4735,87.20462,88.0
4736,87.83768,88.0
4737,87.94563,88.0
4738,87.686005,89.00000000000001
4739,88.668015,90.0
4740,89.89493,92.0
4741,92.27574,93.00000000000001
4742,93.4811,94.99999999999999
4743,95.584496,98.99999999999999
4744,99.67668,110.00000000000001
4745,109.58165,129.0
4746,127.43118,143.0
4747,142.37836,151.0
4748,152.40926,152.0
4749,154.54503,152.0
4750,152.59628,153.0
4751,151.05722,153.0
4752,148.84096,153.0
4753,148.27838,153.0
4754,149.87724,152.0
4755,150.5372,152.0
4756,150.6307,152.0
4757,149.51544,152.0
4758,150.27646,152.0
4759,149.8434,152.0
4760,148.53926,152.0
4761,148.41994,152.0
4762,149.0983,152.0
4763,149.86464,147.0
4764,141.99484,126.99999999999999
4765,112.39109,106.99999999999999
4766,87.9062,98.00000000000001
4767,83.124016,94.00000000000001
4768,85.66832,90.99999999999999
4769,87.647064,88.0
4770,87.32583,88.0
4771,87.22815,86.99999999999999
4772,85.63979,85.00000000000001
4773,83.100006,84.0
4774,81.68285,82.0
4775,79.90971,80.0
4776,78.48305,78.0
4777,76.7332,76.0
4778,74.75543,76.0
4779,74.61444,76.0
4780,75.01181,76.0
4781,75.47371,55.0
4782,53.497143,54.0
4783,45.242203,53.0
4784,47.592167,53.0
4785,51.004673,53.0
4786,53.584373,53.0
4787,54.411556,53.0
4788,53.936493,54.0
4789,54.042847,54.0
4790,53.880917,54.0
4791,53.889565,54.0
4792,53.880375,55.0
4793,54.854305,56.0
4794,56.284485,56.0
4795,56.583992,55.0
4796,55.2232,56.0
4797,55.96369,56.0
4798,56.27449,56.0
4799,56.000195,56.0
4800,55.865585,57.0
4801,56.922585,57.0
4802,57.173218,57.0
4803,57.0262,57.0
4804,56.88055,58.0
4805,57.825687,57.0
4806,56.801437,57.0
4807,56.67531,57.0
4808,56.69227,56.0
4809,55.672577,56.0
4810,55.525337,56.0
4811,55.59521,56.0
4812,55.689686,57.0
4813,56.951744,57.0
4814,57.030636,57.0
4815,56.773293,58.0
4816,57.901352,58.0
4817,57.901318,57.0
4818,56.68121,58.0
4819,57.446884,58.0
4820,57.916584,59.0
4821,58.786755,60.0
4822,60.198475,60.0
4823,60.51481,61.0
4824,61.11628,62.0
4825,62.136337,62.0
4826,62.37541,62.0
4827,62.205544,63.0
4828,62.91008,63.0
4829,63.10471,59.0
4830,58.892273,58.0
4831,57.109955,58.0
4832,57.247906,56.0
4833,55.429214,55.0
4834,54.247288,55.0
4835,54.51993,55.0
4836,54.763054,55.0
4837,54.843143,57.0
4838,57.396896,59.0
4839,59.868874,60.0
4840,60.950844,60.0
4841,60.643456,60.0
4842,60.03051,61.0
4843,60.900124,60.0
4844,60.63802,61.0
4845,60.94372,60.0
4846,60.518105,61.0
4847,61.04257,62.0
4848,62.305073,61.0
4849,61.676323,61.0
4850,61.309017,61.0
4851,61.155777,61.0
4852,61.144463,60.0
4853,59.948444,59.0
4854,58.755844,58.0
4855,57.33931,58.0
4856,57.090767,58.0
4857,57.51759,58.0
4858,58.083214,58.0
4859,57.811356,58.0
4860,57.172005,58.0
4861,57.117943,59.0
4862,58.655846,59.0
4863,59.00978,59.0
4864,59.035816,60.0
4865,59.981983,60.0
4866,60.08355,62.0
4867,61.820747,62.0
4868,62.267445,63.0
4869,63.12149,63.0
4870,63.357517,64.0
4871,64.05217,65.0
4872,65.090256,66.0
4873,66.249146,66.99999999999999
4874,67.311646,68.0
4875,68.48226,69.00000000000001
4876,69.6598,70.0
4877,70.433464,47.0
4878,48.678963,49.0
4879,45.136665,51.0
4880,47.705997,52.0
4881,50.86879,53.0
4882,53.98591,54.0
4883,56.560028,54.0
4884,55.68149,55.0
4885,55.90614,55.0
4886,55.749054,56.0
4887,56.291676,56.0
4888,56.20844,56.0
4889,56.211624,56.0
4890,56.117325,57.0
4891,57.01532,58.0
4892,58.104378,59.0
4893,59.27378,59.0
4894,59.478756,58.0
4895,58.362698,59.0
4896,58.81872,59.0
4897,58.955116,60.0
4898,59.91899,60.0
4899,60.20781,60.0
4900,60.220654,60.0
4901,60.10867,68.0
4902,67.03518,66.99999999999999
4903,67.619865,66.0
4904,66.58616,65.0
4905,64.96346,64.0
4906,63.185726,63.0
4907,61.332813,62.0
4908,60.625034,61.0
4909,59.970932,61.0
4910,60.298058,60.0
4911,59.548824,60.0
4912,59.50755,60.0
4913,59.648445,59.0
4914,58.757805,59.0
4915,58.591854,58.0
4916,57.69277,58.0
4917,57.682884,57.0
4918,56.754494,57.0
4919,56.36576,58.0
4920,57.350998,57.0
4921,56.77018,55.0
4922,54.616676,55.0
4923,54.366203,55.0
4924,54.51725,56.0
4925,55.72702,57.0
4926,57.09789,58.0
4927,58.36864,59.0
4928,59.480164,59.0
4929,59.43912,59.0
4930,59.0667,59.0
4931,58.716385,58.0
4932,57.694527,57.0
4933,56.590313,57.0
4934,56.605816,57.0
4935,56.747494,57.0
4936,56.79536,57.0
4937,56.85765,57.0
4938,56.876965,56.0
4939,55.877884,55.0
4940,54.58853,55.0
4941,54.15651,55.0
4942,54.330284,54.0
4943,53.491947,54.0
4944,53.460453,53.0
4945,52.6062,52.0
4946,51.377865,51.0
4947,50.254143,50.0
4948,49.2556,47.0
4949,46.1642,61.0
4950,58.886547,61.0
4951,60.92349,62.0
4952,62.758102,62.0
4953,62.22344,61.0
4954,58.0384,60.0
4955,57.468323,60.0
4956,58.852757,59.0
4957,58.406906,58.0
4958,57.227516,57.0
4959,56.159695,55.0
4960,54.20706,55.0
4961,53.9628,54.0
4962,53.35004,55.0
4963,54.316837,54.0
4964,53.659027,54.0
4965,53.5517,54.0
4966,53.571865,54.0
4967,53.602642,55.0
4968,54.638824,55.0
4969,54.964336,55.0
4970,54.999256,55.0
4971,54.93722,56.0
4972,55.866116,59.0
4973,59.014183,56.0
4974,56.57754,56.0
4975,55.84463,56.0
4976,55.649834,56.0
4977,55.673637,56.0
4978,55.93341,56.0
4979,56.068707,55.0
4980,54.842373,55.0
4981,54.514263,54.0
4982,53.10575,54.0
4983,53.262276,54.0
4984,53.634083,53.0
4985,52.841167,53.0
4986,52.71666,53.0
4987,52.8534,52.0
4988,51.918045,50.0
4989,49.974045,50.0
4990,49.44553,51.0
4991,50.391045,52.0
4992,52.116085,52.0
4993,52.512634,52.0
4994,52.413277,53.0
4995,53.09586,54.0
4996,54.157345,54.0
4997,54.379723,96.0
4998,89.06188,94.99999999999999
4999,93.0456,94.00000000000001
5000,96.22925,92.0
5001,93.58798,90.99999999999999
5002,89.25062,90.99999999999999
5003,86.984314,90.0
5004,88.536575,89.00000000000001
5005,89.23016,90.0
5006,89.672905,90.0
5007,89.214676,88.0
5008,87.50943,86.99999999999999
5009,86.208374,86.0
5010,85.10381,85.00000000000001
5011,84.056786,84.0
5012,83.34121,82.0
5013,81.494064,81.00000000000001
5014,79.77072,80.0
5015,78.91691,81.00000000000001
5016,80.13133,80.0
5017,79.96765,78.99999999999999
5018,78.749985,78.99999999999999
5019,78.19573,78.99999999999999
5020,78.3035,77.00000000000001
5021,76.47572,54.0
5022,51.7262,54.0
5023,46.82117,55.0
5024,50.47192,56.0
5025,55.52238,57.0
5026,60.920124,57.0
5027,60.108864,56.0
5028,54.79371,56.0
5029,51.30505,56.0
5030,54.000893,55.0
5031,54.208485,56.0
5032,55.539955,57.0
5033,57.06957,57.0
5034,57.45312,57.0
5035,57.266155,56.0
5036,56.141148,56.0
5037,55.758095,56.0
5038,55.723236,56.0
5039,55.772503,56.0
5040,55.800343,56.0
5041,55.868233,56.0
5042,55.853237,56.0
5043,55.901527,58.0
5044,57.691998,58.0
5045,58.296455,58.0
5046,58.19705,59.0
5047,59.118374,60.0
5048,60.16586,61.0
5049,61.26373,62.0
5050,62.37155,64.0
5051,64.590294,65.0
5052,65.710594,65.0
5053,65.28844,65.0
5054,64.98115,63.0
5055,62.654217,62.0
5056,61.23315,61.0
5057,60.21532,61.0
5058,60.35523,61.0
5059,60.55772,61.0
5060,60.829163,61.0
5061,60.757374,60.0
5062,59.780575,60.0
5063,59.524117,60.0
5064,59.618073,60.0
5065,59.652847,60.0
5066,59.704636,59.0
5067,58.74146,60.0
5068,59.569798,60.0
5069,59.75409,70.99999999999999
5070,70.33187,73.00000000000001
5071,73.15374,76.0
5072,76.858894,78.0
5073,79.363716,78.99999999999999
5074,79.87559,78.99999999999999
5075,78.49133,78.99999999999999
5076,78.50477,80.0
5077,79.65005,80.0
5078,79.95719,81.00000000000001
5079,80.77024,81.00000000000001
5080,80.74864,81.00000000000001
5081,80.75851,82.0
5082,81.480484,82.99999999999999
5083,82.47605,82.99999999999999
5084,82.682945,82.99999999999999
5085,82.78695,84.0
5086,83.63908,85.00000000000001
5087,84.44033,85.00000000000001
5088,84.62173,84.0
5089,83.67134,84.0
5090,83.85957,84.0
5091,83.95815,84.0
5092,83.553505,82.99999999999999
5093,82.36724,82.99999999999999
5094,82.361664,82.0
5095,80.944214,80.0
5096,78.55653,78.99999999999999
5097,77.31632,80.0
5098,78.90001,81.00000000000001
5099,81.49623,81.00000000000001
5100,81.74033,81.00000000000001
5101,80.95896,82.0
5102,81.82523,82.0
5103,81.8044,82.0
5104,81.38459,82.99999999999999
5105,82.6201,82.99999999999999
5106,82.715515,82.99999999999999
5107,82.76085,82.99999999999999
5108,82.912735,84.0
5109,83.67008,82.99999999999999
5110,82.991066,82.0
5111,81.65075,81.00000000000001
5112,80.29757,81.00000000000001
5113,80.174545,81.00000000000001
5114,80.485916,81.00000000000001
5115,80.72591,81.00000000000001
5116,80.840866,82.99999999999999
5117,82.5592,84.0
5118,83.90025,86.0
5119,85.98665,88.0
5120,88.367546,90.99999999999999
5121,91.988914,93.00000000000001
5122,94.820946,94.00000000000001
5123,95.41591,92.0
5124,91.76191,90.99999999999999
5125,89.3553,90.0
5126,88.941895,89.00000000000001
5127,88.32735,88.0
5128,87.131454,86.0
5129,85.35548,85.00000000000001
5130,84.15771,84.0
5131,83.070335,82.99999999999999
5132,82.26795,82.0
5133,81.20532,82.0
5134,80.75374,82.0
5135,80.24854,82.0
5136,80.770226,82.0
5137,81.68677,81.00000000000001
5138,80.86517,81.00000000000001
5139,80.4189,80.0
5140,79.06702,77.00000000000001
5141,75.535225,74.0
5142,71.68971,72.0
5143,69.17406,70.99999999999999
5144,68.84167,69.00000000000001
5145,67.61929,65.0
5146,63.27346,65.0
5147,63.041225,64.0
5148,63.058628,64.0
5149,63.79701,63.0
5150,63.027233,63.0
5151,62.73726,63.0
5152,62.89676,62.0
5153,61.843555,63.0
5154,62.214016,62.0
5155,61.454853,63.0
5156,62.29442,62.0
5157,61.659836,61.0
5158,60.43667,61.0
5159,60.152752,60.0
5160,59.534786,61.0
5161,60.424206,61.0
5162,60.875397,63.0
5163,62.79777,64.0
5164,64.28265,65.0
5165,65.44517,66.0
5166,66.51706,65.0
5167,65.22105,64.0
5168,63.865566,64.0
5169,63.134647,64.0
5170,63.358593,64.0
5171,64.162636,66.0
5172,66.722664,66.0
5173,67.15186,68.0
5174,68.59551,68.0
5175,68.9189,68.0
5176,68.53967,70.0
5177,70.21323,70.99999999999999
5178,71.274086,72.0
5179,72.34324,72.0
5180,72.1708,74.0
5181,73.48123,74.99999999999999
5182,74.81133,76.0
5183,76.043,78.0
5184,78.07917,78.99999999999999
5185,79.36024,80.0
5186,80.5136,80.0
5187,80.26652,81.00000000000001
5188,80.68302,85.00000000000001
5189,84.46831,88.0
5190,88.08882,88.0
5191,88.951614,89.00000000000001
5192,90.12882,90.0
5193,90.93307,90.99999999999999
5194,91.47062,92.0
5195,92.25143,93.00000000000001
5196,94.11377,94.99999999999999
5197,96.25824,97.00000000000001
5198,98.256966,106.99999999999999
5199,110.75947,137.0
5200,139.43948,152.0
5201,153.5274,152.0
5202,155.44777,153.0
5203,156.97562,154.00000000000003
5204,155.67493,154.00000000000003
5205,152.65688,154.00000000000003
5206,150.32257,154.00000000000003
5207,151.33731,154.00000000000003
5208,152.87778,153.0
5209,153.00497,153.0
5210,152.06516,152.0
5211,149.11037,152.0
5212,146.8775,139.0
5213,131.72345,112.0
5214,95.550606,106.99999999999999
5215,85.3361,102.99999999999999
5216,93.37879,101.00000000000001
5217,102.18539,100.0
5218,105.27751,98.99999999999999
5219,101.32208,98.00000000000001
5220,92.80406,98.00000000000001
5221,88.95166,96.0
5222,91.49565,94.99999999999999
5223,92.32716,92.0
5224,89.390114,90.0
5225,87.92559,89.00000000000001
5226,87.224976,88.0
5227,86.996086,86.99999999999999
5228,86.19292,86.99999999999999
5229,86.36048,86.99999999999999
5230,86.50848,88.0
5231,87.79331,89.00000000000001
5232,89.51461,89.00000000000001
5233,89.81945,90.0
5234,90.46311,90.99999999999999
5235,91.20476,90.99999999999999
5236,90.90229,92.0
5237,91.69411,93.00000000000001
5238,92.63695,92.0
5239,91.82054,93.00000000000001
5240,92.39134,92.0
5241,91.06547,92.0
5242,90.73097,90.99999999999999
5243,89.53826,90.0
5244,88.4046,90.0
5245,88.88983,89.00000000000001
5246,88.03015,88.0
5247,87.13349,86.0
5248,84.53782,85.00000000000001
5249,83.36155,82.99999999999999
5250,81.486916,82.0
5251,80.64983,80.0
5252,78.91603,78.0
5253,76.40068,77.00000000000001
5254,75.51674,74.99999999999999
5255,73.80067,74.0
5256,72.91786,73.00000000000001
5257,71.95909,72.0
5258,70.9955,70.99999999999999
5259,70.108635,69.00000000000001
5260,68.11274,68.0
5261,66.83522,66.99999999999999
5262,66.00458,66.99999999999999
5263,66.01881,68.0
5264,67.60284,68.0
5265,67.8696,66.99999999999999
5266,66.55364,66.0
5267,64.9447,66.0
5268,64.87985,65.0
5269,64.17948,65.0
5270,64.35035,65.0
5271,64.541115,65.0
5272,64.698364,66.0
5273,65.8354,66.0
5274,65.939,66.0
5275,65.89086,66.0
5276,65.71128,65.0
5277,64.74367,64.0
5278,63.49178,64.0
5279,63.488712,64.0
5280,63.48694,64.0
5281,63.49385,63.0
5282,62.433254,64.0
5283,63.301617,65.0
5284,64.72786,66.0
5285,66.14253,68.0
5286,68.38849,68.0
5287,68.35234,66.99999999999999
5288,66.70714,66.0
5289,65.47214,66.0
5290,65.379555,66.0
5291,65.46687,66.0
5292,66.06779,66.0
5293,66.006386,66.0
5294,65.73156,64.0
5295,63.58954,62.0
5296,60.929646,61.0
5297,59.656803,60.0
5298,58.94546,60.0
5299,59.07208,60.0
5300,59.533596,60.0
5301,59.57238,60.0
5302,59.565983,60.0
5303,59.596775,60.0
5304,59.690723,60.0
5305,59.70507,59.0
5306,58.86743,59.0
5307,58.564205,58.0
5308,57.327866,56.0
5309,54.972225,53.0
5310,51.884346,52.0
5311,50.372982,49.0
5312,47.407394,53.0
5313,52.193745,56.0
5314,58.088223,58.0
5315,61.204216,58.0
5316,59.714268,58.0
5317,57.885075,59.0
5318,58.901924,60.0
5319,60.27267,61.0
5320,61.54588,61.0
5321,61.665123,61.0
5322,61.34774,61.0
5323,61.02302,61.0
5324,61.001415,61.0
5325,61.316692,61.0
5326,60.891514,62.0
5327,61.984184,62.0
5328,62.609676,62.0
5329,63.03865,62.0
5330,62.7459,62.0
5331,62.450108,62.0
5332,62.22602,62.0
5333,61.81381,62.0
5334,61.525455,63.0
5335,62.665707,63.0
5336,62.75055,60.0
5337,59.153667,57.0
5338,54.376766,55.0
5339,51.31103,54.0
5340,51.496162,53.0
5341,51.894566,52.0
5342,51.320328,51.0
5343,50.50486,49.0
5344,48.33789,51.0
5345,50.226322,52.0
5346,51.67925,52.0
5347,52.116524,52.0
5348,51.992107,52.0
5349,51.95356,52.0
5350,51.881367,51.0
5351,50.756905,48.0
5352,47.319103,47.0
5353,45.69615,47.0
5354,45.908604,48.0
5355,47.597652,50.0
5356,50.278946,51.0
5357,51.76709,52.0
5358,52.803482,53.0
5359,53.595116,54.0
5360,54.455708,54.0
5361,54.2753,55.0
5362,55.154247,55.0
5363,55.13834,56.0
5364,56.084812,57.0
5365,57.493835,57.0
5366,57.23159,58.0
5367,58.17206,59.0
5368,59.265324,60.0
5369,60.36963,59.0
5370,59.370884,59.0
5371,58.96447,59.0
5372,58.915985,58.0
5373,58.021408,58.0
5374,57.7834,58.0
5375,57.466324,58.0
5376,57.783096,58.0
5377,57.808346,58.0
5378,57.816376,59.0
5379,58.655746,59.0
5380,58.86474,59.0
5381,58.859417,58.0
5382,57.632084,58.0
5383,57.44685,57.0
5384,56.49165,57.0
5385,56.350353,56.0
5386,55.438503,56.0
5387,55.328205,55.0
5388,53.855736,55.0
5389,54.122704,55.0
5390,54.52282,54.0
5391,53.734917,53.0
5392,52.700676,53.0
5393,52.33612,53.0
5394,52.558098,53.0
5395,52.789192,53.0
5396,53.080006,54.0
5397,53.783978,55.0
5398,55.23214,55.0
5399,55.43712,56.0
5400,56.132957,56.0
5401,56.18118,56.0
5402,56.044853,56.0
5403,55.783722,56.0
5404,55.74446,56.0
5405,55.807983,56.0
5406,55.848564,56.0
5407,55.800507,56.0
5408,55.785717,56.0
5409,55.84964,56.0
5410,55.970604,56.0
5411,55.866356,57.0
5412,57.016518,57.0
5413,57.165768,57.0
5414,57.022697,57.0
5415,56.740044,58.0
5416,57.823517,58.0
5417,57.98276,58.0
5418,57.881626,58.0
5419,57.850002,59.0
5420,58.773052,60.0
5421,59.921505,60.0
5422,60.245827,61.0
5423,61.04252,60.0
5424,60.327045,60.0
5425,60.091095,59.0
5426,58.959343,59.0
5427,58.67967,59.0
5428,58.57071,60.0
5429,59.591946,61.0
5430,60.931442,62.0
5431,62.10733,62.0
5432,62.231266,63.0
5433,63.026882,64.0
5434,64.265526,66.0
5435,66.92375,66.0
5436,67.00189,66.99999999999999
5437,67.635414,69.00000000000001
5438,69.67115,70.0
5439,70.60957,70.99999999999999
5440,71.48738,70.99999999999999
5441,71.398415,72.0
5442,72.22585,72.0
5443,72.24848,73.00000000000001
5444,73.05925,74.0
5445,74.12069,74.99999999999999
5446,75.26127,74.0
5447,74.54406,74.0
5448,74.05732,74.0
5449,73.80735,74.0
5450,73.73161,74.99999999999999
5451,74.8465,76.0
5452,76.10093,76.0
5453,76.11323,76.0
5454,75.971924,76.0
5455,75.7535,76.0
5456,75.441154,74.99999999999999
5457,73.86474,74.0
5458,72.503395,73.00000000000001
5459,71.29904,73.00000000000001
5460,71.71342,73.00000000000001
5461,72.426315,70.99999999999999
5462,70.12822,70.0
5463,69.006905,69.00000000000001
5464,67.94966,69.00000000000001
5465,68.1227,68.0
5466,67.553375,66.99999999999999
5467,66.548584,66.0
5468,65.44913,65.0
5469,64.31049,64.0
5470,62.943684,64.0
5471,63.238087,64.0
5472,63.493984,65.0
5473,64.715454,65.0
5474,65.13021,64.0
5475,63.974518,63.0
5476,62.483665,62.0
5477,60.76899,61.0
5478,59.575153,60.0
5479,58.91357,60.0
5480,59.049263,60.0
5481,59.552265,60.0
5482,59.90823,60.0
5483,59.815773,59.0
5484,58.178246,59.0
5485,57.945683,59.0
5486,58.44685,58.0
5487,57.523403,57.0
5488,56.40616,57.0
5489,56.400867,57.0
5490,56.56558,57.0
5491,56.67486,56.0
5492,55.827454,56.0
5493,55.226254,56.0
5494,55.3756,56.0
5495,55.51381,56.0
5496,55.742916,56.0
5497,55.6404,57.0
5498,56.726494,57.0
5499,57.02677,58.0
5500,57.897854,59.0
5501,59.152397,60.0
5502,60.237465,60.0
5503,60.281452,59.0
5504,58.99209,59.0
5505,58.53342,59.0
5506,58.419235,58.0
5507,57.40376,57.0
5508,56.02238,57.0
5509,55.97265,57.0
5510,56.531765,58.0
5511,57.80611,59.0
5512,59.0278,59.0
5513,59.252174,58.0
5514,58.16419,58.0
5515,57.804424,59.0
5516,58.3588,60.0
5517,59.67082,62.0
5518,61.743595,62.0
5519,62.479206,63.0
5520,63.44809,64.0
5521,64.23168,63.0
5522,63.42413,63.0
5523,62.990993,62.0
5524,61.818798,62.0
5525,61.657257,59.0
5526,58.534336,61.0
5527,60.228756,63.0
5528,62.91974,64.0
5529,65.09945,64.0
5530,65.10683,63.0
5531,61.98153,64.0
5532,62.545483,63.0
5533,62.134605,63.0
5534,62.541744,64.0
5535,63.767895,65.0
5536,65.19654,64.0
5537,64.17431,63.0
5538,62.726856,64.0
5539,63.55872,65.0
5540,64.80925,65.0
5541,65.05088,66.0
5542,66.002884,66.0
5543,65.966545,65.0
5544,64.80657,65.0
5545,64.48332,65.0
5546,64.57202,66.0
5547,65.692245,66.0
5548,65.913445,65.0
5549,64.69979,64.0
5550,63.04902,65.0
5551,64.01994,66.0
5552,65.73632,66.0
5553,66.1094,66.99999999999999
5554,67.03843,66.99999999999999
5555,67.333855,66.0
5556,65.58539,66.0
5557,65.091576,65.0
5558,63.848328,65.0
5559,64.12339,64.0
5560,63.264946,63.0
5561,62.16907,63.0
5562,62.134525,62.0
5563,61.282005,63.0
5564,62.216145,62.0
5565,61.41449,61.0
5566,60.210094,60.0
5567,59.303173,60.0
5568,59.11719,58.0
5569,57.403877,58.0
5570,57.12299,57.0
5571,56.338036,56.0
5572,55.177727,55.0
5573,54.08984,60.0
5574,59.725567,61.0
5575,62.00548,61.0
5576,61.788498,61.0
5577,60.88894,61.0
5578,59.518955,60.0
5579,58.428017,60.0
5580,58.957977,59.0
5581,58.13333,58.0
5582,57.07658,57.0
5583,56.05742,56.0
5584,55.22329,56.0
5585,55.040344,55.0
5586,54.341476,55.0
5587,54.404026,56.0
5588,55.278923,56.0
5589,55.756798,56.0
5590,56.17983,56.0
5591,55.821526,56.0
5592,56.123604,55.0
5593,55.315666,56.0
5594,55.97343,56.0
5595,55.99245,56.0
5596,56.154217,56.0
5597,55.95687,70.99999999999999
5598,69.64173,72.0
5599,71.52071,73.00000000000001
5600,73.69513,73.00000000000001
5601,73.53687,74.0
5602,73.201515,76.0
5603,75.39703,77.00000000000001
5604,77.62202,77.00000000000001
5605,77.73846,78.0
5606,78.46781,78.0
5607,78.037476,78.99999999999999
5608,78.91337,78.99999999999999
5609,78.68973,78.99999999999999
5610,78.36223,80.0
5611,79.136734,80.0
5612,79.41971,80.0
5613,79.6476,80.0
5614,79.78305,80.0
5615,79.543045,78.99999999999999
5616,78.127304,78.99999999999999
5617,78.379906,78.0
5618,77.5848,77.00000000000001
5619,76.12758,77.00000000000001
5620,76.19877,76.0
5621,75.36519,60.0
5622,58.802006,59.0
5623,53.957897,59.0
5624,55.410652,60.0
5625,59.364975,60.0
5626,61.94474,61.0
5627,62.79509,61.0
5628,61.252758,61.0
5629,60.299965,63.0
5630,62.872025,64.0
5631,64.31343,65.0
5632,65.2853,66.0
5633,66.27117,66.99999999999999
5634,67.254395,66.99999999999999
5635,67.41816,68.0
5636,68.1194,68.0
5637,68.21816,69.00000000000001
5638,69.05535,70.0
5639,70.115326,70.0
5640,70.50296,70.99999999999999
5641,71.15947,70.0
5642,70.40919,70.0
5643,69.90478,70.0
5644,69.81756,70.0
5645,69.80337,56.0
5646,55.06383,56.0
5647,52.527035,55.0
5648,51.872917,55.0
5649,53.476566,55.0
5650,55.031773,56.0
5651,56.989456,56.0
5652,56.640858,56.0
5653,55.898376,56.0
5654,55.482162,56.0
5655,55.57874,57.0
5656,56.654404,58.0
5657,58.156395,58.0
5658,58.386898,58.0
5659,58.198433,59.0
5660,58.96406,59.0
5661,59.145077,60.0
5662,59.953423,60.0
5663,60.118298,59.0
5664,59.18073,60.0
5665,59.621883,62.0
5666,61.730198,62.0
5667,62.301537,66.0
5668,65.59316,68.0
5669,68.7159,45.0
5670,46.87343,41.0
5671,36.93329,35.0
5672,30.422844,29.0
5673,24.904379,24.0
5674,21.392395,24.0
5675,22.376682,24.0
5676,24.024763,23.0
5677,23.564705,23.0
5678,23.543358,23.0
5679,23.60371,23.0
5680,23.42601,22.0
5681,22.21332,22.0
5682,22.082556,23.0
5683,23.542076,24.0
5684,25.13452,23.0
5685,24.873198,24.0
5686,25.694784,26.0
5687,27.349709,27.0
5688,28.325243,28.0
5689,29.240162,31.0
5690,31.783104,32.0
5691,33.359055,31.0
5692,32.51132,31.0
5693,31.66876,62.0
5694,60.781937,64.0
5695,65.629425,64.0
5696,68.117645,64.0
5697,66.51939,64.0
5698,64.170715,64.0
5699,62.506336,64.0
5700,62.403564,65.0
5701,64.15966,66.0
5702,66.220184,66.99999999999999
5703,67.678566,68.0
5704,68.710075,69.00000000000001
5705,69.54571,70.0
5706,70.43406,70.0
5707,70.35814,70.0
5708,69.97613,70.0
5709,69.689545,70.0
5710,69.55335,69.00000000000001
5711,68.595055,69.00000000000001
5712,68.59867,70.0
5713,69.50659,70.99999999999999
5714,70.6207,70.99999999999999
5715,70.96528,70.99999999999999
5716,70.91638,69.00000000000001
5717,68.612305,55.0
5718,54.36426,55.0
5719,51.576164,55.0
5720,51.86066,56.0
5721,54.92149,57.0
5722,59.061375,58.0
5723,60.388927,59.0
5724,60.36998,60.0
5725,60.42764,60.0
5726,60.518303,60.0
5727,60.060493,60.0
5728,59.848953,60.0
5729,59.77036,59.0
5730,58.91465,59.0
5731,58.797466,59.0
5732,58.752174,60.0
5733,59.735302,60.0
5734,59.978607,60.0
5735,60.083645,61.0
5736,60.882504,62.0
5737,61.893486,63.0
5738,63.234135,63.0
5739,63.427853,63.0
5740,63.273003,64.0
5741,64.062416,76.0
5742,74.633705,76.0
5743,76.11207,74.99999999999999
5744,75.77829,74.0
5745,73.303986,74.0
5746,71.84338,70.99999999999999
5747,68.24211,70.99999999999999
5748,69.19441,70.99999999999999
5749,70.14742,72.0
5750,71.606155,72.0
5751,71.92513,73.00000000000001
5752,73.00244,73.00000000000001
5753,73.174065,72.0
5754,72.092705,72.0
5755,71.9505,70.99999999999999
5756,71.05558,70.0
5757,70.10751,70.0
5758,69.79835,69.00000000000001
5759,68.59264,68.0
5760,67.578705,68.0
5761,67.53647,68.0
5762,67.74477,68.0
5763,67.79983,68.0
5764,67.67589,68.0
5765,67.698685,58.0
5766,57.18536,57.0
5767,54.149384,56.0
5768,53.59426,54.0
5769,52.56484,53.0
5770,52.780422,52.0
5771,51.140614,53.0
5772,51.468433,52.0
5773,50.725903,52.0
5774,50.807243,52.0
5775,51.39695,51.0
5776,50.41469,48.0
5777,46.917473,50.0
5778,48.660152,48.0
5779,47.74287,49.0
5780,48.540466,49.0
5781,48.872982,49.0
5782,49.01278,49.0
5783,48.93922,47.0
5784,47.061047,45.0
5785,44.476242,43.0
5786,41.95377,43.0
5787,41.617577,41.0
5788,40.164993,41.0
5789,40.219624,61.0
5790,59.164288,63.0
5791,63.67879,64.0
5792,66.20062,65.0
5793,66.88693,65.0
5794,65.70409,65.0
5795,64.793594,65.0
5796,64.57068,66.0
5797,65.86225,66.99999999999999
5798,67.42686,66.99999999999999
5799,67.643265,68.0
5800,68.502884,69.00000000000001
5801,69.632774,69.00000000000001
5802,69.43458,69.00000000000001
5803,69.20853,69.00000000000001
5804,68.97734,69.00000000000001
5805,68.691895,69.00000000000001
5806,68.60797,69.00000000000001
5807,68.740746,69.00000000000001
5808,68.867256,70.0
5809,69.75698,70.0
5810,70.08709,69.00000000000001
5811,68.8187,69.00000000000001
5812,68.45073,68.0
5813,66.89302,60.0
5814,56.715904,61.0
5815,57.40946,61.0
5816,59.19073,62.0
5817,62.301216,63.0
5818,64.890465,65.0
5819,66.66714,66.99999999999999
5820,68.61907,68.0
5821,69.32877,69.00000000000001
5822,70.01989,70.0
5823,70.561455,70.99999999999999
5824,71.34162,70.99999999999999
5825,71.33014,70.99999999999999
5826,71.00273,70.99999999999999
5827,70.79167,70.99999999999999
5828,70.61151,70.99999999999999
5829,70.55917,70.99999999999999
5830,70.71225,70.99999999999999
5831,70.9854,70.99999999999999
5832,70.935425,72.0
5833,71.77394,72.0
5834,71.85274,72.0
5835,71.56638,70.0
5836,69.18484,70.99999999999999
5837,69.956726,70.99999999999999
5838,70.254005,70.0
5839,69.42614,69.00000000000001
5840,68.2408,68.0
5841,67.026566,66.0
5842,64.56471,65.0
5843,63.119236,65.0
5844,63.795757,64.0
5845,63.398056,64.0
5846,63.546776,63.0
5847,62.61901,63.0
5848,62.583923,63.0
5849,62.568157,63.0
5850,62.780582,63.0
5851,62.801865,62.0
5852,61.918167,61.0
5853,60.571087,61.0
5854,60.369534,61.0
5855,60.44358,60.0
5856,59.68747,60.0
5857,59.416504,60.0
5858,59.33601,59.0
5859,58.38027,58.0
5860,57.435177,56.0
5861,55.230713,55.0
5862,53.843597,54.0
5863,52.72146,54.0
5864,53.082886,53.0
5865,52.515354,52.0
5866,51.509277,52.0
5867,51.50464,52.0
5868,51.58637,52.0
5869,51.70989,50.0
5870,49.542393,48.0
5871,47.11683,47.0
5872,45.90674,46.0
5873,45.06242,48.0
5874,47.417286,46.0
5875,46.17005,49.0
5876,48.81132,49.0
5877,49.513603,51.0
5878,51.399384,51.0
5879,51.63032,52.0
5880,52.44272,52.0
5881,52.270164,52.0
5882,51.89616,52.0
5883,51.853268,53.0
5884,52.84808,53.0
5885,53.188557,53.0
5886,53.038033,53.0
5887,53.053226,53.0
5888,52.92693,53.0
5889,53.028156,53.0
5890,52.882504,53.0
5891,52.843052,53.0
5892,52.82685,53.0
5893,52.798813,52.0
5894,51.62332,52.0
5895,51.593594,52.0
5896,51.54637,53.0
5897,52.677216,53.0
5898,52.964447,53.0
5899,52.91913,53.0
5900,52.74142,53.0
5901,52.63182,53.0
5902,52.58518,53.0
5903,52.603317,54.0
5904,53.692688,54.0
5905,53.960747,55.0
5906,55.00811,55.0
5907,55.08353,56.0
5908,55.984253,56.0
5909,56.093586,56.0
5910,55.881638,57.0
5911,56.79702,57.0
5912,57.064186,58.0
5913,58.23445,58.0
5914,58.454605,59.0
5915,59.330757,59.0
5916,59.275578,59.0
5917,59.028244,60.0
5918,59.930748,60.0
5919,60.019855,61.0
5920,61.060944,61.0
5921,60.964424,62.0
5922,61.946476,62.0
5923,61.953407,63.0
5924,62.914806,63.0
5925,62.87898,63.0
5926,62.75661,62.0
5927,61.62691,62.0
5928,61.211845,62.0
5929,61.341347,62.0
5930,61.548645,62.0
5931,61.68374,60.0
5932,59.544693,59.0
5933,58.147778,58.0
5934,56.956985,58.0
5935,57.107662,58.0
5936,57.5334,58.0
5937,57.768837,58.0
5938,57.85362,58.0
5939,57.73945,57.0
5940,56.376926,57.0
5941,56.053123,57.0
5942,56.41106,57.0
5943,56.64575,56.0
5944,55.724525,56.0
5945,55.58373,57.0
5946,56.720955,57.0
5947,57.004616,58.0
5948,58.08306,56.0
5949,56.262245,55.0
5950,54.688293,56.0
5951,55.450882,55.0
5952,54.865513,55.0
5953,54.73058,55.0
5954,54.72132,55.0
5955,54.584892,56.0
5956,55.63338,56.0
5957,55.968628,56.0
5958,55.927807,56.0
5959,55.839638,56.0
5960,55.85639,55.0
5961,54.834988,55.0
5962,54.586502,56.0
5963,55.725723,55.0
5964,55.09546,55.0
5965,54.700138,55.0
5966,54.607025,55.0
5967,54.778687,54.0
5968,53.725666,54.0
5969,53.48218,54.0
5970,53.60613,55.0
5971,54.859184,56.0
5972,56.219357,58.0
5973,58.182995,59.0
5974,59.391747,59.0
5975,59.40229,59.0
5976,59.18661,59.0
5977,59.053673,59.0
5978,58.968327,58.0
5979,57.9321,57.0
5980,56.620605,57.0
5981,56.37983,57.0
5982,56.518116,57.0
5983,56.643307,58.0
5984,57.839664,58.0
5985,58.03872,59.0
5986,59.04766,59.0
5987,59.045437,60.0
5988,60.02896,61.0
5989,61.200512,60.0
5990,60.04918,60.0
5991,59.90082,60.0
5992,59.750732,59.0
5993,58.71363,59.0
5994,58.551212,57.0
5995,56.64369,56.0
5996,55.290756,56.0
5997,54.953915,56.0
5998,55.094505,55.0
5999,54.54442,55.0
6000,54.506844,56.0
6001,55.67538,56.0
6002,56.152588,56.0
6003,56.113632,57.0
6004,56.841354,58.0
6005,58.0111,59.0
6006,59.161026,60.0
6007,60.288628,62.0
6008,62.5286,63.0
6009,63.8129,63.0
6010,63.571136,62.0
6011,61.638905,62.0
6012,61.59149,63.0
6013,62.95543,64.0
6014,64.42996,65.0
6015,65.638084,68.0
6016,68.762856,68.0
6017,68.92875,69.00000000000001
6018,69.438156,69.00000000000001
6019,69.14828,69.00000000000001
6020,68.884514,69.00000000000001
6021,68.950195,69.00000000000001
6022,68.85246,69.00000000000001
6023,68.80098,69.00000000000001
6024,68.69719,70.0
6025,69.75537,70.0
6026,69.94524,70.0
6027,69.838646,68.0
6028,67.20612,68.0
6029,66.6681,66.99999999999999
6030,65.741936,66.0
6031,64.8148,63.0
6032,61.41473,62.0
6033,60.164505,61.0
6034,59.3794,60.0
6035,58.977623,59.0
6036,58.186863,58.0
6037,56.886112,57.0
6038,56.055695,55.0
6039,53.934242,54.0
6040,52.673172,54.0
6041,52.940567,54.0
6042,53.319866,54.0
6043,53.561626,54.0
6044,53.618423,54.0
6045,53.788105,53.0
6046,52.81316,53.0
6047,52.412598,53.0
6048,52.596443,53.0
6049,52.80535,53.0
6050,52.81443,53.0
6051,52.797268,53.0
6052,52.79404,53.0
6053,52.764244,53.0
6054,52.709965,52.0
6055,51.773552,52.0
6056,51.503845,52.0
6057,51.68368,51.0
6058,50.73251,51.0
6059,50.652912,51.0
6060,50.766907,52.0
6061,51.972893,52.0
6062,52.064888,52.0
6063,51.89382,52.0
6064,51.59285,52.0
6065,51.661522,51.0
6066,50.64643,51.0
6067,50.446285,51.0
6068,50.600685,49.0
6069,48.893497,51.0
6070,50.44981,49.0
6071,48.93742,47.0
6072,46.450714,46.0
6073,45.051205,44.0
6074,43.07605,43.0
6075,41.994263,41.0
6076,40.089832,40.0
6077,38.951763,37.0
6078,36.12569,37.0
6079,35.98352,37.0
6080,36.675728,38.0
6081,38.339687,38.0
6082,38.823692,39.0
6083,39.743393,39.0
6084,39.69158,38.0
6085,38.029366,38.0
6086,37.405304,42.0
6087,42.505993,44.0
6088,45.817974,45.0
6089,46.63821,46.0
6090,47.01787,45.0
6091,45.390476,45.0
6092,44.692272,46.0
6093,45.8892,46.0
6094,46.326435,49.0
6095,49.240105,48.0
6096,49.08423,48.0
6097,48.505146,49.0
6098,49.108307,49.0
6099,49.11576,51.0
6100,51.167984,52.0
6101,52.475113,52.0
6102,52.664875,52.0
6103,52.289143,52.0
6104,51.883656,52.0
6105,51.88666,52.0
6106,51.98623,52.0
6107,52.013718,52.0
6108,51.89872,52.0
6109,51.71472,52.0
6110,51.640865,49.0
6111,48.325047,45.0
6112,43.431484,44.0
6113,41.88908,44.0
6114,42.613,46.0
6115,45.794956,46.0
6116,46.824856,44.0
6117,44.722565,44.0
6118,43.692753,41.0
6119,40.44746,43.0
6120,41.875114,42.0
6121,41.80133,42.0
6122,41.99795,43.0
6123,43.234795,43.0
6124,43.396225,42.0
6125,42.19463,43.0
6126,42.83074,44.0
6127,44.06968,43.0
6128,43.55282,43.0
6129,43.14127,43.0
6130,43.14204,42.0
6131,41.99282,42.0
6132,41.70868,42.0
6133,41.838657,42.0
6134,42.043472,44.0
6135,44.41309,45.0
6136,46.06337,43.0
6137,43.62206,41.0
6138,40.3263,39.0
6139,37.96542,38.0
6140,36.98975,39.0
6141,38.240665,39.0
6142,39.10908,37.0
6143,37.604248,38.0
6144,37.83517,38.0
6145,37.996258,39.0
6146,39.058414,37.0
6147,37.501007,34.0
6148,33.921043,32.0
6149,30.883942,33.0
6150,31.625362,35.0
6151,34.83593,38.0
6152,39.32447,38.0
6153,40.358456,38.0
6154,39.471046,39.0
6155,39.260597,39.0
6156,39.06681,39.0
6157,38.68752,39.0
6158,38.74074,39.0
6159,38.87794,40.0
6160,40.191826,40.0
6161,40.65405,40.0
6162,40.60871,39.0
6163,39.576015,42.0
6164,42.095062,41.0
6165,41.902443,42.0
6166,42.358597,42.0
6167,42.50025,44.0
6168,44.213337,45.0
6169,45.694836,46.0
6170,46.83397,48.0
6171,48.847755,50.0
6172,51.04878,52.0
6173,53.19788,53.0
6174,54.115772,53.0
6175,53.696747,52.0
6176,52.07675,52.0
6177,51.355457,52.0
6178,51.294605,53.0
6179,52.963684,52.0
6180,52.385643,52.0
6181,51.882896,52.0
6182,51.687744,52.0
6183,51.81429,52.0
6184,51.841652,52.0
6185,51.90328,52.0
6186,51.93345,52.0
6187,51.939976,52.0
6188,52.00317,52.0
6189,51.850216,52.0
6190,51.722984,52.0
6191,51.87135,52.0
6192,51.71536,52.0
6193,51.796062,52.0
6194,51.779194,53.0
6195,52.75815,53.0
6196,53.06226,53.0
6197,53.21348,51.0
6198,51.32278,47.0
6199,46.926647,45.0
6200,42.741364,45.0
6201,42.954903,46.0
6202,45.997192,45.0
6203,46.208908,46.0
6204,46.706326,47.0
6205,47.39852,47.0
6206,47.38893,46.0
6207,46.14273,45.0
6208,44.55636,45.0
6209,44.284588,46.0
6210,45.468136,45.0
6211,45.136585,47.0
6212,46.971798,47.0
6213,47.51624,49.0
6214,49.20571,49.0
6215,49.635418,47.0
6216,47.7839,48.0
6217,47.732677,49.0
6218,48.818314,45.0
6219,45.23741,44.0
6220,43.37706,44.0
6221,42.99665,46.0
6222,45.765068,47.0
6223,47.92049,48.0
6224,49.284378,50.0
6225,51.201366,50.0
6226,50.969666,51.0
6227,51.114407,51.0
6228,50.799828,52.0
6229,51.88584,53.0
6230,53.075092,53.0
6231,53.241108,54.0
6232,54.084213,55.0
6233,55.109818,55.0
6234,55.22956,56.0
6235,55.990917,57.0
6236,57.048767,57.0
6237,57.14947,58.0
6238,57.897453,59.0
6239,59.08155,59.0
6240,59.217705,60.0
6241,60.11103,61.0
6242,61.199135,61.0
6243,61.320595,62.0
6244,61.837273,63.0
6245,62.816708,64.0
6246,63.783,63.0
6247,62.628437,62.0
6248,61.175842,61.0
6249,59.882664,62.0
6250,61.0876,62.0
6251,61.624416,62.0
6252,61.76514,62.0
6253,61.920097,62.0
6254,61.882736,62.0
6255,61.772354,62.0
6256,61.86279,62.0
6257,61.826218,61.0
6258,60.496803,61.0
6259,60.387737,61.0
6260,60.62478,59.0
6261,58.921658,59.0
6262,58.486935,59.0
6263,58.634148,59.0
6264,58.55604,59.0
6265,58.656837,59.0
6266,58.82238,60.0
6267,59.881447,60.0
6268,60.199394,61.0
6269,61.047237,55.0
6270,55.00089,55.0
6271,53.715855,54.0
6272,52.822918,54.0
6273,53.388824,54.0
6274,54.300034,54.0
6275,54.76964,54.0
6276,54.35131,54.0
6277,53.520645,54.0
6278,53.347652,54.0
6279,53.93983,53.0
6280,52.846306,54.0
6281,53.70782,54.0
6282,53.7605,54.0
6283,53.915703,54.0
6284,53.82459,55.0
6285,54.856934,56.0
6286,56.17655,56.0
6287,56.420837,56.0
6288,56.479782,55.0
6289,55.289272,55.0
6290,54.658382,55.0
6291,54.473427,55.0
6292,54.599636,55.0
6293,54.743923,56.0
6294,55.7378,56.0
6295,56.26729,56.0
6296,55.93697,55.0
6297,54.618343,55.0
6298,54.17699,55.0
6299,54.243595,55.0
6300,54.65125,55.0
6301,54.693684,55.0
6302,54.494244,54.0
6303,53.44175,54.0
6304,53.232113,53.0
6305,52.16349,53.0
6306,52.21305,53.0
6307,52.35436,52.0
6308,51.547634,53.0
6309,52.188126,52.0
6310,51.636745,50.0
6311,49.578823,47.0
6312,46.089153,46.0
6313,44.54333,46.0
6314,44.830276,49.0
6315,48.527824,49.0
6316,49.856968,49.0
6317,49.73971,77.00000000000001
6318,76.106766,80.0
6319,80.09065,80.0
6320,83.36111,80.0
6321,79.78275,81.00000000000001
6322,78.28764,80.0
6323,77.175095,81.00000000000001
6324,80.86688,81.00000000000001
6325,81.667885,80.0
6326,79.85441,81.00000000000001
6327,80.532265,81.00000000000001
6328,80.96408,82.0
6329,82.01946,82.0
6330,82.0841,82.0
6331,82.0019,81.00000000000001
6332,80.93031,81.00000000000001
6333,80.54178,81.00000000000001
6334,80.570274,81.00000000000001
6335,80.683,81.00000000000001
6336,80.51355,81.00000000000001
6337,80.6817,82.0
6338,81.94628,82.0
6339,82.10418,82.99999999999999
6340,83.02639,82.99999999999999
6341,83.019646,70.99999999999999
6342,69.11889,70.99999999999999
6343,67.5734,70.99999999999999
6344,68.30767,70.99999999999999
6345,70.12466,70.0
6346,70.49689,70.0
6347,70.32216,70.0
6348,69.23699,70.0
6349,68.9518,70.0
6350,69.288605,69.00000000000001
6351,68.37954,68.0
6352,67.194786,66.99999999999999
6353,66.13004,66.99999999999999
6354,66.27631,66.99999999999999
6355,66.42228,66.99999999999999
6356,66.63639,66.99999999999999
6357,66.786224,66.0
6358,65.81668,66.99999999999999
6359,66.449104,66.99999999999999
6360,66.95621,66.0
6361,66.08566,69.00000000000001
6362,68.36807,69.00000000000001
6363,69.40294,69.00000000000001
6364,69.51286,68.0
6365,68.18066,68.0
6366,67.732635,68.0
6367,67.53129,69.00000000000001
6368,68.53728,69.00000000000001
6369,68.803856,69.00000000000001
6370,68.850746,68.0
6371,67.63294,66.99999999999999
6372,65.94148,66.0
6373,64.81185,66.0
6374,64.988045,65.0
6375,64.3062,64.0
6376,63.37272,63.0
6377,62.1812,63.0
6378,61.990982,63.0
6379,62.23708,63.0
6380,62.233868,64.0
6381,63.26944,63.0
6382,62.719105,63.0
6383,62.486214,64.0
6384,63.177254,63.0
6385,62.653915,61.0
6386,60.654804,60.0
6387,58.971977,55.0
6388,54.258224,54.0
6389,52.424683,32.0
6390,32.69072,32.0
6391,26.800657,33.0
6392,28.444033,35.0
6393,33.02144,37.0
6394,39.778645,38.0
6395,42.04142,40.0
6396,42.126396,41.0
6397,41.818825,42.0
6398,42.418438,43.0
6399,43.088753,45.0
6400,45.218613,47.0
6401,47.639175,48.0
6402,48.920967,47.0
6403,47.857876,47.0
6404,47.061687,48.0
6405,47.77921,49.0
6406,49.078106,48.0
6407,48.262337,49.0
6408,49.030262,49.0
6409,49.286297,49.0
6410,49.228004,48.0
6411,47.991688,50.0
6412,49.766403,52.0
6413,52.44099,66.0
6414,65.96978,64.0
6415,64.57161,65.0
6416,65.81616,65.0
6417,65.38368,66.0
6418,65.94347,66.0
6419,65.82993,66.0
6420,65.642136,66.0
6421,65.47982,66.0
6422,65.70762,66.99999999999999
6423,66.835396,66.99999999999999
6424,67.12731,66.99999999999999
6425,66.91751,66.0
6426,65.774506,66.0
6427,65.65316,66.99999999999999
6428,66.65156,66.99999999999999
6429,66.83975,66.99999999999999
6430,66.893074,66.0
6431,65.9324,66.0
6432,65.58998,66.0
6433,65.549805,65.0
6434,64.58017,64.0
6435,63.3343,63.0
6436,62.281715,63.0
6437,62.12878,64.0
6438,63.44002,65.0
6439,64.65998,65.0
6440,64.95087,65.0
6441,65.0052,65.0
6442,64.80692,65.0
6443,64.38948,65.0
6444,64.314964,65.0
6445,64.615456,66.0
6446,65.85547,66.99999999999999
6447,67.03146,69.00000000000001
6448,69.27749,69.00000000000001
6449,69.46119,70.0
6450,70.1836,70.99999999999999
6451,71.02367,73.00000000000001
6452,72.85185,73.00000000000001
6453,73.26511,74.0
6454,74.11529,74.99999999999999
6455,75.162254,76.0
6456,76.053986,76.0
6457,76.10314,76.0
6458,76.13854,77.00000000000001
6459,77.04818,77.00000000000001
6460,77.187004,78.0
6461,78.13644,68.0
6462,68.357285,69.00000000000001
6463,66.73361,68.0
6464,65.74554,68.0
6465,66.9117,68.0
6466,68.28745,68.0
6467,68.521034,68.0
6468,67.61747,66.99999999999999
6469,65.71694,65.0
6470,63.075096,63.0
6471,61.094566,62.0
6472,60.65335,62.0
6473,61.249767,61.0
6474,60.707504,62.0
6475,61.804363,63.0
6476,63.169823,64.0
6477,64.342636,65.0
6478,65.34193,65.0
6479,65.78797,66.0
6480,66.408424,66.99999999999999
6481,67.40608,66.99999999999999
6482,67.37456,68.0
6483,68.0358,69.00000000000001
6484,69.05868,70.0
6485,70.10019,42.0
6486,42.89678,43.0
6487,36.265312,52.0
6488,45.80271,53.0
6489,51.717648,54.0
6490,57.466534,54.0
6491,57.5464,53.0
6492,52.114635,53.0
6493,51.550076,53.0
6494,52.16431,53.0
6495,52.430275,53.0
6496,52.788567,53.0
6497,53.119957,53.0
6498,53.041115,53.0
6499,53.048416,54.0
6500,53.976795,54.0
6501,54.13187,54.0
6502,54.01026,54.0
6503,54.093082,55.0
6504,55.057125,55.0
6505,55.194683,55.0
6506,54.98116,55.0
6507,54.751965,58.0
6508,57.711468,59.0
6509,59.424683,66.99999999999999
6510,67.671844,65.0
6511,65.821106,64.0
6512,64.02105,64.0
6513,62.79898,63.0
6514,61.01269,63.0
6515,61.9188,62.0
6516,61.317226,62.0
6517,61.46993,62.0
6518,61.77463,61.0
6519,60.92221,61.0
6520,60.785187,62.0
6521,61.86571,62.0
6522,62.111248,63.0
6523,63.244595,63.0
6524,63.28741,62.0
6525,62.195732,62.0
6526,61.817986,62.0
6527,61.65079,63.0
6528,62.800327,62.0
6529,61.95304,61.0
6530,60.512474,61.0
6531,60.048103,61.0
6532,60.331985,61.0
6533,60.532196,61.0
6534,60.624657,60.0
6535,59.447906,60.0
6536,59.18375,59.0
6537,58.133965,59.0
6538,58.09158,58.0
6539,57.11585,58.0
6540,57.26532,57.0
6541,56.348778,57.0
6542,56.232132,56.0
6543,55.455772,55.0
6544,54.36325,54.0
6545,53.345474,53.0
6546,52.30875,53.0
6547,52.17008,54.0
6548,53.35467,54.0
6549,53.782734,55.0
6550,54.804165,55.0
6551,55.2225,56.0
6552,56.07016,55.0
6553,55.17653,56.0
6554,55.824787,56.0
6555,56.00639,56.0
6556,55.88636,56.0
6557,56.00073,56.0
6558,55.849,56.0
6559,55.726997,56.0
6560,55.81422,56.0
6561,55.70669,56.0
6562,55.802826,56.0
6563,55.837723,57.0
6564,57.02628,57.0
6565,57.085243,57.0
6566,56.933426,57.0
6567,56.731457,57.0
6568,56.705036,58.0
6569,57.978153,58.0
6570,58.119728,57.0
6571,56.856243,57.0
6572,56.630272,57.0
6573,56.732967,56.0
6574,55.834816,56.0
6575,55.586155,55.0
6576,54.4835,55.0
6577,54.307945,55.0
6578,54.46891,55.0
6579,54.735775,54.0
6580,53.769363,55.0
6581,54.66071,54.0
6582,53.80844,54.0
6583,53.606472,55.0
6584,54.773643,55.0
6585,54.966183,55.0
6586,54.904278,55.0
6587,54.842793,55.0
6588,54.83561,55.0
6589,54.810284,55.0
6590,54.79928,56.0
6591,55.94288,56.0
6592,56.084602,56.0
6593,56.09224,56.0
6594,55.895714,56.0
6595,55.818455,56.0
6596,55.90808,56.0
6597,55.9128,56.0
6598,55.698475,56.0
6599,55.955208,56.0
6600,55.883587,57.0
6601,56.84403,57.0
6602,57.037876,58.0
6603,58.02034,60.0
6604,60.136017,61.0
6605,61.471878,62.0
6606,62.366245,64.0
6607,64.412926,63.0
6608,63.52319,62.0
6609,61.83204,61.0
6610,60.46369,61.0
6611,60.3414,60.0
6612,59.332268,60.0
6613,59.341644,60.0
6614,59.55283,60.0
6615,59.6654,60.0
6616,59.741116,60.0
6617,59.723476,61.0
6618,60.70582,60.0
6619,59.989452,60.0
6620,59.784588,60.0
6621,59.844048,61.0
6622,60.788097,61.0
6623,61.02471,61.0
6624,60.885063,61.0
6625,61.070038,60.0
6626,60.064945,60.0
6627,59.598648,58.0
6628,57.45572,57.0
6629,55.982494,56.0
6630,54.8844,55.0
6631,53.97937,55.0
6632,54.232136,55.0
6633,54.722225,55.0
6634,54.87934,56.0
6635,56.032696,56.0
6636,56.125538,56.0
6637,55.809624,56.0
6638,55.451008,55.0
6639,54.449127,55.0
6640,54.40773,54.0
6641,53.601704,54.0
6642,53.59772,54.0
6643,53.740063,54.0
6644,53.972374,54.0
6645,53.781483,53.0
6646,52.93139,53.0
6647,52.538807,54.0
6648,53.430614,54.0
6649,53.599945,55.0
6650,54.79289,54.0
6651,54.149822,55.0
6652,54.98305,55.0
6653,55.117237,55.0
6654,55.08101,55.0
6655,54.91541,54.0
6656,53.717358,54.0
6657,53.400444,55.0
6658,54.61796,54.0
6659,54.028442,54.0
6660,53.582687,53.0
6661,52.430264,53.0
6662,52.45954,53.0
6663,52.77353,53.0
6664,52.83552,53.0
6665,52.752953,53.0
6666,52.62051,54.0
6667,53.59442,54.0
6668,53.98659,54.0
6669,53.96872,55.0
6670,54.853935,54.0
6671,54.05554,53.0
6672,52.861084,52.0
6673,51.577496,52.0
6674,51.225483,51.0
6675,50.547825,53.0
6676,52.654285,53.0
6677,53.240093,53.0
6678,53.383415,53.0
6679,53.169575,53.0
6680,52.890224,52.0
6681,51.790478,52.0
6682,51.5837,52.0
6683,51.753242,53.0
6684,52.952595,54.0
6685,54.416084,55.0
6686,55.57127,55.0
6687,55.30506,55.0
6688,54.969692,55.0
6689,54.878624,55.0
6690,54.72748,55.0
6691,54.87303,54.0
6692,53.98434,55.0
6693,54.696636,55.0
6694,54.779892,55.0
6695,54.949417,55.0
6696,54.913784,55.0
6697,54.865093,55.0
6698,54.916943,56.0
6699,55.93809,55.0
6700,55.12763,55.0
6701,54.857494,55.0
6702,54.74205,55.0
6703,54.854626,55.0
6704,54.895966,55.0
6705,54.935356,55.0
6706,54.869137,55.0
6707,54.792656,55.0
6708,54.46483,54.0
6709,52.91652,54.0
6710,53.016006,54.0
6711,53.46021,53.0
6712,52.67997,53.0
6713,52.633957,54.0
6714,53.622128,54.0
6715,53.998463,54.0
6716,54.08739,54.0
6717,53.96965,54.0
6718,53.779583,54.0
6719,53.774666,54.0
6720,53.857613,54.0
6721,53.883892,53.0
6722,52.755924,53.0
6723,52.53335,53.0
6724,52.591187,53.0
6725,52.695107,53.0
6726,52.832996,53.0
6727,52.81252,54.0
6728,53.902367,54.0
6729,54.140354,54.0
6730,54.09929,55.0
6731,55.186287,56.0
6732,56.36213,56.0
6733,56.19415,56.0
6734,55.944847,57.0
6735,56.942333,56.0
6736,55.930088,57.0
6737,56.791725,56.0
6738,55.978146,56.0
6739,55.873695,56.0
6740,55.891518,56.0
6741,56.024136,55.0
6742,55.055527,55.0
6743,54.77748,56.0
6744,55.77715,56.0
6745,56.040268,56.0
6746,55.84752,56.0
6747,55.719482,56.0
6748,55.67775,55.0
6749,54.62816,55.0
6750,54.459064,55.0
6751,54.512085,55.0
6752,54.60272,55.0
6753,54.7006,55.0
6754,54.802364,55.0
6755,54.700825,54.0
6756,53.30343,54.0
6757,53.16919,53.0
6758,52.41798,53.0
6759,52.393,54.0
6760,53.78722,54.0
6761,54.176804,53.0
6762,53.118202,53.0
6763,52.78203,53.0
6764,52.820187,53.0
6765,52.949104,54.0
6766,53.890404,54.0
6767,53.962215,54.0
6768,53.89375,54.0
6769,53.8792,54.0
6770,53.913136,55.0
6771,54.87928,55.0
6772,55.085438,56.0
6773,56.116966,57.0
6774,57.216915,57.0
6775,57.284718,58.0
6776,58.121147,58.0
6777,58.231846,57.0
6778,56.897644,57.0
6779,56.54776,57.0
6780,56.5414,57.0
6781,56.661095,57.0
6782,56.759796,58.0
6783,57.999756,57.0
6784,57.070217,57.0
6785,56.80191,57.0
6786,56.68774,57.0
6787,56.77749,57.0
6788,56.815517,57.0
6789,56.826584,56.0
6790,55.876385,56.0
6791,55.639923,56.0
6792,55.579384,56.0
6793,55.65507,56.0
6794,55.723915,56.0
6795,55.81262,55.0
6796,54.755608,55.0
6797,54.50115,54.0
6798,53.43712,54.0
6799,53.48213,54.0
6800,53.733562,54.0
6801,53.91165,54.0
6802,53.982098,54.0
6803,54.083817,54.0
6804,53.619907,53.0
6805,52.35576,53.0
6806,52.41172,52.0
6807,51.40234,51.0
6808,50.20478,51.0
6809,50.266098,51.0
6810,50.695263,51.0
6811,51.02342,51.0
6812,50.998306,51.0
6813,50.901493,52.0
6814,51.631588,52.0
6815,51.831955,52.0
6816,51.91351,52.0
6817,51.894962,52.0
6818,51.794323,52.0
6819,51.704605,52.0
6820,51.91285,52.0
6821,51.802986,52.0
6822,51.821774,52.0
6823,51.768353,51.0
6824,50.833427,52.0
6825,51.659294,51.0
6826,50.768517,52.0
6827,51.825455,51.0
6828,50.944824,52.0
6829,51.8769,52.0
6830,51.967052,53.0
6831,53.04693,55.0
6832,55.374874,57.0
6833,57.562595,57.0
6834,57.73273,59.0
6835,59.362957,60.0
6836,60.736843,60.0
6837,60.72475,59.0
6838,59.44912,59.0
6839,59.0287,58.0
6840,57.86742,58.0
6841,57.635727,58.0
6842,57.66986,58.0
6843,57.827934,58.0
6844,57.862465,58.0
6845,57.757404,58.0
6846,57.734596,57.0
6847,56.62643,57.0
6848,56.322517,56.0
6849,55.445923,56.0
6850,55.40843,56.0
6851,55.65171,56.0
6852,55.82478,57.0
6853,56.722378,56.0
6854,55.30246,57.0
6855,56.179874,56.0
6856,55.303734,56.0
6857,55.25281,55.0
6858,54.439358,54.0
6859,53.527275,53.0
6860,52.552315,54.0
6861,53.786133,54.0
6862,54.043938,54.0
6863,54.14562,54.0
6864,54.10532,54.0
6865,53.92553,54.0
6866,53.73695,54.0
6867,53.687965,53.0
6868,52.583183,53.0
6869,52.42384,55.0
6870,54.797028,58.0
6871,58.750008,59.0
6872,60.264503,59.0
6873,59.749073,59.0
6874,59.139385,59.0
6875,58.781025,60.0
6876,59.656063,59.0
6877,58.863113,59.0
6878,58.515182,58.0
6879,57.38209,57.0
6880,56.209328,56.0
6881,55.324554,56.0
6882,55.381615,55.0
6883,54.519283,55.0
6884,54.54305,55.0
6885,54.764114,55.0
6886,54.72442,55.0
6887,54.760193,55.0
6888,54.715508,56.0
6889,55.64094,56.0
6890,55.87722,56.0
6891,55.677437,56.0
6892,55.645145,56.0
6893,55.681065,55.0
6894,54.65279,53.0
6895,52.238735,53.0
6896,51.76827,55.0
6897,54.368732,57.0
6898,57.8044,58.0
6899,59.878136,59.0
6900,60.40655,60.0
6901,60.746487,60.0
6902,60.213814,60.0
6903,59.997356,61.0
6904,61.043793,61.0
6905,61.356052,61.0
6906,61.20762,61.0
6907,61.040638,61.0
6908,60.916225,61.0
6909,60.988323,62.0
6910,61.901787,62.0
6911,62.01602,62.0
6912,61.84909,61.0
6913,60.693336,61.0
6914,60.49253,61.0
6915,60.599663,61.0
6916,60.65146,60.0
6917,59.5592,60.0
6918,59.35974,60.0
6919,59.3284,59.0
6920,58.2679,57.0
6921,55.853214,56.0
6922,54.46151,55.0
6923,53.53187,54.0
6924,52.778778,54.0
6925,53.287125,54.0
6926,53.721706,55.0
6927,55.202747,55.0
6928,55.33101,55.0
6929,55.119884,55.0
6930,54.908146,55.0
6931,54.897682,55.0
6932,55.06642,55.0
6933,54.972515,55.0
6934,54.65956,55.0
6935,54.7241,54.0
6936,53.737648,55.0
6937,54.70251,54.0
6938,53.940666,54.0
6939,53.656193,54.0
6940,53.72637,54.0
6941,53.958805,54.0
6942,53.971684,54.0
6943,53.874825,54.0
6944,53.78902,54.0
6945,53.831882,54.0
6946,53.752644,53.0
6947,52.553688,53.0
6948,52.123913,53.0
6949,52.358982,53.0
6950,52.773956,53.0
6951,52.772423,54.0
6952,53.860447,54.0
6953,54.0319,54.0
6954,53.926144,55.0
6955,55.012455,56.0
6956,56.317112,56.0
6957,56.61966,56.0
6958,56.30644,56.0
6959,56.14319,56.0
6960,56.00944,56.0
6961,55.901657,56.0
6962,55.814922,56.0
6963,55.802757,56.0
6964,55.790314,56.0
6965,55.773865,57.0
6966,56.845203,58.0
6967,58.11755,58.0
6968,58.130367,59.0
6969,59.02568,63.0
6970,63.17686,64.0
6971,65.502754,64.0
6972,64.92052,65.0
6973,64.42327,64.0
6974,63.13245,63.0
6975,62.143234,61.0
6976,59.8633,60.0
6977,58.77899,59.0
6978,58.099052,59.0
6979,58.444504,58.0
6980,57.68032,58.0
6981,57.494427,58.0
6982,57.690357,57.0
6983,56.581284,58.0
6984,57.504784,57.0
6985,56.790672,58.0
6986,57.642445,58.0
6987,57.780174,58.0
6988,57.763107,58.0
