,prediction,actual
0,54.926548,55.0
1,55.128094,53.99999999999999
2,53.805058,55.0
3,54.866066,55.0
4,54.872627,55.0
5,54.97858,53.99999999999999
6,54.07305,53.99999999999999
7,53.925655,53.99999999999999
8,53.783344,53.99999999999999
9,53.83097,53.99999999999999
10,53.807407,53.99999999999999
11,53.714684,53.99999999999999
12,54.000217,53.99999999999999
13,54.067585,53.99999999999999
14,54.10466,53.99999999999999
15,54.15449,53.99999999999999
16,54.308056,55.0
17,55.492107,56.0
18,56.425617,56.0
19,56.459064,56.0
20,56.580635,56.0
21,56.59644,56.0
22,56.1125,57.0
23,57.181377,58.0
24,58.185097,58.0
25,57.91785,59.0
26,58.947224,59.0
27,59.04896,59.0
28,58.78049,58.0
29,57.971096,58.0
30,57.768448,58.0
31,57.64477,58.0
32,57.733257,58.0
33,57.860287,58.0
34,57.830963,58.0
35,57.723,58.0
36,57.856968,58.0
37,57.98202,58.0
38,57.92897,58.0
39,57.98235,58.0
40,58.12931,58.0
41,57.765038,57.0
42,57.151093,57.0
43,57.152454,57.0
44,57.12877,57.0
45,57.118816,57.0
46,57.38956,57.0
47,57.260963,56.0
48,56.6893,56.0
49,56.381382,56.0
50,55.977684,56.0
51,55.96969,56.0
52,55.945606,58.0
53,58.022095,58.0
54,57.922028,58.0
55,57.946907,57.0
56,56.824635,57.0
57,56.69728,57.0
58,56.776382,57.0
59,56.787323,57.0
60,56.821804,57.0
61,56.956825,57.0
62,56.988697,57.0
63,56.8596,57.0
64,57.082848,56.0
65,55.979786,56.0
66,56.637268,56.0
67,56.288063,55.0
68,55.012127,55.0
69,55.22946,55.0
70,55.70997,55.0
71,55.571995,55.0
72,55.230293,55.0
73,55.32035,55.0
74,55.378258,55.0
75,54.952927,55.0
76,54.950626,53.99999999999999
77,54.034615,55.0
78,55.013863,55.0
79,54.89858,55.0
80,54.80498,55.0
81,54.829575,55.0
82,54.83425,55.0
83,54.795033,55.0
84,54.625244,55.0
85,54.63783,55.0
86,54.64278,55.0
87,54.63037,56.0
88,55.585278,56.0
89,55.5657,56.0
90,56.115417,56.0
91,56.674294,57.0
92,57.39957,57.0
93,57.448532,57.0
94,57.575188,57.0
95,57.017338,57.0
96,57.221855,57.0
97,57.2678,57.0
98,57.376064,57.0
99,57.09405,57.0
100,57.043537,56.0
101,56.079754,55.0
102,55.095406,55.0
103,55.083866,55.0
104,54.936844,55.0
105,55.011635,55.0
106,54.873543,55.0
107,54.916172,53.99999999999999
108,53.930923,53.99999999999999
109,53.90777,53.99999999999999
110,54.162388,53.99999999999999
111,54.161263,53.99999999999999
112,54.31198,53.99999999999999
113,54.091076,53.99999999999999
114,54.428753,53.99999999999999
115,54.45261,55.0
116,55.746735,55.0
117,55.376846,55.0
118,55.38865,55.0
119,54.97312,55.0
120,54.827744,55.0
121,55.009438,55.0
122,54.992764,55.0
123,55.036133,56.0
124,56.04812,56.0
125,56.017612,57.0
126,57.035965,57.0
127,56.98475,57.0
128,56.91493,57.0
129,56.913082,57.0
130,56.86566,57.0
131,56.76468,57.0
132,56.996895,57.0
133,56.97586,57.0
134,56.991814,57.0
135,57.01347,57.0
136,57.188103,58.0
137,58.325962,58.0
138,58.342842,58.0
139,58.392933,58.0
140,57.927586,58.0
141,58.151356,58.0
142,57.823006,57.0
143,56.697666,57.0
144,56.899952,57.0
145,57.003563,57.0
146,57.03597,56.0
147,56.049095,55.0
148,54.95503,55.0
149,55.00632,53.99999999999999
150,53.9279,53.99999999999999
151,53.96512,53.99999999999999
152,54.00825,53.99999999999999
153,53.998444,53.99999999999999
154,53.925205,53.99999999999999
155,53.933983,53.99999999999999
156,53.992752,53.99999999999999
157,54.00746,55.0
158,55.001007,55.0
159,55.029243,53.99999999999999
160,54.281998,53.99999999999999
161,54.38159,53.99999999999999
162,54.55115,53.99999999999999
163,54.4646,53.99999999999999
164,54.435688,53.99999999999999
165,54.330532,55.0
166,54.95358,57.0
167,57.230648,58.0
168,57.922863,59.0
169,58.948364,60.0
170,59.94822,61.0
171,60.892788,62.0
172,61.759,63.0
173,62.966934,64.0
174,63.815094,64.0
175,63.804977,64.0
176,63.858097,65.0
177,64.9086,65.0
178,64.97016,65.0
179,64.91102,66.0
180,66.003975,66.0
181,66.03538,66.0
182,66.07022,66.0
183,65.79058,66.0
184,65.893936,67.0
185,66.96881,67.0
186,66.72642,66.0
187,65.61336,66.0
188,65.56533,65.0
189,63.768612,64.0
190,63.259422,62.0
191,61.89726,62.0
192,61.814293,60.0
193,59.51006,59.0
194,58.720913,59.0
195,58.829643,58.0
196,57.8533,57.0
197,56.896767,57.0
198,56.889732,57.0
199,56.835873,57.0
200,56.879955,57.0
201,56.907307,58.0
202,57.92068,58.0
203,57.97039,58.0
204,57.964012,58.0
205,57.935154,58.0
206,58.016815,59.0
207,59.224392,60.0
208,60.02235,60.0
209,59.384045,59.0
210,58.078045,61.0
211,60.63207,61.0
212,59.91288,71.0
213,70.57454,64.0
214,63.552223,71.0
215,70.83116,64.0
216,63.981606,64.0
217,64.014565,64.0
218,64.024445,64.0
219,64.0727,64.0
220,64.078674,64.0
221,64.05002,64.0
222,64.08506,65.0
223,65.12374,65.0
224,65.10362,65.0
225,65.102295,65.0
226,65.11197,65.0
227,65.087074,64.0
228,64.09918,64.0
229,64.11084,64.0
230,63.95554,62.0
231,61.708344,62.0
232,61.641678,61.0
233,60.441708,62.0
234,61.53746,62.0
235,61.20846,62.0
236,60.764915,60.0
237,59.033833,61.0
238,60.95277,60.0
239,59.91831,59.0
240,58.9081,60.0
241,60.06718,60.0
242,59.986237,59.0
243,58.98558,59.0
244,58.97982,59.0
245,58.96778,59.0
246,58.973743,59.0
247,58.94456,59.0
248,58.9892,59.0
249,59.00097,59.0
250,58.94875,59.0
251,58.99703,59.0
252,59.020893,58.0
253,58.02241,58.0
254,58.1394,58.0
255,58.064495,58.0
256,57.692345,57.0
257,56.884544,57.0
258,57.07211,56.0
259,55.675323,56.0
260,55.804363,56.0
261,55.800674,55.0
262,54.964935,55.0
263,54.616505,55.0
264,54.624603,53.99999999999999
265,53.906727,53.99999999999999
266,53.912556,53.99999999999999
267,53.86664,53.0
268,52.96752,53.0
269,52.963306,52.0
270,51.886986,52.0
271,51.93689,52.0
272,52.037556,50.0
273,49.98801,47.0
274,46.481964,44.0
275,43.498608,42.99999999999999
276,42.843445,45.0
277,44.787548,45.0
278,44.911564,45.0
279,44.879192,45.0
280,44.93678,46.0
281,46.315914,46.0
282,46.390232,45.0
283,44.33826,42.99999999999999
284,42.45147,46.0
285,45.536827,47.0
286,47.340004,51.0
287,51.34178,61.0
288,60.372334,61.0
289,60.38374,51.0
290,50.91739,48.0
291,48.085197,50.0
292,49.896606,49.0
293,48.497875,51.0
294,50.92554,51.0
295,50.957947,51.0
296,50.80148,51.0
297,50.897087,52.0
298,51.909904,53.0
299,52.94182,53.0
300,53.041595,53.0
301,53.000362,53.99999999999999
302,53.992943,55.0
303,55.08144,56.0
304,56.30444,56.0
305,55.986904,56.0
306,56.097984,57.0
307,57.06415,58.0
308,58.167957,59.0
309,58.595894,59.0
310,58.879147,59.0
311,58.96941,59.0
312,58.9847,60.0
313,59.79458,61.0
314,60.832607,61.0
315,60.689793,61.0
316,60.63748,62.0
317,61.595654,62.0
318,61.78511,62.0
319,61.962193,63.0
320,62.96763,63.0
321,62.98585,65.0
322,64.97571,65.0
323,65.0129,65.0
324,65.03597,65.0
325,65.05285,65.0
326,64.78039,64.0
327,63.517082,63.0
328,62.58689,63.0
329,62.77634,62.0
330,60.89348,62.0
331,62.006195,63.0
332,63.227894,62.0
333,61.17734,64.0
334,65.1087,63.0
335,62.05769,63.0
336,62.776833,62.0
337,61.396427,61.0
338,60.4846,60.0
339,59.38935,60.0
340,59.75212,60.0
341,59.854137,60.0
342,59.850163,60.0
343,59.860764,59.0
344,58.91322,60.0
345,59.93264,60.0
346,59.937294,60.0
347,59.94329,60.0
348,60.004776,60.0
349,60.009914,61.0
350,60.938946,62.0
351,61.943867,62.0
352,61.701572,62.0
353,61.536198,63.0
354,62.91087,63.0
355,62.006573,61.0
356,59.35444,61.0
357,59.81582,62.0
358,62.203777,64.0
359,63.416397,71.0
360,70.0602,71.0
361,70.29379,63.0
362,62.611652,63.0
363,62.317745,63.0
364,62.69774,63.0
365,62.90321,63.0
366,62.877335,63.0
367,62.961647,63.0
368,63.03068,62.0
369,61.925022,61.0
370,60.9421,61.0
371,60.963783,59.0
372,58.996334,59.0
373,59.059723,57.0
374,56.87621,57.0
375,57.14104,57.0
376,57.29134,58.0
377,58.00785,56.0
378,55.406166,56.0
379,55.777115,57.0
380,56.953487,58.0
381,57.8844,58.0
382,58.613018,57.0
383,56.126907,58.0
384,58.06482,57.0
385,56.586662,57.0
386,56.453503,58.0
387,58.034935,57.0
388,57.0143,57.0
389,56.983467,57.0
390,56.97457,57.0
391,57.042625,57.0
392,56.981274,57.0
393,56.784584,58.0
394,57.779,58.0
395,57.720665,59.0
396,59.046192,59.0
397,59.051098,60.0
398,60.004,61.0
399,60.594326,61.0
400,60.549377,62.0
401,61.824413,63.0
402,62.977848,63.0
403,62.602386,63.0
404,62.685627,62.0
405,61.00719,61.0
406,60.81228,61.0
407,60.578976,61.0
408,60.843037,61.0
409,60.684002,62.0
410,61.95378,62.0
411,61.931908,63.0
412,62.977352,64.0
413,63.883144,64.0
414,63.91332,63.0
415,62.943832,63.0
416,62.951202,62.0
417,61.987507,61.0
418,61.050488,60.0
419,60.033154,59.0
420,59.054653,59.0
421,59.051258,58.0
422,57.990383,58.0
423,58.004,58.0
424,58.040936,57.0
425,57.20966,57.0
426,56.866558,57.0
427,56.564503,57.0
428,56.52425,57.0
429,56.733356,56.0
430,55.732803,56.0
431,55.727993,55.0
432,55.031403,55.0
433,55.05009,55.0
434,54.999653,55.0
435,54.999172,55.0
436,55.00125,52.0
437,51.98081,51.0
438,50.980705,49.0
439,49.055588,49.0
440,48.984467,48.0
441,47.9935,47.0
442,46.940857,45.0
443,44.82167,44.0
444,43.940807,42.99999999999999
445,43.013527,42.0
446,41.908794,41.0
447,40.96951,40.0
448,40.005756,39.0
449,39.000065,37.0
450,37.27088,36.0
451,36.3927,37.0
452,37.54876,37.0
453,37.475544,37.0
454,37.390884,37.0
455,37.062935,37.0
456,36.92737,36.0
457,35.33073,35.0
458,34.872963,34.0
459,34.10846,33.0
460,32.955547,33.0
461,32.77274,32.0
462,31.767904,33.0
463,32.89457,32.0
464,32.087914,33.0
465,32.97545,33.0
466,33.0327,32.0
467,32.045734,32.0
468,32.05714,31.0
469,31.078743,31.0
470,31.113243,31.0
471,31.222944,31.0
472,31.246136,31.0
473,31.136353,31.0
474,30.82074,31.0
475,30.836897,32.0
476,31.634392,30.0
477,29.10601,30.0
478,29.585938,31.0
479,30.35902,30.0
480,29.907536,31.0
481,31.06299,32.0
482,32.148293,32.0
483,31.867086,32.0
484,31.744081,53.99999999999999
485,53.65613,53.0
486,52.75844,53.99999999999999
487,53.938564,53.99999999999999
488,53.92331,55.0
489,54.91142,55.0
490,54.93922,56.0
491,55.92483,57.0
492,56.955788,57.0
493,56.94764,58.0
494,57.94224,57.0
495,56.848293,57.0
496,56.3923,57.0
497,56.58209,56.0
498,55.542797,56.0
499,55.49044,56.0
500,55.440308,56.0
501,55.57245,56.0
502,55.564247,56.0
503,55.46617,56.0
504,55.51904,57.0
505,56.750614,57.0
506,56.74878,57.0
507,56.87946,57.0
508,56.762882,60.0
509,60.044895,60.0
510,60.049175,60.0
511,60.068478,59.0
512,59.06957,58.0
513,58.054073,58.0
514,58.084988,58.0
515,58.095623,57.0
516,57.069378,57.0
517,57.082596,57.0
518,57.06303,56.0
519,55.981617,55.0
520,54.956566,56.0
521,56.1541,55.0
522,54.958496,55.0
523,54.88717,55.0
524,54.72068,55.0
525,54.90578,55.0
526,54.61689,55.0
527,54.934673,55.0
528,55.004425,55.0
529,55.01172,55.0
530,55.02707,55.0
531,55.028,56.0
532,56.04623,78.0
533,78.34776,80.0
534,80.52709,80.0
535,80.52614,81.0
536,81.45044,80.0
537,79.92187,80.0
538,80.40986,78.0
539,77.47709,77.0
540,76.64883,76.0
541,75.875305,75.0
542,75.25462,74.0
543,74.37476,73.00000000000001
544,73.262634,73.00000000000001
545,73.08678,72.0
546,71.77461,71.0
547,70.513695,70.0
548,69.35318,68.0
549,67.45886,69.0
550,69.13918,68.0
551,67.56719,68.0
552,67.520706,68.0
553,67.66078,66.0
554,65.865974,66.0
555,66.014885,64.0
556,63.92332,65.0
557,65.02102,65.0
558,65.01408,65.0
559,65.065414,65.0
560,65.04422,65.0
561,65.09573,66.0
562,66.09406,66.0
563,66.086945,65.0
564,65.03527,65.0
565,65.001465,65.0
566,65.01571,65.0
567,64.94581,64.0
568,63.873184,64.0
569,63.86522,64.0
570,63.872276,64.0
571,63.693413,63.0
572,62.292526,63.0
573,62.48469,63.0
574,62.185596,62.0
575,61.19293,63.0
576,62.835777,62.0
577,61.9726,61.0
578,61.03859,61.0
579,61.01412,60.0
580,59.957165,68.0
581,67.952835,67.0
582,66.98814,67.0
583,67.00842,66.0
584,66.01737,65.0
585,65.025154,65.0
586,65.04041,68.0
587,68.09227,71.0
588,71.16043,75.0
589,75.26954,78.0
590,78.15632,81.0
591,81.064674,85.0
592,84.98066,88.0
593,87.79997,91.0
594,90.70701,95.00000000000001
595,94.45216,98.0
596,97.14961,102.0
597,100.645256,105.0
598,103.327576,107.99999999999999
599,105.9916,112.0
600,110.12036,115.0
601,113.0623,118.0
602,116.74699,122.0
603,121.63975,125.0
604,124.772644,129.0
605,129.38011,139.0
606,139.75093,144.0
607,144.92346,149.0
608,150.41228,145.0
609,146.05414,128.0
610,126.0448,113.0
611,111.06668,99.0
612,97.6818,98.0
613,98.016716,96.0
614,96.72357,95.00000000000001
615,95.76383,94.0
616,94.75906,93.0
617,92.99565,93.0
618,92.88146,92.0
619,92.092545,92.0
620,92.40329,92.0
621,92.293495,91.0
622,90.909744,91.0
623,91.29726,91.0
624,91.22365,91.0
625,91.49371,91.0
626,91.77089,91.0
627,92.043434,91.0
628,92.43141,81.0
629,81.33722,80.0
630,80.32402,79.0
631,79.33289,78.0
632,78.354965,77.0
633,77.42335,76.0
634,76.42308,76.0
635,76.36116,74.0
636,74.21993,72.0
637,72.16647,71.0
638,71.03372,69.0
639,68.95919,69.0
640,68.907265,68.0
641,67.57265,67.0
642,66.23175,68.0
643,67.637886,69.0
644,68.5339,69.0
645,68.36612,69.0
646,67.86857,70.0
647,69.51076,69.0
648,68.743256,71.0
649,71.01822,71.0
650,71.09921,71.0
651,71.160065,72.0
652,72.03372,65.0
653,65.043655,65.0
654,65.1203,65.0
655,65.14728,64.0
656,64.08095,64.0
657,64.1212,64.0
658,64.08472,64.0
659,64.1195,64.0
660,64.133644,64.0
661,64.08031,64.0
662,64.03992,64.0
663,63.85065,64.0
664,63.889915,65.0
665,64.68706,65.0
666,63.950382,66.0
667,64.98473,66.0
668,64.741554,97.0
669,94.285576,100.0
670,98.197014,106.0
671,106.21853,104.0
672,104.51349,93.0
673,92.98079,71.0
674,71.00896,68.0
675,68.052505,68.0
676,67.995834,56.0
677,55.992912,55.0
678,55.075584,55.0
679,54.86304,55.0
680,54.804966,55.0
681,54.816727,53.99999999999999
682,53.899845,53.99999999999999
683,53.769398,53.99999999999999
684,54.010643,53.0
685,53.098457,53.0
686,53.148518,53.0
687,53.027016,53.0
688,53.041225,53.0
689,52.962555,53.0
690,52.715256,52.0
691,51.97216,53.0
692,53.211555,52.0
693,51.751625,52.0
694,52.199596,53.0
695,53.25868,53.0
696,53.083977,53.0
697,53.073864,53.0
698,53.137016,53.0
699,53.08424,53.0
700,52.97082,89.0
701,89.61112,88.0
702,88.791374,87.0
703,87.79597,88.0
704,89.08585,89.0
705,90.15751,87.0
706,86.98376,87.0
707,87.97538,85.0
708,85.407906,85.0
709,85.98659,85.0
710,85.77716,85.0
711,85.539246,85.0
712,85.1231,85.0
713,84.25556,84.0
714,82.80699,83.0
715,81.595116,83.0
716,82.32494,83.0
717,82.308075,83.0
718,82.30226,83.0
719,82.010025,83.0
720,82.4342,82.0
721,81.90802,83.0
722,83.252075,81.0
723,80.95847,80.0
724,79.96446,80.0
725,80.29639,82.0
726,82.662834,84.0
727,84.81122,82.0
728,82.274155,79.0
729,79.40877,81.0
730,81.6437,83.0
731,83.90267,87.0
732,88.20582,89.0
733,90.22443,88.0
734,88.73241,87.0
735,87.361694,87.0
736,86.99718,87.0
737,86.917244,88.0
738,87.47133,89.0
739,87.9964,91.0
740,91.31374,91.0
741,90.90434,92.0
742,91.2838,92.0
743,91.57402,93.0
744,93.4565,94.0
745,94.78184,92.0
746,92.22498,91.0
747,91.182335,91.0
748,91.64073,93.0
749,94.30148,94.0
750,95.36797,96.0
751,97.68482,99.0
752,100.79899,101.0
753,102.76155,100.0
754,100.75947,97.0
755,96.41497,94.0
756,94.74572,91.0
757,91.88478,93.0
758,94.27983,94.0
759,94.96582,94.0
760,94.190994,94.0
761,93.25191,94.0
762,93.26303,93.0
763,91.54587,90.0
764,88.76291,89.0
765,88.16845,89.0
766,88.47298,90.0
767,89.69526,89.0
768,88.97735,87.0
769,87.26639,89.0
770,89.49949,91.0
771,91.75277,92.0
772,92.96344,94.0
773,95.403946,94.0
774,95.38667,90.0
775,90.93734,89.0
776,89.99523,88.0
777,88.9689,88.0
778,88.981544,91.0
779,92.285355,95.00000000000001
780,96.75926,94.0
781,93.687004,93.0
782,94.201,93.0
783,93.35775,93.0
784,93.1209,93.0
785,92.58121,93.0
786,92.37518,93.0
787,91.96749,94.0
788,93.21506,95.00000000000001
789,94.70067,95.00000000000001
790,94.49212,96.0
791,96.03337,97.0
792,96.73412,96.0
793,96.119835,96.0
794,95.544136,94.0
795,94.26884,95.00000000000001
796,95.99229,94.0
797,95.53978,92.0
798,93.06417,91.0
799,90.94209,91.0
800,91.575485,91.0
801,91.28653,91.0
802,91.93473,88.0
803,88.26228,84.0
804,84.762535,85.99999999999999
805,86.95621,85.99999999999999
806,86.87314,85.0
807,85.5133,84.0
808,84.13773,84.0
809,84.0176,84.0
810,83.54267,84.0
811,83.48263,84.0
812,83.27934,84.0
813,83.22105,84.0
814,83.595,83.0
815,82.88876,83.0
816,82.68337,84.0
817,84.17926,84.0
818,84.19846,85.0
819,84.82421,84.0
820,84.52539,82.0
821,82.47108,81.0
822,81.43654,81.0
823,81.46139,81.0
824,81.63901,81.0
825,81.666595,80.0
826,80.536514,82.0
827,82.55366,82.0
828,82.56057,81.0
829,81.825966,81.0
830,81.57906,81.0
831,81.1885,82.0
832,82.05069,82.0
833,81.68694,81.0
834,80.40173,81.0
835,80.328445,80.0
836,79.1158,80.0
837,78.978806,80.0
838,79.420204,80.0
839,79.121185,79.0
840,78.70266,78.0
841,78.05334,77.0
842,77.33149,76.0
843,76.407234,76.0
844,76.43973,75.0
845,75.42558,75.0
846,75.360344,74.0
847,74.38837,73.00000000000001
848,73.39514,73.00000000000001
849,73.423836,72.0
850,72.38923,72.0
851,72.41342,71.0
852,71.394005,71.0
853,71.39421,71.0
854,71.24391,71.0
855,71.16438,71.0
856,70.96827,71.0
857,70.96433,72.0
858,71.98297,72.0
859,71.90876,73.00000000000001
860,72.53177,74.0
861,73.37608,73.00000000000001
862,72.77331,74.0
863,73.54758,75.0
864,74.922295,77.0
865,76.98017,78.0
866,78.125244,80.0
867,80.42048,82.0
868,82.44643,83.0
869,83.64161,84.0
870,84.75026,87.0
871,87.957886,88.0
872,89.0089,90.0
873,90.984566,91.0
874,92.004265,93.0
875,94.28609,93.0
876,93.1159,92.0
877,91.6022,90.0
878,89.72841,89.0
879,88.52519,88.0
880,87.58177,87.0
881,86.94239,85.0
882,84.79103,84.0
883,83.46499,83.0
884,81.94645,82.0
885,80.574135,81.0
886,80.48575,80.0
887,78.678604,79.0
888,78.39287,78.0
889,77.61389,77.0
890,76.554344,75.0
891,74.58379,75.0
892,75.137886,75.0
893,75.29865,76.0
894,76.64161,77.0
895,77.661736,78.0
896,78.6839,78.0
897,78.63827,78.0
898,78.629715,78.0
899,78.605354,79.0
900,79.663246,81.0
901,81.74951,82.0
902,82.52482,83.0
903,83.11139,84.0
904,82.89076,84.0
905,82.61906,85.0
906,83.57111,85.99999999999999
907,84.4691,85.99999999999999
908,84.57311,85.99999999999999
909,84.50823,85.0
910,83.57063,84.0
911,82.47477,84.0
912,83.473,84.0
913,83.686806,83.0
914,82.34627,82.0
915,81.82789,81.0
916,81.18854,81.0
917,81.47966,78.0
918,78.38796,76.0
919,76.400566,74.0
920,74.29448,71.0
921,71.168106,70.0
922,70.21531,68.0
923,68.13965,67.0
924,67.20114,66.0
925,66.16454,65.0
926,65.06781,64.0
927,63.873474,64.0
928,63.71809,63.0
929,62.75772,63.0
930,62.97553,62.0
931,61.925186,61.0
932,60.547974,62.0
933,61.484688,62.0
934,61.796337,63.0
935,62.809135,63.0
936,62.792377,63.0
937,62.915707,62.0
938,61.93346,62.0
939,62.041416,62.0
940,62.05945,62.0
941,62.099033,62.0
942,62.111855,62.0
943,62.11279,62.0
944,62.13442,62.0
945,62.1407,63.0
946,63.18154,63.0
947,63.18316,64.0
948,64.18175,64.0
949,64.16614,64.0
950,64.174164,65.0
951,65.0991,66.0
952,66.08865,66.0
953,65.75731,66.0
954,65.870995,67.0
955,66.756805,66.0
956,65.432686,65.0
957,64.45464,65.0
958,64.30776,64.0
959,63.500793,64.0
960,64.03162,64.0
961,63.71877,65.0
962,65.02023,65.0
963,64.891365,64.0
964,63.876278,63.0
965,62.930344,63.0
966,62.980152,62.0
967,61.99106,61.0
968,61.045067,60.0
969,60.029217,60.0
970,60.029175,59.0
971,59.055958,58.0
972,58.05727,57.0
973,57.04897,57.0
974,57.092743,56.0
975,56.079136,55.0
976,55.385616,55.0
977,54.965244,53.99999999999999
978,54.14152,53.0
979,53.217133,53.99999999999999
980,54.770935,55.0
981,54.672577,55.0
982,54.78628,55.0
983,54.730724,55.0
984,54.849495,55.0
985,55.046505,53.99999999999999
986,54.052887,53.99999999999999
987,54.023663,53.99999999999999
988,54.03932,53.99999999999999
989,54.04048,53.99999999999999
990,54.031048,53.99999999999999
991,54.04369,53.99999999999999
992,53.839287,53.99999999999999
993,54.034695,53.99999999999999
994,54.045868,53.99999999999999
995,54.06524,53.99999999999999
996,54.049618,53.99999999999999
997,54.04547,53.0
998,53.021236,53.0
999,53.11638,53.0
1000,53.1886,53.99999999999999
1001,54.21316,53.0
1002,53.023674,53.99999999999999
1003,54.233253,52.0
1004,52.295258,53.0
1005,53.16685,53.0
1006,52.89894,53.0
1007,52.813927,52.0
1008,51.78816,52.0
1009,51.97868,52.0
1010,52.02343,52.0
1011,52.060387,52.0
1012,52.059795,52.0
1013,52.03845,52.0
1014,52.06024,52.0
1015,52.028114,52.0
1016,52.03006,52.0
1017,52.029358,53.0
1018,53.04246,52.0
1019,52.035576,52.0
1020,52.04762,52.0
1021,52.042507,52.0
1022,52.043503,53.0
1023,53.149067,52.0
1024,51.875877,53.0
1025,53.536434,52.0
1026,52.03525,52.0
1027,51.927494,52.0
1028,52.143444,51.0
1029,50.808826,50.0
1030,49.737514,48.0
1031,47.908485,49.0
1032,48.9975,48.0
1033,48.035706,50.0
1034,50.07191,49.0
1035,48.99174,48.0
1036,48.05652,48.0
1037,48.097633,49.0
1038,49.057076,50.0
1039,50.085316,50.0
1040,50.101963,50.0
1041,50.08823,49.0
1042,48.95544,49.0
1043,49.03831,48.0
1044,47.94222,49.0
1045,49.061996,48.0
1046,48.05965,45.0
1047,45.152493,46.0
1048,46.29736,45.0
1049,45.31624,46.0
1050,46.359344,47.0
1051,47.474594,47.0
1052,47.359913,47.0
1053,47.773796,47.0
1054,46.854916,48.0
1055,47.820274,48.0
1056,48.061386,48.0
1057,47.978165,46.0
1058,46.00689,47.0
1059,47.0493,48.0
1060,48.06833,48.0
1061,48.036526,47.0
1062,47.040764,47.0
1063,47.05817,47.0
1064,46.722744,47.0
1065,47.0453,48.0
1066,48.02439,50.0
1067,50.045486,51.0
1068,51.030533,51.0
1069,50.999416,51.0
1070,51.02107,52.0
1071,52.143257,52.0
1072,52.10601,52.0
1073,51.8149,52.0
1074,51.845654,53.0
1075,53.12408,53.99999999999999
1076,54.188927,53.99999999999999
1077,53.997707,53.99999999999999
1078,53.648537,53.99999999999999
1079,53.980946,53.99999999999999
1080,54.032925,53.99999999999999
1081,53.992332,55.0
1082,55.018047,55.0
1083,55.0186,55.0
1084,55.0598,55.0
1085,55.01524,56.0
1086,56.037033,56.0
1087,56.01027,56.0
1088,56.045654,56.0
1089,56.062992,56.0
1090,56.0715,56.0
1091,56.05897,56.0
1092,56.069492,56.0
1093,56.052296,55.0
1094,54.999123,55.0
1095,55.032043,55.0
1096,55.330326,55.0
1097,54.81199,55.0
1098,55.0543,55.0
1099,55.032364,53.99999999999999
1100,53.949654,53.99999999999999
1101,54.038754,53.99999999999999
1102,53.88911,53.99999999999999
1103,53.943592,53.0
1104,52.967907,53.99999999999999
1105,54.00908,53.99999999999999
1106,53.998344,53.99999999999999
1107,53.998493,53.99999999999999
1108,54.00988,53.99999999999999
1109,53.997272,53.99999999999999
1110,54.00212,55.0
1111,55.013363,55.0
1112,55.02774,55.0
1113,55.04858,55.0
1114,55.053215,55.0
1115,55.054832,55.0
1116,55.034046,55.0
1117,55.049896,55.0
1118,55.038235,56.0
1119,56.034473,55.0
1120,55.197308,56.0
1121,56.290867,56.0
1122,56.348495,57.0
1123,56.81213,57.0
1124,56.95723,56.0
1125,55.740124,56.0
1126,55.967503,57.0
1127,56.9506,57.0
1128,56.98249,57.0
1129,56.97684,56.0
1130,55.70283,56.0
1131,56.0145,56.0
1132,56.0282,55.0
1133,54.83542,55.0
1134,54.9345,55.0
1135,54.93164,53.99999999999999
1136,54.158035,53.99999999999999
1137,54.078,53.99999999999999
1138,54.154636,53.0
1139,53.131657,53.0
1140,53.01754,53.0
1141,53.02142,53.0
1142,52.996414,52.0
1143,51.969875,52.0
1144,51.91969,51.0
1145,51.24983,49.0
1146,48.974834,48.0
1147,48.14047,48.0
1148,48.278584,48.0
1149,48.09217,49.0
1150,49.184998,50.0
1151,50.063065,50.0
1152,50.03097,51.0
1153,50.84426,51.0
1154,50.906956,51.0
1155,50.91401,51.0
1156,50.92586,32.0
1157,31.81572,32.0
1158,31.859934,33.0
1159,32.8653,33.0
1160,32.784992,33.0
1161,32.829643,34.0
1162,33.5485,35.0
1163,34.481262,36.0
1164,35.620983,37.0
1165,36.731075,38.0
1166,37.76427,39.0
1167,38.993614,39.0
1168,39.336845,41.0
1169,41.55067,42.0
1170,42.384262,41.0
1171,41.268,40.0
1172,40.485344,40.0
1173,40.67963,40.0
1174,40.14186,39.0
1175,38.781605,40.0
1176,40.275826,40.0
1177,39.624657,40.0
1178,40.073715,40.0
1179,40.139397,40.0
1180,39.984848,33.0
1181,32.917492,33.0
1182,32.968227,33.0
1183,33.035686,34.0
1184,34.02636,35.0
1185,34.846313,36.0
1186,35.700603,37.0
1187,36.685234,37.0
1188,36.62386,38.0
1189,37.58565,38.0
1190,37.89664,38.0
1191,37.879784,38.0
1192,38.312145,39.0
1193,39.66941,40.0
1194,40.079987,40.0
1195,40.50133,40.0
1196,40.146576,41.0
1197,41.53685,42.99999999999999
1198,43.787872,44.0
1199,44.887905,46.0
1200,46.563374,46.0
1201,45.89744,47.0
1202,46.95376,48.0
1203,47.820095,49.0
1204,48.77151,57.0
1205,56.90188,58.0
1206,57.622757,57.0
1207,56.964413,57.0
1208,56.901875,57.0
1209,56.814457,57.0
1210,56.972893,56.0
1211,55.625343,56.0
1212,55.867065,56.0
1213,55.870895,55.0
1214,54.801846,53.99999999999999
1215,53.870117,55.0
1216,54.82297,56.0
1217,55.882553,56.0
1218,55.852726,56.0
1219,55.806313,56.0
1220,55.8666,56.0
1221,56.045082,56.0
1222,55.37894,55.0
1223,54.951565,55.0
1224,54.660877,55.0
1225,54.661648,53.99999999999999
1226,53.74502,53.99999999999999
1227,53.821384,53.99999999999999
1228,53.650314,57.0
1229,57.053337,58.0
1230,58.07737,58.0
1231,58.100098,58.0
1232,58.103416,59.0
1233,59.10256,59.0
1234,59.08941,60.0
1235,60.11943,60.0
1236,60.14015,60.0
1237,60.133713,60.0
1238,60.076378,62.0
1239,61.57686,64.0
1240,63.875168,64.0
1241,63.8188,65.0
1242,64.648506,64.0
1243,63.8856,64.0
1244,63.818043,64.0
1245,63.008686,63.0
1246,61.784843,63.0
1247,62.207718,63.0
1248,62.26117,63.0
1249,62.81496,63.0
1250,62.965813,64.0
1251,64.04641,64.0
1252,64.08098,63.0
1253,63.06065,61.0
1254,60.96854,60.0
1255,59.704323,58.0
1256,57.96912,58.0
1257,57.96168,58.0
1258,58.020164,59.0
1259,59.064938,58.0
1260,58.011284,60.0
1261,60.097893,60.0
1262,59.998295,61.0
1263,60.980263,61.0
1264,60.895435,62.0
1265,62.487873,62.0
1266,61.760246,62.0
1267,61.889652,62.0
1268,61.766304,62.0
1269,61.873943,61.0
1270,61.02935,61.0
1271,61.013042,62.0
1272,61.928505,61.0
1273,60.99002,62.0
1274,61.99952,63.0
1275,63.006607,64.0
1276,64.01465,59.0
1277,59.106834,58.0
1278,58.0218,57.0
1279,57.022503,56.0
1280,56.045864,56.0
1281,56.082283,55.0
1282,55.062847,53.99999999999999
1283,54.037235,53.0
1284,53.05564,53.0
1285,53.0166,52.0
1286,51.97305,51.0
1287,51.007225,50.0
1288,49.907932,50.0
1289,50.16231,50.0
1290,50.036007,51.0
1291,51.22631,52.0
1292,51.917225,52.0
1293,51.79167,52.0
1294,51.908203,52.0
1295,51.872112,52.0
1296,52.018894,52.0
1297,52.03703,52.0
1298,52.071503,52.0
1299,52.02365,52.0
1300,52.03047,55.0
1301,54.99041,59.0
1302,58.98571,63.0
1303,63.05028,67.0
1304,67.10284,67.0
1305,67.14037,68.0
1306,68.17439,68.0
1307,68.16627,68.0
1308,68.20317,68.0
1309,68.19766,68.0
1310,68.10913,68.0
1311,67.99867,68.0
1312,67.848305,68.0
1313,67.76037,68.0
1314,67.3637,69.0
1315,68.52108,68.0
1316,67.58491,69.0
1317,68.69402,69.0
1318,68.636406,69.0
1319,68.80494,70.0
1320,69.86224,70.0
1321,69.892555,70.0
1322,70.01742,70.0
1323,70.01018,69.0
1324,68.96563,91.0
1325,92.680725,91.0
1326,92.10908,91.0
1327,92.23193,90.0
1328,91.29057,91.0
1329,92.232994,93.0
1330,94.32812,95.00000000000001
1331,96.3552,97.0
1332,97.75651,97.0
1333,97.24406,97.0
1334,97.89091,97.0
1335,96.91529,96.0
1336,96.047874,97.0
1337,96.98233,96.0
1338,95.25779,96.0
1339,94.321434,95.00000000000001
1340,93.200615,94.0
1341,92.970345,94.0
1342,93.79717,94.0
1343,94.261116,93.0
1344,92.915825,93.0
1345,93.924355,92.0
1346,92.944466,92.0
1347,92.96978,90.0
1348,90.81905,72.0
1349,72.22719,72.0
1350,72.14001,72.0
1351,72.14751,73.00000000000001
1352,73.25141,73.00000000000001
1353,73.22965,73.00000000000001
1354,73.329384,73.00000000000001
1355,73.29481,73.00000000000001
1356,73.31473,74.0
1357,74.33762,75.0
1358,75.28806,76.0
1359,76.05739,76.0
1360,75.85909,78.0
1361,77.55594,80.0
1362,79.28488,80.0
1363,79.126366,80.0
1364,78.401566,93.0
1365,91.03418,90.0
1366,89.32033,106.0
1367,105.35095,104.0
1368,104.68707,90.0
1369,90.638306,84.0
1370,84.441864,84.0
1371,83.7377,84.0
1372,83.69574,68.0
1373,67.96882,68.0
1374,67.925735,68.0
1375,68.02351,68.0
1376,68.081696,67.0
1377,66.960205,65.0
1378,64.97313,65.0
1379,65.03082,64.0
1380,64.07537,63.0
1381,63.113194,62.0
1382,62.065834,61.0
1383,60.98172,60.0
1384,59.82335,59.0
1385,58.72554,58.0
1386,57.414356,57.0
1387,56.40516,55.0
1388,54.776382,53.99999999999999
1389,53.68811,53.0
1390,52.97089,52.0
1391,51.933537,52.0
1392,51.97294,53.0
1393,52.97677,52.0
1394,51.98687,51.0
1395,51.009304,51.0
1396,51.0211,53.0
1397,53.1176,53.0
1398,53.032097,53.99999999999999
1399,53.9147,53.99999999999999
1400,53.912,53.99999999999999
1401,53.97156,53.99999999999999
1402,53.865593,53.99999999999999
1403,53.884117,53.99999999999999
1404,53.90017,53.99999999999999
1405,53.901398,53.99999999999999
1406,53.94452,53.99999999999999
1407,54.103546,53.99999999999999
1408,53.98416,53.99999999999999
1409,54.15743,55.0
1410,55.14884,55.0
1411,54.9943,53.99999999999999
1412,53.927303,53.99999999999999
1413,54.21367,55.0
1414,54.76576,53.99999999999999
1415,53.82594,53.99999999999999
1416,53.956875,53.99999999999999
1417,53.968525,55.0
1418,54.95985,55.0
1419,54.945007,55.0
1420,54.949028,60.0
1421,59.896458,61.0
1422,61.053215,61.0
1423,60.882088,62.0
1424,61.953835,61.0
1425,60.81559,63.0
1426,63.1367,64.0
1427,63.972233,65.0
1428,64.81278,66.0
1429,66.24118,67.0
1430,67.026955,67.0
1431,66.751205,68.0
1432,68.08588,67.0
1433,66.56508,68.0
1434,67.716484,68.0
1435,67.23393,69.0
1436,67.900444,69.0
1437,68.10315,69.0
1438,68.113235,69.0
1439,68.775215,69.0
1440,68.99793,69.0
1441,69.00128,69.0
1442,68.89417,68.0
1443,67.9999,67.0
1444,67.02765,66.0
1445,66.034134,66.0
1446,66.151695,66.0
1447,66.17493,66.0
1448,66.17776,67.0
1449,67.17929,66.0
1450,66.15917,64.0
1451,64.09559,63.0
1452,63.102787,62.0
1453,62.07286,61.0
1454,61.04823,61.0
1455,61.022675,61.0
1456,61.025154,62.0
1457,61.656788,61.0
1458,60.676765,61.0
1459,60.772972,61.0
1460,61.12711,61.0
1461,61.08041,60.0
1462,60.104164,60.0
1463,60.071606,59.0
1464,58.97263,59.0
1465,58.96686,59.0
1466,58.94865,59.0
1467,59.04163,60.0
1468,60.050404,60.0
1469,60.063553,59.0
1470,59.026413,58.0
1471,58.024437,57.0
1472,57.046574,57.0
1473,57.070324,57.0
1474,57.082016,57.0
1475,56.808556,57.0
1476,57.07123,58.0
1477,58.08456,59.0
1478,59.033997,59.0
1479,59.09011,60.0
1480,60.00898,60.0
1481,60.0422,61.0
1482,60.834038,61.0
1483,60.47515,60.0
1484,59.647873,60.0
1485,59.49291,61.0
1486,60.899628,61.0
1487,60.95882,63.0
1488,62.971783,64.0
1489,63.958042,65.0
1490,65.01817,66.0
1491,66.02364,67.0
1492,67.07722,68.0
1493,68.18628,69.0
1494,69.146324,70.0
1495,70.26087,71.0
1496,71.279335,72.0
1497,72.27532,72.0
1498,72.118904,71.0
1499,71.02999,71.0
1500,71.12631,71.0
1501,71.19309,70.0
1502,69.94957,69.0
1503,68.98866,68.0
1504,67.709564,69.0
1505,69.610466,68.0
1506,67.42925,69.0
1507,68.88893,69.0
1508,68.636246,69.0
1509,68.67579,69.0
1510,68.80608,68.0
1511,67.5742,67.0
1512,66.60994,65.0
1513,64.61822,64.0
1514,63.81011,63.0
1515,62.909637,63.0
1516,62.90874,62.0
1517,61.91077,62.0
1518,61.943573,62.0
1519,61.961452,62.0
1520,61.99121,61.0
1521,60.984055,62.0
1522,61.95688,63.0
1523,62.998077,63.0
1524,62.997005,63.0
1525,62.94666,64.0
1526,63.921635,65.0
1527,64.92531,66.0
1528,65.83325,66.0
1529,66.003586,67.0
1530,66.21612,67.0
1531,66.43551,67.0
1532,66.33213,67.0
1533,66.96744,67.0
1534,66.64615,67.0
1535,66.1882,69.0
1536,68.883804,69.0
1537,68.56967,70.0
1538,70.05186,71.0
1539,71.16554,71.0
1540,71.20002,72.0
1541,72.18153,71.0
1542,71.211914,71.0
1543,71.19257,71.0
1544,70.976906,70.0
1545,69.55807,69.0
1546,68.87805,68.0
1547,67.9685,67.0
1548,67.075386,66.0
1549,66.087654,66.0
1550,66.03978,65.0
1551,64.90407,65.0
1552,64.894,64.0
1553,63.704014,64.0
1554,63.24091,63.0
1555,62.219574,63.0
1556,62.16726,64.0
1557,63.40283,63.0
1558,62.465427,63.0
1559,62.266014,62.0
1560,61.372112,62.0
1561,61.471424,62.0
1562,61.668385,61.0
1563,60.599533,60.0
1564,59.74786,58.0
1565,57.77831,58.0
1566,57.882446,57.0
1567,56.952705,56.0
1568,55.937233,58.0
1569,57.978878,58.0
1570,57.83369,57.0
1571,56.929417,58.0
1572,57.97519,59.0
1573,59.043655,59.0
1574,59.02121,59.0
1575,58.98318,60.0
1576,59.928524,60.0
1577,59.910545,59.0
1578,58.61725,58.0
1579,57.613472,58.0
1580,57.716915,58.0
1581,57.76747,58.0
1582,57.538853,58.0
1583,57.502045,58.0
1584,57.57725,59.0
1585,58.56792,58.0
1586,58.07252,57.0
1587,57.05887,57.0
1588,57.036377,57.0
1589,57.02499,57.0
1590,57.030426,57.0
1591,57.04073,56.0
1592,56.032215,56.0
1593,56.026333,56.0
1594,56.018433,57.0
1595,57.012352,56.0
1596,56.012634,55.0
1597,55.016605,53.99999999999999
1598,54.007683,53.0
1599,52.980305,52.0
1600,52.05417,52.0
1601,52.115265,51.0
1602,50.455795,52.0
1603,52.30011,52.0
1604,52.06394,52.0
1605,51.95697,52.0
1606,51.80869,52.0
1607,52.124653,53.0
1608,53.15623,53.0
1609,52.875607,53.0
1610,52.84632,53.99999999999999
1611,53.994663,55.0
1612,54.981293,56.0
1613,56.018036,57.0
1614,56.999985,58.0
1615,58.01644,59.0
1616,59.040108,59.0
1617,59.01182,59.0
1618,58.930286,59.0
1619,59.06711,59.0
1620,58.88439,58.0
1621,57.816837,58.0
1622,58.002514,58.0
1623,57.9875,58.0
1624,57.61408,57.0
1625,56.786472,58.0
1626,57.886456,57.0
1627,57.128704,57.0
1628,56.602104,56.0
1629,55.691307,56.0
1630,55.4195,55.0
1631,54.573727,53.99999999999999
1632,53.557827,53.99999999999999
1633,53.735474,55.0
1634,54.55305,55.0
1635,54.699024,55.0
1636,54.73101,53.99999999999999
1637,53.964523,53.99999999999999
1638,53.92237,53.0
1639,52.964798,53.0
1640,52.949112,52.0
1641,51.988068,52.0
1642,51.993248,53.0
1643,53.002583,53.0
1644,53.005253,53.99999999999999
1645,54.002438,53.99999999999999
1646,53.988056,55.0
1647,55.020756,55.0
1648,55.00512,56.0
1649,56.121098,57.0
1650,56.78716,58.0
1651,57.594444,58.0
1652,57.548077,59.0
1653,58.41559,60.0
1654,59.69831,61.0
1655,60.15341,61.0
1656,60.538177,61.0
1657,60.541622,60.0
1658,59.653202,60.0
1659,59.730892,60.0
1660,59.840237,59.0
1661,58.863514,59.0
1662,58.691734,59.0
1663,58.712566,60.0
1664,59.948296,60.0
1665,59.91176,61.0
1666,60.930073,61.0
1667,61.016438,61.0
1668,61.030403,62.0
1669,62.01567,63.0
1670,63.02966,64.0
1671,64.02851,64.0
1672,63.709812,64.0
1673,63.584454,63.0
1674,62.415466,62.0
1675,61.725307,62.0
1676,61.82579,62.0
1677,61.511654,60.0
1678,59.066113,60.0
1679,59.164223,60.0
1680,59.495476,60.0
1681,59.665054,60.0
1682,59.64605,60.0
1683,59.75286,60.0
1684,59.76916,60.0
1685,59.86927,60.0
1686,59.91133,60.0
1687,59.936214,59.0
1688,58.9379,59.0
1689,58.935196,59.0
1690,58.947575,59.0
1691,58.98499,59.0
1692,59.01681,59.0
1693,59.00691,59.0
1694,59.049,59.0
1695,58.997265,59.0
1696,59.037025,58.0
1697,57.78637,59.0
1698,58.982212,59.0
1699,59.142483,59.0
1700,58.846294,59.0
1701,58.41506,60.0
1702,59.58438,61.0
1703,60.721287,61.0
1704,60.747578,62.0
1705,61.674404,62.0
1706,61.683422,62.0
1707,61.712513,62.0
1708,61.81598,62.0
1709,61.89168,63.0
1710,62.938366,63.0
1711,62.937855,64.0
1712,64.01247,65.0
1713,65.06636,65.0
1714,65.03523,65.0
1715,65.02203,66.0
1716,66.105934,66.0
1717,66.11291,67.0
1718,67.08356,66.0
1719,65.85774,65.0
1720,64.76234,66.0
1721,66.1064,66.0
1722,65.83273,65.0
1723,64.656395,65.0
1724,64.74905,65.0
1725,64.93421,65.0
1726,64.873924,66.0
1727,66.22906,66.0
1728,66.141365,65.0
1729,64.72074,66.0
1730,65.84056,66.0
1731,65.95443,67.0
1732,67.015366,67.0
1733,67.01122,66.0
1734,65.86442,66.0
1735,66.016655,66.0
1736,65.70917,65.0
1737,64.96724,65.0
1738,64.92871,65.0
1739,64.97434,64.0
1740,63.97582,64.0
1741,64.02445,63.0
1742,62.966335,63.0
1743,62.95732,63.0
1744,62.754143,63.0
1745,62.84435,62.0
1746,61.594463,63.0
1747,62.603832,63.0
1748,62.358715,63.0
1749,62.702076,63.0
1750,62.746437,62.0
1751,61.641136,62.0
1752,61.944923,63.0
1753,63.106255,63.0
1754,62.939323,62.0
1755,61.979755,62.0
1756,62.032654,62.0
1757,61.91199,63.0
1758,62.90841,63.0
1759,62.92996,63.0
1760,63.00534,63.0
1761,63.066235,63.0
1762,63.03038,63.0
1763,63.020275,63.0
1764,63.049595,63.0
1765,62.98592,62.0
1766,61.996063,62.0
1767,62.00555,64.0
1768,64.02147,65.0
1769,64.89882,66.0
1770,65.22933,66.0
1771,65.41087,65.0
1772,63.96239,66.0
1773,65.73436,66.0
1774,65.619316,66.0
1775,65.17209,65.0
1776,64.521454,65.0
1777,64.45578,65.0
1778,64.51366,65.0
1779,64.763695,65.0
1780,64.996,66.0
1781,66.08677,66.0
1782,66.09881,67.0
1783,67.15336,68.0
1784,68.17118,68.0
1785,68.13806,69.0
1786,69.13039,69.0
1787,69.177,70.0
1788,70.15379,70.0
1789,70.08737,71.0
1790,71.08578,71.0
1791,70.73345,70.0
1792,69.74564,69.0
1793,68.15008,69.0
1794,68.06149,69.0
1795,68.484535,70.0
1796,68.82789,69.0
1797,67.6891,68.0
1798,66.91993,68.0
1799,67.05823,69.0
1800,68.26848,68.0
1801,67.354774,68.0
1802,67.75775,68.0
1803,67.812256,69.0
1804,68.667465,68.0
1805,67.94072,68.0
1806,68.01765,68.0
1807,68.05257,68.0
1808,68.093895,68.0
1809,68.11815,68.0
1810,68.12533,68.0
1811,68.147964,68.0
1812,68.142914,68.0
1813,68.1023,67.0
1814,66.92662,66.0
1815,65.83574,66.0
1816,65.88123,66.0
1817,65.856255,66.0
1818,65.83833,67.0
1819,67.01779,67.0
1820,66.591995,67.0
1821,66.24674,67.0
1822,66.078224,66.0
1823,65.51495,66.0
1824,65.74972,67.0
1825,66.61643,67.0
1826,66.622536,66.0
1827,65.87361,65.0
1828,64.79186,65.0
1829,65.04553,65.0
1830,65.01416,64.0
1831,64.016335,63.0
1832,62.994938,63.0
1833,63.066357,62.0
1834,62.016354,63.0
1835,63.06765,62.0
1836,62.04949,63.0
1837,63.092937,64.0
1838,64.006134,66.0
1839,66.15748,67.0
1840,67.19752,69.0
1841,68.90384,69.0
1842,68.47136,70.0
1843,69.39305,71.0
1844,70.11766,71.0
1845,69.98012,72.0
1846,70.93156,72.0
1847,71.21271,71.0
1848,70.343666,71.0
1849,70.78546,72.0
1850,71.891464,72.0
1851,71.89677,73.00000000000001
1852,73.08844,74.0
1853,74.26273,74.0
1854,74.13442,74.0
1855,74.15614,73.00000000000001
1856,73.218796,73.00000000000001
1857,73.43238,72.0
1858,72.15744,71.0
1859,71.26364,71.0
1860,71.319695,69.0
1861,69.20663,68.0
1862,68.20229,66.0
1863,65.99227,64.0
1864,63.627594,64.0
1865,63.915825,63.0
1866,62.656803,62.0
1867,62.015457,61.0
1868,60.83627,61.0
1869,61.125088,62.0
1870,61.855907,62.0
1871,61.933247,62.0
1872,61.78264,62.0
1873,61.672737,62.0
1874,61.911777,63.0
1875,63.061867,63.0
1876,63.094456,52.0
1877,52.026176,51.0
1878,50.85645,51.0
1879,50.71744,52.0
1880,51.689434,52.0
1881,51.817623,52.0
1882,51.829117,52.0
1883,51.91015,53.0
1884,52.955578,53.0
1885,53.036026,53.99999999999999
1886,54.039207,53.99999999999999
1887,54.090187,55.0
1888,55.38583,55.0
1889,55.081417,55.0
1890,54.90261,56.0
1891,55.642124,56.0
1892,55.596348,55.0
1893,54.867897,55.0
1894,54.9703,55.0
1895,55.035442,56.0
1896,56.073574,56.0
1897,56.0089,55.0
1898,54.92494,55.0
1899,55.116196,55.0
1900,54.880787,40.0
1901,39.89025,41.0
1902,40.969086,42.0
1903,42.051815,42.0
1904,42.038967,42.0
1905,42.104195,41.0
1906,41.202606,39.0
1907,38.87633,38.0
1908,37.6375,37.0
1909,36.834034,36.0
1910,36.05835,34.0
1911,34.18887,33.0
1912,33.11987,32.0
1913,32.094063,31.0
1914,30.769222,30.0
1915,30.070738,30.0
1916,30.098461,29.0
1917,29.12336,30.0
1918,29.891275,30.0
1919,29.83012,28.0
1920,27.775543,26.999999999999996
1921,27.186506,26.0
1922,25.990784,26.999999999999996
1923,26.731285,29.0
1924,28.868294,50.0
1925,49.804485,50.0
1926,49.88202,50.0
1927,49.87285,51.0
1928,50.85788,51.0
1929,50.86073,50.0
1930,49.67741,50.0
1931,49.603317,50.0
1932,49.745903,50.0
1933,49.824978,50.0
1934,49.912834,50.0
1935,50.03158,51.0
1936,51.42613,51.0
1937,51.55587,51.0
1938,51.69554,52.0
1939,52.483147,52.0
1940,52.53735,53.0
1941,53.659405,53.0
1942,53.573933,53.0
1943,53.569057,53.0
1944,53.317528,53.0
1945,53.064774,53.0
1946,52.95968,53.99999999999999
1947,53.916126,53.99999999999999
1948,53.978844,53.99999999999999
1949,53.86486,53.99999999999999
1950,53.880615,53.99999999999999
1951,53.94308,53.99999999999999
1952,53.9751,53.99999999999999
1953,53.936897,53.99999999999999
1954,53.945892,55.0
1955,54.988106,56.0
1956,55.97892,57.0
1957,57.002182,58.0
1958,58.0191,59.0
1959,59.009438,60.0
1960,60.077106,60.0
1961,59.774532,61.0
1962,60.81351,62.0
1963,61.227196,62.0
1964,61.22322,63.0
1965,62.377323,63.0
1966,62.511585,63.0
1967,62.434353,63.0
1968,62.54172,64.0
1969,63.74653,65.0
1970,64.93564,65.0
1971,64.86551,65.0
1972,64.7513,64.0
1973,64.075775,64.0
1974,64.08871,63.0
1975,63.06839,64.0
1976,64.13234,64.0
1977,64.12798,63.0
1978,63.113327,63.0
1979,63.128235,62.0
1980,62.06266,62.0
1981,62.07702,62.0
1982,62.006157,60.0
1983,59.97951,59.0
1984,58.85669,58.0
1985,58.05121,58.0
1986,58.038906,59.0
1987,58.67965,59.0
1988,58.50338,58.0
1989,57.50808,58.0
1990,57.54214,58.0
1991,57.506424,58.0
1992,57.38053,58.0
1993,57.441624,58.0
1994,57.905678,58.0
1995,57.751335,57.0
1996,56.840935,63.0
1997,62.965584,64.0
1998,64.01513,65.0
1999,65.068726,66.0
2000,66.12275,66.0
2001,65.92736,66.0
2002,66.0165,65.0
2003,64.98539,66.0
2004,66.11313,65.0
2005,65.03396,66.0
2006,66.09479,65.0
2007,64.35842,64.0
2008,63.409214,62.0
2009,61.805508,62.0
2010,61.723297,63.0
2011,63.041523,64.0
2012,64.37865,63.0
2013,62.777637,63.0
2014,62.996952,62.0
2015,62.027733,62.0
2016,62.008404,62.0
2017,62.0558,61.0
2018,60.85677,61.0
2019,60.913414,61.0
2020,60.90056,52.0
2021,52.036366,53.0
2022,53.023117,53.0
2023,53.022346,53.99999999999999
2024,54.006565,55.0
2025,55.022903,56.0
2026,56.011856,56.0
2027,56.015427,57.0
2028,57.041718,58.0
2029,58.072445,59.0
2030,59.087887,59.0
2031,59.009068,60.0
2032,59.919315,60.0
2033,59.842304,60.0
2034,59.89005,60.0
2035,59.867912,61.0
2036,60.7998,62.0
2037,61.74679,61.0
2038,60.490868,61.0
2039,60.89618,60.0
2040,59.980495,60.0
2041,60.002876,60.0
2042,60.038143,60.0
2043,60.056396,60.0
2044,60.015457,69.0
2045,68.98067,69.0
2046,68.962555,69.0
2047,69.026115,69.0
2048,69.02355,69.0
2049,68.96389,68.0
2050,67.78277,67.0
2051,66.80625,67.0
2052,66.72595,66.0
2053,65.627495,65.0
2054,64.64749,64.0
2055,63.894344,64.0
2056,63.823925,64.0
2057,63.96044,65.0
2058,64.614944,65.0
2059,64.55583,65.0
2060,64.52758,65.0
2061,64.462425,65.0
2062,64.52198,65.0
2063,64.62021,65.0
2064,64.71381,66.0
2065,65.90757,66.0
2066,65.84103,66.0
2067,65.94065,66.0
2068,65.909485,89.0
2069,89.076385,85.99999999999999
2070,85.42049,84.0
2071,83.813835,82.0
2072,81.930145,80.0
2073,79.77732,78.0
2074,78.283325,76.0
2075,76.26024,75.0
2076,75.37118,75.0
2077,75.28546,74.0
2078,74.25033,74.0
2079,74.265854,73.00000000000001
2080,73.248764,72.0
2081,72.06348,72.0
2082,71.92083,71.0
2083,70.98212,71.0
2084,70.75692,70.0
2085,69.345406,68.0
2086,67.6893,67.0
2087,66.84884,67.0
2088,66.95029,67.0
2089,66.87922,66.0
2090,65.60719,65.0
2091,64.91627,65.0
2092,64.99957,83.0
2093,82.27724,84.0
2094,84.63662,84.0
2095,84.59632,84.0
2096,84.594574,85.0
2097,85.844986,85.0
2098,85.8524,85.0
2099,85.91835,85.99999999999999
2100,87.00289,87.0
2101,87.97187,87.0
2102,87.68546,88.0
2103,88.42199,88.0
2104,87.29655,87.0
2105,86.132614,87.0
2106,85.85596,85.99999999999999
2107,84.31276,85.0
2108,83.34467,85.0
2109,84.20574,85.0
2110,84.60954,84.0
2111,83.453674,82.0
2112,80.90446,81.0
2113,80.76409,80.0
2114,80.021706,79.0
2115,78.942375,79.0
2116,79.15757,51.0
2117,51.030704,49.0
2118,48.998955,46.0
2119,46.0573,44.0
2120,44.04426,48.0
2121,48.020985,51.0
2122,50.989895,51.0
2123,50.978104,52.0
2124,51.96331,53.0
2125,52.97492,53.99999999999999
2126,53.949703,55.0
2127,54.667614,56.0
2128,55.943287,56.0
2129,56.00398,56.0
2130,55.62035,57.0
2131,56.521984,57.0
2132,56.481762,57.0
2133,56.745846,57.0
2134,57.01651,56.0
2135,55.073315,56.0
2136,55.13166,56.0
2137,56.04992,56.0
2138,56.016953,56.0
2139,56.013084,56.0
2140,56.053226,56.0
2141,55.9762,56.0
2142,55.98072,55.0
2143,54.71501,55.0
2144,54.792088,53.99999999999999
2145,53.824497,53.99999999999999
2146,53.885113,53.0
2147,52.964046,53.0
2148,52.891453,53.0
2149,52.947357,53.99999999999999
2150,54.012836,53.0
2151,53.061428,53.99999999999999
2152,54.034355,53.0
2153,53.02247,53.0
2154,53.060463,53.99999999999999
2155,54.08364,55.0
2156,55.035137,55.0
2157,54.7593,53.99999999999999
2158,53.75787,53.99999999999999
2159,54.063583,53.99999999999999
2160,54.07191,53.0
2161,52.932137,53.0
2162,52.89591,52.0
2163,51.96856,51.0
2164,51.054302,56.0
2165,55.986286,55.0
2166,55.004356,53.99999999999999
2167,53.98489,53.99999999999999
2168,54.007027,53.99999999999999
2169,54.045464,55.0
2170,55.022346,56.0
2171,56.003807,57.0
2172,57.042324,58.0
2173,58.028183,59.0
2174,59.017998,59.0
2175,58.92417,60.0
2176,60.02874,61.0
2177,61.171577,59.0
2178,58.887337,60.0
2179,60.39816,61.0
2180,61.48455,61.0
2181,61.006546,61.0
2182,61.016468,62.0
2183,61.971672,63.0
2184,63.25507,63.0
2185,62.955307,65.0
2186,65.05845,65.0
2187,64.944725,66.0
2188,66.04499,67.0
2189,67.018425,67.0
2190,67.006714,68.0
2191,68.01646,68.0
2192,67.98261,67.0
2193,66.49322,67.0
2194,66.6554,66.0
2195,65.89232,65.0
2196,64.902115,64.0
2197,64.191826,64.0
2198,64.12687,64.0
2199,64.12982,63.0
2200,62.896584,62.0
2201,62.001198,63.0
2202,62.93707,62.0
2203,61.654568,62.0
2204,61.63,61.0
2205,59.83769,62.0
2206,61.43353,62.0
2207,61.077908,61.0
2208,60.738853,61.0
2209,60.64429,59.0
2210,56.60068,59.0
2211,58.076756,59.0
2212,58.652622,59.0
2213,58.74692,58.0
2214,57.8928,58.0
2215,57.97554,58.0
2216,57.993156,59.0
2217,59.039497,61.0
2218,61.07843,62.0
2219,62.09056,63.0
2220,63.14085,64.0
2221,63.679558,66.0
2222,65.769226,66.0
2223,66.012344,67.0
2224,66.99986,66.0
2225,65.42314,67.0
2226,66.798874,68.0
2227,68.11632,68.0
2228,67.31461,68.0
2229,67.09298,67.0
2230,65.80727,67.0
2231,66.51138,67.0
2232,66.32909,68.0
2233,67.86941,69.0
2234,68.947876,69.0
2235,68.98361,69.0
2236,68.90786,69.0
2237,69.023674,69.0
2238,69.091,69.0
2239,68.928215,69.0
2240,69.144394,70.0
2241,70.1857,70.0
2242,70.1451,69.0
2243,69.01548,69.0
2244,69.112885,69.0
2245,69.20683,69.0
2246,69.05742,69.0
2247,68.973145,68.0
2248,67.69108,68.0
2249,67.629456,67.0
2250,66.74318,67.0
2251,66.62109,69.0
2252,69.252686,70.0
2253,70.11915,71.0
2254,70.378975,71.0
2255,70.14491,71.0
2256,70.66956,71.0
2257,70.29311,70.0
2258,69.07709,71.0
2259,70.88936,71.0
2260,71.01448,71.0
2261,71.087395,72.0
2262,72.11238,73.00000000000001
2263,73.264694,73.00000000000001
2264,73.17691,73.00000000000001
2265,73.316734,74.0
2266,74.35138,73.00000000000001
2267,73.172325,74.0
2268,74.277145,73.00000000000001
2269,73.24395,73.00000000000001
2270,73.16204,73.00000000000001
2271,73.02244,74.0
2272,73.85584,75.0
2273,74.6843,76.0
2274,75.890884,76.0
2275,75.60056,74.0
2276,73.81882,72.0
2277,71.52659,72.0
2278,71.58776,72.0
2279,71.85565,72.0
2280,71.698814,72.0
2281,71.918076,72.0
2282,71.994606,72.0
2283,71.96515,72.0
2284,71.85623,73.00000000000001
2285,73.07047,73.00000000000001
2286,73.003334,73.00000000000001
2287,73.15969,74.0
2288,74.23128,74.0
2289,74.27971,74.0
2290,74.23932,75.0
2291,75.26796,75.0
2292,75.30481,75.0
2293,75.101036,74.0
2294,74.09817,73.00000000000001
2295,72.742,73.00000000000001
2296,72.82311,73.00000000000001
2297,72.1708,73.00000000000001
2298,72.66203,73.00000000000001
2299,72.80551,74.0
2300,74.23186,75.0
2301,75.13021,76.0
2302,75.98131,76.0
2303,75.87705,77.0
2304,76.87121,77.0
2305,77.07977,77.0
2306,77.24722,77.0
2307,77.15023,77.0
2308,77.26154,76.0
2309,76.32395,76.0
2310,76.39914,75.0
2311,75.371376,74.0
2312,74.37268,74.0
2313,74.454124,74.0
2314,74.38606,73.00000000000001
2315,73.37259,74.0
2316,74.46782,75.0
2317,75.50576,75.0
2318,75.3878,77.0
2319,77.219154,78.0
2320,77.9714,79.0
2321,78.66567,79.0
2322,78.13572,78.0
2323,76.34163,77.0
2324,74.94191,76.0
2325,74.55445,87.0
2326,83.21471,87.0
2327,85.22544,84.0
2328,83.26338,84.0
2329,83.29359,77.0
2330,76.796,77.0
2331,76.939835,76.0
2332,75.908165,76.0
2333,76.02609,75.0
2334,75.02496,74.0
2335,74.09052,75.0
2336,75.20997,74.0
2337,74.268295,74.0
2338,74.24147,74.0
2339,74.25323,73.00000000000001
2340,73.28037,72.0
2341,72.293,73.00000000000001
2342,73.20908,74.0
2343,74.17059,74.0
2344,74.072296,74.0
2345,73.875984,74.0
2346,73.20328,75.0
2347,74.354416,77.0
2348,76.69068,77.0
2349,75.61124,79.0
2350,78.295074,80.0
2351,79.28172,81.0
2352,80.817665,81.0
2353,80.754295,81.0
2354,80.99305,80.0
2355,79.764946,80.0
2356,79.96026,80.0
2357,80.11099,81.0
2358,81.20138,82.0
2359,82.452896,82.0
2360,82.55715,82.0
2361,82.53595,82.0
2362,82.57951,82.0
2363,82.656845,83.0
2364,83.63725,83.0
2365,83.681305,83.0
2366,83.48226,82.0
2367,81.749855,80.0
2368,79.437065,79.0
2369,78.17786,79.0
2370,78.174805,80.0
2371,79.65645,79.0
2372,78.30484,79.0
2373,78.78132,78.0
2374,77.69018,78.0
2375,77.892235,76.0
2376,75.96203,76.0
2377,75.90751,76.0
2378,75.84972,76.0
2379,75.93773,76.0
2380,76.01663,76.0
2381,76.10133,76.0
2382,76.069275,76.0
2383,76.18901,76.0
2384,76.13874,75.0
2385,74.935905,75.0
2386,75.13483,75.0
2387,75.04877,74.0
2388,74.20346,74.0
2389,74.31749,74.0
2390,74.29552,76.0
2391,76.24588,76.0
2392,75.96628,77.0
2393,77.0793,77.0
2394,76.04275,76.0
2395,74.89795,76.0
2396,75.24652,75.0
2397,74.459305,76.0
2398,75.050674,75.0
2399,74.28089,75.0
2400,74.167305,74.0
2401,72.6875,74.0
2402,73.994156,74.0
2403,73.98126,74.0
2404,74.03278,73.00000000000001
2405,73.23422,72.0
2406,71.97913,72.0
2407,72.2322,72.0
2408,72.23756,72.0
2409,72.24351,72.0
2410,72.23095,72.0
2411,72.1266,72.0
2412,72.238686,71.0
2413,71.143456,70.0
2414,70.202644,70.0
2415,70.089584,71.0
2416,71.04807,69.0
2417,68.35941,70.0
2418,69.71019,72.0
2419,71.81425,73.00000000000001
2420,72.996056,73.00000000000001
2421,73.13246,73.00000000000001
2422,73.13392,73.00000000000001
2423,73.189545,73.00000000000001
2424,73.29539,73.00000000000001
2425,73.29484,74.0
2426,74.272514,75.0
2427,75.39378,76.0
2428,76.44402,76.0
2429,76.46316,78.0
2430,78.58154,78.0
2431,78.56879,78.0
2432,78.57875,78.0
2433,78.56801,78.0
2434,78.53069,78.0
2435,78.57914,78.0
2436,78.58392,79.0
2437,79.61567,80.0
2438,80.68812,79.0
2439,79.09913,78.0
2440,77.7121,80.0
2441,79.123184,79.0
2442,77.83061,77.0
2443,76.36497,77.0
2444,76.23397,75.0
2445,74.754555,74.0
2446,73.96768,74.0
2447,74.17956,73.00000000000001
2448,73.05373,73.00000000000001
2449,73.12948,72.0
2450,72.217545,72.0
2451,72.22925,72.0
2452,72.25133,71.0
2453,71.26657,71.0
2454,71.29001,71.0
2455,71.301674,71.0
2456,71.32489,70.0
2457,70.2787,70.0
2458,70.256874,69.0
2459,69.22039,69.0
2460,69.24749,68.0
2461,68.26366,68.0
2462,67.93483,68.0
2463,67.97382,67.0
2464,66.56037,66.0
2465,65.45249,66.0
2466,65.44455,66.0
2467,65.2852,65.0
2468,64.119026,65.0
2469,64.03033,65.0
2470,64.00971,65.0
2471,64.2086,64.0
2472,63.526848,64.0
2473,63.722103,63.0
2474,62.73683,63.0
2475,62.77688,63.0
2476,62.863018,62.0
2477,61.93971,62.0
2478,62.010117,62.0
2479,62.038063,63.0
2480,63.057198,63.0
2481,63.078396,63.0
2482,63.024647,63.0
2483,62.90328,63.0
2484,62.746914,62.0
2485,61.956406,60.0
2486,59.967197,60.0
2487,59.99638,59.0
2488,58.91014,59.0
2489,58.473907,58.0
2490,57.624702,58.0
2491,57.77649,58.0
2492,57.689304,58.0
2493,57.791206,58.0
2494,57.580105,58.0
2495,57.69202,58.0
2496,57.823383,58.0
2497,57.871506,58.0
2498,57.806282,57.0
2499,56.837482,57.0
2500,56.826683,57.0
2501,56.98106,57.0
2502,57.020607,56.0
2503,56.01062,56.0
2504,55.990208,56.0
2505,55.98885,56.0
2506,56.008743,56.0
2507,56.02735,57.0
2508,57.034462,57.0
2509,57.03,58.0
2510,57.98732,58.0
2511,57.943832,58.0
2512,57.887577,58.0
2513,57.978577,59.0
2514,58.82244,59.0
2515,58.784508,59.0
2516,58.852108,60.0
2517,59.49521,60.0
2518,59.846363,60.0
2519,59.45132,59.0
2520,58.562984,59.0
2521,58.826523,59.0
2522,58.747498,60.0
2523,59.880707,60.0
2524,59.947468,61.0
2525,60.948048,61.0
2526,60.965225,61.0
2527,60.954212,61.0
2528,60.98007,60.0
2529,59.991795,60.0
2530,60.0103,60.0
2531,59.991863,60.0
2532,60.01013,60.0
2533,60.001755,61.0
2534,60.96792,61.0
2535,60.99471,62.0
2536,61.93079,62.0
2537,61.480633,61.0
2538,60.624084,61.0
2539,60.37798,60.0
2540,59.640236,60.0
2541,59.53099,59.0
2542,58.537777,59.0
2543,58.61312,59.0
2544,58.625244,59.0
2545,58.85653,60.0
2546,59.869915,60.0
2547,59.98331,59.0
2548,58.941734,59.0
2549,58.928123,59.0
2550,58.9828,59.0
2551,58.9494,59.0
2552,58.92376,59.0
2553,58.96979,59.0
2554,58.985256,59.0
2555,59.00405,59.0
2556,59.018265,59.0
2557,59.022045,58.0
2558,58.01684,58.0
2559,57.966633,57.0
2560,56.961697,57.0
2561,56.80173,57.0
2562,56.744484,58.0
2563,57.662582,58.0
2564,58.085514,58.0
2565,58.217957,58.0
2566,58.035614,58.0
2567,58.04589,59.0
2568,59.086952,59.0
2569,58.920727,59.0
2570,58.863724,58.0
2571,57.871048,58.0
2572,57.906055,58.0
2573,57.953644,58.0
2574,58.021828,58.0
2575,57.990955,58.0
2576,58.000927,59.0
2577,58.93362,58.0
2578,57.761673,58.0
2579,58.016136,57.0
2580,57.00318,56.0
2581,55.989277,56.0
2582,55.87182,55.0
2583,54.89568,55.0
2584,54.90694,53.99999999999999
2585,53.79619,53.99999999999999
2586,53.951912,53.99999999999999
2587,53.744682,53.99999999999999
2588,53.92189,53.99999999999999
2589,54.18651,53.99999999999999
2590,54.11192,53.99999999999999
2591,53.996056,53.99999999999999
2592,54.098442,53.99999999999999
2593,54.017963,53.99999999999999
2594,53.99185,53.99999999999999
2595,53.923218,53.99999999999999
2596,53.75834,53.99999999999999
2597,53.801224,53.99999999999999
2598,53.74035,53.99999999999999
2599,53.748966,53.0
2600,52.545387,53.0
2601,52.624336,53.0
2602,52.915234,52.0
2603,51.83808,52.0
2604,51.82685,51.0
2605,50.85246,50.0
2606,50.093384,48.0
2607,48.08885,46.0
2608,46.02445,45.0
2609,45.312836,45.0
2610,45.39385,45.0
2611,45.664413,44.0
2612,44.484795,42.0
2613,41.643997,41.0
2614,40.78938,39.0
2615,38.8042,38.0
2616,37.988464,38.0
2617,38.2423,38.0
2618,37.848366,38.0
2619,37.90008,39.0
2620,38.81103,30.0
2621,29.862719,30.0
2622,29.974712,30.0
2623,29.984322,30.0
2624,30.10868,31.0
2625,30.941963,32.0
2626,32.011543,34.0
2627,34.049244,35.0
2628,35.01866,36.0
2629,36.0861,39.0
2630,39.06598,41.0
2631,41.018482,42.0
2632,41.94186,42.0
2633,42.098602,42.0
2634,42.0256,42.0
2635,42.153942,42.99999999999999
2636,43.162125,42.99999999999999
2637,42.909225,42.99999999999999
2638,43.13361,44.0
2639,43.97572,46.0
2640,45.644665,48.0
2641,47.759674,49.0
2642,48.788338,51.0
2643,50.80339,52.0
2644,51.88817,56.0
2645,55.98975,57.0
2646,56.97208,58.0
2647,57.95261,58.0
2648,57.939068,59.0
2649,58.931007,60.0
2650,59.9631,60.0
2651,59.995277,60.0
2652,59.909523,60.0
2653,59.923637,61.0
2654,60.937943,61.0
2655,60.98313,61.0
2656,60.9359,60.0
2657,59.894817,61.0
2658,61.140873,61.0
2659,61.370384,62.0
2660,62.491287,61.0
2661,61.240746,62.0
2662,61.73862,62.0
2663,61.876682,62.0
2664,61.96276,62.0
2665,61.895756,63.0
2666,63.08068,63.0
2667,62.865562,63.0
2668,62.94371,65.0
2669,64.85384,66.0
2670,65.76569,66.0
2671,65.806,66.0
2672,65.795105,65.0
2673,64.84332,65.0
2674,64.94182,65.0
2675,64.949715,65.0
2676,65.06826,65.0
2677,65.10552,65.0
2678,65.07127,64.0
2679,63.920723,64.0
2680,64.04901,64.0
2681,63.912376,63.0
2682,62.52413,63.0
2683,62.36448,63.0
2684,62.658405,63.0
2685,62.84744,62.0
2686,61.954372,61.0
2687,60.968163,61.0
2688,61.042885,61.0
2689,60.967262,60.0
2690,59.99936,60.0
2691,60.008892,60.0
2692,60.082867,57.0
2693,56.7081,56.0
2694,55.822403,55.0
2695,54.955677,53.99999999999999
2696,54.01471,53.0
2697,53.09195,53.0
2698,53.13578,52.0
2699,52.057404,52.0
2700,52.00669,51.0
2701,51.021362,49.0
2702,49.13623,47.0
2703,47.037426,45.0
2704,45.12471,44.0
2705,44.25463,40.0
2706,40.17685,37.0
2707,37.270996,39.0
2708,39.655277,39.0
2709,39.44622,38.0
2710,38.294792,38.0
2711,38.546944,38.0
2712,38.22343,38.0
2713,38.04533,34.0
2714,33.983624,34.0
2715,33.860676,35.0
2716,35.146095,61.0
2717,60.899216,61.0
2718,60.941257,61.0
2719,60.992302,61.0
2720,61.002396,62.0
2721,62.01264,64.0
2722,64.05614,64.0
2723,63.913074,64.0
2724,63.973576,63.0
2725,62.889687,63.0
2726,62.98738,63.0
2727,62.837677,64.0
2728,63.791428,65.0
2729,64.95858,66.0
2730,66.12158,66.0
2731,65.863365,66.0
2732,66.09495,66.0
2733,65.90572,66.0
2734,65.6374,68.0
2735,68.10507,68.0
2736,68.02788,68.0
2737,68.01374,69.0
2738,68.98176,70.0
2739,70.078094,70.0
2740,70.10912,60.0
2741,59.966908,60.0
2742,60.011494,59.0
2743,59.037933,60.0
2744,60.112587,60.0
2745,60.091393,60.0
2746,60.080013,60.0
2747,60.100624,60.0
2748,60.09818,60.0
2749,60.109734,60.0
2750,60.06671,60.0
2751,60.02955,60.0
2752,59.954563,61.0
2753,60.90672,61.0
2754,60.511803,61.0
2755,60.58573,60.0
2756,59.6252,59.0
2757,58.735023,59.0
2758,58.76588,59.0
2759,58.89513,59.0
2760,58.891888,60.0
2761,59.930103,60.0
2762,59.926075,60.0
2763,59.974846,60.0
2764,59.96758,66.0
2765,66.05253,66.0
2766,66.06793,66.0
2767,66.11011,66.0
2768,66.1172,67.0
2769,67.156654,68.0
2770,68.159615,69.0
2771,69.17582,70.0
2772,70.152596,71.0
2773,71.199,72.0
2774,72.17347,73.00000000000001
2775,73.09351,74.0
2776,74.00482,74.0
2777,73.88429,75.0
2778,74.7697,75.0
2779,74.73784,76.0
2780,75.44286,76.0
2781,75.51256,76.0
2782,75.74201,76.0
2783,75.689964,77.0
2784,76.56212,77.0
2785,76.836975,77.0
2786,77.091835,78.0
2787,78.180084,78.0
2788,78.23872,64.0
2789,63.936337,64.0
2790,63.991863,65.0
2791,65.02218,65.0
2792,65.01535,65.0
2793,65.046875,66.0
2794,66.13326,66.0
2795,66.12398,67.0
2796,67.16125,67.0
2797,67.155754,68.0
2798,68.17913,69.0
2799,69.09258,70.0
2800,70.08378,71.0
2801,70.91486,71.0
2802,70.70107,71.0
2803,70.15051,72.0
2804,70.90128,73.00000000000001
2805,71.57847,74.0
2806,73.61128,76.0
2807,75.56129,76.0
2808,75.30145,76.0
2809,75.525665,77.0
2810,76.81598,78.0
2811,77.88668,79.0
2812,79.101685,80.0
2813,80.2752,80.0
2814,80.43302,80.0
2815,80.322586,81.0
2816,81.404625,80.0
2817,80.490616,80.0
2818,80.50789,80.0
2819,80.53859,80.0
2820,80.66189,79.0
2821,79.12311,80.0
2822,80.4734,80.0
2823,80.27933,80.0
2824,79.98771,81.0
2825,80.79947,81.0
2826,80.4657,83.0
2827,82.3623,84.0
2828,83.12712,85.0
2829,83.91133,87.0
2830,85.984764,97.0
2831,96.290146,104.0
2832,104.423065,101.0
2833,101.584885,96.0
2834,96.70669,97.0
2835,97.627815,97.0
2836,97.69445,56.0
2837,56.005764,55.0
2838,55.023426,56.0
2839,56.02068,56.0
2840,56.048412,55.0
2841,55.058445,53.99999999999999
2842,54.04815,53.99999999999999
2843,54.106262,53.0
2844,53.08737,53.0
2845,52.98139,52.0
2846,51.946724,52.0
2847,51.923027,51.0
2848,50.94361,51.0
2849,50.754177,51.0
2850,50.75599,51.0
2851,50.64739,51.0
2852,50.672173,50.0
2853,49.779594,51.0
2854,51.09709,52.0
2855,51.957123,52.0
2856,52.067543,52.0
2857,51.99828,51.0
2858,51.016937,51.0
2859,50.9495,51.0
2860,50.556744,50.0
2861,50.01336,48.0
2862,48.015614,49.0
2863,48.860897,49.0
2864,49.0077,50.0
2865,50.028,51.0
2866,51.053345,51.0
2867,51.07296,51.0
2868,51.063435,52.0
2869,52.04402,52.0
2870,52.020298,53.0
2871,52.956852,53.0
2872,53.03784,53.0
2873,52.677547,53.99999999999999
2874,53.79924,53.99999999999999
2875,53.677097,53.0
2876,52.921204,52.0
2877,51.90923,52.0
2878,51.80405,52.0
2879,51.94245,52.0
2880,52.043007,52.0
2881,52.072815,52.0
2882,52.12232,52.0
2883,52.0565,52.0
2884,51.99724,55.0
2885,54.990437,56.0
2886,55.978714,56.0
2887,55.96022,57.0
2888,56.993736,58.0
2889,57.979977,58.0
2890,57.96802,59.0
2891,58.974613,60.0
2892,59.999355,59.0
2893,58.94015,59.0
2894,58.937347,58.0
2895,57.77879,58.0
2896,57.903984,57.0
2897,56.515575,58.0
2898,57.77007,58.0
2899,57.6727,58.0
2900,57.68171,58.0
2901,57.72653,58.0
2902,57.80984,57.0
2903,56.67278,57.0
2904,56.879284,58.0
2905,57.875515,59.0
2906,58.883415,60.0
2907,59.914383,60.0
2908,59.96561,60.0
2909,59.95455,60.0
2910,59.970978,61.0
2911,60.979023,61.0
2912,60.97993,61.0
2913,61.019394,61.0
2914,61.01864,60.0
2915,59.80508,59.0
2916,59.116657,59.0
2917,58.98677,59.0
2918,58.914474,60.0
2919,59.874626,61.0
2920,60.945354,62.0
2921,61.652977,62.0
2922,61.55574,62.0
2923,61.43016,61.0
2924,60.525513,61.0
2925,60.432415,60.0
2926,59.559956,60.0
2927,59.566074,60.0
2928,59.534576,59.0
2929,58.677544,58.0
2930,57.751663,58.0
2931,57.849667,57.0
2932,56.884037,57.0
2933,56.890194,56.0
2934,55.9422,56.0
2935,55.902794,55.0
2936,54.951706,55.0
2937,54.995346,55.0
2938,54.99453,56.0
2939,55.947712,56.0
2940,55.988297,57.0
2941,57.004723,57.0
2942,56.892056,57.0
2943,56.863907,56.0
2944,55.76073,56.0
2945,56.005905,57.0
2946,56.866184,58.0
2947,58.22247,59.0
2948,58.55186,59.0
2949,58.24128,59.0
2950,58.90543,59.0
2951,58.850796,59.0
2952,59.011112,60.0
2953,60.04785,60.0
2954,59.810543,61.0
2955,60.709404,61.0
2956,60.81462,62.0
2957,61.93875,62.0
2958,61.98776,63.0
2959,63.008904,64.0
2960,64.07747,64.0
2961,64.04069,65.0
2962,65.01758,65.0
2963,65.03084,66.0
2964,66.06269,66.0
2965,66.08226,67.0
2966,67.01899,67.0
2967,66.95359,68.0
2968,67.87349,68.0
2969,67.422295,67.0
2970,66.30035,68.0
2971,67.510414,67.0
2972,66.06994,69.0
2973,68.631165,69.0
2974,68.16419,69.0
2975,68.456795,70.0
2976,69.56322,70.0
2977,69.79214,71.0
2978,70.91437,72.0
2979,72.11697,74.0
2980,74.35632,74.0
2981,74.28328,75.0
2982,75.33112,76.0
2983,76.43393,76.0
2984,76.470535,77.0
2985,77.44787,77.0
2986,77.411896,78.0
2987,78.42725,78.0
2988,78.492134,79.0
2989,79.54721,79.0
2990,79.32495,80.0
2991,80.17214,80.0
2992,79.994965,79.0
2993,78.41797,79.0
2994,78.308266,78.0
2995,77.35929,78.0
2996,77.0619,77.0
2997,76.20781,77.0
2998,76.44168,76.0
2999,75.378395,76.0
3000,75.78489,76.0
3001,76.01803,75.0
3002,75.09229,74.0
3003,74.01041,73.00000000000001
3004,73.13345,72.0
3005,72.08059,71.0
3006,71.133415,71.0
3007,71.0855,70.0
3008,69.96296,68.0
3009,67.95757,66.0
3010,66.038574,65.0
3011,65.050415,63.0
3012,62.916073,62.0
3013,61.947018,60.0
3014,59.959618,59.0
3015,58.887764,58.0
3016,57.8046,58.0
3017,57.78265,57.0
3018,56.80115,57.0
3019,57.004578,57.0
3020,57.045197,57.0
3021,57.061317,57.0
3022,57.04319,57.0
3023,56.662235,58.0
3024,57.91194,58.0
3025,57.930813,58.0
3026,57.90992,58.0
3027,57.972168,58.0
3028,57.96978,57.0
3029,56.80666,57.0
3030,56.840744,56.0
3031,56.00545,56.0
3032,56.04163,56.0
3033,56.053295,56.0
3034,56.033497,56.0
3035,56.026237,56.0
3036,55.97392,57.0
3037,56.963085,56.0
3038,55.97019,57.0
3039,56.96081,57.0
3040,56.943184,57.0
3041,56.89317,58.0
3042,57.908905,59.0
3043,58.831608,60.0
3044,59.7563,61.0
3045,61.063393,61.0
3046,60.2827,61.0
3047,61.02588,61.0
3048,61.023216,60.0
3049,60.041477,60.0
3050,60.028885,59.0
3051,59.00948,59.0
3052,58.994312,58.0
3053,57.976986,59.0
3054,58.997704,58.0
3055,58.002678,58.0
3056,58.002857,58.0
3057,58.00977,58.0
3058,58.050182,58.0
3059,58.060627,58.0
3060,58.04075,58.0
3061,57.976814,58.0
3062,57.985126,57.0
3063,56.995193,57.0
3064,56.991528,57.0
3065,57.034996,56.0
3066,55.97374,53.99999999999999
3067,53.671906,53.0
3068,52.80914,53.0
3069,53.236557,53.0
3070,53.159966,52.0
3071,51.699554,52.0
3072,51.950645,52.0
3073,51.849216,53.0
3074,52.932762,53.0
3075,52.93734,53.99999999999999
3076,53.918427,53.99999999999999
3077,53.91628,55.0
3078,54.94033,55.0
3079,54.927635,56.0
3080,55.946423,56.0
3081,55.96488,57.0
3082,56.977177,58.0
3083,57.95497,59.0
3084,58.926216,59.0
3085,58.95299,60.0
3086,59.94633,62.0
3087,62.095005,63.0
3088,63.053974,63.0
3089,62.875816,63.0
3090,62.85696,64.0
3091,63.68293,64.0
3092,64.118286,64.0
3093,63.833195,64.0
3094,63.7622,65.0
3095,64.64098,65.0
3096,64.84255,65.0
3097,64.64584,65.0
3098,64.71954,65.0
3099,64.809814,65.0
3100,64.862045,65.0
3101,64.84206,65.0
3102,64.86105,65.0
3103,64.91063,65.0
3104,64.97576,65.0
3105,65.041084,65.0
3106,65.0338,65.0
3107,65.05104,66.0
3108,66.02858,65.0
3109,64.93778,66.0
3110,66.02634,65.0
3111,64.73872,64.0
3112,63.62991,63.0
3113,62.79671,63.0
3114,62.94624,63.0
3115,63.000267,63.0
3116,62.842457,62.0
3117,61.402378,63.0
3118,63.064175,63.0
3119,62.86658,62.0
3120,61.67576,61.0
3121,60.791645,62.0
3122,61.98366,62.0
3123,61.99728,63.0
3124,63.048763,63.0
3125,63.04394,63.0
3126,63.030396,64.0
3127,64.095184,64.0
3128,64.109146,64.0
3129,64.10227,64.0
3130,64.16147,65.0
3131,65.18282,65.0
3132,65.15246,66.0
3133,66.132095,66.0
3134,66.00135,66.0
3135,65.98921,66.0
3136,65.8478,67.0
3137,66.94008,66.0
3138,65.96818,66.0
3139,65.99362,66.0
3140,66.00331,66.0
3141,65.7928,65.0
3142,64.87983,65.0
3143,64.990395,66.0
3144,65.91287,67.0
3145,67.00786,67.0
3146,67.01791,67.0
3147,67.14866,67.0
3148,67.20447,68.0
3149,68.23576,68.0
3150,68.21183,68.0
3151,68.19799,67.0
3152,67.17209,68.0
3153,68.2491,67.0
3154,67.20021,67.0
3155,67.2215,67.0
3156,67.22986,67.0
3157,67.238144,66.0
3158,66.03617,67.0
3159,66.90802,68.0
3160,68.16135,69.0
3161,68.67234,69.0
3162,68.478226,69.0
3163,68.04429,70.0
3164,69.96922,70.0
3165,69.67661,71.0
3166,70.49003,70.0
3167,69.57774,70.0
3168,69.918755,69.0
3169,68.77442,69.0
3170,68.66822,68.0
3171,67.90882,68.0
3172,67.91077,68.0
3173,67.62004,68.0
3174,67.84324,68.0
3175,67.9527,68.0
3176,67.967926,68.0
3177,67.96269,68.0
3178,68.05739,68.0
3179,68.0946,68.0
3180,68.16143,68.0
3181,68.23269,68.0
3182,68.1359,69.0
3183,68.99847,68.0
3184,68.02552,68.0
3185,68.11616,68.0
3186,67.78858,69.0
3187,69.015594,68.0
3188,67.770164,68.0
3189,67.70631,68.0
3190,67.59888,68.0
3191,67.76131,67.0
3192,66.77034,68.0
3193,68.09211,68.0
3194,67.76437,68.0
3195,67.973434,69.0
3196,69.09134,69.0
3197,69.172325,69.0
3198,69.11028,70.0
3199,70.163025,70.0
3200,70.13375,71.0
3201,71.20349,72.0
3202,72.165085,72.0
3203,72.20299,72.0
3204,72.234,72.0
3205,72.2596,72.0
3206,72.2013,72.0
3207,72.102356,72.0
3208,71.902466,72.0
3209,71.900444,72.0
3210,72.23108,72.0
3211,72.11946,72.0
3212,71.94548,73.00000000000001
3213,72.82979,73.00000000000001
3214,72.74356,73.00000000000001
3215,72.80009,73.00000000000001
3216,72.426414,73.00000000000001
3217,72.771965,74.0
3218,73.95818,74.0
3219,74.20945,74.0
3220,74.2226,73.00000000000001
3221,73.16443,74.0
3222,74.34299,74.0
3223,74.34125,74.0
3224,74.33198,74.0
3225,74.31992,75.0
3226,75.325806,75.0
3227,75.382835,75.0
3228,75.430954,76.0
3229,76.45131,76.0
3230,76.32065,75.0
3231,75.159874,75.0
3232,75.03304,75.0
3233,74.6959,76.0
3234,76.257324,76.0
3235,75.79144,76.0
3236,75.75762,76.0
3237,75.52219,76.0
3238,75.64762,76.0
3239,75.99281,76.0
3240,75.62169,76.0
3241,75.75497,76.0
3242,76.03106,75.0
3243,75.05518,76.0
3244,76.23147,76.0
3245,76.03202,76.0
3246,75.94992,75.0
3247,75.10482,74.0
3248,74.198425,74.0
3249,74.34262,74.0
3250,74.32016,74.0
3251,74.35614,74.0
3252,74.34357,74.0
3253,74.35553,74.0
3254,74.224205,75.0
3255,75.18309,76.0
3256,76.01951,77.0
3257,77.027664,76.0
3258,76.01545,76.0
3259,75.555214,77.0
3260,77.07024,78.0
3261,77.865974,79.0
3262,78.72902,79.0
3263,78.832855,80.0
3264,80.027664,80.0
3265,79.674416,81.0
3266,81.25955,81.0
3267,81.22882,81.0
3268,81.474945,82.0
3269,82.68912,83.0
3270,83.72334,83.0
3271,83.613235,83.0
3272,83.683945,83.0
3273,83.70524,84.0
3274,84.86196,85.0
3275,85.86217,85.0
3276,85.81931,85.0
3277,85.777336,85.0
3278,85.61288,85.99999999999999
3279,86.63801,85.99999999999999
3280,86.492935,85.0
3281,85.24429,85.0
3282,84.85049,85.0
3283,84.91657,85.0
3284,85.37485,85.0
3285,84.90069,85.0
3286,84.77658,85.0
3287,84.91715,85.0
3288,84.80195,87.0
3289,87.42746,87.0
3290,87.34195,88.0
3291,88.776245,88.0
3292,88.63018,87.0
3293,87.74911,85.99999999999999
3294,86.730286,87.0
3295,87.9461,87.0
3296,87.95629,88.0
3297,89.07543,88.0
3298,89.056786,87.0
3299,87.93741,87.0
3300,87.850395,87.0
3301,87.88859,87.0
3302,87.719826,85.99999999999999
3303,86.2623,85.0
3304,85.04757,85.99999999999999
3305,86.07061,85.99999999999999
3306,85.54898,85.99999999999999
3307,85.49127,85.0
3308,84.28316,85.0
3309,84.012505,84.0
3310,83.489944,85.0
3311,84.720345,84.0
3312,83.52005,83.0
3313,82.914375,84.0
3314,84.10229,83.0
3315,83.28457,83.0
3316,83.33817,82.0
3317,81.76611,81.0
3318,81.15607,80.0
3319,79.99818,79.0
3320,78.915115,77.0
3321,76.85707,75.0
3322,74.97668,74.0
3323,74.01363,73.00000000000001
3324,72.996864,71.0
3325,70.84671,70.0
3326,69.93439,71.0
3327,71.08995,71.0
3328,71.16953,70.0
3329,70.14862,70.0
3330,70.03092,71.0
3331,70.94161,71.0
3332,70.80443,71.0
3333,70.6924,71.0
3334,70.62737,70.0
3335,69.78955,69.0
3336,68.75166,68.0
3337,67.760376,68.0
3338,68.08059,67.0
3339,66.98219,66.0
3340,65.971855,40.0
3341,40.06377,42.0
3342,42.02331,42.99999999999999
3343,43.010605,44.0
3344,44.047726,46.0
3345,46.055355,46.0
3346,46.06585,48.0
3347,47.976986,49.0
3348,48.831017,49.0
3349,48.719437,50.0
3350,49.7311,50.0
3351,49.936043,50.0
3352,50.066746,52.0
3353,52.366634,52.0
3354,52.243706,52.0
3355,52.373413,52.0
3356,52.222275,52.0
3357,51.602745,53.0
3358,52.620396,53.0
3359,52.53067,53.0
3360,52.95784,53.0
3361,53.011894,53.0
3362,52.827682,53.0
3363,52.794346,53.0
3364,53.053764,52.0
3365,51.78915,53.0
3366,52.806957,53.0
3367,52.911396,53.0
3368,52.93534,53.99999999999999
3369,53.92258,53.99999999999999
3370,53.870655,53.99999999999999
3371,53.898758,53.99999999999999
3372,53.89069,53.0
3373,52.91923,53.0
3374,52.853947,53.0
3375,52.96137,53.0
3376,53.037254,53.99999999999999
3377,54.027187,53.99999999999999
3378,53.456543,53.99999999999999
3379,53.75187,53.99999999999999
3380,53.603863,53.99999999999999
3381,53.706142,53.99999999999999
3382,53.857365,55.0
3383,54.86481,55.0
3384,54.90232,56.0
3385,55.60159,56.0
3386,55.857437,56.0
3387,55.93884,55.0
3388,54.94572,62.0
3389,61.969387,62.0
3390,61.923412,62.0
3391,61.921864,62.0
3392,61.965504,61.0
3393,60.801174,61.0
3394,60.775234,61.0
3395,60.735844,61.0
3396,60.707485,61.0
3397,60.780308,61.0
3398,60.973347,61.0
3399,61.0123,62.0
3400,62.070312,62.0
3401,62.285492,62.0
3402,62.19827,61.0
3403,60.87294,60.0
3404,60.178764,60.0
3405,60.319904,60.0
3406,60.348244,60.0
3407,59.926918,60.0
3408,59.7651,60.0
3409,59.780674,61.0
3410,60.91939,62.0
3411,62.00472,61.0
3412,60.90278,60.0
3413,60.04945,60.0
3414,60.06642,60.0
3415,60.040592,60.0
3416,60.027824,60.0
3417,60.031265,60.0
3418,60.05987,60.0
3419,60.03146,60.0
3420,60.048977,59.0
3421,59.02844,58.0
3422,57.6337,57.0
3423,56.605965,57.0
3424,56.64533,56.0
3425,55.724815,56.0
3426,55.78249,56.0
3427,55.885906,56.0
3428,56.094524,56.0
3429,55.911865,57.0
3430,56.814068,57.0
3431,56.862133,57.0
3432,57.004963,57.0
3433,57.04651,57.0
3434,57.03034,57.0
3435,57.053543,57.0
3436,57.06414,36.0
3437,36.029984,38.0
3438,38.036045,39.0
3439,38.99808,42.99999999999999
3440,43.081802,46.0
3441,46.037735,47.0
3442,47.015373,49.0
3443,49.023228,51.0
3444,51.016273,52.0
3445,51.999573,52.0
3446,52.02892,52.0
3447,52.19558,53.0
3448,53.245327,53.0
3449,53.076427,53.0
3450,53.372086,53.99999999999999
3451,53.814247,53.0
3452,53.319862,53.0
3453,52.96827,53.0
3454,53.305576,53.0
3455,53.10326,53.0
3456,52.89425,53.0
3457,52.706333,53.99999999999999
3458,53.94983,53.99999999999999
3459,53.905647,53.0
3460,52.9012,70.0
3461,70.07799,72.0
3462,72.2952,71.0
3463,70.998795,70.0
3464,70.09797,69.0
3465,68.962524,68.0
3466,68.017525,68.0
3467,67.99594,67.0
3468,67.07026,68.0
3469,68.0623,68.0
3470,68.03535,68.0
3471,67.73455,67.0
3472,66.79723,67.0
3473,66.90408,66.0
3474,65.478905,66.0
3475,65.78225,66.0
3476,66.078964,66.0
3477,65.59491,67.0
3478,66.80139,66.0
3479,65.96013,66.0
3480,65.76455,65.0
3481,64.879616,65.0
3482,65.00421,65.0
3483,64.944824,65.0
3484,65.08824,60.0
3485,59.97037,60.0
3486,59.977688,60.0
3487,60.013504,60.0
3488,60.05678,59.0
3489,59.028854,59.0
3490,59.035084,59.0
3491,59.041004,59.0
3492,59.05899,59.0
3493,59.01544,58.0
3494,57.980637,58.0
3495,57.920918,57.0
3496,56.89193,57.0
3497,56.974697,58.0
3498,57.950645,58.0
3499,58.02389,59.0
3500,58.92968,60.0
3501,59.76151,60.0
3502,59.655056,60.0
3503,59.861774,61.0
3504,60.833355,61.0
3505,60.911392,62.0
3506,61.98169,63.0
3507,62.968304,63.0
3508,62.965958,78.0
3509,78.386696,79.0
3510,79.572624,79.0
3511,79.58014,80.0
3512,80.6281,80.0
3513,80.573524,81.0
3514,81.66803,81.0
3515,81.66383,82.0
3516,82.61685,83.0
3517,83.638756,83.0
3518,83.38259,84.0
3519,84.22624,83.0
3520,83.28129,83.0
3521,82.568535,83.0
3522,82.44125,82.0
3523,80.58093,82.0
3524,81.05551,82.0
3525,81.394066,81.0
3526,80.68376,81.0
3527,80.94955,81.0
3528,80.83065,80.0
3529,79.97935,79.0
3530,79.061516,79.0
3531,79.30055,79.0
3532,79.24963,80.0
3533,79.36425,80.0
3534,80.07607,81.0
3535,80.980606,82.0
3536,82.26463,83.0
3537,83.34843,84.0
3538,84.63729,85.0
3539,85.64066,85.99999999999999
3540,86.7532,87.0
3541,87.86387,89.0
3542,89.92755,91.0
3543,91.62854,92.0
3544,91.49642,92.0
3545,90.84872,93.0
3546,91.51339,93.0
3547,92.492805,93.0
3548,92.576996,93.0
3549,92.68959,92.0
3550,92.273766,91.0
3551,91.186455,91.0
3552,90.60583,91.0
3553,90.31919,90.0
3554,90.35608,88.0
3555,87.210045,87.0
3556,86.87739,98.0
3557,99.001854,98.0
3558,99.326546,99.0
3559,100.44282,106.0
3560,107.33721,111.0
3561,111.78013,124.0
3562,124.71053,132.0
3563,132.43199,135.0
3564,135.77614,139.0
3565,139.73674,143.0
3566,142.5696,151.0
3567,148.93178,152.0
3568,148.29288,152.0
3569,147.1247,152.0
3570,146.42947,151.0
3571,144.54947,151.0
3572,145.11383,151.0
3573,145.68149,148.0
3574,145.12062,137.0
3575,133.47571,125.0
3576,121.82103,119.0
3577,116.97686,113.0
3578,114.02595,118.0
3579,118.43487,124.0
3580,124.39076,50.0
3581,49.89542,51.0
3582,50.91725,52.0
3583,51.502216,52.0
3584,51.70434,52.0
3585,51.990524,52.0
3586,51.976162,53.0
3587,52.971165,53.0
3588,52.986305,53.99999999999999
3589,53.981316,53.99999999999999
3590,54.01732,55.0
3591,55.01845,55.0
3592,55.02283,55.0
3593,54.63102,55.0
3594,54.730255,56.0
3595,55.407776,56.0
3596,55.562935,57.0
3597,56.81221,58.0
3598,57.93385,58.0
3599,57.881287,59.0
3600,58.88911,59.0
3601,58.952187,60.0
3602,60.0261,61.0
3603,61.064697,61.0
3604,61.06779,52.0
3605,52.01459,53.0
3606,53.02229,53.0
3607,52.98408,53.0
3608,52.986725,53.0
3609,53.004288,53.0
3610,53.014996,53.0
3611,53.023365,53.0
3612,53.01691,53.0
3613,52.996452,52.0
3614,51.991276,52.0
3615,51.942375,52.0
3616,52.08097,52.0
3617,51.885754,50.0
3618,49.87255,48.0
3619,47.922688,45.0
3620,44.989647,47.0
3621,47.242058,51.0
3622,50.967136,52.0
3623,51.873207,53.0
3624,52.808147,53.0
3625,52.657173,53.0
3626,52.969566,53.0
3627,52.837883,53.0
3628,52.95543,66.0
3629,66.01803,66.0
3630,66.075,66.0
3631,66.09762,67.0
3632,67.15373,67.0
3633,67.15982,67.0
3634,67.122894,67.0
3635,67.12042,67.0
3636,67.129395,67.0
3637,67.118774,67.0
3638,67.07255,68.0
3639,68.00663,68.0
3640,67.926506,69.0
3641,68.828545,69.0
3642,68.65547,70.0
3643,69.50383,71.0
3644,70.720055,72.0
3645,71.834816,73.00000000000001
3646,72.35761,74.0
3647,73.907616,75.0
3648,75.04668,76.0
3649,76.00482,76.0
3650,76.08593,77.0
3651,77.10652,77.0
3652,77.13821,77.0
3653,77.28672,77.0
3654,77.30265,77.0
3655,77.34748,76.0
3656,76.02398,75.0
3657,74.52847,74.0
3658,74.06025,73.00000000000001
3659,73.04692,72.0
3660,72.0343,72.0
3661,72.13267,71.0
3662,71.07999,71.0
3663,71.0138,70.0
3664,69.975624,69.0
3665,68.91834,69.0
3666,68.67133,68.0
3667,67.30278,67.0
3668,66.4565,66.0
3669,65.59601,65.0
3670,64.40275,64.0
3671,63.535683,62.0
3672,61.566525,61.0
3673,60.808483,60.0
3674,59.82559,59.0
3675,58.666817,58.0
3676,57.802288,57.0
3677,56.869137,56.0
3678,55.88627,55.0
3679,54.930046,55.0
3680,54.91359,55.0
3681,54.925537,55.0
3682,54.937565,55.0
3683,54.961216,56.0
3684,55.984318,56.0
3685,55.983604,57.0
3686,56.97945,57.0
3687,56.82748,57.0
3688,56.78622,58.0
3689,57.862705,58.0
3690,57.549244,58.0
3691,57.753376,59.0
3692,58.028893,59.0
3693,57.973236,60.0
3694,59.215294,61.0
3695,60.334766,77.0
3696,75.594986,87.0
3697,86.3988,84.0
3698,83.799866,64.0
3699,63.878334,64.0
3700,63.87969,65.0
3701,64.95144,65.0
3702,64.98317,66.0
3703,66.01599,67.0
3704,67.09512,68.0
3705,68.18174,70.0
3706,70.2257,70.0
3707,70.13853,71.0
3708,71.17342,72.0
3709,72.21411,72.0
3710,72.077126,73.00000000000001
3711,72.98987,74.0
3712,73.64256,74.0
3713,73.49657,74.0
3714,73.40007,75.0
3715,74.33059,75.0
3716,74.47299,75.0
3717,74.45833,75.0
3718,74.862526,74.0
3719,73.967514,74.0
3720,73.93274,74.0
3721,73.3496,74.0
3722,73.8982,74.0
3723,73.94903,74.0
3724,74.09664,74.0
3725,74.08192,74.0
3726,74.11905,74.0
3727,74.19623,74.0
3728,74.2137,73.00000000000001
3729,73.33067,73.00000000000001
3730,73.21818,72.0
3731,72.134254,72.0
3732,72.17159,71.0
3733,70.89881,70.0
3734,69.875305,68.0
3735,68.00428,67.0
3736,67.009514,67.0
3737,66.87183,66.0
3738,65.67711,66.0
3739,65.52541,66.0
3740,65.00748,66.0
3741,64.40576,66.0
3742,65.05244,66.0
3743,65.35572,66.0
3744,65.281906,65.0
3745,64.48604,65.0
3746,64.72475,65.0
3747,64.8371,64.0
3748,63.829956,63.0
3749,62.856117,63.0
3750,62.971756,62.0
3751,61.97692,62.0
3752,62.002125,61.0
3753,61.018215,62.0
3754,62.021908,62.0
3755,62.058823,63.0
3756,63.05465,63.0
3757,63.057087,64.0
3758,63.752316,66.0
3759,65.74828,67.0
3760,66.62649,68.0
3761,67.706856,67.0
3762,66.409744,67.0
3763,66.064674,67.0
3764,65.883286,67.0
3765,65.87443,66.0
3766,65.20249,66.0
3767,65.62028,67.0
3768,66.719734,68.0
3769,67.78708,68.0
3770,67.87977,69.0
3771,68.90243,70.0
3772,69.99268,71.0
3773,71.07311,71.0
3774,71.07869,72.0
3775,72.1569,72.0
3776,72.06559,72.0
3777,72.1016,72.0
3778,72.16891,71.0
3779,71.141556,71.0
3780,71.190384,70.0
3781,70.15167,70.0
3782,69.90038,69.0
3783,68.81981,69.0
3784,68.67274,68.0
3785,67.27587,68.0
3786,67.3548,68.0
3787,67.07561,68.0
3788,67.22981,68.0
3789,67.2388,68.0
3790,67.52356,68.0
3791,67.833435,68.0
3792,67.592674,67.0
3793,66.82515,67.0
3794,66.82027,67.0
3795,66.84373,66.0
3796,65.93922,66.0
3797,66.05083,66.0
3798,66.04927,66.0
3799,66.02226,66.0
3800,66.03761,65.0
3801,64.79361,64.0
3802,63.826878,64.0
3803,63.99853,63.0
3804,63.123657,62.0
3805,62.06158,62.0
3806,61.94708,61.0
3807,60.93979,60.0
3808,59.90407,61.0
3809,60.67386,61.0
3810,60.782253,61.0
3811,60.495205,61.0
3812,60.47494,61.0
3813,60.695896,61.0
3814,60.72844,61.0
3815,60.87945,61.0
3816,60.898872,61.0
3817,60.896336,61.0
3818,60.94477,61.0
3819,61.004864,62.0
3820,62.041233,61.0
3821,61.02516,61.0
3822,61.030487,61.0
3823,61.044754,61.0
3824,61.02593,61.0
3825,61.02241,62.0
3826,62.045177,62.0
3827,62.00563,63.0
3828,63.009773,63.0
3829,63.009182,64.0
3830,64.02982,64.0
3831,64.01595,65.0
3832,64.95246,66.0
3833,65.880325,66.0
3834,65.86081,67.0
3835,66.68763,67.0
3836,67.050896,66.0
3837,66.093925,66.0
3838,65.97676,66.0
3839,65.95244,67.0
3840,66.97384,67.0
3841,66.954185,67.0
3842,67.05422,66.0
3843,66.0681,66.0
3844,66.08568,65.0
3845,65.09881,65.0
3846,65.07798,65.0
3847,65.09938,65.0
3848,65.09708,65.0
3849,65.10543,65.0
3850,65.11895,65.0
3851,65.14474,65.0
3852,65.11999,65.0
3853,65.08448,65.0
3854,64.87103,64.0
3855,64.03606,64.0
3856,63.734108,65.0
3857,65.067825,65.0
3858,65.08082,66.0
3859,66.069824,67.0
3860,67.01161,68.0
3861,67.787544,70.0
3862,69.92166,70.0
3863,69.8683,70.0
3864,69.964325,72.0
3865,72.03069,73.00000000000001
3866,73.16449,75.0
3867,75.38136,76.0
3868,76.39935,77.0
3869,77.50873,79.0
3870,79.65416,80.0
3871,80.62075,81.0
3872,81.66254,82.0
3873,82.752106,83.0
3874,83.81694,85.0
3875,86.00204,85.99999999999999
3876,87.0683,87.0
3877,88.15349,88.0
3878,88.89114,88.0
3879,88.2829,88.0
3880,87.67559,88.0
3881,87.47515,88.0
3882,87.36091,88.0
3883,87.59554,87.0
3884,85.82054,88.0
3885,86.9037,87.0
3886,86.36914,88.0
3887,87.25586,87.0
3888,86.31523,85.99999999999999
3889,85.62156,85.0
3890,85.03296,85.0
3891,85.327484,84.0
3892,84.31458,84.0
3893,84.43564,83.0
3894,83.57003,84.0
3895,84.669586,84.0
3896,84.72187,83.0
3897,83.72134,83.0
3898,83.6953,83.0
3899,83.64692,84.0
3900,84.81562,84.0
3901,84.85906,84.0
3902,84.65759,84.0
3903,84.11357,85.0
3904,84.92245,85.0
3905,83.95487,85.99999999999999
3906,85.363945,85.99999999999999
3907,84.494896,85.99999999999999
3908,84.82942,85.0
3909,83.730095,85.0
3910,83.95484,85.99999999999999
3911,85.80588,85.99999999999999
3912,85.216835,85.99999999999999
3913,84.228195,87.0
3914,86.42101,87.0
3915,85.58978,87.0
3916,85.54082,87.0
3917,87.679214,88.0
3918,88.94581,88.0
3919,88.78281,88.0
3920,88.83518,88.0
3921,88.848885,89.0
3922,90.02782,90.0
3923,91.11286,90.0
3924,91.091995,90.0
3925,91.09183,90.0
3926,90.75778,90.0
3927,90.394196,91.0
3928,91.28843,91.0
3929,90.54509,91.0
3930,89.97806,90.0
3931,88.7578,90.0
3932,88.94842,90.0
3933,88.72818,90.0
3934,89.507454,90.0
3935,89.73077,89.0
3936,89.14439,89.0
3937,89.29311,89.0
3938,89.341736,89.0
3939,89.598816,88.0
3940,88.53041,88.0
3941,88.65762,87.0
3942,87.656815,87.0
3943,87.7743,85.99999999999999
3944,86.73795,85.0
3945,85.691574,84.0
3946,84.71188,84.0
3947,84.73046,83.0
3948,83.748184,82.0
3949,82.69296,82.0
3950,82.41758,81.0
3951,80.91009,80.0
3952,79.60206,79.0
3953,78.44913,78.0
3954,77.512245,78.0
3955,77.2889,77.0
3956,76.0538,76.0
3957,74.71838,76.0
3958,74.744644,75.0
3959,73.996765,75.0
3960,74.23267,75.0
3961,74.49508,74.0
3962,73.935814,74.0
3963,74.0221,74.0
3964,74.11917,74.0
3965,74.19933,73.00000000000001
3966,73.07326,74.0
3967,74.21752,74.0
3968,74.29561,74.0
3969,74.31144,73.00000000000001
3970,73.273094,73.00000000000001
3971,73.28768,72.0
3972,72.26028,73.00000000000001
3973,73.35,73.00000000000001
3974,73.341805,74.0
3975,74.1089,75.0
3976,74.83087,77.0
3977,76.07571,77.0
3978,75.396996,78.0
3979,76.43806,79.0
3980,77.91846,78.0
3981,76.60025,78.0
3982,77.98799,79.0
3983,78.96042,79.0
3984,78.9711,79.0
3985,78.86505,79.0
3986,78.97127,79.0
3987,79.089966,78.0
3988,78.10395,78.0
3989,78.29846,78.0
3990,78.36565,77.0
3991,77.329216,77.0
3992,77.35168,77.0
3993,77.36591,76.0
3994,76.33523,77.0
3995,77.43219,77.0
3996,77.43681,77.0
3997,77.450935,76.0
3998,76.12531,76.0
3999,76.06414,76.0
4000,75.81334,75.0
4001,74.54555,76.0
4002,75.616264,75.0
4003,74.357025,73.00000000000001
4004,72.39895,74.0
4005,73.305626,74.0
4006,73.61331,73.00000000000001
4007,72.34808,73.00000000000001
4008,72.82368,73.00000000000001
4009,73.05241,73.00000000000001
4010,73.04808,73.00000000000001
4011,73.10758,73.00000000000001
4012,73.08699,73.00000000000001
4013,73.15859,73.00000000000001
4014,73.235115,73.00000000000001
4015,73.32714,72.0
4016,72.30238,72.0
4017,72.35621,72.0
4018,72.34052,72.0
4019,72.34807,71.0
4020,71.32502,71.0
4021,71.27412,70.0
4022,70.144745,70.0
4023,70.06354,70.0
4024,70.05912,70.0
4025,69.7018,69.0
4026,68.42766,69.0
4027,68.68655,69.0
4028,68.18082,70.0
4029,69.63598,70.0
4030,69.81004,72.0
4031,71.90573,72.0
4032,71.2722,72.0
4033,71.90225,72.0
4034,71.97856,73.00000000000001
4035,72.79101,74.0
4036,74.25345,75.0
4037,75.30803,75.0
4038,74.94931,75.0
4039,74.705284,74.0
4040,74.12643,73.00000000000001
4041,73.08081,72.0
4042,71.70597,72.0
4043,72.123886,71.0
4044,71.13161,71.0
4045,71.24866,71.0
4046,71.18657,69.0
4047,68.90975,69.0
4048,68.843094,68.0
4049,67.560326,68.0
4050,67.223976,67.0
4051,66.25932,68.0
4052,67.228676,68.0
4053,67.6005,68.0
4054,67.62299,68.0
4055,67.77346,68.0
4056,67.871735,68.0
4057,67.09465,68.0
4058,67.24359,68.0
4059,67.727745,67.0
4060,66.87355,67.0
4061,66.93372,67.0
4062,67.01966,68.0
4063,67.94519,68.0
4064,68.01842,68.0
4065,68.01979,69.0
4066,69.06558,69.0
4067,69.09369,69.0
4068,69.14999,69.0
4069,69.20982,69.0
4070,69.13915,69.0
4071,69.04498,69.0
4072,68.840515,70.0
4073,69.77128,71.0
4074,70.77288,71.0
4075,70.52994,71.0
4076,70.54072,71.0
4077,70.7856,71.0
4078,70.62579,71.0
4079,70.75808,71.0
4080,70.76429,71.0
4081,70.86966,71.0
4082,70.97934,71.0
4083,70.98945,71.0
4084,71.02264,53.0
4085,52.987625,53.99999999999999
4086,53.989307,53.99999999999999
4087,53.99851,55.0
4088,55.019775,55.0
4089,55.018703,56.0
4090,56.005608,56.0
4091,55.998226,56.0
4092,56.03376,56.0
4093,56.04376,56.0
4094,56.012993,56.0
4095,56.0319,57.0
4096,56.99765,56.0
4097,55.80885,56.0
4098,55.651714,55.0
4099,55.066895,53.99999999999999
4100,53.321,55.0
4101,54.873703,57.0
4102,57.097702,57.0
4103,56.553802,57.0
4104,56.650166,57.0
4105,56.95903,57.0
4106,57.02698,56.0
4107,55.936424,57.0
4108,57.009846,53.99999999999999
4109,54.034782,53.99999999999999
4110,53.888046,53.99999999999999
4111,53.991943,53.99999999999999
4112,53.87556,53.0
4113,52.869823,53.0
4114,52.746704,52.0
4115,51.967976,53.0
4116,52.828728,52.0
4117,51.77172,52.0
4118,51.75863,52.0
4119,51.892387,52.0
4120,51.915115,52.0
4121,51.9803,52.0
4122,52.03785,52.0
4123,52.037235,53.0
4124,52.97536,53.0
4125,52.975033,53.0
4126,52.677517,53.0
4127,52.877827,52.0
4128,51.86923,52.0
4129,51.983505,52.0
4130,52.00572,53.0
4131,52.977528,53.0
4132,52.963993,61.0
4133,60.91207,61.0
4134,60.935745,60.0
4135,59.956196,60.0
4136,59.738262,59.0
4137,58.623886,59.0
4138,58.464737,58.0
4139,57.440384,58.0
4140,57.628403,58.0
4141,57.85463,58.0
4142,57.959553,57.0
4143,56.804104,57.0
4144,56.16351,56.0
4145,54.98351,55.0
4146,54.35727,55.0
4147,54.096947,55.0
4148,54.239605,55.0
4149,54.871376,55.0
4150,55.221817,53.99999999999999
4151,54.11606,53.99999999999999
4152,53.81688,53.0
4153,52.82496,51.0
4154,50.66428,46.0
4155,45.839195,42.99999999999999
4156,42.77073,56.0
4157,56.024193,55.0
4158,55.04523,55.0
4159,55.062107,55.0
4160,55.072433,55.0
4161,55.09467,53.99999999999999
4162,54.11087,53.99999999999999
4163,54.088226,53.99999999999999
4164,54.051662,53.0
4165,53.059933,53.99999999999999
4166,53.939056,55.0
4167,54.94028,55.0
4168,54.83605,53.99999999999999
4169,53.697205,53.99999999999999
4170,53.478092,53.0
4171,52.107918,52.0
4172,51.479294,52.0
4173,51.77282,51.0
4174,50.73094,52.0
4175,51.978798,52.0
4176,51.846394,52.0
4177,52.022007,53.0
4178,52.71164,53.0
4179,52.736603,53.0
4180,52.96008,53.0
4181,52.92369,53.0
4182,52.915466,52.0
4183,51.898544,52.0
4184,52.004776,51.0
4185,50.912113,51.0
4186,50.83704,51.0
4187,50.854755,49.0
4188,48.828293,47.0
4189,47.042557,45.0
4190,44.74922,45.0
4191,45.165493,45.0
4192,45.43016,44.0
4193,44.504196,44.0
4194,44.649837,45.0
4195,45.4731,44.0
4196,44.71522,45.0
4197,45.397217,47.0
4198,48.015438,48.0
4199,48.59912,49.0
4200,49.40917,50.0
4201,49.99398,51.0
4202,51.11345,52.0
4203,52.088554,53.0
4204,53.040573,64.0
4205,63.920345,63.0
4206,63.003788,63.0
4207,63.00699,64.0
4208,64.07759,66.0
4209,66.093735,67.0
4210,67.14783,69.0
4211,69.21481,70.0
4212,70.20068,72.0
4213,72.14236,71.0
4214,70.988815,72.0
4215,71.93442,72.0
4216,71.71276,72.0
4217,71.641464,72.0
4218,71.69015,73.00000000000001
4219,73.0655,72.0
4220,71.71271,72.0
4221,71.5115,72.0
4222,71.850136,71.0
4223,70.73049,71.0
4224,70.81379,71.0
4225,70.921,71.0
4226,70.89663,71.0
4227,70.92949,69.0
4228,68.84112,64.0
4229,63.992783,64.0
4230,64.020096,64.0
4231,64.05099,65.0
4232,65.07137,65.0
4233,65.105225,65.0
4234,65.07033,66.0
4235,65.90818,66.0
4236,65.78176,65.0
4237,64.740944,64.0
4238,63.988274,64.0
4239,63.953526,63.0
4240,62.477303,63.0
4241,62.79258,62.0
4242,61.76204,61.0
4243,60.842884,60.0
4244,59.625298,59.0
4245,58.671955,59.0
4246,59.055294,59.0
4247,58.792835,59.0
4248,58.98837,59.0
4249,58.93997,59.0
4250,58.935524,59.0
4251,59.02361,59.0
4252,59.036427,78.0
4253,78.34583,78.0
4254,78.44123,77.0
4255,77.43933,76.0
4256,76.40421,76.0
4257,76.39617,75.0
4258,75.35596,74.0
4259,74.32783,74.0
4260,74.35432,73.00000000000001
4261,73.34812,73.00000000000001
4262,73.11285,72.0
4263,72.00568,72.0
4264,71.88984,72.0
4265,71.73463,71.0
4266,70.28555,71.0
4267,70.23985,71.0
4268,70.14619,71.0
4269,70.28623,71.0
4270,70.75082,71.0
4271,70.73704,71.0
4272,70.638695,71.0
4273,70.865005,72.0
4274,72.08231,71.0
4275,71.05589,71.0
4276,71.02339,87.0
4277,87.12565,87.0
4278,87.3594,85.99999999999999
4279,86.45762,85.99999999999999
4280,86.59961,85.99999999999999
4281,86.72926,85.0
4282,85.750694,84.0
4283,84.75173,83.0
4284,83.68034,83.0
4285,83.80651,81.0
4286,81.46384,79.0
4287,79.21341,79.0
4288,79.142685,79.0
4289,78.01346,79.0
4290,78.217445,79.0
4291,78.55125,79.0
4292,78.30167,79.0
4293,77.6347,79.0
4294,78.451744,79.0
4295,79.173294,78.0
4296,78.24492,77.0
4297,77.26783,76.0
4298,76.37324,77.0
4299,77.44877,77.0
4300,77.45492,123.0
4301,123.316284,122.0
4302,122.05997,122.0
4303,122.474625,119.0
4304,119.28735,123.0
4305,123.50553,118.0
4306,118.3464,116.0
4307,116.2665,114.0
4308,114.53361,110.0
4309,110.92758,105.0
4310,106.450745,100.0
4311,100.63318,98.0
4312,97.2807,97.0
4313,95.18331,96.0
4314,93.63584,97.0
4315,95.27115,96.0
4316,93.866646,111.0
4317,108.514534,111.0
4318,109.26279,116.0
4319,115.871025,111.0
4320,110.74888,101.0
4321,101.3753,92.0
4322,92.02294,90.0
4323,89.99987,88.0
4324,88.50872,62.0
4325,62.076305,62.0
4326,62.088127,63.0
4327,63.112465,63.0
4328,63.118774,64.0
4329,64.144615,65.0
4330,65.17455,65.0
4331,65.19136,65.0
4332,65.19303,65.0
4333,65.12424,66.0
4334,65.55429,66.0
4335,65.485985,66.0
4336,65.26489,66.0
4337,65.74604,65.0
4338,64.733475,65.0
4339,64.635155,64.0
4340,63.729366,63.0
4341,62.98358,62.0
4342,62.006615,61.0
4343,60.952183,61.0
4344,60.938274,61.0
4345,60.97457,60.0
4346,60.00487,60.0
4347,60.06004,59.0
4348,58.953636,53.0
4349,52.906826,53.0
4350,52.735867,53.0
4351,52.840206,53.0
4352,52.869392,53.0
4353,52.932056,53.0
4354,52.97114,53.0
4355,52.96362,53.0
4356,52.997437,53.0
4357,53.010437,53.99999999999999
4358,53.961468,55.0
4359,55.02422,55.0
4360,55.044456,56.0
4361,55.94804,56.0
4362,55.464813,56.0
4363,55.413292,57.0
4364,56.62497,57.0
4365,56.601997,56.0
4366,55.89849,55.0
4367,54.42517,55.0
4368,54.824345,53.99999999999999
4369,54.049046,53.99999999999999
4370,54.055817,55.0
4371,54.969837,55.0
4372,54.998444,88.0
4373,88.32853,87.0
4374,87.14216,87.0
4375,87.296524,85.99999999999999
4376,86.37394,85.0
4377,85.40749,84.0
4378,84.384384,83.0
4379,83.387695,82.0
4380,82.45557,80.0
4381,80.33492,79.0
4382,79.163635,78.0
4383,77.614365,78.0
4384,77.86063,77.0
4385,76.22782,77.0
4386,76.14343,76.0
4387,74.75259,75.0
4388,73.96643,74.0
4389,73.0358,74.0
4390,73.03425,73.00000000000001
4391,72.2961,72.0
4392,71.64128,71.0
4393,70.74063,70.0
4394,69.94145,69.0
4395,68.91523,68.0
4396,67.88402,67.0
4397,66.87215,67.0
4398,66.96438,66.0
4399,66.006325,66.0
4400,66.02882,66.0
4401,66.04932,66.0
4402,66.07891,66.0
4403,66.120544,65.0
4404,65.12741,65.0
4405,65.13344,65.0
4406,65.060486,65.0
4407,64.92651,64.0
4408,63.9004,63.0
4409,62.764774,63.0
4410,62.575047,63.0
4411,62.616894,63.0
4412,62.682625,63.0
4413,62.668495,63.0
4414,62.604992,63.0
4415,62.69995,63.0
4416,62.86329,64.0
4417,63.889534,64.0
4418,63.94215,65.0
4419,65.013145,66.0
4420,65.96211,67.0
4421,66.97046,68.0
4422,68.09163,68.0
4423,68.05256,69.0
4424,69.13351,70.0
4425,70.18495,70.0
4426,70.24292,70.0
4427,70.17954,71.0
4428,71.17261,71.0
4429,71.09805,71.0
4430,71.08104,72.0
4431,71.99096,73.00000000000001
4432,72.9997,73.00000000000001
4433,72.40643,74.0
4434,73.18012,74.0
4435,73.1531,75.0
4436,74.06654,75.0
4437,74.21316,76.0
4438,75.467026,76.0
4439,75.979095,76.0
4440,75.74309,76.0
4441,75.67404,76.0
4442,75.87862,76.0
4443,75.94936,75.0
4444,74.96623,74.0
4445,73.97928,74.0
4446,74.04295,73.00000000000001
4447,73.02418,73.00000000000001
4448,73.06754,72.0
4449,72.097595,72.0
4450,72.18805,72.0
4451,72.20051,72.0
4452,72.22076,73.00000000000001
4453,73.27018,73.00000000000001
4454,72.8957,72.0
4455,71.27918,71.0
4456,70.48118,71.0
4457,70.38059,71.0
4458,70.346245,71.0
4459,69.823,71.0
4460,69.58676,71.0
4461,70.340576,70.0
4462,69.4061,70.0
4463,69.45409,74.0
4464,73.67404,70.0
4465,69.915695,71.0
4466,70.76353,71.0
4467,70.86994,71.0
4468,70.98252,72.0
4469,72.03909,73.00000000000001
4470,73.22197,73.00000000000001
4471,73.2676,74.0
4472,74.29268,75.0
4473,75.35734,75.0
4474,75.350914,75.0
4475,75.403854,75.0
4476,75.29444,74.0
4477,74.2606,73.00000000000001
4478,73.02945,74.0
4479,73.95681,74.0
4480,73.835365,75.0
4481,74.61953,74.0
4482,73.361244,74.0
4483,73.51511,74.0
4484,73.53137,74.0
4485,73.5603,74.0
4486,73.637924,74.0
4487,73.68832,74.0
4488,74.06944,73.00000000000001
4489,73.22652,73.00000000000001
4490,73.30839,73.00000000000001
4491,73.335754,73.00000000000001
4492,73.35623,72.0
4493,72.33869,71.0
4494,71.31665,70.0
4495,69.80087,69.0
4496,68.67516,67.0
4497,66.673225,66.0
4498,66.00549,64.0
4499,64.13662,63.0
4500,63.09957,62.0
4501,62.044765,61.0
4502,60.896416,60.0
4503,59.8751,60.0
4504,59.93152,60.0
4505,59.91186,60.0
4506,59.739048,59.0
4507,58.959496,59.0
4508,58.432,59.0
4509,58.66885,59.0
4510,58.742874,58.0
4511,58.008484,58.0
4512,57.897896,58.0
4513,57.98744,58.0
4514,57.94712,58.0
4515,57.93194,57.0
4516,56.639736,57.0
4517,56.91428,57.0
4518,56.917557,56.0
4519,55.933342,57.0
4520,56.906822,57.0
4521,57.007683,58.0
4522,58.024326,59.0
4523,59.009552,59.0
4524,59.007374,60.0
4525,59.926247,61.0
4526,60.91322,61.0
4527,60.875492,61.0
4528,60.922794,61.0
4529,60.684494,61.0
4530,60.611057,61.0
4531,60.84533,61.0
4532,60.515087,67.0
4533,65.53051,74.0
4534,72.50307,84.0
4535,83.11818,77.0
4536,76.90736,64.0
4537,63.9202,61.0
4538,60.936653,60.0
4539,59.993435,60.0
4540,60.075626,59.0
4541,59.03901,59.0
4542,59.003414,59.0
4543,58.981934,58.0
4544,57.983223,58.0
4545,58.020878,57.0
4546,57.007435,57.0
4547,56.988705,57.0
4548,56.991863,56.0
4549,55.99535,57.0
4550,57.023876,56.0
4551,55.93169,56.0
4552,55.848934,56.0
4553,56.07319,56.0
4554,55.849556,56.0
4555,55.58353,55.0
4556,54.97768,53.99999999999999
4557,53.903267,53.0
4558,52.998955,53.0
4559,52.89253,53.0
4560,52.97844,53.0
4561,53.015297,52.0
4562,52.01313,52.0
4563,52.000565,53.0
4564,52.739475,53.0
4565,52.743355,53.0
4566,52.709747,53.0
4567,52.970886,53.0
4568,52.95745,53.0
4569,52.91815,53.0
4570,52.986515,52.0
4571,51.98899,52.0
4572,51.93206,52.0
4573,51.985733,52.0
4574,51.964844,52.0
4575,51.794968,53.0
4576,52.781723,52.0
4577,51.513268,50.0
4578,49.520844,48.0
4579,47.56527,48.0
4580,47.46103,50.0
4581,49.48968,50.0
4582,49.254333,50.0
4583,49.644268,50.0
4584,49.73735,49.0
4585,48.700226,49.0
4586,48.687542,49.0
4587,48.756016,47.0
4588,46.737984,47.0
4589,46.689827,47.0
4590,46.83985,47.0
4591,46.825523,48.0
4592,47.97928,50.0
4593,49.945385,51.0
4594,50.946587,52.0
4595,51.87721,52.0
4596,51.94478,51.0
4597,50.74685,48.0
4598,47.93041,45.0
4599,44.715023,42.99999999999999
4600,42.687218,42.0
4601,41.534054,42.0
4602,41.334286,42.0
4603,41.693207,42.99999999999999
4604,42.78833,42.99999999999999
4605,42.93664,42.0
4606,41.533386,42.0
4607,41.395847,41.0
4608,40.55574,39.0
4609,38.50436,40.0
4610,39.842926,40.0
4611,39.76673,41.0
4612,40.734512,41.0
4613,40.77053,41.0
4614,40.83557,39.0
4615,38.745884,37.0
4616,36.90382,35.0
4617,35.121883,33.0
4618,33.063187,32.0
4619,32.16185,32.0
4620,32.122974,33.0
4621,33.013676,35.0
4622,35.1737,37.0
4623,37.27881,40.0
4624,40.290558,41.0
4625,40.90925,45.0
4626,45.21032,48.0
4627,47.94223,49.0
4628,48.65742,49.0
4629,48.69861,51.0
4630,50.888603,52.0
4631,51.88166,52.0
4632,52.03376,52.0
4633,51.918514,52.0
4634,51.79716,52.0
4635,51.88539,53.0
4636,52.81223,53.0
4637,52.80295,53.0
4638,52.891785,53.0
4639,52.88909,53.99999999999999
4640,53.690136,55.0
4641,54.790157,55.0
4642,54.849056,56.0
4643,55.788364,56.0
4644,55.958485,57.0
4645,56.641777,56.0
4646,55.59094,56.0
4647,55.508255,55.0
4648,54.515408,55.0
4649,54.437782,53.99999999999999
4650,53.58998,53.0
4651,52.46639,53.0
4652,52.83163,53.0
4653,52.801727,52.0
4654,51.964893,52.0
4655,52.084854,52.0
4656,51.95161,52.0
4657,51.690357,52.0
4658,51.878727,52.0
4659,51.939323,53.0
4660,52.95004,53.99999999999999
4661,53.978092,55.0
4662,54.964104,55.0
4663,54.931683,56.0
4664,55.95348,56.0
4665,55.951714,56.0
4666,55.88873,56.0
4667,55.786465,55.0
4668,54.748936,55.0
4669,54.953415,55.0
4670,54.95073,55.0
4671,54.97373,55.0
4672,55.00023,55.0
4673,54.97092,55.0
4674,54.932594,55.0
4675,54.898136,55.0
4676,54.835392,56.0
4677,56.049618,57.0
4678,56.861473,57.0
4679,56.93864,58.0
4680,57.780167,59.0
4681,58.69482,60.0
4682,59.9165,60.0
4683,59.913692,61.0
4684,60.973747,61.0
4685,61.060043,62.0
4686,62.07896,62.0
4687,62.040283,62.0
4688,62.03244,62.0
4689,62.0454,63.0
4690,63.056656,63.0
4691,63.08761,65.0
4692,65.132034,66.0
4693,66.0589,67.0
4694,66.946976,68.0
4695,67.93827,68.0
4696,67.78441,69.0
4697,68.799,70.0
4698,69.7698,70.0
4699,69.87169,72.0
4700,71.87999,72.0
4701,71.822365,73.00000000000001
4702,72.57691,74.0
4703,73.75142,74.0
4704,73.75189,75.0
4705,75.029526,75.0
4706,75.160225,76.0
4707,76.324005,77.0
4708,77.453064,78.0
4709,78.5555,79.0
4710,79.6166,81.0
4711,81.71241,82.0
4712,82.62979,83.0
4713,83.64589,84.0
4714,84.663506,84.0
4715,84.528114,85.0
4716,85.57922,85.0
4717,85.603935,85.99999999999999
4718,86.306274,85.99999999999999
4719,86.07169,87.0
4720,86.588776,87.0
4721,86.12249,87.0
4722,85.98671,88.0
4723,87.12959,88.0
4724,87.17906,88.0
4725,87.01149,89.0
4726,88.44084,89.0
4727,88.553246,90.0
4728,89.73854,89.0
4729,88.83351,89.0
4730,89.15307,89.0
4731,89.39295,89.0
4732,89.46188,88.0
4733,88.54953,87.0
4734,87.59973,85.99999999999999
4735,86.40538,85.99999999999999
4736,86.54974,85.99999999999999
4737,86.54794,85.0
4738,85.39106,85.0
4739,85.6337,85.0
4740,85.64174,85.0
4741,85.64741,84.0
4742,84.32762,84.0
4743,83.970505,84.0
4744,83.23883,83.0
4745,81.92675,83.0
4746,82.13648,82.0
4747,80.712654,82.0
4748,80.92178,82.0
4749,81.5232,82.0
4750,81.70002,82.0
4751,81.674866,84.0
4752,83.964874,85.0
4753,85.109375,85.99999999999999
4754,86.284386,85.99999999999999
4755,86.30437,85.99999999999999
4756,86.34662,85.99999999999999
4757,86.32912,87.0
4758,87.53954,87.0
4759,87.484665,87.0
4760,87.63193,88.0
4761,88.87989,89.0
4762,90.01198,90.0
4763,91.02805,91.0
4764,92.09267,92.0
4765,93.19655,93.0
4766,93.9087,94.0
4767,94.506516,95.00000000000001
4768,95.00279,97.0
4769,96.52317,99.0
4770,97.770454,100.0
4771,98.37268,107.0
4772,105.204636,111.0
4773,109.028336,113.0
4774,111.23475,122.0
4775,120.00081,117.00000000000001
4776,115.107864,115.0
4777,114.23179,114.0
4778,113.854034,119.0
4779,119.660576,121.0
4780,122.29049,125.0
4781,125.991875,125.0
4782,125.45443,127.0
4783,127.47391,128.0
4784,128.44809,130.0
4785,129.86502,127.0
4786,128.28032,113.0
4787,112.77759,99.0
4788,98.42041,98.0
4789,97.55829,95.00000000000001
4790,94.70722,94.0
4791,93.98366,92.0
4792,91.504715,90.0
4793,88.92405,89.0
4794,87.893036,87.0
4795,83.93885,87.0
4796,85.293976,85.99999999999999
4797,84.50111,85.99999999999999
4798,82.56896,84.0
4799,82.692665,87.0
4800,86.69485,84.0
4801,83.87332,83.0
4802,83.20895,81.0
4803,81.08701,81.0
4804,81.22227,57.0
4805,56.981136,56.0
4806,55.930077,55.0
4807,54.763775,53.99999999999999
4808,53.834038,53.99999999999999
4809,54.000877,53.99999999999999
4810,53.92844,53.99999999999999
4811,53.85623,53.99999999999999
4812,54.023003,55.0
4813,55.030777,56.0
4814,55.857193,56.0
4815,55.97225,55.0
4816,55.219673,57.0
4817,57.027023,57.0
4818,56.860474,57.0
4819,56.770172,57.0
4820,56.814423,56.0
4821,55.40595,55.0
4822,54.87709,55.0
4823,54.580685,55.0
4824,54.66366,55.0
4825,55.116955,55.0
4826,54.95574,55.0
4827,54.8978,55.0
4828,54.643967,53.0
4829,52.183075,53.0
4830,52.692135,52.0
4831,51.555202,52.0
4832,51.769062,52.0
4833,51.887245,52.0
4834,51.94677,52.0
4835,51.782642,53.0
4836,52.89645,53.0
4837,53.054802,53.0
4838,53.066753,53.0
4839,52.993797,53.0
4840,53.319923,53.0
4841,53.359985,53.0
4842,53.24723,53.0
4843,53.240643,53.99999999999999
4844,54.273357,53.0
4845,53.30491,53.0
4846,53.606453,53.0
4847,52.992744,53.99999999999999
4848,53.990917,53.0
4849,52.89448,53.0
4850,52.928356,53.0
4851,52.87568,53.0
4852,52.971893,41.0
4853,40.8128,40.0
4854,39.63837,39.0
4855,38.7389,39.0
4856,38.556255,39.0
4857,38.618168,39.0
4858,38.74661,39.0
4859,38.537933,40.0
4860,39.525528,40.0
4861,39.85225,40.0
4862,39.986435,40.0
4863,40.30221,40.0
4864,40.218815,41.0
4865,41.06774,41.0
4866,41.45124,42.0
4867,42.3059,42.99999999999999
4868,43.028145,42.0
4869,42.296207,42.0
4870,42.831142,41.0
4871,41.71987,42.99999999999999
4872,43.61453,45.0
4873,45.21405,46.0
4874,46.000477,46.0
4875,45.747543,47.0
4876,46.81179,53.99999999999999
4877,54.01187,53.99999999999999
4878,53.999435,53.99999999999999
4879,53.984947,55.0
4880,55.023144,55.0
4881,55.046665,56.0
4882,55.997307,56.0
4883,56.01956,57.0
4884,57.032967,57.0
4885,57.021725,58.0
4886,58.029793,59.0
4887,58.9755,59.0
4888,59.067753,60.0
4889,60.173878,61.0
4890,60.79707,62.0
4891,61.97546,62.0
4892,62.029724,63.0
4893,62.838528,64.0
4894,63.54187,64.0
4895,63.661198,64.0
4896,63.67979,64.0
4897,63.88723,64.0
4898,63.85158,65.0
4899,64.98053,67.0
4900,67.327614,55.0
4901,54.971504,55.0
4902,54.983353,56.0
4903,56.02416,57.0
4904,56.956924,57.0
4905,56.91317,58.0
4906,57.95405,59.0
4907,58.962017,60.0
4908,60.003563,60.0
4909,60.03263,62.0
4910,61.95981,62.0
4911,61.913593,63.0
4912,62.90772,63.0
4913,62.542625,62.0
4914,62.146294,63.0
4915,63.05757,63.0
4916,62.930565,62.0
4917,61.37221,62.0
4918,61.550457,62.0
4919,62.005035,63.0
4920,62.971848,63.0
4921,62.936626,64.0
4922,63.96282,64.0
4923,63.95478,64.0
4924,63.97208,69.0
4925,68.9138,68.0
4926,67.99692,67.0
4927,66.98997,67.0
4928,67.03021,66.0
4929,66.01714,65.0
4930,65.04335,64.0
4931,64.05924,63.0
4932,62.995358,62.0
4933,61.967228,62.0
4934,61.90412,61.0
4935,60.966667,61.0
4936,60.831955,60.0
4937,59.803818,60.0
4938,59.778236,59.0
4939,58.890263,59.0
4940,58.899643,58.0
4941,57.009884,57.0
4942,57.155853,58.0
4943,58.34819,58.0
4944,58.110825,58.0
4945,57.5644,58.0
4946,57.992123,58.0
4947,58.029198,59.0
4948,58.99761,59.0
4949,59.039654,60.0
4950,60.069466,60.0
4951,60.075783,61.0
4952,61.06289,61.0
4953,60.99279,60.0
4954,60.11109,59.0
4955,59.108284,58.0
4956,58.11966,59.0
4957,59.0777,59.0
4958,59.021873,59.0
4959,58.824783,59.0
4960,58.787746,59.0
4961,58.60492,59.0
4962,58.46005,58.0
4963,57.31029,58.0
4964,57.911465,58.0
4965,57.8714,57.0
4966,56.928474,57.0
4967,57.32978,57.0
4968,56.989094,56.0
4969,55.961124,56.0
4970,55.872654,55.0
4971,54.924484,53.99999999999999
4972,53.953075,71.0
4973,71.10887,71.0
4974,70.96085,70.0
4975,69.991394,70.0
4976,70.0332,69.0
4977,68.96813,69.0
4978,68.997894,68.0
4979,67.798386,68.0
4980,67.72075,66.0
4981,65.85399,65.0
4982,64.958534,64.0
4983,64.091034,64.0
4984,64.05575,64.0
4985,63.62757,64.0
4986,63.46144,64.0
4987,63.505104,63.0
4988,62.361713,63.0
4989,62.198246,63.0
4990,62.056816,63.0
4991,62.318356,64.0
4992,63.421577,63.0
4993,62.694714,63.0
4994,62.656094,63.0
4995,62.754574,63.0
4996,62.861977,77.0
4997,77.487595,76.0
4998,76.40244,77.0
4999,77.50077,76.0
5000,76.47797,75.0
5001,75.49599,75.0
5002,75.46352,74.0
5003,74.44837,74.0
5004,74.46177,72.0
5005,72.369415,72.0
5006,72.359535,71.0
5007,71.16757,71.0
5008,71.120255,71.0
5009,70.758156,70.0
5010,69.44851,69.0
5011,68.23839,69.0
5012,68.26242,69.0
5013,68.32815,69.0
5014,67.80238,69.0
5015,67.975494,70.0
5016,69.40789,71.0
5017,70.74108,71.0
5018,70.902374,72.0
5019,72.12948,74.0
5020,74.26465,87.0
5021,87.49045,85.0
5022,85.43969,84.0
5023,84.52991,83.0
5024,83.60197,81.0
5025,81.46283,80.0
5026,80.40791,80.0
5027,80.418686,79.0
5028,79.31495,78.0
5029,78.32947,78.0
5030,78.25806,77.0
5031,77.06406,76.0
5032,75.71515,77.0
5033,76.78119,77.0
5034,76.09346,75.0
5035,73.80281,74.0
5036,72.80618,72.0
5037,71.6021,71.0
5038,70.57116,72.0
5039,71.54088,72.0
5040,71.49916,72.0
5041,71.612305,72.0
5042,72.12908,73.00000000000001
5043,73.189575,73.00000000000001
5044,73.15795,59.0
5045,58.945637,59.0
5046,58.901886,59.0
5047,59.0007,58.0
5048,58.029625,58.0
5049,58.026394,57.0
5050,56.9763,57.0
5051,56.956944,56.0
5052,55.992786,57.0
5053,57.022987,57.0
5054,56.97457,57.0
5055,56.92618,57.0
5056,56.956932,58.0
5057,57.3724,58.0
5058,57.62472,59.0
5059,58.451107,59.0
5060,58.31703,59.0
5061,58.30458,60.0
5062,59.226936,59.0
5063,58.54287,60.0
5064,59.88476,61.0
5065,60.92967,61.0
5066,60.95886,61.0
5067,60.91774,61.0
5068,60.911636,55.0
5069,55.02479,56.0
5070,56.033005,56.0
5071,56.03019,56.0
5072,55.998074,57.0
5073,57.033688,58.0
5074,58.062527,58.0
5075,58.051086,58.0
5076,58.06792,58.0
5077,58.06513,58.0
5078,58.07978,58.0
5079,58.00713,57.0
5080,57.076958,57.0
5081,56.924698,57.0
5082,56.698654,57.0
5083,56.344505,58.0
5084,57.69968,58.0
5085,57.633656,59.0
5086,59.016544,59.0
5087,58.9855,60.0
5088,59.98451,60.0
5089,59.94595,60.0
5090,59.997215,60.0
5091,60.04344,60.0
5092,60.074223,68.0
5093,68.091095,68.0
5094,68.118935,69.0
5095,69.164215,70.0
5096,70.19397,70.0
5097,70.20679,71.0
5098,71.25593,71.0
5099,71.26421,72.0
5100,72.27177,72.0
5101,72.18576,72.0
5102,71.929726,73.00000000000001
5103,72.89852,73.00000000000001
5104,72.32463,74.0
5105,73.46867,75.0
5106,73.71407,76.0
5107,74.48829,77.0
5108,75.6143,97.0
5109,93.969666,97.0
5110,93.98871,78.0
5111,76.1985,79.0
5112,77.5308,79.0
5113,75.78144,79.0
5114,76.10894,80.0
5115,75.52679,80.0
5116,73.84018,80.0
5117,74.28344,80.0
5118,72.57871,80.0
5119,74.02788,81.0
5120,77.86653,82.0
5121,81.34452,83.0
5122,82.31707,84.0
5123,83.37378,85.0
5124,84.29015,85.99999999999999
5125,85.59681,88.0
5126,87.843376,89.0
5127,88.37921,90.0
5128,88.966644,89.0
5129,87.26175,89.0
5130,87.69013,88.0
5131,86.67559,87.0
5132,85.54341,85.0
5133,83.18193,84.0
5134,82.32983,84.0
5135,82.88563,82.0
5136,80.83916,81.0
5137,80.25873,81.0
5138,80.35671,80.0
5139,79.206726,80.0
5140,79.30397,79.0
5141,78.95319,79.0
5142,79.03306,79.0
5143,79.105316,78.0
5144,78.226585,77.0
5145,76.729164,76.0
5146,75.7168,74.0
5147,73.37925,73.00000000000001
5148,72.23517,71.0
5149,70.93929,69.0
5150,68.81617,68.0
5151,67.726845,67.0
5152,66.619194,67.0
5153,66.25465,66.0
5154,65.3499,65.0
5155,64.03229,65.0
5156,63.82273,66.0
5157,64.581566,66.0
5158,64.716934,93.0
5159,90.904686,80.0
5160,78.65563,65.0
5161,64.082,65.0
5162,64.01941,65.0
5163,64.026924,65.0
5164,64.3046,64.0
5165,63.75,64.0
5166,63.799232,63.0
5167,62.79739,61.0
5168,60.591778,60.0
5169,59.656624,59.0
5170,58.64565,58.0
5171,57.992702,58.0
5172,58.023445,57.0
5173,56.929447,57.0
5174,56.917526,56.0
5175,55.865692,55.0
5176,54.82143,55.0
5177,54.841534,53.99999999999999
5178,53.909008,53.99999999999999
5179,53.998547,53.99999999999999
5180,53.993034,53.99999999999999
5181,54.393734,53.99999999999999
5182,53.823696,55.0
5183,55.004097,55.0
5184,54.87523,55.0
5185,54.938107,55.0
5186,55.07771,56.0
5187,56.03968,57.0
5188,57.02323,58.0
5189,58.00285,59.0
5190,59.01571,60.0
5191,60.00952,61.0
5192,61.013157,63.0
5193,63.03276,64.0
5194,64.0169,66.0
5195,65.78727,67.0
5196,67.05289,68.0
5197,68.04207,69.0
5198,68.92059,69.0
5199,68.782455,70.0
5200,69.70621,70.0
5201,69.221725,71.0
5202,70.10967,73.00000000000001
5203,72.26509,74.0
5204,73.3196,75.0
5205,73.86058,74.0
5206,73.09208,75.0
5207,74.22046,75.0
5208,74.33888,76.0
5209,75.95925,77.0
5210,77.212875,77.0
5211,77.138985,78.0
5212,78.18662,78.0
5213,78.22764,79.0
5214,79.31153,80.0
5215,80.47564,81.0
5216,81.38834,82.0
5217,82.513504,82.0
5218,82.52959,82.0
5219,82.55856,83.0
5220,83.589516,83.0
5221,83.73491,85.0
5222,85.55789,87.0
5223,87.31399,88.0
5224,88.00992,90.0
5225,89.6432,92.0
5226,90.510086,93.0
5227,91.81071,94.0
5228,93.19607,95.00000000000001
5229,94.319244,96.0
5230,96.26053,97.0
5231,97.79464,96.0
5232,96.86223,97.0
5233,98.20236,96.0
5234,97.146736,96.0
5235,96.97428,95.00000000000001
5236,95.97431,95.00000000000001
5237,96.34543,94.0
5238,95.30317,93.0
5239,93.9848,92.0
5240,92.62623,92.0
5241,92.786964,91.0
5242,92.14629,91.0
5243,91.94871,91.0
5244,91.94639,90.0
5245,91.056786,90.0
5246,90.9263,90.0
5247,90.56942,89.0
5248,88.3228,88.0
5249,87.55084,87.0
5250,85.596886,87.0
5251,85.60999,85.0
5252,83.728455,84.0
5253,83.003624,83.0
5254,82.31646,83.0
5255,82.230225,83.0
5256,82.49521,83.0
5257,83.23112,83.0
5258,83.3826,83.0
5259,83.42518,82.0
5260,82.31483,82.0
5261,82.45238,81.0
5262,81.41584,81.0
5263,81.49247,81.0
5264,81.51167,81.0
5265,81.5981,81.0
5266,81.61421,80.0
5267,80.640724,80.0
5268,80.74791,79.0
5269,79.58031,78.0
5270,78.28758,78.0
5271,77.84616,76.0
5272,75.100716,74.0
5273,72.77577,73.00000000000001
5274,71.78306,71.0
5275,69.731476,70.0
5276,69.0117,69.0
5277,67.933365,68.0
5278,67.0791,68.0
5279,68.06853,65.0
5280,64.44849,65.0
5281,65.09592,65.0
5282,65.09422,63.0
5283,63.042458,63.0
5284,63.035828,62.0
5285,61.969734,62.0
5286,62.015476,61.0
5287,61.032314,60.0
5288,60.034744,60.0
5289,60.02694,60.0
5290,60.03617,60.0
5291,60.064728,59.0
5292,59.064907,59.0
5293,59.083015,59.0
5294,58.981014,58.0
5295,57.954292,60.0
5296,59.58846,60.0
5297,59.493385,61.0
5298,60.674767,60.0
5299,59.406975,60.0
5300,59.545906,60.0
5301,59.547855,60.0
5302,59.87444,59.0
5303,58.89865,59.0
5304,58.875084,59.0
5305,58.961666,59.0
5306,58.98384,59.0
5307,58.891514,60.0
5308,59.948677,60.0
5309,59.919426,61.0
5310,60.956196,61.0
5311,61.060875,62.0
5312,62.061996,62.0
5313,62.087055,62.0
5314,62.089996,62.0
5315,62.06806,62.0
5316,62.09268,62.0
5317,61.84454,61.0
5318,60.633884,60.0
5319,59.898685,59.0
5320,58.76312,58.0
5321,57.905922,58.0
5322,57.503246,59.0
5323,58.496906,59.0
5324,58.32234,59.0
5325,58.160427,59.0
5326,58.25187,59.0
5327,58.328938,59.0
5328,58.422874,58.0
5329,57.40488,58.0
5330,57.957436,57.0
5331,56.95631,57.0
5332,56.986813,56.0
5333,56.013065,55.0
5334,54.981163,55.0
5335,55.000877,53.99999999999999
5336,54.005707,53.0
5337,53.011547,52.0
5338,52.00276,52.0
5339,52.00367,51.0
5340,51.01357,50.0
5341,49.988235,51.0
5342,50.950546,50.0
5343,49.905067,50.0
5344,50.07003,51.0
5345,50.7781,50.0
5346,49.7991,47.0
5347,46.88844,48.0
5348,48.194733,58.0
5349,57.17038,61.0
5350,60.13527,84.0
5351,82.774734,104.0
5352,103.01964,97.0
5353,96.32954,67.0
5354,67.08478,49.0
5355,49.043896,50.0
5356,50.01856,50.0
5357,50.018642,51.0
5358,51.02612,51.0
5359,51.004074,50.0
5360,50.05609,51.0
5361,51.014786,52.0
5362,52.038883,52.0
5363,52.05763,52.0
5364,52.036522,53.0
5365,52.99693,52.0
5366,51.94789,53.0
5367,52.947857,53.0
5368,53.120304,53.0
5369,52.585354,53.99999999999999
5370,53.731007,53.99999999999999
5371,53.620247,53.99999999999999
5372,53.718285,53.0
5373,52.629627,53.0
5374,52.63428,53.0
5375,52.826763,53.0
5376,52.92352,53.0
5377,52.90154,53.99999999999999
5378,53.933376,53.99999999999999
5379,53.92604,53.99999999999999
5380,53.927944,53.99999999999999
5381,53.935772,53.99999999999999
5382,53.96263,53.99999999999999
5383,53.95571,55.0
5384,54.65915,55.0
5385,54.897976,53.99999999999999
5386,53.91681,55.0
5387,54.93826,55.0
5388,54.963974,55.0
5389,54.963573,55.0
5390,54.953144,55.0
5391,54.95232,55.0
5392,54.63866,55.0
5393,54.806877,55.0
5394,54.603745,53.99999999999999
5395,53.598125,55.0
5396,54.35481,53.99999999999999
5397,53.360928,53.99999999999999
5398,53.82358,55.0
5399,54.965996,55.0
5400,54.964622,55.0
5401,54.99512,55.0
5402,54.958805,55.0
5403,54.92899,55.0
5404,54.930225,55.0
5405,54.969032,55.0
5406,54.93257,55.0
5407,54.94107,55.0
5408,54.976288,56.0
5409,55.998062,56.0
5410,56.00079,56.0
5411,56.024384,56.0
5412,56.03812,56.0
5413,55.99228,57.0
5414,56.931217,57.0
5415,56.88531,57.0
5416,56.910168,56.0
5417,55.719215,56.0
5418,55.473057,55.0
5419,54.39408,55.0
5420,54.593864,55.0
5421,54.88965,56.0
5422,55.9711,56.0
5423,55.91958,56.0
5424,55.83423,56.0
5425,55.875946,56.0
5426,55.96534,56.0
5427,55.978626,57.0
5428,56.9823,57.0
5429,56.899086,57.0
5430,56.916267,57.0
5431,56.903465,57.0
5432,56.962708,57.0
5433,56.969666,57.0
5434,56.967243,58.0
5435,58.006527,58.0
5436,57.99656,59.0
5437,59.03425,59.0
5438,58.946136,60.0
5439,59.929775,61.0
5440,60.81409,61.0
5441,60.877632,62.0
5442,61.86771,63.0
5443,62.646286,65.0
5444,64.504295,66.0
5445,65.68516,67.0
5446,66.708305,68.0
5447,67.777855,69.0
5448,68.67346,70.0
5449,69.88492,71.0
5450,71.10977,72.0
5451,72.055756,73.00000000000001
5452,73.18088,73.00000000000001
5453,73.15567,74.0
5454,74.24154,75.0
5455,75.347786,76.0
5456,76.42053,77.0
5457,77.58077,79.0
5458,79.66211,79.0
5459,79.664955,80.0
5460,80.66876,81.0
5461,81.67462,82.0
5462,82.52383,82.0
5463,82.23883,83.0
5464,82.826645,84.0
5465,83.210014,85.0
5466,83.91709,85.0
5467,84.01677,85.0
5468,84.82745,84.0
5469,83.34095,84.0
5470,84.049225,83.0
5471,82.83716,82.0
5472,82.050125,81.0
5473,81.068405,80.0
5474,80.358475,79.0
5475,79.33993,78.0
5476,78.340416,78.0
5477,78.29659,77.0
5478,77.42267,76.0
5479,76.45752,75.0
5480,75.40721,74.0
5481,74.4181,72.0
5482,72.367424,71.0
5483,71.34763,70.0
5484,70.31267,69.0
5485,69.25384,68.0
5486,68.11819,66.0
5487,65.87255,65.0
5488,64.687126,65.0
5489,64.78569,63.0
5490,62.746204,62.0
5491,61.452755,61.0
5492,60.499596,61.0
5493,60.46493,60.0
5494,59.598053,60.0
5495,59.85076,60.0
5496,59.879772,60.0
5497,59.897457,60.0
5498,59.951176,60.0
5499,60.0107,59.0
5500,58.952747,58.0
5501,57.962368,58.0
5502,57.64921,57.0
5503,56.95395,57.0
5504,56.977257,56.0
5505,55.97526,56.0
5506,55.98592,56.0
5507,55.997715,56.0
5508,55.993565,56.0
5509,55.977364,56.0
5510,55.97029,56.0
5511,55.92527,55.0
5512,54.730614,55.0
5513,54.714645,53.99999999999999
5514,53.633972,53.99999999999999
5515,53.60729,53.99999999999999
5516,53.527657,53.99999999999999
5517,53.685207,53.99999999999999
5518,53.50451,53.99999999999999
5519,53.96135,53.99999999999999
5520,53.97475,53.99999999999999
5521,54.0146,53.99999999999999
5522,53.997707,53.99999999999999
5523,53.997265,55.0
5524,55.001156,55.0
5525,55.012306,56.0
5526,56.014275,56.0
5527,56.016994,57.0
5528,57.03993,57.0
5529,57.03326,58.0
5530,58.034733,58.0
5531,58.045113,59.0
5532,59.065163,59.0
5533,59.036156,59.0
5534,59.007854,59.0
5535,58.924713,60.0
5536,59.933224,61.0
5537,61.076077,62.0
5538,62.090446,64.0
5539,64.040634,65.0
5540,64.76055,66.0
5541,65.59481,67.0
5542,66.4602,69.0
5543,68.42778,69.0
5544,68.735985,71.0
5545,71.07115,71.0
5546,70.46089,70.0
5547,69.66796,70.0
5548,70.14915,56.0
5549,55.963524,56.0
5550,55.985756,56.0
5551,55.94622,57.0
5552,56.992714,57.0
5553,56.983936,57.0
5554,56.991085,57.0
5555,57.00696,57.0
5556,57.03309,57.0
5557,56.866795,55.0
5558,54.897827,55.0
5559,54.809547,55.0
5560,55.102924,53.99999999999999
5561,54.03691,53.99999999999999
5562,54.353546,53.99999999999999
5563,54.429436,55.0
5564,55.591892,55.0
5565,55.25534,55.0
5566,54.557884,55.0
5567,55.154346,55.0
5568,54.975124,55.0
5569,55.161575,53.99999999999999
5570,53.92552,53.99999999999999
5571,53.95011,53.99999999999999
5572,53.99862,53.99999999999999
5573,53.94789,55.0
5574,54.932392,56.0
5575,55.941284,57.0
5576,56.677254,57.0
5577,57.025387,57.0
5578,56.953827,57.0
5579,56.828705,57.0
5580,56.944347,57.0
5581,57.14939,57.0
5582,57.090168,56.0
5583,55.92566,56.0
5584,55.861233,56.0
5585,55.820152,56.0
5586,55.927116,56.0
5587,55.817024,56.0
5588,55.68373,56.0
5589,55.625908,55.0
5590,54.84931,55.0
5591,54.885918,55.0
5592,54.80711,55.0
5593,54.859795,55.0
5594,54.94715,53.99999999999999
5595,53.87507,53.99999999999999
5596,53.909363,48.0
5597,47.8693,48.0
5598,47.820854,49.0
5599,48.831486,48.0
5600,47.749332,48.0
5601,47.654526,48.0
5602,47.520214,48.0
5603,47.52126,47.0
5604,46.518154,47.0
5605,46.555298,47.0
5606,46.938114,47.0
5607,46.842453,48.0
5608,48.18173,48.0
5609,48.01767,48.0
5610,47.71447,47.0
5611,47.303204,46.0
5612,46.252815,48.0
5613,48.63156,49.0
5614,49.68556,50.0
5615,50.286644,48.0
5616,47.97011,46.0
5617,45.53229,45.0
5618,45.00257,45.0
5619,44.965385,44.0
5620,44.20648,69.0
5621,69.25192,70.0
5622,70.14915,72.0
5623,72.265274,74.0
5624,74.38125,75.0
5625,75.45428,77.0
5626,77.55923,78.0
5627,78.55574,80.0
5628,80.631714,80.0
5629,80.59345,81.0
5630,81.26954,82.0
5631,81.996864,82.0
5632,81.48263,82.0
5633,80.74452,83.0
5634,81.09315,85.0
5635,83.376564,87.0
5636,85.65092,88.0
5637,86.89224,88.0
5638,86.712776,129.0
5639,125.93276,116.0
5640,114.01997,104.0
5641,102.475,89.0
5642,89.01405,89.0
5643,89.44712,87.0
5644,87.37182,64.0
5645,63.944775,64.0
5646,63.94159,63.0
5647,62.94439,64.0
5648,64.000755,65.0
5649,65.020744,66.0
5650,66.03907,66.0
5651,66.04886,66.0
5652,66.11199,67.0
5653,67.13928,67.0
5654,67.09398,68.0
5655,68.09552,68.0
5656,68.1418,69.0
5657,68.87236,70.0
5658,69.58879,70.0
5659,69.45255,71.0
5660,70.648544,72.0
5661,71.01245,73.00000000000001
5662,72.419014,72.0
5663,71.239174,72.0
5664,71.81615,72.0
5665,72.0182,71.0
5666,70.98655,70.0
5667,70.06906,69.0
5668,69.046005,59.0
5669,58.94754,59.0
5670,58.993076,59.0
5671,59.016315,58.0
5672,58.02602,58.0
5673,57.94898,58.0
5674,58.000404,58.0
5675,58.029854,58.0
5676,58.00379,59.0
5677,59.025295,59.0
5678,59.027977,59.0
5679,59.007298,60.0
5680,59.649246,60.0
5681,60.018856,62.0
5682,62.238213,62.0
5683,61.772648,62.0
5684,62.08402,63.0
5685,62.728905,64.0
5686,64.4169,63.0
5687,62.78962,63.0
5688,63.14702,63.0
5689,62.839073,63.0
5690,62.923016,64.0
5691,64.1188,65.0
5692,65.13862,53.0
5693,52.843838,52.0
5694,51.865467,48.0
5695,47.983215,44.0
5696,44.14946,40.0
5697,39.88348,40.0
5698,39.86381,41.0
5699,40.85727,41.0
5700,40.969215,41.0
5701,41.0323,42.0
5702,42.056297,42.99999999999999
5703,43.09216,42.99999999999999
5704,43.053516,42.0
5705,41.936623,42.0
5706,41.648037,42.99999999999999
5707,43.104725,44.0
5708,44.74058,46.0
5709,46.398853,49.0
5710,49.39329,50.0
5711,49.9704,52.0
5712,51.97627,52.0
5713,52.038082,52.0
5714,52.035496,52.0
5715,51.745274,52.0
5716,51.919746,63.0
5717,62.89209,63.0
5718,63.002583,63.0
5719,63.01326,64.0
5720,64.045784,64.0
5721,64.0728,66.0
5722,66.14262,66.0
5723,66.19057,68.0
5724,68.22845,69.0
5725,69.1866,71.0
5726,71.06764,72.0
5727,72.01929,72.0
5728,71.72769,72.0
5729,71.56834,73.00000000000001
5730,72.55984,73.00000000000001
5731,72.11969,73.00000000000001
5732,72.30803,73.00000000000001
5733,72.33821,73.00000000000001
5734,72.3018,73.00000000000001
5735,72.472725,73.00000000000001
5736,72.606064,73.00000000000001
5737,72.836655,74.0
5738,73.96982,74.0
5739,74.17338,75.0
5740,75.20555,75.0
5741,75.18295,76.0
5742,76.00266,76.0
5743,76.09797,76.0
5744,76.077255,76.0
5745,76.1355,76.0
5746,76.15641,76.0
5747,76.26891,76.0
5748,76.33469,77.0
5749,77.31058,77.0
5750,77.31729,77.0
5751,77.00342,77.0
5752,76.79796,76.0
5753,75.49001,77.0
5754,76.51618,78.0
5755,77.31083,78.0
5756,77.17776,79.0
5757,78.39716,79.0
5758,78.36693,80.0
5759,79.581474,81.0
5760,81.04639,82.0
5761,82.306984,82.0
5762,81.807175,82.0
5763,81.82999,81.0
5764,81.03209,73.00000000000001
5765,73.21544,72.0
5766,72.24258,72.0
5767,72.22607,72.0
5768,72.27745,71.0
5769,71.237854,71.0
5770,71.25475,70.0
5771,70.247,69.0
5772,69.21549,68.0
5773,68.23656,67.0
5774,66.61814,68.0
5775,67.73754,68.0
5776,67.33757,67.0
5777,66.512695,66.0
5778,64.66928,67.0
5779,66.20492,67.0
5780,65.3446,77.0
5781,74.51721,80.0
5782,78.733444,97.0
5783,94.90355,101.0
5784,99.28836,97.0
5785,96.051216,80.0
5786,79.67258,64.0
5787,63.872437,64.0
5788,63.885723,61.0
5789,60.907223,60.0
5790,59.528587,60.0
5791,59.583298,59.0
5792,58.936157,59.0
5793,58.969456,59.0
5794,58.99421,59.0
5795,58.997395,60.0
5796,59.697258,59.0
5797,59.00387,59.0
5798,58.640923,58.0
5799,57.57831,58.0
5800,57.599483,57.0
5801,56.61771,57.0
5802,56.537525,56.0
5803,55.599228,56.0
5804,55.460167,55.0
5805,54.417397,55.0
5806,54.501476,55.0
5807,54.379448,53.99999999999999
5808,53.53742,53.0
5809,52.628513,53.0
5810,52.674294,53.0
5811,52.898464,52.0
5812,51.99317,60.0
5813,60.064137,61.0
5814,61.067604,61.0
5815,61.090034,62.0
5816,62.098717,63.0
5817,63.13326,63.0
5818,63.1298,63.0
5819,63.162968,63.0
5820,63.016003,63.0
5821,63.038254,63.0
5822,62.95833,63.0
5823,62.885166,63.0
5824,62.84548,64.0
5825,63.972214,65.0
5826,64.057495,65.0
5827,64.09891,65.0
5828,64.45206,64.0
5829,63.032253,64.0
5830,63.5192,64.0
5831,63.87016,64.0
5832,63.890606,64.0
5833,64.028786,63.0
5834,63.033363,63.0
5835,63.01996,62.0
5836,62.04134,53.99999999999999
5837,53.98704,53.99999999999999
5838,54.002712,53.99999999999999
5839,54.056858,53.99999999999999
5840,54.061836,53.99999999999999
5841,54.074085,55.0
5842,55.060867,56.0
5843,56.046875,57.0
5844,57.039864,57.0
5845,57.034653,58.0
5846,58.037792,58.0
5847,57.979073,59.0
5848,58.920742,59.0
5849,59.019905,59.0
5850,58.93389,59.0
5851,58.576393,60.0
5852,59.28738,60.0
5853,59.44912,60.0
5854,59.350224,59.0
5855,58.943565,59.0
5856,58.925426,59.0
5857,58.52492,59.0
5858,58.993004,59.0
5859,58.991608,59.0
5860,58.979134,58.0
5861,58.021706,58.0
5862,57.983353,58.0
5863,58.01988,58.0
5864,57.999474,58.0
5865,58.05975,57.0
5866,57.089302,56.0
5867,56.067333,55.0
5868,55.0279,55.0
5869,54.70109,55.0
5870,54.675293,55.0
5871,54.504066,55.0
5872,54.53393,55.0
5873,54.54693,53.99999999999999
5874,53.582115,55.0
5875,54.622875,53.0
5876,52.345043,52.0
5877,51.448807,53.0
5878,52.715145,53.0
5879,53.062107,52.0
5880,51.714714,52.0
5881,52.03844,52.0
5882,52.01433,51.0
5883,51.012104,50.0
5884,50.029816,49.0
5885,49.041107,49.0
5886,49.017662,46.0
5887,46.044415,45.0
5888,45.049828,42.99999999999999
5889,43.049774,42.99999999999999
5890,43.08452,42.99999999999999
5891,43.03918,42.99999999999999
5892,43.038948,42.0
5893,42.08229,42.99999999999999
5894,43.066,44.0
5895,44.13593,44.0
5896,44.05372,45.0
5897,45.560814,44.0
5898,43.663624,42.0
5899,41.780735,42.99999999999999
5900,42.914703,44.0
5901,43.783142,42.99999999999999
5902,42.624302,44.0
5903,44.031944,45.0
5904,45.02043,46.0
5905,46.03995,47.0
5906,47.02746,48.0
5907,48.04227,49.0
5908,48.998425,49.0
5909,49.002804,49.0
5910,49.00256,50.0
5911,49.999325,51.0
5912,51.002148,51.0
5913,50.998158,52.0
5914,51.951103,52.0
5915,51.96744,52.0
5916,51.982803,52.0
5917,51.977123,52.0
5918,51.996704,52.0
5919,52.007183,52.0
5920,52.05108,52.0
5921,52.195107,53.0
5922,53.08027,53.99999999999999
5923,54.03208,53.99999999999999
5924,53.900867,53.99999999999999
5925,53.72779,55.0
5926,54.865776,55.0
5927,54.976498,55.0
5928,54.5973,55.0
5929,54.677773,55.0
5930,54.918774,55.0
5931,54.962364,55.0
5932,54.914173,55.0
5933,54.950092,56.0
5934,55.963642,56.0
5935,55.986137,56.0
5936,55.959545,56.0
5937,55.959816,56.0
5938,55.956646,56.0
5939,55.962593,57.0
5940,56.978943,57.0
5941,57.038494,58.0
5942,57.57301,59.0
5943,58.587128,60.0
5944,59.572964,60.0
5945,59.624912,60.0
5946,59.485813,59.0
5947,58.50683,59.0
5948,58.751015,60.0
5949,58.59843,61.0
5950,60.006565,61.0
5951,60.566288,61.0
5952,60.76727,61.0
5953,60.874825,61.0
5954,60.896427,61.0
5955,60.898197,61.0
5956,60.933792,60.0
5957,59.972633,60.0
5958,60.02629,60.0
5959,60.012913,60.0
5960,60.021404,60.0
5961,60.0218,60.0
5962,60.025436,60.0
5963,60.004482,60.0
5964,60.011826,59.0
5965,58.994236,59.0
5966,58.945335,58.0
5967,58.015163,57.0
5968,56.98493,56.0
5969,55.79198,56.0
5970,55.992275,56.0
5971,56.07683,56.0
5972,55.657288,55.0
5973,54.486313,53.99999999999999
5974,53.663845,53.99999999999999
5975,53.94731,53.99999999999999
5976,53.763863,53.99999999999999
5977,53.917934,53.99999999999999
5978,53.955505,53.99999999999999
5979,53.955963,55.0
5980,54.9716,55.0
5981,54.96776,55.0
5982,54.94972,55.0
5983,54.964443,55.0
5984,54.99053,53.99999999999999
5985,53.99542,53.99999999999999
5986,54.018284,53.99999999999999
5987,53.984253,53.99999999999999
5988,53.95028,53.99999999999999
5989,54.022694,53.99999999999999
5990,54.00734,53.99999999999999
5991,53.96001,53.0
5992,52.949154,53.99999999999999
5993,53.970943,53.99999999999999
5994,54.00396,53.99999999999999
5995,53.937977,53.99999999999999
5996,54.04248,53.99999999999999
5997,53.886185,53.99999999999999
5998,53.898403,53.99999999999999
5999,54.06471,53.99999999999999
6000,54.00283,53.99999999999999
6001,54.021847,53.99999999999999
6002,53.97164,53.99999999999999
6003,53.746586,53.99999999999999
6004,53.998993,53.99999999999999
6005,54.002605,53.99999999999999
6006,54.00489,55.0
6007,55.007217,55.0
6008,54.9842,55.0
6009,54.995472,55.0
6010,54.957077,56.0
6011,55.976223,56.0
6012,55.974197,56.0
6013,55.966152,56.0
6014,55.940414,57.0
6015,56.93936,56.0
6016,55.488636,57.0
6017,56.85421,56.0
6018,55.90263,57.0
6019,56.890347,57.0
6020,56.549435,58.0
6021,57.4307,58.0
6022,57.497486,58.0
6023,57.47802,58.0
6024,57.841763,58.0
6025,57.88061,58.0
6026,57.8398,57.0
6027,56.740562,57.0
6028,56.792797,57.0
6029,56.887302,57.0
6030,56.950054,56.0
6031,55.945213,56.0
6032,55.974663,56.0
6033,55.970165,55.0
6034,54.999886,55.0
6035,55.018887,55.0
6036,54.940277,55.0
6037,54.945602,55.0
6038,54.951115,56.0
6039,55.589268,57.0
6040,56.752438,59.0
6041,58.828,60.0
6042,59.815254,60.0
6043,59.40493,59.0
6044,58.365437,60.0
6045,59.80318,60.0
6046,59.974705,59.0
6047,59.03835,59.0
6048,59.017612,59.0
6049,59.018963,59.0
6050,59.03096,59.0
6051,58.66161,59.0
6052,58.942852,59.0
6053,59.02065,59.0
6054,58.993282,59.0
6055,59.001804,59.0
6056,59.04585,59.0
6057,59.058537,58.0
6058,58.06222,58.0
6059,58.03281,58.0
6060,58.041267,58.0
6061,58.026882,57.0
6062,57.023804,56.0
6063,55.93969,55.0
6064,54.907284,53.0
6065,52.885956,52.0
6066,51.723423,52.0
6067,51.72135,52.0
6068,51.64301,52.0
6069,51.642056,51.0
6070,50.986126,52.0
6071,52.075962,52.0
6072,52.038425,53.0
6073,52.990417,53.0
6074,53.012215,53.99999999999999
6075,54.028225,53.0
6076,53.04179,53.99999999999999
6077,54.06384,53.0
6078,53.07048,53.0
6079,53.137424,53.0
6080,53.12693,53.0
6081,53.108963,53.0
6082,53.036892,52.0
6083,52.02796,52.0
6084,52.03946,52.0
6085,52.01901,52.0
6086,51.986237,53.0
6087,52.992977,53.0
6088,52.973034,53.0
6089,52.67687,53.0
6090,52.64387,52.0
6091,51.592224,53.0
6092,52.858612,53.0
6093,52.638958,53.0
6094,52.61966,53.0
6095,52.948635,52.0
6096,51.96097,52.0
6097,51.896435,50.0
6098,49.98249,49.0
6099,49.004192,48.0
6100,48.009323,47.0
6101,47.013268,46.0
6102,46.104782,45.0
6103,45.1451,45.0
6104,45.134125,45.0
6105,45.094345,45.0
6106,45.048683,46.0
6107,46.08729,45.0
6108,45.09988,45.0
6109,45.03602,46.0
6110,46.044178,45.0
6111,45.06122,45.0
6112,45.081978,45.0
6113,45.01905,47.0
6114,46.97654,48.0
6115,48.076405,48.0
6116,48.070698,48.0
6117,47.82016,48.0
6118,47.708736,49.0
6119,48.8955,49.0
6120,48.69104,49.0
6121,48.948902,49.0
6122,49.01692,49.0
6123,49.03484,49.0
6124,49.015495,48.0
6125,48.06916,49.0
6126,49.040424,50.0
6127,50.0292,51.0
6128,50.80075,52.0
6129,52.01853,52.0
6130,52.019043,52.0
6131,52.037407,52.0
6132,52.015472,52.0
6133,52.00867,52.0
6134,51.971058,52.0
6135,51.954224,52.0
6136,51.99998,52.0
6137,52.135193,51.0
6138,51.145008,52.0
6139,51.806705,51.0
6140,50.921013,51.0
6141,50.730217,49.0
6142,48.873066,47.0
6143,46.82875,47.0
6144,46.94425,49.0
6145,49.02124,51.0
6146,50.98463,51.0
6147,50.99296,52.0
6148,51.974224,52.0
6149,51.97545,53.0
6150,52.9673,53.0
6151,52.96689,53.0
6152,52.984062,53.0
6153,53.005264,53.0
6154,52.986965,53.0
6155,52.97838,53.0
6156,52.973843,53.99999999999999
6157,53.983402,53.99999999999999
6158,53.949593,53.99999999999999
6159,53.980534,53.99999999999999
6160,53.955845,53.99999999999999
6161,53.745167,53.99999999999999
6162,53.682198,53.0
6163,52.466125,53.0
6164,52.576786,53.0
6165,52.38629,52.0
6166,51.48632,53.0
6167,52.552723,52.0
6168,51.44957,52.0
6169,51.80207,51.0
6170,50.91876,50.0
6171,49.898438,49.0
6172,48.953808,47.0
6173,47.008583,47.0
6174,47.02934,46.0
6175,46.008682,45.0
6176,45.020702,44.0
6177,44.02763,44.0
6178,44.024994,44.0
6179,44.10975,44.0
6180,44.105534,42.99999999999999
6181,43.05796,42.99999999999999
6182,43.076717,42.0
6183,42.05818,41.0
6184,40.99615,41.0
6185,41.014164,40.0
6186,39.948826,41.0
6187,41.273136,42.99999999999999
6188,43.31602,46.0
6189,45.95369,47.0
6190,47.043747,47.0
6191,47.021946,48.0
6192,48.07109,49.0
6193,49.059902,49.0
6194,49.01654,49.0
6195,49.0293,50.0
6196,50.031982,51.0
6197,50.99392,52.0
6198,51.98199,53.0
6199,52.965256,53.99999999999999
6200,53.985294,53.99999999999999
6201,53.98214,55.0
6202,54.992207,55.0
6203,55.015755,55.0
6204,55.024906,55.0
6205,54.97484,56.0
6206,56.013863,56.0
6207,55.953453,56.0
6208,55.971115,56.0
6209,56.062195,56.0
6210,55.98703,56.0
6211,55.82863,55.0
6212,54.891827,53.99999999999999
6213,53.71043,53.0
6214,52.88469,53.0
6215,53.10639,53.99999999999999
6216,54.04531,53.0
6217,53.023567,53.0
6218,52.84739,53.0
6219,52.951725,53.0
6220,52.99308,52.0
6221,51.781467,51.0
6222,50.907192,48.0
6223,47.73536,45.0
6224,44.578495,42.99999999999999
6225,42.461494,40.0
6226,39.643967,40.0
6227,39.64606,38.0
6228,37.9599,39.0
6229,38.99306,38.0
6230,38.12433,38.0
6231,38.01741,38.0
6232,38.211376,38.0
6233,38.440346,38.0
6234,38.222427,37.0
6235,37.118748,38.0
6236,38.59373,39.0
6237,39.433514,39.0
6238,39.231514,39.0
6239,39.560833,39.0
6240,39.472057,39.0
6241,39.15202,42.0
6242,42.273052,44.0
6243,44.280315,45.0
6244,45.097824,46.0
6245,45.92192,48.0
6246,47.986618,49.0
6247,48.685818,51.0
6248,50.836212,52.0
6249,51.765907,52.0
6250,51.873833,53.0
6251,52.77731,53.99999999999999
6252,53.85048,53.99999999999999
6253,53.954735,55.0
6254,54.949306,56.0
6255,55.84137,57.0
6256,57.074516,58.0
6257,57.9919,59.0
6258,58.888496,60.0
6259,59.962505,61.0
6260,60.91529,61.0
6261,60.814083,62.0
6262,61.398857,62.0
6263,61.52383,62.0
6264,61.438732,62.0
6265,61.4193,61.0
6266,60.457157,61.0
6267,60.866333,61.0
6268,60.99072,53.99999999999999
6269,53.967915,53.99999999999999
6270,53.95203,53.99999999999999
6271,53.99549,55.0
6272,54.986374,55.0
6273,54.99152,56.0
6274,55.970875,56.0
6275,55.94412,56.0
6276,55.92531,57.0
6277,56.893917,58.0
6278,57.854702,58.0
6279,57.985046,58.0
6280,58.02888,58.0
6281,58.266094,58.0
6282,57.906338,58.0
6283,57.90456,58.0
6284,58.02044,58.0
6285,57.81941,59.0
6286,59.03169,60.0
6287,59.88804,61.0
6288,60.860813,61.0
6289,61.13498,62.0
6290,62.01958,63.0
6291,63.041256,64.0
6292,63.93521,53.0
6293,52.907272,52.0
6294,51.932167,51.0
6295,50.925114,49.0
6296,48.858578,49.0
6297,48.9419,49.0
6298,48.95944,51.0
6299,50.944904,51.0
6300,51.067463,51.0
6301,50.98182,51.0
6302,50.945255,51.0
6303,51.035408,52.0
6304,52.20887,52.0
6305,52.14255,52.0
6306,52.073635,52.0
6307,51.84907,52.0
6308,52.138004,52.0
6309,52.168537,52.0
6310,51.880047,52.0
6311,51.90484,51.0
6312,51.086853,50.0
6313,50.083298,49.0
6314,48.893814,48.0
6315,47.84209,48.0
6316,47.869774,42.0
6317,42.144325,42.99999999999999
6318,43.2075,42.99999999999999
6319,42.8656,42.0
6320,41.73571,42.0
6321,41.687275,42.0
6322,41.577816,42.0
6323,41.573055,42.0
6324,41.79966,42.0
6325,41.565308,41.0
6326,40.410503,42.0
6327,41.441353,42.0
6328,41.91219,42.99999999999999
6329,42.848248,42.0
6330,41.63733,42.99999999999999
6331,42.731,45.0
6332,44.943657,46.0
6333,46.448933,44.0
6334,43.84429,41.0
6335,40.640648,40.0
6336,39.954376,41.0
6337,40.947998,41.0
6338,40.967472,41.0
6339,40.738937,42.0
6340,41.78109,87.0
6341,87.72391,87.0
6342,87.87438,87.0
6343,87.95137,88.0
6344,89.054665,88.0
6345,88.94946,88.0
6346,88.94914,87.0
6347,87.98164,87.0
6348,88.041466,88.0
6349,89.21225,88.0
6350,88.83084,88.0
6351,88.55413,89.0
6352,89.16713,89.0
6353,88.67463,90.0
6354,89.016754,89.0
6355,88.01595,89.0
6356,87.93753,88.0
6357,87.18048,88.0
6358,87.31956,89.0
6359,88.60124,89.0
6360,88.48034,89.0
6361,88.69602,89.0
6362,88.620636,91.0
6363,91.147354,90.0
6364,90.45322,69.0
6365,69.07976,68.0
6366,68.03797,68.0
6367,68.07587,68.0
6368,68.10077,67.0
6369,67.12924,67.0
6370,67.08283,66.0
6371,66.10279,65.0
6372,65.07563,65.0
6373,65.059,64.0
6374,63.96849,63.0
6375,62.85112,62.0
6376,61.69497,62.0
6377,62.399734,61.0
6378,60.846954,61.0
6379,60.96732,60.0
6380,60.2647,60.0
6381,60.543896,59.0
6382,58.497738,59.0
6383,58.61439,59.0
6384,58.932407,59.0
6385,59.10024,59.0
6386,58.988888,60.0
6387,59.935772,60.0
6388,59.780205,66.0
6389,66.05352,67.0
6390,67.11649,68.0
6391,68.08723,68.0
6392,68.108345,68.0
6393,67.70313,67.0
6394,66.586815,66.0
6395,65.960434,65.0
6396,65.014595,64.0
6397,63.94858,63.0
6398,62.921696,63.0
6399,62.793343,63.0
6400,62.68114,63.0
6401,62.55625,62.0
6402,62.003273,63.0
6403,62.806324,63.0
6404,63.12599,62.0
6405,61.615017,61.0
6406,60.88951,61.0
6407,60.82886,60.0
6408,59.748306,61.0
6409,60.789257,60.0
6410,59.768803,59.0
6411,58.937366,57.0
6412,56.990623,52.0
6413,51.949417,52.0
6414,51.95988,52.0
6415,51.968307,53.0
6416,52.98905,53.0
6417,52.988495,53.0
6418,52.957634,53.0
6419,52.982613,53.99999999999999
6420,54.005405,53.99999999999999
6421,54.002743,55.0
6422,54.971256,55.0
6423,54.91059,55.0
6424,54.91034,55.0
6425,55.070988,55.0
6426,54.950363,56.0
6427,56.042328,55.0
6428,55.144035,55.0
6429,55.076614,55.0
6430,55.15893,55.0
6431,54.975613,55.0
6432,54.948315,55.0
6433,54.67504,53.99999999999999
6434,53.781517,53.99999999999999
6435,53.945526,55.0
6436,54.938675,76.0
6437,76.246254,76.0
6438,76.25,76.0
6439,76.19336,76.0
6440,76.30723,76.0
6441,76.33011,75.0
6442,75.28894,75.0
6443,75.319954,74.0
6444,74.318695,74.0
6445,73.946495,73.00000000000001
6446,72.78247,72.0
6447,71.60371,72.0
6448,71.58174,71.0
6449,70.467285,71.0
6450,70.01976,71.0
6451,70.18048,70.0
6452,69.25907,70.0
6453,69.30956,70.0
6454,69.389404,70.0
6455,69.57586,69.0
6456,68.645706,69.0
6457,68.78875,68.0
6458,67.84873,67.0
6459,66.98988,67.0
6460,67.04018,81.0
6461,81.10591,82.0
6462,82.17142,82.0
6463,82.10878,83.0
6464,83.28524,84.0
6465,83.98618,85.0
6466,85.603905,87.0
6467,87.74058,88.0
6468,88.68748,89.0
6469,89.96052,90.0
6470,90.682976,91.0
6471,91.21404,92.0
6472,91.52522,93.0
6473,92.77474,92.0
6474,89.22269,92.0
6475,90.82496,92.0
6476,90.81136,92.0
6477,90.79532,91.0
6478,89.938675,91.0
6479,90.12692,90.0
6480,89.4789,89.0
6481,88.69324,89.0
6482,88.85893,89.0
6483,88.984375,89.0
6484,89.19713,64.0
6485,63.9986,64.0
6486,63.910328,64.0
6487,63.92077,64.0
6488,64.00772,64.0
6489,63.98756,64.0
6490,63.939274,64.0
6491,64.00334,64.0
6492,64.0324,64.0
6493,64.03337,64.0
6494,64.03384,62.0
6495,61.935635,61.0
6496,60.732002,61.0
6497,60.782513,61.0
6498,60.82761,61.0
6499,60.979485,62.0
6500,61.73333,63.0
6501,62.272797,64.0
6502,63.32082,74.0
6503,73.16851,77.0
6504,76.68302,67.0
6505,66.91039,66.0
6506,65.82012,67.0
6507,66.90744,67.0
6508,66.94184,52.0
6509,51.99363,53.0
6510,52.967224,53.0
6511,52.976337,53.99999999999999
6512,53.70059,53.99999999999999
6513,53.767406,53.99999999999999
6514,53.63066,53.0
6515,52.829662,52.0
6516,51.913662,52.0
6517,51.91501,50.0
6518,49.956097,50.0
6519,50.000168,49.0
6520,49.121727,48.0
6521,48.21623,47.0
6522,46.81507,48.0
6523,47.935013,49.0
6524,48.9025,50.0
6525,49.7034,51.0
6526,50.73319,52.0
6527,52.087257,52.0
6528,52.103416,52.0
6529,52.151707,52.0
6530,52.084686,53.0
6531,53.005157,53.0
6532,53.007324,62.0
6533,62.032364,61.0
6534,61.02591,60.0
6535,60.02673,59.0
6536,59.00317,58.0
6537,57.847412,57.0
6538,56.979416,57.0
6539,56.989925,56.0
6540,55.995712,56.0
6541,55.9917,56.0
6542,55.982185,56.0
6543,55.964386,56.0
6544,55.97195,55.0
6545,54.93553,56.0
6546,56.13617,56.0
6547,56.098083,53.99999999999999
6548,53.549816,53.99999999999999
6549,53.727833,53.0
6550,52.836037,53.0
6551,53.03158,53.0
6552,52.965164,53.0
6553,53.005787,53.99999999999999
6554,54.028137,53.99999999999999
6555,54.019737,53.99999999999999
6556,54.01407,53.99999999999999
6557,54.003788,53.99999999999999
6558,54.002552,53.99999999999999
6559,53.987732,53.99999999999999
6560,53.986946,53.99999999999999
6561,53.99342,53.99999999999999
6562,53.978718,55.0
6563,54.993244,55.0
6564,54.993256,55.0
6565,54.989704,55.0
6566,54.994526,55.0
6567,54.957035,55.0
6568,55.29154,55.0
6569,55.06174,53.99999999999999
6570,53.4836,53.0
6571,52.8187,55.0
6572,55.385998,55.0
6573,55.17441,55.0
6574,54.81596,55.0
6575,54.918507,55.0
6576,54.946777,55.0
6577,55.01951,56.0
6578,56.036766,56.0
6579,56.020554,57.0
6580,57.026443,57.0
6581,57.023468,57.0
6582,57.05559,58.0
6583,58.029602,58.0
6584,58.028545,59.0
6585,59.041992,59.0
6586,59.04509,59.0
6587,59.036182,59.0
6588,59.04239,59.0
6589,59.061066,59.0
6590,59.054737,59.0
6591,58.98016,59.0
6592,58.39925,59.0
6593,58.65287,60.0
6594,59.623226,61.0
6595,60.46332,60.0
6596,59.745323,60.0
6597,59.91309,60.0
6598,59.975224,61.0
6599,60.91415,61.0
6600,60.819912,61.0
6601,60.92293,61.0
6602,60.92095,60.0
6603,59.85596,60.0
6604,59.90066,59.0
6605,58.980003,59.0
6606,58.994217,58.0
6607,57.980553,58.0
6608,58.01326,57.0
6609,56.997986,57.0
6610,57.00977,57.0
6611,56.993988,57.0
6612,56.750893,57.0
6613,57.011494,58.0
6614,58.014645,58.0
6615,57.961624,58.0
6616,58.054913,58.0
6617,58.117416,57.0
6618,57.105625,57.0
6619,56.617546,58.0
6620,58.086185,58.0
6621,57.938046,57.0
6622,56.943306,57.0
6623,56.942184,56.0
6624,55.94771,56.0
6625,56.041637,56.0
6626,55.960407,57.0
6627,56.96067,57.0
6628,57.0085,58.0
6629,58.04675,58.0
6630,58.0661,58.0
6631,58.036602,58.0
6632,58.027893,58.0
6633,58.025288,58.0
6634,58.032497,58.0
6635,58.05527,57.0
6636,57.04629,57.0
6637,57.06978,56.0
6638,56.04214,56.0
6639,56.01324,56.0
6640,55.86413,56.0
6641,55.94864,55.0
6642,54.70886,55.0
6643,55.109062,55.0
6644,54.984257,55.0
6645,54.693703,55.0
6646,54.84393,55.0
6647,54.84615,55.0
6648,55.114765,53.99999999999999
6649,53.557156,53.99999999999999
6650,53.626205,53.0
6651,52.66119,53.0
6652,52.885452,52.0
6653,51.873413,52.0
6654,51.919727,52.0
6655,51.913303,52.0
6656,51.91659,52.0
6657,51.979744,52.0
6658,51.96433,52.0
6659,51.95886,52.0
6660,51.975662,52.0
6661,51.973923,53.0
6662,52.853146,53.0
6663,53.081142,53.0
6664,52.99671,53.0
6665,52.921913,53.99999999999999
6666,54.194374,53.0
6667,52.850826,53.0
6668,52.918423,53.0
6669,52.666416,53.0
6670,52.173058,53.0
6671,52.018044,53.0
6672,52.729122,53.0
6673,53.135647,53.99999999999999
6674,54.12601,55.0
6675,54.943413,55.0
6676,54.795574,55.0
6677,54.875397,55.0
6678,54.960896,55.0
6679,54.93331,55.0
6680,54.86805,55.0
6681,54.837997,56.0
6682,55.648937,56.0
6683,55.69104,55.0
6684,54.79763,55.0
6685,54.892048,53.99999999999999
6686,53.94954,53.99999999999999
6687,54.17319,53.99999999999999
6688,54.231274,53.99999999999999
6689,54.108448,53.99999999999999
6690,54.177204,55.0
6691,54.3753,53.99999999999999
6692,53.647373,55.0
6693,54.642296,55.0
6694,54.56195,56.0
6695,55.796375,56.0
6696,55.895504,56.0
6697,56.022583,53.99999999999999
6698,53.96578,53.99999999999999
6699,54.02821,53.0
6700,53.059727,53.0
6701,52.78145,53.0
6702,52.95763,52.0
6703,51.978462,52.0
6704,51.812798,52.0
6705,51.978867,51.0
6706,50.976303,50.0
6707,49.965977,50.0
6708,49.99081,50.0
6709,50.006626,51.0
6710,50.970226,52.0
6711,51.956505,52.0
6712,52.058273,52.0
6713,52.124702,52.0
6714,51.209476,52.0
6715,52.01182,52.0
6716,51.91568,52.0
6717,51.78765,52.0
6718,51.863583,51.0
6719,50.981625,51.0
6720,50.982933,51.0
6721,50.97928,52.0
6722,51.981075,53.0
6723,52.97893,53.0
6724,52.97385,53.99999999999999
6725,53.993797,53.99999999999999
6726,53.97659,55.0
6727,54.99657,55.0
6728,55.000095,56.0
6729,56.008133,56.0
6730,56.012615,57.0
6731,57.011154,57.0
6732,57.011215,57.0
6733,57.050835,57.0
6734,56.971703,57.0
6735,56.946198,57.0
6736,57.02574,57.0
6737,56.82694,58.0
6738,57.92719,58.0
6739,57.37802,57.0
6740,56.74869,57.0
6741,56.057556,58.0
6742,58.18567,58.0
6743,57.748734,59.0
6744,58.91086,59.0
6745,58.949158,59.0
6746,59.00585,59.0
6747,58.999092,59.0
6748,59.00407,60.0
6749,60.046852,60.0
6750,60.028683,60.0
6751,60.069473,61.0
6752,61.082653,61.0
6753,61.102894,61.0
6754,61.090675,62.0
6755,62.10624,62.0
6756,62.077347,62.0
6757,62.086864,63.0
6758,63.02103,63.0
6759,62.86616,63.0
6760,62.908897,63.0
6761,62.721233,63.0
6762,62.849804,63.0
6763,62.414413,63.0
6764,62.137978,63.0
6765,62.25687,62.0
6766,61.468353,62.0
6767,61.647068,62.0
6768,61.79278,63.0
6769,62.88527,63.0
6770,62.96004,63.0
6771,62.717228,62.0
6772,61.940834,62.0
6773,61.94666,62.0
6774,62.00631,62.0
6775,62.02397,62.0
6776,62.01353,61.0
6777,61.034344,61.0
6778,61.02705,61.0
6779,61.022324,62.0
6780,62.054108,62.0
6781,62.06894,62.0
6782,62.00638,63.0
6783,62.753468,64.0
6784,63.793736,63.0
6785,62.60345,63.0
6786,62.278896,62.0
6787,60.929806,62.0
6788,61.116726,63.0
6789,62.799404,64.0
6790,63.783943,64.0
6791,63.386482,63.0
6792,62.737316,62.0
6793,61.82551,62.0
6794,61.94938,62.0
6795,61.961617,62.0
6796,61.98963,62.0
6797,61.995632,62.0
6798,62.0202,63.0
6799,63.04968,63.0
6800,63.071762,64.0
6801,64.1112,64.0
6802,64.096214,65.0
6803,65.10565,65.0
6804,65.0954,65.0
6805,65.08981,64.0
6806,63.984554,64.0
6807,63.974895,64.0
6808,63.80343,65.0
6809,64.805786,65.0
6810,64.03239,65.0
6811,64.10176,65.0
6812,64.329216,64.0
6813,63.261787,65.0
6814,64.7769,66.0
6815,65.63131,66.0
6816,65.50187,66.0
6817,65.52173,66.0
6818,66.04641,66.0
6819,66.11163,65.0
6820,65.07328,65.0
6821,65.04174,65.0
6822,65.05586,64.0
6823,64.07916,63.0
6824,63.095493,62.0
6825,62.12225,61.0
6826,60.965805,60.0
6827,59.95212,59.0
6828,58.865288,58.0
6829,58.076115,58.0
6830,58.10731,57.0
6831,57.047955,56.0
6832,55.94991,53.99999999999999
6833,53.72323,53.99999999999999
6834,53.878822,53.99999999999999
6835,54.039127,53.0
6836,52.635616,53.99999999999999
6837,53.708237,52.0
6838,51.94804,51.0
6839,50.906864,49.0
6840,48.76921,49.0
6841,48.656017,50.0
6842,50.052246,51.0
6843,51.033184,52.0
6844,52.002434,52.0
6845,52.002083,52.0
6846,51.91173,52.0
6847,51.917263,51.0
6848,50.9211,51.0
6849,50.781963,50.0
6850,49.774754,50.0
6851,49.807903,48.0
6852,47.66182,49.0
6853,48.591316,48.0
6854,47.768333,51.0
6855,51.063595,51.0
6856,51.087204,52.0
6857,52.20876,53.0
6858,52.848644,52.0
6859,51.48617,53.0
6860,52.2086,53.0
6861,52.35426,53.0
6862,52.79799,53.0
6863,52.64931,53.0
6864,52.562527,53.0
6865,53.014828,53.0
6866,52.905804,52.0
6867,51.985973,52.0
6868,51.98169,53.0
6869,52.9577,53.0
6870,52.985294,53.0
6871,52.986107,53.99999999999999
6872,53.85972,53.99999999999999
6873,53.928177,53.99999999999999
6874,54.01317,53.99999999999999
6875,53.74101,53.99999999999999
6876,53.71391,53.99999999999999
6877,53.955036,53.99999999999999
6878,53.932922,53.0
6879,52.955677,53.0
6880,52.934986,52.0
6881,51.96717,52.0
6882,51.7809,52.0
6883,52.3133,52.0
6884,51.43483,52.0
6885,51.87238,52.0
6886,52.333393,52.0
6887,52.249725,52.0
6888,52.191093,52.0
6889,52.116642,52.0
6890,52.111202,52.0
6891,52.11525,52.0
6892,52.102806,52.0
6893,52.088737,51.0
6894,51.101376,52.0
6895,52.02595,52.0
6896,52.07712,52.0
6897,52.14892,52.0
6898,52.10769,52.0
6899,52.083794,53.0
6900,53.097893,53.0
6901,53.100372,53.0
6902,53.011276,53.0
6903,52.94435,53.99999999999999
6904,54.060387,55.0
6905,54.993553,55.0
6906,54.882004,53.99999999999999
6907,53.86905,53.99999999999999
6908,54.204136,55.0
6909,55.269875,55.0
6910,55.170536,55.0
6911,54.78606,55.0
6912,54.844425,53.99999999999999
6913,53.94907,53.99999999999999
6914,53.822964,53.99999999999999
6915,53.842655,53.99999999999999
6916,53.91667,53.99999999999999
6917,53.91676,55.0
6918,54.913483,53.99999999999999
6919,53.89453,55.0
6920,54.959213,55.0
6921,55.042698,55.0
6922,54.779984,53.99999999999999
6923,53.7159,53.99999999999999
6924,53.68258,53.99999999999999
6925,53.907738,53.99999999999999
6926,53.97146,53.99999999999999
6927,54.06041,53.0
6928,53.11342,53.99999999999999
6929,54.25296,53.99999999999999
6930,53.962193,53.0
6931,52.6572,53.0
6932,53.128994,53.0
6933,52.90584,53.0
6934,52.818874,52.0
6935,51.82805,53.0
6936,52.68889,53.0
6937,52.80411,53.0
6938,52.794495,53.0
6939,52.792835,52.0
6940,51.99105,52.0
6941,52.032337,52.0
6942,52.002026,52.0
6943,51.99844,52.0
6944,52.00532,52.0
6945,52.024242,52.0
6946,52.037636,53.0
6947,53.01824,53.0
6948,53.05705,53.0
6949,53.032085,53.0
6950,52.984726,52.0
6951,51.79394,52.0
6952,52.05329,52.0
6953,51.785065,51.0
6954,50.14024,52.0
6955,51.776592,51.0
6956,50.795204,52.0
6957,52.159054,52.0
6958,51.738556,52.0
6959,51.763718,52.0
6960,51.895523,52.0
6961,51.93779,52.0
6962,52.02249,52.0
6963,52.01435,51.0
6964,50.970802,51.0
6965,50.95176,49.0
6966,48.87361,47.0
6967,46.794846,47.0
6968,46.82712,46.0
6969,45.841984,46.0
6970,45.85801,45.0
6971,44.88191,44.0
6972,43.929443,44.0
6973,43.924442,44.0
6974,43.885048,46.0
6975,45.97072,48.0
6976,47.846096,49.0
6977,49.0376,52.0
6978,52.35671,51.0
6979,50.682896,52.0
6980,52.162342,51.0
6981,51.1905,51.0
6982,50.86628,52.0
6983,51.997513,52.0
6984,52.04064,53.0
6985,53.018925,53.0
6986,52.969955,53.0
6987,52.96388,53.99999999999999
6988,53.97399,53.99999999999999
6989,53.98438,55.0
6990,54.98451,55.0
6991,54.97659,55.0
6992,54.968933,56.0
6993,55.979885,56.0
6994,55.995102,56.0
6995,55.998253,56.0
6996,55.997307,56.0
6997,55.995674,57.0
6998,57.02861,57.0
6999,56.88837,57.0
7000,56.666126,57.0
7001,56.964443,56.0
7002,55.596397,57.0
7003,56.863384,57.0
7004,56.804653,57.0
7005,56.788055,58.0
7006,58.04456,58.0
7007,58.061558,57.0
7008,57.07666,57.0
7009,56.91455,57.0
7010,56.990242,57.0
7011,57.013973,57.0
