,prediction,actual
0,54.92655,55.0
1,55.055702,53.99999999999999
2,54.85508,55.0
3,54.724937,55.0
4,54.60335,55.0
5,54.587944,53.99999999999999
6,54.653633,53.99999999999999
7,54.584473,53.99999999999999
8,54.371075,53.99999999999999
9,54.20614,53.99999999999999
10,54.01573,53.99999999999999
11,53.730602,53.99999999999999
12,53.731808,53.99999999999999
13,53.80368,53.99999999999999
14,53.911762,53.99999999999999
15,54.068554,53.99999999999999
16,54.37378,55.0
17,54.89142,56.0
18,55.354458,56.0
19,55.83218,56.0
20,56.422085,56.0
21,56.993706,56.0
22,57.03357,57.0
23,57.213005,58.0
24,57.425755,58.0
25,57.3619,59.0
26,57.35016,59.0
27,57.42972,59.0
28,57.22298,58.0
29,57.203384,58.0
30,56.97276,58.0
31,56.63737,58.0
32,56.362713,58.0
33,56.222767,58.0
34,56.04442,58.0
35,55.76084,58.0
36,55.60226,58.0
37,55.57955,58.0
38,55.548435,58.0
39,55.566723,58.0
40,55.721043,58.0
41,55.489124,57.0
42,55.674767,57.0
43,55.867275,57.0
44,56.021164,57.0
45,56.16389,57.0
46,56.57469,57.0
47,56.852345,56.0
48,57.50315,56.0
49,57.822914,56.0
50,57.751137,56.0
51,57.69212,56.0
52,57.6168,58.0
53,57.640106,58.0
54,57.566326,58.0
55,57.517735,57.0
56,57.34412,57.0
57,57.042744,57.0
58,56.819893,57.0
59,56.603775,57.0
60,56.415195,57.0
61,56.36854,57.0
62,56.36477,57.0
63,56.223705,57.0
64,56.315746,56.0
65,56.295,56.0
66,56.923283,56.0
67,57.188362,55.0
68,57.15638,55.0
69,57.341454,55.0
70,57.90778,55.0
71,58.281258,55.0
72,58.35643,55.0
73,58.550003,55.0
74,58.811413,55.0
75,58.77291,55.0
76,58.75173,53.99999999999999
77,58.822582,55.0
78,58.87822,55.0
79,58.822712,55.0
80,58.650913,55.0
81,58.516266,55.0
82,58.355312,55.0
83,58.162952,55.0
84,57.805073,55.0
85,57.456303,55.0
86,57.111923,55.0
87,56.70747,56.0
88,56.276352,56.0
89,55.834652,56.0
90,55.95371,56.0
91,56.63046,57.0
92,57.038826,57.0
93,57.486393,57.0
94,58.036346,57.0
95,58.00584,57.0
96,58.190315,57.0
97,58.41108,57.0
98,58.746334,57.0
99,58.848724,57.0
100,58.87015,56.0
101,58.928684,55.0
102,58.996452,55.0
103,59.056942,55.0
104,59.009445,55.0
105,59.018936,55.0
106,58.92733,55.0
107,58.92449,53.99999999999999
108,58.918045,53.99999999999999
109,58.90242,53.99999999999999
110,59.00307,53.99999999999999
111,59.060806,53.99999999999999
112,59.182266,53.99999999999999
113,59.13577,53.99999999999999
114,59.41871,53.99999999999999
115,59.624615,55.0
116,60.156387,55.0
117,60.37517,55.0
118,60.42759,55.0
119,60.259438,55.0
120,59.94883,55.0
121,59.872185,55.0
122,59.8126,55.0
123,59.823536,56.0
124,59.866783,56.0
125,59.87143,57.0
126,59.935745,57.0
127,59.94567,57.0
128,59.905415,57.0
129,59.82803,57.0
130,59.72065,57.0
131,59.50554,57.0
132,59.500088,57.0
133,59.47588,57.0
134,59.454014,57.0
135,59.441425,57.0
136,59.631584,58.0
137,59.948887,58.0
138,60.218246,58.0
139,60.494057,58.0
140,60.28437,58.0
141,60.35265,58.0
142,60.083252,57.0
143,59.64606,57.0
144,59.47705,57.0
145,59.430706,57.0
146,59.42129,56.0
147,59.426582,55.0
148,59.396706,55.0
149,59.389618,53.99999999999999
150,59.375626,53.99999999999999
151,59.385853,53.99999999999999
152,59.41701,53.99999999999999
153,59.459335,53.99999999999999
154,59.461414,53.99999999999999
155,59.485664,53.99999999999999
156,59.48511,53.99999999999999
157,59.541164,55.0
158,59.528255,55.0
159,59.521423,53.99999999999999
160,59.693604,53.99999999999999
161,59.899582,53.99999999999999
162,60.283783,53.99999999999999
163,60.536015,53.99999999999999
164,60.689903,53.99999999999999
165,60.828014,55.0
166,60.728752,57.0
167,60.917988,58.0
168,60.742683,59.0
169,60.648594,60.0
170,60.58843,61.0
171,60.48653,62.0
172,60.251133,63.0
173,60.207302,64.0
174,60.035187,64.0
175,59.878685,64.0
176,59.738247,65.0
177,59.630547,65.0
178,59.572594,65.0
179,59.45411,66.0
180,59.397724,66.0
181,59.353077,66.0
182,59.384094,66.0
183,59.265636,66.0
184,59.27184,67.0
185,59.394028,67.0
186,59.600838,66.0
187,59.62439,66.0
188,59.515778,65.0
189,58.588352,64.0
190,58.29559,62.0
191,58.494778,62.0
192,58.543377,60.0
193,58.076904,59.0
194,57.80118,59.0
195,57.649685,58.0
196,57.50808,57.0
197,57.400776,57.0
198,57.287636,57.0
199,57.121597,57.0
200,57.001072,57.0
201,56.90838,58.0
202,56.827587,58.0
203,56.791878,58.0
204,56.74996,58.0
205,56.68246,58.0
206,56.711105,59.0
207,56.97684,60.0
208,57.157257,60.0
209,56.750813,59.0
210,56.04748,61.0
211,56.22735,61.0
212,55.63315,71.0
213,56.05364,64.0
214,55.916466,71.0
215,55.846046,64.0
216,55.839016,64.0
217,55.835667,64.0
218,55.8267,64.0
219,55.82984,64.0
220,55.833614,64.0
221,55.84448,64.0
222,55.8832,65.0
223,55.944633,65.0
224,55.97326,65.0
225,55.992744,65.0
226,56.022957,65.0
227,56.025208,64.0
228,56.03362,64.0
229,56.041725,64.0
230,56.008354,62.0
231,55.948757,62.0
232,55.834587,61.0
233,55.53398,62.0
234,55.373146,62.0
235,55.08094,62.0
236,54.42057,60.0
237,53.894417,61.0
238,54.076656,60.0
239,54.041496,59.0
240,53.948673,60.0
241,54.003628,60.0
242,54.01735,59.0
243,54.006683,59.0
244,53.99008,59.0
245,53.9702,59.0
246,53.94775,59.0
247,53.908916,59.0
248,53.89626,59.0
249,53.879692,59.0
250,53.822094,59.0
251,53.80643,59.0
252,53.878555,58.0
253,53.91678,58.0
254,54.066784,58.0
255,54.14018,58.0
256,53.896084,57.0
257,53.856,57.0
258,53.95936,56.0
259,53.650032,56.0
260,53.474586,56.0
261,53.313866,55.0
262,53.302166,55.0
263,52.9272,55.0
264,52.556423,53.99999999999999
265,52.456963,53.99999999999999
266,52.36419,53.99999999999999
267,52.225666,53.0
268,52.19237,53.0
269,52.15274,52.0
270,52.03888,52.0
271,51.975727,52.0
272,52.01334,50.0
273,51.98393,47.0
274,51.50744,44.0
275,51.0722,42.99999999999999
276,50.947624,45.0
277,50.786674,45.0
278,50.748436,45.0
279,50.622803,45.0
280,50.37582,46.0
281,50.519073,46.0
282,50.678158,45.0
283,49.75353,42.99999999999999
284,48.811573,46.0
285,48.208046,47.0
286,48.45402,51.0
287,48.989815,61.0
288,48.84018,61.0
289,48.653526,51.0
290,48.64912,48.0
291,48.724567,50.0
292,48.631832,49.0
293,48.133144,51.0
294,48.05875,51.0
295,48.01797,51.0
296,47.82904,51.0
297,47.729214,52.0
298,47.681343,53.0
299,47.638485,53.0
300,47.697544,53.0
301,47.747787,53.99999999999999
302,47.80672,55.0
303,48.00814,56.0
304,48.46488,56.0
305,48.548466,56.0
306,48.973495,57.0
307,49.464703,58.0
308,50.228924,59.0
309,50.23169,59.0
310,50.58565,59.0
311,50.99626,59.0
312,51.216053,60.0
313,51.299953,61.0
314,51.489788,61.0
315,51.43509,61.0
316,51.311287,62.0
317,51.010944,62.0
318,50.883614,62.0
319,50.94861,63.0
320,50.786797,63.0
321,50.86841,65.0
322,50.66997,65.0
323,50.691814,65.0
324,50.715656,65.0
325,50.657707,65.0
326,50.505688,64.0
327,50.086514,63.0
328,49.82913,63.0
329,50.04215,62.0
330,49.465805,62.0
331,50.435913,63.0
332,51.681244,62.0
333,51.46343,64.0
334,53.195946,63.0
335,52.75133,63.0
336,52.84486,62.0
337,52.320377,61.0
338,51.943607,60.0
339,51.386707,60.0
340,51.210705,60.0
341,51.200123,60.0
342,51.14158,60.0
343,51.081146,59.0
344,51.07018,60.0
345,51.067066,60.0
346,51.04157,60.0
347,50.996456,60.0
348,50.97019,60.0
349,50.947823,61.0
350,51.008125,62.0
351,51.212738,62.0
352,51.23719,62.0
353,51.16635,63.0
354,51.972393,63.0
355,51.564392,61.0
356,50.49547,61.0
357,50.00363,62.0
358,51.015068,64.0
359,50.87255,71.0
360,50.815586,71.0
361,50.52723,63.0
362,50.31327,63.0
363,49.69792,63.0
364,49.524612,63.0
365,49.59566,63.0
366,49.63168,63.0
367,49.749405,63.0
368,49.885506,62.0
369,49.85582,61.0
370,49.848335,61.0
371,49.85343,59.0
372,49.84868,59.0
373,49.86204,57.0
374,49.766098,57.0
375,49.98295,57.0
376,50.45954,58.0
377,50.549,56.0
378,50.158424,56.0
379,50.207912,57.0
380,50.625053,58.0
381,51.169613,58.0
382,52.320297,57.0
383,51.616184,58.0
384,52.04094,57.0
385,51.827156,57.0
386,51.441685,58.0
387,51.500214,57.0
388,51.54305,57.0
389,51.582916,57.0
390,51.645454,57.0
391,51.727566,57.0
392,51.733284,57.0
393,51.51405,58.0
394,51.26337,58.0
395,50.942223,59.0
396,50.950108,59.0
397,50.970848,60.0
398,50.89862,61.0
399,50.463665,61.0
400,50.090214,62.0
401,50.268192,63.0
402,50.768578,63.0
403,50.97691,63.0
404,51.52669,62.0
405,51.12858,61.0
406,51.555637,61.0
407,51.592884,61.0
408,51.76799,61.0
409,51.577484,62.0
410,51.730244,62.0
411,51.805565,63.0
412,51.918934,64.0
413,51.905067,64.0
414,51.882793,63.0
415,51.861355,63.0
416,51.81698,62.0
417,51.80132,61.0
418,51.850864,60.0
419,51.7664,59.0
420,51.823322,59.0
421,51.84185,58.0
422,51.827957,58.0
423,51.85489,58.0
424,52.05378,57.0
425,52.48371,57.0
426,52.562782,57.0
427,52.4764,57.0
428,52.299053,57.0
429,52.33648,56.0
430,52.14788,56.0
431,51.972282,55.0
432,52.022053,55.0
433,52.065884,55.0
434,52.067345,55.0
435,52.069626,55.0
436,52.067818,52.0
437,52.04816,51.0
438,52.03954,49.0
439,52.07728,49.0
440,52.04646,48.0
441,52.02764,47.0
442,51.948105,45.0
443,51.838223,44.0
444,51.869713,42.99999999999999
445,51.839558,42.0
446,51.693375,41.0
447,51.555885,40.0
448,51.44478,39.0
449,51.178444,37.0
450,51.08661,36.0
451,50.943832,37.0
452,50.961853,37.0
453,50.919388,37.0
454,50.899082,37.0
455,50.93242,37.0
456,50.856205,36.0
457,50.09687,35.0
458,49.96374,34.0
459,49.699886,33.0
460,49.538803,33.0
461,49.42439,32.0
462,49.33703,33.0
463,49.27279,32.0
464,49.163734,33.0
465,49.103268,33.0
466,49.07076,32.0
467,49.038574,32.0
468,49.00634,31.0
469,48.95283,31.0
470,48.940125,31.0
471,49.01872,31.0
472,49.066288,31.0
473,49.066807,31.0
474,48.870403,31.0
475,48.627853,32.0
476,48.17342,30.0
477,46.90042,30.0
478,46.246273,31.0
479,45.387566,30.0
480,45.26588,31.0
481,45.27503,32.0
482,45.170544,32.0
483,44.82149,32.0
484,44.3504,53.99999999999999
485,44.084198,53.0
486,43.88562,53.99999999999999
487,43.971954,53.99999999999999
488,43.92964,55.0
489,43.888763,55.0
490,43.894493,56.0
491,43.899143,57.0
492,43.921394,57.0
493,43.966927,58.0
494,44.101692,57.0
495,44.194347,57.0
496,43.679436,57.0
497,43.567074,56.0
498,43.50575,56.0
499,43.494717,56.0
500,43.603966,56.0
501,44.014286,56.0
502,44.42886,56.0
503,44.58424,56.0
504,44.683327,57.0
505,44.75386,57.0
506,44.82269,57.0
507,44.880836,57.0
508,44.7604,60.0
509,44.7637,60.0
510,44.79043,60.0
511,44.851524,59.0
512,44.943703,58.0
513,45.017555,58.0
514,45.120033,58.0
515,45.250393,57.0
516,45.3253,57.0
517,45.37789,57.0
518,45.452045,56.0
519,45.586227,55.0
520,45.81213,56.0
521,46.43767,55.0
522,46.87471,55.0
523,47.082603,55.0
524,47.242252,55.0
525,47.660835,55.0
526,47.663662,55.0
527,47.759438,55.0
528,47.86667,55.0
529,47.96097,55.0
530,48.061073,55.0
531,48.15322,56.0
532,48.22723,78.0
533,48.29541,80.0
534,48.32182,80.0
535,48.322273,81.0
536,48.35513,80.0
537,48.493496,80.0
538,48.602276,78.0
539,48.326504,77.0
540,48.2854,76.0
541,48.333385,75.0
542,48.441196,74.0
543,48.572647,73.00000000000001
544,48.67437,73.00000000000001
545,48.83089,72.0
546,49.179726,71.0
547,49.62251,70.0
548,49.776142,68.0
549,50.04526,69.0
550,50.896015,68.0
551,51.349064,68.0
552,51.509846,68.0
553,51.518696,66.0
554,51.561066,66.0
555,51.657284,64.0
556,51.668755,65.0
557,51.679592,65.0
558,51.681717,65.0
559,51.697357,65.0
560,51.720684,65.0
561,51.80485,66.0
562,51.86522,66.0
563,51.775463,65.0
564,51.857838,65.0
565,51.859425,65.0
566,51.944016,65.0
567,52.07013,64.0
568,52.189384,64.0
569,52.392044,64.0
570,52.75361,64.0
571,53.120182,63.0
572,52.936005,63.0
573,53.249966,63.0
574,53.102158,62.0
575,52.711494,63.0
576,52.785397,62.0
577,52.80393,61.0
578,52.850563,61.0
579,52.871098,60.0
580,52.87254,68.0
581,52.87796,67.0
582,52.897747,67.0
583,52.924194,66.0
584,52.956356,65.0
585,52.99329,65.0
586,53.034092,68.0
587,53.077854,71.0
588,53.123665,75.0
589,53.170635,78.0
590,53.26726,81.0
591,53.375507,85.0
592,53.53323,88.0
593,53.74614,91.0
594,53.9885,95.00000000000001
595,54.247044,98.0
596,54.46407,102.0
597,54.666965,105.0
598,54.99465,107.99999999999999
599,55.107315,112.0
600,55.18876,115.0
601,55.188606,118.0
602,55.195797,122.0
603,55.20491,125.0
604,55.20766,129.0
605,55.322495,139.0
606,55.467358,144.0
607,55.56393,149.0
608,55.666103,145.0
609,55.505066,128.0
610,55.58028,113.0
611,55.50372,99.0
612,55.49093,98.0
613,55.43318,96.0
614,55.412663,95.00000000000001
615,55.44995,94.0
616,55.739002,93.0
617,56.00357,93.0
618,56.189953,92.0
619,56.401924,92.0
620,56.58349,92.0
621,56.754387,91.0
622,56.850124,91.0
623,57.13528,91.0
624,57.29292,91.0
625,57.425606,91.0
626,57.525196,91.0
627,57.71636,91.0
628,57.92001,81.0
629,57.926487,80.0
630,57.926777,79.0
631,57.90008,78.0
632,57.884758,77.0
633,57.905205,76.0
634,57.935696,76.0
635,57.915653,74.0
636,57.8561,72.0
637,57.804733,71.0
638,57.70915,69.0
639,57.621758,69.0
640,57.6115,68.0
641,57.50243,67.0
642,57.221233,68.0
643,57.207138,69.0
644,57.129253,69.0
645,57.06188,69.0
646,56.529366,70.0
647,56.46319,69.0
648,56.50584,71.0
649,56.66225,71.0
650,56.761467,71.0
651,56.81508,72.0
652,56.782913,65.0
653,56.732616,65.0
654,56.766796,65.0
655,56.795597,64.0
656,56.81289,64.0
657,56.849052,64.0
658,56.847836,64.0
659,56.866257,64.0
660,56.892265,64.0
661,56.88723,64.0
662,56.919518,64.0
663,56.897305,64.0
664,56.98899,65.0
665,57.04557,65.0
666,56.633877,66.0
667,56.548615,66.0
668,56.234455,97.0
669,56.15292,100.0
670,55.52607,106.0
671,55.417774,104.0
672,55.33988,93.0
673,55.162235,71.0
674,55.05106,68.0
675,54.97297,68.0
676,54.833195,56.0
677,54.81132,55.0
678,54.886925,55.0
679,54.749336,55.0
680,54.55146,55.0
681,54.36322,53.99999999999999
682,54.265644,53.99999999999999
683,54.037422,53.99999999999999
684,54.047695,53.0
685,54.12402,53.0
686,54.248264,53.0
687,54.26266,53.0
688,54.28206,53.0
689,54.209835,53.0
690,53.892048,52.0
691,53.797146,53.0
692,53.975723,52.0
693,53.632965,52.0
694,53.771652,53.0
695,53.986103,53.0
696,54.02546,53.0
697,54.05777,53.0
698,54.181396,53.0
699,54.249107,53.0
700,54.20707,89.0
701,54.232292,88.0
702,54.26974,87.0
703,54.29948,88.0
704,54.378178,89.0
705,54.493492,87.0
706,54.552906,87.0
707,54.604862,85.0
708,54.63893,85.0
709,54.689594,85.0
710,54.810635,85.0
711,55.01958,85.0
712,55.29603,85.0
713,55.702934,84.0
714,56.053047,83.0
715,56.42737,83.0
716,57.3432,83.0
717,57.993637,83.0
718,58.250954,83.0
719,58.1017,83.0
720,58.028366,82.0
721,58.086853,83.0
722,58.30286,81.0
723,58.340225,80.0
724,58.218483,80.0
725,58.2333,82.0
726,58.3929,84.0
727,58.624218,82.0
728,58.55963,79.0
729,58.554474,81.0
730,58.60509,83.0
731,58.72528,87.0
732,58.786983,89.0
733,58.88625,88.0
734,58.966255,87.0
735,59.018955,87.0
736,59.09597,87.0
737,59.26951,88.0
738,59.66074,89.0
739,60.136414,91.0
740,61.63022,91.0
741,62.396873,92.0
742,62.461823,92.0
743,62.32347,93.0
744,62.40749,94.0
745,62.530853,92.0
746,62.418823,91.0
747,62.311565,91.0
748,62.314365,93.0
749,62.629147,94.0
750,62.95893,96.0
751,63.250843,99.0
752,63.48871,101.0
753,63.62826,100.0
754,63.785255,97.0
755,63.806774,94.0
756,63.946503,91.0
757,64.072914,93.0
758,64.354095,94.0
759,64.5698,94.0
760,64.60641,94.0
761,64.58782,94.0
762,64.82686,93.0
763,64.59171,90.0
764,64.41578,89.0
765,64.410965,89.0
766,64.47636,90.0
767,64.56374,89.0
768,64.489456,87.0
769,64.48314,89.0
770,64.53764,91.0
771,64.6644,92.0
772,64.74634,94.0
773,65.03212,94.0
774,65.266754,90.0
775,65.37198,89.0
776,65.50878,88.0
777,65.656654,88.0
778,65.81411,91.0
779,66.02927,95.00000000000001
780,66.217834,94.0
781,66.36063,93.0
782,66.58776,93.0
783,66.66991,93.0
784,66.65926,93.0
785,66.691505,93.0
786,66.624306,93.0
787,66.280815,94.0
788,66.38591,95.00000000000001
789,66.56866,95.00000000000001
790,66.60948,96.0
791,66.74709,97.0
792,66.86604,96.0
793,67.00234,96.0
794,67.18683,94.0
795,67.373886,95.00000000000001
796,67.63265,94.0
797,67.91768,92.0
798,68.205215,91.0
799,68.379326,91.0
800,68.34114,91.0
801,68.365906,91.0
802,68.54317,88.0
803,68.541626,84.0
804,68.7726,85.99999999999999
805,69.02323,85.99999999999999
806,69.258194,85.0
807,69.3314,84.0
808,69.2686,84.0
809,69.223915,84.0
810,69.04526,84.0
811,68.9587,84.0
812,68.83235,84.0
813,68.63319,84.0
814,68.58831,83.0
815,68.63592,83.0
816,68.54409,84.0
817,68.5459,84.0
818,68.49954,85.0
819,68.19468,84.0
820,68.34857,82.0
821,68.460464,81.0
822,68.57735,81.0
823,68.68865,81.0
824,68.908325,81.0
825,69.1806,80.0
826,69.42173,82.0
827,69.65712,82.0
828,69.99362,81.0
829,70.35887,81.0
830,70.63786,81.0
831,70.76818,82.0
832,70.87935,82.0
833,70.8337,81.0
834,70.50307,81.0
835,70.1452,80.0
836,69.72328,80.0
837,69.23147,80.0
838,69.10681,80.0
839,68.61718,79.0
840,68.33762,78.0
841,68.293365,77.0
842,68.43091,76.0
843,68.64167,76.0
844,68.8794,75.0
845,69.14409,75.0
846,69.354454,74.0
847,69.61081,73.00000000000001
848,69.90255,73.00000000000001
849,70.225296,72.0
850,70.556625,72.0
851,70.92195,71.0
852,71.31346,71.0
853,71.71783,71.0
854,71.97809,71.0
855,72.15493,71.0
856,72.10836,71.0
857,72.06482,72.0
858,72.046234,72.0
859,71.953865,73.00000000000001
860,71.52879,74.0
861,70.992836,73.00000000000001
862,70.79951,74.0
863,70.44418,75.0
864,70.41927,77.0
865,70.39265,78.0
866,70.449295,80.0
867,70.672874,82.0
868,70.85066,83.0
869,71.12841,84.0
870,71.4534,87.0
871,71.814125,88.0
872,72.18476,90.0
873,72.52689,91.0
874,72.94467,93.0
875,73.325455,93.0
876,73.4984,92.0
877,73.574745,90.0
878,73.66373,89.0
879,73.622574,88.0
880,73.64217,87.0
881,73.53792,85.0
882,73.2583,84.0
883,72.86115,83.0
884,72.14846,82.0
885,71.117874,81.0
886,70.791214,80.0
887,69.84286,79.0
888,69.47487,78.0
889,69.17587,77.0
890,68.79998,75.0
891,68.39859,75.0
892,68.42803,75.0
893,68.56677,76.0
894,68.93444,77.0
895,69.287605,78.0
896,69.63538,78.0
897,69.955505,78.0
898,70.28643,78.0
899,70.60497,79.0
900,70.94851,81.0
901,71.30695,82.0
902,71.53196,83.0
903,71.56965,84.0
904,70.846,84.0
905,69.95416,85.0
906,69.08497,85.99999999999999
907,68.161316,85.99999999999999
908,67.40529,85.99999999999999
909,66.65868,85.0
910,65.97776,84.0
911,65.04861,84.0
912,65.033455,84.0
913,64.9269,83.0
914,64.765945,82.0
915,64.65477,81.0
916,64.67403,81.0
917,64.79628,78.0
918,64.90655,76.0
919,65.08527,74.0
920,65.134224,71.0
921,65.16809,70.0
922,65.28705,68.0
923,65.338104,67.0
924,65.50841,66.0
925,65.66384,65.0
926,65.73706,64.0
927,65.58841,64.0
928,65.244736,63.0
929,64.889656,63.0
930,64.77071,62.0
931,64.54618,61.0
932,63.84066,62.0
933,63.204483,62.0
934,62.939175,63.0
935,62.751118,63.0
936,62.548523,63.0
937,62.468903,62.0
938,62.40214,62.0
939,62.44651,62.0
940,62.51006,62.0
941,62.61594,62.0
942,62.736782,62.0
943,62.861557,62.0
944,63.011196,62.0
945,63.16988,63.0
946,63.354572,63.0
947,63.544437,64.0
948,63.716946,64.0
949,63.877697,64.0
950,64.05042,65.0
951,64.149155,66.0
952,64.248314,66.0
953,64.04961,66.0
954,63.982124,67.0
955,63.875557,66.0
956,63.429882,65.0
957,62.986515,65.0
958,62.40881,64.0
959,61.984184,64.0
960,62.012875,64.0
961,61.746937,65.0
962,61.758274,65.0
963,61.661663,64.0
964,61.57074,63.0
965,61.505043,63.0
966,61.482258,62.0
967,61.472015,61.0
968,61.519,60.0
969,61.554485,60.0
970,61.591362,59.0
971,61.6647,58.0
972,61.746838,57.0
973,61.829056,57.0
974,61.909252,56.0
975,61.87054,55.0
976,62.013786,55.0
977,61.79294,53.99999999999999
978,61.702576,53.0
979,61.63024,53.99999999999999
980,62.133705,55.0
981,61.431984,55.0
982,60.810234,55.0
983,60.2959,55.0
984,59.94191,55.0
985,59.953827,53.99999999999999
986,59.976814,53.99999999999999
987,59.9879,53.99999999999999
988,60.025948,53.99999999999999
989,60.069267,53.99999999999999
990,60.113514,53.99999999999999
991,60.18223,53.99999999999999
992,59.98526,53.99999999999999
993,60.04426,53.99999999999999
994,60.13116,53.99999999999999
995,60.224834,53.99999999999999
996,60.31622,53.99999999999999
997,60.41774,53.0
998,60.41321,53.0
999,60.422794,53.0
1000,60.409847,53.99999999999999
1001,60.4066,53.0
1002,60.05643,53.99999999999999
1003,59.916714,52.0
1004,59.758305,53.0
1005,59.444397,53.0
1006,59.058044,53.0
1007,58.74712,52.0
1008,58.518425,52.0
1009,58.513905,52.0
1010,58.54845,52.0
1011,58.614666,52.0
1012,58.69097,52.0
1013,58.759403,52.0
1014,58.873894,52.0
1015,58.958374,52.0
1016,59.040348,52.0
1017,59.126286,53.0
1018,59.221256,52.0
1019,59.30538,52.0
1020,59.412884,52.0
1021,59.511734,52.0
1022,59.5946,53.0
1023,59.71002,52.0
1024,59.51437,53.0
1025,59.76087,52.0
1026,59.55129,52.0
1027,59.20916,52.0
1028,59.075848,51.0
1029,58.44877,50.0
1030,57.912796,48.0
1031,57.829594,49.0
1032,57.814625,48.0
1033,57.833042,50.0
1034,57.868397,49.0
1035,57.861465,48.0
1036,57.91957,48.0
1037,57.97206,49.0
1038,58.020683,50.0
1039,58.11803,50.0
1040,58.21483,50.0
1041,58.317818,49.0
1042,58.157665,49.0
1043,58.26983,48.0
1044,58.066353,49.0
1045,58.158325,48.0
1046,58.181786,45.0
1047,58.163967,46.0
1048,58.208305,45.0
1049,58.157055,46.0
1050,58.15505,47.0
1051,58.21492,47.0
1052,58.336838,47.0
1053,58.657864,47.0
1054,58.220882,48.0
1055,57.8667,48.0
1056,57.861702,48.0
1057,57.891304,46.0
1058,57.936794,47.0
1059,57.982864,48.0
1060,58.056602,48.0
1061,58.12887,47.0
1062,58.2077,47.0
1063,58.313793,47.0
1064,57.986923,47.0
1065,58.052097,48.0
1066,58.110725,50.0
1067,58.177284,51.0
1068,58.254124,51.0
1069,58.28202,51.0
1070,58.22255,52.0
1071,58.210907,52.0
1072,58.096554,52.0
1073,57.674084,52.0
1074,57.308266,53.0
1075,57.05011,53.99999999999999
1076,56.99097,53.99999999999999
1077,56.90935,53.99999999999999
1078,56.520016,53.99999999999999
1079,56.48406,53.99999999999999
1080,56.499664,53.99999999999999
1081,56.472485,55.0
1082,56.484562,55.0
1083,56.50227,55.0
1084,56.566406,55.0
1085,56.58568,56.0
1086,56.627434,56.0
1087,56.640186,56.0
1088,56.68807,56.0
1089,56.754333,56.0
1090,56.830086,56.0
1091,56.892303,56.0
1092,56.96569,56.0
1093,57.02327,55.0
1094,57.0099,55.0
1095,57.00379,55.0
1096,57.272552,55.0
1097,57.01247,55.0
1098,57.004543,55.0
1099,56.933483,53.99999999999999
1100,56.68146,53.99999999999999
1101,56.619858,53.99999999999999
1102,56.475895,53.99999999999999
1103,56.425694,53.0
1104,56.397434,53.99999999999999
1105,56.399326,53.99999999999999
1106,56.4045,53.99999999999999
1107,56.420563,53.99999999999999
1108,56.451595,53.99999999999999
1109,56.46931,53.99999999999999
1110,56.495586,55.0
1111,56.52448,55.0
1112,56.56578,55.0
1113,56.626934,55.0
1114,56.693283,55.0
1115,56.763954,55.0
1116,56.813717,55.0
1117,56.88298,55.0
1118,56.925964,56.0
1119,56.946167,55.0
1120,57.08738,56.0
1121,57.31912,56.0
1122,57.60681,57.0
1123,57.388863,57.0
1124,57.338696,56.0
1125,57.045692,56.0
1126,57.000076,57.0
1127,56.950672,57.0
1128,56.933582,57.0
1129,56.910698,56.0
1130,56.600487,56.0
1131,56.615517,56.0
1132,56.644783,55.0
1133,56.45912,55.0
1134,56.364754,55.0
1135,56.31788,53.99999999999999
1136,56.509007,53.99999999999999
1137,56.561203,53.99999999999999
1138,56.72111,53.0
1139,56.85746,53.0
1140,56.8731,53.0
1141,56.909435,53.0
1142,56.914005,52.0
1143,56.84753,52.0
1144,56.65917,51.0
1145,56.72797,49.0
1146,56.39831,48.0
1147,56.073593,48.0
1148,55.831047,48.0
1149,55.33782,49.0
1150,55.1399,50.0
1151,55.106396,50.0
1152,55.056057,51.0
1153,54.944183,51.0
1154,54.904446,51.0
1155,54.879467,51.0
1156,54.825737,32.0
1157,54.621956,32.0
1158,54.52318,33.0
1159,54.46881,33.0
1160,54.404926,33.0
1161,54.341064,34.0
1162,54.0215,35.0
1163,53.64416,36.0
1164,53.415306,37.0
1165,53.289345,38.0
1166,53.197205,39.0
1167,53.25916,39.0
1168,53.405727,41.0
1169,53.737297,42.0
1170,53.801567,41.0
1171,53.705204,40.0
1172,53.72993,40.0
1173,53.947758,40.0
1174,53.860836,39.0
1175,53.113625,40.0
1176,53.043453,40.0
1177,52.750988,40.0
1178,52.641304,40.0
1179,52.57889,40.0
1180,52.40898,33.0
1181,52.100914,33.0
1182,51.88385,33.0
1183,51.690353,34.0
1184,51.5241,35.0
1185,51.378826,36.0
1186,51.17278,37.0
1187,50.912132,37.0
1188,50.64976,38.0
1189,50.343704,38.0
1190,50.280453,38.0
1191,50.184784,38.0
1192,50.38704,39.0
1193,50.734867,40.0
1194,50.64767,40.0
1195,50.845364,40.0
1196,50.861004,41.0
1197,51.171272,42.99999999999999
1198,51.52317,44.0
1199,52.05862,46.0
1200,52.458862,46.0
1201,52.24761,47.0
1202,52.139214,48.0
1203,51.961407,49.0
1204,51.73532,57.0
1205,51.715874,58.0
1206,51.425896,57.0
1207,51.350452,57.0
1208,51.272705,57.0
1209,51.10286,57.0
1210,51.205135,56.0
1211,50.97881,56.0
1212,50.880444,56.0
1213,50.74766,55.0
1214,50.518574,53.99999999999999
1215,50.36644,55.0
1216,50.209957,56.0
1217,50.172207,56.0
1218,50.130928,56.0
1219,49.948692,56.0
1220,49.93111,56.0
1221,50.19952,56.0
1222,49.619015,55.0
1223,49.650894,55.0
1224,49.391834,55.0
1225,49.06695,53.99999999999999
1226,48.81401,53.99999999999999
1227,48.644955,53.99999999999999
1228,48.286613,57.0
1229,48.343636,58.0
1230,48.405186,58.0
1231,48.479225,58.0
1232,48.560135,59.0
1233,48.63101,59.0
1234,48.687542,60.0
1235,48.730885,60.0
1236,48.755215,60.0
1237,48.77149,60.0
1238,48.818447,62.0
1239,48.457214,64.0
1240,48.692818,64.0
1241,49.10619,65.0
1242,49.029434,64.0
1243,48.92692,64.0
1244,48.97221,64.0
1245,48.496483,63.0
1246,47.841396,63.0
1247,47.682705,63.0
1248,47.5101,63.0
1249,47.606384,63.0
1250,47.688557,64.0
1251,47.743694,64.0
1252,47.795216,63.0
1253,47.91559,61.0
1254,47.974453,60.0
1255,47.87371,58.0
1256,47.891533,58.0
1257,47.808186,58.0
1258,47.830605,59.0
1259,47.80172,58.0
1260,47.805313,60.0
1261,47.876923,60.0
1262,47.940628,61.0
1263,48.11433,61.0
1264,48.412994,62.0
1265,49.134144,62.0
1266,49.353413,62.0
1267,49.823498,62.0
1268,50.109344,62.0
1269,50.589066,61.0
1270,50.891907,61.0
1271,51.1343,62.0
1272,51.271084,61.0
1273,51.414856,62.0
1274,51.508717,63.0
1275,51.561,64.0
1276,51.63566,59.0
1277,51.854862,58.0
1278,51.90918,57.0
1279,51.940536,56.0
1280,51.993256,56.0
1281,52.100533,55.0
1282,52.14408,53.99999999999999
1283,52.15826,53.0
1284,52.215496,53.0
1285,52.234562,52.0
1286,52.205917,51.0
1287,52.19318,50.0
1288,52.08701,50.0
1289,52.14086,50.0
1290,52.13069,51.0
1291,52.29372,52.0
1292,52.19296,52.0
1293,51.973377,52.0
1294,51.883015,52.0
1295,51.760292,52.0
1296,51.77996,52.0
1297,51.821213,52.0
1298,51.89625,52.0
1299,51.921352,52.0
1300,51.952694,55.0
1301,51.955246,59.0
1302,51.95191,63.0
1303,51.980515,67.0
1304,51.97677,67.0
1305,51.979187,68.0
1306,51.97341,68.0
1307,51.982178,68.0
1308,51.992714,68.0
1309,51.98998,68.0
1310,52.05968,68.0
1311,52.194077,68.0
1312,52.513645,68.0
1313,52.914104,68.0
1314,53.11328,69.0
1315,53.598297,68.0
1316,53.855152,69.0
1317,54.250294,69.0
1318,54.594696,69.0
1319,54.95416,70.0
1320,55.204594,70.0
1321,55.372734,70.0
1322,55.519623,70.0
1323,55.58087,69.0
1324,55.611214,91.0
1325,56.10525,91.0
1326,56.119156,91.0
1327,56.198612,90.0
1328,56.272137,91.0
1329,56.287518,93.0
1330,56.308804,95.00000000000001
1331,56.328922,97.0
1332,56.130527,97.0
1333,56.102448,97.0
1334,56.12197,97.0
1335,56.141636,96.0
1336,56.257755,97.0
1337,56.446846,96.0
1338,56.62488,96.0
1339,56.593887,95.00000000000001
1340,56.5787,94.0
1341,56.690598,94.0
1342,56.6664,94.0
1343,56.57709,93.0
1344,56.3514,93.0
1345,56.386703,92.0
1346,56.42189,92.0
1347,56.46328,90.0
1348,56.456665,72.0
1349,56.528328,72.0
1350,56.529114,72.0
1351,56.513546,73.00000000000001
1352,56.546658,73.00000000000001
1353,56.55791,73.00000000000001
1354,56.554245,73.00000000000001
1355,56.533413,73.00000000000001
1356,56.527035,74.0
1357,56.523247,75.0
1358,56.617195,76.0
1359,56.706963,76.0
1360,56.900883,78.0
1361,57.095882,80.0
1362,57.635384,80.0
1363,58.122646,80.0
1364,58.213116,93.0
1365,57.36139,90.0
1366,57.06402,106.0
1367,56.83038,104.0
1368,56.849007,90.0
1369,57.01522,84.0
1370,57.10948,84.0
1371,56.831936,84.0
1372,56.50608,68.0
1373,56.303505,68.0
1374,56.140377,68.0
1375,56.09964,68.0
1376,56.18639,67.0
1377,56.244503,65.0
1378,56.331577,65.0
1379,56.44095,64.0
1380,56.490547,63.0
1381,56.55525,62.0
1382,56.589367,61.0
1383,56.561054,60.0
1384,56.43305,59.0
1385,56.26561,58.0
1386,55.76236,57.0
1387,55.265347,55.0
1388,55.02015,53.99999999999999
1389,54.647987,53.0
1390,54.525078,52.0
1391,54.42043,52.0
1392,54.34543,53.0
1393,54.29745,52.0
1394,54.258724,51.0
1395,54.253914,51.0
1396,54.270977,53.0
1397,54.35029,53.0
1398,54.360283,53.99999999999999
1399,54.270294,53.99999999999999
1400,54.179165,53.99999999999999
1401,54.149677,53.99999999999999
1402,54.01558,53.99999999999999
1403,53.899864,53.99999999999999
1404,53.799137,53.99999999999999
1405,53.700706,53.99999999999999
1406,53.64822,53.99999999999999
1407,53.758728,53.99999999999999
1408,53.746765,53.99999999999999
1409,53.915684,55.0
1410,54.089855,55.0
1411,54.10519,53.99999999999999
1412,54.029953,53.99999999999999
1413,54.243057,55.0
1414,54.029686,53.99999999999999
1415,53.854645,53.99999999999999
1416,53.814045,53.99999999999999
1417,53.78515,55.0
1418,53.754723,55.0
1419,53.715065,55.0
1420,53.675182,60.0
1421,53.60633,61.0
1422,53.654675,61.0
1423,53.57146,62.0
1424,53.547676,61.0
1425,53.38025,63.0
1426,53.461227,64.0
1427,53.213802,65.0
1428,52.83954,66.0
1429,53.161015,67.0
1430,53.269585,67.0
1431,53.29962,68.0
1432,53.889725,67.0
1433,54.087624,68.0
1434,54.705444,68.0
1435,54.879288,69.0
1436,54.749268,69.0
1437,54.740356,69.0
1438,54.762848,69.0
1439,54.672356,69.0
1440,54.783905,69.0
1441,54.81933,69.0
1442,54.72494,68.0
1443,54.699375,67.0
1444,54.663704,66.0
1445,54.628635,66.0
1446,54.636482,66.0
1447,54.642426,66.0
1448,54.646244,67.0
1449,54.675766,66.0
1450,54.720963,64.0
1451,54.746464,63.0
1452,54.77487,62.0
1453,54.8025,61.0
1454,54.88551,61.0
1455,55.022934,61.0
1456,55.258106,62.0
1457,55.24575,61.0
1458,55.235683,61.0
1459,55.287773,61.0
1460,55.570377,61.0
1461,55.689533,60.0
1462,55.81864,60.0
1463,55.914272,59.0
1464,55.90646,59.0
1465,55.899372,59.0
1466,55.86322,59.0
1467,55.89059,60.0
1468,55.908684,60.0
1469,55.926872,59.0
1470,55.92706,58.0
1471,55.936203,57.0
1472,55.975334,57.0
1473,56.03835,57.0
1474,56.11656,57.0
1475,55.93091,57.0
1476,55.992035,58.0
1477,56.046288,59.0
1478,56.08723,59.0
1479,56.210693,60.0
1480,56.31629,60.0
1481,56.494865,61.0
1482,56.47441,61.0
1483,56.065086,60.0
1484,55.84071,60.0
1485,55.53481,61.0
1486,55.58851,61.0
1487,55.62062,63.0
1488,55.6908,64.0
1489,55.720676,65.0
1490,55.773285,66.0
1491,55.784733,67.0
1492,55.837955,68.0
1493,55.90994,69.0
1494,55.912266,70.0
1495,55.946526,71.0
1496,55.950207,72.0
1497,55.98995,72.0
1498,55.98027,71.0
1499,55.88943,71.0
1500,55.81941,71.0
1501,55.781216,70.0
1502,55.68738,69.0
1503,55.735306,68.0
1504,55.808662,69.0
1505,56.592537,68.0
1506,56.525867,69.0
1507,56.921146,69.0
1508,57.100838,69.0
1509,57.32242,69.0
1510,57.532074,68.0
1511,57.517326,67.0
1512,57.334427,65.0
1513,56.989082,64.0
1514,56.877777,63.0
1515,56.80048,63.0
1516,56.697372,62.0
1517,56.57891,62.0
1518,56.48018,62.0
1519,56.409485,62.0
1520,56.351536,61.0
1521,56.300888,62.0
1522,56.22186,63.0
1523,56.164936,63.0
1524,56.095356,63.0
1525,55.974186,64.0
1526,55.87009,65.0
1527,55.848686,66.0
1528,55.903896,66.0
1529,56.207752,67.0
1530,56.074135,67.0
1531,56.27044,67.0
1532,56.236263,67.0
1533,56.236828,67.0
1534,56.263134,67.0
1535,55.76817,69.0
1536,55.97962,69.0
1537,55.625042,70.0
1538,55.654915,71.0
1539,55.72472,71.0
1540,55.751904,72.0
1541,55.744583,71.0
1542,55.75609,71.0
1543,55.75898,71.0
1544,55.82962,70.0
1545,55.594254,69.0
1546,55.54899,68.0
1547,55.48807,67.0
1548,55.510914,66.0
1549,55.502007,66.0
1550,55.53545,65.0
1551,55.569756,65.0
1552,55.675148,64.0
1553,55.64237,64.0
1554,55.131966,63.0
1555,54.57762,63.0
1556,54.138687,64.0
1557,54.02209,63.0
1558,53.932293,63.0
1559,53.446278,62.0
1560,53.034996,62.0
1561,52.591286,62.0
1562,52.475845,61.0
1563,52.31207,60.0
1564,52.091763,58.0
1565,51.853065,58.0
1566,51.781635,57.0
1567,51.746124,56.0
1568,51.70559,58.0
1569,51.772617,58.0
1570,51.561687,57.0
1571,51.483074,58.0
1572,51.477203,59.0
1573,51.4827,59.0
1574,51.54445,59.0
1575,51.723373,60.0
1576,51.96443,60.0
1577,52.27953,59.0
1578,52.231876,58.0
1579,51.969505,58.0
1580,51.991848,58.0
1581,52.107883,58.0
1582,51.908646,58.0
1583,51.654015,58.0
1584,51.45284,59.0
1585,51.258045,58.0
1586,51.366535,57.0
1587,51.463425,57.0
1588,51.521854,57.0
1589,51.538013,57.0
1590,51.584362,57.0
1591,51.63735,56.0
1592,51.68461,56.0
1593,51.711555,56.0
1594,51.719128,57.0
1595,51.712982,56.0
1596,51.71058,55.0
1597,51.72264,53.99999999999999
1598,51.742313,53.0
1599,51.749947,52.0
1600,51.80612,52.0
1601,51.931957,51.0
1602,51.368473,52.0
1603,51.70405,52.0
1604,51.774216,52.0
1605,51.745155,52.0
1606,51.566296,52.0
1607,51.69609,53.0
1608,51.888638,53.0
1609,51.800304,53.0
1610,51.645756,53.99999999999999
1611,51.666576,55.0
1612,51.66479,56.0
1613,51.69322,57.0
1614,51.704193,58.0
1615,51.72859,59.0
1616,51.759754,59.0
1617,51.774273,59.0
1618,51.78108,59.0
1619,51.84562,59.0
1620,51.767845,58.0
1621,51.635345,58.0
1622,51.671467,58.0
1623,51.714657,58.0
1624,51.487396,57.0
1625,51.302605,58.0
1626,51.247963,57.0
1627,51.513313,57.0
1628,51.20249,56.0
1629,50.97133,56.0
1630,50.4569,55.0
1631,50.08778,53.99999999999999
1632,49.698166,53.99999999999999
1633,49.569702,55.0
1634,49.257843,55.0
1635,49.06556,55.0
1636,48.88062,53.99999999999999
1637,48.864277,53.99999999999999
1638,48.849133,53.0
1639,48.85015,53.0
1640,48.85056,52.0
1641,48.85541,52.0
1642,48.86258,53.0
1643,48.87017,53.0
1644,48.869045,53.99999999999999
1645,48.87265,53.99999999999999
1646,48.931026,55.0
1647,49.13137,55.0
1648,49.412327,56.0
1649,49.85609,57.0
1650,50.014893,58.0
1651,50.11975,58.0
1652,50.168056,59.0
1653,50.082577,60.0
1654,50.218018,61.0
1655,49.831432,61.0
1656,49.858475,61.0
1657,49.798103,60.0
1658,49.819866,60.0
1659,49.85353,60.0
1660,49.89231,59.0
1661,49.930046,59.0
1662,49.87036,59.0
1663,49.838802,60.0
1664,49.94218,60.0
1665,50.00487,61.0
1666,50.046513,61.0
1667,50.09181,61.0
1668,50.11901,62.0
1669,50.12644,63.0
1670,50.21063,64.0
1671,50.404564,64.0
1672,50.531734,64.0
1673,50.50029,63.0
1674,50.39893,62.0
1675,50.61084,62.0
1676,50.8963,62.0
1677,50.811092,60.0
1678,50.12579,60.0
1679,49.445877,60.0
1680,49.211647,60.0
1681,49.105545,60.0
1682,48.93514,60.0
1683,48.886215,60.0
1684,48.731113,60.0
1685,48.733353,60.0
1686,48.73213,60.0
1687,48.72296,59.0
1688,48.718052,59.0
1689,48.69361,59.0
1690,48.67799,59.0
1691,48.67072,59.0
1692,48.664574,59.0
1693,48.65473,59.0
1694,48.76833,59.0
1695,48.957424,59.0
1696,49.410713,58.0
1697,49.471546,59.0
1698,49.790943,59.0
1699,50.431202,59.0
1700,50.708233,59.0
1701,50.607162,60.0
1702,50.66751,61.0
1703,50.936707,61.0
1704,51.14627,62.0
1705,51.23536,62.0
1706,51.279175,62.0
1707,51.2533,62.0
1708,51.267776,62.0
1709,51.301746,63.0
1710,51.32018,63.0
1711,51.291916,64.0
1712,51.27822,65.0
1713,51.274876,65.0
1714,51.240253,65.0
1715,51.20777,66.0
1716,51.193092,66.0
1717,51.16308,67.0
1718,51.23023,66.0
1719,51.34406,65.0
1720,51.50798,66.0
1721,52.20005,66.0
1722,52.58962,65.0
1723,52.676655,65.0
1724,52.88286,65.0
1725,53.341946,65.0
1726,53.720013,66.0
1727,54.410778,66.0
1728,54.819447,65.0
1729,54.72015,66.0
1730,54.69285,66.0
1731,54.7118,67.0
1732,54.719715,67.0
1733,54.71517,66.0
1734,54.598446,66.0
1735,54.58772,66.0
1736,54.371605,65.0
1737,54.319363,65.0
1738,54.23911,65.0
1739,54.178753,64.0
1740,54.1114,64.0
1741,54.08299,63.0
1742,54.07292,63.0
1743,54.090225,63.0
1744,54.026455,63.0
1745,54.161224,62.0
1746,53.950016,63.0
1747,53.984783,63.0
1748,53.71498,63.0
1749,53.73211,63.0
1750,53.702183,62.0
1751,53.600777,62.0
1752,53.63982,63.0
1753,53.793858,63.0
1754,53.81735,62.0
1755,53.842663,62.0
1756,53.896423,62.0
1757,53.81858,63.0
1758,53.722073,63.0
1759,53.64168,63.0
1760,53.598465,63.0
1761,53.60304,63.0
1762,53.57007,63.0
1763,53.525307,63.0
1764,53.501743,63.0
1765,53.45077,62.0
1766,53.47161,62.0
1767,53.533997,64.0
1768,53.670216,65.0
1769,54.01664,66.0
1770,53.829136,66.0
1771,53.892296,65.0
1772,53.348705,66.0
1773,53.409496,66.0
1774,53.520287,66.0
1775,53.287903,65.0
1776,53.234383,65.0
1777,53.009533,65.0
1778,52.882687,65.0
1779,52.80936,65.0
1780,52.839127,66.0
1781,52.867363,66.0
1782,52.877743,67.0
1783,52.885284,68.0
1784,52.88378,68.0
1785,52.865932,69.0
1786,52.840694,69.0
1787,52.831203,70.0
1788,52.8083,70.0
1789,52.765244,71.0
1790,52.79035,71.0
1791,52.83685,70.0
1792,53.074875,69.0
1793,52.905495,69.0
1794,52.696323,69.0
1795,52.814587,70.0
1796,52.616264,69.0
1797,51.99343,68.0
1798,51.51548,68.0
1799,51.324867,69.0
1800,51.234215,68.0
1801,51.01812,68.0
1802,51.050064,68.0
1803,51.092087,69.0
1804,50.985687,68.0
1805,50.966568,68.0
1806,50.942337,68.0
1807,50.922558,68.0
1808,50.90562,68.0
1809,50.8771,68.0
1810,50.846207,68.0
1811,50.821804,68.0
1812,50.795425,68.0
1813,50.763725,67.0
1814,50.774986,66.0
1815,50.85033,66.0
1816,51.00788,66.0
1817,51.437496,66.0
1818,51.871006,67.0
1819,52.572296,67.0
1820,52.89221,67.0
1821,52.89977,67.0
1822,52.70297,66.0
1823,52.834984,66.0
1824,53.108368,67.0
1825,53.1247,67.0
1826,53.0922,66.0
1827,53.101063,65.0
1828,53.005707,65.0
1829,53.024742,65.0
1830,53.02405,64.0
1831,53.002632,63.0
1832,52.96664,63.0
1833,52.96009,62.0
1834,52.929184,63.0
1835,52.907326,62.0
1836,52.882034,63.0
1837,52.869785,64.0
1838,52.920963,66.0
1839,53.24529,67.0
1840,53.74084,69.0
1841,54.221413,69.0
1842,54.531773,70.0
1843,55.169765,71.0
1844,55.54082,71.0
1845,55.386433,72.0
1846,55.167072,72.0
1847,55.122993,71.0
1848,55.098915,71.0
1849,55.3206,72.0
1850,55.40529,72.0
1851,55.38644,73.00000000000001
1852,55.398037,74.0
1853,55.450436,74.0
1854,55.422558,74.0
1855,55.404694,73.00000000000001
1856,55.401604,73.00000000000001
1857,55.485268,72.0
1858,55.485847,71.0
1859,55.570198,71.0
1860,55.65869,69.0
1861,55.700417,68.0
1862,55.724266,66.0
1863,55.680077,64.0
1864,55.45204,64.0
1865,55.51543,63.0
1866,55.418934,62.0
1867,55.70206,61.0
1868,55.785988,61.0
1869,56.139717,62.0
1870,56.242245,62.0
1871,56.38549,62.0
1872,56.393734,62.0
1873,56.22488,62.0
1874,56.20144,63.0
1875,56.249496,63.0
1876,56.2885,52.0
1877,56.271317,51.0
1878,56.205914,51.0
1879,56.02336,52.0
1880,55.803173,52.0
1881,55.673634,52.0
1882,55.52807,52.0
1883,55.476234,53.0
1884,55.47213,53.0
1885,55.520172,53.99999999999999
1886,55.559723,53.99999999999999
1887,55.65564,55.0
1888,56.01726,55.0
1889,56.078114,55.0
1890,55.913876,56.0
1891,55.563393,56.0
1892,55.193726,55.0
1893,55.049927,55.0
1894,55.018684,55.0
1895,55.053894,56.0
1896,55.151676,56.0
1897,55.172787,55.0
1898,55.096207,55.0
1899,55.212494,55.0
1900,55.093575,40.0
1901,54.854042,41.0
1902,54.76986,42.0
1903,54.77132,42.0
1904,54.637085,42.0
1905,54.50653,41.0
1906,54.494408,39.0
1907,54.32371,38.0
1908,54.02832,37.0
1909,53.955074,36.0
1910,54.089497,34.0
1911,54.129097,33.0
1912,54.027508,32.0
1913,53.906372,31.0
1914,53.575783,30.0
1915,53.39325,30.0
1916,53.156437,29.0
1917,52.831474,30.0
1918,52.3883,30.0
1919,51.845863,28.0
1920,51.257473,26.999999999999996
1921,50.912384,26.0
1922,50.466507,26.999999999999996
1923,50.090786,29.0
1924,49.860935,50.0
1925,49.66583,50.0
1926,49.54786,50.0
1927,49.42113,51.0
1928,49.27835,51.0
1929,49.150047,50.0
1930,48.819035,50.0
1931,48.411297,50.0
1932,48.142673,50.0
1933,47.952026,50.0
1934,47.865505,50.0
1935,47.914406,51.0
1936,48.378094,51.0
1937,48.979717,51.0
1938,49.744896,52.0
1939,50.339157,52.0
1940,50.95181,53.0
1941,51.704353,53.0
1942,52.310543,53.0
1943,52.91981,53.0
1944,53.2418,53.0
1945,53.30318,53.0
1946,53.25951,53.99999999999999
1947,53.19107,53.99999999999999
1948,53.179504,53.99999999999999
1949,53.04249,53.99999999999999
1950,52.927032,53.99999999999999
1951,52.872093,53.99999999999999
1952,52.828285,53.99999999999999
1953,52.77643,53.99999999999999
1954,52.727615,55.0
1955,52.71483,56.0
1956,52.683037,57.0
1957,52.65349,58.0
1958,52.65111,59.0
1959,52.693996,60.0
1960,52.966106,60.0
1961,53.057793,61.0
1962,53.332836,62.0
1963,53.324635,62.0
1964,53.26396,63.0
1965,53.323143,63.0
1966,53.409492,63.0
1967,53.216583,63.0
1968,53.156483,64.0
1969,53.217144,65.0
1970,53.431454,65.0
1971,53.58214,65.0
1972,53.470463,64.0
1973,53.484764,64.0
1974,53.507538,63.0
1975,53.531837,64.0
1976,53.59105,64.0
1977,53.624157,63.0
1978,53.630573,63.0
1979,53.65942,62.0
1980,53.649418,62.0
1981,53.65853,62.0
1982,53.681564,60.0
1983,53.743702,59.0
1984,53.76585,58.0
1985,53.981976,58.0
1986,54.220562,59.0
1987,54.151936,59.0
1988,53.89409,58.0
1989,53.516693,58.0
1990,53.184486,58.0
1991,52.837082,58.0
1992,52.294403,58.0
1993,51.791943,58.0
1994,51.85271,58.0
1995,51.578407,57.0
1996,51.466312,63.0
1997,51.490437,64.0
1998,51.509396,65.0
1999,51.50696,66.0
2000,51.5221,66.0
2001,51.47769,66.0
2002,51.555332,65.0
2003,51.51478,66.0
2004,51.56506,65.0
2005,51.552578,66.0
2006,51.617966,65.0
2007,51.275986,64.0
2008,50.857605,62.0
2009,50.967415,62.0
2010,51.16678,63.0
2011,51.765625,64.0
2012,52.70232,63.0
2013,52.796814,63.0
2014,53.18617,62.0
2015,53.573277,62.0
2016,53.8574,62.0
2017,54.046112,61.0
2018,54.02718,61.0
2019,54.02178,61.0
2020,53.936317,52.0
2021,53.956245,53.0
2022,53.973972,53.0
2023,53.994736,53.99999999999999
2024,54.001305,55.0
2025,54.019566,56.0
2026,54.02331,56.0
2027,54.030624,57.0
2028,54.049038,58.0
2029,54.07551,59.0
2030,54.095127,59.0
2031,54.087276,60.0
2032,54.09704,60.0
2033,54.12866,60.0
2034,54.229095,60.0
2035,54.31122,61.0
2036,54.424618,62.0
2037,54.53898,61.0
2038,54.2073,61.0
2039,54.09114,60.0
2040,54.09007,60.0
2041,54.09901,60.0
2042,54.127766,60.0
2043,54.165287,60.0
2044,54.159702,69.0
2045,54.16576,69.0
2046,54.127617,69.0
2047,54.088528,69.0
2048,54.056297,69.0
2049,54.042282,68.0
2050,54.0294,67.0
2051,53.756344,67.0
2052,53.44383,66.0
2053,53.238148,65.0
2054,53.03926,64.0
2055,53.103203,64.0
2056,53.284573,64.0
2057,53.562912,65.0
2058,53.87925,65.0
2059,54.201344,65.0
2060,54.52641,65.0
2061,54.800274,65.0
2062,54.9562,65.0
2063,55.068016,65.0
2064,55.135494,66.0
2065,55.403797,66.0
2066,55.434544,66.0
2067,55.460022,66.0
2068,55.441753,89.0
2069,55.33413,85.99999999999999
2070,55.21215,84.0
2071,55.102936,82.0
2072,55.054497,80.0
2073,54.95327,78.0
2074,54.97403,76.0
2075,54.986073,75.0
2076,55.03537,75.0
2077,55.05557,74.0
2078,55.06712,74.0
2079,55.08365,73.00000000000001
2080,55.087376,72.0
2081,55.053207,72.0
2082,55.03574,71.0
2083,55.106525,71.0
2084,54.988735,70.0
2085,54.64667,68.0
2086,54.650974,67.0
2087,54.750645,67.0
2088,54.84295,67.0
2089,54.824978,66.0
2090,54.516254,65.0
2091,54.539265,65.0
2092,54.624607,83.0
2093,54.64759,84.0
2094,54.681164,84.0
2095,54.739677,84.0
2096,54.76647,85.0
2097,54.786266,85.0
2098,54.786594,85.0
2099,54.7669,85.99999999999999
2100,54.743195,87.0
2101,54.73449,87.0
2102,54.86915,88.0
2103,55.11153,88.0
2104,55.33125,87.0
2105,55.931454,87.0
2106,56.265896,85.99999999999999
2107,56.48431,85.0
2108,56.445316,85.0
2109,56.832726,85.0
2110,57.31036,84.0
2111,57.238705,82.0
2112,56.778023,81.0
2113,56.61216,80.0
2114,56.56563,79.0
2115,56.476,79.0
2116,56.461998,51.0
2117,56.495445,49.0
2118,56.505875,46.0
2119,56.516987,44.0
2120,56.55336,48.0
2121,56.59991,51.0
2122,56.63187,51.0
2123,56.646355,52.0
2124,56.647324,53.0
2125,56.645676,53.99999999999999
2126,56.59543,55.0
2127,56.223553,56.0
2128,56.15799,56.0
2129,56.15455,56.0
2130,55.76666,57.0
2131,55.36385,57.0
2132,54.953358,57.0
2133,54.78052,57.0
2134,54.82324,56.0
2135,53.951443,56.0
2136,53.164646,56.0
2137,53.22315,56.0
2138,53.238827,56.0
2139,53.255585,56.0
2140,53.30509,56.0
2141,53.28664,56.0
2142,53.292103,55.0
2143,53.00103,55.0
2144,52.786507,53.99999999999999
2145,52.609516,53.99999999999999
2146,52.496746,53.0
2147,52.461205,53.0
2148,52.349667,53.0
2149,52.294586,53.99999999999999
2150,52.311325,53.0
2151,52.37852,53.99999999999999
2152,52.44161,53.0
2153,52.467083,53.0
2154,52.532444,53.99999999999999
2155,52.661213,55.0
2156,52.78256,55.0
2157,52.670464,53.99999999999999
2158,52.44468,53.99999999999999
2159,52.55774,53.99999999999999
2160,52.639835,53.0
2161,52.57186,53.0
2162,52.46952,52.0
2163,52.44129,51.0
2164,52.508266,56.0
2165,52.56821,55.0
2166,52.60512,53.99999999999999
2167,52.608063,53.99999999999999
2168,52.63145,53.99999999999999
2169,52.689404,55.0
2170,52.73334,56.0
2171,52.757515,57.0
2172,52.80572,58.0
2173,52.830326,59.0
2174,52.885994,59.0
2175,52.900208,60.0
2176,53.064014,61.0
2177,53.46353,59.0
2178,53.49659,60.0
2179,54.080215,61.0
2180,54.756195,61.0
2181,55.02602,61.0
2182,55.260704,62.0
2183,55.442417,63.0
2184,55.83248,63.0
2185,55.923035,65.0
2186,56.088505,65.0
2187,56.1235,66.0
2188,56.196552,67.0
2189,56.219692,67.0
2190,56.237732,68.0
2191,56.25735,68.0
2192,56.22518,67.0
2193,55.87844,67.0
2194,55.719967,66.0
2195,55.712177,65.0
2196,55.706482,64.0
2197,55.803307,64.0
2198,55.890965,64.0
2199,55.96097,63.0
2200,55.93887,62.0
2201,56.087395,63.0
2202,56.248634,62.0
2203,56.152725,62.0
2204,56.020508,61.0
2205,55.096157,62.0
2206,54.773445,62.0
2207,54.146538,61.0
2208,54.136017,61.0
2209,53.988052,59.0
2210,51.876923,59.0
2211,51.0073,59.0
2212,50.72979,59.0
2213,50.541504,58.0
2214,50.468315,58.0
2215,50.451336,58.0
2216,50.45679,59.0
2217,50.475746,61.0
2218,50.479065,62.0
2219,50.479973,63.0
2220,50.478718,64.0
2221,50.11026,66.0
2222,49.89598,66.0
2223,49.990902,67.0
2224,50.259346,66.0
2225,50.074036,67.0
2226,50.34677,68.0
2227,51.092632,68.0
2228,51.38383,68.0
2229,51.286396,67.0
2230,50.76894,67.0
2231,50.868095,67.0
2232,50.728947,68.0
2233,50.916,69.0
2234,51.03347,69.0
2235,51.07573,69.0
2236,51.023678,69.0
2237,50.995724,69.0
2238,50.986313,69.0
2239,50.91241,69.0
2240,50.92308,70.0
2241,50.922485,70.0
2242,50.9557,69.0
2243,50.979187,69.0
2244,51.05221,69.0
2245,51.148285,69.0
2246,51.250008,69.0
2247,51.382584,68.0
2248,51.462257,68.0
2249,51.656113,67.0
2250,51.97594,67.0
2251,52.303696,69.0
2252,53.23299,70.0
2253,53.753155,71.0
2254,53.61069,71.0
2255,53.297306,71.0
2256,53.49375,71.0
2257,53.083908,70.0
2258,52.291412,71.0
2259,52.184875,71.0
2260,52.28491,71.0
2261,52.410873,72.0
2262,52.462704,73.00000000000001
2263,52.496964,73.00000000000001
2264,52.378765,73.00000000000001
2265,52.385788,74.0
2266,52.409683,73.00000000000001
2267,52.42476,74.0
2268,52.448,73.00000000000001
2269,52.44874,73.00000000000001
2270,52.51358,73.00000000000001
2271,52.610954,74.0
2272,52.68551,75.0
2273,52.845985,76.0
2274,53.21224,76.0
2275,53.559086,74.0
2276,54.248814,72.0
2277,54.62049,72.0
2278,55.03104,72.0
2279,55.53442,72.0
2280,55.951374,72.0
2281,56.12025,72.0
2282,56.268147,72.0
2283,56.301983,72.0
2284,56.178238,73.00000000000001
2285,56.117157,73.00000000000001
2286,56.022915,73.00000000000001
2287,55.99938,74.0
2288,55.981674,74.0
2289,55.984352,74.0
2290,55.9754,75.0
2291,55.964424,75.0
2292,55.993946,75.0
2293,55.96426,74.0
2294,55.988586,73.00000000000001
2295,55.88129,73.00000000000001
2296,56.016953,73.00000000000001
2297,55.818867,73.00000000000001
2298,55.968174,73.00000000000001
2299,56.059498,74.0
2300,56.245552,75.0
2301,56.459057,76.0
2302,56.639202,76.0
2303,56.704647,77.0
2304,56.68963,77.0
2305,56.709194,77.0
2306,56.73439,77.0
2307,56.68079,77.0
2308,56.69546,76.0
2309,56.71316,76.0
2310,56.750477,75.0
2311,56.774677,74.0
2312,56.80786,74.0
2313,56.865654,74.0
2314,56.884125,73.00000000000001
2315,56.9245,74.0
2316,57.00104,75.0
2317,57.05163,75.0
2318,57.157417,77.0
2319,57.309063,78.0
2320,57.53339,79.0
2321,57.77832,79.0
2322,57.97132,78.0
2323,57.57856,77.0
2324,56.9702,76.0
2325,57.03332,87.0
2326,56.188107,87.0
2327,55.681755,84.0
2328,55.533054,84.0
2329,55.247387,77.0
2330,55.291225,77.0
2331,55.370724,76.0
2332,55.393986,76.0
2333,55.435307,75.0
2334,55.4507,74.0
2335,55.49229,75.0
2336,55.566746,74.0
2337,55.65137,74.0
2338,55.66771,74.0
2339,55.649395,73.00000000000001
2340,55.64631,72.0
2341,55.639618,73.00000000000001
2342,55.729347,74.0
2343,56.04141,74.0
2344,56.362144,74.0
2345,56.643177,74.0
2346,56.74823,75.0
2347,57.10208,77.0
2348,57.824917,77.0
2349,57.490425,79.0
2350,57.50529,80.0
2351,57.185146,81.0
2352,57.124878,81.0
2353,57.05582,81.0
2354,57.13399,80.0
2355,57.102726,80.0
2356,57.104187,80.0
2357,57.155544,81.0
2358,57.175888,82.0
2359,57.233917,82.0
2360,57.303616,82.0
2361,57.349785,82.0
2362,57.394577,82.0
2363,57.4468,83.0
2364,57.466915,83.0
2365,57.500053,83.0
2366,57.60562,82.0
2367,57.59724,80.0
2368,57.605682,79.0
2369,57.72628,79.0
2370,57.946907,80.0
2371,58.66701,79.0
2372,59.133514,79.0
2373,59.513508,78.0
2374,59.595768,78.0
2375,59.594593,76.0
2376,59.59773,76.0
2377,59.567978,76.0
2378,59.462822,76.0
2379,59.390156,76.0
2380,59.328224,76.0
2381,59.29858,76.0
2382,59.22685,76.0
2383,59.213192,76.0
2384,59.214176,75.0
2385,59.11439,75.0
2386,58.81593,75.0
2387,58.524635,74.0
2388,58.568512,74.0
2389,58.629276,74.0
2390,58.719326,76.0
2391,58.837124,76.0
2392,58.900486,77.0
2393,59.365307,77.0
2394,59.337868,76.0
2395,59.239574,76.0
2396,59.549824,75.0
2397,59.50568,76.0
2398,59.431267,75.0
2399,59.58619,75.0
2400,59.056496,74.0
2401,58.503433,74.0
2402,58.58069,74.0
2403,58.601456,74.0
2404,58.632298,73.00000000000001
2405,58.65672,72.0
2406,58.714684,72.0
2407,58.61367,72.0
2408,58.66521,72.0
2409,58.71211,72.0
2410,58.74836,72.0
2411,58.709076,72.0
2412,58.726704,71.0
2413,58.700912,70.0
2414,58.762356,70.0
2415,58.79015,71.0
2416,58.920532,69.0
2417,58.53143,70.0
2418,58.599926,72.0
2419,58.664154,73.00000000000001
2420,58.726627,73.00000000000001
2421,58.887554,73.00000000000001
2422,58.947414,73.00000000000001
2423,59.007282,73.00000000000001
2424,59.11189,73.00000000000001
2425,59.195385,74.0
2426,59.16836,75.0
2427,59.20327,76.0
2428,59.240948,76.0
2429,59.29146,78.0
2430,59.37975,78.0
2431,59.456024,78.0
2432,59.525394,78.0
2433,59.589935,78.0
2434,59.64926,78.0
2435,59.728085,78.0
2436,59.814766,79.0
2437,59.9002,80.0
2438,60.03831,79.0
2439,59.991127,78.0
2440,59.946598,80.0
2441,59.746468,79.0
2442,59.53366,77.0
2443,59.490536,77.0
2444,59.1695,75.0
2445,59.064762,74.0
2446,59.020184,74.0
2447,59.04909,73.00000000000001
2448,59.014107,73.00000000000001
2449,59.011932,72.0
2450,59.04598,72.0
2451,59.070892,72.0
2452,59.09776,71.0
2453,59.140163,71.0
2454,59.187008,71.0
2455,59.23668,71.0
2456,59.29432,70.0
2457,59.339928,70.0
2458,59.37226,69.0
2459,59.405045,69.0
2460,59.45704,68.0
2461,59.542854,68.0
2462,59.398785,68.0
2463,59.38666,67.0
2464,59.124268,66.0
2465,58.78334,66.0
2466,58.563168,66.0
2467,58.251633,65.0
2468,57.765633,65.0
2469,57.202843,65.0
2470,56.51897,65.0
2471,55.957344,64.0
2472,55.698444,64.0
2473,55.562874,63.0
2474,55.466156,63.0
2475,55.360134,63.0
2476,55.275406,62.0
2477,55.2259,62.0
2478,55.207283,62.0
2479,55.190525,63.0
2480,55.177444,63.0
2481,55.18406,63.0
2482,55.15351,63.0
2483,55.102406,63.0
2484,54.95076,62.0
2485,54.885296,60.0
2486,54.874905,60.0
2487,54.905,59.0
2488,54.847702,59.0
2489,54.36151,58.0
2490,54.09657,58.0
2491,54.027363,58.0
2492,53.860516,58.0
2493,53.7058,58.0
2494,53.346317,58.0
2495,53.086483,58.0
2496,53.016644,58.0
2497,52.97626,58.0
2498,52.813805,57.0
2499,52.67991,57.0
2500,52.553474,57.0
2501,52.539524,57.0
2502,52.54886,56.0
2503,52.548565,56.0
2504,52.528778,56.0
2505,52.50423,56.0
2506,52.49657,56.0
2507,52.503113,57.0
2508,52.503586,57.0
2509,52.504105,58.0
2510,52.51968,58.0
2511,52.558304,58.0
2512,52.612473,58.0
2513,52.713696,59.0
2514,52.823967,59.0
2515,52.90107,59.0
2516,53.07726,60.0
2517,52.827023,60.0
2518,52.85553,60.0
2519,52.440285,59.0
2520,52.061222,59.0
2521,51.915974,59.0
2522,51.747765,60.0
2523,51.76114,60.0
2524,51.769314,61.0
2525,51.748703,61.0
2526,51.73456,61.0
2527,51.69706,61.0
2528,51.666206,60.0
2529,51.653355,60.0
2530,51.669567,60.0
2531,51.677803,60.0
2532,51.69642,60.0
2533,51.69958,61.0
2534,51.73729,61.0
2535,51.86541,62.0
2536,51.936222,62.0
2537,51.58132,61.0
2538,51.430355,61.0
2539,51.056046,60.0
2540,50.91602,60.0
2541,50.737476,59.0
2542,50.54845,59.0
2543,50.25189,59.0
2544,49.910618,59.0
2545,49.808258,60.0
2546,49.81274,60.0
2547,49.901352,59.0
2548,49.917793,59.0
2549,49.90747,59.0
2550,49.912937,59.0
2551,49.89678,59.0
2552,49.85721,59.0
2553,49.838127,59.0
2554,49.84227,59.0
2555,49.848366,59.0
2556,49.853863,59.0
2557,49.872623,58.0
2558,49.953297,58.0
2559,50.09195,57.0
2560,50.242527,57.0
2561,50.159866,57.0
2562,50.175125,58.0
2563,50.010544,58.0
2564,50.36375,58.0
2565,50.789753,58.0
2566,50.860092,58.0
2567,51.057816,59.0
2568,51.34206,59.0
2569,51.43745,59.0
2570,51.423107,58.0
2571,51.390434,58.0
2572,51.377426,58.0
2573,51.365593,58.0
2574,51.390633,58.0
2575,51.387238,58.0
2576,51.376537,59.0
2577,51.321613,58.0
2578,51.200512,58.0
2579,51.205917,57.0
2580,51.229805,56.0
2581,51.245335,56.0
2582,51.101364,55.0
2583,51.04619,55.0
2584,51.050293,53.99999999999999
2585,50.88622,53.99999999999999
2586,50.914925,53.99999999999999
2587,50.741123,53.99999999999999
2588,50.72898,53.99999999999999
2589,50.989815,53.99999999999999
2590,51.151985,53.99999999999999
2591,51.178047,53.99999999999999
2592,51.28818,53.99999999999999
2593,51.344166,53.99999999999999
2594,51.387585,53.99999999999999
2595,51.3531,53.99999999999999
2596,51.176437,53.99999999999999
2597,51.00072,53.99999999999999
2598,50.736313,53.99999999999999
2599,50.46795,53.0
2600,49.97183,53.0
2601,49.538914,53.0
2602,49.403946,52.0
2603,49.208275,52.0
2604,48.996582,51.0
2605,48.80861,50.0
2606,48.88612,48.0
2607,48.986675,46.0
2608,49.05701,45.0
2609,49.29757,45.0
2610,49.594997,45.0
2611,50.101845,44.0
2612,50.385696,42.0
2613,49.711857,41.0
2614,49.180176,39.0
2615,48.677353,38.0
2616,48.432182,38.0
2617,48.519238,38.0
2618,48.39234,38.0
2619,48.339878,39.0
2620,48.217358,30.0
2621,48.042164,30.0
2622,47.960007,30.0
2623,47.870968,30.0
2624,47.738583,31.0
2625,47.627716,32.0
2626,47.579586,34.0
2627,47.570568,35.0
2628,47.554184,36.0
2629,47.54611,39.0
2630,47.49213,41.0
2631,47.41829,42.0
2632,47.32578,42.0
2633,47.299393,42.0
2634,47.163708,42.0
2635,47.040894,42.99999999999999
2636,47.0057,42.99999999999999
2637,46.721916,42.99999999999999
2638,46.716656,44.0
2639,46.606766,46.0
2640,46.243927,48.0
2641,46.00996,49.0
2642,45.80759,51.0
2643,45.62026,52.0
2644,45.634136,56.0
2645,45.724297,57.0
2646,45.838562,58.0
2647,45.90583,58.0
2648,45.93839,59.0
2649,45.98549,60.0
2650,45.9024,60.0
2651,45.770504,60.0
2652,45.53775,60.0
2653,45.40177,61.0
2654,45.476303,61.0
2655,45.740124,61.0
2656,45.93033,60.0
2657,46.267742,61.0
2658,47.290012,61.0
2659,48.8438,62.0
2660,50.208965,61.0
2661,51.145927,62.0
2662,51.876797,62.0
2663,52.63395,62.0
2664,53.21741,62.0
2665,53.592476,63.0
2666,53.99244,63.0
2667,54.031986,63.0
2668,54.072235,65.0
2669,54.02287,66.0
2670,53.891853,66.0
2671,53.751366,66.0
2672,53.62431,65.0
2673,53.50911,65.0
2674,53.47327,65.0
2675,53.421455,65.0
2676,53.390526,65.0
2677,53.358044,65.0
2678,53.396637,64.0
2679,53.423622,64.0
2680,53.696873,64.0
2681,54.06336,63.0
2682,54.164417,63.0
2683,54.25987,63.0
2684,54.4397,63.0
2685,54.519554,62.0
2686,54.579044,61.0
2687,54.55292,61.0
2688,54.641758,61.0
2689,54.622314,60.0
2690,54.61332,60.0
2691,54.619843,60.0
2692,54.665653,57.0
2693,54.36582,56.0
2694,54.21458,55.0
2695,54.171192,53.99999999999999
2696,54.187946,53.0
2697,54.292843,53.0
2698,54.43519,52.0
2699,54.5305,52.0
2700,54.57074,51.0
2701,54.637012,49.0
2702,54.741177,47.0
2703,54.676785,45.0
2704,54.627434,44.0
2705,54.70316,40.0
2706,54.465157,37.0
2707,54.273617,39.0
2708,54.700165,39.0
2709,54.768044,38.0
2710,54.618935,38.0
2711,54.884872,38.0
2712,54.731033,38.0
2713,54.585064,34.0
2714,54.370186,34.0
2715,54.11228,35.0
2716,54.07149,61.0
2717,53.970795,61.0
2718,53.91665,61.0
2719,53.88374,61.0
2720,53.847576,62.0
2721,53.802505,64.0
2722,53.74615,64.0
2723,53.65495,64.0
2724,53.587696,63.0
2725,53.50409,63.0
2726,53.435223,63.0
2727,53.267708,64.0
2728,53.1062,65.0
2729,53.230244,66.0
2730,53.54833,66.0
2731,53.763374,66.0
2732,54.12634,66.0
2733,54.415443,66.0
2734,54.469616,68.0
2735,54.814873,68.0
2736,54.995934,68.0
2737,55.10731,69.0
2738,55.162067,70.0
2739,55.205986,70.0
2740,55.238308,60.0
2741,55.169952,60.0
2742,55.146294,59.0
2743,55.148914,60.0
2744,55.198135,60.0
2745,55.23116,60.0
2746,55.262264,60.0
2747,55.302666,60.0
2748,55.335087,60.0
2749,55.372444,60.0
2750,55.403053,60.0
2751,55.474213,60.0
2752,55.564655,61.0
2753,55.623425,61.0
2754,55.366528,61.0
2755,55.20036,60.0
2756,54.957825,59.0
2757,54.808228,59.0
2758,54.675354,59.0
2759,54.61833,59.0
2760,54.556896,60.0
2761,54.523438,60.0
2762,54.47122,60.0
2763,54.456696,60.0
2764,54.458202,66.0
2765,54.481506,66.0
2766,54.503742,66.0
2767,54.54234,66.0
2768,54.55397,67.0
2769,54.56751,68.0
2770,54.569687,69.0
2771,54.57315,70.0
2772,54.56542,71.0
2773,54.543987,72.0
2774,54.551105,73.00000000000001
2775,54.584248,74.0
2776,54.61497,74.0
2777,54.846687,75.0
2778,55.063488,75.0
2779,55.21731,76.0
2780,55.39386,76.0
2781,55.55957,76.0
2782,55.834026,76.0
2783,56.239876,77.0
2784,56.426544,77.0
2785,56.464977,77.0
2786,56.547318,78.0
2787,56.5976,78.0
2788,56.6169,64.0
2789,56.599148,64.0
2790,56.614616,65.0
2791,56.620445,65.0
2792,56.604603,65.0
2793,56.59723,66.0
2794,56.62324,66.0
2795,56.63752,67.0
2796,56.6467,67.0
2797,56.63671,68.0
2798,56.632755,69.0
2799,56.608402,70.0
2800,56.607742,71.0
2801,56.601864,71.0
2802,56.72907,71.0
2803,56.38199,72.0
2804,56.275066,73.00000000000001
2805,55.957893,74.0
2806,56.27457,76.0
2807,56.47923,76.0
2808,56.389748,76.0
2809,56.2796,77.0
2810,56.063046,78.0
2811,55.925995,79.0
2812,55.91994,80.0
2813,55.91437,80.0
2814,55.95501,80.0
2815,55.942383,81.0
2816,55.936066,80.0
2817,55.928513,80.0
2818,55.903717,80.0
2819,55.901,80.0
2820,55.911747,79.0
2821,55.698784,80.0
2822,55.788757,80.0
2823,55.85804,80.0
2824,55.98891,81.0
2825,56.205383,81.0
2826,56.66546,83.0
2827,57.3547,84.0
2828,58.001045,85.0
2829,58.683193,87.0
2830,59.000004,97.0
2831,59.246002,104.0
2832,59.429455,101.0
2833,59.49859,96.0
2834,59.607346,97.0
2835,59.620377,97.0
2836,59.643215,56.0
2837,59.67471,55.0
2838,59.719757,56.0
2839,59.76412,56.0
2840,59.83021,55.0
2841,59.9107,53.99999999999999
2842,59.995678,53.99999999999999
2843,60.113724,53.0
2844,60.227493,53.0
2845,60.25418,52.0
2846,60.253258,52.0
2847,60.078625,51.0
2848,59.834908,51.0
2849,59.27409,51.0
2850,58.600746,51.0
2851,57.76166,51.0
2852,57.16916,50.0
2853,56.74394,51.0
2854,56.74649,52.0
2855,56.651764,52.0
2856,56.685036,52.0
2857,56.667427,51.0
2858,56.689247,51.0
2859,56.62033,51.0
2860,56.171482,50.0
2861,56.19709,48.0
2862,56.233147,49.0
2863,56.069195,49.0
2864,56.079033,50.0
2865,56.09829,51.0
2866,56.143303,51.0
2867,56.196484,51.0
2868,56.251205,52.0
2869,56.311287,52.0
2870,56.368446,53.0
2871,56.29841,53.0
2872,56.289474,53.0
2873,55.860332,53.99999999999999
2874,55.57378,53.99999999999999
2875,55.162888,53.0
2876,55.009235,52.0
2877,54.852512,52.0
2878,54.653976,52.0
2879,54.60721,52.0
2880,54.67374,52.0
2881,54.725502,52.0
2882,54.84707,52.0
2883,54.909233,52.0
2884,54.905632,55.0
2885,54.8966,56.0
2886,54.8759,56.0
2887,54.83702,57.0
2888,54.821575,58.0
2889,54.787918,58.0
2890,54.744434,59.0
2891,54.70535,60.0
2892,54.685112,59.0
2893,54.690514,59.0
2894,54.59327,58.0
2895,54.346134,58.0
2896,54.250114,57.0
2897,53.789112,58.0
2898,53.69703,58.0
2899,53.54631,58.0
2900,53.551224,58.0
2901,53.55592,58.0
2902,53.57323,57.0
2903,53.31534,57.0
2904,53.323044,58.0
2905,53.30822,59.0
2906,53.281364,60.0
2907,53.267113,60.0
2908,53.283108,60.0
2909,53.27362,60.0
2910,53.262074,61.0
2911,53.249214,61.0
2912,53.227608,61.0
2913,53.210884,61.0
2914,53.29224,60.0
2915,53.23087,59.0
2916,53.36492,59.0
2917,53.33133,59.0
2918,53.262054,60.0
2919,53.194183,61.0
2920,53.19723,62.0
2921,53.051144,62.0
2922,52.81058,62.0
2923,52.501488,61.0
2924,52.017937,61.0
2925,51.57274,60.0
2926,51.343662,60.0
2927,51.06248,60.0
2928,50.68689,59.0
2929,50.335392,58.0
2930,50.095165,58.0
2931,49.998913,57.0
2932,49.938972,57.0
2933,49.879494,56.0
2934,49.84528,56.0
2935,49.794514,55.0
2936,49.765194,55.0
2937,49.75465,55.0
2938,49.73664,56.0
2939,49.70044,56.0
2940,49.692135,57.0
2941,49.684956,57.0
2942,49.656754,57.0
2943,49.689625,56.0
2944,49.610886,56.0
2945,49.94186,57.0
2946,50.262672,58.0
2947,51.214848,59.0
2948,51.442406,59.0
2949,50.95441,59.0
2950,51.274635,59.0
2951,51.507946,59.0
2952,51.68907,60.0
2953,52.05072,60.0
2954,52.100082,61.0
2955,52.04272,61.0
2956,51.97733,62.0
2957,51.96384,62.0
2958,51.95371,63.0
2959,51.93492,64.0
2960,51.924637,64.0
2961,51.897263,65.0
2962,51.84306,65.0
2963,51.786636,66.0
2964,51.738064,66.0
2965,51.716476,67.0
2966,51.749687,67.0
2967,51.882805,68.0
2968,52.166965,68.0
2969,52.40409,67.0
2970,52.66941,68.0
2971,53.2343,67.0
2972,53.301647,69.0
2973,53.825523,69.0
2974,53.917007,69.0
2975,54.083508,70.0
2976,54.325054,70.0
2977,54.37037,71.0
2978,54.425858,72.0
2979,54.527737,74.0
2980,54.628834,74.0
2981,54.707317,75.0
2982,54.74591,76.0
2983,54.794308,76.0
2984,54.843323,77.0
2985,54.862255,77.0
2986,54.882477,78.0
2987,54.90687,78.0
2988,54.925056,79.0
2989,54.925728,79.0
2990,54.915657,80.0
2991,54.956024,80.0
2992,55.144886,79.0
2993,55.131344,79.0
2994,55.40212,78.0
2995,55.622314,78.0
2996,55.80976,77.0
2997,55.973175,77.0
2998,56.278008,76.0
2999,56.287533,76.0
3000,56.310627,76.0
3001,56.31581,75.0
3002,56.33181,74.0
3003,56.275352,73.00000000000001
3004,56.26879,72.0
3005,56.243923,71.0
3006,56.241554,71.0
3007,56.17407,70.0
3008,56.09214,68.0
3009,56.104527,66.0
3010,56.153137,65.0
3011,56.192616,63.0
3012,56.089382,62.0
3013,56.029083,60.0
3014,55.985497,59.0
3015,55.884872,58.0
3016,55.72009,58.0
3017,55.56415,57.0
3018,55.412144,57.0
3019,55.462826,57.0
3020,55.561623,57.0
3021,55.6947,57.0
3022,55.800667,57.0
3023,55.5108,58.0
3024,55.49211,58.0
3025,55.47666,58.0
3026,55.434364,58.0
3027,55.445473,58.0
3028,55.44666,57.0
3029,55.26803,57.0
3030,55.11939,56.0
3031,55.12977,56.0
3032,55.179188,56.0
3033,55.24153,56.0
3034,55.28321,56.0
3035,55.323475,56.0
3036,55.306484,57.0
3037,55.27905,56.0
3038,55.25201,57.0
3039,55.22199,57.0
3040,55.180706,57.0
3041,55.10648,58.0
3042,55.055267,59.0
3043,54.939823,60.0
3044,54.811623,61.0
3045,55.00213,61.0
3046,54.427216,61.0
3047,54.46329,61.0
3048,54.48978,60.0
3049,54.52914,60.0
3050,54.546936,59.0
3051,54.54035,59.0
3052,54.51386,58.0
3053,54.48266,59.0
3054,54.45419,58.0
3055,54.435364,58.0
3056,54.412334,58.0
3057,54.406773,58.0
3058,54.44946,58.0
3059,54.49975,58.0
3060,54.530193,58.0
3061,54.52131,58.0
3062,54.46906,57.0
3063,54.442047,57.0
3064,54.427017,57.0
3065,54.467724,56.0
3066,54.45322,53.99999999999999
3067,54.120163,53.0
3068,53.90979,53.0
3069,54.131798,53.0
3070,54.25187,52.0
3071,53.92151,52.0
3072,53.8256,52.0
3073,53.6704,53.0
3074,53.590298,53.0
3075,53.51967,53.99999999999999
3076,53.44362,53.99999999999999
3077,53.365234,55.0
3078,53.3163,55.0
3079,53.25752,56.0
3080,53.21657,56.0
3081,53.186348,57.0
3082,53.16983,58.0
3083,53.149044,59.0
3084,53.105736,59.0
3085,53.078346,60.0
3086,53.0814,62.0
3087,53.238346,63.0
3088,53.54086,63.0
3089,53.761234,63.0
3090,53.93128,64.0
3091,54.00227,64.0
3092,54.609695,64.0
3093,54.92501,64.0
3094,55.09045,65.0
3095,55.093468,65.0
3096,55.205822,65.0
3097,55.12836,65.0
3098,55.08302,65.0
3099,55.038315,65.0
3100,55.01678,65.0
3101,54.93533,65.0
3102,54.847076,65.0
3103,54.765057,65.0
3104,54.706043,65.0
3105,54.66612,65.0
3106,54.61998,65.0
3107,54.58428,66.0
3108,54.530533,65.0
3109,54.456287,66.0
3110,54.47632,65.0
3111,54.379536,64.0
3112,54.208416,63.0
3113,54.07306,63.0
3114,54.01952,63.0
3115,54.054146,63.0
3116,53.98332,62.0
3117,53.646458,63.0
3118,54.02998,63.0
3119,54.11854,62.0
3120,53.855865,61.0
3121,53.738583,62.0
3122,53.77183,62.0
3123,53.76629,63.0
3124,53.803814,63.0
3125,53.853977,63.0
3126,53.88629,64.0
3127,53.925762,64.0
3128,53.95058,64.0
3129,53.94702,64.0
3130,53.9658,65.0
3131,53.981834,65.0
3132,53.986294,66.0
3133,53.9738,66.0
3134,53.915993,66.0
3135,53.971416,66.0
3136,53.810726,67.0
3137,53.753613,66.0
3138,53.746494,66.0
3139,53.824947,66.0
3140,53.930084,66.0
3141,53.86239,65.0
3142,53.885277,65.0
3143,53.952053,66.0
3144,53.974545,67.0
3145,54.043015,67.0
3146,54.081352,67.0
3147,54.12481,67.0
3148,54.165794,68.0
3149,54.208565,68.0
3150,54.245293,68.0
3151,54.28049,67.0
3152,54.272274,68.0
3153,54.284523,67.0
3154,54.27608,67.0
3155,54.296036,67.0
3156,54.303753,67.0
3157,54.314476,66.0
3158,54.31571,67.0
3159,54.366577,68.0
3160,54.666958,69.0
3161,54.776466,69.0
3162,55.010815,69.0
3163,54.860325,70.0
3164,55.331963,70.0
3165,55.555626,71.0
3166,55.69897,70.0
3167,55.818394,70.0
3168,56.14411,69.0
3169,56.168602,69.0
3170,56.01909,68.0
3171,55.95327,68.0
3172,55.88641,68.0
3173,55.50242,68.0
3174,55.333294,68.0
3175,55.207584,68.0
3176,55.104366,68.0
3177,54.994186,68.0
3178,54.9236,68.0
3179,54.864532,68.0
3180,54.826027,68.0
3181,54.815132,68.0
3182,54.811996,69.0
3183,54.79615,68.0
3184,54.892113,68.0
3185,55.198017,68.0
3186,55.366898,69.0
3187,55.85131,68.0
3188,56.331802,68.0
3189,56.61837,68.0
3190,56.790215,68.0
3191,57.012688,67.0
3192,57.19,68.0
3193,57.58588,68.0
3194,57.445312,68.0
3195,57.44719,69.0
3196,57.485912,69.0
3197,57.533237,69.0
3198,57.54515,70.0
3199,57.567,70.0
3200,57.57195,71.0
3201,57.59427,72.0
3202,57.559296,72.0
3203,57.53578,72.0
3204,57.526215,72.0
3205,57.516666,72.0
3206,57.532272,72.0
3207,57.61562,72.0
3208,57.66315,72.0
3209,57.91953,72.0
3210,58.727253,72.0
3211,59.39709,72.0
3212,59.867706,73.00000000000001
3213,60.330933,73.00000000000001
3214,60.490124,73.00000000000001
3215,60.793427,73.00000000000001
3216,60.821564,73.00000000000001
3217,60.7128,74.0
3218,60.687115,74.0
3219,60.76465,74.0
3220,60.80192,73.00000000000001
3221,60.83322,74.0
3222,60.925167,74.0
3223,60.984848,74.0
3224,61.06021,74.0
3225,61.148277,75.0
3226,61.214794,75.0
3227,61.29179,75.0
3228,61.3897,76.0
3229,61.46504,76.0
3230,61.519524,75.0
3231,61.525875,75.0
3232,61.538704,75.0
3233,61.43561,76.0
3234,61.86222,76.0
3235,62.121628,76.0
3236,62.396366,76.0
3237,62.53981,76.0
3238,62.831974,76.0
3239,63.354973,76.0
3240,63.484005,76.0
3241,63.51556,76.0
3242,63.488365,75.0
3243,63.43332,76.0
3244,63.40423,76.0
3245,63.14025,76.0
3246,62.762806,75.0
3247,62.575996,74.0
3248,62.503468,74.0
3249,62.5314,74.0
3250,62.547993,74.0
3251,62.592533,74.0
3252,62.63005,74.0
3253,62.672554,74.0
3254,62.66093,75.0
3255,62.68874,76.0
3256,62.67322,77.0
3257,62.811684,76.0
3258,62.9801,76.0
3259,62.95711,77.0
3260,63.27432,78.0
3261,63.567062,79.0
3262,63.74073,79.0
3263,63.84746,80.0
3264,64.01996,80.0
3265,63.80886,81.0
3266,63.883987,81.0
3267,63.87022,81.0
3268,63.973415,82.0
3269,64.137054,83.0
3270,64.280426,83.0
3271,64.354706,83.0
3272,64.4709,83.0
3273,64.582306,84.0
3274,64.751335,85.0
3275,64.91267,85.0
3276,65.07322,85.0
3277,65.211205,85.0
3278,65.29106,85.99999999999999
3279,65.463974,85.99999999999999
3280,65.52856,85.0
3281,65.52303,85.0
3282,65.28443,85.0
3283,65.29099,85.0
3284,65.33939,85.0
3285,65.41894,85.0
3286,65.48333,85.0
3287,65.64343,85.0
3288,65.75294,87.0
3289,65.68493,87.0
3290,65.74729,88.0
3291,65.91115,88.0
3292,65.99228,87.0
3293,66.138016,85.99999999999999
3294,66.23523,87.0
3295,66.42428,87.0
3296,66.61475,88.0
3297,66.85449,88.0
3298,67.08304,87.0
3299,67.29618,87.0
3300,67.471695,87.0
3301,67.644936,87.0
3302,67.837456,85.99999999999999
3303,67.91476,85.0
3304,67.840385,85.99999999999999
3305,67.63268,85.99999999999999
3306,67.38597,85.99999999999999
3307,67.36537,85.0
3308,67.26748,85.0
3309,66.90959,84.0
3310,66.94245,85.0
3311,67.19067,84.0
3312,67.23929,83.0
3313,67.3856,84.0
3314,67.55986,83.0
3315,67.7115,83.0
3316,67.86442,82.0
3317,67.71266,81.0
3318,67.79387,80.0
3319,67.81579,79.0
3320,67.79869,77.0
3321,67.71622,75.0
3322,67.67269,74.0
3323,67.61142,73.00000000000001
3324,67.53948,71.0
3325,67.35856,70.0
3326,67.27425,71.0
3327,67.35476,71.0
3328,67.5192,70.0
3329,67.67746,70.0
3330,67.71085,71.0
3331,67.797195,71.0
3332,67.754425,71.0
3333,67.60797,71.0
3334,67.4065,70.0
3335,67.32133,69.0
3336,67.12839,68.0
3337,66.91312,68.0
3338,66.999825,67.0
3339,66.98201,66.0
3340,66.95498,40.0
3341,67.11117,42.0
3342,67.27879,42.99999999999999
3343,67.419876,44.0
3344,67.60955,46.0
3345,67.81401,46.0
3346,68.01914,48.0
3347,68.26079,49.0
3348,68.53516,49.0
3349,68.70422,50.0
3350,68.80393,50.0
3351,69.006615,50.0
3352,68.882996,52.0
3353,68.8839,52.0
3354,68.615906,52.0
3355,67.98912,52.0
3356,67.41326,52.0
3357,66.28786,53.0
3358,65.49999,53.0
3359,64.67728,53.0
3360,64.25281,53.0
3361,63.93689,53.0
3362,63.494102,53.0
3363,63.298054,53.0
3364,63.23902,52.0
3365,62.959747,53.0
3366,62.771664,53.0
3367,62.680622,53.0
3368,62.60607,53.99999999999999
3369,62.53598,53.99999999999999
3370,62.41205,53.99999999999999
3371,62.31306,53.99999999999999
3372,62.214474,53.0
3373,62.133564,53.0
3374,61.945007,53.0
3375,61.775066,53.0
3376,61.5674,53.99999999999999
3377,61.285927,53.99999999999999
3378,60.483627,53.99999999999999
3379,59.989212,53.99999999999999
3380,59.399395,53.99999999999999
3381,58.852367,53.99999999999999
3382,58.44785,55.0
3383,58.118332,55.0
3384,57.916325,56.0
3385,57.46857,56.0
3386,57.309685,56.0
3387,57.223732,55.0
3388,57.212135,62.0
3389,57.2134,62.0
3390,57.1741,62.0
3391,57.119366,62.0
3392,57.035698,61.0
3393,56.777367,61.0
3394,56.488667,61.0
3395,56.1777,61.0
3396,55.858368,61.0
3397,55.571968,61.0
3398,55.49625,61.0
3399,55.504467,62.0
3400,55.72785,62.0
3401,56.16536,62.0
3402,56.65527,61.0
3403,56.674053,60.0
3404,56.859344,60.0
3405,57.30339,60.0
3406,57.783993,60.0
3407,57.842144,60.0
3408,57.729786,60.0
3409,57.57659,61.0
3410,57.56615,62.0
3411,57.62841,61.0
3412,57.559868,60.0
3413,57.584133,60.0
3414,57.620995,60.0
3415,57.636936,60.0
3416,57.641685,60.0
3417,57.64582,60.0
3418,57.679752,60.0
3419,57.68685,60.0
3420,57.708412,59.0
3421,57.725723,58.0
3422,57.362892,57.0
3423,56.96656,57.0
3424,56.612946,56.0
3425,56.314312,56.0
3426,56.082817,56.0
3427,55.964104,56.0
3428,56.06203,56.0
3429,55.966244,57.0
3430,55.83724,57.0
3431,55.735146,57.0
3432,55.748146,57.0
3433,55.795883,57.0
3434,55.82871,57.0
3435,55.88133,57.0
3436,55.940002,36.0
3437,55.865078,38.0
3438,55.81449,39.0
3439,55.75598,42.99999999999999
3440,55.75827,46.0
3441,55.7564,47.0
3442,55.730103,49.0
3443,55.71184,51.0
3444,55.715256,52.0
3445,55.705635,52.0
3446,55.695435,52.0
3447,55.793396,53.0
3448,55.958748,53.0
3449,55.990746,53.0
3450,56.280544,53.99999999999999
3451,56.053753,53.0
3452,56.326847,53.0
3453,56.242176,53.0
3454,56.5005,53.0
3455,56.55501,53.0
3456,56.403133,53.0
3457,56.08428,53.99999999999999
3458,55.999218,53.99999999999999
3459,55.88222,53.0
3460,55.76904,70.0
3461,55.75886,72.0
3462,55.789875,71.0
3463,55.692944,70.0
3464,55.761494,69.0
3465,55.761658,68.0
3466,55.713215,68.0
3467,55.693222,67.0
3468,55.71499,68.0
3469,55.6781,68.0
3470,55.651863,68.0
3471,55.483883,67.0
3472,55.447533,67.0
3473,55.591465,66.0
3474,55.46556,66.0
3475,55.676746,66.0
3476,56.04526,66.0
3477,56.043873,67.0
3478,56.243088,66.0
3479,56.552593,66.0
3480,56.628475,65.0
3481,56.73026,65.0
3482,56.817314,65.0
3483,56.839325,65.0
3484,56.9466,60.0
3485,56.91758,60.0
3486,56.890396,60.0
3487,56.900898,60.0
3488,56.95043,59.0
3489,56.978073,59.0
3490,57.005398,59.0
3491,57.03597,59.0
3492,57.078148,59.0
3493,57.076595,58.0
3494,57.05476,58.0
3495,56.981735,57.0
3496,56.8741,57.0
3497,56.851364,58.0
3498,56.827515,58.0
3499,56.884697,59.0
3500,56.88828,60.0
3501,56.799812,60.0
3502,56.58834,60.0
3503,56.57576,61.0
3504,56.513218,61.0
3505,56.48831,62.0
3506,56.52015,63.0
3507,56.531765,63.0
3508,56.52827,78.0
3509,56.565548,79.0
3510,56.642532,79.0
3511,56.70246,80.0
3512,56.752674,80.0
3513,56.798836,81.0
3514,56.856457,81.0
3515,56.913185,82.0
3516,56.955574,83.0
3517,56.97481,83.0
3518,56.999928,84.0
3519,57.06015,83.0
3520,56.99285,83.0
3521,56.754047,83.0
3522,56.73627,82.0
3523,56.636673,82.0
3524,56.85454,82.0
3525,57.10366,81.0
3526,57.213364,81.0
3527,57.22037,81.0
3528,57.149757,80.0
3529,57.069695,79.0
3530,57.030415,79.0
3531,57.05011,79.0
3532,57.01047,80.0
3533,56.69374,80.0
3534,56.796806,81.0
3535,56.85954,82.0
3536,56.924088,83.0
3537,56.939186,84.0
3538,57.072063,85.0
3539,57.149544,85.99999999999999
3540,57.235096,87.0
3541,57.28288,89.0
3542,57.44323,91.0
3543,57.699852,92.0
3544,57.81881,92.0
3545,57.684494,93.0
3546,57.568913,93.0
3547,57.532383,93.0
3548,57.565952,93.0
3549,56.98913,92.0
3550,56.78774,91.0
3551,56.567497,91.0
3552,55.83371,91.0
3553,54.771515,90.0
3554,54.71661,88.0
3555,54.520294,87.0
3556,54.409748,98.0
3557,54.527775,98.0
3558,54.627472,99.0
3559,54.73023,106.0
3560,54.79615,111.0
3561,54.85511,124.0
3562,54.92419,132.0
3563,54.963757,135.0
3564,54.98149,139.0
3565,55.01345,143.0
3566,55.176945,151.0
3567,55.543922,152.0
3568,56.222332,152.0
3569,56.97652,152.0
3570,58.09013,151.0
3571,58.62883,151.0
3572,59.338093,151.0
3573,59.77185,148.0
3574,59.73703,137.0
3575,59.751736,125.0
3576,58.034126,119.0
3577,56.893772,113.0
3578,56.832035,118.0
3579,56.791496,124.0
3580,56.81657,50.0
3581,56.740288,51.0
3582,56.683083,52.0
3583,56.198677,52.0
3584,55.895878,52.0
3585,55.900524,52.0
3586,55.891533,53.0
3587,55.88917,53.0
3588,55.900936,53.99999999999999
3589,55.89974,53.99999999999999
3590,55.928722,55.0
3591,55.936005,55.0
3592,55.93407,55.0
3593,55.523888,55.0
3594,55.228306,56.0
3595,54.67585,56.0
3596,54.311115,57.0
3597,54.191666,58.0
3598,54.192207,58.0
3599,54.138622,59.0
3600,54.090107,59.0
3601,54.075184,60.0
3602,54.088825,61.0
3603,54.094658,61.0
3604,54.09864,52.0
3605,54.096134,53.0
3606,54.11251,53.0
3607,54.097713,53.0
3608,54.08427,53.0
3609,54.081818,53.0
3610,54.091396,53.0
3611,54.110733,53.0
3612,54.12829,53.0
3613,54.12891,52.0
3614,54.12601,52.0
3615,54.045044,52.0
3616,54.061134,52.0
3617,53.92911,50.0
3618,53.69439,48.0
3619,53.431087,45.0
3620,53.155506,47.0
3621,53.18804,51.0
3622,52.960262,52.0
3623,52.78848,53.0
3624,52.605106,53.0
3625,52.26518,53.0
3626,52.230453,53.0
3627,52.062557,53.0
3628,52.027798,66.0
3629,52.060654,66.0
3630,52.071495,66.0
3631,52.067635,67.0
3632,52.069756,67.0
3633,52.05458,67.0
3634,52.021534,67.0
3635,51.99127,67.0
3636,51.95696,67.0
3637,51.928177,67.0
3638,51.96634,68.0
3639,52.108635,68.0
3640,52.345615,69.0
3641,52.703304,69.0
3642,53.057217,70.0
3643,53.41606,71.0
3644,53.875546,72.0
3645,54.11168,73.00000000000001
3646,54.127224,74.0
3647,54.299786,75.0
3648,54.46388,76.0
3649,54.52462,76.0
3650,54.567722,77.0
3651,54.596817,77.0
3652,54.618378,77.0
3653,54.6416,77.0
3654,54.654724,77.0
3655,54.655376,76.0
3656,54.629917,75.0
3657,54.538635,74.0
3658,54.583397,73.00000000000001
3659,54.603397,72.0
3660,54.573395,72.0
3661,54.548244,71.0
3662,54.523888,71.0
3663,54.511932,70.0
3664,54.521404,69.0
3665,54.555847,69.0
3666,54.599426,68.0
3667,54.322124,67.0
3668,54.111515,66.0
3669,53.922344,65.0
3670,53.56744,64.0
3671,53.354294,62.0
3672,53.04941,61.0
3673,52.901073,60.0
3674,52.724827,59.0
3675,52.451107,58.0
3676,52.22296,57.0
3677,52.092342,56.0
3678,52.003746,55.0
3679,51.947773,55.0
3680,51.879055,55.0
3681,51.820053,55.0
3682,51.773727,55.0
3683,51.74316,56.0
3684,51.72765,56.0
3685,51.704994,57.0
3686,51.693382,57.0
3687,51.61127,57.0
3688,51.523594,58.0
3689,51.596188,58.0
3690,51.456894,58.0
3691,51.54728,59.0
3692,51.41463,59.0
3693,51.257706,60.0
3694,51.364685,61.0
3695,51.33103,77.0
3696,51.18292,87.0
3697,51.253124,84.0
3698,51.305027,64.0
3699,51.375755,64.0
3700,51.384174,65.0
3701,51.382076,65.0
3702,51.410156,66.0
3703,51.493866,67.0
3704,51.53982,68.0
3705,51.585976,70.0
3706,51.62986,70.0
3707,51.656,71.0
3708,51.689037,72.0
3709,51.676792,72.0
3710,51.720905,73.00000000000001
3711,51.87905,74.0
3712,52.048992,74.0
3713,52.277493,74.0
3714,52.532295,75.0
3715,52.709522,75.0
3716,53.083683,75.0
3717,53.281635,75.0
3718,53.40294,74.0
3719,53.410107,74.0
3720,53.391495,74.0
3721,53.28205,74.0
3722,53.15636,74.0
3723,53.066113,74.0
3724,53.11024,74.0
3725,53.078957,74.0
3726,53.080425,74.0
3727,53.07039,74.0
3728,53.05619,73.00000000000001
3729,53.076637,73.00000000000001
3730,53.14157,72.0
3731,53.21772,72.0
3732,53.259182,71.0
3733,53.214855,70.0
3734,53.17847,68.0
3735,53.13987,67.0
3736,53.13568,67.0
3737,53.13958,66.0
3738,53.099133,66.0
3739,53.050083,66.0
3740,52.857056,66.0
3741,52.55948,66.0
3742,52.5509,66.0
3743,52.540234,66.0
3744,52.184036,65.0
3745,51.984665,65.0
3746,51.83883,65.0
3747,51.74054,64.0
3748,51.649445,63.0
3749,51.599102,63.0
3750,51.56019,62.0
3751,51.526073,62.0
3752,51.5022,61.0
3753,51.489063,62.0
3754,51.45087,62.0
3755,51.445,63.0
3756,51.418106,63.0
3757,51.392822,64.0
3758,51.13855,66.0
3759,50.909683,67.0
3760,50.971893,68.0
3761,51.06131,67.0
3762,51.099834,67.0
3763,51.043392,67.0
3764,50.819263,67.0
3765,50.68595,66.0
3766,50.836914,66.0
3767,51.09254,67.0
3768,51.335114,68.0
3769,51.515896,68.0
3770,51.64876,69.0
3771,51.672665,70.0
3772,51.685253,71.0
3773,51.72004,71.0
3774,51.770176,72.0
3775,51.810738,72.0
3776,51.783356,72.0
3777,51.77112,72.0
3778,51.745186,71.0
3779,51.71495,71.0
3780,51.687336,70.0
3781,51.65106,70.0
3782,51.64285,69.0
3783,51.76638,69.0
3784,51.970818,68.0
3785,51.68226,68.0
3786,51.55845,68.0
3787,51.412025,68.0
3788,51.4132,68.0
3789,51.499767,68.0
3790,51.84466,68.0
3791,52.05206,68.0
3792,52.060436,67.0
3793,52.13033,67.0
3794,52.147785,67.0
3795,52.13577,66.0
3796,52.131615,66.0
3797,52.140854,66.0
3798,52.12635,66.0
3799,52.1002,66.0
3800,52.076706,65.0
3801,51.998135,64.0
3802,51.702953,64.0
3803,51.551903,63.0
3804,51.587368,62.0
3805,51.654663,62.0
3806,51.69034,61.0
3807,51.790493,60.0
3808,51.872158,61.0
3809,51.821312,61.0
3810,51.973255,61.0
3811,51.790623,61.0
3812,51.717384,61.0
3813,51.846767,61.0
3814,51.907475,61.0
3815,51.912132,61.0
3816,51.959167,61.0
3817,51.953144,61.0
3818,51.935444,61.0
3819,51.930542,62.0
3820,51.9302,61.0
3821,51.911705,61.0
3822,51.897335,61.0
3823,51.884865,61.0
3824,51.85788,61.0
3825,51.825302,62.0
3826,51.803112,62.0
3827,51.762753,63.0
3828,51.731056,63.0
3829,51.688118,64.0
3830,51.65885,64.0
3831,51.638203,65.0
3832,51.637054,66.0
3833,51.63269,66.0
3834,51.613037,67.0
3835,51.512554,67.0
3836,51.657074,66.0
3837,51.79571,66.0
3838,51.84893,66.0
3839,51.892326,67.0
3840,51.959663,67.0
3841,51.961777,67.0
3842,51.99133,66.0
3843,52.025654,66.0
3844,52.018726,65.0
3845,51.99878,65.0
3846,51.970005,65.0
3847,51.940132,65.0
3848,51.93462,65.0
3849,51.95996,65.0
3850,51.99987,65.0
3851,52.03481,65.0
3852,52.03792,65.0
3853,52.005466,65.0
3854,51.850243,64.0
3855,51.880184,64.0
3856,51.719795,65.0
3857,51.785927,65.0
3858,51.844536,66.0
3859,51.935955,67.0
3860,52.132282,68.0
3861,52.391705,70.0
3862,52.713642,70.0
3863,52.886784,70.0
3864,53.11836,72.0
3865,53.244843,73.00000000000001
3866,53.33637,75.0
3867,53.471455,76.0
3868,53.541687,77.0
3869,53.588554,79.0
3870,53.59585,80.0
3871,53.617664,81.0
3872,53.655296,82.0
3873,53.708782,83.0
3874,53.7351,85.0
3875,53.750782,85.99999999999999
3876,53.75112,87.0
3877,53.74034,88.0
3878,53.759914,88.0
3879,53.80386,88.0
3880,53.909634,88.0
3881,54.198605,88.0
3882,54.190304,88.0
3883,54.28153,87.0
3884,54.541958,88.0
3885,55.106243,87.0
3886,55.715015,88.0
3887,56.126575,87.0
3888,56.45738,85.99999999999999
3889,56.635952,85.0
3890,56.675858,85.0
3891,56.742157,84.0
3892,56.770596,84.0
3893,56.793232,83.0
3894,56.8524,84.0
3895,56.91496,84.0
3896,56.965324,83.0
3897,56.996826,83.0
3898,57.010242,83.0
3899,57.038074,84.0
3900,57.069126,84.0
3901,57.080025,84.0
3902,57.128628,84.0
3903,57.154896,85.0
3904,57.289127,85.0
3905,57.247368,85.99999999999999
3906,57.508957,85.99999999999999
3907,57.59826,85.99999999999999
3908,57.58981,85.0
3909,57.640244,85.0
3910,57.733425,85.99999999999999
3911,57.8,85.99999999999999
3912,57.86269,85.99999999999999
3913,57.29628,87.0
3914,57.46163,87.0
3915,56.929886,87.0
3916,56.115444,87.0
3917,56.282143,88.0
3918,56.4169,88.0
3919,56.44575,88.0
3920,56.505127,88.0
3921,56.52752,89.0
3922,56.57767,90.0
3923,56.621838,90.0
3924,56.678112,90.0
3925,56.71413,90.0
3926,56.78995,90.0
3927,56.9502,91.0
3928,57.15151,91.0
3929,57.268402,91.0
3930,57.30588,90.0
3931,57.162766,90.0
3932,57.0816,90.0
3933,57.10211,90.0
3934,57.25944,90.0
3935,57.20202,89.0
3936,57.23573,89.0
3937,57.255394,89.0
3938,57.25038,89.0
3939,57.363842,88.0
3940,57.33007,88.0
3941,57.367496,87.0
3942,57.37919,87.0
3943,57.408085,85.99999999999999
3944,57.41755,85.0
3945,57.42807,84.0
3946,57.551487,84.0
3947,57.603397,83.0
3948,57.637527,82.0
3949,57.649536,82.0
3950,57.63685,81.0
3951,57.531445,80.0
3952,57.361576,79.0
3953,57.108173,78.0
3954,57.135456,78.0
3955,57.19588,77.0
3956,57.190113,76.0
3957,57.01461,76.0
3958,56.899284,75.0
3959,56.58189,75.0
3960,56.40622,75.0
3961,56.288082,74.0
3962,56.276024,74.0
3963,56.311966,74.0
3964,56.354885,74.0
3965,56.41345,73.00000000000001
3966,56.35331,74.0
3967,56.346355,74.0
3968,56.36505,74.0
3969,56.38552,73.00000000000001
3970,56.39898,73.00000000000001
3971,56.406315,72.0
3972,56.39183,73.00000000000001
3973,56.415802,73.00000000000001
3974,56.57444,74.0
3975,56.770462,75.0
3976,56.89551,77.0
3977,56.938725,77.0
3978,56.57331,78.0
3979,56.585144,79.0
3980,56.665707,78.0
3981,56.017242,78.0
3982,56.0705,79.0
3983,56.07048,79.0
3984,56.057106,79.0
3985,56.02959,79.0
3986,56.00443,79.0
3987,55.955006,78.0
3988,55.93116,78.0
3989,55.946808,78.0
3990,55.946136,77.0
3991,55.931435,77.0
3992,55.913612,77.0
3993,55.90461,76.0
3994,55.89763,77.0
3995,55.919846,77.0
3996,55.913506,77.0
3997,55.881523,76.0
3998,55.797134,76.0
3999,55.79054,76.0
4000,55.79172,75.0
4001,55.761086,76.0
4002,55.48428,75.0
4003,54.986935,73.00000000000001
4004,54.579018,74.0
4005,54.33902,74.0
4006,54.286297,73.00000000000001
4007,54.056232,73.00000000000001
4008,54.01396,73.00000000000001
4009,54.033943,73.00000000000001
4010,53.954357,73.00000000000001
4011,53.947002,73.00000000000001
4012,53.893063,73.00000000000001
4013,53.850327,73.00000000000001
4014,53.828976,73.00000000000001
4015,53.81488,72.0
4016,53.793236,72.0
4017,53.78642,72.0
4018,53.76827,72.0
4019,53.750736,71.0
4020,53.734997,71.0
4021,53.705097,70.0
4022,53.75455,70.0
4023,53.889923,70.0
4024,54.15807,70.0
4025,54.35549,69.0
4026,54.368927,69.0
4027,54.38757,69.0
4028,53.89336,70.0
4029,54.112015,70.0
4030,54.395706,72.0
4031,54.498146,72.0
4032,53.959152,72.0
4033,53.911755,72.0
4034,53.94308,73.00000000000001
4035,53.678005,74.0
4036,53.765057,75.0
4037,53.84506,75.0
4038,53.720425,75.0
4039,53.72411,74.0
4040,53.74967,73.00000000000001
4041,53.894897,72.0
4042,53.867172,72.0
4043,53.83164,71.0
4044,53.872574,71.0
4045,53.87592,71.0
4046,53.887596,69.0
4047,53.834343,69.0
4048,53.871487,68.0
4049,53.894993,68.0
4050,53.903698,67.0
4051,53.868347,68.0
4052,53.957714,68.0
4053,54.349754,68.0
4054,54.788986,68.0
4055,55.13942,68.0
4056,55.305748,68.0
4057,54.53876,68.0
4058,53.876053,68.0
4059,53.72311,67.0
4060,53.661385,67.0
4061,53.618645,67.0
4062,53.61453,68.0
4063,53.639313,68.0
4064,53.675323,68.0
4065,53.788933,69.0
4066,53.832577,69.0
4067,53.83932,69.0
4068,53.873966,69.0
4069,53.9378,69.0
4070,54.005054,69.0
4071,54.042557,69.0
4072,54.071045,70.0
4073,54.230976,71.0
4074,54.389046,71.0
4075,54.56174,71.0
4076,54.733387,71.0
4077,55.013077,71.0
4078,55.394325,71.0
4079,55.741447,71.0
4080,55.964725,71.0
4081,56.19106,71.0
4082,56.30569,71.0
4083,56.40267,71.0
4084,56.455864,53.0
4085,56.423733,53.99999999999999
4086,56.41953,53.99999999999999
4087,56.42783,55.0
4088,56.455814,55.0
4089,56.479874,56.0
4090,56.486748,56.0
4091,56.486275,56.0
4092,56.523216,56.0
4093,56.572357,56.0
4094,56.585083,56.0
4095,56.609787,57.0
4096,56.61865,56.0
4097,56.422222,56.0
4098,56.05957,55.0
4099,56.10011,53.99999999999999
4100,55.33818,55.0
4101,55.20416,57.0
4102,55.383213,57.0
4103,55.041134,57.0
4104,54.71947,57.0
4105,54.69919,57.0
4106,54.734158,56.0
4107,54.667088,57.0
4108,54.683277,53.99999999999999
4109,54.720093,53.99999999999999
4110,54.61205,53.99999999999999
4111,54.606266,53.99999999999999
4112,54.49582,53.0
4113,54.38962,53.0
4114,54.15849,52.0
4115,54.130547,53.0
4116,53.95527,52.0
4117,53.717953,52.0
4118,53.47971,52.0
4119,53.356144,52.0
4120,53.255474,52.0
4121,53.212936,52.0
4122,53.19665,52.0
4123,53.17283,53.0
4124,53.14004,53.0
4125,53.10805,53.0
4126,52.77954,53.0
4127,52.668434,52.0
4128,52.537113,52.0
4129,52.5125,52.0
4130,52.51239,53.0
4131,52.495007,53.0
4132,52.46552,61.0
4133,52.48463,61.0
4134,52.485714,60.0
4135,52.344994,60.0
4136,51.955074,59.0
4137,51.452168,59.0
4138,50.828587,58.0
4139,50.167786,58.0
4140,49.681396,58.0
4141,49.354347,58.0
4142,49.371765,57.0
4143,49.121292,57.0
4144,48.29469,56.0
4145,47.29522,55.0
4146,46.63966,55.0
4147,45.783703,55.0
4148,45.001915,55.0
4149,44.91206,55.0
4150,45.455956,53.99999999999999
4151,45.90778,53.99999999999999
4152,45.8673,53.0
4153,45.822765,51.0
4154,45.56659,46.0
4155,45.414345,42.99999999999999
4156,45.201332,56.0
4157,45.26127,55.0
4158,45.33008,55.0
4159,45.415066,55.0
4160,45.53489,55.0
4161,45.675728,53.99999999999999
4162,45.824028,53.99999999999999
4163,45.95451,53.99999999999999
4164,46.000072,53.0
4165,46.080574,53.99999999999999
4166,46.004204,55.0
4167,45.91627,55.0
4168,45.784508,53.99999999999999
4169,45.638283,53.99999999999999
4170,45.457096,53.0
4171,44.82345,52.0
4172,44.56813,52.0
4173,44.589787,51.0
4174,44.566925,52.0
4175,44.81773,52.0
4176,44.883377,52.0
4177,45.08722,53.0
4178,44.904552,53.0
4179,44.823387,53.0
4180,44.90505,53.0
4181,44.955917,53.0
4182,44.81332,52.0
4183,44.71676,52.0
4184,44.69076,51.0
4185,44.668213,51.0
4186,44.516384,51.0
4187,44.301743,49.0
4188,44.146736,47.0
4189,44.196922,45.0
4190,43.94875,45.0
4191,44.123875,45.0
4192,44.57628,44.0
4193,45.063297,44.0
4194,45.698864,45.0
4195,46.147755,44.0
4196,46.812256,45.0
4197,47.174706,47.0
4198,48.185917,48.0
4199,48.781464,49.0
4200,49.194798,50.0
4201,49.19259,51.0
4202,49.35682,52.0
4203,49.487286,53.0
4204,49.58077,64.0
4205,49.6516,63.0
4206,49.687817,63.0
4207,49.695118,64.0
4208,49.747475,66.0
4209,49.807674,67.0
4210,49.883934,69.0
4211,49.929672,70.0
4212,49.92242,72.0
4213,49.94541,71.0
4214,50.06158,72.0
4215,50.225742,72.0
4216,50.42707,72.0
4217,50.726242,72.0
4218,50.93246,73.00000000000001
4219,51.47003,72.0
4220,51.85826,72.0
4221,52.02041,72.0
4222,52.222626,71.0
4223,52.434727,71.0
4224,52.623528,71.0
4225,52.76844,71.0
4226,52.80101,71.0
4227,52.841084,69.0
4228,52.79796,64.0
4229,52.836063,64.0
4230,52.862137,64.0
4231,52.880962,65.0
4232,52.882862,65.0
4233,52.89051,65.0
4234,52.87641,66.0
4235,52.727818,66.0
4236,52.631042,65.0
4237,52.472908,64.0
4238,52.472218,64.0
4239,52.44474,63.0
4240,52.066612,63.0
4241,52.066917,62.0
4242,52.07038,61.0
4243,52.192883,60.0
4244,52.18,59.0
4245,52.23288,59.0
4246,52.507175,59.0
4247,52.671364,59.0
4248,52.947098,59.0
4249,53.049126,59.0
4250,53.105175,59.0
4251,53.17626,59.0
4252,53.231453,78.0
4253,53.231808,78.0
4254,53.23607,77.0
4255,53.235542,76.0
4256,53.21987,76.0
4257,53.195164,75.0
4258,53.16475,74.0
4259,53.14689,74.0
4260,53.151417,73.00000000000001
4261,53.130005,73.00000000000001
4262,53.13841,72.0
4263,53.260723,72.0
4264,53.434414,72.0
4265,53.71081,71.0
4266,53.92712,71.0
4267,54.155666,71.0
4268,54.340214,71.0
4269,54.35206,71.0
4270,54.579536,71.0
4271,54.695232,71.0
4272,54.697426,71.0
4273,54.71055,72.0
4274,54.80416,71.0
4275,54.85187,71.0
4276,54.872086,87.0
4277,54.77918,87.0
4278,54.722076,85.99999999999999
4279,54.665062,85.99999999999999
4280,54.634747,85.99999999999999
4281,54.61704,85.0
4282,54.597584,84.0
4283,54.582882,83.0
4284,54.551926,83.0
4285,54.545372,81.0
4286,54.5617,79.0
4287,54.611794,79.0
4288,54.791145,79.0
4289,54.5624,79.0
4290,54.610096,79.0
4291,55.037853,79.0
4292,55.33815,79.0
4293,55.05365,79.0
4294,54.936756,79.0
4295,54.93284,78.0
4296,54.959476,77.0
4297,54.990463,76.0
4298,54.993725,77.0
4299,54.98625,77.0
4300,54.97533,123.0
4301,54.984524,122.0
4302,55.122543,122.0
4303,55.19164,119.0
4304,55.271904,123.0
4305,55.33221,118.0
4306,55.397858,116.0
4307,55.426464,114.0
4308,55.466663,110.0
4309,55.471466,105.0
4310,55.62953,100.0
4311,55.93189,98.0
4312,56.375793,97.0
4313,56.527237,96.0
4314,56.46639,97.0
4315,56.93282,96.0
4316,57.488327,111.0
4317,58.16164,111.0
4318,57.955597,116.0
4319,57.57661,111.0
4320,57.15748,101.0
4321,57.09818,92.0
4322,57.00228,90.0
4323,56.929367,88.0
4324,56.873848,62.0
4325,56.89697,62.0
4326,56.944393,63.0
4327,57.002865,63.0
4328,57.043995,64.0
4329,57.076157,65.0
4330,57.11373,65.0
4331,57.163143,65.0
4332,57.2097,65.0
4333,57.20744,66.0
4334,56.774277,66.0
4335,56.36652,66.0
4336,55.863308,66.0
4337,55.774387,65.0
4338,55.71155,65.0
4339,55.674656,64.0
4340,55.564564,63.0
4341,55.617477,62.0
4342,55.678543,61.0
4343,55.651524,61.0
4344,55.598244,61.0
4345,55.56098,60.0
4346,55.53709,60.0
4347,55.55707,59.0
4348,55.489937,53.0
4349,55.380802,53.0
4350,55.08062,53.0
4351,54.931976,53.0
4352,54.810574,53.0
4353,54.75662,53.0
4354,54.725323,53.0
4355,54.68598,53.0
4356,54.685818,53.0
4357,54.70134,53.99999999999999
4358,54.658962,55.0
4359,54.690826,55.0
4360,54.744072,56.0
4361,54.72293,56.0
4362,54.23877,56.0
4363,53.71741,57.0
4364,53.544033,57.0
4365,53.34211,56.0
4366,53.343647,55.0
4367,52.823387,55.0
4368,52.66045,53.99999999999999
4369,52.713627,53.99999999999999
4370,52.77719,55.0
4371,52.73672,55.0
4372,52.75772,88.0
4373,52.934998,87.0
4374,53.018158,87.0
4375,53.026634,85.99999999999999
4376,53.067074,85.0
4377,53.1086,84.0
4378,53.185482,83.0
4379,53.264004,82.0
4380,53.326725,80.0
4381,53.331093,79.0
4382,53.403244,78.0
4383,53.316925,78.0
4384,53.457996,77.0
4385,53.455975,77.0
4386,53.781513,76.0
4387,54.04451,75.0
4388,54.19999,74.0
4389,54.352917,74.0
4390,54.56859,73.00000000000001
4391,54.718258,72.0
4392,54.95367,71.0
4393,55.07839,70.0
4394,55.173042,69.0
4395,55.190228,68.0
4396,55.165485,67.0
4397,55.11196,67.0
4398,55.071747,66.0
4399,55.03345,66.0
4400,54.997734,66.0
4401,54.970318,66.0
4402,54.94891,66.0
4403,54.94976,65.0
4404,54.95261,65.0
4405,54.95274,65.0
4406,54.992664,65.0
4407,55.099537,64.0
4408,55.317074,63.0
4409,55.449165,63.0
4410,55.481346,63.0
4411,55.62996,63.0
4412,55.777317,63.0
4413,55.9012,63.0
4414,55.949898,63.0
4415,56.077286,63.0
4416,56.19376,64.0
4417,56.252563,64.0
4418,56.3062,65.0
4419,56.366005,66.0
4420,56.34787,67.0
4421,56.29319,68.0
4422,56.31375,68.0
4423,56.279224,69.0
4424,56.2758,70.0
4425,56.269993,70.0
4426,56.27874,70.0
4427,56.280655,71.0
4428,56.298454,71.0
4429,56.255707,71.0
4430,56.33559,72.0
4431,56.48898,73.00000000000001
4432,56.83528,73.00000000000001
4433,57.06385,74.0
4434,57.377007,74.0
4435,57.7958,75.0
4436,57.94853,75.0
4437,58.03862,76.0
4438,58.34352,76.0
4439,58.523163,76.0
4440,58.728416,76.0
4441,58.730392,76.0
4442,58.81945,76.0
4443,58.906944,75.0
4444,58.917072,74.0
4445,58.85507,74.0
4446,58.811333,73.00000000000001
4447,58.755783,73.00000000000001
4448,58.686253,72.0
4449,58.63777,72.0
4450,58.61612,72.0
4451,58.59726,72.0
4452,58.58779,73.00000000000001
4453,58.600594,73.00000000000001
4454,58.415768,72.0
4455,58.00609,71.0
4456,57.863567,71.0
4457,57.825306,71.0
4458,58.021915,71.0
4459,57.683956,71.0
4460,57.198822,71.0
4461,57.090485,70.0
4462,57.269352,70.0
4463,57.445114,74.0
4464,57.540318,70.0
4465,57.635864,71.0
4466,57.629658,71.0
4467,57.63176,71.0
4468,57.666073,72.0
4469,57.672134,73.00000000000001
4470,57.732132,73.00000000000001
4471,57.77178,74.0
4472,57.791607,75.0
4473,57.83866,75.0
4474,57.895233,75.0
4475,57.894066,75.0
4476,57.90833,74.0
4477,57.909283,73.00000000000001
4478,57.83235,74.0
4479,57.850464,74.0
4480,57.987133,75.0
4481,58.166874,74.0
4482,58.313335,74.0
4483,58.40211,74.0
4484,58.47047,74.0
4485,58.525166,74.0
4486,58.55857,74.0
4487,58.575073,74.0
4488,58.636154,73.00000000000001
4489,58.67446,73.00000000000001
4490,58.741608,73.00000000000001
4491,58.809418,73.00000000000001
4492,58.876022,72.0
4493,58.938297,71.0
4494,58.986435,70.0
4495,58.69561,69.0
4496,58.577766,67.0
4497,58.470116,66.0
4498,58.447964,64.0
4499,58.55176,63.0
4500,58.7603,62.0
4501,58.813286,61.0
4502,58.73045,60.0
4503,58.633167,60.0
4504,58.61769,60.0
4505,58.625847,60.0
4506,58.465942,59.0
4507,58.46525,59.0
4508,57.944412,59.0
4509,57.66492,59.0
4510,57.457127,58.0
4511,57.488346,58.0
4512,57.409153,58.0
4513,57.416103,58.0
4514,57.37429,58.0
4515,57.3128,57.0
4516,56.945732,57.0
4517,56.860638,57.0
4518,56.780113,56.0
4519,56.706333,57.0
4520,56.61437,57.0
4521,56.623447,58.0
4522,56.649742,59.0
4523,56.660713,59.0
4524,56.669384,60.0
4525,56.593372,61.0
4526,56.555767,61.0
4527,56.544106,61.0
4528,56.629185,61.0
4529,56.63068,61.0
4530,56.574986,61.0
4531,56.772873,61.0
4532,56.63823,67.0
4533,56.14509,74.0
4534,55.69219,84.0
4535,55.28354,77.0
4536,55.169968,64.0
4537,55.1143,61.0
4538,55.067146,60.0
4539,55.116356,60.0
4540,55.242546,59.0
4541,55.29484,59.0
4542,55.303078,59.0
4543,55.304153,58.0
4544,55.282887,58.0
4545,55.30124,57.0
4546,55.30861,57.0
4547,55.305416,57.0
4548,55.290165,56.0
4549,55.281685,57.0
4550,55.29311,56.0
4551,55.23576,56.0
4552,55.113808,56.0
4553,55.221596,56.0
4554,55.111088,56.0
4555,54.744396,55.0
4556,54.728027,53.99999999999999
4557,54.630344,53.0
4558,54.5993,53.0
4559,54.497437,53.0
4560,54.46727,53.0
4561,54.47721,52.0
4562,54.477768,52.0
4563,54.470634,53.0
4564,54.20224,53.0
4565,53.92481,53.0
4566,53.613834,53.0
4567,53.578358,53.0
4568,53.540237,53.0
4569,53.462864,53.0
4570,53.453148,52.0
4571,53.446926,52.0
4572,53.393425,52.0
4573,53.367188,52.0
4574,53.323483,52.0
4575,53.08311,53.0
4576,52.862377,52.0
4577,52.34378,50.0
4578,51.825237,48.0
4579,51.307167,48.0
4580,50.698254,50.0
4581,50.158363,50.0
4582,49.407,50.0
4583,49.053547,50.0
4584,48.800755,49.0
4585,48.502476,49.0
4586,48.19508,49.0
4587,47.95165,47.0
4588,47.69069,47.0
4589,47.378468,47.0
4590,47.219944,47.0
4591,47.046238,48.0
4592,47.02202,50.0
4593,46.99824,51.0
4594,46.9852,52.0
4595,46.872314,52.0
4596,46.867493,51.0
4597,46.603424,48.0
4598,46.540257,45.0
4599,46.25172,42.99999999999999
4600,45.91363,42.0
4601,45.41502,42.0
4602,44.703266,42.0
4603,44.32466,42.99999999999999
4604,44.082684,42.99999999999999
4605,43.979618,42.0
4606,43.46207,42.0
4607,42.831474,41.0
4608,42.372814,39.0
4609,41.84122,40.0
4610,41.67063,40.0
4611,41.427376,41.0
4612,41.15868,41.0
4613,40.92908,41.0
4614,40.764805,39.0
4615,40.4912,37.0
4616,40.37791,35.0
4617,40.39473,33.0
4618,40.444153,32.0
4619,40.490852,32.0
4620,40.5192,33.0
4621,40.454678,35.0
4622,40.596836,37.0
4623,40.83135,40.0
4624,41.104893,41.0
4625,41.01266,45.0
4626,41.463703,48.0
4627,41.86247,49.0
4628,41.81615,49.0
4629,41.781742,51.0
4630,41.99165,52.0
4631,42.00475,52.0
4632,42.16471,52.0
4633,42.161972,52.0
4634,42.007618,52.0
4635,41.918926,53.0
4636,41.770107,53.0
4637,41.602238,53.0
4638,41.5448,53.0
4639,41.48858,53.99999999999999
4640,41.35565,55.0
4641,41.403015,55.0
4642,41.397865,56.0
4643,41.35574,56.0
4644,41.30424,57.0
4645,41.183434,56.0
4646,40.94368,56.0
4647,40.789097,55.0
4648,40.65285,55.0
4649,40.427773,53.99999999999999
4650,40.33955,53.0
4651,40.097713,53.0
4652,40.040333,53.0
4653,39.963028,52.0
4654,40.077812,52.0
4655,40.341583,52.0
4656,40.381954,52.0
4657,40.2394,52.0
4658,40.123646,52.0
4659,40.196243,53.0
4660,40.337376,53.99999999999999
4661,40.47161,55.0
4662,40.59804,55.0
4663,40.684715,56.0
4664,40.78205,56.0
4665,40.86267,56.0
4666,40.93682,56.0
4667,40.93925,55.0
4668,40.77026,55.0
4669,40.687187,55.0
4670,40.610313,55.0
4671,40.572037,55.0
4672,40.599957,55.0
4673,40.569824,55.0
4674,40.581127,55.0
4675,40.683544,55.0
4676,41.00594,56.0
4677,41.91027,57.0
4678,42.712997,57.0
4679,43.259766,58.0
4680,43.510197,59.0
4681,43.51307,60.0
4682,43.642517,60.0
4683,43.796745,61.0
4684,43.89303,61.0
4685,44.005074,62.0
4686,44.09368,62.0
4687,44.15559,62.0
4688,44.1987,62.0
4689,44.223667,63.0
4690,44.284634,63.0
4691,44.34941,65.0
4692,44.38025,66.0
4693,44.37826,67.0
4694,44.4655,68.0
4695,44.716557,68.0
4696,45.00981,69.0
4697,45.410576,70.0
4698,45.967396,70.0
4699,46.508575,72.0
4700,47.01002,72.0
4701,47.490726,73.00000000000001
4702,47.905407,74.0
4703,48.221943,74.0
4704,48.43941,75.0
4705,48.608772,75.0
4706,48.700485,76.0
4707,48.75916,77.0
4708,48.81478,78.0
4709,48.87832,79.0
4710,48.90705,81.0
4711,48.933266,82.0
4712,49.016197,83.0
4713,49.15228,84.0
4714,49.22482,84.0
4715,49.360046,85.0
4716,49.465946,85.0
4717,49.471794,85.99999999999999
4718,49.59418,85.99999999999999
4719,49.886963,87.0
4720,50.307125,87.0
4721,50.981865,87.0
4722,51.709976,88.0
4723,52.502613,88.0
4724,53.33008,88.0
4725,53.929176,89.0
4726,54.7195,89.0
4727,55.44925,90.0
4728,55.87641,89.0
4729,56.13225,89.0
4730,56.29639,89.0
4731,56.44175,89.0
4732,56.50876,88.0
4733,56.560364,87.0
4734,56.627647,85.99999999999999
4735,56.705692,85.99999999999999
4736,56.758522,85.99999999999999
4737,56.824745,85.0
4738,56.871532,85.0
4739,56.928238,85.0
4740,56.968586,85.0
4741,56.995872,84.0
4742,57.02988,84.0
4743,57.18893,84.0
4744,57.263275,83.0
4745,57.337532,83.0
4746,57.793087,82.0
4747,57.816116,82.0
4748,58.057056,82.0
4749,58.47926,82.0
4750,59.082253,82.0
4751,59.534576,84.0
4752,60.138573,85.0
4753,60.585133,85.99999999999999
4754,60.81792,85.99999999999999
4755,60.994526,85.99999999999999
4756,61.107098,85.99999999999999
4757,61.19341,87.0
4758,61.293964,87.0
4759,61.34803,87.0
4760,61.43335,88.0
4761,61.55592,89.0
4762,61.73358,90.0
4763,61.886894,91.0
4764,62.016224,92.0
4765,62.14426,93.0
4766,62.27768,94.0
4767,62.46264,95.00000000000001
4768,62.672855,97.0
4769,63.443718,99.0
4770,64.0214,100.0
4771,64.21944,107.0
4772,64.214584,111.0
4773,64.25082,113.0
4774,64.59994,122.0
4775,65.37817,117.00000000000001
4776,65.782616,115.0
4777,66.012535,114.0
4778,66.1613,119.0
4779,66.38309,121.0
4780,66.7024,125.0
4781,66.984146,125.0
4782,67.16535,127.0
4783,67.3364,128.0
4784,67.48386,130.0
4785,67.67601,127.0
4786,67.55181,113.0
4787,67.1982,99.0
4788,66.64386,98.0
4789,66.08036,95.00000000000001
4790,65.98001,94.0
4791,65.83143,92.0
4792,65.58294,90.0
4793,65.2558,89.0
4794,64.953094,87.0
4795,63.962204,87.0
4796,63.737823,85.99999999999999
4797,64.05487,85.99999999999999
4798,62.013657,84.0
4799,61.19759,87.0
4800,61.034733,84.0
4801,60.960835,83.0
4802,61.048054,81.0
4803,61.046154,81.0
4804,61.09541,57.0
4805,61.072227,56.0
4806,61.02728,55.0
4807,60.82633,53.99999999999999
4808,60.72754,53.99999999999999
4809,60.758987,53.99999999999999
4810,60.811657,53.99999999999999
4811,60.83008,53.99999999999999
4812,60.90381,55.0
4813,61.016838,56.0
4814,60.990704,56.0
4815,60.99899,55.0
4816,61.042664,57.0
4817,61.048553,57.0
4818,60.818233,57.0
4819,60.477924,57.0
4820,60.21592,56.0
4821,59.499832,55.0
4822,59.21679,55.0
4823,58.72656,55.0
4824,58.288948,55.0
4825,58.35121,55.0
4826,58.268356,55.0
4827,58.153175,55.0
4828,57.7645,53.0
4829,57.05977,53.0
4830,56.789474,52.0
4831,56.43586,52.0
4832,56.296455,52.0
4833,56.2781,52.0
4834,56.304695,52.0
4835,56.16157,53.0
4836,56.093052,53.0
4837,56.159634,53.0
4838,56.263073,53.0
4839,56.28159,53.0
4840,56.567726,53.0
4841,56.874195,53.0
4842,57.01124,53.0
4843,57.02351,53.99999999999999
4844,57.111946,53.0
4845,57.15149,53.0
4846,57.444622,53.0
4847,57.245087,53.99999999999999
4848,57.086163,53.0
4849,56.86992,53.0
4850,56.697517,53.0
4851,56.521763,53.0
4852,56.441658,41.0
4853,56.385384,40.0
4854,56.14589,39.0
4855,56.033768,39.0
4856,55.724693,39.0
4857,55.483013,39.0
4858,55.350983,39.0
4859,55.038006,40.0
4860,54.729084,40.0
4861,54.586876,40.0
4862,54.525227,40.0
4863,54.868065,40.0
4864,54.823513,41.0
4865,54.798817,41.0
4866,54.84419,42.0
4867,55.035534,42.99999999999999
4868,55.004333,42.0
4869,54.89548,42.0
4870,55.057873,41.0
4871,55.23406,42.99999999999999
4872,55.402992,45.0
4873,55.389427,46.0
4874,55.25595,46.0
4875,54.929485,47.0
4876,54.76094,53.99999999999999
4877,54.758793,53.99999999999999
4878,54.745224,53.99999999999999
4879,54.723114,55.0
4880,54.747726,55.0
4881,54.79534,56.0
4882,54.793476,56.0
4883,54.81271,57.0
4884,54.83337,57.0
4885,54.83361,58.0
4886,54.8574,59.0
4887,54.888847,59.0
4888,55.076935,60.0
4889,55.479145,61.0
4890,55.623272,62.0
4891,55.99078,62.0
4892,56.406296,63.0
4893,56.75045,64.0
4894,56.623695,64.0
4895,56.61963,64.0
4896,56.667103,64.0
4897,56.791092,64.0
4898,56.784336,65.0
4899,56.821777,67.0
4900,57.06378,55.0
4901,57.02316,55.0
4902,56.998707,56.0
4903,57.017426,57.0
4904,56.974262,57.0
4905,56.887493,58.0
4906,56.83926,59.0
4907,56.79939,60.0
4908,56.783184,60.0
4909,56.785126,62.0
4910,56.716175,62.0
4911,56.661243,63.0
4912,56.67363,63.0
4913,56.3886,62.0
4914,56.74875,63.0
4915,57.13768,63.0
4916,57.43037,62.0
4917,57.002453,62.0
4918,56.801662,62.0
4919,57.016468,63.0
4920,57.205597,63.0
4921,57.246162,64.0
4922,57.277756,64.0
4923,57.255535,64.0
4924,57.221638,69.0
4925,57.121063,68.0
4926,57.086975,67.0
4927,57.039284,67.0
4928,57.026463,66.0
4929,57.013668,65.0
4930,57.00122,64.0
4931,57.00007,63.0
4932,56.961613,62.0
4933,56.911903,62.0
4934,56.822636,61.0
4935,56.809277,61.0
4936,56.70375,60.0
4937,56.57352,60.0
4938,56.43802,59.0
4939,56.41703,59.0
4940,56.442364,58.0
4941,55.523746,57.0
4942,55.754234,58.0
4943,56.20523,58.0
4944,56.37526,58.0
4945,55.982327,58.0
4946,56.010586,58.0
4947,56.068085,59.0
4948,56.092705,59.0
4949,56.12321,60.0
4950,56.174778,60.0
4951,56.225197,61.0
4952,56.251514,61.0
4953,56.250725,60.0
4954,56.374302,59.0
4955,56.469532,58.0
4956,56.583992,59.0
4957,56.642677,59.0
4958,56.65929,59.0
4959,56.496666,59.0
4960,56.330265,59.0
4961,56.0112,59.0
4962,55.559784,58.0
4963,54.95499,58.0
4964,54.99383,58.0
4965,54.92217,57.0
4966,54.880444,57.0
4967,55.290188,57.0
4968,55.300106,56.0
4969,55.274136,56.0
4970,55.161278,55.0
4971,55.08334,53.99999999999999
4972,55.02252,71.0
4973,55.08426,71.0
4974,55.094883,70.0
4975,55.087734,70.0
4976,55.087376,69.0
4977,55.075676,69.0
4978,55.08675,68.0
4979,54.96318,68.0
4980,54.855537,66.0
4981,54.834755,65.0
4982,54.77859,64.0
4983,54.901897,64.0
4984,54.96029,64.0
4985,54.82404,64.0
4986,54.66411,64.0
4987,54.699253,63.0
4988,54.5791,63.0
4989,54.27439,63.0
4990,53.89411,63.0
4991,53.94096,64.0
4992,54.018818,63.0
4993,53.980194,63.0
4994,53.870747,63.0
4995,53.84323,63.0
4996,53.81472,77.0
4997,53.810875,76.0
4998,53.79547,77.0
4999,53.79134,76.0
5000,53.7917,75.0
5001,53.81071,75.0
5002,53.83544,74.0
5003,53.856525,74.0
5004,53.865658,72.0
5005,53.837093,72.0
5006,53.89979,71.0
5007,53.98803,71.0
5008,54.236828,71.0
5009,54.67956,70.0
5010,55.027515,69.0
5011,55.196186,69.0
5012,55.225044,69.0
5013,55.340042,69.0
5014,55.230854,69.0
5015,55.150375,70.0
5016,55.15332,71.0
5017,55.212418,71.0
5018,55.24858,72.0
5019,55.32882,74.0
5020,55.444702,87.0
5021,55.43388,85.0
5022,55.418533,84.0
5023,55.4185,83.0
5024,55.429523,81.0
5025,55.443134,80.0
5026,55.483288,80.0
5027,55.552315,79.0
5028,55.626247,78.0
5029,55.659615,78.0
5030,55.723686,77.0
5031,55.758053,76.0
5032,55.635418,77.0
5033,55.66085,77.0
5034,55.71566,75.0
5035,55.361126,74.0
5036,55.080193,72.0
5037,55.08916,71.0
5038,54.986004,72.0
5039,54.93046,72.0
5040,54.794487,72.0
5041,54.57107,72.0
5042,54.59013,73.00000000000001
5043,54.63441,73.00000000000001
5044,54.61874,59.0
5045,54.534523,59.0
5046,54.411472,59.0
5047,54.378746,58.0
5048,54.377583,58.0
5049,54.37485,57.0
5050,54.33726,57.0
5051,54.28755,56.0
5052,54.27174,57.0
5053,54.273098,57.0
5054,54.24446,57.0
5055,54.195415,57.0
5056,54.206757,58.0
5057,53.73157,58.0
5058,53.558308,59.0
5059,53.325405,59.0
5060,53.01519,59.0
5061,52.688206,60.0
5062,52.203453,59.0
5063,51.84968,60.0
5064,51.92012,61.0
5065,52.019424,61.0
5066,52.093727,61.0
5067,52.12497,61.0
5068,52.114647,55.0
5069,52.16706,56.0
5070,52.212276,56.0
5071,52.2411,56.0
5072,52.231453,57.0
5073,52.235912,58.0
5074,52.250717,58.0
5075,52.253094,58.0
5076,52.27915,58.0
5077,52.31347,58.0
5078,52.387234,58.0
5079,52.42566,57.0
5080,52.587547,57.0
5081,52.70958,57.0
5082,52.61397,57.0
5083,52.229137,58.0
5084,52.39874,58.0
5085,52.383705,59.0
5086,52.610035,59.0
5087,52.777695,60.0
5088,52.857418,60.0
5089,52.79757,60.0
5090,52.84664,60.0
5091,52.9021,60.0
5092,52.975727,68.0
5093,53.013515,68.0
5094,53.046528,69.0
5095,53.04908,70.0
5096,53.034534,70.0
5097,53.01649,71.0
5098,53.004906,71.0
5099,52.99804,72.0
5100,53.030754,72.0
5101,53.012413,72.0
5102,53.01295,73.00000000000001
5103,53.152184,73.00000000000001
5104,53.276867,74.0
5105,53.649334,75.0
5106,53.716232,76.0
5107,54.34684,77.0
5108,55.125656,97.0
5109,55.37535,97.0
5110,55.51328,78.0
5111,55.791363,79.0
5112,55.80677,79.0
5113,54.824883,79.0
5114,54.01432,80.0
5115,51.572147,80.0
5116,47.60492,80.0
5117,44.528522,80.0
5118,39.726997,80.0
5119,36.653828,81.0
5120,36.752228,82.0
5121,37.64,83.0
5122,38.411858,84.0
5123,39.124245,85.0
5124,39.583622,85.99999999999999
5125,40.16585,88.0
5126,41.02564,89.0
5127,42.082497,90.0
5128,43.390915,89.0
5129,43.78866,89.0
5130,44.76141,88.0
5131,45.86104,87.0
5132,46.685783,85.0
5133,46.92497,84.0
5134,47.089684,84.0
5135,47.445576,82.0
5136,47.432446,81.0
5137,47.60241,81.0
5138,47.471153,80.0
5139,47.324963,80.0
5140,47.255047,79.0
5141,47.402393,79.0
5142,47.546024,79.0
5143,47.743347,78.0
5144,47.874954,77.0
5145,47.810543,76.0
5146,47.862152,74.0
5147,47.930695,73.00000000000001
5148,47.73846,71.0
5149,47.842743,69.0
5150,47.894127,68.0
5151,48.069744,67.0
5152,48.25015,67.0
5153,48.368126,66.0
5154,48.68336,65.0
5155,48.851006,65.0
5156,49.1922,66.0
5157,49.60701,66.0
5158,49.859623,93.0
5159,49.70868,80.0
5160,49.655964,65.0
5161,49.14395,65.0
5162,48.475513,65.0
5163,47.802105,65.0
5164,47.58932,64.0
5165,47.596966,64.0
5166,47.646267,63.0
5167,47.629833,61.0
5168,47.491787,60.0
5169,47.397587,59.0
5170,47.24493,58.0
5171,47.296947,58.0
5172,47.355747,57.0
5173,47.23015,57.0
5174,47.219124,56.0
5175,47.261925,55.0
5176,47.264732,55.0
5177,47.26467,53.99999999999999
5178,47.309727,53.99999999999999
5179,47.567894,53.99999999999999
5180,48.17519,53.99999999999999
5181,49.07639,53.99999999999999
5182,49.30228,55.0
5183,49.60678,55.0
5184,49.732857,55.0
5185,49.836227,55.0
5186,50.0213,56.0
5187,50.154987,57.0
5188,50.256187,58.0
5189,50.3623,59.0
5190,50.45058,60.0
5191,50.509914,61.0
5192,50.532993,63.0
5193,50.541203,64.0
5194,50.536087,66.0
5195,50.47064,67.0
5196,50.517265,68.0
5197,50.556522,69.0
5198,50.65145,69.0
5199,50.850555,70.0
5200,51.088684,70.0
5201,51.097958,71.0
5202,51.14756,73.00000000000001
5203,51.403835,74.0
5204,51.992546,75.0
5205,52.28264,74.0
5206,52.359657,75.0
5207,52.399406,75.0
5208,52.35055,76.0
5209,52.4637,77.0
5210,52.660557,77.0
5211,52.77025,78.0
5212,52.85102,78.0
5213,52.878567,79.0
5214,52.89974,80.0
5215,52.88986,81.0
5216,52.89316,82.0
5217,52.88832,82.0
5218,52.917072,82.0
5219,52.950672,83.0
5220,52.97152,83.0
5221,52.960964,85.0
5222,53.022682,87.0
5223,53.198273,88.0
5224,53.46976,90.0
5225,53.7066,92.0
5226,53.956608,93.0
5227,54.615917,94.0
5228,55.313717,95.00000000000001
5229,55.266487,96.0
5230,55.285713,97.0
5231,55.241287,96.0
5232,55.184277,97.0
5233,55.164505,96.0
5234,55.14922,96.0
5235,55.141747,95.00000000000001
5236,55.155457,95.00000000000001
5237,55.132187,94.0
5238,55.11276,93.0
5239,55.13779,92.0
5240,55.186523,92.0
5241,55.18013,91.0
5242,55.16383,91.0
5243,55.19304,91.0
5244,55.19555,90.0
5245,55.153286,90.0
5246,55.083225,90.0
5247,55.18971,89.0
5248,55.000008,88.0
5249,55.109814,87.0
5250,55.157024,87.0
5251,55.44738,85.0
5252,55.55573,84.0
5253,55.67734,83.0
5254,55.422142,83.0
5255,55.234596,83.0
5256,54.78987,83.0
5257,54.707653,83.0
5258,54.66183,83.0
5259,54.60298,82.0
5260,54.53928,82.0
5261,54.49841,81.0
5262,54.467472,81.0
5263,54.44038,81.0
5264,54.42233,81.0
5265,54.41467,81.0
5266,54.430065,80.0
5267,54.474773,80.0
5268,54.51929,79.0
5269,54.488056,78.0
5270,54.449432,78.0
5271,54.343464,76.0
5272,53.843994,74.0
5273,53.476154,73.00000000000001
5274,53.30809,71.0
5275,53.074963,70.0
5276,52.852306,69.0
5277,52.414963,68.0
5278,51.88812,68.0
5279,51.91466,65.0
5280,51.901493,65.0
5281,51.951782,65.0
5282,51.996346,63.0
5283,52.02444,63.0
5284,52.046177,62.0
5285,52.045135,62.0
5286,52.065403,61.0
5287,52.073723,60.0
5288,52.063663,60.0
5289,52.031376,60.0
5290,51.9932,60.0
5291,51.97257,59.0
5292,51.97447,59.0
5293,52.0047,59.0
5294,51.994247,58.0
5295,52.042027,60.0
5296,51.901443,60.0
5297,51.71672,61.0
5298,51.67645,60.0
5299,51.276913,60.0
5300,51.05288,60.0
5301,50.780983,60.0
5302,50.777897,59.0
5303,50.788074,59.0
5304,50.745102,59.0
5305,50.741245,59.0
5306,50.7389,59.0
5307,50.66037,60.0
5308,50.58981,60.0
5309,50.4724,61.0
5310,50.365803,61.0
5311,50.339737,62.0
5312,50.306355,62.0
5313,50.25876,62.0
5314,50.22034,62.0
5315,50.177002,62.0
5316,50.141754,62.0
5317,50.040604,61.0
5318,49.861076,60.0
5319,49.880352,59.0
5320,49.891155,58.0
5321,49.96691,58.0
5322,49.735733,59.0
5323,49.71772,59.0
5324,49.520706,59.0
5325,49.00844,59.0
5326,48.74597,59.0
5327,48.5734,59.0
5328,48.34592,58.0
5329,48.01481,58.0
5330,48.135326,57.0
5331,48.177853,57.0
5332,48.240166,56.0
5333,48.30604,55.0
5334,48.2714,55.0
5335,48.26832,53.99999999999999
5336,48.313396,53.0
5337,48.347775,52.0
5338,48.36644,52.0
5339,48.388317,51.0
5340,48.41209,50.0
5341,48.409515,51.0
5342,48.399765,50.0
5343,48.309853,50.0
5344,48.399532,51.0
5345,48.234043,50.0
5346,48.090866,47.0
5347,47.939766,48.0
5348,48.138226,58.0
5349,48.422867,61.0
5350,48.304672,84.0
5351,48.318344,104.0
5352,48.334023,97.0
5353,48.32235,67.0
5354,48.329674,49.0
5355,48.36915,50.0
5356,48.40382,50.0
5357,48.443493,51.0
5358,48.490734,51.0
5359,48.51229,50.0
5360,48.58196,51.0
5361,48.61505,52.0
5362,48.659264,52.0
5363,48.731102,52.0
5364,48.77574,53.0
5365,48.767975,52.0
5366,48.71267,53.0
5367,48.75128,53.0
5368,49.024666,53.0
5369,48.664913,53.99999999999999
5370,48.732494,53.99999999999999
5371,48.53724,53.99999999999999
5372,48.333363,53.0
5373,47.99895,53.0
5374,47.739716,53.0
5375,47.56455,53.0
5376,47.472305,53.0
5377,47.447567,53.99999999999999
5378,47.445587,53.99999999999999
5379,47.43019,53.99999999999999
5380,47.428825,53.99999999999999
5381,47.402447,53.99999999999999
5382,47.38825,53.99999999999999
5383,47.361614,55.0
5384,47.15837,55.0
5385,47.13051,53.99999999999999
5386,47.095345,55.0
5387,47.052258,55.0
5388,47.024727,55.0
5389,47.016197,55.0
5390,47.057602,55.0
5391,47.098343,55.0
5392,46.916576,55.0
5393,46.958073,55.0
5394,46.869694,53.99999999999999
5395,46.865944,55.0
5396,46.580925,53.99999999999999
5397,46.135563,53.99999999999999
5398,46.02866,55.0
5399,46.12212,55.0
5400,46.138832,55.0
5401,46.218655,55.0
5402,46.273594,55.0
5403,46.268097,55.0
5404,46.288525,55.0
5405,46.32742,55.0
5406,46.277107,55.0
5407,46.229656,55.0
5408,46.205456,56.0
5409,46.17049,56.0
5410,46.15433,56.0
5411,46.178635,56.0
5412,46.209415,56.0
5413,46.19536,57.0
5414,46.23275,57.0
5415,46.400513,57.0
5416,46.558163,56.0
5417,46.41251,56.0
5418,46.172867,55.0
5419,45.836315,55.0
5420,45.67622,55.0
5421,45.680805,56.0
5422,45.80461,56.0
5423,45.822342,56.0
5424,45.77203,56.0
5425,45.7763,56.0
5426,45.85435,56.0
5427,45.882866,57.0
5428,45.888027,57.0
5429,45.82467,57.0
5430,45.79301,57.0
5431,45.7775,57.0
5432,45.7742,57.0
5433,45.74378,57.0
5434,45.73598,58.0
5435,45.71807,58.0
5436,45.682335,59.0
5437,45.638447,59.0
5438,45.568695,60.0
5439,45.689796,61.0
5440,46.025253,61.0
5441,46.52506,62.0
5442,47.124763,63.0
5443,47.88629,65.0
5444,48.522247,66.0
5445,49.08215,67.0
5446,49.27194,68.0
5447,49.503456,69.0
5448,49.65852,70.0
5449,49.831333,71.0
5450,50.03792,72.0
5451,50.177185,73.00000000000001
5452,50.333603,73.00000000000001
5453,50.417767,74.0
5454,50.453,75.0
5455,50.481712,76.0
5456,50.490433,77.0
5457,50.503128,79.0
5458,50.492332,79.0
5459,50.469097,80.0
5460,50.409035,81.0
5461,50.366962,82.0
5462,50.422867,82.0
5463,50.635326,83.0
5464,50.980072,84.0
5465,51.375534,85.0
5466,52.037754,85.0
5467,52.303932,85.0
5468,52.067764,84.0
5469,51.71738,84.0
5470,51.73501,83.0
5471,51.684147,82.0
5472,51.676525,81.0
5473,51.64115,80.0
5474,51.667564,79.0
5475,51.687737,78.0
5476,51.719456,78.0
5477,51.725643,77.0
5478,51.74835,76.0
5479,51.733753,75.0
5480,51.727947,74.0
5481,51.76438,72.0
5482,51.81319,71.0
5483,51.844093,70.0
5484,51.88625,69.0
5485,51.88723,68.0
5486,51.90506,66.0
5487,51.949287,65.0
5488,52.127335,65.0
5489,52.47725,63.0
5490,52.825783,62.0
5491,52.781178,61.0
5492,52.7628,61.0
5493,52.435566,60.0
5494,52.199238,60.0
5495,52.073517,60.0
5496,52.050377,60.0
5497,52.01267,60.0
5498,51.992317,60.0
5499,51.999924,59.0
5500,51.99117,58.0
5501,51.99057,58.0
5502,51.750328,57.0
5503,51.71399,57.0
5504,51.693047,56.0
5505,51.667225,56.0
5506,51.64319,56.0
5507,51.62448,56.0
5508,51.604637,56.0
5509,51.573456,56.0
5510,51.566933,56.0
5511,51.59225,55.0
5512,51.456596,55.0
5513,51.221794,53.99999999999999
5514,50.912838,53.99999999999999
5515,50.71057,53.99999999999999
5516,50.35727,53.99999999999999
5517,50.285206,53.99999999999999
5518,49.861416,53.99999999999999
5519,49.87503,53.99999999999999
5520,49.890858,53.99999999999999
5521,49.944695,53.99999999999999
5522,49.963196,53.99999999999999
5523,49.97021,55.0
5524,49.987007,55.0
5525,50.004307,56.0
5526,49.997265,56.0
5527,49.996986,57.0
5528,50.004494,57.0
5529,49.98993,58.0
5530,49.972828,58.0
5531,49.962635,59.0
5532,49.951225,59.0
5533,49.9006,59.0
5534,49.859905,59.0
5535,49.92863,60.0
5536,50.137474,61.0
5537,50.61061,62.0
5538,51.26151,64.0
5539,51.916046,65.0
5540,51.875023,66.0
5541,52.077168,67.0
5542,52.10377,69.0
5543,52.105244,69.0
5544,52.02905,71.0
5545,52.036026,71.0
5546,51.655388,70.0
5547,51.44687,70.0
5548,51.457863,56.0
5549,51.463028,56.0
5550,51.465446,56.0
5551,51.364597,57.0
5552,51.385704,57.0
5553,51.36335,57.0
5554,51.35409,57.0
5555,51.34389,57.0
5556,51.36033,57.0
5557,51.27553,55.0
5558,51.190155,55.0
5559,51.026783,55.0
5560,51.0846,53.99999999999999
5561,51.10233,53.99999999999999
5562,51.583096,53.99999999999999
5563,52.11947,55.0
5564,52.819176,55.0
5565,53.170715,55.0
5566,52.79901,55.0
5567,53.01782,55.0
5568,53.044754,55.0
5569,53.205032,53.99999999999999
5570,53.119118,53.99999999999999
5571,53.06872,53.99999999999999
5572,53.074375,53.99999999999999
5573,53.032364,55.0
5574,52.976555,56.0
5575,52.925518,57.0
5576,52.665184,57.0
5577,52.65514,57.0
5578,52.529125,57.0
5579,52.315964,57.0
5580,52.222927,57.0
5581,52.386955,57.0
5582,52.490288,56.0
5583,52.421505,56.0
5584,52.29047,56.0
5585,52.11757,56.0
5586,52.113888,56.0
5587,52.00797,56.0
5588,51.828636,56.0
5589,51.60608,55.0
5590,51.526543,55.0
5591,51.434734,55.0
5592,51.242664,55.0
5593,51.126892,55.0
5594,51.13488,53.99999999999999
5595,50.995396,53.99999999999999
5596,50.899242,48.0
5597,50.7657,48.0
5598,50.59012,49.0
5599,50.416245,48.0
5600,50.193253,48.0
5601,49.877594,48.0
5602,49.420578,48.0
5603,48.960167,47.0
5604,48.48892,47.0
5605,48.06279,47.0
5606,48.009296,47.0
5607,47.86073,48.0
5608,48.041832,48.0
5609,48.059,48.0
5610,47.77324,47.0
5611,48.066742,46.0
5612,48.27067,48.0
5613,48.894787,49.0
5614,49.584427,50.0
5615,49.882744,48.0
5616,49.801548,46.0
5617,49.181736,45.0
5618,49.10313,45.0
5619,48.98964,44.0
5620,49.12035,69.0
5621,49.299473,70.0
5622,49.431534,72.0
5623,49.52713,74.0
5624,49.603878,75.0
5625,49.637264,77.0
5626,49.6564,78.0
5627,49.642387,80.0
5628,49.623646,80.0
5629,49.59365,81.0
5630,49.736862,82.0
5631,50.01736,82.0
5632,50.466824,82.0
5633,51.06355,83.0
5634,51.60761,85.0
5635,52.855984,87.0
5636,54.317024,88.0
5637,55.520977,88.0
5638,55.822933,129.0
5639,56.26708,116.0
5640,56.343197,104.0
5641,56.467735,89.0
5642,56.517315,89.0
5643,56.661255,87.0
5644,56.75116,64.0
5645,56.691494,64.0
5646,56.642677,63.0
5647,56.586727,64.0
5648,56.551697,65.0
5649,56.514313,66.0
5650,56.470413,66.0
5651,56.433163,66.0
5652,56.43061,67.0
5653,56.427917,67.0
5654,56.456924,68.0
5655,56.626705,68.0
5656,57.12228,69.0
5657,57.694466,70.0
5658,58.037327,70.0
5659,58.222675,71.0
5660,58.64428,72.0
5661,58.593014,73.00000000000001
5662,58.53567,72.0
5663,58.311626,72.0
5664,58.318993,72.0
5665,58.33417,71.0
5666,58.26883,70.0
5667,58.240856,69.0
5668,58.20557,59.0
5669,58.15898,59.0
5670,58.157536,59.0
5671,58.178226,58.0
5672,58.203552,58.0
5673,58.15156,58.0
5674,58.151897,58.0
5675,58.182102,58.0
5676,58.186447,59.0
5677,58.207264,59.0
5678,58.23975,59.0
5679,58.259827,60.0
5680,57.950638,60.0
5681,58.02202,62.0
5682,58.34634,62.0
5683,58.26309,62.0
5684,58.513664,63.0
5685,58.460094,64.0
5686,59.0953,63.0
5687,59.036743,63.0
5688,59.30561,63.0
5689,59.242485,63.0
5690,59.21339,64.0
5691,59.34171,65.0
5692,59.453457,53.0
5693,59.188477,52.0
5694,58.93725,48.0
5695,58.91812,44.0
5696,58.970295,40.0
5697,58.931477,40.0
5698,58.868587,41.0
5699,58.796658,41.0
5700,58.789833,41.0
5701,58.78461,42.0
5702,58.709686,42.99999999999999
5703,58.498177,42.99999999999999
5704,58.211674,42.0
5705,57.96866,42.0
5706,57.364906,42.99999999999999
5707,57.207363,44.0
5708,57.299118,46.0
5709,57.062634,49.0
5710,57.074524,50.0
5711,56.79494,52.0
5712,56.631836,52.0
5713,56.544666,52.0
5714,56.481167,52.0
5715,56.0955,52.0
5716,55.98735,63.0
5717,55.954197,63.0
5718,55.960148,63.0
5719,55.94544,64.0
5720,55.94222,64.0
5721,55.947216,66.0
5722,55.96988,66.0
5723,56.03174,68.0
5724,56.08748,69.0
5725,56.103992,71.0
5726,56.128372,72.0
5727,56.233795,72.0
5728,56.264214,72.0
5729,56.432266,73.00000000000001
5730,56.556667,73.00000000000001
5731,56.497925,73.00000000000001
5732,56.728874,73.00000000000001
5733,56.843,73.00000000000001
5734,57.106194,73.00000000000001
5735,57.243958,73.00000000000001
5736,57.32753,73.00000000000001
5737,57.339622,74.0
5738,57.350224,74.0
5739,57.400063,75.0
5740,57.43503,75.0
5741,57.51409,76.0
5742,57.41155,76.0
5743,57.411022,76.0
5744,57.372086,76.0
5745,57.427567,76.0
5746,57.41239,76.0
5747,57.419422,76.0
5748,57.434017,77.0
5749,57.405125,77.0
5750,57.434357,77.0
5751,57.468002,77.0
5752,57.55166,76.0
5753,57.585342,77.0
5754,57.838768,78.0
5755,58.26047,78.0
5756,58.672443,79.0
5757,59.355564,79.0
5758,59.62482,80.0
5759,59.62371,81.0
5760,59.87659,82.0
5761,60.309044,82.0
5762,60.464237,82.0
5763,60.506405,81.0
5764,60.53133,73.00000000000001
5765,60.53644,72.0
5766,60.56343,72.0
5767,60.58243,72.0
5768,60.625954,71.0
5769,60.669975,71.0
5770,60.72005,70.0
5771,60.796043,69.0
5772,60.853176,68.0
5773,60.93312,67.0
5774,60.531902,68.0
5775,60.256107,68.0
5776,59.75895,67.0
5777,59.455032,66.0
5778,58.59262,67.0
5779,58.58167,67.0
5780,57.728073,77.0
5781,56.996307,80.0
5782,57.03142,97.0
5783,56.593845,101.0
5784,56.148632,97.0
5785,55.96003,80.0
5786,55.81214,64.0
5787,55.73973,64.0
5788,55.669594,61.0
5789,55.60344,60.0
5790,55.211517,60.0
5791,54.886047,59.0
5792,54.834087,59.0
5793,54.806316,59.0
5794,54.791058,59.0
5795,54.76268,60.0
5796,54.473648,59.0
5797,54.45576,59.0
5798,54.169678,58.0
5799,53.853313,58.0
5800,53.582623,57.0
5801,53.33684,57.0
5802,53.032005,56.0
5803,52.72703,56.0
5804,52.39569,55.0
5805,51.965496,55.0
5806,51.55201,55.0
5807,51.006516,53.99999999999999
5808,50.551716,53.0
5809,50.18653,53.0
5810,49.86448,53.0
5811,49.764614,52.0
5812,49.80564,60.0
5813,49.886,61.0
5814,49.925495,61.0
5815,49.954536,62.0
5816,49.95695,63.0
5817,49.974163,63.0
5818,49.995007,63.0
5819,49.940987,63.0
5820,49.810963,63.0
5821,49.815876,63.0
5822,49.868027,63.0
5823,49.980324,63.0
5824,50.161797,64.0
5825,50.54987,65.0
5826,50.581387,65.0
5827,50.79933,65.0
5828,51.259796,64.0
5829,50.98493,64.0
5830,50.93782,64.0
5831,50.8512,64.0
5832,50.770546,64.0
5833,50.847992,63.0
5834,50.88051,63.0
5835,50.867214,62.0
5836,50.909306,53.99999999999999
5837,50.91242,53.99999999999999
5838,50.920506,53.99999999999999
5839,50.998142,53.99999999999999
5840,51.07997,53.99999999999999
5841,51.133972,55.0
5842,51.177513,56.0
5843,51.211636,57.0
5844,51.238136,57.0
5845,51.286423,58.0
5846,51.40472,58.0
5847,51.569492,59.0
5848,51.756054,59.0
5849,51.95421,59.0
5850,52.152145,59.0
5851,52.04289,60.0
5852,51.785213,60.0
5853,51.614635,60.0
5854,51.201855,59.0
5855,51.23207,59.0
5856,51.2179,59.0
5857,50.871998,59.0
5858,50.873013,59.0
5859,50.871258,59.0
5860,50.8501,58.0
5861,50.8797,58.0
5862,50.86667,58.0
5863,50.85297,58.0
5864,50.83816,58.0
5865,50.890358,57.0
5866,50.952576,56.0
5867,51.03928,55.0
5868,51.082123,55.0
5869,50.843964,55.0
5870,50.60023,55.0
5871,50.173386,55.0
5872,49.85729,55.0
5873,49.598267,53.99999999999999
5874,49.376575,55.0
5875,49.223454,53.0
5876,48.628765,52.0
5877,48.116356,53.0
5878,47.900528,53.0
5879,48.015034,52.0
5880,47.770626,52.0
5881,47.81077,52.0
5882,47.82153,51.0
5883,47.84479,50.0
5884,47.86632,49.0
5885,47.900856,49.0
5886,47.930428,46.0
5887,47.97282,45.0
5888,48.030567,42.99999999999999
5889,48.092575,42.99999999999999
5890,48.167866,42.99999999999999
5891,48.20559,42.99999999999999
5892,48.26224,42.0
5893,48.299095,42.99999999999999
5894,48.282307,44.0
5895,48.3024,44.0
5896,48.326347,45.0
5897,48.779667,44.0
5898,48.359802,42.0
5899,47.904373,42.99999999999999
5900,47.69714,44.0
5901,47.39561,42.99999999999999
5902,46.990288,44.0
5903,47.011753,45.0
5904,47.028164,46.0
5905,47.0692,47.0
5906,47.09674,48.0
5907,47.157337,49.0
5908,47.146233,49.0
5909,47.151127,49.0
5910,47.16611,50.0
5911,47.196404,51.0
5912,47.23546,51.0
5913,47.265106,52.0
5914,47.24022,52.0
5915,47.22898,52.0
5916,47.222668,52.0
5917,47.234005,52.0
5918,47.304935,52.0
5919,47.423935,52.0
5920,47.54254,52.0
5921,47.92858,53.0
5922,48.309082,53.99999999999999
5923,48.713192,53.99999999999999
5924,49.017574,53.99999999999999
5925,49.067734,55.0
5926,49.256313,55.0
5927,49.488777,55.0
5928,49.29199,55.0
5929,49.13976,55.0
5930,49.139503,55.0
5931,49.22797,55.0
5932,49.251762,55.0
5933,49.299164,56.0
5934,49.339287,56.0
5935,49.37219,56.0
5936,49.386166,56.0
5937,49.381096,56.0
5938,49.3879,56.0
5939,49.373222,57.0
5940,49.346523,57.0
5941,49.354282,58.0
5942,48.955322,59.0
5943,48.63206,60.0
5944,48.544205,60.0
5945,48.634583,60.0
5946,48.499237,59.0
5947,48.58426,59.0
5948,49.027348,60.0
5949,49.00944,61.0
5950,49.222836,61.0
5951,49.225624,61.0
5952,49.196495,61.0
5953,49.245262,61.0
5954,49.313473,61.0
5955,49.31791,61.0
5956,49.329926,60.0
5957,49.31043,60.0
5958,49.31504,60.0
5959,49.314365,60.0
5960,49.34629,60.0
5961,49.383068,60.0
5962,49.379192,60.0
5963,49.356007,60.0
5964,49.372883,59.0
5965,49.368507,59.0
5966,49.39744,58.0
5967,49.545807,57.0
5968,49.81273,56.0
5969,49.697464,56.0
5970,49.830933,56.0
5971,50.178146,56.0
5972,49.904713,55.0
5973,49.449314,53.99999999999999
5974,49.170185,53.99999999999999
5975,49.192528,53.99999999999999
5976,49.01648,53.99999999999999
5977,48.952335,53.99999999999999
5978,49.007885,53.99999999999999
5979,49.031776,55.0
5980,49.078014,55.0
5981,49.101654,55.0
5982,49.108646,55.0
5983,49.12473,55.0
5984,49.16539,53.99999999999999
5985,49.09583,53.99999999999999
5986,49.080215,53.99999999999999
5987,49.032417,53.99999999999999
5988,48.96252,53.99999999999999
5989,49.02445,53.99999999999999
5990,49.059696,53.99999999999999
5991,49.044506,53.0
5992,49.082874,53.99999999999999
5993,49.160633,53.99999999999999
5994,49.209103,53.99999999999999
5995,49.2598,53.99999999999999
5996,49.393223,53.99999999999999
5997,49.409687,53.99999999999999
5998,49.440132,53.99999999999999
5999,49.665825,53.99999999999999
6000,49.6711,53.99999999999999
6001,49.73352,53.99999999999999
6002,49.75416,53.99999999999999
6003,49.624405,53.99999999999999
6004,49.711746,53.99999999999999
6005,49.765354,53.99999999999999
6006,49.783028,55.0
6007,49.80732,55.0
6008,49.813602,55.0
6009,49.84108,55.0
6010,49.824432,56.0
6011,49.80376,56.0
6012,49.787937,56.0
6013,49.771633,56.0
6014,49.778625,57.0
6015,49.911587,56.0
6016,49.666954,57.0
6017,49.811634,56.0
6018,49.87321,57.0
6019,50.066383,57.0
6020,49.859848,58.0
6021,49.58403,58.0
6022,49.435917,58.0
6023,49.232098,58.0
6024,49.220604,58.0
6025,49.191986,58.0
6026,49.171185,57.0
6027,49.02981,57.0
6028,48.882267,57.0
6029,48.832333,57.0
6030,48.822998,56.0
6031,48.80889,56.0
6032,48.82448,56.0
6033,48.83201,55.0
6034,48.84191,55.0
6035,48.897285,55.0
6036,48.88069,55.0
6037,48.847126,55.0
6038,48.83921,56.0
6039,48.504723,57.0
6040,48.42166,59.0
6041,48.490887,60.0
6042,48.673843,60.0
6043,48.39249,59.0
6044,48.0812,60.0
6045,48.129406,60.0
6046,48.24501,59.0
6047,48.34182,59.0
6048,48.402946,59.0
6049,48.460827,59.0
6050,48.508503,59.0
6051,48.318443,59.0
6052,48.2605,59.0
6053,48.25771,59.0
6054,48.214897,59.0
6055,48.18974,59.0
6056,48.24684,59.0
6057,48.32701,58.0
6058,48.37637,58.0
6059,48.382637,58.0
6060,48.403923,58.0
6061,48.422516,57.0
6062,48.447803,56.0
6063,48.400314,55.0
6064,48.428917,53.0
6065,48.336353,52.0
6066,48.14025,52.0
6067,47.94355,52.0
6068,47.743076,52.0
6069,47.53651,51.0
6070,47.577694,52.0
6071,47.713585,52.0
6072,47.80687,53.0
6073,47.851345,53.0
6074,47.925217,53.99999999999999
6075,47.99212,53.0
6076,48.08176,53.99999999999999
6077,48.205433,53.0
6078,48.32829,53.0
6079,48.52529,53.0
6080,48.645893,53.0
6081,48.6951,53.0
6082,48.654083,52.0
6083,48.694992,52.0
6084,48.72839,52.0
6085,48.77378,52.0
6086,48.802418,53.0
6087,48.83625,53.0
6088,48.875557,53.0
6089,48.707977,53.0
6090,48.410507,52.0
6091,48.056778,53.0
6092,48.157864,53.0
6093,47.99328,53.0
6094,47.786835,53.0
6095,47.80399,52.0
6096,47.785133,52.0
6097,47.661278,50.0
6098,47.632214,49.0
6099,47.627457,48.0
6100,47.634434,47.0
6101,47.651028,46.0
6102,47.748795,45.0
6103,47.874035,45.0
6104,47.98756,45.0
6105,48.06283,45.0
6106,48.095352,46.0
6107,48.172432,45.0
6108,48.255203,45.0
6109,48.307102,46.0
6110,48.340282,45.0
6111,48.37154,45.0
6112,48.41251,45.0
6113,48.292774,47.0
6114,48.215107,48.0
6115,48.280193,48.0
6116,48.33744,48.0
6117,48.14035,48.0
6118,47.842476,49.0
6119,47.793186,49.0
6120,47.494152,49.0
6121,47.44398,49.0
6122,47.449547,49.0
6123,47.479637,49.0
6124,47.48732,48.0
6125,47.557835,49.0
6126,47.588154,50.0
6127,47.631096,51.0
6128,47.481342,52.0
6129,47.49143,52.0
6130,47.498756,52.0
6131,47.50972,52.0
6132,47.524498,52.0
6133,47.55659,52.0
6134,47.563305,52.0
6135,47.621334,52.0
6136,47.694992,52.0
6137,47.89142,51.0
6138,48.097202,52.0
6139,48.068104,51.0
6140,48.05584,51.0
6141,47.81936,49.0
6142,47.693314,47.0
6143,47.520943,47.0
6144,47.466675,49.0
6145,47.515717,51.0
6146,47.52642,51.0
6147,47.55593,52.0
6148,47.5598,52.0
6149,47.55711,53.0
6150,47.56379,53.0
6151,47.567024,53.0
6152,47.578144,53.0
6153,47.623962,53.0
6154,47.642166,53.0
6155,47.622463,53.0
6156,47.5853,53.99999999999999
6157,47.602684,53.99999999999999
6158,47.588825,53.99999999999999
6159,47.69749,53.99999999999999
6160,47.716404,53.99999999999999
6161,47.600685,53.99999999999999
6162,47.44828,53.0
6163,47.05785,53.0
6164,46.8349,53.0
6165,46.416096,52.0
6166,46.03119,53.0
6167,45.732807,52.0
6168,45.25551,52.0
6169,45.067986,51.0
6170,45.01315,50.0
6171,44.914463,49.0
6172,44.851585,47.0
6173,44.853516,47.0
6174,44.875134,46.0
6175,44.881714,45.0
6176,44.90208,44.0
6177,44.929375,44.0
6178,44.955322,44.0
6179,45.05911,44.0
6180,45.158028,42.99999999999999
6181,45.222294,42.99999999999999
6182,45.299877,42.0
6183,45.36293,41.0
6184,45.33578,41.0
6185,45.300396,40.0
6186,45.16315,41.0
6187,45.323696,42.99999999999999
6188,45.564407,46.0
6189,45.535084,47.0
6190,45.583374,47.0
6191,45.610935,48.0
6192,45.68345,49.0
6193,45.7374,49.0
6194,45.742794,49.0
6195,45.758564,50.0
6196,45.814,51.0
6197,45.84542,52.0
6198,45.839317,53.0
6199,45.80776,53.99999999999999
6200,45.787815,53.99999999999999
6201,45.755928,55.0
6202,45.729916,55.0
6203,45.770428,55.0
6204,45.83489,55.0
6205,45.872833,56.0
6206,45.940468,56.0
6207,46.019047,56.0
6208,46.157673,56.0
6209,46.402927,56.0
6210,46.62032,56.0
6211,46.712063,55.0
6212,46.852814,53.99999999999999
6213,46.73607,53.0
6214,46.68841,53.0
6215,46.901524,53.99999999999999
6216,47.000885,53.0
6217,47.050785,53.0
6218,46.955933,53.0
6219,46.93789,53.0
6220,46.93324,52.0
6221,46.7946,51.0
6222,46.722237,48.0
6223,46.440186,45.0
6224,46.036537,42.99999999999999
6225,45.527996,40.0
6226,45.194073,40.0
6227,44.84768,38.0
6228,44.826447,39.0
6229,44.766895,38.0
6230,44.85137,38.0
6231,44.81544,38.0
6232,44.99488,38.0
6233,45.242348,38.0
6234,45.28899,37.0
6235,45.140377,38.0
6236,45.39283,39.0
6237,45.596226,39.0
6238,45.579613,39.0
6239,45.810986,39.0
6240,46.06838,39.0
6241,46.077396,42.0
6242,46.27975,44.0
6243,46.51708,45.0
6244,46.593487,46.0
6245,46.50882,48.0
6246,46.495533,49.0
6247,46.2087,51.0
6248,46.09531,52.0
6249,45.949158,52.0
6250,45.868618,53.0
6251,45.66825,53.99999999999999
6252,45.50139,53.99999999999999
6253,45.532936,55.0
6254,45.60171,56.0
6255,45.7711,57.0
6256,46.162476,58.0
6257,46.5811,59.0
6258,46.931526,60.0
6259,47.501934,61.0
6260,48.164627,61.0
6261,48.54994,62.0
6262,48.334282,62.0
6263,48.3654,62.0
6264,48.19297,62.0
6265,47.87832,61.0
6266,47.567345,61.0
6267,47.50985,61.0
6268,47.546654,53.99999999999999
6269,47.56156,53.99999999999999
6270,47.589996,53.99999999999999
6271,47.570393,55.0
6272,47.595448,55.0
6273,47.571648,56.0
6274,47.441154,56.0
6275,47.28654,56.0
6276,47.108818,57.0
6277,46.86844,58.0
6278,46.621105,58.0
6279,46.607754,58.0
6280,46.788864,58.0
6281,47.232784,58.0
6282,47.479202,58.0
6283,47.83549,58.0
6284,48.46216,58.0
6285,49.070602,59.0
6286,49.781284,60.0
6287,50.29099,61.0
6288,50.71178,61.0
6289,51.09955,62.0
6290,51.2025,63.0
6291,51.187553,64.0
6292,50.99934,53.0
6293,50.92289,52.0
6294,50.86015,51.0
6295,50.786022,49.0
6296,50.64508,49.0
6297,50.577995,49.0
6298,50.530563,51.0
6299,50.477245,51.0
6300,50.545605,51.0
6301,50.52778,51.0
6302,50.472942,51.0
6303,50.50808,52.0
6304,50.732822,52.0
6305,50.9128,52.0
6306,51.03661,52.0
6307,50.937077,52.0
6308,51.124397,52.0
6309,51.332962,52.0
6310,51.226868,52.0
6311,51.138077,51.0
6312,51.22323,50.0
6313,51.29387,49.0
6314,51.167656,48.0
6315,50.980843,48.0
6316,50.85543,42.0
6317,50.90782,42.99999999999999
6318,51.041,42.99999999999999
6319,50.93122,42.0
6320,50.69655,42.0
6321,50.414734,42.0
6322,50.044037,42.0
6323,49.663216,42.0
6324,49.49758,42.0
6325,49.087517,41.0
6326,48.550423,42.0
6327,48.031647,42.0
6328,47.96287,42.99999999999999
6329,47.787838,42.0
6330,47.41453,42.99999999999999
6331,47.131187,45.0
6332,47.062473,46.0
6333,47.49862,44.0
6334,47.249226,41.0
6335,46.70787,40.0
6336,46.522514,41.0
6337,46.348038,41.0
6338,46.21903,41.0
6339,45.92886,42.0
6340,45.689667,87.0
6341,45.9545,87.0
6342,46.144814,87.0
6343,46.271214,88.0
6344,46.38115,88.0
6345,46.522736,88.0
6346,46.661663,87.0
6347,46.724285,87.0
6348,46.738056,88.0
6349,46.67566,88.0
6350,46.787373,88.0
6351,47.12999,89.0
6352,47.72613,89.0
6353,48.64048,90.0
6354,49.590004,89.0
6355,51.09472,89.0
6356,52.208847,88.0
6357,53.153904,88.0
6358,53.787174,89.0
6359,54.248844,89.0
6360,54.433342,89.0
6361,54.565777,89.0
6362,54.555027,91.0
6363,54.392445,90.0
6364,54.463135,69.0
6365,54.493317,68.0
6366,54.55113,68.0
6367,54.608765,68.0
6368,54.67952,67.0
6369,54.584747,67.0
6370,54.400837,66.0
6371,54.28691,65.0
6372,54.326973,65.0
6373,54.35349,64.0
6374,54.425983,63.0
6375,54.334736,62.0
6376,54.180573,62.0
6377,54.8222,61.0
6378,54.973747,61.0
6379,55.245823,60.0
6380,55.774975,60.0
6381,56.515015,59.0
6382,56.126335,59.0
6383,55.847755,59.0
6384,55.938736,59.0
6385,56.125675,59.0
6386,56.155964,60.0
6387,56.125298,60.0
6388,55.943897,66.0
6389,55.962517,67.0
6390,56.009945,68.0
6391,56.04073,68.0
6392,56.087093,68.0
6393,55.93761,67.0
6394,55.748413,66.0
6395,55.822784,65.0
6396,55.895584,64.0
6397,55.863323,63.0
6398,55.808308,63.0
6399,55.68172,63.0
6400,55.46104,63.0
6401,55.187973,62.0
6402,55.38721,63.0
6403,55.457775,63.0
6404,55.87831,62.0
6405,55.732635,61.0
6406,55.850426,61.0
6407,55.878242,60.0
6408,55.784176,61.0
6409,55.72621,60.0
6410,55.62561,59.0
6411,55.631947,57.0
6412,55.646275,52.0
6413,55.55464,52.0
6414,55.469982,52.0
6415,55.40069,53.0
6416,55.35954,53.0
6417,55.32851,53.0
6418,55.269455,53.0
6419,55.23661,53.99999999999999
6420,55.239037,53.99999999999999
6421,55.24547,55.0
6422,55.215828,55.0
6423,55.122707,55.0
6424,55.030975,55.0
6425,55.101425,55.0
6426,55.049988,56.0
6427,55.120827,55.0
6428,55.26158,55.0
6429,55.3239,55.0
6430,55.469376,55.0
6431,55.427914,55.0
6432,55.368137,55.0
6433,55.041153,53.99999999999999
6434,54.817963,53.99999999999999
6435,54.752937,55.0
6436,54.694054,76.0
6437,54.73199,76.0
6438,54.783714,76.0
6439,54.761707,76.0
6440,54.7434,76.0
6441,54.729454,75.0
6442,54.712837,75.0
6443,54.710224,74.0
6444,54.72376,74.0
6445,54.640533,73.00000000000001
6446,54.590904,72.0
6447,54.56139,72.0
6448,54.61215,71.0
6449,54.53618,71.0
6450,54.521896,71.0
6451,54.488976,70.0
6452,54.33924,70.0
6453,54.416283,70.0
6454,54.450394,70.0
6455,54.58785,69.0
6456,54.674774,69.0
6457,54.698124,68.0
6458,54.687412,67.0
6459,54.70291,67.0
6460,54.69779,81.0
6461,54.84283,82.0
6462,55.046932,82.0
6463,55.149193,83.0
6464,55.258114,84.0
6465,55.326836,85.0
6466,55.45046,87.0
6467,55.583035,88.0
6468,55.677826,89.0
6469,55.798862,90.0
6470,55.953465,91.0
6471,56.23306,92.0
6472,56.650455,93.0
6473,57.354504,92.0
6474,57.25909,92.0
6475,57.591614,92.0
6476,57.81278,92.0
6477,58.290657,91.0
6478,58.769466,91.0
6479,59.11266,90.0
6480,59.342743,89.0
6481,59.473446,89.0
6482,59.527115,89.0
6483,59.55043,89.0
6484,59.612164,64.0
6485,59.60573,64.0
6486,59.54142,64.0
6487,59.49938,64.0
6488,59.510067,64.0
6489,59.49261,64.0
6490,59.423477,64.0
6491,59.400948,64.0
6492,59.397606,64.0
6493,59.37951,64.0
6494,59.393642,62.0
6495,59.366146,61.0
6496,59.161217,61.0
6497,59.0682,61.0
6498,59.035503,61.0
6499,59.1999,62.0
6500,59.19881,63.0
6501,58.744717,64.0
6502,58.50808,74.0
6503,58.18639,77.0
6504,58.081734,67.0
6505,58.09685,66.0
6506,58.012257,67.0
6507,57.97233,67.0
6508,57.94261,52.0
6509,57.87801,53.0
6510,57.82233,53.0
6511,57.798565,53.99999999999999
6512,57.45193,53.99999999999999
6513,57.162262,53.99999999999999
6514,56.772205,53.0
6515,56.578144,52.0
6516,56.503754,52.0
6517,56.440712,50.0
6518,56.378788,50.0
6519,56.289513,49.0
6520,56.209538,48.0
6521,56.056335,47.0
6522,55.549793,48.0
6523,55.043507,49.0
6524,54.507763,50.0
6525,54.05385,51.0
6526,53.69282,52.0
6527,53.726345,52.0
6528,53.785286,52.0
6529,53.890717,52.0
6530,53.933647,53.0
6531,53.92362,53.0
6532,53.92407,62.0
6533,53.939224,61.0
6534,53.928413,60.0
6535,53.929317,59.0
6536,53.914272,58.0
6537,53.806107,57.0
6538,53.78846,57.0
6539,53.787125,56.0
6540,53.774643,56.0
6541,53.755795,56.0
6542,53.725838,56.0
6543,53.684547,56.0
6544,53.660633,55.0
6545,53.62265,56.0
6546,53.828167,56.0
6547,54.027855,53.99999999999999
6548,53.57729,53.99999999999999
6549,53.306797,53.0
6550,53.143505,53.0
6551,53.17364,53.0
6552,53.14026,53.0
6553,53.14746,53.99999999999999
6554,53.181385,53.99999999999999
6555,53.205406,53.99999999999999
6556,53.216473,53.99999999999999
6557,53.218544,53.99999999999999
6558,53.219944,53.99999999999999
6559,53.205658,53.99999999999999
6560,53.190395,53.99999999999999
6561,53.181488,53.99999999999999
6562,53.158657,55.0
6563,53.14328,55.0
6564,53.12711,55.0
6565,53.106323,55.0
6566,53.102657,55.0
6567,53.09279,55.0
6568,53.446854,55.0
6569,53.549034,53.99999999999999
6570,53.04834,53.0
6571,52.86494,55.0
6572,53.376904,55.0
6573,53.566387,55.0
6574,53.39928,55.0
6575,53.302563,55.0
6576,53.23321,55.0
6577,53.261208,56.0
6578,53.302258,56.0
6579,53.328575,57.0
6580,53.336,57.0
6581,53.33516,57.0
6582,53.36729,58.0
6583,53.36529,58.0
6584,53.358192,59.0
6585,53.35115,59.0
6586,53.351467,59.0
6587,53.351246,59.0
6588,53.355835,59.0
6589,53.365345,59.0
6590,53.36271,59.0
6591,53.300697,59.0
6592,52.830734,59.0
6593,52.63686,60.0
6594,52.521225,61.0
6595,52.405117,60.0
6596,52.362152,60.0
6597,52.43406,60.0
6598,52.557713,61.0
6599,52.567352,61.0
6600,52.445343,61.0
6601,52.437378,61.0
6602,52.41812,60.0
6603,52.233387,60.0
6604,52.128326,59.0
6605,52.091393,59.0
6606,52.070816,58.0
6607,52.03871,58.0
6608,52.024723,57.0
6609,52.00385,57.0
6610,51.99364,57.0
6611,51.975857,57.0
6612,51.790977,57.0
6613,51.790176,58.0
6614,51.80955,58.0
6615,51.84974,58.0
6616,52.033127,58.0
6617,52.251957,57.0
6618,52.476154,57.0
6619,52.207268,58.0
6620,52.551006,58.0
6621,52.624493,57.0
6622,52.628857,57.0
6623,52.585823,56.0
6624,52.499496,56.0
6625,52.56501,56.0
6626,52.530224,57.0
6627,52.468193,57.0
6628,52.458282,58.0
6629,52.45022,58.0
6630,52.455338,58.0
6631,52.440273,58.0
6632,52.442123,58.0
6633,52.465233,58.0
6634,52.470707,58.0
6635,52.495235,57.0
6636,52.525887,57.0
6637,52.573273,56.0
6638,52.59904,56.0
6639,52.607357,56.0
6640,52.508614,56.0
6641,52.485065,55.0
6642,52.242645,55.0
6643,52.414886,55.0
6644,52.531605,55.0
6645,52.346382,55.0
6646,52.31876,55.0
6647,52.237698,55.0
6648,52.4002,53.99999999999999
6649,51.9861,53.99999999999999
6650,51.629715,53.0
6651,51.304234,53.0
6652,51.187466,52.0
6653,51.056107,52.0
6654,50.97037,52.0
6655,50.878147,52.0
6656,50.784157,52.0
6657,50.76336,52.0
6658,50.72765,52.0
6659,50.692413,52.0
6660,50.67235,52.0
6661,50.65171,53.0
6662,50.536224,53.0
6663,50.61874,53.0
6664,50.6595,53.0
6665,50.587265,53.99999999999999
6666,50.81722,53.0
6667,50.717525,53.0
6668,50.680473,53.0
6669,50.336308,53.0
6670,49.50481,53.0
6671,48.511696,53.0
6672,48.226326,53.0
6673,48.312927,53.99999999999999
6674,48.51726,55.0
6675,48.409924,55.0
6676,48.102795,55.0
6677,47.860046,55.0
6678,47.874874,55.0
6679,47.695732,55.0
6680,47.4364,55.0
6681,47.147133,56.0
6682,46.70275,56.0
6683,46.22262,55.0
6684,45.85424,55.0
6685,45.57436,53.99999999999999
6686,45.52765,53.99999999999999
6687,45.778362,53.99999999999999
6688,46.082237,53.99999999999999
6689,46.37722,53.99999999999999
6690,46.793327,55.0
6691,46.481724,53.99999999999999
6692,46.572323,55.0
6693,47.006092,55.0
6694,46.90668,56.0
6695,46.937214,56.0
6696,46.940086,56.0
6697,47.015656,53.99999999999999
6698,47.04282,53.99999999999999
6699,47.12597,53.0
6700,47.224136,53.0
6701,47.00984,53.0
6702,46.95945,52.0
6703,46.957302,52.0
6704,46.749485,52.0
6705,46.696575,51.0
6706,46.657116,50.0
6707,46.60886,50.0
6708,46.58389,50.0
6709,46.582916,51.0
6710,46.5968,52.0
6711,46.615593,52.0
6712,46.69533,52.0
6713,46.99537,52.0
6714,46.2613,52.0
6715,46.53434,52.0
6716,46.53969,52.0
6717,46.42112,52.0
6718,46.36166,51.0
6719,46.370327,51.0
6720,46.384827,51.0
6721,46.36638,52.0
6722,46.37163,53.0
6723,46.3927,53.0
6724,46.43616,53.99999999999999
6725,46.501743,53.99999999999999
6726,46.53062,55.0
6727,46.54695,55.0
6728,46.56493,56.0
6729,46.57823,56.0
6730,46.62855,57.0
6731,46.671337,57.0
6732,46.569798,57.0
6733,46.611866,57.0
6734,46.63949,57.0
6735,46.78839,57.0
6736,46.939354,57.0
6737,47.00876,58.0
6738,47.58112,58.0
6739,47.503403,57.0
6740,47.639904,57.0
6741,46.987823,58.0
6742,47.383648,58.0
6743,47.37781,59.0
6744,47.34677,59.0
6745,47.350845,59.0
6746,47.40997,59.0
6747,47.449257,59.0
6748,47.480095,60.0
6749,47.51423,60.0
6750,47.52318,60.0
6751,47.545334,61.0
6752,47.529064,61.0
6753,47.513176,61.0
6754,47.501823,62.0
6755,47.502514,62.0
6756,47.522987,62.0
6757,47.53588,63.0
6758,47.55682,63.0
6759,47.72475,63.0
6760,47.99451,63.0
6761,48.250725,63.0
6762,48.81981,63.0
6763,49.28872,63.0
6764,48.972923,63.0
6765,48.46911,62.0
6766,48.24355,62.0
6767,48.10986,62.0
6768,48.25999,63.0
6769,48.363186,63.0
6770,48.42714,63.0
6771,48.37525,62.0
6772,48.35711,62.0
6773,48.34079,62.0
6774,48.346157,62.0
6775,48.374176,62.0
6776,48.379833,61.0
6777,48.383247,61.0
6778,48.377728,61.0
6779,48.37251,62.0
6780,48.356174,62.0
6781,48.332775,62.0
6782,48.372437,63.0
6783,48.40933,64.0
6784,48.629025,63.0
6785,48.55852,63.0
6786,48.473656,62.0
6787,47.87345,62.0
6788,47.71435,63.0
6789,48.170235,64.0
6790,48.46555,64.0
6791,48.209667,63.0
6792,48.11867,62.0
6793,48.03285,62.0
6794,48.075706,62.0
6795,48.104713,62.0
6796,48.14307,62.0
6797,48.161034,62.0
6798,48.13771,63.0
6799,48.13115,63.0
6800,48.129715,64.0
6801,48.123653,64.0
6802,48.126736,65.0
6803,48.1372,65.0
6804,48.145527,65.0
6805,48.13468,64.0
6806,48.19317,64.0
6807,48.49006,64.0
6808,48.775715,65.0
6809,49.30321,65.0
6810,49.094143,65.0
6811,48.792244,65.0
6812,48.77081,64.0
6813,48.52337,65.0
6814,48.755547,66.0
6815,48.885242,66.0
6816,48.812378,66.0
6817,48.638977,66.0
6818,48.758842,66.0
6819,48.887554,65.0
6820,49.037827,65.0
6821,49.134373,65.0
6822,49.24762,64.0
6823,49.391815,63.0
6824,49.56312,62.0
6825,49.721085,61.0
6826,49.57713,60.0
6827,49.421215,59.0
6828,49.199783,58.0
6829,49.1779,58.0
6830,49.28065,57.0
6831,49.395683,56.0
6832,49.333946,53.99999999999999
6833,49.126137,53.99999999999999
6834,49.02578,53.99999999999999
6835,49.075436,53.0
6836,48.790688,53.99999999999999
6837,48.525562,52.0
6838,48.544758,51.0
6839,48.481186,49.0
6840,48.258793,49.0
6841,47.922356,50.0
6842,48.028477,51.0
6843,48.12297,52.0
6844,48.154774,52.0
6845,48.132755,52.0
6846,47.990723,52.0
6847,47.854782,51.0
6848,47.733368,51.0
6849,47.46066,50.0
6850,47.209625,50.0
6851,46.986595,48.0
6852,46.645542,49.0
6853,46.199394,48.0
6854,45.949577,51.0
6855,46.06116,51.0
6856,46.11432,52.0
6857,46.353165,53.0
6858,46.327145,52.0
6859,45.81873,53.0
6860,45.012913,53.0
6861,44.38799,53.0
6862,44.236706,53.0
6863,43.908344,53.0
6864,43.48523,53.0
6865,43.554733,53.0
6866,43.586018,52.0
6867,43.63628,52.0
6868,43.70324,53.0
6869,43.73722,53.0
6870,43.84044,53.0
6871,43.80606,53.99999999999999
6872,43.511627,53.99999999999999
6873,43.285007,53.99999999999999
6874,43.252968,53.99999999999999
6875,42.81371,53.99999999999999
6876,42.378063,53.99999999999999
6877,42.37603,53.99999999999999
6878,42.323753,53.0
6879,42.371273,53.0
6880,42.49322,52.0
6881,42.71725,52.0
6882,42.697327,52.0
6883,43.321423,52.0
6884,42.625134,52.0
6885,42.318707,52.0
6886,42.640553,52.0
6887,42.87165,52.0
6888,43.05065,52.0
6889,43.09031,52.0
6890,43.15448,52.0
6891,43.256485,52.0
6892,43.333076,52.0
6893,43.378227,51.0
6894,43.4578,52.0
6895,43.537724,52.0
6896,43.645203,52.0
6897,43.81033,52.0
6898,43.958145,52.0
6899,44.103645,53.0
6900,44.26189,53.0
6901,44.423588,53.0
6902,44.516113,53.0
6903,44.537106,53.99999999999999
6904,44.815994,55.0
6905,45.11622,55.0
6906,45.256413,53.99999999999999
6907,45.40533,53.99999999999999
6908,45.724663,55.0
6909,46.07152,55.0
6910,46.30257,55.0
6911,46.094925,55.0
6912,46.065365,53.99999999999999
6913,46.041508,53.99999999999999
6914,45.91212,53.99999999999999
6915,45.763317,53.99999999999999
6916,45.706215,53.99999999999999
6917,45.65154,55.0
6918,45.598476,53.99999999999999
6919,45.51174,55.0
6920,45.5393,55.0
6921,45.469826,55.0
6922,45.102966,53.99999999999999
6923,44.683308,53.99999999999999
6924,44.242786,53.99999999999999
6925,44.05909,53.99999999999999
6926,44.097755,53.99999999999999
6927,44.191,53.0
6928,44.39425,53.99999999999999
6929,44.73078,53.99999999999999
6930,44.923145,53.0
6931,44.812122,53.0
6932,44.962135,53.0
6933,44.978848,53.0
6934,44.926117,52.0
6935,44.94628,53.0
6936,44.644444,53.0
6937,44.52106,53.0
6938,44.344387,53.0
6939,44.20703,52.0
6940,44.261505,52.0
6941,44.35728,52.0
6942,44.41456,52.0
6943,44.473553,52.0
6944,44.524075,52.0
6945,44.58724,52.0
6946,44.661148,53.0
6947,44.728325,53.0
6948,44.821304,53.0
6949,44.871826,53.0
6950,44.851955,52.0
6951,44.653328,52.0
6952,44.81199,52.0
6953,44.625027,51.0
6954,43.78993,52.0
6955,43.560337,51.0
6956,43.353783,52.0
6957,43.725994,52.0
6958,43.587627,52.0
6959,43.42168,52.0
6960,43.368694,52.0
6961,43.34746,52.0
6962,43.441986,52.0
6963,43.519535,51.0
6964,43.549286,51.0
6965,43.551655,49.0
6966,43.43145,47.0
6967,43.23284,47.0
6968,43.05607,46.0
6969,42.895214,46.0
6970,42.751102,45.0
6971,42.63145,44.0
6972,42.569855,44.0
6973,42.495544,44.0
6974,42.37452,46.0
6975,42.35604,48.0
6976,42.343414,49.0
6977,42.438507,52.0
6978,43.000164,51.0
6979,42.939888,52.0
6980,43.382904,51.0
6981,43.53612,51.0
6982,43.494473,52.0
6983,43.54777,52.0
6984,43.655067,53.0
6985,43.750835,53.0
6986,43.740013,53.0
6987,43.701015,53.99999999999999
6988,43.647854,53.99999999999999
6989,43.62568,55.0
6990,43.621708,55.0
6991,43.609188,55.0
6992,43.60702,56.0
6993,43.61957,56.0
6994,43.65432,56.0
6995,43.698277,56.0
6996,43.74024,56.0
6997,43.767372,57.0
6998,43.841244,57.0
6999,43.927845,57.0
7000,43.716923,57.0
7001,44.044743,56.0
7002,43.898594,57.0
7003,44.289173,57.0
7004,44.51855,57.0
7005,44.65058,58.0
7006,44.734955,58.0
7007,44.842834,57.0
7008,44.79926,57.0
7009,44.61076,57.0
7010,44.5102,57.0
7011,44.593174,57.0
