,prediction,actual
0,64.28193,64.0
1,64.63445,64.0
2,64.94183,65.0
3,65.29966,65.0
4,65.67333,65.0
5,66.08129,66.0
6,66.48731,66.0
7,66.64897,67.0
8,67.03233,68.0
9,67.37178,69.0
10,67.74183,71.0
11,68.10144,71.0
12,68.43754,72.0
13,68.82568,73.0
14,69.33105,73.0
15,70.16802,74.0
16,70.67456,74.0
17,71.001015,74.0
18,71.38731,75.0
19,72.057976,75.0
20,72.5153,76.0
21,72.93352,75.0
22,73.14488,76.0
23,73.50513,75.0
24,73.89925,74.0
25,74.01791,74.0
26,74.29238,74.0
27,74.72449,73.0
28,75.17649,73.0
29,75.67544,72.0
30,76.1665,71.0
31,76.58716,70.0
32,76.95129,69.0
33,77.31563,68.0
34,77.59843,67.0
35,77.8711,67.0
36,78.15851,66.0
37,78.34643,65.0
38,78.508026,65.0
39,78.85429,65.0
40,79.01718,65.0
41,79.461685,65.0
42,79.808014,64.0
43,80.043846,64.0
44,80.53957,63.0
45,80.88497,64.0
46,81.11895,63.0
47,81.268295,63.0
48,81.70972,64.0
49,82.01556,64.0
50,82.33966,64.0
51,82.66343,64.0
52,83.017075,64.0
53,83.350426,64.0
54,83.73309,65.0
55,84.121544,66.0
56,84.49099,67.0
57,84.86791,67.0
58,85.2608,68.0
59,85.82004,70.0
60,86.31687,71.0
61,86.62124,73.0
62,87.09459,73.0
63,87.65363,74.0
64,87.641106,74.0
65,87.880615,74.0
66,87.83644,74.0
67,88.25538,74.0
68,88.52272,75.0
69,88.92756,75.0
70,89.284195,76.0
71,89.27938,76.0
72,89.57526,76.0
73,89.965576,76.0
74,90.22361,76.0
75,90.638794,77.0
76,91.2242,78.0
77,91.909645,78.0
78,92.69501,79.0
79,93.51154,79.0
80,94.32352,80.0
81,95.156075,81.0
82,95.95549,81.0
83,96.78544,80.0
84,97.110374,77.0
85,96.16665,77.0
86,96.15298,76.0
87,94.798325,76.0
88,94.64289,75.0
89,93.365074,75.0
90,92.94319,74.0
91,93.041794,75.0
92,93.162796,74.0
93,92.6191,73.0
94,92.3174,74.0
95,92.69829,73.0
96,92.6727,72.0
97,92.85798,73.0
98,93.513,75.0
99,94.22565,76.0
100,94.90968,76.0
101,95.62399,75.0
102,96.399216,73.0
103,97.092995,72.0
104,97.84878,71.0
105,98.70661,70.0
106,99.37517,69.0
107,100.05998,69.0
108,100.472015,69.0
109,99.47766,68.0
110,97.706085,69.0
111,94.93863,68.0
112,93.41577,69.0
113,92.959694,69.0
114,92.09919,68.0
115,91.607735,68.0
116,90.94552,69.0
117,90.91401,70.0
118,91.01749,70.0
119,91.14339,71.0
120,91.23736,71.0
121,91.354744,70.0
122,91.38863,69.0
123,91.768105,68.0
124,92.285324,69.0
125,92.79261,69.0
126,93.28622,70.0
127,93.71877,69.0
128,92.89725,69.0
129,92.19013,69.0
130,92.36085,68.0
131,91.88372,68.0
132,91.83324,69.0
133,91.6263,69.0
134,90.35967,69.0
135,89.83746,70.0
136,89.38885,70.0
137,89.340904,71.0
138,89.355965,72.0
139,89.30746,73.0
140,89.30999,72.0
141,89.04617,72.0
142,88.887474,71.0
143,88.44944,70.0
144,88.31707,70.0
145,88.29514,70.0
146,88.251686,69.0
147,87.93461,67.0
148,87.66345,65.0
149,87.764854,64.0
150,87.86099,62.0
151,87.52077,62.0
152,87.30873,62.0
153,86.94923,60.0
154,86.50576,60.0
155,86.25219,58.0
156,86.01074,58.0
157,85.96564,56.99999999999999
158,85.53592,56.0
159,84.80804,56.0
160,84.61977,55.0
161,84.294464,53.99999999999999
162,83.66324,53.0
163,83.212425,50.99999999999999
164,82.58514,50.99999999999999
165,82.237885,50.99999999999999
166,82.23653,50.99999999999999
167,82.10002,50.0
168,82.17205,47.0
169,81.99015,46.0
170,82.02095,48.00000000000001
171,81.926384,48.00000000000001
172,81.79035,45.00000000000001
173,81.57953,43.0
174,81.63827,47.0
175,82.05618,49.0
176,82.318375,50.99999999999999
177,82.71257,52.0
178,83.106606,53.0
179,83.4182,55.0
180,83.6607,55.0
181,83.64501,55.0
182,83.410164,56.0
183,83.3751,56.99999999999999
184,83.48442,56.99999999999999
185,83.595146,59.0
186,83.61404,59.0
187,83.42709,60.0
188,83.16922,59.0
189,82.897156,59.0
190,82.017334,59.0
191,81.46701,59.0
192,81.18504,59.0
193,80.382706,59.0
194,80.197754,59.0
195,79.68185,59.0
196,79.324905,59.0
197,79.169136,59.0
198,79.13858,59.0
199,79.400856,59.0
200,79.59018,59.0
201,79.96404,58.0
202,80.322044,58.0
203,80.60653,56.99999999999999
204,80.39154,56.0
205,79.769554,56.0
206,79.66603,56.0
207,79.542305,55.0
208,79.48422,53.99999999999999
209,79.54032,53.99999999999999
210,79.504906,53.0
211,79.40522,53.0
212,79.26448,53.0
213,79.14955,52.0
214,78.57187,52.0
215,78.674866,52.0
216,78.77714,52.0
217,78.84708,52.0
218,78.89815,52.0
219,78.90893,52.0
220,79.09659,53.99999999999999
221,79.43278,53.99999999999999
222,79.78917,53.99999999999999
223,80.09186,53.99999999999999
224,80.36438,53.99999999999999
225,80.7665,53.99999999999999
226,81.19459,53.99999999999999
227,81.50026,55.0
228,81.79376,55.0
229,81.422615,55.0
230,81.00156,53.99999999999999
231,80.7407,53.99999999999999
232,80.500374,53.99999999999999
233,80.22993,53.0
234,79.980736,53.0
235,79.64447,53.0
236,79.23436,53.0
237,78.801895,53.0
238,78.21752,53.0
239,77.94338,53.0
240,77.90725,53.0
241,78.06783,56.0
242,78.3408,56.99999999999999
243,78.50057,58.0
244,78.732185,59.0
245,78.998634,59.0
246,79.25932,59.0
247,79.521416,60.0
248,79.67765,60.0
249,79.87163,59.0
250,80.06281,59.0
251,80.38505,59.0
252,80.65289,60.0
253,80.63121,60.0
254,80.53186,59.0
255,80.39879,59.0
256,80.23773,59.0
257,79.76006,59.0
258,79.24989,59.0
259,78.859245,58.0
260,78.33401,59.0
261,78.37312,59.0
262,78.31228,59.0
263,78.36219,58.0
264,78.4391,58.0
265,78.551636,53.99999999999999
266,78.421455,53.0
267,78.43223,52.0
268,78.539734,48.00000000000001
269,78.39527,48.00000000000001
270,78.39964,46.0
271,78.07992,43.0
272,77.73044,42.00000000000001
273,77.541145,41.0
274,77.6024,42.00000000000001
275,77.996124,41.0
276,78.27306,40.0
277,77.979065,40.0
278,77.646454,42.00000000000001
279,77.46851,42.00000000000001
280,77.22172,42.00000000000001
281,76.92147,42.00000000000001
282,76.597755,41.0
283,76.28561,42.00000000000001
284,76.0752,41.0
285,75.83787,42.00000000000001
286,75.56905,44.0
287,75.35652,45.00000000000001
288,75.07707,48.00000000000001
289,75.167496,50.0
290,75.1856,50.99999999999999
291,75.20043,50.0
292,75.30266,50.0
293,75.43537,48.00000000000001
294,75.58275,48.00000000000001
295,75.71076,48.00000000000001
296,75.89595,50.99999999999999
297,76.15322,52.0
298,76.43719,50.99999999999999
299,76.73401,50.0
300,76.99321,50.0
301,77.08739,49.0
302,76.72324,50.0
303,76.72647,50.99999999999999
304,76.83769,53.0
305,77.05894,53.99999999999999
306,77.2184,53.99999999999999
307,77.166534,53.99999999999999
308,76.79115,55.0
309,76.872665,56.0
310,77.00449,56.0
311,76.77925,56.0
312,76.757996,55.0
313,76.589165,55.0
314,76.57582,55.0
315,76.40583,55.0
316,76.36719,56.0
317,76.594635,56.99999999999999
318,76.88429,58.0
319,77.17568,58.0
320,77.44243,59.0
321,77.77613,58.0
322,77.93464,58.0
323,78.07441,58.0
324,78.04597,56.99999999999999
325,77.65936,58.0
326,77.4395,56.99999999999999
327,76.95725,56.0
328,76.618195,55.0
329,76.43323,55.0
330,76.29555,53.99999999999999
331,76.11299,53.99999999999999
332,75.97576,53.0
333,75.545525,52.0
334,75.043625,50.99999999999999
335,74.74731,50.0
336,74.33249,48.00000000000001
337,73.93317,50.99999999999999
338,74.149574,52.0
339,74.41408,53.0
340,74.697716,53.99999999999999
341,75.00732,53.99999999999999
342,75.2844,53.99999999999999
343,75.623474,55.0
344,76.01684,55.0
345,76.37045,55.0
346,76.70812,56.99999999999999
347,77.0894,59.0
348,77.36984,59.0
349,76.90997,59.0
350,76.9878,59.0
351,76.96232,59.0
352,76.8375,60.0
353,76.77104,60.0
354,76.9213,61.0
355,77.00401,61.0
356,77.08234,63.0
357,77.11026,63.0
358,76.42991,63.0
359,76.48482,64.0
360,76.41461,63.0
361,76.06143,62.0
362,75.8112,61.0
363,75.80804,60.0
364,75.782555,60.0
365,76.02504,60.0
366,76.29663,60.0
367,76.58433,60.0
368,76.94221,61.0
369,77.27634,61.0
370,77.58368,60.0
371,78.0585,60.0
372,78.257576,60.0
373,78.1826,61.0
374,78.27935,61.0
375,78.415405,62.0
376,78.47114,62.0
377,78.5785,62.0
378,78.45075,62.0
379,78.45356,61.0
380,78.30285,61.0
381,78.15472,61.0
382,77.78186,60.0
383,77.36111,60.0
384,77.00237,60.0
385,76.913826,61.0
386,77.05928,62.0
387,77.22799,63.0
388,77.49513,63.0
389,77.74513,62.0
390,77.967316,62.0
391,78.17271,61.0
392,78.27284,61.0
393,78.53282,62.0
394,78.84299,61.0
395,79.12385,61.0
396,79.20836,62.0
397,79.20909,61.0
398,78.7906,61.0
399,78.997314,61.0
400,79.21395,61.0
401,79.147896,61.0
402,78.97328,60.0
403,78.77436,61.0
404,78.6226,60.0
405,78.25566,60.0
406,77.83825,61.0
407,77.69214,61.0
408,77.09506,61.0
409,76.639755,61.0
410,76.54037,58.0
411,76.76845,56.99999999999999
412,76.92006,56.0
413,76.70941,56.0
414,76.65578,56.0
415,76.84724,56.0
416,77.10158,56.0
417,77.29832,56.0
418,77.509,56.0
419,77.7953,55.0
420,78.11281,53.99999999999999
421,77.976585,53.99999999999999
422,78.098114,53.99999999999999
423,78.07969,53.99999999999999
424,77.61019,53.0
425,77.35846,53.0
426,77.08571,53.0
427,76.98552,53.99999999999999
428,77.013145,53.99999999999999
429,76.78532,53.0
430,76.72308,53.99999999999999
431,76.82299,53.0
432,76.60614,52.0
433,76.54503,52.0
434,76.315285,56.0
435,76.61166,56.0
436,77.00381,56.0
437,77.12499,56.0
438,77.33756,56.0
439,77.52245,56.0
440,77.945045,56.0
441,78.29789,56.99999999999999
442,78.767166,56.0
443,79.18886,56.0
444,79.555695,56.0
445,79.81884,56.99999999999999
446,80.03263,56.99999999999999
447,79.81503,58.0
448,79.75047,58.0
449,79.79405,59.0
450,79.75589,59.0
451,79.70751,59.0
452,79.70724,59.0
453,79.719955,59.0
454,79.31429,58.0
455,79.233315,58.0
456,79.51985,59.0
457,79.69937,59.0
458,79.95474,50.0
459,80.29883,49.0
460,80.67008,49.0
461,81.17535,48.00000000000001
462,81.48558,45.00000000000001
463,81.76905,45.00000000000001
464,82.23522,45.00000000000001
465,82.94487,42.00000000000001
466,83.37841,41.0
467,83.92953,40.0
468,84.43372,37.0
469,84.953705,36.0
470,85.341515,35.0
471,85.39825,37.0
472,85.63021,38.0
473,85.539215,39.00000000000001
474,85.49796,38.0
475,85.40312,40.0
476,85.687004,41.0
477,85.5676,41.0
478,85.83511,43.0
479,86.264175,44.0
480,86.51101,45.00000000000001
481,86.775696,45.00000000000001
482,87.132126,52.0
483,86.90765,52.0
484,86.16062,52.0
485,85.79886,50.99999999999999
486,85.48909,50.99999999999999
487,85.457375,52.0
488,85.50389,52.0
489,85.58082,52.0
490,85.478745,52.0
491,85.59915,52.0
492,85.66143,53.0
493,85.1952,52.0
494,84.003914,50.99999999999999
495,83.41618,50.99999999999999
496,82.912346,52.0
497,82.448555,50.99999999999999
498,82.11226,50.99999999999999
499,81.85478,50.99999999999999
500,81.63098,50.99999999999999
501,81.259995,50.99999999999999
502,80.94467,50.99999999999999
503,80.48509,52.0
504,80.01704,52.0
505,79.498,52.0
506,79.07744,56.0
507,79.469284,56.99999999999999
508,79.86406,58.0
509,80.22289,58.0
510,80.565445,56.99999999999999
511,80.742256,56.0
512,80.98195,56.99999999999999
513,81.44905,56.0
514,81.7508,56.0
515,82.231606,56.0
516,82.47197,55.0
517,82.02877,55.0
518,81.78655,55.0
519,81.69345,56.0
520,81.577995,56.99999999999999
521,81.71621,58.0
522,81.72105,58.0
523,81.71293,58.0
524,81.631676,59.0
525,81.58492,58.0
526,81.37093,59.0
527,81.819115,59.0
528,82.11008,59.0
529,82.278984,59.0
530,82.616104,76.0
531,82.785385,77.0
532,82.98037,77.0
533,83.29458,77.0
534,83.53215,77.0
535,83.67176,75.0
536,83.5288,74.0
537,83.48126,73.0
538,83.82918,72.0
539,83.95405,70.0
540,83.93859,68.0
541,84.112366,67.0
542,83.94175,67.0
543,83.36299,67.0
544,83.55637,66.0
545,83.493515,66.0
546,83.40747,66.0
547,83.1982,66.0
548,83.209946,66.0
549,82.97403,63.0
550,82.27183,63.0
551,81.76098,62.0
552,81.79982,61.0
553,81.95084,60.0
554,82.15104,65.0
555,82.17913,65.0
556,82.3287,66.0
557,82.383,66.0
558,82.519394,68.0
559,82.779366,68.0
560,83.09189,68.0
561,83.354546,67.0
562,83.80871,65.0
563,84.24579,65.0
564,84.66149,66.0
565,84.98581,70.0
566,85.30704,71.0
567,85.810326,70.0
568,86.07199,72.0
569,86.524,73.0
570,86.75605,73.0
571,86.85857,74.0
572,87.18997,73.0
573,86.97805,72.0
574,86.03984,72.0
575,84.79481,74.0
576,85.00054,75.0
577,85.19749,74.0
578,85.01047,59.0
579,85.103386,59.0
580,85.14802,59.0
581,85.19012,59.0
582,85.24367,59.0
583,85.309494,58.0
584,85.48666,58.0
585,85.66958,59.0
586,85.93087,60.0
587,86.1491,60.0
588,86.34283,60.0
589,86.515816,61.0
590,86.77464,61.0
591,86.77707,60.0
592,86.71483,60.0
593,86.593605,61.0
594,86.4461,62.0
595,86.4523,61.0
596,85.75788,60.0
597,86.18363,59.0
598,86.29085,59.0
599,86.337944,59.0
600,86.4264,60.0
601,86.32748,60.0
602,86.3934,78.0
603,86.70633,79.0
604,87.02945,81.0
605,87.35846,83.0
606,87.764694,85.0
607,88.160965,88.0
608,88.45877,88.0
609,88.57229,88.0
610,88.66143,87.00000000000001
611,88.70703,87.00000000000001
612,88.637,86.0
613,88.385666,84.00000000000001
614,88.17831,83.0
615,87.70066,81.0
616,87.61593,81.0
617,87.93727,80.0
618,87.92307,79.0
619,88.080574,80.0
620,88.07846,81.0
621,88.4303,81.0
622,88.81124,80.0
623,89.06726,78.0
624,89.34825,76.0
625,88.59017,73.0
626,87.94699,71.0
627,88.19776,69.0
628,88.516525,68.0
629,88.87981,67.0
630,89.23911,68.0
631,89.30709,69.0
632,89.6918,70.0
633,90.14954,72.0
634,90.61833,72.0
635,90.810455,72.0
636,91.07825,71.0
637,91.08815,69.0
638,91.05434,69.0
639,90.95255,68.0
640,90.13418,69.0
641,90.391075,69.0
642,90.42831,69.0
643,90.10636,68.0
644,89.49661,69.0
645,89.6838,69.0
646,89.90375,70.0
647,90.078125,69.0
648,89.23475,70.0
649,89.49261,70.0
650,89.74694,56.99999999999999
651,90.1643,59.0
652,90.66177,59.0
653,91.07906,59.0
654,90.926125,58.0
655,90.436874,56.99999999999999
656,90.14622,56.99999999999999
657,89.97448,56.99999999999999
658,89.94774,56.0
659,89.971214,56.99999999999999
660,89.5653,56.99999999999999
661,88.926216,56.99999999999999
662,88.61636,58.0
663,88.103386,58.0
664,87.83891,58.0
665,87.56386,58.0
666,87.275894,59.0
667,87.18997,59.0
668,86.89052,59.0
669,86.60036,58.0
670,86.34306,59.0
671,86.184654,59.0
672,85.91168,59.0
673,85.99527,58.0
674,85.59411,41.0
675,85.37972,41.0
676,85.28457,41.0
677,85.31642,40.0
678,85.35709,40.0
679,85.41314,41.0
680,85.62408,42.00000000000001
681,86.03558,42.00000000000001
682,86.21225,43.0
683,86.364975,42.00000000000001
684,86.554504,42.00000000000001
685,86.751656,44.0
686,86.74839,45.00000000000001
687,86.60963,46.0
688,86.40751,47.0
689,86.22743,50.0
690,85.919426,50.99999999999999
691,85.82927,50.0
692,85.429474,48.00000000000001
693,85.07189,50.0
694,84.78235,50.99999999999999
695,84.81586,52.0
696,84.903656,53.0
697,85.104034,53.0
698,84.72933,68.0
699,85.10009,68.0
700,85.4486,68.0
701,85.63966,67.0
702,85.70631,67.0
703,85.80539,67.0
704,85.90737,67.0
705,86.02995,66.0
706,86.215485,67.0
707,86.58689,67.0
708,86.91376,67.0
709,87.14553,68.0
710,87.07552,69.0
711,87.30289,69.0
712,87.38183,71.0
713,87.61101,72.0
714,87.711426,72.0
715,87.31119,72.0
716,87.312096,72.0
717,87.237946,72.0
718,87.39671,72.0
719,87.59854,72.0
720,87.25776,72.0
721,87.5035,72.0
722,87.51999,71.0
723,87.67197,71.0
724,87.65349,71.0
725,87.65495,71.0
726,87.41298,71.0
727,87.39953,71.0
728,87.338394,71.0
729,87.65637,72.0
730,88.06549,72.0
731,88.53699,71.0
732,88.74621,72.0
733,89.05083,72.0
734,88.88192,72.0
735,89.00818,72.0
736,89.041214,71.0
737,89.15318,71.0
738,89.139114,72.0
739,89.05398,71.0
740,88.90673,71.0
741,88.61956,70.0
742,88.484184,69.0
743,88.41226,71.0
744,88.58583,70.0
745,88.63931,71.0
746,89.02314,70.0
747,89.07541,71.0
748,88.99957,71.0
749,89.38749,73.0
750,89.83668,74.0
751,90.2415,76.0
752,90.645645,78.0
753,91.08087,80.0
754,91.61889,80.0
755,92.21308,82.0
756,92.65643,85.0
757,92.66618,87.00000000000001
758,93.00313,87.00000000000001
759,92.90817,86.0
760,92.793816,87.00000000000001
761,93.00666,87.00000000000001
762,93.103645,88.0
763,93.1092,87.00000000000001
764,92.83541,88.0
765,92.886566,89.0
766,92.81866,92.0
767,92.98573,93.00000000000001
768,93.26215,93.00000000000001
769,93.33537,94.0
770,93.89243,93.00000000000001
771,92.88582,93.00000000000001
772,92.970634,94.0
773,93.42607,93.00000000000001
774,93.52428,92.0
775,93.51024,91.0
776,93.73249,88.0
777,93.999596,86.0
778,93.59524,85.0
779,94.17269,83.0
780,94.68315,80.0
781,94.78982,80.0
782,94.970604,80.0
783,94.66335,80.0
784,94.69123,79.0
785,93.97994,79.0
786,94.10482,79.0
787,94.07456,79.0
788,94.06171,79.0
789,93.92341,81.0
790,94.13535,80.0
791,94.36804,78.0
792,93.446144,78.0
793,93.18936,76.0
794,93.27548,79.0
795,93.78731,80.0
796,94.33062,80.0
797,94.90035,81.0
798,95.43226,83.0
799,95.99857,83.0
800,96.29501,82.0
801,95.48629,82.0
802,94.797066,82.0
803,94.391975,81.0
804,93.66365,79.0
805,92.31205,77.0
806,90.07875,76.0
807,89.99856,76.0
808,89.8266,77.0
809,90.017624,77.0
810,90.26024,78.0
811,90.546196,78.0
812,90.61798,79.0
813,90.831345,78.0
814,91.09883,77.0
815,91.20741,77.0
816,90.69586,77.0
817,90.32362,78.0
818,90.341606,77.0
819,90.44653,77.0
820,90.82688,77.0
821,91.282234,76.0
822,91.762764,75.0
823,92.17112,75.0
824,92.71582,76.0
825,93.318184,77.0
826,93.92855,78.0
827,94.58365,80.0
828,95.033264,82.0
829,95.410934,83.0
830,95.490685,84.00000000000001
831,95.512474,87.00000000000001
832,95.809265,87.00000000000001
833,95.96285,87.00000000000001
834,96.13378,87.00000000000001
835,96.319405,87.00000000000001
836,96.27497,86.0
837,95.458405,85.0
838,95.0097,85.0
839,95.29519,85.0
840,95.38616,83.0
841,95.35225,84.00000000000001
842,95.98535,86.0
843,96.5581,85.0
844,97.04492,84.00000000000001
845,97.508354,83.0
846,97.683334,82.0
847,96.719795,81.0
848,96.77836,82.0
849,97.51933,82.0
850,98.31495,83.0
851,99.1339,83.0
852,99.64464,82.0
853,98.27153,82.0
854,96.788086,82.0
855,96.90874,79.0
856,96.38106,79.0
857,96.237114,79.0
858,96.41694,79.0
859,96.3726,79.0
860,96.48978,80.0
861,96.491295,82.0
862,96.8784,81.0
863,96.42037,81.0
864,95.52671,81.0
865,94.686584,80.0
866,94.31759,78.0
867,93.74977,77.0
868,93.39634,76.0
869,93.53057,76.0
870,93.73252,77.0
871,93.88723,77.0
872,93.96337,77.0
873,94.46594,75.0
874,94.62524,73.0
875,94.704414,71.0
876,94.25464,70.0
877,94.21722,69.0
878,93.63432,68.0
879,93.85133,67.0
880,92.93343,66.0
881,91.54679,66.0
882,91.35061,66.0
883,91.30684,64.0
884,90.22177,64.0
885,90.07846,61.0
886,89.59372,61.0
887,89.45161,61.0
888,89.29037,62.0
889,89.708145,63.0
890,90.22582,63.0
891,90.58001,64.0
892,91.006355,64.0
893,91.25984,64.0
894,91.74897,67.0
895,92.29394,68.0
896,92.89441,68.0
897,93.498604,70.0
898,94.16394,72.0
899,94.907486,72.0
900,94.25497,74.0
901,94.319336,75.0
902,93.84476,76.0
903,93.91732,76.0
904,93.20018,77.0
905,92.6877,75.0
906,92.30713,74.0
907,91.795525,75.0
908,91.65433,74.0
909,91.07333,74.0
910,90.40707,74.0
911,90.40272,74.0
912,90.12718,72.0
913,90.01669,72.0
914,90.12877,72.0
915,90.282234,75.0
916,90.60671,75.0
917,90.70069,75.0
918,91.08078,72.0
919,91.25822,72.0
920,91.8825,72.0
921,92.41462,73.0
922,92.92887,73.0
923,93.43563,74.0
924,93.82536,73.0
925,93.17737,74.0
926,92.11852,74.0
927,92.23029,74.0
928,91.86573,75.0
929,91.79699,75.0
930,91.33286,75.0
931,91.02638,75.0
932,90.920074,75.0
933,90.20041,76.0
934,88.97578,75.0
935,88.357445,75.0
936,88.35704,75.0
937,87.848045,76.0
938,88.30389,75.0
939,88.43785,71.0
940,88.26642,70.0
941,87.644806,69.0
942,87.40295,69.0
943,87.847084,67.0
944,87.93921,65.0
945,88.48322,64.0
946,89.07513,64.0
947,89.65482,65.0
948,90.07819,64.0
949,89.72277,64.0
950,89.912445,64.0
951,89.81412,65.0
952,89.98872,64.0
953,89.92388,64.0
954,89.726204,65.0
955,89.82053,65.0
956,90.039505,65.0
957,90.022606,65.0
958,90.11981,65.0
959,90.16287,65.0
960,90.31028,66.0
961,90.27458,65.0
962,90.78858,66.0
963,91.01754,66.0
964,91.123566,67.0
965,91.16482,67.0
966,91.06344,67.0
967,91.51743,69.0
968,91.86742,69.0
969,92.24328,68.0
970,92.64368,68.0
971,92.81317,67.0
972,92.24273,68.0
973,92.280365,67.0
974,91.88221,66.0
975,91.40097,65.0
976,91.027016,64.0
977,90.45116,66.0
978,90.64263,66.0
979,90.6241,66.0
980,90.21874,66.0
981,89.76661,66.0
982,89.68339,65.0
983,89.06885,66.0
984,89.2821,66.0
985,88.13638,64.0
986,87.67844,64.0
987,87.85148,63.0
988,87.18047,63.0
989,86.252716,62.0
990,85.838005,62.0
991,86.27559,62.0
992,86.498886,60.0
993,86.62184,59.0
994,86.71612,59.0
995,87.23994,59.0
996,87.47608,59.0
997,87.31223,59.0
998,86.919815,59.0
999,86.75677,60.0
1000,86.7997,60.0
1001,86.651535,60.0
1002,86.82326,59.0
1003,86.57167,59.0
1004,86.47987,59.0
1005,86.224846,59.0
1006,86.05554,61.0
1007,86.24521,60.0
1008,86.21882,60.0
1009,86.57732,60.0
1010,86.69262,59.0
1011,86.74058,59.0
1012,86.57517,60.0
1013,86.793564,60.0
1014,86.89666,59.0
1015,86.96845,58.0
1016,87.08993,58.0
1017,87.25247,58.0
1018,87.36659,56.99999999999999
1019,87.64205,56.99999999999999
1020,87.97056,55.0
1021,87.13077,55.0
1022,86.46515,55.0
1023,86.267845,53.99999999999999
1024,86.11276,53.0
1025,85.730736,52.0
1026,85.37101,50.99999999999999
1027,85.19184,52.0
1028,85.21001,52.0
1029,85.02176,52.0
1030,84.858025,52.0
1031,85.043106,53.0
1032,85.42714,52.0
1033,85.62466,53.0
1034,85.893196,53.0
1035,85.94892,53.99999999999999
1036,86.06665,53.99999999999999
1037,86.26658,55.0
1038,86.62995,55.0
1039,87.05041,55.0
1040,87.14799,55.0
1041,87.08813,56.0
1042,87.61115,56.99999999999999
1043,87.79901,56.0
1044,87.87841,58.0
1045,87.783516,58.0
1046,87.43011,58.0
1047,87.32056,59.0
1048,87.39619,59.0
1049,86.880394,59.0
1050,86.53041,59.0
1051,86.062775,58.0
1052,85.91937,58.0
1053,85.59546,58.0
1054,85.06217,56.0
1055,85.25091,56.0
1056,85.58245,56.0
1057,85.843605,56.99999999999999
1058,86.15099,56.0
1059,86.47768,56.99999999999999
1060,86.67962,56.0
1061,86.75447,56.0
1062,87.3413,56.99999999999999
1063,87.91065,56.0
1064,87.96343,56.0
1065,88.27685,55.0
1066,88.44211,53.99999999999999
1067,88.60629,55.0
1068,88.91849,53.0
1069,88.1485,53.0
1070,87.58225,52.0
1071,87.32422,52.0
1072,86.884865,52.0
1073,86.646225,52.0
1074,86.40467,52.0
1075,85.97199,52.0
1076,85.65271,52.0
1077,85.82214,52.0
1078,85.76539,53.0
1079,86.07986,52.0
1080,86.15122,53.0
1081,86.48865,50.99999999999999
1082,86.494194,52.0
1083,86.94331,48.00000000000001
1084,86.79781,50.99999999999999
1085,87.22324,48.00000000000001
1086,87.39131,48.00000000000001
1087,87.954445,53.99999999999999
1088,88.43932,56.99999999999999
1089,88.973625,58.0
1090,89.58007,59.0
1091,90.136116,60.0
1092,90.640816,62.0
1093,90.88688,63.0
1094,90.70737,65.0
1095,90.93633,65.0
1096,90.43481,65.0
1097,90.423645,65.0
1098,89.897125,65.0
1099,89.648575,65.0
1100,89.11972,65.0
1101,88.74754,65.0
1102,88.57247,65.0
1103,88.46509,65.0
1104,88.539276,65.0
1105,88.51624,66.0
1106,88.62067,65.0
1107,88.82332,67.0
1108,89.11897,66.0
1109,89.34392,67.0
1110,89.46236,67.0
1111,90.03412,65.0
1112,90.531,63.0
1113,91.09834,63.0
1114,91.642166,62.0
1115,91.61695,62.0
1116,91.91767,60.0
1117,91.228294,61.0
1118,91.315636,59.0
1119,90.934135,61.0
1120,91.16947,61.0
1121,90.84725,61.0
1122,90.4949,61.0
1123,89.97813,61.0
1124,88.94542,60.0
1125,87.93171,61.0
1126,88.03102,61.0
1127,88.11895,62.0
1128,88.28852,62.0
1129,88.44909,62.0
1130,87.92138,52.0
1131,88.06312,50.99999999999999
1132,87.81007,50.0
1133,87.85804,49.0
1134,87.48609,48.00000000000001
1135,87.60105,45.00000000000001
1136,87.66539,44.0
1137,87.91228,43.0
1138,88.07549,42.00000000000001
1139,88.290085,40.0
1140,88.4737,41.0
1141,88.74195,39.00000000000001
1142,88.05264,38.0
1143,87.72095,39.00000000000001
1144,87.32612,39.00000000000001
1145,86.92729,39.00000000000001
1146,86.495155,40.0
1147,86.12783,38.0
1148,85.70981,39.00000000000001
1149,85.45729,37.0
1150,85.21984,36.0
1151,85.066,38.0
1152,85.00296,39.00000000000001
1153,85.02693,41.0
1154,85.253136,59.0
1155,85.50087,59.0
1156,85.80679,60.0
1157,86.36121,61.0
1158,86.841995,60.0
1159,87.03933,60.0
1160,87.18538,60.0
1161,87.40985,60.0
1162,87.92886,60.0
1163,88.42273,61.0
1164,89.06166,60.0
1165,89.32834,60.0
1166,89.46102,60.0
1167,89.21413,60.0
1168,88.502945,59.0
1169,87.956604,58.0
1170,87.64081,56.99999999999999
1171,87.276924,56.99999999999999
1172,87.00941,56.99999999999999
1173,87.05697,59.0
1174,87.2385,59.0
1175,87.48608,58.0
1176,87.69898,58.0
1177,87.67523,56.99999999999999
1178,87.98346,47.0
1179,88.74461,49.0
1180,89.35366,50.0
1181,89.85989,52.0
1182,90.40767,52.0
1183,90.05043,53.0
1184,90.33864,53.0
1185,90.9485,53.99999999999999
1186,91.38173,53.99999999999999
1187,91.80243,55.0
1188,92.06905,56.0
1189,91.404366,56.0
1190,89.87741,56.0
1191,88.346176,56.0
1192,88.59371,56.99999999999999
1193,88.69779,56.99999999999999
1194,88.766304,56.99999999999999
1195,88.48988,56.99999999999999
1196,88.56022,58.0
1197,88.86568,58.0
1198,88.87734,56.99999999999999
1199,88.73233,56.99999999999999
1200,88.94931,56.0
1201,89.22365,55.0
1202,89.5636,50.99999999999999
1203,89.18421,52.0
1204,88.964,52.0
1205,88.78347,52.0
1206,88.69089,52.0
1207,88.61976,53.0
1208,88.88757,53.0
1209,89.10353,53.0
1210,88.96283,53.0
1211,88.96918,53.0
1212,88.71287,53.0
1213,88.23135,53.0
1214,87.52051,53.0
1215,86.70859,53.0
1216,85.28113,53.99999999999999
1217,85.1047,53.99999999999999
1218,84.78636,53.99999999999999
1219,84.60509,53.99999999999999
1220,84.16562,55.0
1221,84.06036,56.0
1222,83.95236,56.0
1223,83.477806,55.0
1224,82.89229,55.0
1225,82.25692,55.0
1226,82.27361,58.0
1227,82.55413,58.0
1228,82.917465,56.99999999999999
1229,83.05913,56.99999999999999
1230,83.31349,56.99999999999999
1231,83.647415,58.0
1232,84.13087,56.99999999999999
1233,84.484055,58.0
1234,84.70294,56.99999999999999
1235,84.979546,56.99999999999999
1236,84.402504,56.99999999999999
1237,84.19122,58.0
1238,84.30884,58.0
1239,84.23585,58.0
1240,83.96768,58.0
1241,83.88271,56.99999999999999
1242,83.502426,56.0
1243,82.93743,56.0
1244,82.79094,55.0
1245,82.038536,55.0
1246,81.51663,52.0
1247,81.19008,52.0
1248,81.32761,53.0
1249,81.59674,53.0
1250,81.856224,59.0
1251,82.0444,58.0
1252,82.055786,56.99999999999999
1253,82.2719,56.99999999999999
1254,82.53396,58.0
1255,82.83021,59.0
1256,83.14229,60.0
1257,83.48146,60.0
1258,83.572624,61.0
1259,83.953705,62.0
1260,83.90573,63.0
1261,83.93357,63.0
1262,84.05351,62.0
1263,83.96476,61.0
1264,84.0322,62.0
1265,83.68104,62.0
1266,83.57651,61.0
1267,83.12111,60.0
1268,82.76112,61.0
1269,82.84788,62.0
1270,83.04752,63.0
1271,83.14257,64.0
1272,83.39314,64.0
1273,83.47242,65.0
1274,83.76016,74.0
1275,83.84679,73.0
1276,83.73073,73.0
1277,83.99501,72.0
1278,83.87607,70.0
1279,84.30528,71.0
1280,84.72969,71.0
1281,85.175476,72.0
1282,85.59124,72.0
1283,86.01915,72.0
1284,86.29548,72.0
1285,86.33411,67.0
1286,85.703735,65.0
1287,85.20814,65.0
1288,85.18767,63.0
1289,85.10838,62.0
1290,84.92698,61.0
1291,84.716255,60.0
1292,84.03037,60.0
1293,83.94049,61.0
1294,83.77635,62.0
1295,83.64708,60.0
1296,83.58069,60.0
1297,83.55273,60.0
1298,83.59892,60.0
1299,83.723015,60.0
1300,83.8471,61.0
1301,84.02856,61.0
1302,84.25712,62.0
1303,84.539116,62.0
1304,84.67952,62.0
1305,85.0095,62.0
1306,85.237335,61.0
1307,85.18428,61.0
1308,85.255135,61.0
1309,85.43703,61.0
1310,85.67007,61.0
1311,85.54216,61.0
1312,85.70238,62.0
1313,86.01651,62.0
1314,86.20589,62.0
1315,86.54293,64.0
1316,86.84091,63.0
1317,86.87382,63.0
1318,87.067665,63.0
1319,87.323105,63.0
1320,87.59969,63.0
1321,87.71352,63.0
1322,87.9628,70.0
1323,87.34936,68.0
1324,87.36375,66.0
1325,87.298965,65.0
1326,87.738556,62.0
1327,87.53265,59.0
1328,87.481606,59.0
1329,87.724014,59.0
1330,87.53477,59.0
1331,87.39045,59.0
1332,87.12973,58.0
1333,86.71314,58.0
1334,86.34285,58.0
1335,86.217636,58.0
1336,85.91493,56.99999999999999
1337,85.50957,56.0
1338,85.16302,56.0
1339,85.02981,58.0
1340,85.10489,59.0
1341,85.200516,56.99999999999999
1342,84.75934,56.99999999999999
1343,84.60455,58.0
1344,84.751335,56.99999999999999
1345,84.5372,56.99999999999999
1346,84.31444,69.0
1347,84.29658,68.0
1348,84.60669,68.0
1349,84.92405,67.0
1350,84.97214,67.0
1351,85.17475,66.0
1352,85.25956,65.0
1353,85.47843,63.0
1354,85.73615,63.0
1355,85.848335,64.0
1356,86.1268,67.0
1357,86.49716,69.0
1358,87.00505,68.0
1359,86.57508,69.0
1360,86.76322,68.0
1361,86.8036,68.0
1362,86.96177,68.0
1363,86.84086,70.0
1364,87.01596,68.0
1365,87.034874,68.0
1366,87.2396,66.0
1367,86.71412,67.0
1368,86.86954,67.0
1369,87.15196,68.0
1370,87.58022,56.99999999999999
1371,87.286194,55.0
1372,87.19659,53.99999999999999
1373,87.15442,53.99999999999999
1374,87.080734,53.99999999999999
1375,87.04278,53.99999999999999
1376,86.90119,53.99999999999999
1377,86.922165,53.99999999999999
1378,87.05797,53.99999999999999
1379,86.89749,53.0
1380,86.94669,52.0
1381,86.88325,52.0
1382,86.24048,52.0
1383,85.49554,50.0
1384,84.791595,50.0
1385,84.447754,49.0
1386,83.99309,47.0
1387,83.672424,48.00000000000001
1388,83.50852,49.0
1389,83.35495,49.0
1390,83.2296,47.0
1391,82.54983,45.00000000000001
1392,82.38889,43.0
1393,82.604774,43.0
1394,82.5727,53.0
1395,82.18773,53.99999999999999
1396,82.20134,53.99999999999999
1397,82.4193,53.99999999999999
1398,82.524765,55.0
1399,82.53362,55.0
1400,82.579735,53.99999999999999
1401,82.53525,55.0
1402,82.51575,55.0
1403,82.61893,55.0
1404,82.72912,55.0
1405,83.06795,55.0
1406,83.164986,56.0
1407,83.44494,56.99999999999999
1408,83.69793,56.99999999999999
1409,83.819115,56.99999999999999
1410,83.86784,58.0
1411,83.74754,58.0
1412,83.469185,59.0
1413,83.298584,58.0
1414,82.22689,56.99999999999999
1415,82.14807,56.99999999999999
1416,82.40258,56.0
1417,82.49483,56.0
1418,82.582565,80.0
1419,82.95226,79.0
1420,83.233505,79.0
1421,83.60778,78.0
1422,84.02564,78.0
1423,84.516785,79.0
1424,85.01064,79.0
1425,85.45498,79.0
1426,85.9361,79.0
1427,86.359695,79.0
1428,86.69192,80.0
1429,86.95808,81.0
1430,87.181625,80.0
1431,87.26161,79.0
1432,87.317505,78.0
1433,87.23472,77.0
1434,87.07179,76.0
1435,86.97817,76.0
1436,86.507515,75.0
1437,86.624596,76.0
1438,86.3147,75.0
1439,85.33685,74.0
1440,85.25419,74.0
1441,85.23353,74.0
1442,85.42038,74.0
1443,85.680336,74.0
1444,85.89387,73.0
1445,86.23068,73.0
1446,86.60387,73.0
1447,87.020905,73.0
1448,87.458176,74.0
1449,87.929634,75.0
1450,88.40013,74.0
1451,88.88645,76.0
1452,89.25165,76.0
1453,89.44789,75.0
1454,89.46053,74.0
1455,89.286415,75.0
1456,89.52284,76.0
1457,89.01269,77.0
1458,89.47778,76.0
1459,89.45455,76.0
1460,89.260544,75.0
1461,89.21512,75.0
1462,89.18498,75.0
1463,88.83683,76.0
1464,89.179565,76.0
1465,89.44634,75.0
1466,89.4501,74.0
1467,88.84073,74.0
1468,89.12762,73.0
1469,89.31494,73.0
1470,89.809555,71.0
1471,89.78032,69.0
1472,89.77622,66.0
1473,89.68522,65.0
1474,89.88379,64.0
1475,90.116554,62.0
1476,90.459595,62.0
1477,90.6851,63.0
1478,90.74403,63.0
1479,90.46536,62.0
1480,90.38794,61.0
1481,89.956665,60.0
1482,89.34655,60.0
1483,89.00287,62.0
1484,89.176025,62.0
1485,89.015656,62.0
1486,88.12018,64.0
1487,88.32896,64.0
1488,88.585396,65.0
1489,88.825745,66.0
1490,89.22477,67.0
1491,89.45625,68.0
1492,89.87454,69.0
1493,90.33841,69.0
1494,90.72172,70.0
1495,91.209854,70.0
1496,91.36202,71.0
1497,91.74621,71.0
1498,92.09779,72.0
1499,92.57881,71.0
1500,92.705765,73.0
1501,93.048416,74.0
1502,93.38477,76.0
1503,93.6524,78.0
1504,93.89243,80.0
1505,94.13115,81.0
1506,94.10915,81.0
1507,94.07582,81.0
1508,93.89198,81.0
1509,93.704254,82.0
1510,93.73864,82.0
1511,94.06131,82.0
1512,93.3978,82.0
1513,93.55199,82.0
1514,94.03493,83.0
1515,94.14545,83.0
1516,94.81801,82.0
1517,94.18649,82.0
1518,94.856606,82.0
1519,95.25133,83.0
1520,95.740906,83.0
1521,95.73538,82.0
1522,95.53783,81.0
1523,95.82906,81.0
1524,95.191574,78.0
1525,94.33872,75.0
1526,93.14784,74.0
1527,93.096275,72.0
1528,93.02091,71.0
1529,92.89547,70.0
1530,92.280464,69.0
1531,91.68708,69.0
1532,91.091194,69.0
1533,90.69186,67.0
1534,89.690834,64.0
1535,89.230774,65.0
1536,89.36522,64.0
1537,89.32343,63.0
1538,89.219604,62.0
1539,89.23625,61.0
1540,89.343254,63.0
1541,89.69071,62.0
1542,89.64251,61.0
1543,89.94677,60.0
1544,89.86096,59.0
1545,90.26695,60.0
1546,90.62112,60.0
1547,91.161736,61.0
1548,91.961,61.0
1549,92.62227,62.0
1550,92.633385,62.0
1551,92.64014,61.0
1552,91.981606,60.0
1553,91.6374,60.0
1554,90.81191,60.0
1555,90.46677,60.0
1556,90.256256,60.0
1557,89.679375,61.0
1558,89.393715,61.0
1559,89.075714,60.0
1560,88.766624,59.0
1561,88.4899,59.0
1562,88.12622,58.0
1563,87.65555,58.0
1564,87.666245,56.0
1565,87.49836,56.0
1566,87.26655,55.0
1567,87.00113,56.0
1568,86.84564,55.0
1569,86.86196,56.0
1570,87.128395,55.0
1571,87.09358,53.99999999999999
1572,87.30135,53.0
1573,87.32672,52.0
1574,86.89201,50.99999999999999
1575,86.61855,52.0
1576,86.896095,53.0
1577,87.361244,53.99999999999999
1578,86.98177,53.99999999999999
1579,86.730705,53.0
1580,86.37499,53.99999999999999
1581,86.20442,53.0
1582,85.76912,53.0
1583,85.343216,53.0
1584,84.63632,53.99999999999999
1585,84.77827,53.99999999999999
1586,85.05406,58.0
1587,85.4237,59.0
1588,85.86427,61.0
1589,86.30663,63.0
1590,86.75621,63.0
1591,86.886086,63.0
1592,87.16006,64.0
1593,87.458336,64.0
1594,87.733444,64.0
1595,87.788284,64.0
1596,88.11718,64.0
1597,87.90401,64.0
1598,87.3248,64.0
1599,86.90273,63.0
1600,86.75632,62.0
1601,86.830154,63.0
1602,86.57466,63.0
1603,86.59014,63.0
1604,86.26236,63.0
1605,86.09258,64.0
1606,86.107315,64.0
1607,85.84632,64.0
1608,85.317215,63.0
1609,84.889114,63.0
1610,84.73838,59.0
1611,84.48685,58.0
1612,84.77434,56.99999999999999
1613,85.09392,56.99999999999999
1614,85.377304,56.0
1615,85.40738,56.0
1616,85.329765,55.0
1617,85.13192,53.99999999999999
1618,85.32366,53.99999999999999
1619,85.48697,53.99999999999999
1620,85.728165,53.0
1621,85.84259,53.0
1622,85.895966,53.99999999999999
1623,86.04565,53.0
1624,85.84657,53.99999999999999
1625,85.97023,55.0
1626,85.27649,56.0
1627,85.08499,56.0
1628,85.010025,56.0
1629,84.828766,56.0
1630,84.650665,55.0
1631,84.431145,56.0
1632,84.058105,56.0
1633,83.77198,56.0
1634,83.568855,55.0
1635,83.33912,53.99999999999999
1636,83.42657,53.0
1637,83.52889,52.0
1638,83.640434,53.0
1639,83.969055,53.0
1640,84.41462,55.0
1641,84.85745,56.0
1642,85.22191,56.99999999999999
1643,85.39235,58.0
1644,85.44777,58.0
1645,84.31705,59.0
1646,84.23914,58.0
1647,84.42357,58.0
1648,84.27074,56.99999999999999
1649,84.12027,56.0
1650,84.15467,56.99999999999999
1651,84.5637,56.0
1652,83.81207,55.0
1653,83.597786,56.0
1654,83.85751,59.0
1655,83.99012,59.0
1656,83.56108,59.0
1657,83.25343,59.0
1658,82.8338,59.0
1659,82.90199,60.0
1660,82.8074,60.0
1661,82.88145,60.0
1662,82.882256,60.0
1663,82.70967,60.0
1664,83.04952,59.0
1665,83.07596,59.0
1666,83.48219,59.0
1667,83.866684,58.0
1668,84.111496,58.0
1669,84.127495,58.0
1670,84.07061,59.0
1671,83.91621,60.0
1672,84.17433,60.0
1673,83.852066,59.0
1674,83.70816,58.0
1675,83.516685,59.0
1676,83.32975,59.0
1677,83.16152,59.0
1678,83.08931,56.0
1679,82.97349,56.99999999999999
1680,82.99059,58.0
1681,83.19268,59.0
1682,83.52476,59.0
1683,83.857216,60.0
1684,84.14694,60.0
1685,84.58163,61.0
1686,85.0521,61.0
1687,85.475174,61.0
1688,85.73529,61.0
1689,86.003586,61.0
1690,86.535286,60.0
1691,86.820244,61.0
1692,87.20114,62.0
1693,87.30199,62.0
1694,87.357544,62.0
1695,87.158745,62.0
1696,86.89288,62.0
1697,86.686295,62.0
1698,86.61512,62.0
1699,86.52754,62.0
1700,86.353745,62.0
1701,85.91207,61.0
1702,85.47478,62.0
1703,85.6264,61.0
1704,85.33941,60.0
1705,85.148026,59.0
1706,84.9634,59.0
1707,85.11695,59.0
1708,85.42241,58.0
1709,85.69223,58.0
1710,86.051216,58.0
1711,86.51534,59.0
1712,86.75239,59.0
1713,86.867004,56.99999999999999
1714,86.64595,56.0
1715,86.86342,56.0
1716,87.34833,56.0
1717,87.599525,56.0
1718,87.55553,56.99999999999999
1719,87.94565,56.99999999999999
1720,87.9751,58.0
1721,87.9111,58.0
1722,87.44205,58.0
1723,87.82468,60.0
1724,88.21443,60.0
1725,87.55083,61.0
1726,87.518456,60.0
1727,87.427025,60.0
1728,87.02538,59.0
1729,86.1369,59.0
1730,85.8842,59.0
1731,85.79053,59.0
1732,85.494644,59.0
1733,85.42695,58.0
1734,85.55662,59.0
1735,85.80892,59.0
1736,85.930626,60.0
1737,86.24145,62.0
1738,86.63487,62.0
1739,86.84988,62.0
1740,86.99578,63.0
1741,87.11259,64.0
1742,87.4464,66.0
1743,87.68356,65.0
1744,87.81952,66.0
1745,88.05571,66.0
1746,87.67211,67.0
1747,87.92713,66.0
1748,88.092285,67.0
1749,88.02852,67.0
1750,88.06246,66.0
1751,87.98029,67.0
1752,88.020584,68.0
1753,88.292046,68.0
1754,88.4446,69.0
1755,88.83921,68.0
1756,88.245964,69.0
1757,88.38737,69.0
1758,88.731316,68.0
1759,89.01321,68.0
1760,89.26248,67.0
1761,88.82908,66.0
1762,89.04344,66.0
1763,88.97077,65.0
1764,88.513115,64.0
1765,88.143,62.0
1766,87.68993,60.0
1767,87.47715,60.0
1768,87.230934,59.0
1769,87.2607,60.0
1770,87.33303,59.0
1771,87.35676,59.0
1772,87.10316,58.0
1773,86.431015,58.0
1774,86.48729,59.0
1775,86.64527,59.0
1776,86.31744,58.0
1777,86.079735,59.0
1778,86.49535,58.0
1779,86.53114,59.0
1780,86.87067,59.0
1781,87.085,59.0
1782,87.362564,60.0
1783,87.61886,60.0
1784,87.7585,61.0
1785,88.26583,62.0
1786,88.80434,62.0
1787,89.00138,63.0
1788,89.03035,64.0
1789,89.164024,64.0
1790,89.13244,63.0
1791,89.074,62.0
1792,88.8209,62.0
1793,88.75184,62.0
1794,88.77865,62.0
1795,88.36991,62.0
1796,88.44352,63.0
1797,88.9341,62.0
1798,88.53034,62.0
1799,88.375046,62.0
1800,88.02056,62.0
1801,87.85029,61.0
1802,87.55962,61.0
1803,87.589714,60.0
1804,87.148285,60.0
1805,87.04293,59.0
1806,86.531654,59.0
1807,86.65256,60.0
1808,86.75611,60.0
1809,87.200584,60.0
1810,87.59364,61.0
1811,87.95062,62.0
1812,88.07356,63.0
1813,88.3281,63.0
1814,88.518456,63.0
1815,88.64276,65.0
1816,88.90413,65.0
1817,88.90983,64.0
1818,88.38321,63.0
1819,88.20086,62.0
1820,87.976204,61.0
1821,87.72644,61.0
1822,87.436134,62.0
1823,87.547066,62.0
1824,87.427536,61.0
1825,87.26794,62.0
1826,87.47945,62.0
1827,87.66831,63.0
1828,88.08782,64.0
1829,88.239456,64.0
1830,88.230705,64.0
1831,87.87914,64.0
1832,88.01938,62.0
1833,88.079506,60.0
1834,88.24417,60.0
1835,88.498566,60.0
1836,88.748825,60.0
1837,88.830635,59.0
1838,88.93306,60.0
1839,89.739235,60.0
1840,89.78144,60.0
1841,89.401115,60.0
1842,89.15002,61.0
1843,88.786545,61.0
1844,88.46066,61.0
1845,87.61348,62.0
1846,87.898,62.0
1847,88.03295,62.0
1848,87.13753,62.0
1849,86.96238,62.0
1850,86.764046,61.0
1851,86.59851,61.0
1852,86.71507,61.0
1853,86.8833,61.0
1854,86.88849,61.0
1855,86.75324,61.0
1856,87.172485,61.0
1857,87.19867,61.0
1858,87.47784,61.0
1859,87.80515,60.0
1860,87.893616,58.0
1861,88.0196,59.0
1862,88.27125,58.0
1863,88.521324,58.0
1864,88.74957,60.0
1865,89.03735,60.0
1866,89.333,61.0
1867,89.15022,62.0
1868,89.27047,63.0
1869,89.323395,61.0
1870,89.18408,60.0
1871,88.56125,61.0
1872,88.53994,61.0
1873,88.65634,61.0
1874,88.61005,41.0
1875,88.57281,43.0
1876,88.81264,45.00000000000001
1877,89.05308,47.0
1878,89.3375,50.99999999999999
1879,89.78141,52.0
1880,90.18111,52.0
1881,90.52333,53.0
1882,91.028854,53.99999999999999
1883,91.17743,53.99999999999999
1884,91.3438,53.99999999999999
1885,91.09889,55.0
1886,91.10187,55.0
1887,90.6404,56.0
1888,90.471565,56.0
1889,90.02567,56.0
1890,89.64425,56.0
1891,89.361305,56.0
1892,89.06047,56.0
1893,88.78021,56.99999999999999
1894,88.36808,56.99999999999999
1895,88.05911,56.99999999999999
1896,87.77402,56.99999999999999
1897,87.44532,56.0
1898,87.42389,58.0
1899,87.80015,56.99999999999999
1900,88.02093,56.0
1901,88.043076,56.0
1902,88.15484,56.0
1903,88.267166,56.0
1904,88.28528,55.0
1905,88.24092,53.99999999999999
1906,88.2747,53.0
1907,88.27195,52.0
1908,88.528305,50.99999999999999
1909,88.689766,47.0
1910,88.544754,44.0
1911,88.42635,43.0
1912,88.32116,42.00000000000001
1913,87.89444,42.00000000000001
1914,87.794586,41.0
1915,87.32763,39.00000000000001
1916,87.06759,36.0
1917,87.062836,32.0
1918,86.87231,32.0
1919,87.15969,32.0
1920,87.446014,33.0
1921,87.56449,31.0
1922,87.548706,55.0
1923,88.07025,53.99999999999999
1924,88.599106,53.99999999999999
1925,89.316895,53.0
1926,90.07932,53.0
1927,90.68207,53.0
1928,91.27735,53.0
1929,91.98672,53.0
1930,92.77268,53.99999999999999
1931,93.5958,53.0
1932,94.433304,53.0
1933,94.14372,53.0
1934,93.88886,53.99999999999999
1935,93.91178,53.99999999999999
1936,93.606834,53.99999999999999
1937,93.74421,55.0
1938,93.97635,56.0
1939,94.16286,56.0
1940,94.29144,56.0
1941,94.47741,56.0
1942,94.35229,56.99999999999999
1943,93.93495,56.99999999999999
1944,93.61737,58.0
1945,93.64378,59.0
1946,93.94178,55.0
1947,92.31222,56.0
1948,91.72605,56.0
1949,90.99584,56.0
1950,90.488525,56.0
1951,90.56744,56.0
1952,90.509094,56.0
1953,90.58784,56.0
1954,90.673355,56.99999999999999
1955,90.98678,56.99999999999999
1956,91.35616,58.0
1957,91.23431,58.0
1958,90.027374,59.0
1959,89.92977,59.0
1960,89.57767,59.0
1961,88.959175,59.0
1962,88.39998,58.0
1963,88.03981,58.0
1964,87.63196,56.99999999999999
1965,86.75996,56.0
1966,86.447266,56.99999999999999
1967,86.28877,56.99999999999999
1968,85.766525,56.99999999999999
1969,85.370056,56.99999999999999
1970,84.96735,53.0
1971,85.34845,53.0
1972,85.42518,53.0
1973,85.54607,53.0
1974,86.03426,53.0
1975,86.28135,53.0
1976,86.70038,53.0
1977,86.95622,53.0
1978,87.39216,53.0
1979,87.659966,53.0
1980,87.12759,53.99999999999999
1981,87.064804,52.0
1982,86.73162,52.0
1983,86.42112,52.0
1984,86.11813,50.99999999999999
1985,85.862335,52.0
1986,85.49552,53.0
1987,85.39429,52.0
1988,85.14802,53.0
1989,84.82096,55.0
1990,84.962135,55.0
1991,85.06417,55.0
1992,85.05719,55.0
1993,85.242905,55.0
1994,85.622345,65.0
1995,85.910324,66.0
1996,86.23468,66.0
1997,86.39513,65.0
1998,86.56477,65.0
1999,86.78691,64.0
2000,86.86477,64.0
2001,87.05052,64.0
2002,86.8428,62.0
2003,86.46661,62.0
2004,86.475845,61.0
2005,86.5644,60.0
2006,86.28198,61.0
2007,85.96288,60.0
2008,85.55763,61.0
2009,85.421814,60.0
2010,85.25663,62.0
2011,85.2746,62.0
2012,85.281006,62.0
2013,84.83286,60.0
2014,84.420654,60.0
2015,84.277756,58.0
2016,84.10338,58.0
2017,84.100494,56.99999999999999
2018,84.098595,60.0
2019,84.32928,62.0
2020,84.67153,61.0
2021,84.46368,62.0
2022,84.49478,63.0
2023,84.8249,69.0
2024,85.417984,70.0
2025,85.78982,69.0
2026,86.18809,70.0
2027,86.57798,70.0
2028,86.94811,70.0
2029,87.19765,70.0
2030,85.75006,70.0
2031,86.10893,71.0
2032,85.81799,71.0
2033,85.79119,71.0
2034,85.73316,72.0
2035,86.043144,74.0
2036,86.24823,74.0
2037,86.453316,74.0
2038,86.63166,74.0
2039,86.49354,73.0
2040,86.30055,73.0
2041,86.5211,73.0
2042,86.65447,63.0
2043,86.85219,62.0
2044,86.81419,61.0
2045,86.525635,61.0
2046,86.69528,60.0
2047,86.24918,59.0
2048,86.04544,58.0
2049,85.90504,56.99999999999999
2050,85.58822,58.0
2051,85.86228,58.0
2052,85.89574,56.99999999999999
2053,85.78691,56.99999999999999
2054,86.004196,56.0
2055,84.16919,56.0
2056,84.074486,55.0
2057,84.0969,55.0
2058,83.95497,55.0
2059,84.30608,53.99999999999999
2060,84.42215,53.99999999999999
2061,84.67234,55.0
2062,84.97057,55.0
2063,85.135124,55.0
2064,85.38268,55.0
2065,85.54986,53.99999999999999
2066,85.301704,56.99999999999999
2067,85.12548,56.0
2068,84.977486,56.0
2069,84.66988,53.99999999999999
2070,84.55013,55.0
2071,84.74925,55.0
2072,84.7979,53.99999999999999
2073,84.83401,53.99999999999999
2074,84.71025,53.0
2075,84.54823,53.99999999999999
2076,84.72637,53.0
2077,84.70396,53.0
2078,84.41382,53.0
2079,84.254745,53.0
2080,83.73356,53.0
2081,83.2921,53.0
2082,82.89342,53.0
2083,82.72291,49.0
2084,82.20281,39.00000000000001
2085,81.57964,40.0
2086,81.26366,37.0
2087,80.70386,34.0
2088,80.56345,38.0
2089,80.66629,42.00000000000001
2090,80.788246,70.0
2091,81.193985,71.0
2092,81.60929,72.0
2093,82.01507,73.0
2094,82.35549,74.0
2095,82.7257,75.0
2096,83.07404,76.0
2097,83.50229,76.0
2098,83.925766,78.0
2099,84.311485,76.0
2100,84.44856,76.0
2101,84.62614,76.0
2102,85.272896,78.0
2103,85.69261,77.0
2104,85.32556,76.0
2105,85.15835,76.0
2106,85.43065,77.0
2107,85.68116,77.0
2108,85.86084,77.0
2109,86.092766,76.0
2110,85.57006,78.0
2111,85.83661,78.0
2112,86.03509,79.0
2113,86.27031,78.0
2114,86.50804,43.0
2115,86.279655,43.0
2116,86.344475,42.00000000000001
2117,86.34777,42.00000000000001
2118,86.43669,42.00000000000001
2119,86.424866,43.0
2120,86.379364,42.00000000000001
2121,86.37286,40.0
2122,86.32512,41.0
2123,86.26546,44.0
2124,86.397064,45.00000000000001
2125,86.277504,43.0
2126,85.470314,43.0
2127,85.17697,44.0
2128,84.650795,44.0
2129,84.46428,44.0
2130,84.12749,44.0
2131,83.848145,41.0
2132,83.40757,41.0
2133,83.51086,40.0
2134,83.61991,40.0
2135,83.57086,41.0
2136,83.67686,40.0
2137,83.68564,41.0
2138,83.74287,56.99999999999999
2139,83.6347,56.99999999999999
2140,83.65956,56.99999999999999
2141,83.80559,56.0
2142,83.71377,56.0
2143,83.665596,56.0
2144,83.64625,56.0
2145,83.707954,55.0
2146,83.74739,55.0
2147,83.788895,53.99999999999999
2148,83.92919,52.0
2149,83.773125,50.99999999999999
2150,83.33838,49.0
2151,82.94586,45.00000000000001
2152,82.75686,43.0
2153,82.433975,41.0
2154,82.078026,40.0
2155,81.81356,40.0
2156,81.505165,39.00000000000001
2157,81.13213,40.0
2158,80.88757,42.00000000000001
2159,81.10299,40.0
2160,81.12532,39.00000000000001
2161,81.239456,39.00000000000001
2162,81.45029,60.0
2163,81.4037,58.0
2164,81.488716,56.99999999999999
2165,81.581055,55.0
2166,81.586876,56.0
2167,81.659424,56.0
2168,81.67873,56.0
2169,81.85,56.99999999999999
2170,82.01591,58.0
2171,82.1787,60.0
2172,82.43356,61.0
2173,82.58257,61.0
2174,82.35467,61.0
2175,82.50017,61.0
2176,82.54172,61.0
2177,82.846985,63.0
2178,83.26764,63.0
2179,83.40978,64.0
2180,83.96515,65.0
2181,84.38919,66.0
2182,84.67135,65.0
2183,84.21509,66.0
2184,84.494804,68.0
2185,84.62319,69.0
2186,84.74068,69.0
2187,84.899124,70.0
2188,85.09218,71.0
2189,85.36807,71.0
2190,85.42994,70.0
2191,85.00886,69.0
2192,85.037865,69.0
2193,85.15053,68.0
2194,85.48724,68.0
2195,85.81859,66.0
2196,85.91731,65.0
2197,85.93387,65.0
2198,85.744225,65.0
2199,85.14758,65.0
2200,84.90717,65.0
2201,85.026276,65.0
2202,85.25347,65.0
2203,85.40138,64.0
2204,85.75519,64.0
2205,86.09051,64.0
2206,86.295654,65.0
2207,86.39564,64.0
2208,86.4028,63.0
2209,85.93473,62.0
2210,85.604256,61.0
2211,85.12546,60.0
2212,85.11583,58.0
2213,85.039665,58.0
2214,85.26317,59.0
2215,85.35531,60.0
2216,85.7375,62.0
2217,86.15051,62.0
2218,86.58116,62.0
2219,86.89728,63.0
2220,86.84336,64.0
2221,86.95594,65.0
2222,87.082886,66.0
2223,87.04077,66.0
2224,86.93784,66.0
2225,86.90205,66.0
2226,86.92636,65.0
2227,87.006615,65.0
2228,87.13642,63.0
2229,87.18102,62.0
2230,87.272575,63.0
2231,87.26005,62.0
2232,87.22738,63.0
2233,86.950806,63.0
2234,86.86019,63.0
2235,86.8026,64.0
2236,87.13818,64.0
2237,87.06483,64.0
2238,87.38136,65.0
2239,87.81205,65.0
2240,88.07382,65.0
2241,88.474464,65.0
2242,88.9107,66.0
2243,89.34039,67.0
2244,89.592186,67.0
2245,89.78883,66.0
2246,89.508095,65.0
2247,89.44475,66.0
2248,89.621254,65.0
2249,89.538826,65.0
2250,89.65006,65.0
2251,89.685005,65.0
2252,89.57114,65.0
2253,89.084724,65.0
2254,88.46746,64.0
2255,88.314804,63.0
2256,87.753685,63.0
2257,87.547226,64.0
2258,86.86446,65.0
2259,86.88119,64.0
2260,85.9368,65.0
2261,85.51249,65.0
2262,85.65057,65.0
2263,85.92018,65.0
2264,86.26582,66.0
2265,86.69169,68.0
2266,87.0938,68.0
2267,87.45971,68.0
2268,87.684845,68.0
2269,87.58665,68.0
2270,87.78535,69.0
2271,88.12651,68.0
2272,87.84489,69.0
2273,88.33166,69.0
2274,88.142105,68.0
2275,88.0139,69.0
2276,88.36738,71.0
2277,88.62146,72.0
2278,88.309425,73.0
2279,88.74071,74.0
2280,89.10239,76.0
2281,89.346664,76.0
2282,89.323524,76.0
2283,89.3555,76.0
2284,89.378586,75.0
2285,89.52537,75.0
2286,89.80786,75.0
2287,90.04366,75.0
2288,90.34165,73.0
2289,90.85444,72.0
2290,91.35557,72.0
2291,91.817986,71.0
2292,92.10509,72.0
2293,92.19495,71.0
2294,91.74967,70.0
2295,91.604065,70.0
2296,90.201935,68.0
2297,89.81276,68.0
2298,88.861206,68.0
2299,88.75829,67.0
2300,87.86714,66.0
2301,87.35692,66.0
2302,87.056305,65.0
2303,86.91723,65.0
2304,87.31053,64.0
2305,87.516075,64.0
2306,87.63599,64.0
2307,87.7909,65.0
2308,88.18884,64.0
2309,88.17628,64.0
2310,88.3382,63.0
2311,88.45977,64.0
2312,88.96488,63.0
2313,89.315956,63.0
2314,89.66298,62.0
2315,90.01357,62.0
2316,90.39364,62.0
2317,89.31333,61.0
2318,88.095436,62.0
2319,88.17204,63.0
2320,88.17625,64.0
2321,88.15932,64.0
2322,88.23582,63.0
2323,88.00755,64.0
2324,87.91575,64.0
2325,88.24652,64.0
2326,88.31576,65.0
2327,88.00107,64.0
2328,88.200836,63.0
2329,88.26565,62.0
2330,87.873924,62.0
2331,87.876884,62.0
2332,88.16257,63.0
2333,88.290985,64.0
2334,88.37761,65.0
2335,88.67085,65.0
2336,89.02462,66.0
2337,89.49845,67.0
2338,90.0169,68.0
2339,90.44839,70.0
2340,90.7103,70.0
2341,90.71622,73.0
2342,91.04008,75.0
2343,91.32413,74.0
2344,91.2965,75.0
2345,91.55946,75.0
2346,90.92696,75.0
2347,90.804306,74.0
2348,90.24832,74.0
2349,90.35191,73.0
2350,90.17058,75.0
2351,90.338104,76.0
2352,90.603065,75.0
2353,89.893814,77.0
2354,90.0851,78.0
2355,90.13777,77.0
2356,90.18087,78.0
2357,90.24774,79.0
2358,90.52093,79.0
2359,90.90955,78.0
2360,91.001785,78.0
2361,91.4078,78.0
2362,91.883255,78.0
2363,92.403534,76.0
2364,92.23834,76.0
2365,92.19374,75.0
2366,92.34089,75.0
2367,92.59285,76.0
2368,92.62454,76.0
2369,93.05692,78.0
2370,93.099205,78.0
2371,92.95652,78.0
2372,92.31215,79.0
2373,92.71573,78.0
2374,91.977005,78.0
2375,92.41392,77.0
2376,92.70681,78.0
2377,92.77364,79.0
2378,93.28421,80.0
2379,93.81508,82.0
2380,94.37515,81.0
2381,93.95421,80.0
2382,94.342094,81.0
2383,94.950035,83.0
2384,95.660675,86.0
2385,96.16322,86.0
2386,96.8117,87.00000000000001
2387,97.53653,89.0
2388,98.100914,91.0
2389,98.14517,91.0
2390,96.99379,90.00000000000001
2391,96.85165,90.00000000000001
2392,96.43742,90.00000000000001
2393,96.2698,90.00000000000001
2394,96.23487,91.0
2395,96.298,91.0
2396,95.77631,91.0
2397,95.94695,92.0
2398,95.719025,91.0
2399,95.56253,91.0
2400,95.15926,91.0
2401,95.46318,90.00000000000001
2402,95.78301,89.0
2403,96.09856,86.0
2404,95.97021,87.00000000000001
2405,95.24569,87.00000000000001
2406,94.57331,84.00000000000001
2407,93.498955,83.0
2408,93.36976,78.0
2409,93.52507,76.0
2410,93.06654,74.0
2411,93.047806,73.0
2412,93.43922,72.0
2413,93.86012,72.0
2414,94.08152,71.0
2415,93.848206,70.0
2416,93.91759,70.0
2417,93.92245,70.0
2418,93.85439,71.0
2419,93.92472,71.0
2420,93.925156,70.0
2421,93.71817,70.0
2422,93.57023,70.0
2423,93.578094,73.0
2424,94.05569,71.0
2425,93.43626,71.0
2426,93.42325,73.0
2427,93.949684,73.0
2428,93.56612,73.0
2429,93.584724,72.0
2430,92.72747,72.0
2431,92.04196,72.0
2432,92.50722,72.0
2433,92.652306,73.0
2434,92.951035,74.0
2435,93.21018,75.0
2436,93.65263,76.0
2437,94.035515,75.0
2438,91.80878,76.0
2439,92.31063,76.0
2440,92.50195,76.0
2441,92.34048,75.0
2442,91.74151,75.0
2443,91.942245,78.0
2444,92.25263,82.0
2445,92.395355,83.0
2446,92.47074,84.00000000000001
2447,92.86528,82.0
2448,92.573944,83.0
2449,92.338715,82.0
2450,91.92572,80.0
2451,91.771034,80.0
2452,91.7928,80.0
2453,92.009605,81.0
2454,91.84815,81.0
2455,91.815605,81.0
2456,92.17332,81.0
2457,92.402435,80.0
2458,92.25417,80.0
2459,92.60512,77.0
2460,92.556496,74.0
2461,92.07654,76.0
2462,92.427086,73.0
2463,92.5702,75.0
2464,92.90086,74.0
2465,92.39297,75.0
2466,92.491394,72.0
2467,92.40705,69.0
2468,92.24158,64.0
2469,92.02103,62.0
2470,90.84448,60.0
2471,89.50536,60.0
2472,88.85843,59.0
2473,87.08242,58.0
2474,86.87511,56.99999999999999
2475,86.31072,56.0
2476,86.27016,55.0
2477,85.85248,55.0
2478,85.778595,55.0
2479,85.93974,55.0
2480,86.24808,55.0
2481,86.27292,53.99999999999999
2482,85.81848,53.0
2483,84.73055,52.0
2484,84.23722,52.0
2485,83.946205,50.99999999999999
2486,83.94409,53.0
2487,84.089966,50.0
2488,83.72222,52.0
2489,83.72349,50.99999999999999
2490,83.61903,52.0
2491,83.73326,52.0
2492,83.42271,53.0
2493,83.58366,53.0
2494,83.60642,53.99999999999999
2495,83.612045,53.99999999999999
2496,83.40605,53.99999999999999
2497,83.12226,53.99999999999999
2498,82.98419,53.99999999999999
2499,82.64076,53.99999999999999
2500,82.424095,53.99999999999999
2501,82.16678,53.99999999999999
2502,82.069626,53.99999999999999
2503,82.16925,53.0
2504,82.28765,52.0
2505,82.397835,53.0
2506,82.54518,53.99999999999999
2507,82.62919,53.99999999999999
2508,82.42863,55.0
2509,82.38598,53.99999999999999
2510,82.83566,53.0
2511,82.64736,53.99999999999999
2512,83.009544,53.99999999999999
2513,82.935684,53.99999999999999
2514,83.00229,53.0
2515,82.56579,53.0
2516,82.65586,53.0
2517,82.808266,52.0
2518,82.9626,53.0
2519,82.96766,52.0
2520,82.5331,52.0
2521,82.43461,52.0
2522,82.15624,52.0
2523,82.15561,53.0
2524,82.08856,53.0
2525,81.86864,53.0
2526,81.736015,52.0
2527,81.59762,50.99999999999999
2528,81.42691,50.0
2529,81.38472,50.99999999999999
2530,81.59976,50.99999999999999
2531,81.574455,48.00000000000001
2532,80.99475,48.00000000000001
2533,80.954865,52.0
2534,81.3209,53.0
2535,81.55936,52.0
2536,81.40003,52.0
2537,81.325005,52.0
2538,81.44064,53.0
2539,81.561455,52.0
2540,81.40142,52.0
2541,81.425575,53.0
2542,81.455,52.0
2543,81.147316,52.0
2544,81.29104,53.0
2545,81.5781,53.0
2546,81.61128,53.0
2547,81.90013,53.99999999999999
2548,82.12884,53.99999999999999
2549,82.34866,55.0
2550,82.72055,56.0
2551,83.07953,56.99999999999999
2552,83.44864,56.99999999999999
2553,83.66748,56.99999999999999
2554,84.04061,58.0
2555,84.24429,58.0
2556,83.93471,56.99999999999999
2557,83.22296,56.99999999999999
2558,83.33347,56.99999999999999
2559,83.61358,56.99999999999999
2560,83.70733,56.99999999999999
2561,83.954834,56.0
2562,83.99739,56.0
2563,84.009995,56.0
2564,83.67059,56.0
2565,83.79144,56.0
2566,83.92227,56.99999999999999
2567,84.001625,56.99999999999999
2568,83.91523,56.0
2569,83.473,56.0
2570,83.35979,55.0
2571,83.23733,55.0
2572,83.29395,55.0
2573,83.44088,55.0
2574,83.55185,53.99999999999999
2575,83.42966,53.0
2576,83.37528,53.0
2577,83.270996,52.0
2578,82.78591,52.0
2579,82.711136,53.99999999999999
2580,82.91274,56.0
2581,83.10446,53.99999999999999
2582,82.83213,53.99999999999999
2583,82.854614,56.0
2584,83.15612,55.0
2585,82.83915,55.0
2586,83.034,55.0
2587,83.39621,55.0
2588,83.35934,56.0
2589,83.37632,56.0
2590,83.39713,56.0
2591,83.2468,55.0
2592,83.01771,56.0
2593,83.10384,56.0
2594,83.42946,56.0
2595,83.558586,56.99999999999999
2596,83.8197,56.0
2597,83.7512,55.0
2598,83.70996,53.99999999999999
2599,83.73712,53.0
2600,83.58522,53.0
2601,83.707664,52.0
2602,83.774155,52.0
2603,83.74479,52.0
2604,84.17833,52.0
2605,83.817375,52.0
2606,83.61375,50.99999999999999
2607,83.08578,47.0
2608,82.43036,47.0
2609,81.99534,47.0
2610,81.837776,45.00000000000001
2611,81.43427,45.00000000000001
2612,81.09473,46.0
2613,80.962776,48.00000000000001
2614,80.848854,47.0
2615,80.494316,47.0
2616,80.304115,47.0
2617,80.42169,47.0
2618,80.62599,30.0
2619,80.82397,29.0
2620,80.983406,29.0
2621,81.02755,28.0
2622,81.087204,28.0
2623,81.12377,29.0
2624,81.3481,31.0
2625,81.70893,32.0
2626,82.064575,34.0
2627,82.42699,33.0
2628,82.619446,34.0
2629,82.91448,38.0
2630,83.019356,38.0
2631,82.456085,41.0
2632,82.321106,41.0
2633,81.73983,43.0
2634,81.657295,46.0
2635,81.4532,49.0
2636,81.54156,48.00000000000001
2637,81.327034,49.0
2638,81.20161,49.0
2639,81.23942,50.0
2640,81.508194,50.99999999999999
2641,81.744545,52.0
2642,82.16986,60.0
2643,82.57147,61.0
2644,83.02592,64.0
2645,83.5835,66.0
2646,84.172966,68.0
2647,84.78783,69.0
2648,85.34445,69.0
2649,85.96035,69.0
2650,86.28909,69.0
2651,86.54263,69.0
2652,86.92528,70.0
2653,87.136696,71.0
2654,87.25985,71.0
2655,87.303154,72.0
2656,87.58987,72.0
2657,87.9889,73.0
2658,88.40973,73.0
2659,88.63647,73.0
2660,88.71199,73.0
2661,88.989975,72.0
2662,88.642845,72.0
2663,88.61566,72.0
2664,88.732185,72.0
2665,89.03557,72.0
2666,89.52931,58.0
2667,89.38505,56.99999999999999
2668,88.60157,56.99999999999999
2669,88.422195,58.0
2670,88.36984,56.99999999999999
2671,87.69884,56.0
2672,86.84715,56.99999999999999
2673,87.18722,56.99999999999999
2674,87.52053,56.0
2675,87.622574,56.0
2676,87.795425,53.99999999999999
2677,86.63254,53.99999999999999
2678,86.31233,53.99999999999999
2679,85.51262,53.0
2680,85.07323,53.0
2681,85.02984,53.99999999999999
2682,84.71786,53.0
2683,84.349945,53.0
2684,84.006386,55.0
2685,84.28392,55.0
2686,84.44626,53.99999999999999
2687,84.39287,53.99999999999999
2688,84.09281,53.99999999999999
2689,83.875206,53.99999999999999
2690,83.90237,53.99999999999999
2691,83.80349,53.99999999999999
2692,83.73077,53.99999999999999
2693,83.76261,53.0
2694,84.19599,53.0
2695,84.433624,53.99999999999999
2696,84.90381,53.99999999999999
2697,85.25443,53.99999999999999
2698,85.83999,55.0
2699,86.41482,56.0
2700,86.66995,56.0
2701,86.69941,56.0
2702,86.33303,55.0
2703,85.61661,56.0
2704,85.427795,56.0
2705,85.217476,56.0
2706,84.96295,56.0
2707,84.77336,56.0
2708,84.7598,56.0
2709,84.54054,55.0
2710,84.137344,53.99999999999999
2711,83.914406,53.99999999999999
2712,83.36084,53.0
2713,82.73485,52.0
2714,81.7986,56.0
2715,82.07199,56.0
2716,82.3873,56.0
2717,82.72225,55.0
2718,82.88532,55.0
2719,83.014854,55.0
2720,83.347984,55.0
2721,83.776955,56.0
2722,84.14555,56.99999999999999
2723,84.177,56.99999999999999
2724,84.111275,56.99999999999999
2725,84.18053,56.99999999999999
2726,83.84777,58.0
2727,84.115395,59.0
2728,84.23536,61.0
2729,84.65288,62.0
2730,84.78813,62.0
2731,85.149155,61.0
2732,84.555016,63.0
2733,84.61486,63.0
2734,84.3344,64.0
2735,84.491936,65.0
2736,84.591095,65.0
2737,84.74182,65.0
2738,84.724625,74.0
2739,85.28276,72.0
2740,85.47043,73.0
2741,85.78968,72.0
2742,85.71523,69.0
2743,85.666504,62.0
2744,85.79088,62.0
2745,86.238976,61.0
2746,86.57691,59.0
2747,86.57858,58.0
2748,86.73175,56.99999999999999
2749,86.62487,59.0
2750,86.89283,59.0
2751,86.64074,59.0
2752,86.80081,60.0
2753,86.92672,60.0
2754,86.89457,59.0
2755,87.10607,59.0
2756,86.82297,56.99999999999999
2757,85.76998,56.0
2758,85.50695,56.0
2759,85.351585,56.99999999999999
2760,85.23088,56.99999999999999
2761,85.31829,58.0
2762,85.46374,53.99999999999999
2763,85.49516,56.99999999999999
2764,85.818054,56.99999999999999
2765,85.59119,56.99999999999999
2766,85.74953,56.99999999999999
2767,85.91608,58.0
2768,86.10981,58.0
2769,86.30295,59.0
2770,86.65859,58.0
2771,86.61216,59.0
2772,86.718895,59.0
2773,86.57376,59.0
2774,86.565186,59.0
2775,85.95004,60.0
2776,86.25729,60.0
2777,86.07567,61.0
2778,85.899376,61.0
2779,86.2036,62.0
2780,86.39204,62.0
2781,86.58724,63.0
2782,86.88883,63.0
2783,86.83064,63.0
2784,87.063354,64.0
2785,87.37785,64.0
2786,87.52594,45.00000000000001
2787,87.538536,50.99999999999999
2788,87.76716,52.0
2789,87.45842,53.0
2790,87.76247,53.0
2791,87.714516,53.0
2792,87.45552,53.99999999999999
2793,87.60158,53.99999999999999
2794,86.79561,53.99999999999999
2795,86.56868,55.0
2796,86.97641,56.99999999999999
2797,87.21012,58.0
2798,86.687386,56.99999999999999
2799,86.34493,56.99999999999999
2800,86.01455,58.0
2801,85.78718,58.0
2802,85.09035,56.99999999999999
2803,84.83474,58.0
2804,84.59097,59.0
2805,84.470894,60.0
2806,84.53713,61.0
2807,84.52095,61.0
2808,84.21516,61.0
2809,84.07968,61.0
2810,84.342964,77.0
2811,84.588066,77.0
2812,84.832436,76.0
2813,85.1656,76.0
2814,85.50561,75.0
2815,85.90041,76.0
2816,86.26159,77.0
2817,86.66879,77.0
2818,87.04548,76.0
2819,87.26128,78.0
2820,87.62761,77.0
2821,87.68974,75.0
2822,87.205574,72.0
2823,86.53474,73.0
2824,86.47953,73.0
2825,86.26795,72.0
2826,86.167336,71.0
2827,85.96025,71.0
2828,86.031654,71.0
2829,85.90117,72.0
2830,85.78097,71.0
2831,86.01105,70.0
2832,86.13533,69.0
2833,86.227196,69.0
2834,86.26432,42.00000000000001
2835,86.39667,44.0
2836,86.931656,45.00000000000001
2837,87.38685,46.0
2838,87.79276,46.0
2839,87.99619,47.0
2840,88.24212,48.00000000000001
2841,88.59107,48.00000000000001
2842,88.64382,47.0
2843,88.525475,44.0
2844,88.02438,42.00000000000001
2845,87.17919,43.0
2846,86.79123,43.0
2847,86.28842,43.0
2848,85.85908,42.00000000000001
2849,85.42073,43.0
2850,85.04152,42.00000000000001
2851,84.69959,43.0
2852,84.324036,41.0
2853,83.86165,41.0
2854,83.601685,41.0
2855,83.51209,41.0
2856,83.671234,42.00000000000001
2857,83.526566,40.0
2858,83.32269,39.00000000000001
2859,83.500305,39.00000000000001
2860,83.77381,38.0
2861,83.88334,38.0
2862,83.972725,39.00000000000001
2863,84.20173,39.00000000000001
2864,84.45158,39.00000000000001
2865,84.674995,39.00000000000001
2866,84.82676,39.00000000000001
2867,84.937225,39.00000000000001
2868,85.01323,43.0
2869,85.10352,43.0
2870,84.720024,43.0
2871,84.43618,42.00000000000001
2872,84.15363,42.00000000000001
2873,83.695694,41.0
2874,83.2355,43.0
2875,83.01651,41.0
2876,82.56144,40.0
2877,81.952034,42.00000000000001
2878,81.645004,41.0
2879,81.61366,40.0
2880,81.632614,40.0
2881,81.437126,39.00000000000001
2882,81.45956,52.0
2883,81.461205,53.0
2884,81.8298,53.99999999999999
2885,82.096535,53.99999999999999
2886,82.35392,53.0
2887,82.58725,53.99999999999999
2888,82.99893,55.0
2889,83.33381,53.99999999999999
2890,83.57414,55.0
2891,83.94996,53.99999999999999
2892,84.024826,56.0
2893,84.09969,56.99999999999999
2894,84.04708,55.0
2895,83.53786,56.0
2896,83.85971,58.0
2897,84.21831,56.99999999999999
2898,83.95738,56.99999999999999
2899,83.842545,56.99999999999999
2900,83.57291,58.0
2901,83.681656,59.0
2902,83.99822,59.0
2903,83.61441,59.0
2904,83.40001,59.0
2905,83.36981,60.0
2906,83.35376,60.0
2907,83.313995,60.0
2908,83.454636,60.0
2909,83.731026,61.0
2910,83.85402,61.0
2911,84.05484,60.0
2912,84.24519,60.0
2913,84.57507,60.0
2914,84.840515,60.0
2915,85.187675,61.0
2916,85.52393,60.0
2917,85.63431,59.0
2918,85.47204,60.0
2919,85.41971,58.0
2920,84.89874,58.0
2921,84.82167,58.0
2922,84.580025,56.99999999999999
2923,84.19475,56.99999999999999
2924,83.85626,55.0
2925,83.3957,53.99999999999999
2926,82.972824,53.99999999999999
2927,82.95848,53.99999999999999
2928,82.882996,53.99999999999999
2929,82.84453,53.0
2930,82.54958,53.0
2931,82.22312,52.0
2932,82.11711,50.99999999999999
2933,82.146996,49.0
2934,82.16762,50.0
2935,82.47448,50.99999999999999
2936,82.82344,49.0
2937,82.76943,46.0
2938,82.70788,43.0
2939,82.624535,43.0
2940,82.77793,41.0
2941,81.09211,41.0
2942,80.51634,39.00000000000001
2943,80.22582,41.0
2944,80.433395,39.00000000000001
2945,80.2624,38.0
2946,79.97066,40.0
2947,80.26722,41.0
2948,80.15298,43.0
2949,80.21074,44.0
2950,79.932556,44.0
2951,79.932434,46.0
2952,80.047935,47.0
2953,80.01879,49.0
2954,80.14773,52.0
2955,80.3792,53.0
2956,80.555466,53.0
2957,80.584465,53.0
2958,80.75331,53.0
2959,80.989235,53.0
2960,81.31581,53.99999999999999
2961,81.69836,55.0
2962,82.0929,56.0
2963,82.478294,56.99999999999999
2964,82.732185,56.99999999999999
2965,82.55862,56.0
2966,81.43865,56.0
2967,81.67168,56.0
2968,82.138756,56.0
2969,82.28878,56.99999999999999
2970,82.55209,56.0
2971,82.96308,56.0
2972,83.24565,56.99999999999999
2973,83.44719,56.99999999999999
2974,83.38918,56.99999999999999
2975,83.17993,56.99999999999999
2976,83.11224,56.0
2977,83.009735,56.99999999999999
2978,83.23116,56.99999999999999
2979,83.39687,56.99999999999999
2980,83.63028,56.99999999999999
2981,83.815414,58.0
2982,84.16029,58.0
2983,84.5488,56.99999999999999
2984,84.90496,58.0
2985,85.255775,59.0
2986,85.611176,61.0
2987,85.88927,61.0
2988,86.06021,61.0
2989,84.04385,62.0
2990,83.57529,63.0
2991,83.99101,63.0
2992,84.03704,63.0
2993,84.10035,63.0
2994,83.97895,63.0
2995,84.5988,64.0
2996,84.468285,63.0
2997,84.69265,63.0
2998,84.65099,63.0
2999,84.6168,63.0
3000,84.663445,64.0
3001,84.85069,63.0
3002,85.035645,64.0
3003,85.36702,64.0
3004,85.681725,66.0
3005,86.04225,67.0
3006,86.404366,68.0
3007,86.769455,67.0
3008,86.8579,66.0
3009,86.960846,64.0
3010,86.95146,62.0
3011,87.00921,60.0
3012,87.08477,60.0
3013,86.7751,59.0
3014,86.37576,58.0
3015,85.79331,58.0
3016,85.866035,58.0
3017,85.59556,58.0
3018,84.68765,56.99999999999999
3019,84.42511,56.99999999999999
3020,84.184364,58.0
3021,84.046844,58.0
3022,83.98084,56.99999999999999
3023,82.846115,56.0
3024,82.433525,56.0
3025,82.68268,55.0
3026,82.55141,53.99999999999999
3027,82.93343,53.0
3028,82.94259,50.99999999999999
3029,82.75826,49.0
3030,82.84308,44.0
3031,82.820435,44.0
3032,82.90015,44.0
3033,82.74104,46.0
3034,82.79849,48.00000000000001
3035,83.13792,47.0
3036,83.12202,50.0
3037,83.37682,50.99999999999999
3038,83.39037,52.0
3039,83.529976,49.0
3040,83.44222,49.0
3041,83.05043,50.99999999999999
3042,82.93586,49.0
3043,82.77919,50.0
3044,82.97921,48.00000000000001
3045,82.85315,46.0
3046,82.82442,46.0
3047,82.74861,46.0
3048,82.79337,47.0
3049,83.14479,47.0
3050,83.2032,46.0
3051,83.46829,46.0
3052,83.86328,47.0
3053,84.177216,44.0
3054,84.0589,42.00000000000001
3055,84.10183,43.0
3056,84.49602,42.00000000000001
3057,84.51634,43.0
3058,84.61255,40.0
3059,84.419,40.0
3060,83.9786,39.00000000000001
3061,84.02149,39.00000000000001
3062,83.71552,38.0
3063,83.54605,39.00000000000001
3064,82.971985,40.0
3065,83.13772,41.0
3066,82.94412,42.00000000000001
3067,82.444954,41.0
3068,82.215775,43.0
3069,82.01379,48.00000000000001
3070,82.16985,50.0
3071,82.04672,52.0
3072,82.078026,52.0
3073,82.20383,53.0
3074,82.15631,53.99999999999999
3075,82.2746,53.99999999999999
3076,82.4285,53.99999999999999
3077,82.51663,55.0
3078,82.65819,56.0
3079,82.66971,56.0
3080,82.78034,56.0
3081,82.924835,56.0
3082,83.27046,56.99999999999999
3083,83.46222,58.0
3084,83.76298,59.0
3085,83.96218,60.0
3086,84.08382,60.0
3087,84.053635,61.0
3088,84.262505,61.0
3089,84.30068,60.0
3090,83.79299,60.0
3091,83.57769,60.0
3092,83.945595,61.0
3093,83.9879,61.0
3094,84.36466,62.0
3095,84.743385,61.0
3096,84.69586,61.0
3097,84.623726,61.0
3098,84.65061,61.0
3099,84.56464,61.0
3100,84.37877,62.0
3101,84.582054,62.0
3102,84.77247,63.0
3103,84.99838,65.0
3104,85.2478,66.0
3105,85.53927,67.0
3106,85.8531,68.0
3107,86.20726,67.0
3108,86.477715,66.0
3109,86.42583,65.0
3110,86.14886,65.0
3111,85.944664,65.0
3112,86.29962,65.0
3113,86.285774,66.0
3114,86.09225,66.0
3115,85.58966,66.0
3116,85.26654,66.0
3117,85.25639,65.0
3118,84.80517,64.0
3119,84.78946,64.0
3120,84.80103,64.0
3121,85.065216,64.0
3122,85.43841,66.0
3123,85.86165,68.0
3124,86.322266,67.0
3125,86.79384,68.0
3126,87.21288,68.0
3127,87.60828,66.0
3128,87.64121,65.0
3129,87.66383,65.0
3130,88.144005,67.0
3131,88.58931,69.0
3132,88.959114,69.0
3133,88.735855,72.0
3134,89.06677,75.0
3135,89.19726,74.0
3136,89.034874,74.0
3137,88.90995,74.0
3138,89.28583,75.0
3139,89.43252,75.0
3140,89.882545,75.0
3141,89.75091,78.0
3142,90.09489,79.0
3143,90.29039,82.0
3144,90.60968,86.0
3145,90.8342,87.00000000000001
3146,91.11664,88.0
3147,91.4257,89.0
3148,91.7767,90.00000000000001
3149,92.19952,89.0
3150,92.357925,88.0
3151,92.06786,89.0
3152,91.87778,90.00000000000001
3153,91.795395,89.0
3154,91.53165,90.00000000000001
3155,91.878716,88.0
3156,91.649185,89.0
3157,91.745605,88.0
3158,91.702415,87.00000000000001
3159,92.13706,88.0
3160,92.513885,89.0
3161,92.92366,89.0
3162,93.09635,89.0
3163,93.22137,88.0
3164,92.82734,88.0
3165,92.92148,87.00000000000001
3166,93.08268,86.0
3167,92.99405,84.00000000000001
3168,92.899666,80.0
3169,92.85604,79.0
3170,92.27206,76.0
3171,91.31276,74.0
3172,90.21461,73.0
3173,89.24185,74.0
3174,89.39238,73.0
3175,89.13164,75.0
3176,89.36776,75.0
3177,89.57777,74.0
3178,89.05916,71.0
3179,88.87674,70.0
3180,88.10728,68.0
3181,87.61596,68.0
3182,87.63164,66.0
3183,87.95247,65.0
3184,88.1287,65.0
3185,88.51361,64.0
3186,88.46995,64.0
3187,88.63631,64.0
3188,88.77571,64.0
3189,89.16312,63.0
3190,89.034966,63.0
3191,89.24835,62.0
3192,88.92286,61.0
3193,89.10289,60.0
3194,88.92799,60.0
3195,88.41452,60.0
3196,88.34887,60.0
3197,88.59831,63.0
3198,88.746056,64.0
3199,88.99748,64.0
3200,89.20588,63.0
3201,89.22063,64.0
3202,89.12439,65.0
3203,89.27311,66.0
3204,89.241806,66.0
3205,88.96342,66.0
3206,88.78921,67.0
3207,89.02213,67.0
3208,88.5701,67.0
3209,88.2765,67.0
3210,88.426254,68.0
3211,88.72841,68.0
3212,88.692665,70.0
3213,89.16361,71.0
3214,89.58947,70.0
3215,88.622665,71.0
3216,88.90557,71.0
3217,88.856766,72.0
3218,88.87661,71.0
3219,88.377205,71.0
3220,88.71413,71.0
3221,88.96133,68.0
3222,89.30537,67.0
3223,89.5749,67.0
3224,89.83867,68.0
3225,90.12414,68.0
3226,90.29746,68.0
3227,90.162544,68.0
3228,90.324455,69.0
3229,90.66234,69.0
3230,90.11438,68.0
3231,89.96245,67.0
3232,89.44091,67.0
3233,89.53187,67.0
3234,89.84862,67.0
3235,90.35898,66.0
3236,89.34083,65.0
3237,88.939285,63.0
3238,89.08067,62.0
3239,88.63263,62.0
3240,88.3768,62.0
3241,88.13878,62.0
3242,88.54449,64.0
3243,88.71163,64.0
3244,89.030304,65.0
3245,89.04242,63.0
3246,88.73988,62.0
3247,88.774284,60.0
3248,87.85469,59.0
3249,87.568924,58.0
3250,87.87642,58.0
3251,88.273056,58.0
3252,88.49978,58.0
3253,88.543755,59.0
3254,88.7082,60.0
3255,89.061226,61.0
3256,89.32783,61.0
3257,89.526276,61.0
3258,89.9352,60.0
3259,89.38572,62.0
3260,89.58456,63.0
3261,89.99451,64.0
3262,90.090744,65.0
3263,90.3685,65.0
3264,90.33949,65.0
3265,90.34548,64.0
3266,90.52106,63.0
3267,90.46054,62.0
3268,90.91822,62.0
3269,91.22888,64.0
3270,91.655945,65.0
3271,92.14444,68.0
3272,92.695656,69.0
3273,93.27962,70.0
3274,93.858765,72.0
3275,94.40547,74.0
3276,94.86522,76.0
3277,95.19437,77.0
3278,95.52011,78.0
3279,96.05267,79.0
3280,96.493065,79.0
3281,96.35063,80.0
3282,96.44429,82.0
3283,96.870125,82.0
3284,97.14171,83.0
3285,97.53134,83.0
3286,97.461296,84.00000000000001
3287,97.550804,86.0
3288,97.70624,87.00000000000001
3289,97.8914,89.0
3290,98.10814,90.00000000000001
3291,98.31661,91.0
3292,98.743904,92.0
3293,99.15052,91.0
3294,98.429794,91.0
3295,98.06163,90.00000000000001
3296,98.49538,91.0
3297,98.90879,90.00000000000001
3298,99.27232,89.0
3299,99.331276,88.0
3300,99.44204,84.00000000000001
3301,98.57834,84.00000000000001
3302,98.89991,85.0
3303,99.415344,84.00000000000001
3304,99.94264,83.0
3305,100.01015,83.0
3306,100.022354,82.0
3307,100.087975,81.0
3308,99.95863,81.0
3309,99.81988,80.0
3310,98.42861,80.0
3311,98.165596,78.0
3312,97.97462,77.0
3313,96.57912,78.0
3314,96.894485,78.0
3315,96.99079,77.0
3316,96.86302,76.0
3317,96.174324,75.0
3318,95.20786,75.0
3319,95.17046,73.0
3320,94.56595,72.0
3321,93.53424,71.0
3322,92.659996,71.0
3323,92.522026,69.0
3324,91.94921,69.0
3325,90.3695,68.0
3326,90.5359,66.0
3327,90.411865,65.0
3328,90.08071,67.0
3329,90.40474,68.0
3330,90.98066,68.0
3331,91.22438,67.0
3332,91.21358,66.0
3333,90.7068,66.0
3334,90.55326,65.0
3335,89.91517,65.0
3336,89.53367,65.0
3337,89.27238,62.0
3338,88.59084,48.00000000000001
3339,88.68844,48.00000000000001
3340,88.83764,50.0
3341,88.76198,50.99999999999999
3342,88.76725,50.99999999999999
3343,88.71403,52.0
3344,88.832275,52.0
3345,89.03828,52.0
3346,88.76341,52.0
3347,88.85779,53.0
3348,89.36279,53.0
3349,89.248085,53.0
3350,88.92313,53.99999999999999
3351,88.42599,53.99999999999999
3352,88.1883,55.0
3353,87.808846,53.99999999999999
3354,87.24995,53.99999999999999
3355,86.79044,53.99999999999999
3356,86.26623,53.99999999999999
3357,86.183784,53.0
3358,85.70073,53.0
3359,85.475136,53.0
3360,84.86066,52.0
3361,84.08697,52.0
3362,84.0978,53.0
3363,84.56257,53.0
3364,84.74993,53.99999999999999
3365,85.21142,55.0
3366,85.59066,55.0
3367,85.89296,55.0
3368,86.08418,53.99999999999999
3369,86.25128,53.99999999999999
3370,86.34983,53.99999999999999
3371,86.590294,53.99999999999999
3372,86.82367,55.0
3373,86.82966,53.99999999999999
3374,84.96355,53.99999999999999
3375,84.894264,53.99999999999999
3376,84.40793,55.0
3377,84.50137,55.0
3378,84.603325,53.99999999999999
3379,84.38545,53.99999999999999
3380,84.05342,53.99999999999999
3381,83.64276,55.0
3382,83.76765,56.0
3383,83.90043,56.0
3384,84.06227,56.0
3385,84.325294,55.0
3386,84.45533,72.0
3387,85.02944,73.0
3388,85.628914,71.0
3389,86.21469,70.0
3390,86.88409,68.0
3391,87.51404,68.0
3392,87.85054,68.0
3393,88.33574,68.0
3394,88.80688,69.0
3395,89.41072,69.0
3396,90.02849,70.0
3397,90.44019,69.0
3398,89.55157,69.0
3399,90.035194,69.0
3400,90.285065,69.0
3401,90.65746,68.0
3402,90.84641,68.0
3403,91.1268,68.0
3404,90.94439,68.0
3405,91.017586,68.0
3406,91.01955,69.0
3407,91.1148,69.0
3408,91.42253,69.0
3409,91.878845,70.0
3410,92.57239,53.99999999999999
3411,92.895,55.0
3412,92.540726,53.99999999999999
3413,92.47767,53.99999999999999
3414,91.77367,53.99999999999999
3415,91.270744,56.0
3416,91.758644,56.0
3417,91.9686,56.0
3418,91.76047,56.0
3419,90.823555,55.0
3420,90.36619,56.0
3421,89.568855,56.0
3422,89.028786,56.0
3423,88.174934,56.0
3424,87.30732,55.0
3425,86.95843,56.0
3426,86.60703,55.0
3427,85.95857,55.0
3428,85.544914,53.99999999999999
3429,85.12219,53.99999999999999
3430,84.60807,53.0
3431,84.06437,53.0
3432,83.391945,53.99999999999999
3433,83.21434,53.99999999999999
3434,83.24746,53.0
3435,83.274155,53.99999999999999
3436,83.48797,55.0
3437,83.97335,56.99999999999999
3438,84.44616,60.0
3439,84.883286,60.0
3440,85.29615,60.0
3441,85.54013,60.0
3442,85.81878,60.0
3443,86.06475,60.0
3444,86.05801,60.0
3445,86.137474,60.0
3446,85.61655,60.0
3447,85.32422,60.0
3448,85.323616,60.0
3449,85.25483,60.0
3450,84.622894,59.0
3451,84.09277,59.0
3452,84.06854,59.0
3453,83.701195,60.0
3454,83.95186,60.0
3455,83.4476,60.0
3456,83.12459,61.0
3457,82.835625,61.0
3458,82.6333,66.0
3459,82.90349,65.0
3460,83.00496,65.0
3461,83.15935,66.0
3462,83.424034,67.0
3463,83.70262,67.0
3464,83.61845,66.0
3465,83.55784,65.0
3466,83.55374,65.0
3467,83.4203,65.0
3468,83.64227,66.0
3469,83.83059,68.0
3470,84.074684,67.0
3471,84.3688,67.0
3472,83.87704,65.0
3473,83.960625,65.0
3474,83.98959,65.0
3475,84.30634,65.0
3476,83.89552,63.0
3477,83.22974,64.0
3478,83.40327,65.0
3479,83.620415,64.0
3480,83.38157,65.0
3481,83.46279,66.0
3482,83.54545,56.99999999999999
3483,83.74485,56.99999999999999
3484,83.86488,56.99999999999999
3485,83.81678,58.0
3486,84.18905,58.0
3487,84.19382,59.0
3488,84.58563,56.99999999999999
3489,84.93459,56.0
3490,84.78766,56.99999999999999
3491,85.12318,56.99999999999999
3492,85.410965,58.0
3493,85.538795,56.99999999999999
3494,85.27339,56.0
3495,84.394,55.0
3496,83.01795,55.0
3497,82.791214,55.0
3498,82.94784,55.0
3499,83.28606,53.99999999999999
3500,82.912415,55.0
3501,82.753746,55.0
3502,82.64746,56.0
3503,82.61987,56.0
3504,82.53889,55.0
3505,82.35079,53.99999999999999
3506,82.25231,65.0
3507,82.51737,63.0
3508,82.83179,63.0
3509,83.179985,64.0
3510,83.57161,66.0
3511,83.98743,66.0
3512,84.399414,67.0
3513,84.84154,67.0
3514,85.24503,68.0
3515,85.61874,69.0
3516,85.89654,69.0
3517,86.22368,69.0
3518,86.04512,70.0
3519,86.28472,70.0
3520,86.25344,70.0
3521,86.182304,70.0
3522,86.22611,69.0
3523,85.89111,69.0
3524,86.26898,69.0
3525,86.519905,69.0
3526,86.87377,68.0
3527,87.0708,68.0
3528,87.054,67.0
3529,87.27394,66.0
3530,87.24101,61.0
3531,87.54476,62.0
3532,87.90337,64.0
3533,88.270164,65.0
3534,88.67271,66.0
3535,89.122955,68.0
3536,89.63848,68.0
3537,90.11512,70.0
3538,90.51779,71.0
3539,90.742096,70.0
3540,90.440346,70.0
3541,90.57632,74.0
3542,90.776985,75.0
3543,90.97295,77.0
3544,91.1835,79.0
3545,91.300766,82.0
3546,91.42679,82.0
3547,91.236824,82.0
3548,91.07621,82.0
3549,90.85098,81.0
3550,90.27668,80.0
3551,90.17903,81.0
3552,90.03352,80.0
3553,89.545105,79.0
3554,88.55176,68.0
3555,88.65144,68.0
3556,88.67429,67.0
3557,88.64092,67.0
3558,88.70629,66.0
3559,88.54641,65.0
3560,88.9354,64.0
3561,89.21851,64.0
3562,89.41235,63.0
3563,89.37026,63.0
3564,89.657845,63.0
3565,89.691414,66.0
3566,89.77342,68.0
3567,90.26277,70.0
3568,90.596565,70.0
3569,90.49187,71.0
3570,90.63374,74.0
3571,90.92892,75.0
3572,91.21253,77.0
3573,91.50461,80.0
3574,91.760765,79.0
3575,91.43066,81.0
3576,91.678795,84.00000000000001
3577,91.82732,85.0
3578,92.158035,40.0
3579,91.36289,37.0
3580,91.02394,37.0
3581,90.998795,36.0
3582,91.07584,35.0
3583,90.17032,34.0
3584,89.59334,33.0
3585,89.67775,34.0
3586,89.79145,33.0
3587,89.83225,36.0
3588,89.505905,37.0
3589,87.88824,36.0
3590,85.988655,36.0
3591,85.53983,36.0
3592,85.162155,34.0
3593,84.30988,33.0
3594,83.72322,33.0
3595,83.55359,32.0
3596,82.923546,32.0
3597,82.39872,31.0
3598,81.8056,32.0
3599,81.37673,33.0
3600,81.12179,33.0
3601,80.99379,34.0
3602,80.89127,38.0
3603,80.824684,36.0
3604,80.83186,36.0
3605,80.854294,36.0
3606,81.04429,36.0
3607,81.31491,36.0
3608,81.488785,36.0
3609,81.651535,36.0
3610,81.824776,36.0
3611,82.07545,36.0
3612,82.15458,36.0
3613,82.38772,36.0
3614,81.942154,36.0
3615,80.87484,35.0
3616,79.323875,34.0
3617,79.133766,34.0
3618,78.87844,33.0
3619,78.84862,34.0
3620,78.665985,35.0
3621,78.35123,36.0
3622,78.39834,35.0
3623,77.93713,34.0
3624,77.489136,36.0
3625,77.640366,36.0
3626,77.84359,60.0
3627,78.143745,61.0
3628,78.46648,61.0
3629,78.79755,60.0
3630,79.15433,61.0
3631,79.48727,60.0
3632,79.72338,60.0
3633,80.01681,64.0
3634,80.23897,65.0
3635,80.526855,66.0
3636,80.64154,66.0
3637,80.72265,66.0
3638,81.12177,68.0
3639,81.60344,68.0
3640,81.916565,68.0
3641,81.85872,69.0
3642,82.23025,70.0
3643,82.4802,70.0
3644,82.830666,71.0
3645,83.01974,71.0
3646,83.3774,71.0
3647,83.75689,72.0
3648,83.8199,73.0
3649,84.154236,73.0
3650,84.52381,74.0
3651,84.934654,73.0
3652,85.17912,72.0
3653,85.56532,72.0
3654,85.750656,71.0
3655,86.053444,71.0
3656,86.17693,69.0
3657,85.834785,65.0
3658,85.51844,64.0
3659,85.44604,63.0
3660,85.48883,63.0
3661,85.6967,61.0
3662,85.357544,60.0
3663,85.30795,60.0
3664,85.52057,59.0
3665,85.287254,58.0
3666,84.93969,58.0
3667,85.20645,56.99999999999999
3668,84.76443,55.0
3669,84.598976,53.99999999999999
3670,84.15063,53.0
3671,84.13357,53.0
3672,84.419365,52.0
3673,84.52842,50.99999999999999
3674,84.79783,47.0
3675,84.670685,45.00000000000001
3676,84.502075,42.00000000000001
3677,84.41673,42.00000000000001
3678,84.580925,40.0
3679,84.55497,39.00000000000001
3680,84.440865,42.00000000000001
3681,84.755486,42.00000000000001
3682,84.7502,43.0
3683,85.03049,44.0
3684,84.79565,44.0
3685,84.2505,50.0
3686,84.322,52.0
3687,84.88479,50.0
3688,85.00188,52.0
3689,85.13188,52.0
3690,84.68663,52.0
3691,84.95291,50.99999999999999
3692,84.53258,52.0
3693,84.19649,53.0
3694,84.33007,53.0
3695,83.93184,52.0
3696,83.47327,50.99999999999999
3697,83.204666,50.99999999999999
3698,83.2784,52.0
3699,83.43427,53.0
3700,83.55328,53.99999999999999
3701,83.80154,55.0
3702,83.975845,55.0
3703,84.19529,56.0
3704,84.54787,55.0
3705,84.844955,56.0
3706,85.18744,56.99999999999999
3707,85.520706,62.0
3708,85.647804,62.0
3709,85.8505,61.0
3710,85.750404,61.0
3711,85.99922,61.0
3712,86.267944,60.0
3713,85.6493,61.0
3714,85.88264,60.0
3715,85.624466,61.0
3716,85.57689,61.0
3717,85.7114,62.0
3718,85.97574,63.0
3719,86.06904,63.0
3720,85.96837,64.0
3721,86.28198,65.0
3722,86.723976,65.0
3723,87.13583,65.0
3724,87.45987,64.0
3725,87.49086,63.0
3726,87.33899,63.0
3727,86.852875,63.0
3728,87.13666,63.0
3729,87.40108,63.0
3730,87.11586,62.0
3731,86.90473,56.99999999999999
3732,86.51778,56.0
3733,86.58406,56.99999999999999
3734,86.50865,56.0
3735,86.191925,55.0
3736,85.992065,56.0
3737,85.78766,55.0
3738,85.665474,55.0
3739,85.11438,55.0
3740,84.945946,55.0
3741,85.02573,53.0
3742,84.779305,53.0
3743,84.65502,53.0
3744,84.39082,52.0
3745,84.23955,52.0
3746,84.40593,52.0
3747,84.60263,52.0
3748,84.72101,52.0
3749,84.82761,52.0
3750,84.93672,53.0
3751,85.11628,53.0
3752,85.36798,52.0
3753,85.26693,52.0
3754,85.453545,53.0
3755,85.65168,53.0
3756,85.49694,53.0
3757,85.56177,52.0
3758,85.2873,53.0
3759,85.42146,53.0
3760,85.60247,53.99999999999999
3761,85.95903,53.0
3762,85.5425,53.0
3763,85.13731,53.0
3764,84.45906,52.0
3765,84.00002,52.0
3766,84.17285,50.99999999999999
3767,84.13932,52.0
3768,84.07748,50.99999999999999
3769,83.64533,48.00000000000001
3770,83.255875,48.00000000000001
3771,83.41224,46.0
3772,83.26691,46.0
3773,83.32281,46.0
3774,83.303795,45.00000000000001
3775,83.43246,44.0
3776,83.57149,43.0
3777,83.63374,43.0
3778,83.90219,43.0
3779,84.17847,47.0
3780,84.4091,49.0
3781,84.80231,50.0
3782,84.81833,48.00000000000001
3783,84.583305,47.0
3784,84.53965,44.0
3785,84.09763,44.0
3786,83.80571,44.0
3787,83.51356,44.0
3788,83.186745,46.0
3789,83.34964,50.99999999999999
3790,83.57174,53.0
3791,83.7549,52.0
3792,83.42533,52.0
3793,83.07522,52.0
3794,82.9504,52.0
3795,82.90931,52.0
3796,83.06716,52.0
3797,83.170715,53.0
3798,83.42069,53.0
3799,83.460106,53.0
3800,83.264786,53.0
3801,83.1737,53.0
3802,82.88751,52.0
3803,82.70453,52.0
3804,83.08506,52.0
3805,83.56217,52.0
3806,83.6158,53.0
3807,83.71271,53.0
3808,83.86695,53.0
3809,83.38692,53.0
3810,83.49586,53.0
3811,83.481766,53.0
3812,83.21767,53.99999999999999
3813,83.37508,53.0
3814,83.872665,52.0
3815,83.89576,53.0
3816,83.98188,53.99999999999999
3817,83.94327,53.99999999999999
3818,83.9554,53.99999999999999
3819,84.027374,53.99999999999999
3820,84.179,53.99999999999999
3821,84.46031,53.99999999999999
3822,84.59643,53.99999999999999
3823,84.72889,55.0
3824,85.08677,55.0
3825,85.135925,56.0
3826,85.52375,56.0
3827,85.58761,56.0
3828,85.90063,56.0
3829,86.23068,56.0
3830,86.37376,56.0
3831,86.52339,56.99999999999999
3832,86.60546,58.0
3833,86.77247,59.0
3834,86.95712,59.0
3835,87.12353,60.0
3836,86.928375,60.0
3837,86.67656,59.0
3838,86.52955,59.0
3839,86.61098,59.0
3840,86.55878,59.0
3841,86.584915,60.0
3842,86.80293,60.0
3843,86.82014,60.0
3844,86.91479,60.0
3845,87.24574,60.0
3846,87.133385,60.0
3847,87.2183,60.0
3848,87.38674,61.0
3849,87.77547,61.0
3850,87.869286,61.0
3851,87.9804,60.0
3852,87.67247,60.0
3853,87.44861,60.0
3854,87.45574,60.0
3855,87.11253,60.0
3856,87.1025,60.0
3857,87.05108,59.0
3858,87.092674,60.0
3859,87.07093,59.0
3860,86.31325,60.0
3861,86.47686,60.0
3862,85.79259,60.0
3863,85.68769,61.0
3864,85.73196,61.0
3865,85.692635,61.0
3866,85.385124,61.0
3867,85.5525,61.0
3868,85.55502,61.0
3869,85.763954,62.0
3870,86.03728,62.0
3871,86.28159,62.0
3872,86.47519,61.0
3873,86.83018,62.0
3874,87.24957,62.0
3875,87.586464,63.0
3876,87.60812,64.0
3877,87.81793,63.0
3878,87.30279,63.0
3879,87.11675,63.0
3880,86.943726,63.0
3881,86.74037,63.0
3882,86.71446,64.0
3883,86.877304,64.0
3884,86.36099,63.0
3885,86.323364,64.0
3886,86.37419,63.0
3887,86.1943,63.0
3888,86.13989,64.0
3889,86.09758,65.0
3890,86.35631,65.0
3891,86.532684,66.0
3892,86.71436,66.0
3893,86.74254,66.0
3894,87.00941,66.0
3895,87.38496,66.0
3896,87.18855,66.0
3897,87.36162,66.0
3898,87.51661,65.0
3899,87.43335,64.0
3900,87.14414,63.0
3901,87.111626,63.0
3902,86.56601,63.0
3903,85.93289,62.0
3904,85.4413,62.0
3905,84.74495,61.0
3906,84.18896,59.0
3907,83.57431,59.0
3908,82.9093,59.0
3909,82.677,59.0
3910,82.63679,58.0
3911,82.10677,56.99999999999999
3912,81.656296,56.0
3913,81.37618,56.0
3914,81.39851,56.0
3915,81.60245,56.0
3916,81.65952,56.0
3917,81.47548,55.0
3918,81.5537,53.99999999999999
3919,81.64907,53.99999999999999
3920,81.52476,53.99999999999999
3921,81.83677,53.99999999999999
3922,82.200745,55.0
3923,82.54921,56.99999999999999
3924,82.82182,58.0
3925,82.97549,59.0
3926,83.075264,60.0
3927,83.260025,60.0
3928,83.01885,60.0
3929,82.87446,61.0
3930,82.97836,61.0
3931,82.66042,62.0
3932,82.55373,62.0
3933,82.418106,62.0
3934,82.539444,62.0
3935,81.49281,62.0
3936,81.71934,62.0
3937,82.022575,62.0
3938,82.32937,61.0
3939,82.62896,62.0
3940,82.973854,65.0
3941,83.342476,67.0
3942,83.69923,67.0
3943,84.00646,68.0
3944,84.328804,67.0
3945,84.50638,68.0
3946,84.87909,67.0
3947,85.05997,66.0
3948,84.95954,65.0
3949,84.69816,64.0
3950,84.10727,63.0
3951,83.92434,63.0
3952,83.71256,63.0
3953,83.3194,62.0
3954,82.7877,62.0
3955,82.08533,63.0
3956,81.88383,62.0
3957,81.231186,61.0
3958,80.89479,61.0
3959,80.27948,61.0
3960,79.95232,60.0
3961,79.40452,60.0
3962,79.21485,60.0
3963,79.34188,59.0
3964,79.26938,55.0
3965,79.34592,53.0
3966,79.45744,53.0
3967,79.751205,53.0
3968,80.06528,53.99999999999999
3969,80.41482,53.0
3970,80.761505,52.0
3971,80.82444,53.0
3972,80.958046,53.0
3973,80.645226,53.99999999999999
3974,80.53163,53.99999999999999
3975,80.47085,53.99999999999999
3976,80.33117,53.99999999999999
3977,80.10345,55.0
3978,80.043976,55.0
3979,79.84694,53.99999999999999
3980,79.691795,53.99999999999999
3981,79.23128,55.0
3982,79.40048,56.99999999999999
3983,79.349396,56.0
3984,79.121864,56.99999999999999
3985,78.775566,56.99999999999999
3986,78.91182,59.0
3987,79.106575,59.0
3988,79.382065,61.0
3989,79.66163,61.0
3990,79.94972,62.0
3991,80.233986,62.0
3992,80.51478,61.0
3993,80.696655,61.0
3994,80.89799,62.0
3995,81.09548,61.0
3996,81.12224,63.0
3997,81.41577,63.0
3998,81.32232,64.0
3999,81.44887,63.0
4000,81.05365,63.0
4001,80.75331,63.0
4002,80.43869,63.0
4003,79.95873,62.0
4004,79.58497,63.0
4005,79.14728,62.0
4006,78.909966,61.0
4007,78.875145,61.0
4008,79.020966,61.0
4009,79.087906,60.0
4010,79.12778,58.0
4011,79.07773,56.99999999999999
4012,79.02538,56.0
4013,79.138016,56.0
4014,79.136795,55.0
4015,79.22793,53.99999999999999
4016,79.09496,53.99999999999999
4017,79.41119,53.99999999999999
4018,79.39292,53.0
4019,79.2596,52.0
4020,79.241,50.0
4021,79.295944,48.00000000000001
4022,78.9095,45.00000000000001
4023,78.92395,50.99999999999999
4024,78.97022,52.0
4025,78.88995,50.99999999999999
4026,78.55103,52.0
4027,78.3739,50.99999999999999
4028,78.08279,50.99999999999999
4029,77.72029,53.0
4030,77.90162,53.0
4031,78.07963,53.0
4032,78.19592,52.0
4033,78.116844,52.0
4034,78.19013,53.0
4035,78.29785,53.0
4036,78.287,53.99999999999999
4037,78.35886,53.99999999999999
4038,78.301605,53.99999999999999
4039,78.24568,55.0
4040,78.4189,53.99999999999999
4041,78.13513,53.99999999999999
4042,78.02226,53.99999999999999
4043,78.0308,53.0
4044,77.84334,52.0
4045,77.677025,53.0
4046,77.61281,53.99999999999999
4047,77.79048,52.0
4048,77.761185,52.0
4049,77.590775,52.0
4050,77.59784,52.0
4051,77.33616,52.0
4052,77.17901,53.0
4053,77.320755,52.0
4054,77.52759,50.0
4055,77.18456,50.99999999999999
4056,77.06468,52.0
4057,77.06693,52.0
4058,77.02432,52.0
4059,77.22001,52.0
4060,77.4026,50.99999999999999
4061,77.52395,50.99999999999999
4062,77.59651,49.0
4063,77.37547,48.00000000000001
4064,77.52131,50.0
4065,77.660484,50.99999999999999
4066,77.81394,52.0
4067,78.06975,52.0
4068,77.88799,50.99999999999999
4069,77.59547,50.0
4070,77.53478,49.0
4071,77.4475,48.00000000000001
4072,77.30866,48.00000000000001
4073,77.35469,47.0
4074,77.31042,48.00000000000001
4075,77.373604,50.0
4076,77.57244,50.0
4077,77.775375,48.00000000000001
4078,77.72465,52.0
4079,77.88787,52.0
4080,77.99477,53.0
4081,78.07261,53.0
4082,78.23238,52.0
4083,78.38515,52.0
4084,78.50564,50.99999999999999
4085,78.43114,50.99999999999999
4086,78.54103,50.99999999999999
4087,78.65927,50.0
4088,78.77564,49.0
4089,78.8813,48.00000000000001
4090,78.959755,48.00000000000001
4091,79.21437,44.0
4092,79.43022,41.0
4093,79.396095,39.00000000000001
4094,79.03237,38.0
4095,78.54393,36.0
4096,78.241425,37.0
4097,78.299065,38.0
4098,77.95989,38.0
4099,77.69487,39.00000000000001
4100,77.52598,36.0
4101,77.21502,37.0
4102,77.046425,38.0
4103,77.11246,38.0
4104,77.02861,40.0
4105,76.94776,39.00000000000001
4106,76.9938,55.0
4107,77.1152,53.99999999999999
4108,76.9429,53.99999999999999
4109,77.1716,53.99999999999999
4110,77.320915,53.0
4111,77.148186,53.0
4112,77.03348,53.0
4113,77.02855,53.0
4114,77.07436,53.0
4115,77.34361,53.0
4116,77.61699,53.0
4117,78.01183,53.99999999999999
4118,78.39456,53.99999999999999
4119,78.73099,55.0
4120,78.941154,55.0
4121,78.92232,55.0
4122,78.80534,53.99999999999999
4123,78.54502,53.99999999999999
4124,78.29572,55.0
4125,78.31454,53.99999999999999
4126,78.12918,53.0
4127,78.077156,52.0
4128,77.962234,52.0
4129,78.33329,52.0
4130,78.61781,70.0
4131,79.12767,69.0
4132,79.52194,69.0
4133,79.96465,69.0
4134,80.414856,69.0
4135,80.92263,69.0
4136,81.54913,69.0
4137,82.18986,69.0
4138,82.8614,70.0
4139,83.61694,70.0
4140,84.1567,68.0
4141,84.11937,68.0
4142,84.27859,66.0
4143,83.58742,67.0
4144,84.39876,66.0
4145,84.828636,66.0
4146,85.292404,66.0
4147,85.54156,66.0
4148,85.69377,65.0
4149,85.9143,67.0
4150,86.248695,66.0
4151,86.48962,66.0
4152,86.87843,66.0
4153,86.7851,64.0
4154,86.51022,53.0
4155,86.42142,56.0
4156,86.80938,56.99999999999999
4157,87.24983,59.0
4158,87.666336,59.0
4159,88.07482,59.0
4160,88.57229,59.0
4161,89.1377,60.0
4162,89.63655,62.0
4163,90.11064,62.0
4164,89.28243,63.0
4165,89.05538,62.0
4166,88.57511,63.0
4167,88.35453,63.0
4168,88.07141,63.0
4169,87.47086,63.0
4170,86.94544,62.0
4171,86.29319,62.0
4172,85.75277,62.0
4173,85.30179,63.0
4174,85.17915,63.0
4175,84.74735,64.0
4176,84.3203,63.0
4177,84.002785,63.0
4178,84.04305,60.0
4179,83.53253,60.0
4180,83.25105,59.0
4181,82.98875,56.0
4182,82.33634,53.99999999999999
4183,82.09982,53.0
4184,81.79799,52.0
4185,81.17756,52.0
4186,80.98969,52.0
4187,80.85714,50.99999999999999
4188,80.645424,50.0
4189,80.67472,52.0
4190,80.82173,50.99999999999999
4191,80.654274,52.0
4192,81.04855,52.0
4193,81.35874,52.0
4194,81.232445,53.0
4195,81.577225,53.0
4196,81.39746,53.99999999999999
4197,81.62574,53.0
4198,81.95466,53.99999999999999
4199,81.800316,53.99999999999999
4200,81.61205,53.99999999999999
4201,81.570694,55.0
4202,81.76841,66.0
4203,81.85826,67.0
4204,82.1173,69.0
4205,82.35521,69.0
4206,82.57111,69.0
4207,82.848206,70.0
4208,83.14715,71.0
4209,83.491035,72.0
4210,83.85152,74.0
4211,84.189026,76.0
4212,84.46622,77.0
4213,84.76676,77.0
4214,84.99574,77.0
4215,85.132324,78.0
4216,85.28266,78.0
4217,85.48903,78.0
4218,85.55931,77.0
4219,85.67145,78.0
4220,85.76335,79.0
4221,85.79368,79.0
4222,85.600044,77.0
4223,85.53512,77.0
4224,85.4541,77.0
4225,85.59365,76.0
4226,85.85821,53.0
4227,85.665596,53.99999999999999
4228,85.63881,55.0
4229,85.85904,55.0
4230,86.0857,55.0
4231,86.14358,55.0
4232,86.53947,53.99999999999999
4233,86.51271,56.0
4234,86.86207,56.0
4235,86.94947,55.0
4236,87.2832,53.0
4237,87.24873,53.0
4238,87.02281,53.99999999999999
4239,87.042465,55.0
4240,86.26448,55.0
4241,86.03908,55.0
4242,86.10314,55.0
4243,86.12938,55.0
4244,85.88255,55.0
4245,85.66828,55.0
4246,85.71516,56.0
4247,85.805824,56.0
4248,85.80116,56.0
4249,85.65465,56.99999999999999
4250,85.72316,67.0
4251,86.04608,67.0
4252,86.3348,68.0
4253,86.65009,67.0
4254,86.80961,66.0
4255,86.92425,65.0
4256,87.22654,65.0
4257,87.4622,65.0
4258,87.787155,65.0
4259,88.12853,64.0
4260,88.1785,64.0
4261,88.373344,64.0
4262,87.49158,62.0
4263,86.7471,64.0
4264,87.0535,64.0
4265,87.12343,63.0
4266,86.62984,64.0
4267,86.902626,63.0
4268,87.17042,63.0
4269,87.0511,62.0
4270,86.73857,62.0
4271,86.69863,62.0
4272,86.84042,62.0
4273,86.882484,62.0
4274,86.89859,77.0
4275,86.383255,76.0
4276,86.06766,73.0
4277,85.173645,71.0
4278,84.80797,69.0
4279,84.576805,67.0
4280,84.36288,66.0
4281,84.22979,64.0
4282,84.10398,64.0
4283,84.137695,64.0
4284,84.19035,63.0
4285,83.56995,60.0
4286,83.77473,59.0
4287,83.700905,56.99999999999999
4288,83.46602,55.0
4289,83.546265,53.0
4290,82.96305,52.0
4291,82.65012,52.0
4292,82.28466,50.99999999999999
4293,82.02189,50.0
4294,82.13403,49.0
4295,82.01519,46.0
4296,81.713196,46.0
4297,81.22032,46.0
4298,80.8105,86.0
4299,81.113716,88.0
4300,81.457664,89.0
4301,81.80898,90.00000000000001
4302,82.1434,91.0
4303,82.48781,91.0
4304,82.85213,92.0
4305,83.154976,92.0
4306,83.49315,93.00000000000001
4307,83.81612,93.00000000000001
4308,84.108604,92.0
4309,84.02948,90.00000000000001
4310,84.17646,89.0
4311,84.292145,89.0
4312,84.4349,88.0
4313,83.99273,87.00000000000001
4314,84.07704,85.0
4315,83.899895,83.0
4316,83.596924,82.0
4317,83.742065,80.0
4318,83.8795,81.0
4319,84.27198,79.0
4320,84.59825,77.0
4321,84.843155,75.0
4322,85.175156,34.0
4323,85.17945,35.0
4324,85.13181,34.0
4325,84.98425,35.0
4326,84.996635,36.0
4327,85.07792,37.0
4328,85.13155,37.0
4329,85.17322,39.00000000000001
4330,85.26909,39.00000000000001
4331,85.173904,36.0
4332,84.98311,34.0
4333,85.10356,34.0
4334,85.00351,33.0
4335,84.39937,33.0
4336,83.90009,33.0
4337,83.296844,33.0
4338,82.76174,33.0
4339,82.35832,33.0
4340,81.79412,33.0
4341,81.29164,33.0
4342,80.676346,31.0
4343,80.47823,29.0
4344,80.48474,28.0
4345,80.43492,28.0
4346,80.491196,36.0
4347,80.38708,36.0
4348,80.19448,36.0
4349,80.16085,35.0
4350,80.0946,34.0
4351,79.98382,33.0
4352,79.98799,33.0
4353,80.06072,32.0
4354,79.854324,32.0
4355,79.95463,34.0
4356,80.25688,34.0
4357,80.495026,34.0
4358,80.25489,35.0
4359,79.83917,36.0
4360,79.600945,37.0
4361,79.6596,38.0
4362,79.40909,37.0
4363,79.368195,36.0
4364,79.11097,35.0
4365,78.6545,36.0
4366,78.59169,36.0
4367,78.39726,37.0
4368,78.225235,36.0
4369,78.122185,35.0
4370,77.941956,92.0
4371,78.11215,92.0
4372,78.26968,90.00000000000001
4373,78.45799,87.00000000000001
4374,78.61388,87.00000000000001
4375,78.803764,88.0
4376,79.07916,89.0
4377,79.41691,90.00000000000001
4378,79.62236,89.0
4379,79.79858,86.0
4380,79.580536,84.00000000000001
4381,79.52477,83.0
4382,79.19422,81.0
4383,79.2503,80.0
4384,79.39199,79.0
4385,79.48563,78.0
4386,79.44068,78.0
4387,79.344635,76.0
4388,79.58713,75.0
4389,79.87503,75.0
4390,79.97702,73.0
4391,80.1344,71.0
4392,80.23846,70.0
4393,80.50456,69.0
4394,80.774536,68.0
4395,80.856155,68.0
4396,81.02026,68.0
4397,81.1989,69.0
4398,81.4908,70.0
4399,81.79495,70.0
4400,82.09482,70.0
4401,82.38169,69.0
4402,82.659966,69.0
4403,82.91296,70.0
4404,82.971405,69.0
4405,82.88676,71.0
4406,83.34577,71.0
4407,83.71558,72.0
4408,83.93492,71.0
4409,83.846466,73.0
4410,84.202354,73.0
4411,84.49621,74.0
4412,84.71805,73.0
4413,84.25847,75.0
4414,84.556915,75.0
4415,84.490685,75.0
4416,84.14876,76.0
4417,84.211075,77.0
4418,84.22766,79.0
4419,84.37891,83.0
4420,84.563324,86.0
4421,84.79684,86.0
4422,85.047356,92.0
4423,85.652405,92.0
4424,85.89444,98.0
4425,86.78895,107.0
4426,87.045876,116.99999999999999
4427,87.31996,122.0
4428,87.36952,123.0
4429,86.631325,122.0
4430,86.86473,126.0
4431,87.16978,120.0
4432,86.76018,129.0
4433,87.115135,127.0
4434,87.374275,126.0
4435,87.35411,129.0
4436,87.50164,132.0
4437,87.05753,118.0
4438,86.96271,109.0
4439,86.60334,116.0
4440,86.830345,110.99999999999999
4441,87.0825,106.0
4442,87.16868,98.99999999999999
4443,87.14169,95.0
4444,87.26938,91.0
4445,87.22328,89.0
4446,87.152016,81.0
4447,87.17528,79.0
4448,87.32757,73.0
4449,87.489204,70.0
4450,87.87748,69.0
4451,88.213974,68.0
4452,87.915504,67.0
4453,87.21602,67.0
4454,87.14193,65.0
4455,86.62986,65.0
4456,86.01718,64.0
4457,85.54967,63.0
4458,85.415276,64.0
4459,85.53961,65.0
4460,85.66824,66.0
4461,85.75497,67.0
4462,85.91101,67.0
4463,85.4918,66.0
4464,85.193665,65.0
4465,85.003174,64.0
4466,84.73091,64.0
4467,84.85254,64.0
4468,84.905685,64.0
4469,84.95847,65.0
4470,85.08579,65.0
4471,85.14191,65.0
4472,85.250496,64.0
4473,84.704605,63.0
4474,84.549225,62.0
4475,84.45763,62.0
4476,84.42806,63.0
4477,84.28262,63.0
4478,84.47053,64.0
4479,84.55847,65.0
4480,84.82247,65.0
4481,84.630424,65.0
4482,84.61505,65.0
4483,84.65813,63.0
4484,84.5093,62.0
4485,84.83593,61.0
4486,84.96309,61.0
4487,84.987175,62.0
4488,85.32116,62.0
4489,85.45985,62.0
4490,85.332085,60.0
4491,84.933624,59.0
4492,84.692986,60.0
4493,84.80308,60.0
4494,84.88678,60.0
4495,84.51197,59.0
4496,84.21395,58.0
4497,83.80034,58.0
4498,83.64661,58.0
4499,83.56135,56.99999999999999
4500,83.26252,58.0
4501,83.3021,59.0
4502,83.492516,58.0
4503,82.45104,58.0
4504,82.45962,58.0
4505,82.56885,59.0
4506,82.53899,59.0
4507,82.50625,60.0
4508,82.61886,60.0
4509,82.63419,62.0
4510,82.8274,63.0
4511,82.94957,62.0
4512,82.8509,62.0
4513,82.9274,64.0
4514,83.18018,65.0
4515,82.87651,65.0
4516,82.788925,63.0
4517,82.454475,62.0
4518,82.296745,63.0
4519,82.51843,63.0
4520,82.34555,65.0
4521,82.62354,65.0
4522,82.58637,66.0
4523,82.741135,66.0
4524,82.56711,67.0
4525,82.61265,65.0
4526,81.30388,65.0
4527,81.19891,65.0
4528,81.23449,64.0
4529,80.888336,64.0
4530,81.0448,63.0
4531,80.64195,63.0
4532,80.652534,63.0
4533,80.86779,62.0
4534,81.02909,60.0
4535,80.81849,60.0
4536,81.0527,60.0
4537,81.36917,58.0
4538,81.476456,58.0
4539,81.73071,58.0
4540,81.80152,59.0
4541,81.95668,58.0
4542,81.79445,58.0
4543,82.03379,59.0
4544,82.43181,58.0
4545,82.7194,58.0
4546,83.19475,58.0
4547,83.44914,58.0
4548,83.64496,58.0
4549,83.78506,60.0
4550,83.98708,60.0
4551,83.78113,60.0
4552,83.92584,60.0
4553,83.77243,59.0
4554,83.18397,60.0
4555,82.82656,60.0
4556,82.66043,58.0
4557,82.35194,58.0
4558,82.26381,58.0
4559,82.19161,56.99999999999999
4560,82.05393,56.99999999999999
4561,82.0928,56.99999999999999
4562,81.80037,56.99999999999999
4563,82.13901,56.99999999999999
4564,81.84491,56.99999999999999
4565,81.85044,56.99999999999999
4566,81.98941,56.99999999999999
4567,82.24401,56.99999999999999
4568,82.48819,56.99999999999999
4569,82.92627,56.0
4570,83.2129,56.99999999999999
4571,83.65377,56.99999999999999
4572,84.00249,56.0
4573,84.005684,53.99999999999999
4574,83.707695,53.99999999999999
4575,83.29813,53.0
4576,82.997375,55.0
4577,82.945786,56.0
4578,82.77759,56.0
4579,82.66192,56.0
4580,82.59893,56.99999999999999
4581,82.651,56.99999999999999
4582,82.402824,56.99999999999999
4583,82.04545,56.0
4584,81.97082,56.0
4585,81.94995,56.99999999999999
4586,82.21091,55.0
4587,81.948265,56.0
4588,82.318275,56.0
4589,82.65095,56.0
4590,82.74391,56.0
4591,83.016624,56.0
4592,83.4676,56.0
4593,83.8578,56.0
4594,84.258736,56.0
4595,84.23366,53.99999999999999
4596,83.96818,53.99999999999999
4597,83.92414,53.99999999999999
4598,84.02819,53.0
4599,83.626,53.99999999999999
4600,83.45016,52.0
4601,82.70642,50.99999999999999
4602,82.68951,50.0
4603,82.55624,47.0
4604,82.24577,46.0
4605,81.878426,45.00000000000001
4606,81.51299,46.0
4607,80.94901,46.0
4608,80.380226,47.0
4609,80.24277,47.0
4610,80.333084,48.00000000000001
4611,79.9802,46.0
4612,79.72813,46.0
4613,79.33237,47.0
4614,79.22593,46.0
4615,79.019165,43.0
4616,79.031494,41.0
4617,78.98282,41.0
4618,79.26803,43.0
4619,79.50819,46.0
4620,79.6622,47.0
4621,79.64291,48.00000000000001
4622,78.94668,50.99999999999999
4623,78.89465,50.99999999999999
4624,78.834366,52.0
4625,79.04458,53.99999999999999
4626,79.05534,55.0
4627,79.01406,56.99999999999999
4628,78.69239,56.99999999999999
4629,78.487595,56.99999999999999
4630,78.46685,58.0
4631,78.04485,58.0
4632,77.66034,58.0
4633,77.754555,56.99999999999999
4634,77.73375,56.99999999999999
4635,77.341095,56.99999999999999
4636,76.92569,56.99999999999999
4637,76.657166,56.99999999999999
4638,76.3828,56.99999999999999
4639,76.14109,56.99999999999999
4640,76.13347,58.0
4641,76.097176,56.99999999999999
4642,75.828094,56.0
4643,76.11709,56.0
4644,76.04517,55.0
4645,75.69895,55.0
4646,75.18958,55.0
4647,74.77429,53.99999999999999
4648,74.311844,53.99999999999999
4649,73.95069,53.0
4650,73.81636,50.99999999999999
4651,73.91272,50.0
4652,73.885826,50.99999999999999
4653,73.974045,48.00000000000001
4654,73.55738,48.00000000000001
4655,73.50738,49.0
4656,73.53063,49.0
4657,73.59494,50.99999999999999
4658,73.72058,50.99999999999999
4659,73.58337,50.99999999999999
4660,73.60673,50.0
4661,73.69072,50.99999999999999
4662,73.607895,50.99999999999999
4663,73.756485,52.0
4664,73.91438,50.99999999999999
4665,74.04449,52.0
4666,74.175735,50.0
4667,74.1379,48.00000000000001
4668,73.92704,48.00000000000001
4669,74.03077,47.0
4670,74.04278,49.0
4671,74.13867,50.99999999999999
4672,74.25305,49.0
4673,74.205765,50.0
4674,74.40971,49.0
4675,74.458275,50.99999999999999
4676,74.84889,52.0
4677,75.21865,53.0
4678,75.67717,53.99999999999999
4679,75.61176,53.0
4680,75.209694,53.0
4681,74.76074,53.0
4682,74.40714,53.0
4683,74.43502,53.0
4684,74.51426,53.0
4685,74.63613,53.0
4686,74.342575,52.0
4687,73.99281,52.0
4688,74.00205,50.99999999999999
4689,73.85218,50.99999999999999
4690,73.73276,52.0
4691,73.86848,52.0
4692,73.99883,52.0
4693,74.092415,53.0
4694,74.27089,53.0
4695,74.59649,53.0
4696,74.81041,53.99999999999999
4697,75.09779,53.99999999999999
4698,75.19163,53.99999999999999
4699,75.42256,55.0
4700,75.71559,53.0
4701,76.00188,53.99999999999999
4702,76.34964,53.99999999999999
4703,76.48855,56.0
4704,76.7484,56.99999999999999
4705,77.072205,58.0
4706,77.310455,59.0
4707,77.6094,61.0
4708,77.89915,62.0
4709,78.20066,63.0
4710,78.516205,66.0
4711,78.831726,67.0
4712,79.202446,70.0
4713,79.40077,71.0
4714,79.65723,73.0
4715,79.91468,76.0
4716,80.10604,77.0
4717,80.20575,77.0
4718,80.60432,78.0
4719,81.136154,78.0
4720,81.47241,79.0
4721,81.852165,81.0
4722,82.452225,82.0
4723,82.83358,81.0
4724,83.15155,83.0
4725,83.4463,84.00000000000001
4726,83.79102,86.0
4727,84.10764,87.00000000000001
4728,84.36526,87.00000000000001
4729,84.60227,89.0
4730,84.86847,89.0
4731,85.06266,89.0
4732,85.135315,90.00000000000001
4733,85.3193,91.0
4734,85.59435,92.0
4735,85.9497,92.0
4736,86.27238,92.0
4737,86.59676,92.0
4738,86.99825,92.0
4739,87.38692,91.0
4740,87.46061,92.0
4741,87.529655,92.0
4742,87.60708,91.0
4743,87.686165,91.0
4744,87.722595,91.0
4745,87.974724,89.0
4746,88.20504,89.0
4747,88.3177,89.0
4748,88.548004,88.0
4749,88.71943,88.0
4750,88.94265,87.00000000000001
4751,89.1268,86.0
4752,89.33056,87.00000000000001
4753,89.54947,88.0
4754,89.77407,90.00000000000001
4755,89.99624,92.0
4756,90.1731,94.0
4757,90.40354,95.0
4758,90.68833,96.00000000000001
4759,91.00264,98.0
4760,91.325134,98.99999999999999
4761,91.88278,107.0
4762,92.34058,109.0
4763,92.7438,122.0
4764,93.06721,140.0
4765,93.35397,152.0
4766,93.65846,152.0
4767,93.88222,153.0
4768,94.156425,153.0
4769,94.58405,153.0
4770,94.73622,153.0
4771,94.7579,154.0
4772,95.00072,154.0
4773,95.01346,153.0
4774,94.660484,153.0
4775,94.83394,153.0
4776,95.1404,153.0
4777,95.465256,152.0
4778,95.60167,151.0
4779,95.768326,133.0
4780,96.15505,112.0
4781,96.32765,98.99999999999999
4782,96.57857,103.0
4783,96.89534,98.0
4784,96.984276,96.00000000000001
4785,96.479385,92.0
4786,95.650276,90.00000000000001
4787,94.58736,89.0
4788,94.878654,86.0
4789,94.85655,85.0
4790,94.66385,84.00000000000001
4791,93.81367,82.0
4792,92.65922,80.0
4793,92.52943,79.0
4794,92.48106,80.0
4795,92.76902,80.0
4796,92.95093,81.0
4797,93.14367,82.0
4798,92.5169,81.0
4799,92.61258,80.0
4800,92.40454,79.0
4801,92.10955,79.0
4802,91.36286,39.00000000000001
4803,90.866104,39.00000000000001
4804,90.27825,40.0
4805,89.57198,41.0
4806,89.83999,42.00000000000001
4807,89.556,45.00000000000001
4808,89.92592,48.00000000000001
4809,90.15715,50.99999999999999
4810,90.54731,52.0
4811,90.942566,52.0
4812,91.19906,52.0
4813,90.1134,53.0
4814,89.899345,53.0
4815,89.74503,53.99999999999999
4816,89.6809,53.99999999999999
4817,89.52786,53.99999999999999
4818,89.16357,53.99999999999999
4819,88.84353,53.99999999999999
4820,88.390465,53.99999999999999
4821,87.937874,55.0
4822,87.78663,53.99999999999999
4823,87.68643,53.99999999999999
4824,86.799,53.99999999999999
4825,86.55545,53.99999999999999
4826,86.560616,53.0
4827,86.87275,53.0
4828,87.192184,53.0
4829,87.408646,53.0
4830,87.6836,53.99999999999999
4831,88.008354,53.99999999999999
4832,88.40326,55.0
4833,88.80831,53.99999999999999
4834,88.84294,55.0
4835,89.296745,55.0
4836,89.64875,56.0
4837,89.860054,55.0
4838,89.74953,55.0
4839,89.41816,55.0
4840,89.6082,55.0
4841,89.26196,55.0
4842,89.04695,55.0
4843,88.89099,56.0
4844,88.565155,55.0
4845,88.38536,55.0
4846,87.682884,55.0
4847,87.19287,56.0
4848,87.48344,56.0
4849,87.834785,56.99999999999999
4850,88.34558,63.0
4851,88.30228,62.0
4852,88.15848,61.0
4853,88.14161,60.0
4854,88.03312,59.0
4855,88.28259,58.0
4856,88.59305,56.99999999999999
4857,89.01939,56.99999999999999
4858,89.51723,55.0
4859,90.01259,53.99999999999999
4860,90.44077,55.0
4861,90.78061,56.0
4862,90.13477,56.0
4863,89.434975,55.0
4864,88.883,55.0
4865,89.21137,55.0
4866,89.49357,55.0
4867,89.840744,56.0
4868,90.26429,56.0
4869,90.355255,55.0
4870,90.6461,55.0
4871,90.858315,53.99999999999999
4872,91.28083,55.0
4873,91.682846,56.0
4874,92.24349,64.0
4875,92.256966,61.0
4876,92.34243,61.0
4877,92.58169,61.0
4878,93.205086,62.0
4879,93.82779,62.0
4880,94.24731,62.0
4881,94.25977,61.0
4882,94.23791,61.0
4883,94.75143,63.0
4884,95.274345,62.0
4885,93.861755,62.0
4886,92.41894,61.0
4887,91.257774,61.0
4888,90.928825,62.0
4889,90.151886,62.0
4890,89.81123,63.0
4891,89.37316,63.0
4892,88.932465,63.0
4893,88.63793,64.0
4894,88.81221,65.0
4895,88.65104,65.0
4896,87.82339,65.0
4897,86.62152,66.0
4898,86.931694,55.0
4899,86.85252,55.0
4900,87.11009,56.0
4901,87.327515,58.0
4902,87.645584,58.0
4903,87.97787,59.0
4904,88.28965,60.0
4905,88.58524,61.0
4906,88.99415,61.0
4907,89.101364,62.0
4908,89.22904,62.0
4909,88.8485,61.0
4910,88.52764,62.0
4911,88.51526,62.0
4912,88.70492,63.0
4913,88.98869,64.0
4914,89.05353,64.0
4915,89.01822,63.0
4916,88.33291,63.0
4917,88.06946,63.0
4918,88.34405,65.0
4919,88.592606,65.0
4920,88.51481,65.0
4921,88.07971,64.0
4922,86.64956,76.0
4923,86.93381,74.0
4924,87.22608,74.0
4925,87.60913,76.0
4926,88.00585,77.0
4927,88.408165,77.0
4928,88.85037,77.0
4929,89.185585,76.0
4930,89.38789,75.0
4931,89.533394,73.0
4932,89.09769,71.0
4933,88.90083,70.0
4934,88.76852,68.0
4935,87.932076,68.0
4936,87.92976,67.0
4937,87.391045,67.0
4938,86.90135,67.0
4939,86.64132,67.0
4940,86.51785,66.0
4941,86.36794,67.0
4942,86.606155,67.0
4943,86.68488,68.0
4944,86.97265,68.0
4945,87.103226,68.0
4946,87.47667,56.99999999999999
4947,86.97151,58.0
4948,86.90632,56.99999999999999
4949,87.06639,56.99999999999999
4950,87.20907,56.99999999999999
4951,87.31434,56.0
4952,87.08797,56.0
4953,86.70843,53.99999999999999
4954,86.06381,53.99999999999999
4955,85.58737,53.99999999999999
4956,85.38679,53.99999999999999
4957,84.555145,53.99999999999999
4958,83.68704,53.0
4959,83.59625,53.0
4960,83.43723,53.0
4961,83.44061,52.0
4962,82.76276,50.0
4963,82.15148,50.0
4964,81.72153,50.99999999999999
4965,82.1659,52.0
4966,82.69137,50.99999999999999
4967,82.68796,50.99999999999999
4968,82.65251,50.99999999999999
4969,82.73459,49.0
4970,82.30841,60.0
4971,82.38818,59.0
4972,82.43906,58.0
4973,82.598,58.0
4974,82.97018,58.0
4975,83.35098,58.0
4976,83.71433,56.99999999999999
4977,83.53208,56.0
4978,83.1708,55.0
4979,83.10506,53.99999999999999
4980,82.681854,52.0
4981,82.09597,53.0
4982,82.2217,53.99999999999999
4983,82.26464,53.99999999999999
4984,82.40972,53.99999999999999
4985,82.19112,55.0
4986,82.458336,56.0
4987,82.69336,55.0
4988,81.983826,55.0
4989,82.02895,56.0
4990,82.07931,56.99999999999999
4991,82.19924,56.99999999999999
4992,82.16916,56.99999999999999
4993,82.20411,56.99999999999999
4994,82.16191,47.0
4995,81.883804,49.0
4996,81.96892,50.0
4997,81.91126,50.99999999999999
4998,82.01712,50.99999999999999
4999,82.06271,52.0
5000,82.257904,52.0
5001,82.27143,52.0
5002,82.63544,52.0
5003,82.700424,52.0
5004,82.67084,53.99999999999999
5005,82.86276,52.0
5006,82.41573,53.0
5007,82.487595,53.99999999999999
5008,82.838234,53.99999999999999
5009,82.70978,55.0
5010,82.95678,55.0
5011,82.378296,53.99999999999999
5012,82.12532,55.0
5013,82.13503,56.0
5014,82.12337,56.0
5015,81.71478,56.0
5016,81.238335,56.99999999999999
5017,81.19167,58.0
5018,81.385445,74.0
5019,81.64473,73.0
5020,81.86493,72.0
5021,82.14552,71.0
5022,82.44415,71.0
5023,82.74344,71.0
5024,83.10688,72.0
5025,83.46709,72.0
5026,83.863815,72.0
5027,84.21333,72.0
5028,84.45751,74.0
5029,84.69025,74.0
5030,84.80404,73.0
5031,84.24061,71.0
5032,84.12987,73.0
5033,84.171265,72.0
5034,84.032455,72.0
5035,83.78162,72.0
5036,83.572426,70.0
5037,83.33619,69.0
5038,82.99715,67.0
5039,82.89426,66.0
5040,82.75809,66.0
5041,82.816345,65.0
5042,82.82542,28.0
5043,82.76558,26.999999999999996
5044,82.60591,26.999999999999996
5045,82.52019,26.0
5046,82.52948,26.0
5047,82.599686,26.0
5048,82.73265,26.0
5049,82.69626,25.0
5050,82.657715,25.0
5051,82.6003,26.0
5052,82.34615,26.0
5053,81.92227,26.999999999999996
5054,81.50114,26.999999999999996
5055,80.9197,26.999999999999996
5056,80.63006,26.999999999999996
5057,80.0548,26.999999999999996
5058,79.61451,28.0
5059,79.35239,29.0
5060,79.16038,30.0
5061,78.85558,32.0
5062,78.47466,33.0
5063,78.06464,33.0
5064,77.70791,35.0
5065,77.4757,36.0
5066,77.183,35.0
5067,77.08006,36.0
5068,77.26198,37.0
5069,77.39527,38.0
5070,77.59259,38.0
5071,77.70114,38.0
5072,77.69088,38.0
5073,77.78207,39.00000000000001
5074,78.01729,40.0
5075,78.3537,37.0
5076,78.37294,36.0
5077,78.47776,37.0
5078,78.45145,36.0
5079,78.264,36.0
5080,78.04414,36.0
5081,77.98267,36.0
5082,77.84616,37.0
5083,77.886566,36.0
5084,77.5242,37.0
5085,77.34699,35.0
5086,77.32077,35.0
5087,77.544815,34.0
5088,77.691765,33.0
5089,77.84871,33.0
5090,78.09125,56.0
5091,77.97739,56.99999999999999
5092,78.01005,56.0
5093,78.07344,56.0
5094,78.26066,56.0
5095,78.48659,56.0
5096,78.74677,55.0
5097,78.810234,53.99999999999999
5098,78.992485,53.0
5099,79.29986,53.99999999999999
5100,79.51214,55.0
5101,79.60169,53.99999999999999
5102,79.61679,53.99999999999999
5103,78.73411,53.0
5104,78.86882,53.0
5105,79.038216,53.99999999999999
5106,79.26963,55.0
5107,79.28118,53.99999999999999
5108,79.00609,55.0
5109,79.11209,55.0
5110,79.23089,56.0
5111,78.9419,56.0
5112,78.91576,56.99999999999999
5113,78.96053,56.99999999999999
5114,79.096275,58.0
5115,79.24628,59.0
5116,79.475136,60.0
5117,79.778946,61.0
5118,80.03773,61.0
5119,80.283646,63.0
5120,80.59091,63.0
5121,80.62319,63.0
5122,80.753876,62.0
5123,80.54448,62.0
5124,80.70827,61.0
5125,80.6275,60.0
5126,80.33402,61.0
5127,80.34538,62.0
5128,80.3364,62.0
5129,79.93741,61.0
5130,79.61682,61.0
5131,79.46591,61.0
5132,79.35283,61.0
5133,79.41564,62.0
5134,79.53339,62.0
5135,79.02333,62.0
5136,78.8702,62.0
5137,79.057076,62.0
5138,78.845894,62.0
5139,79.075455,61.0
5140,79.27101,60.0
5141,79.53754,60.0
5142,79.689606,59.0
5143,79.98936,58.0
5144,79.875824,59.0
5145,80.291145,59.0
5146,80.466286,59.0
5147,80.400246,56.99999999999999
5148,80.343376,56.99999999999999
5149,80.07749,56.99999999999999
5150,79.600975,56.0
5151,78.97255,55.0
5152,78.771164,55.0
5153,78.27434,56.0
5154,78.34788,55.0
5155,78.09112,55.0
5156,78.15445,55.0
5157,78.19997,53.0
5158,78.074585,53.0
5159,77.46643,52.0
5160,76.86825,50.99999999999999
5161,76.36302,50.0
5162,75.94846,49.0
5163,76.108925,48.00000000000001
5164,76.12695,47.0
5165,76.1701,48.00000000000001
5166,76.33065,45.00000000000001
5167,76.2497,43.0
5168,75.95561,42.00000000000001
5169,76.28277,43.0
5170,76.47875,46.0
5171,76.78756,48.00000000000001
5172,76.92257,50.99999999999999
5173,77.06838,50.99999999999999
5174,76.792404,49.0
5175,76.5082,47.0
5176,76.77644,50.0
5177,77.12803,47.0
5178,77.18042,46.0
5179,77.432304,44.0
5180,77.03236,42.00000000000001
5181,76.88164,39.00000000000001
5182,76.65213,41.0
5183,76.37547,42.00000000000001
5184,76.35455,42.00000000000001
5185,76.18603,42.00000000000001
5186,76.217674,42.00000000000001
5187,75.985664,43.0
5188,76.10662,44.0
5189,76.28002,43.0
5190,76.43337,44.0
5191,76.61495,44.0
5192,76.30157,43.0
5193,76.21024,42.00000000000001
5194,75.79231,40.0
5195,75.54559,40.0
5196,75.31959,37.0
5197,74.99591,38.0
5198,74.780594,40.0
5199,74.60533,43.0
5200,74.44407,42.00000000000001
5201,74.42679,47.0
5202,74.81178,50.0
5203,75.09347,50.99999999999999
5204,75.02338,50.0
5205,74.65026,52.0
5206,74.73533,53.0
5207,74.86249,55.0
5208,75.16336,56.0
5209,75.21172,56.99999999999999
5210,75.370155,58.0
5211,75.57195,58.0
5212,75.52982,58.0
5213,75.73596,58.0
5214,75.9564,59.0
5215,76.07569,59.0
5216,76.30031,60.0
5217,76.56391,61.0
5218,76.79806,61.0
5219,76.97622,62.0
5220,77.19169,63.0
5221,77.40792,65.0
5222,77.659485,66.0
5223,78.217735,67.0
5224,78.51339,68.0
5225,78.855804,67.0
5226,79.215065,68.0
5227,79.46048,67.0
5228,79.36008,68.0
5229,79.37043,68.0
5230,79.52667,68.0
5231,79.67723,67.0
5232,79.91111,66.0
5233,80.001656,66.0
5234,80.35355,67.0
5235,80.69102,67.0
5236,81.00924,67.0
5237,81.22142,68.0
5238,81.50113,67.0
5239,81.3603,66.0
5240,81.23677,66.0
5241,81.56784,66.0
5242,81.71788,66.0
5243,81.743675,66.0
5244,81.64554,65.0
5245,81.68956,63.0
5246,81.609375,62.0
5247,81.38893,62.0
5248,81.51654,62.0
5249,81.65762,61.0
5250,81.72286,60.0
5251,81.64608,62.0
5252,81.778755,62.0
5253,81.56058,62.0
5254,81.60077,62.0
5255,81.76212,62.0
5256,81.641495,62.0
5257,81.52197,60.0
5258,81.03696,59.0
5259,81.049164,59.0
5260,81.33323,59.0
5261,81.49828,59.0
5262,81.80277,60.0
5263,82.08924,61.0
5264,82.447365,62.0
5265,82.80167,62.0
5266,83.202545,63.0
5267,83.54922,64.0
5268,83.86369,64.0
5269,83.75945,64.0
5270,83.35677,64.0
5271,83.07383,63.0
5272,82.72303,63.0
5273,82.48799,63.0
5274,82.29026,63.0
5275,82.09147,62.0
5276,82.05481,64.0
5277,82.14255,62.0
5278,81.86368,61.0
5279,81.873856,61.0
5280,81.85513,60.0
5281,81.91202,60.0
5282,81.858025,60.0
5283,82.13566,60.0
5284,82.20686,59.0
5285,82.001854,59.0
5286,82.21399,58.0
5287,82.3672,56.99999999999999
5288,82.72424,55.0
5289,82.85347,55.0
5290,82.979126,53.99999999999999
5291,83.12594,53.0
5292,83.17151,53.0
5293,82.89901,53.99999999999999
5294,82.77024,53.0
5295,82.2508,53.0
5296,81.69909,52.0
5297,81.594986,52.0
5298,81.31247,50.99999999999999
5299,80.71879,46.0
5300,80.055016,43.0
5301,79.891266,43.0
5302,79.51013,42.00000000000001
5303,79.13926,42.00000000000001
5304,78.60891,43.0
5305,78.590775,43.0
5306,78.35922,42.00000000000001
5307,78.40341,41.0
5308,78.53201,42.00000000000001
5309,78.62926,41.0
5310,78.708115,39.00000000000001
5311,78.72291,38.0
5312,78.81613,41.0
5313,79.17609,39.00000000000001
5314,79.25497,40.0
5315,79.64966,38.0
5316,79.3577,37.0
5317,79.11891,35.0
5318,78.95013,36.0
5319,78.81902,39.00000000000001
5320,78.70249,39.00000000000001
5321,78.57864,36.0
5322,77.9646,36.0
5323,77.57739,39.00000000000001
5324,77.51785,37.0
5325,77.3132,37.0
5326,77.05102,38.0
5327,76.32624,38.0
5328,75.8076,40.0
5329,75.97253,41.0
5330,76.137886,39.00000000000001
5331,76.12514,38.0
5332,76.08228,37.0
5333,75.51893,37.0
5334,75.43975,38.0
5335,75.377655,39.00000000000001
5336,75.49221,37.0
5337,75.320305,37.0
5338,75.28849,34.0
5339,75.07727,34.0
5340,74.61357,32.0
5341,74.218216,32.0
5342,73.98865,33.0
5343,74.553635,32.0
5344,74.12437,30.0
5345,73.77031,32.0
5346,73.97301,33.0
5347,74.14437,32.0
5348,73.787186,33.0
5349,73.95802,34.0
5350,74.056694,36.0
5351,74.21426,38.0
5352,74.41845,38.0
5353,74.56186,42.00000000000001
5354,74.8116,45.00000000000001
5355,75.00734,45.00000000000001
5356,75.080414,48.00000000000001
5357,75.31942,48.00000000000001
5358,75.4961,50.99999999999999
5359,75.717,50.99999999999999
5360,75.943115,52.0
5361,76.16882,52.0
5362,76.218475,52.0
5363,76.409645,53.99999999999999
5364,76.65303,55.0
5365,76.75068,55.0
5366,76.44629,55.0
5367,76.493034,55.0
5368,76.16209,56.0
5369,76.104485,56.99999999999999
5370,75.88109,56.99999999999999
5371,75.612305,56.99999999999999
5372,75.600586,56.0
5373,75.44319,55.0
5374,75.38077,53.99999999999999
5375,75.28278,53.0
5376,75.2181,53.0
5377,75.32151,52.0
5378,75.442314,50.99999999999999
5379,75.45732,50.99999999999999
5380,75.3342,50.0
5381,75.5153,49.0
5382,75.672356,48.00000000000001
5383,75.94857,46.0
5384,76.084076,46.0
5385,76.39453,49.0
5386,76.75307,50.0
5387,77.06868,45.00000000000001
5388,77.12742,44.0
5389,77.05649,45.00000000000001
5390,76.92357,42.00000000000001
5391,76.88643,43.0
5392,76.74806,39.00000000000001
5393,76.43628,36.0
5394,76.24331,35.0
5395,75.77557,37.0
5396,75.87483,39.00000000000001
5397,75.620895,40.0
5398,75.30703,42.00000000000001
5399,75.43739,44.0
5400,75.54351,43.0
5401,75.59444,44.0
5402,75.761444,44.0
5403,75.92054,45.00000000000001
5404,76.05006,46.0
5405,76.231346,47.0
5406,76.45266,47.0
5407,76.51113,49.0
5408,76.780624,49.0
5409,77.06126,48.00000000000001
5410,77.339874,49.0
5411,77.54431,50.99999999999999
5412,77.698044,50.0
5413,77.621284,48.00000000000001
5414,77.40904,50.99999999999999
5415,77.66645,50.99999999999999
5416,77.72494,50.99999999999999
5417,77.32811,50.99999999999999
5418,77.15005,50.99999999999999
5419,76.85056,50.0
5420,76.587975,50.99999999999999
5421,76.344894,50.0
5422,76.63357,50.99999999999999
5423,76.94264,50.99999999999999
5424,77.17707,50.99999999999999
5425,77.34674,50.99999999999999
5426,77.61475,52.0
5427,77.92017,52.0
5428,78.13974,52.0
5429,78.35918,52.0
5430,78.60517,52.0
5431,78.538216,52.0
5432,78.79948,50.99999999999999
5433,78.9616,50.99999999999999
5434,79.22636,50.99999999999999
5435,79.44359,49.0
5436,79.31917,50.0
5437,79.34944,50.99999999999999
5438,79.19234,50.0
5439,78.9744,48.00000000000001
5440,78.84053,50.0
5441,78.89121,50.99999999999999
5442,78.76162,52.0
5443,78.673035,52.0
5444,78.659164,52.0
5445,78.85015,53.99999999999999
5446,79.15367,53.0
5447,78.89366,53.0
5448,78.896706,53.0
5449,78.93437,53.99999999999999
5450,79.10979,55.0
5451,79.39371,55.0
5452,79.527115,56.0
5453,79.86507,56.0
5454,80.16615,56.99999999999999
5455,80.42954,58.0
5456,80.796455,59.0
5457,81.153564,58.0
5458,81.153786,56.99999999999999
5459,81.09932,58.0
5460,81.36023,59.0
5461,81.49504,60.0
5462,81.872345,62.0
5463,82.294876,62.0
5464,82.28176,62.0
5465,82.39074,62.0
5466,82.064445,64.0
5467,82.17413,66.0
5468,82.26409,65.0
5469,82.33218,64.0
5470,82.540855,64.0
5471,82.80802,65.0
5472,83.16287,64.0
5473,82.86358,64.0
5474,82.827156,63.0
5475,82.69132,63.0
5476,82.891,61.0
5477,83.04034,61.0
5478,83.18486,61.0
5479,83.49913,60.0
5480,83.92824,59.0
5481,84.181885,59.0
5482,84.23523,60.0
5483,84.557724,60.0
5484,84.95491,60.0
5485,85.026375,56.99999999999999
5486,83.49962,56.0
5487,83.02332,56.0
5488,82.729614,56.0
5489,82.68447,56.0
5490,82.43363,55.0
5491,82.41256,53.0
5492,82.0677,53.99999999999999
5493,82.10216,53.99999999999999
5494,81.937515,53.99999999999999
5495,81.92582,53.0
5496,81.96814,53.99999999999999
5497,82.27455,53.0
5498,82.509094,53.99999999999999
5499,82.581696,53.0
5500,82.49233,53.0
5501,82.706924,53.0
5502,82.656525,53.0
5503,82.83542,53.0
5504,82.95133,53.0
5505,83.28543,53.0
5506,83.47969,53.99999999999999
5507,83.683945,53.0
5508,83.63154,53.0
5509,83.74837,55.0
5510,83.79859,55.0
5511,83.163734,55.0
5512,82.51344,53.99999999999999
5513,82.19679,53.99999999999999
5514,81.8819,53.99999999999999
5515,81.54488,53.99999999999999
5516,81.06514,52.0
5517,80.848145,52.0
5518,80.40448,52.0
5519,80.65629,53.0
5520,80.99117,53.0
5521,80.96287,53.99999999999999
5522,81.286095,53.99999999999999
5523,81.573746,55.0
5524,81.93605,55.0
5525,82.30083,56.0
5526,82.60436,55.0
5527,82.7152,55.0
5528,82.657455,55.0
5529,82.97244,53.99999999999999
5530,83.008125,55.0
5531,83.40586,56.0
5532,83.679054,55.0
5533,83.33114,53.0
5534,83.24925,53.0
5535,82.988106,53.0
5536,82.8902,53.99999999999999
5537,82.87574,53.99999999999999
5538,82.77696,55.0
5539,82.64532,55.0
5540,82.41118,56.99999999999999
5541,82.521614,59.0
5542,82.69995,58.0
5543,82.15137,56.99999999999999
5544,81.99355,56.99999999999999
5545,81.98961,56.0
5546,81.92823,53.99999999999999
5547,82.13469,53.99999999999999
5548,82.39678,53.99999999999999
5549,82.40354,53.99999999999999
5550,82.77451,53.99999999999999
5551,83.16374,53.99999999999999
5552,83.39331,53.99999999999999
5553,83.80974,53.0
5554,84.01061,53.0
5555,84.08743,52.0
5556,84.08225,52.0
5557,84.01978,50.99999999999999
5558,84.03606,50.99999999999999
5559,84.28915,50.0
5560,84.233574,50.0
5561,84.1656,50.99999999999999
5562,83.917755,50.99999999999999
5563,83.72753,50.99999999999999
5564,83.40798,50.99999999999999
5565,83.27203,50.0
5566,83.11057,50.99999999999999
5567,83.021,50.99999999999999
5568,82.98616,52.0
5569,83.13265,52.0
5570,83.51739,58.0
5571,84.04537,59.0
5572,84.59756,59.0
5573,85.12029,60.0
5574,85.6795,60.0
5575,86.15214,60.0
5576,86.19346,60.0
5577,86.27797,60.0
5578,86.05058,60.0
5579,86.39564,61.0
5580,86.8293,60.0
5581,87.123085,60.0
5582,87.1824,61.0
5583,87.163956,61.0
5584,87.27871,62.0
5585,87.4421,61.0
5586,87.13893,62.0
5587,87.6463,62.0
5588,87.94486,62.0
5589,88.14388,63.0
5590,88.28058,62.0
5591,88.23132,62.0
5592,88.265656,60.0
5593,88.19103,59.0
5594,88.33754,56.0
5595,88.64764,56.99999999999999
5596,88.93056,59.0
5597,89.64024,62.0
5598,90.394714,62.0
5599,90.80945,62.0
5600,91.24375,61.0
5601,91.487015,61.0
5602,91.7413,61.0
5603,91.970764,61.0
5604,92.03037,60.0
5605,91.35334,60.0
5606,90.95876,60.0
5607,90.09406,61.0
5608,89.36363,60.0
5609,89.40638,60.0
5610,89.56396,59.0
5611,89.38834,59.0
5612,89.44894,58.0
5613,89.15116,59.0
5614,89.31963,59.0
5615,89.305565,60.0
5616,89.74333,60.0
5617,90.107506,59.0
5618,90.506355,67.0
5619,90.68506,67.0
5620,90.4499,68.0
5621,90.79815,67.0
5622,90.96626,64.0
5623,91.120636,64.0
5624,91.621284,64.0
5625,92.0627,64.0
5626,92.23301,63.0
5627,92.35083,62.0
5628,92.37474,62.0
5629,91.40635,62.0
5630,90.03807,63.0
5631,89.77959,63.0
5632,89.608055,63.0
5633,89.25961,64.0
5634,89.352196,64.0
5635,88.887405,64.0
5636,88.3834,64.0
5637,87.87755,63.0
5638,87.93345,64.0
5639,88.06681,65.0
5640,87.81961,66.0
5641,87.7547,65.0
5642,87.82076,64.0
5643,87.49603,65.0
5644,87.61101,65.0
5645,87.71887,65.0
5646,88.117256,65.0
5647,88.53705,65.0
5648,88.924484,65.0
5649,89.16635,64.0
5650,89.48347,65.0
5651,90.01074,64.0
5652,90.16201,64.0
5653,88.75674,64.0
5654,88.28968,64.0
5655,88.29468,64.0
5656,88.54308,63.0
5657,88.64069,64.0
5658,88.76208,64.0
5659,88.8982,65.0
5660,88.88606,67.0
5661,89.10996,65.0
5662,89.04875,67.0
5663,89.34935,70.0
5664,89.662926,70.0
5665,89.41156,71.0
5666,89.7936,69.0
5667,90.24934,69.0
5668,90.6348,68.0
5669,91.011246,65.0
5670,91.242584,64.0
5671,91.44866,63.0
5672,91.64658,63.0
5673,91.95471,63.0
5674,92.32186,63.0
5675,92.63077,64.0
5676,92.82639,63.0
5677,92.49762,63.0
5678,92.38296,63.0
5679,91.394264,63.0
5680,90.885826,63.0
5681,90.18843,64.0
5682,90.046104,64.0
5683,89.64676,63.0
5684,89.13585,63.0
5685,89.059906,63.0
5686,89.35915,65.0
5687,89.76743,64.0
5688,89.762146,65.0
5689,89.82397,64.0
5690,89.73323,49.0
5691,89.561905,47.0
5692,89.3353,44.0
5693,89.05943,45.00000000000001
5694,89.00967,46.0
5695,89.15269,45.00000000000001
5696,88.84954,46.0
5697,88.70195,47.0
5698,88.45692,49.0
5699,88.56773,46.0
5700,87.406204,50.0
5701,87.58592,50.99999999999999
5702,87.390015,50.99999999999999
5703,87.17071,52.0
5704,87.29583,52.0
5705,86.90079,52.0
5706,86.68145,53.0
5707,86.33007,53.0
5708,85.875404,53.0
5709,85.70646,50.99999999999999
5710,85.12681,50.0
5711,84.625404,47.0
5712,83.8668,46.0
5713,83.50236,45.00000000000001
5714,83.31853,58.0
5715,83.42631,58.0
5716,83.69477,59.0
5717,83.99612,59.0
5718,84.36191,59.0
5719,84.43363,59.0
5720,84.73203,61.0
5721,85.07122,63.0
5722,85.40872,64.0
5723,85.72564,65.0
5724,85.88413,66.0
5725,85.74657,66.0
5726,85.67657,66.0
5727,86.00763,65.0
5728,85.81506,64.0
5729,85.328835,64.0
5730,85.43871,63.0
5731,85.533,63.0
5732,85.61955,63.0
5733,85.572556,62.0
5734,85.5214,62.0
5735,85.438034,62.0
5736,85.63481,63.0
5737,85.88882,64.0
5738,85.85878,59.0
5739,85.501595,58.0
5740,84.847336,59.0
5741,84.858635,59.0
5742,84.86463,60.0
5743,85.03189,60.0
5744,84.98038,61.0
5745,84.68908,61.0
5746,84.70348,62.0
5747,84.61426,62.0
5748,84.374855,61.0
5749,84.13231,62.0
5750,84.29453,61.0
5751,84.22066,60.0
5752,83.85373,59.0
5753,83.56854,59.0
5754,83.70549,60.0
5755,83.83292,61.0
5756,83.83529,61.0
5757,83.90999,60.0
5758,83.98481,61.0
5759,83.95405,62.0
5760,84.013504,62.0
5761,84.037186,63.0
5762,84.08297,64.0
5763,84.18886,64.0
5764,84.203514,63.0
5765,84.304306,63.0
5766,84.588356,62.0
5767,84.86636,60.0
5768,84.99968,58.0
5769,85.16325,56.99999999999999
5770,85.33382,56.0
5771,85.39478,55.0
5772,85.53958,52.0
5773,84.96994,52.0
5774,85.17676,53.99999999999999
5775,85.10679,53.0
5776,83.84057,52.0
5777,83.60011,52.0
5778,83.607544,53.0
5779,83.63601,53.0
5780,83.72275,53.99999999999999
5781,83.81392,55.0
5782,83.77494,53.99999999999999
5783,83.9797,55.0
5784,84.04275,55.0
5785,84.228615,55.0
5786,84.252625,37.0
5787,84.20595,38.0
5788,84.24568,40.0
5789,84.60222,41.0
5790,84.58203,41.0
5791,84.74144,41.0
5792,85.11862,41.0
5793,85.21738,40.0
5794,84.94164,39.00000000000001
5795,84.95741,39.00000000000001
5796,85.060905,40.0
5797,85.23315,40.0
5798,84.89693,39.00000000000001
5799,84.135826,39.00000000000001
5800,83.50285,39.00000000000001
5801,83.179375,39.00000000000001
5802,82.58925,37.0
5803,81.918175,36.0
5804,81.35613,36.0
5805,80.86648,35.0
5806,80.25939,37.0
5807,79.96809,36.0
5808,79.93782,34.0
5809,80.01306,33.0
5810,79.94189,32.0
5811,79.89941,32.0
5812,79.824425,31.0
5813,79.69714,30.0
5814,79.53654,30.0
5815,79.598976,31.0
5816,79.5906,31.0
5817,79.570564,30.0
5818,79.5963,28.0
5819,79.5412,29.0
5820,79.54317,28.0
5821,79.584656,28.0
5822,79.50312,26.999999999999996
5823,78.94099,26.999999999999996
5824,78.51042,26.999999999999996
5825,78.36957,26.999999999999996
5826,78.0657,26.999999999999996
5827,77.914024,28.0
5828,77.77772,28.0
5829,77.773865,29.0
5830,77.64095,28.0
5831,77.6293,28.0
5832,77.53678,29.0
5833,77.53838,29.0
5834,77.49749,56.0
5835,77.827866,45.00000000000001
5836,77.812225,40.0
5837,78.07075,40.0
5838,78.19057,42.00000000000001
5839,78.26974,43.0
5840,78.433685,43.0
5841,78.533714,45.00000000000001
5842,78.70526,46.0
5843,78.7228,47.0
5844,78.65829,47.0
5845,78.332535,48.00000000000001
5846,78.22128,49.0
5847,78.02479,49.0
5848,77.99305,50.0
5849,77.86479,50.0
5850,77.626434,50.0
5851,77.21441,50.0
5852,76.82288,50.99999999999999
5853,76.89369,52.0
5854,77.23565,52.0
5855,77.48621,53.0
5856,77.83276,52.0
5857,77.95072,50.0
5858,78.22601,46.0
5859,78.40181,45.00000000000001
5860,78.67261,44.0
5861,78.931366,44.0
5862,79.054924,44.0
5863,79.33262,44.0
5864,79.439995,44.0
5865,79.46314,42.00000000000001
5866,79.40407,42.00000000000001
5867,79.21689,41.0
5868,78.86923,40.0
5869,78.46943,39.00000000000001
5870,78.0295,39.00000000000001
5871,77.51984,37.0
5872,77.02974,36.0
5873,76.500206,36.0
5874,76.09643,35.0
5875,75.693634,35.0
5876,75.27689,34.0
5877,74.91734,31.0
5878,74.74181,30.0
5879,74.47375,28.0
5880,74.203636,28.0
5881,74.117096,26.0
5882,73.70893,26.999999999999996
5883,73.86001,26.999999999999996
5884,73.99748,29.0
5885,74.34846,35.0
5886,74.74087,39.00000000000001
5887,75.12818,42.00000000000001
5888,75.54888,43.0
5889,75.85035,44.0
5890,76.108894,46.0
5891,76.39252,48.00000000000001
5892,76.57807,49.0
5893,76.516235,49.0
5894,76.16793,49.0
5895,75.63808,49.0
5896,75.12426,48.00000000000001
5897,74.697914,48.00000000000001
5898,74.47353,48.00000000000001
5899,73.945816,48.00000000000001
5900,73.59551,49.0
5901,73.20075,49.0
5902,72.78894,50.0
5903,72.90239,49.0
5904,73.062965,50.0
5905,73.28089,50.99999999999999
5906,73.51657,50.0
5907,73.71147,50.0
5908,73.92696,48.00000000000001
5909,74.129776,42.00000000000001
5910,74.37722,37.0
5911,74.63411,34.0
5912,74.92766,34.0
5913,75.23899,35.0
5914,75.539665,36.0
5915,75.85872,37.0
5916,76.07587,40.0
5917,76.27328,41.0
5918,76.01634,41.0
5919,75.618416,42.00000000000001
5920,75.37203,43.0
5921,75.089775,44.0
5922,75.30239,46.0
5923,75.27898,47.0
5924,74.97452,48.00000000000001
5925,74.70303,48.00000000000001
5926,74.4634,50.0
5927,74.66027,50.99999999999999
5928,74.954025,50.99999999999999
5929,75.14937,49.0
5930,75.121544,49.0
5931,74.94164,48.00000000000001
5932,74.67699,47.0
5933,74.75633,47.0
5934,74.95261,46.0
5935,75.0666,46.0
5936,75.34837,45.00000000000001
5937,75.65243,45.00000000000001
5938,75.99448,43.0
5939,76.093636,40.0
5940,75.90384,37.0
5941,75.89707,37.0
5942,75.76144,37.0
5943,75.55655,38.0
5944,75.40223,38.0
5945,75.33678,37.0
5946,75.28892,36.0
5947,75.23233,36.0
5948,75.00164,36.0
5949,74.81615,35.0
5950,74.40835,36.0
5951,74.56817,33.0
5952,74.6825,32.0
5953,74.30843,32.0
5954,73.97987,33.0
5955,73.67763,33.0
5956,73.56478,35.0
5957,74.01535,38.0
5958,74.099556,42.00000000000001
5959,74.6226,43.0
5960,75.00089,42.00000000000001
5961,74.7736,43.0
5962,74.84078,44.0
5963,74.95048,44.0
5964,75.08709,44.0
5965,75.21694,46.0
5966,75.36154,48.00000000000001
5967,75.59475,50.0
5968,75.82015,50.0
5969,75.605064,48.00000000000001
5970,75.40969,48.00000000000001
5971,75.12544,47.0
5972,74.285416,47.0
5973,73.78934,50.0
5974,73.72009,49.0
5975,73.56216,49.0
5976,73.387566,50.99999999999999
5977,73.40752,50.99999999999999
5978,73.46718,52.0
5979,73.728424,53.0
5980,73.89982,53.0
5981,74.00035,52.0
5982,74.090195,49.0
5983,74.252655,48.00000000000001
5984,74.458626,49.0
5985,74.500854,47.0
5986,74.389534,47.0
5987,74.35644,47.0
5988,74.226654,46.0
5989,74.08249,45.00000000000001
5990,74.252655,43.0
5991,74.200455,43.0
5992,74.26146,44.0
5993,74.12097,45.00000000000001
5994,74.08441,45.00000000000001
5995,73.61306,45.00000000000001
5996,73.144516,44.0
5997,72.64686,43.0
5998,72.39718,43.0
5999,72.456,41.0
6000,72.20914,41.0
6001,72.058685,41.0
6002,72.13175,40.0
6003,72.31886,40.0
6004,72.52847,40.0
6005,72.78188,41.0
6006,72.98721,40.0
6007,73.19519,40.0
6008,73.4172,40.0
6009,73.68164,40.0
6010,73.92913,40.0
6011,74.1336,41.0
6012,74.258965,41.0
6013,74.387314,41.0
6014,74.17437,40.0
6015,73.7672,39.00000000000001
6016,73.52059,39.00000000000001
6017,73.42359,39.00000000000001
6018,73.415375,39.00000000000001
6019,73.07599,38.0
6020,72.736565,40.0
6021,72.67537,39.00000000000001
6022,72.68865,37.0
6023,72.748344,38.0
6024,72.85123,37.0
6025,72.95663,36.0
6026,73.104385,35.0
6027,73.26681,34.0
6028,73.12193,32.0
6029,73.283226,32.0
6030,73.48382,31.0
6031,73.221054,31.0
6032,73.0996,30.0
6033,73.13698,31.0
6034,73.33763,30.0
6035,73.55665,33.0
6036,73.85011,34.0
6037,74.0289,34.0
6038,74.010635,35.0
6039,73.87974,35.0
6040,73.66665,35.0
6041,73.558174,34.0
6042,73.04171,35.0
6043,72.55916,35.0
6044,72.38138,34.0
6045,72.05972,34.0
6046,72.1291,35.0
6047,72.29955,35.0
6048,72.454346,36.0
6049,72.62268,36.0
6050,72.7114,36.0
6051,72.79888,36.0
6052,72.74535,36.0
6053,72.720695,35.0
6054,72.91678,36.0
6055,73.040825,36.0
6056,73.149666,35.0
6057,73.2533,35.0
6058,73.39469,34.0
6059,73.64336,30.0
6060,73.42204,28.0
6061,73.51009,29.0
6062,73.70072,30.0
6063,73.66835,29.0
6064,73.24969,28.0
6065,72.983406,26.999999999999996
6066,72.72026,28.0
6067,72.60058,26.999999999999996
6068,72.42388,29.0
6069,72.65549,31.0
6070,72.66356,30.0
6071,72.8766,30.0
6072,73.02309,29.0
6073,73.12758,28.0
6074,73.25109,28.0
6075,73.49089,28.0
6076,73.76102,28.0
6077,74.069115,30.0
6078,74.50253,30.0
6079,74.59967,31.0
6080,74.720116,32.0
6081,75.02488,32.0
6082,74.954865,32.0
6083,75.2157,31.0
6084,75.446175,33.0
6085,75.72818,34.0
6086,75.91964,32.0
6087,75.30983,33.0
6088,74.992714,33.0
6089,74.749374,34.0
6090,74.44606,33.0
6091,74.142815,35.0
6092,74.16303,33.0
6093,73.84876,32.0
6094,73.90472,31.0
6095,74.04372,31.0
6096,74.12684,31.0
6097,74.09656,33.0
6098,74.3809,33.0
6099,74.4078,33.0
6100,74.50936,34.0
6101,74.79684,33.0
6102,74.94803,34.0
6103,75.165565,33.0
6104,75.18628,33.0
6105,75.26987,35.0
6106,75.55623,37.0
6107,75.85448,38.0
6108,76.12291,38.0
6109,76.37045,38.0
6110,76.56835,40.0
6111,76.64588,40.0
6112,76.32821,40.0
6113,75.9778,40.0
6114,75.60136,40.0
6115,75.30728,39.00000000000001
6116,75.1158,39.00000000000001
6117,74.836914,40.0
6118,74.82822,42.00000000000001
6119,74.7281,43.0
6120,74.54584,43.0
6121,74.29119,41.0
6122,73.59765,41.0
6123,73.45993,40.0
6124,73.42694,40.0
6125,73.677986,39.00000000000001
6126,73.768745,37.0
6127,73.85353,38.0
6128,74.057205,37.0
6129,74.194016,36.0
6130,74.47974,35.0
6131,74.828896,36.0
6132,75.12402,36.0
6133,75.18061,33.0
6134,75.05936,32.0
6135,75.14504,33.0
6136,75.17183,33.0
6137,75.19252,33.0
6138,75.121124,33.0
6139,75.36592,32.0
6140,75.31636,32.0
6141,75.24784,30.0
6142,75.16644,28.0
6143,74.88581,28.0
6144,74.84245,28.0
6145,75.08753,28.0
6146,75.12077,28.0
6147,75.15549,29.0
6148,75.25445,26.999999999999996
6149,75.24609,28.0
6150,75.27265,29.0
6151,75.580605,29.0
6152,75.93059,30.0
6153,76.2741,31.0
6154,76.57801,29.0
6155,76.682526,26.999999999999996
6156,76.685295,26.999999999999996
6157,76.71327,26.999999999999996
6158,76.42182,26.999999999999996
6159,76.24814,25.0
6160,75.69183,25.0
6161,75.36089,25.0
6162,75.150696,25.0
6163,75.00498,26.999999999999996
6164,74.9461,29.0
6165,74.84308,26.999999999999996
6166,74.437195,29.0
6167,74.600914,29.0
6168,74.69952,28.0
6169,74.83202,29.0
6170,75.01605,30.0
6171,75.27135,30.0
6172,75.54729,30.0
6173,75.81237,30.0
6174,75.95347,29.0
6175,76.04464,31.0
6176,76.36408,32.0
6177,76.642784,31.0
6178,76.83545,33.0
6179,77.10481,35.0
6180,77.35665,35.0
6181,77.12983,35.0
6182,77.02475,33.0
6183,76.81216,34.0
6184,76.657715,35.0
6185,76.71875,36.0
6186,76.65607,37.0
6187,76.58954,37.0
6188,76.57496,35.0
6189,76.39564,36.0
6190,76.194786,35.0
6191,76.031746,37.0
6192,76.0668,39.00000000000001
6193,76.15955,40.0
6194,76.306786,43.0
6195,76.50033,45.00000000000001
6196,76.68808,47.0
6197,76.86255,50.0
6198,77.06817,53.0
6199,77.422386,53.0
6200,77.82659,53.0
6201,78.22205,53.99999999999999
6202,78.617966,53.99999999999999
6203,79.00486,53.99999999999999
6204,79.295166,55.0
6205,79.474655,55.0
6206,79.10099,56.0
6207,79.14516,56.0
6208,79.131134,56.99999999999999
6209,79.407295,56.99999999999999
6210,79.24547,56.99999999999999
6211,79.25125,56.99999999999999
6212,79.15192,56.99999999999999
6213,78.81561,56.99999999999999
6214,78.781784,56.99999999999999
6215,78.653534,58.0
6216,78.85295,59.0
6217,79.05221,60.0
6218,79.21523,60.0
6219,79.176,59.0
6220,78.77099,58.0
6221,78.47821,58.0
6222,78.243576,56.99999999999999
6223,78.18187,56.0
6224,78.11095,55.0
6225,78.21667,55.0
6226,78.2345,53.99999999999999
6227,78.201004,53.99999999999999
6228,78.07897,53.0
6229,77.91284,53.0
6230,77.99061,53.0
6231,78.18955,53.0
6232,78.02896,52.0
6233,77.98756,52.0
6234,77.67857,52.0
6235,77.43265,52.0
6236,77.36786,52.0
6237,77.27736,50.99999999999999
6238,77.08726,52.0
6239,77.20595,50.0
6240,76.66643,47.0
6241,76.229095,44.0
6242,76.337425,41.0
6243,76.103645,41.0
6244,76.08912,40.0
6245,76.01758,39.00000000000001
6246,76.025925,37.0
6247,76.008125,37.0
6248,76.08901,37.0
6249,76.26271,36.0
6250,76.021355,35.0
6251,76.049614,34.0
6252,76.19254,34.0
6253,76.23607,35.0
6254,76.28722,34.0
6255,76.073715,33.0
6256,75.74964,34.0
6257,75.5034,34.0
6258,75.26475,33.0
6259,74.92264,31.0
6260,74.764595,30.0
6261,74.38585,31.0
6262,74.29715,30.0
6263,74.28556,30.0
6264,74.10104,31.0
6265,73.96175,28.0
6266,73.90903,53.0
6267,74.22408,53.0
6268,74.51646,53.99999999999999
6269,74.86338,53.99999999999999
6270,75.22039,53.99999999999999
6271,75.59912,53.99999999999999
6272,75.83943,53.99999999999999
6273,76.2146,53.99999999999999
6274,76.61475,55.0
6275,77.0743,55.0
6276,77.4181,56.0
6277,77.6729,56.99999999999999
6278,77.830124,59.0
6279,78.01602,59.0
6280,78.12286,61.0
6281,78.25371,62.0
6282,78.42007,61.0
6283,78.35268,61.0
6284,78.0809,61.0
6285,77.81374,61.0
6286,77.66508,61.0
6287,77.55988,62.0
6288,77.8141,62.0
6289,78.11258,62.0
6290,78.42454,59.0
6291,78.8018,58.0
6292,78.913414,58.0
6293,79.34489,58.0
6294,79.79347,58.0
6295,80.199524,58.0
6296,80.601166,58.0
6297,80.968704,59.0
6298,81.434364,59.0
6299,82.023384,59.0
6300,82.429825,59.0
6301,82.866234,59.0
6302,82.82253,59.0
6303,82.95393,58.0
6304,82.44456,56.99999999999999
6305,82.186066,58.0
6306,82.029785,58.0
6307,82.08496,58.0
6308,81.99117,59.0
6309,82.19283,59.0
6310,82.25125,60.0
6311,82.68057,60.0
6312,82.64766,61.0
6313,82.813,61.0
6314,82.96115,60.0
6315,83.468094,61.0
6316,83.91235,59.0
6317,84.30498,56.99999999999999
6318,84.55341,56.99999999999999
6319,84.81484,56.99999999999999
6320,85.06969,56.99999999999999
6321,85.409615,56.99999999999999
6322,85.82835,56.99999999999999
6323,86.45759,59.0
6324,87.06553,59.0
6325,87.39291,59.0
6326,87.44013,59.0
6327,87.47297,60.0
6328,87.60128,59.0
6329,87.460396,59.0
6330,87.25636,59.0
6331,87.18049,59.0
6332,87.243805,59.0
6333,87.391556,59.0
6334,87.44752,58.0
6335,86.90916,56.99999999999999
6336,86.91268,56.99999999999999
6337,87.15499,56.0
6338,87.19526,65.0
6339,87.18697,65.0
6340,87.51527,65.0
6341,87.94664,65.0
6342,88.38487,66.0
6343,88.85501,66.0
6344,89.2085,65.0
6345,89.45584,67.0
6346,90.00312,67.0
6347,90.22667,67.0
6348,90.58964,68.0
6349,90.33616,68.0
6350,89.90364,68.0
6351,89.68387,68.0
6352,89.42607,68.0
6353,89.10723,67.0
6354,88.60807,67.0
6355,88.3996,67.0
6356,88.226,67.0
6357,87.989784,68.0
6358,88.165405,68.0
6359,88.37571,68.0
6360,88.05055,67.0
6361,87.97856,68.0
6362,88.13768,72.0
6363,88.456436,72.0
6364,88.76862,73.0
6365,89.20564,74.0
6366,89.71094,75.0
6367,90.26436,75.0
6368,90.76416,77.0
6369,91.3782,78.0
6370,91.98068,79.0
6371,92.616135,81.0
6372,93.005646,80.0
6373,91.835785,82.0
6374,92.02479,83.0
6375,92.30003,84.00000000000001
6376,92.531395,85.0
6377,92.76559,85.0
6378,92.73839,85.0
6379,92.78042,85.0
6380,92.57683,85.0
6381,92.68136,84.00000000000001
6382,92.10017,82.0
6383,91.81714,79.0
6384,91.79636,79.0
6385,91.570335,79.0
6386,92.00864,64.0
6387,91.99427,65.0
6388,92.36119,65.0
6389,92.69636,67.0
6390,93.13854,66.0
6391,92.654915,66.0
6392,92.48716,66.0
6393,92.40692,65.0
6394,92.02016,63.0
6395,91.16428,62.0
6396,90.60924,63.0
6397,90.20813,62.0
6398,88.780975,63.0
6399,88.85719,63.0
6400,88.77199,64.0
6401,88.51749,63.0
6402,88.483925,63.0
6403,88.49298,64.0
6404,88.559555,64.0
6405,88.58488,63.0
6406,88.46223,62.0
6407,88.388176,62.0
6408,88.09061,60.0
6409,87.37512,60.0
6410,86.894424,46.0
6411,87.28816,47.0
6412,87.42997,47.0
6413,87.56317,46.0
6414,87.94193,45.00000000000001
6415,88.39593,46.0
6416,88.52604,45.00000000000001
6417,88.6619,47.0
6418,89.07577,49.0
6419,89.577286,52.0
6420,89.60106,48.00000000000001
6421,88.920296,48.00000000000001
6422,88.36888,50.99999999999999
6423,88.51346,50.0
6424,88.37295,48.00000000000001
6425,88.31206,49.0
6426,88.21182,50.99999999999999
6427,87.97388,52.0
6428,87.81175,52.0
6429,87.56559,52.0
6430,87.49453,52.0
6431,87.52531,53.0
6432,87.65654,53.0
6433,87.419975,53.0
6434,87.40368,64.0
6435,87.37302,63.0
6436,87.34921,64.0
6437,87.68085,64.0
6438,88.056465,64.0
6439,87.919975,65.0
6440,88.36442,64.0
6441,88.8427,63.0
6442,89.24693,62.0
6443,89.24318,61.0
6444,89.08454,60.0
6445,88.65283,60.0
6446,88.54987,59.0
6447,88.688614,60.0
6448,88.92159,60.0
6449,88.75478,60.0
6450,88.778,60.0
6451,88.160576,59.0
6452,87.98843,60.0
6453,87.80165,60.0
6454,87.70294,61.0
6455,87.63719,60.0
6456,87.19944,59.0
6457,87.52183,59.0
6458,87.87702,63.0
6459,87.88378,65.0
6460,88.119705,68.0
6461,88.3789,71.0
6462,88.6996,71.0
6463,89.07284,72.0
6464,89.43776,72.0
6465,89.65309,73.0
6466,90.040085,74.0
6467,90.45003,77.0
6468,90.81874,79.0
6469,91.03568,78.0
6470,90.81424,81.0
6471,91.04898,83.0
6472,91.14205,84.00000000000001
6473,90.980965,84.00000000000001
6474,90.892136,84.00000000000001
6475,90.74113,86.0
6476,90.998795,86.0
6477,90.87177,86.0
6478,90.62357,88.0
6479,90.86107,89.0
6480,91.01761,90.00000000000001
6481,91.21138,91.0
6482,91.367065,56.0
6483,91.17252,55.0
6484,90.83453,56.0
6485,91.16502,56.0
6486,91.22145,56.0
6487,91.041885,56.0
6488,90.9762,56.99999999999999
6489,91.21635,58.0
6490,91.64623,59.0
6491,91.858215,59.0
6492,91.67397,60.0
6493,90.20406,60.0
6494,90.72389,59.0
6495,89.90284,60.0
6496,89.66085,60.0
6497,89.31867,59.0
6498,88.73675,59.0
6499,88.38756,59.0
6500,88.20774,59.0
6501,88.12274,59.0
6502,87.91017,58.0
6503,87.40723,56.99999999999999
6504,86.72533,56.99999999999999
6505,86.26492,56.99999999999999
6506,85.85151,33.0
6507,85.69501,53.0
6508,86.72465,53.99999999999999
6509,87.19585,53.99999999999999
6510,87.05052,53.0
6511,86.406494,53.0
6512,85.82102,53.0
6513,85.53816,53.0
6514,85.38082,53.0
6515,85.15377,53.0
6516,84.80971,53.0
6517,84.45791,52.0
6518,83.58694,52.0
6519,83.034294,53.0
6520,82.689926,53.0
6521,82.292984,53.0
6522,81.75393,53.0
6523,81.33206,53.0
6524,80.69808,53.0
6525,80.22297,52.0
6526,79.9013,52.0
6527,79.533936,52.0
6528,79.34191,53.0
6529,79.55741,55.0
6530,79.903404,32.0
6531,80.25819,32.0
6532,80.2634,33.0
6533,80.40384,35.0
6534,80.93902,36.0
6535,81.38953,37.0
6536,81.6843,37.0
6537,81.7789,37.0
6538,81.82623,39.00000000000001
6539,82.23054,41.0
6540,82.6292,43.0
6541,83.00421,44.0
6542,82.94099,45.00000000000001
6543,82.63786,46.0
6544,82.39194,46.0
6545,82.2615,46.0
6546,82.03802,44.0
6547,82.027626,42.00000000000001
6548,82.06401,41.0
6549,82.01461,40.0
6550,82.00237,39.00000000000001
6551,82.02737,39.00000000000001
6552,82.06591,38.0
6553,82.06905,38.0
6554,81.88395,35.0
6555,81.865326,35.0
6556,81.84481,34.0
6557,81.8814,31.0
6558,81.85792,29.0
6559,81.96906,28.0
6560,82.06193,28.0
6561,82.275345,28.0
6562,82.40647,26.0
6563,82.77719,26.0
6564,83.19837,25.0
6565,83.31522,25.0
6566,83.048965,25.0
6567,82.07003,25.0
6568,81.758804,25.0
6569,81.58092,26.999999999999996
6570,81.39927,26.0
6571,80.890884,26.0
6572,80.37821,29.0
6573,80.45497,30.0
6574,80.3714,30.0
6575,80.27204,30.0
6576,80.233185,30.0
6577,80.20183,30.0
6578,80.17927,31.0
6579,80.35411,31.0
6580,80.37707,32.0
6581,80.379745,33.0
6582,80.31342,33.0
6583,80.39171,33.0
6584,80.433685,33.0
6585,80.4564,33.0
6586,80.53082,33.0
6587,80.57888,30.0
6588,80.40941,26.999999999999996
6589,79.8999,26.0
6590,79.59028,26.0
6591,79.27671,25.0
6592,78.889786,24.000000000000004
6593,78.38368,23.0
6594,77.98631,24.000000000000004
6595,77.80943,25.0
6596,77.39594,24.000000000000004
6597,77.21387,26.999999999999996
6598,77.24057,26.0
6599,76.767944,26.999999999999996
6600,76.81781,26.999999999999996
6601,76.8639,28.0
6602,76.92312,26.999999999999996
6603,76.95899,26.999999999999996
6604,76.879456,26.999999999999996
6605,76.918976,26.999999999999996
6606,77.05618,26.999999999999996
6607,77.09242,26.999999999999996
6608,77.21037,29.0
6609,77.47046,30.0
6610,77.70508,31.0
6611,77.94094,34.0
6612,78.29357,39.00000000000001
6613,78.619125,40.0
6614,78.734764,41.0
6615,78.619736,42.00000000000001
6616,78.41519,42.00000000000001
6617,78.01466,41.0
6618,77.512405,40.0
6619,77.18582,40.0
6620,76.89625,39.00000000000001
6621,76.86771,38.0
6622,77.05524,39.00000000000001
6623,77.23491,38.0
6624,77.33696,39.00000000000001
6625,77.54902,39.00000000000001
6626,77.738045,39.00000000000001
6627,77.828636,39.00000000000001
6628,77.885704,39.00000000000001
6629,78.04707,39.00000000000001
6630,78.24803,39.00000000000001
6631,78.32245,39.00000000000001
6632,78.449684,38.0
6633,78.62996,38.0
6634,79.04987,37.0
6635,79.37756,34.0
6636,79.58233,32.0
6637,79.86117,34.0
6638,79.86454,31.0
6639,79.66446,32.0
6640,79.511856,33.0
6641,79.27572,33.0
6642,79.15389,33.0
6643,78.9845,34.0
6644,78.7288,33.0
6645,78.445335,31.0
6646,78.11604,33.0
6647,78.1017,33.0
6648,77.95626,33.0
6649,77.99258,33.0
6650,78.21072,34.0
6651,78.3055,34.0
6652,78.321846,34.0
6653,78.26523,34.0
6654,78.38904,35.0
6655,78.77317,36.0
6656,79.19181,36.0
6657,79.38259,35.0
6658,79.4771,36.0
6659,79.58229,36.0
6660,79.47439,34.0
6661,79.247185,31.0
6662,78.960236,31.0
6663,78.738754,30.0
6664,78.641304,30.0
6665,78.627,31.0
6666,78.42412,31.0
6667,78.19633,31.0
6668,78.01224,30.0
6669,77.71746,33.0
6670,77.67663,30.0
6671,77.21873,30.0
6672,77.09321,30.0
6673,77.020775,29.0
6674,76.8536,29.0
6675,76.83256,31.0
6676,77.086136,32.0
6677,77.33458,31.0
6678,77.44276,30.0
6679,77.60122,29.0
6680,77.43384,28.0
6681,77.51398,28.0
6682,77.62632,28.0
6683,77.74678,26.999999999999996
6684,77.697525,26.999999999999996
6685,77.69031,28.0
6686,77.516815,28.0
6687,77.26126,26.999999999999996
6688,76.9527,26.999999999999996
6689,76.90799,26.999999999999996
6690,76.684364,26.0
6691,76.1459,26.999999999999996
6692,75.97987,26.999999999999996
6693,75.64222,25.0
6694,75.2282,25.0
6695,74.79521,24.000000000000004
6696,74.318245,24.000000000000004
6697,74.04009,24.000000000000004
6698,74.07289,24.000000000000004
6699,73.97784,22.0
6700,73.9094,21.000000000000004
6701,73.87877,20.0
6702,73.90899,20.0
6703,74.0108,20.0
6704,74.074814,20.0
6705,74.242424,21.000000000000004
6706,74.48737,23.0
6707,74.75366,25.0
6708,75.0025,26.999999999999996
6709,75.19905,28.0
6710,75.340805,28.0
6711,75.10546,30.0
6712,75.042564,30.0
6713,75.02097,30.0
6714,74.91402,31.0
6715,74.82675,30.0
6716,74.686066,30.0
6717,74.61143,31.0
6718,74.67951,32.0
6719,74.85636,35.0
6720,75.20926,38.0
6721,75.578545,38.0
6722,75.857124,39.00000000000001
6723,75.95258,40.0
6724,76.27771,42.00000000000001
6725,76.63886,42.00000000000001
6726,76.874466,42.00000000000001
6727,76.986595,42.00000000000001
6728,77.17211,42.00000000000001
6729,77.31547,41.0
6730,77.52906,39.00000000000001
6731,77.59269,40.0
6732,77.92921,38.0
6733,78.084984,36.0
6734,77.77258,38.0
6735,77.74924,36.0
6736,77.32798,35.0
6737,77.063194,36.0
6738,77.075584,36.0
6739,76.73524,35.0
6740,76.36223,35.0
6741,75.85855,34.0
6742,75.56286,35.0
6743,75.21326,33.0
6744,75.30342,32.0
6745,75.51151,42.00000000000001
6746,75.8441,46.0
6747,76.18808,46.0
6748,76.462234,45.00000000000001
6749,76.4672,44.0
6750,76.11196,45.00000000000001
6751,76.20283,45.00000000000001
6752,76.360405,45.00000000000001
6753,76.443245,44.0
6754,76.43393,44.0
6755,76.50886,42.00000000000001
6756,76.557076,43.0
6757,76.693855,44.0
6758,76.4101,42.00000000000001
6759,76.201904,42.00000000000001
6760,75.983765,43.0
6761,75.81461,42.00000000000001
6762,75.58076,43.0
6763,75.64781,45.00000000000001
6764,75.68744,45.00000000000001
6765,75.453255,47.0
6766,75.40954,47.0
6767,74.96624,46.0
6768,74.45192,45.00000000000001
6769,74.347015,35.0
6770,74.3702,32.0
6771,74.275246,31.0
6772,74.27215,32.0
6773,74.39998,33.0
6774,74.56694,34.0
6775,74.73721,36.0
6776,75.02459,40.0
6777,75.33879,43.0
6778,75.63751,45.00000000000001
6779,75.95873,46.0
6780,76.17433,44.0
6781,76.21005,44.0
6782,76.11682,45.00000000000001
6783,76.11261,45.00000000000001
6784,75.892876,46.0
6785,76.03834,46.0
6786,75.66799,47.0
6787,75.79836,46.0
6788,75.79301,47.0
6789,75.67756,46.0
6790,75.7862,44.0
6791,75.840996,44.0
6792,76.010155,44.0
6793,76.12518,44.0
6794,76.363106,44.0
6795,76.56239,44.0
6796,76.75127,44.0
6797,77.008736,44.0
6798,77.30698,44.0
6799,77.66495,44.0
6800,78.04375,42.00000000000001
6801,78.39241,42.00000000000001
6802,78.74522,43.0
6803,79.010056,43.0
6804,79.08631,46.0
6805,79.18792,47.0
6806,79.16074,46.0
6807,78.9577,47.0
6808,78.6154,45.00000000000001
6809,78.34799,48.00000000000001
6810,78.401634,47.0
6811,78.27634,48.00000000000001
6812,78.299576,48.00000000000001
6813,77.992294,48.00000000000001
6814,77.7277,49.0
6815,77.779434,50.0
6816,77.38698,50.0
6817,77.4555,50.0
6818,77.49954,50.0
6819,77.50887,50.0
6820,77.6043,50.0
6821,77.92036,50.99999999999999
6822,78.21908,50.99999999999999
6823,78.52829,50.0
6824,78.93411,49.0
6825,79.105896,47.0
6826,79.32063,45.00000000000001
6827,79.37582,43.0
6828,79.516075,42.00000000000001
6829,79.715324,42.00000000000001
6830,79.88407,42.00000000000001
6831,79.76737,43.0
6832,79.529144,44.0
6833,79.39448,43.0
6834,79.60396,44.0
6835,79.44123,44.0
6836,79.267944,44.0
6837,78.808876,44.0
6838,78.62826,45.00000000000001
6839,78.75896,44.0
6840,78.54675,46.0
6841,78.52335,49.0
6842,78.82724,50.0
6843,79.05054,50.0
6844,79.198166,49.0
6845,79.27969,47.0
6846,79.10105,45.00000000000001
6847,78.94372,44.0
6848,78.96122,44.0
6849,79.09668,43.0
6850,78.99178,44.0
6851,79.01837,43.0
6852,78.95077,42.00000000000001
6853,78.86505,41.0
6854,79.07178,41.0
6855,78.76784,40.0
6856,78.177025,41.0
6857,78.266884,39.00000000000001
6858,78.10115,38.0
6859,77.86266,37.0
6860,77.93599,38.0
6861,77.86413,38.0
6862,77.60337,40.0
6863,77.70669,40.0
6864,77.367386,38.0
6865,77.10934,36.0
6866,77.01717,34.0
6867,77.0746,34.0
6868,77.06027,35.0
6869,77.07345,35.0
6870,76.980286,34.0
6871,76.82512,34.0
6872,76.65203,33.0
6873,76.609856,32.0
6874,76.45697,31.0
6875,76.29763,32.0
6876,76.58636,33.0
6877,76.75989,34.0
6878,76.65918,32.0
6879,76.120026,33.0
6880,76.13308,31.0
6881,75.93524,32.0
6882,75.88628,32.0
6883,75.65852,32.0
6884,75.66245,33.0
6885,75.89936,32.0
6886,75.78022,30.0
6887,75.85684,31.0
6888,76.10347,30.0
6889,76.0099,30.0
6890,76.15545,30.0
6891,76.10449,30.0
6892,76.15899,29.0
6893,76.13421,29.0
6894,76.116905,30.0
6895,76.07588,29.0
6896,75.99754,29.0
6897,75.9883,29.0
6898,76.04508,30.0
6899,76.08661,30.0
6900,76.36159,31.0
6901,76.52167,32.0
6902,76.63949,33.0
6903,76.426895,32.0
6904,76.02874,33.0
6905,76.10989,32.0
6906,75.97032,32.0
6907,75.8926,31.0
6908,75.58097,28.0
6909,75.26802,28.0
6910,74.86138,26.0
6911,74.52306,25.0
6912,74.12466,26.0
6913,74.02932,26.0
6914,74.26873,26.0
6915,74.516655,25.0
6916,74.71809,26.999999999999996
6917,75.02345,26.999999999999996
6918,74.809494,28.0
6919,75.0507,28.0
6920,75.12854,28.0
6921,75.29894,29.0
6922,75.59378,30.0
6923,75.888885,29.0
6924,76.04505,29.0
6925,76.19928,28.0
6926,75.96406,29.0
6927,75.7863,30.0
6928,75.64153,28.0
6929,75.240875,26.999999999999996
6930,75.11034,26.0
6931,75.02792,26.0
6932,74.85153,26.999999999999996
6933,74.502304,26.999999999999996
6934,74.13512,28.0
6935,73.86834,29.0
6936,73.61915,26.999999999999996
6937,73.66949,26.0
6938,73.77594,25.0
6939,73.82427,26.0
6940,74.02938,25.0
6941,74.16823,26.0
6942,74.293945,26.0
6943,74.249435,25.0
6944,73.98361,26.0
6945,74.2513,25.0
6946,74.509315,25.0
6947,74.75897,25.0
6948,75.00238,24.000000000000004
6949,74.59226,23.0
6950,74.28092,22.0
6951,74.11582,22.0
6952,73.91994,23.0
6953,73.87574,25.0
6954,73.67489,24.000000000000004
6955,73.42237,24.000000000000004
6956,73.34188,24.000000000000004
6957,73.33246,24.000000000000004
6958,73.32975,24.000000000000004
6959,73.48672,23.0
6960,73.64496,24.000000000000004
6961,73.86946,24.000000000000004
6962,73.862206,24.000000000000004
6963,73.80646,25.0
6964,73.971825,26.0
6965,74.1985,24.000000000000004
6966,74.30101,25.0
6967,74.57696,26.0
6968,74.75451,26.999999999999996
6969,75.09401,26.999999999999996
6970,75.44708,28.0
6971,75.75886,28.0
6972,76.04387,31.0
6973,76.34521,33.0
6974,76.429184,34.0
6975,76.292885,34.0
6976,76.46946,34.0
6977,76.38445,33.0
6978,75.997505,33.0
6979,75.68446,33.0
6980,75.08091,32.0
6981,75.05264,33.0
6982,75.11602,33.0
6983,75.12055,34.0
6984,75.42111,34.0
6985,75.404594,35.0
6986,75.2646,36.0
6987,75.48473,35.0
6988,75.58262,34.0
6989,75.65941,33.0
6990,75.67069,32.0
6991,75.81396,33.0
6992,76.086296,32.0
6993,76.24113,31.0
6994,76.372536,29.0
6995,76.43794,29.0
6996,76.6812,26.0
6997,76.69994,25.0
6998,76.05385,24.000000000000004
6999,75.51327,23.0
7000,75.19831,23.0
7001,74.86918,23.0
7002,74.72465,25.0
7003,74.48214,26.0
7004,74.27542,26.0
7005,73.89553,26.0
7006,73.40665,26.999999999999996
7007,73.05962,26.0
7008,72.98877,26.0
7009,73.186905,26.999999999999996
