,prediction,actual
0,60.278534,61.0
1,60.459965,60.0
2,59.80508,60.0
3,59.581696,60.0
4,59.53099,60.0
5,59.640476,60.0
6,59.822018,60.0
7,59.81833,60.0
8,59.85738,59.0
9,59.01487,59.0
10,58.771072,59.0
11,58.652813,58.0
12,57.748524,58.0
13,57.53645,58.0
14,57.697964,57.0
15,56.844364,57.0
16,56.576366,57.0
17,56.457485,57.0
18,56.51295,57.0
19,56.52941,57.0
20,56.533737,57.0
21,56.55412,57.0
22,56.8415,57.0
23,56.73401,57.0
24,56.552395,57.0
25,56.751743,58.0
26,57.877766,58.0
27,58.051693,59.0
28,58.94162,59.0
29,59.0656,60.0
30,59.935806,60.0
31,60.108105,60.0
32,60.138947,60.0
33,60.07921,61.0
34,60.66448,61.0
35,60.958492,61.0
36,61.042606,61.0
37,61.17904,62.0
38,61.844093,62.0
39,62.137928,62.0
40,62.150543,62.0
41,61.94345,62.0
42,61.660797,61.0
43,60.50006,61.0
44,60.25599,61.0
45,60.314316,61.0
46,60.494423,61.0
47,60.546875,61.0
48,60.66233,61.0
49,60.605305,60.0
50,59.58385,60.0
51,59.336945,59.0
52,58.427185,59.0
53,58.542824,58.0
54,57.67341,58.0
55,57.455486,59.0
56,58.24273,59.0
57,58.631447,60.0
58,59.561,60.0
59,60.16062,60.0
60,60.115993,61.0
61,61.031895,61.0
62,61.128723,61.0
63,61.280445,61.0
64,61.155132,62.0
65,61.82136,62.0
66,61.98041,62.0
67,62.01227,62.0
68,61.88621,62.0
69,61.898735,62.0
70,61.74497,62.0
71,61.70482,62.0
72,61.55208,62.0
73,61.702442,62.0
74,61.723373,62.0
75,61.681713,62.0
76,61.861847,62.0
77,61.796093,62.0
78,61.73368,61.0
79,60.74793,60.0
80,59.613075,60.0
81,59.26585,59.0
82,58.34192,58.0
83,57.43412,57.0
84,56.55617,57.0
85,56.149822,56.0
86,55.347267,56.0
87,55.406513,56.0
88,55.58387,56.0
89,55.58968,56.0
90,55.71528,56.0
91,55.630978,56.0
92,55.512783,56.0
93,55.361454,55.0
94,54.433693,55.0
95,54.275394,55.0
96,54.43147,55.0
97,54.713444,55.0
98,54.868786,56.0
99,55.867107,56.0
100,56.13542,57.0
101,56.986256,57.0
102,57.184696,58.0
103,57.791344,59.0
104,58.8091,60.0
105,59.993492,61.0
106,60.959785,62.0
107,62.13379,62.0
108,62.42002,63.0
109,63.331547,64.0
110,64.26199,64.0
111,64.38193,64.0
112,64.26555,65.0
113,64.96619,65.0
114,65.04784,65.0
115,64.95823,65.0
116,64.78533,66.0
117,65.744026,66.0
118,66.01916,66.0
119,65.99754,66.0
120,65.846344,66.0
121,65.7486,65.0
122,64.83322,65.0
123,64.42127,65.0
124,64.429924,65.0
125,64.34285,65.0
126,64.4012,65.0
127,64.5875,64.0
128,63.933517,63.0
129,62.752224,62.0
130,61.426003,61.0
131,60.223522,60.0
132,59.165237,59.0
133,58.07521,59.0
134,57.77705,58.0
135,57.297802,57.0
136,56.486134,57.0
137,56.310757,57.0
138,56.68958,57.0
139,56.7536,57.0
140,56.734898,58.0
141,57.63851,58.0
142,57.923576,58.0
143,57.998386,59.0
144,58.82078,59.0
145,59.05907,59.0
146,58.904133,59.0
147,58.75688,59.0
148,58.440758,59.0
149,58.278675,59.0
150,58.355377,59.0
151,58.51577,59.0
152,58.58654,59.0
153,58.587326,59.0
154,58.645374,60.0
155,59.709545,60.0
156,59.95381,60.0
157,60.173454,60.0
158,60.138344,61.0
159,60.895855,61.0
160,61.074883,61.0
161,60.939445,61.0
162,60.68537,61.0
163,60.592285,61.0
164,60.57752,61.0
165,60.719738,61.0
166,60.930374,61.0
167,60.926384,61.0
168,60.775246,60.0
169,59.79543,60.0
170,59.70877,60.0
171,59.63583,59.0
172,58.729942,58.0
173,57.644947,58.0
174,57.30132,57.0
175,56.400623,56.0
176,55.35643,55.0
177,54.251347,55.0
178,54.12664,55.0
179,54.18498,55.0
180,54.55238,55.0
181,54.651127,55.0
182,54.680035,55.0
183,54.66944,55.0
184,54.69093,55.0
185,54.54419,55.0
186,54.482616,55.0
187,54.822193,55.0
188,55.067627,55.0
189,55.285366,55.0
190,55.135014,56.0
191,55.803104,56.0
192,55.639233,55.0
193,55.165436,55.0
194,55.022247,55.0
195,55.010742,55.0
196,54.949398,55.0
197,54.93499,55.0
198,54.78994,55.0
199,55.032906,55.0
200,54.951355,56.0
201,55.811287,56.0
202,56.091305,56.0
203,56.11186,56.0
204,56.042618,56.0
205,55.83049,56.0
206,55.532566,56.0
207,55.314133,56.0
208,55.524384,56.0
209,55.616066,56.0
210,55.641174,56.0
211,55.95895,56.0
212,56.02639,56.0
213,56.006046,56.0
214,55.81993,55.0
215,54.796272,55.0
216,54.54739,54.0
217,53.69607,54.0
218,53.447163,54.0
219,53.40415,54.0
220,53.66304,54.0
221,53.721504,54.0
222,53.94568,54.0
223,53.91176,55.0
224,54.766014,55.0
225,55.10768,56.0
226,55.925976,56.0
227,56.152866,56.0
228,56.11922,56.0
229,55.97463,56.0
230,55.723392,55.0
231,54.55282,55.0
232,54.090015,55.0
233,54.24841,54.0
234,53.61028,54.0
235,53.62431,53.0
236,52.96797,53.0
237,52.74389,53.0
238,52.71221,53.0
239,52.741333,53.0
240,52.57971,53.0
241,52.884422,53.0
242,52.70715,54.0
243,53.59517,54.0
244,54.172688,54.0
245,54.14631,54.0
246,54.01139,54.0
247,53.547337,54.0
248,53.557373,54.0
249,53.679337,53.0
250,52.96587,53.0
251,52.61471,53.0
252,52.5159,52.0
253,51.644608,52.0
254,51.346592,52.0
255,51.287235,52.0
256,51.470078,52.0
257,51.612183,51.0
258,50.881058,51.0
259,50.660137,50.0
260,49.781036,49.0
261,48.48052,48.0
262,47.14836,48.0
263,46.89002,48.0
264,47.345165,48.0
265,47.764137,48.0
266,47.762207,49.0
267,48.740288,48.0
268,48.07485,48.0
269,47.70251,47.0
270,46.430748,47.0
271,46.020252,47.0
272,46.150085,47.0
273,46.26282,46.0
274,45.6089,46.0
275,45.439037,46.0
276,45.498966,45.0
277,44.834858,45.0
278,44.396515,45.0
279,44.351673,45.0
280,44.48683,46.0
281,45.677597,46.0
282,46.356632,46.0
283,46.424553,47.0
284,47.15967,48.0
285,48.141155,49.0
286,49.411423,49.0
287,49.41664,50.0
288,50.20094,51.0
289,51.107296,51.0
290,51.217175,52.0
291,51.866978,53.0
292,52.791965,53.0
293,52.97089,53.0
294,52.921257,53.0
295,52.98842,54.0
296,53.801414,54.0
297,53.89271,54.0
298,54.186584,54.0
299,54.122913,55.0
300,54.76854,55.0
301,54.847527,56.0
302,55.989243,56.0
303,56.22678,57.0
304,57.079205,58.0
305,58.219913,58.0
306,58.39078,59.0
307,59.173527,60.0
308,60.31958,60.0
309,60.42604,61.0
310,61.265385,61.0
311,61.223854,61.0
312,61.0418,61.0
313,60.81325,60.0
314,59.75278,60.0
315,59.515057,60.0
316,59.41334,60.0
317,59.51058,61.0
318,60.73892,62.0
319,61.832294,63.0
320,63.07491,63.0
321,63.535454,63.0
322,63.27752,64.0
323,64.03617,63.0
324,63.099033,63.0
325,63.06595,63.0
326,62.544697,63.0
327,62.568676,62.0
328,61.579384,62.0
329,61.323235,61.0
330,60.397366,61.0
331,60.237804,60.0
332,59.574986,60.0
333,59.399895,60.0
334,59.427048,59.0
335,58.754234,59.0
336,58.569977,59.0
337,58.52597,60.0
338,59.524418,60.0
339,59.836216,60.0
340,59.866337,60.0
341,60.037914,60.0
342,59.834644,59.0
343,58.92568,58.0
344,57.93175,58.0
345,57.231117,58.0
346,57.37402,58.0
347,57.507305,58.0
348,57.656433,58.0
349,57.736248,58.0
350,57.775406,58.0
351,57.818897,58.0
352,57.86319,58.0
353,57.853146,58.0
354,57.97669,58.0
355,57.874344,58.0
356,57.750076,58.0
357,57.674374,58.0
358,57.723183,58.0
359,57.686157,59.0
360,58.596054,60.0
361,59.855152,60.0
362,60.315216,60.0
363,60.27037,60.0
364,60.18857,60.0
365,59.963043,60.0
366,59.819824,60.0
367,59.83566,60.0
368,59.77295,61.0
369,60.560547,61.0
370,60.834454,61.0
371,60.909954,61.0
372,61.099285,62.0
373,61.901115,62.0
374,61.863228,63.0
375,62.946228,63.0
376,63.09475,63.0
377,63.18798,63.0
378,62.888775,63.0
379,62.713127,63.0
380,62.696373,64.0
381,63.733402,64.0
382,64.1074,64.0
383,64.122475,63.0
384,62.99773,64.0
385,63.404236,64.0
386,63.580067,64.0
387,63.77087,64.0
388,63.852768,64.0
389,64.06403,64.0
390,64.10761,66.0
391,65.681366,69.00000000000001
392,68.524254,70.99999999999999
393,70.89565,74.0
394,74.424515,74.0
395,75.18732,74.0
396,75.17603,73.00000000000001
397,73.4954,72.0
398,71.88082,70.99999999999999
399,69.86504,70.0
400,68.59848,70.0
401,68.30296,69.00000000000001
402,67.56343,69.00000000000001
403,67.7288,68.0
404,67.16402,68.0
405,67.07168,66.99999999999999
406,66.27292,66.99999999999999
407,66.11222,66.0
408,65.263916,65.0
409,64.225006,63.0
410,62.220757,62.0
411,60.89489,62.0
412,60.81781,62.0
413,61.02182,63.0
414,62.107765,65.0
415,64.34796,68.0
416,67.69,72.0
417,71.8371,74.0
418,74.80551,74.99999999999999
419,76.45563,74.99999999999999
420,76.503075,76.0
421,76.83158,76.0
422,76.33965,76.0
423,75.69631,77.00000000000001
424,76.199,77.00000000000001
425,76.47217,77.00000000000001
426,76.55881,77.00000000000001
427,76.445625,76.0
428,75.40367,76.0
429,75.1412,74.99999999999999
430,74.28871,74.99999999999999
431,74.13861,74.0
432,73.23169,73.00000000000001
433,72.24617,73.00000000000001
434,72.21837,72.0
435,71.4741,70.99999999999999
436,70.508125,70.99999999999999
437,70.354355,69.00000000000001
438,68.364845,66.99999999999999
439,66.400826,62.0
440,61.76398,57.0
441,56.49945,53.0
442,51.349342,51.0
443,49.016018,50.0
444,47.414925,50.0
445,47.800404,50.0
446,49.0404,49.0
447,49.47673,49.0
448,49.49795,48.0
449,48.46854,47.0
450,46.427143,47.0
451,45.82711,46.0
452,45.00856,46.0
453,45.008007,45.0
454,44.4102,45.0
455,44.50169,45.0
456,44.7241,45.0
457,44.935497,45.0
458,45.056065,45.0
459,45.067142,45.0
460,44.983322,46.0
461,45.83613,47.0
462,46.938038,48.0
463,48.242546,49.0
464,49.646027,50.0
465,50.59747,51.0
466,51.366863,52.0
467,52.26759,52.0
468,52.359383,52.0
469,52.164295,52.0
470,51.857845,53.0
471,52.55476,53.0
472,52.763355,53.0
473,52.79123,52.0
474,51.937103,52.0
475,51.623215,51.0
476,50.583885,50.0
477,49.356316,49.0
478,48.161037,49.0
479,48.133217,48.0
480,47.430252,48.0
481,47.468403,48.0
482,47.54915,47.0
483,46.612377,47.0
484,46.386364,46.0
485,45.466152,47.0
486,46.01616,48.0
487,47.477894,50.0
488,49.978138,53.0
489,53.179546,55.0
490,55.75439,56.0
491,57.145313,56.0
492,57.141037,56.0
493,56.441288,55.0
494,54.82394,55.0
495,53.93892,55.0
496,53.55636,55.0
497,53.920837,55.0
498,54.515182,55.0
499,54.94702,55.0
500,55.138073,54.0
501,54.075394,54.0
502,53.325813,53.0
503,52.37577,53.0
504,52.275402,52.0
505,51.527122,52.0
506,51.300274,51.0
507,50.47316,51.0
508,50.256012,51.0
509,50.2149,52.0
510,51.385437,54.0
511,53.427998,58.0
512,57.48092,62.0
513,61.99658,65.0
514,65.84461,66.99999999999999
515,68.65495,68.0
516,69.674,68.0
517,69.40732,68.0
518,68.67561,68.0
519,67.82018,66.99999999999999
520,66.33874,66.0
521,65.03491,65.0
522,63.84564,64.0
523,62.64556,63.0
524,61.66973,62.0
525,60.827892,61.0
526,60.121006,61.0
527,60.2226,60.0
528,59.63822,60.0
529,59.50769,59.0
530,58.593338,58.0
531,57.41829,57.0
532,56.21675,57.0
533,55.9613,56.0
534,55.316826,56.0
535,55.23898,57.0
536,56.21312,59.0
537,58.33165,61.0
538,60.879585,62.0
539,62.162685,63.0
540,63.41197,63.0
541,63.403496,64.0
542,63.684525,64.0
543,63.6597,65.0
544,64.60426,66.0
545,65.68297,66.99999999999999
546,67.083244,66.99999999999999
547,67.40909,66.99999999999999
548,67.40426,68.0
549,68.03375,68.0
550,68.1385,69.00000000000001
551,68.83161,69.00000000000001
552,68.99164,70.0
553,69.9101,70.0
554,70.15345,70.0
555,70.102516,70.0
556,69.926186,70.0
557,70.05478,70.0
558,69.96436,68.0
559,68.14559,65.0
560,64.9423,61.0
561,60.524944,59.0
562,57.4161,57.0
563,55.38502,57.0
564,55.016388,58.0
565,56.50021,58.0
566,57.754074,59.0
567,59.322933,59.0
568,59.81012,59.0
569,59.67915,59.0
570,58.9521,58.0
571,57.53162,58.0
572,57.02708,58.0
573,56.93121,59.0
574,58.292873,59.0
575,58.939964,59.0
576,59.15435,59.0
577,59.186768,59.0
578,59.080696,59.0
579,58.928383,59.0
580,58.83045,59.0
581,58.802967,60.0
582,59.622955,63.0
583,62.480724,69.00000000000001
584,68.30372,74.99999999999999
585,75.047966,81.00000000000001
586,82.161224,84.0
587,86.78553,85.00000000000001
588,88.434235,86.0
589,88.72682,86.0
590,87.446594,86.0
591,86.10477,86.0
592,85.090355,86.0
593,84.6004,86.0
594,84.63832,86.0
595,85.078354,85.00000000000001
596,84.32465,84.0
597,83.236084,84.0
598,82.89533,84.0
599,83.207375,84.0
600,83.66729,84.0
601,83.73302,84.0
602,83.535416,85.00000000000001
603,84.406525,85.00000000000001
604,84.86859,85.00000000000001
605,85.04349,85.00000000000001
606,84.924736,85.00000000000001
607,84.76937,84.0
608,83.82783,82.0
609,81.73908,80.0
610,79.388504,78.0
611,76.79497,76.0
612,74.76046,74.99999999999999
613,73.58211,73.00000000000001
614,71.87176,70.99999999999999
615,70.02107,70.0
616,68.60504,68.0
617,66.69648,66.0
618,64.585,65.0
619,63.6689,64.0
620,62.926468,63.0
621,62.386314,63.0
622,62.40851,63.0
623,62.78807,63.0
624,63.13646,64.0
625,64.185905,64.0
626,64.40811,64.0
627,64.32298,65.0
628,64.96728,65.0
629,65.21682,65.0
630,65.09065,66.0
631,65.94414,66.99999999999999
632,66.961365,68.0
633,68.0594,68.0
634,68.3172,69.00000000000001
635,69.11296,69.00000000000001
636,69.16109,69.00000000000001
637,68.90054,69.00000000000001
638,68.97065,69.00000000000001
639,68.75989,70.0
640,69.60809,70.0
641,70.01249,70.99999999999999
642,71.11895,70.99999999999999
643,71.26412,72.0
644,72.092,73.00000000000001
645,73.07629,73.00000000000001
646,73.03956,74.0
647,73.997406,77.00000000000001
648,76.91117,82.99999999999999
649,83.29086,92.0
650,93.37855,100.0
651,103.46257,101.00000000000001
652,106.45176,96.0
653,100.980965,86.0
654,89.34219,76.0
655,77.284744,69.00000000000001
656,67.77832,64.0
657,60.650753,61.0
658,56.83707,59.0
659,54.890823,58.0
660,54.695805,58.0
661,56.0896,58.0
662,57.60218,58.0
663,58.99352,57.0
664,57.50264,57.0
665,54.888718,57.0
666,54.51264,57.0
667,55.38176,57.0
668,55.971653,57.0
669,56.312317,57.0
670,56.63085,57.0
671,56.86653,57.0
672,57.0221,56.0
673,55.974712,56.0
674,55.619846,56.0
675,55.52146,55.0
676,54.72149,55.0
677,54.47471,56.0
678,55.254887,58.0
679,57.58855,61.0
680,60.86275,66.0
681,65.67686,69.00000000000001
682,69.79505,70.99999999999999
683,72.16307,70.99999999999999
684,72.57363,70.0
685,71.38109,70.0
686,70.44168,69.00000000000001
687,68.47204,70.0
688,68.58069,70.0
689,68.74437,70.0
690,69.18573,70.0
691,69.482376,70.0
692,69.70683,70.0
693,69.73776,70.0
694,69.7323,70.0
695,69.63947,70.0
696,69.61657,70.0
697,69.576454,70.0
698,69.713524,70.0
699,69.64435,70.0
700,69.756096,70.0
701,69.84336,70.0
702,69.89987,70.0
703,69.9094,70.0
704,69.925606,70.0
705,69.78704,70.0
706,69.91802,70.0
707,69.825264,69.00000000000001
708,68.88591,69.00000000000001
709,68.574104,69.00000000000001
710,68.45056,69.00000000000001
711,68.45965,69.00000000000001
712,68.41414,69.00000000000001
713,68.46114,69.00000000000001
714,68.52969,69.00000000000001
715,68.60243,69.00000000000001
716,68.65029,69.00000000000001
717,68.561714,69.00000000000001
718,68.70964,69.00000000000001
719,68.68574,69.00000000000001
720,68.72973,69.00000000000001
721,68.636505,69.00000000000001
722,68.655525,68.0
723,67.85008,68.0
724,67.62918,68.0
725,67.60141,68.0
726,67.61961,68.0
727,67.83914,68.0
728,67.85784,66.99999999999999
729,67.15721,66.99999999999999
730,66.858246,66.99999999999999
731,66.74798,66.99999999999999
732,66.53319,66.99999999999999
733,66.723694,68.0
734,67.46494,68.0
735,67.80244,68.0
736,67.96521,68.0
737,67.8103,68.0
738,67.53022,68.0
739,67.53403,66.99999999999999
740,66.60603,66.99999999999999
741,66.35629,66.99999999999999
742,66.34987,66.99999999999999
743,66.51893,66.99999999999999
744,66.787735,66.99999999999999
745,66.91252,66.0
746,65.96478,65.0
747,64.79433,65.0
748,64.42353,64.0
749,63.535587,64.0
750,63.453033,64.0
751,63.42736,64.0
752,63.746155,65.0
753,64.685,65.0
754,64.84481,65.0
755,65.0871,65.0
756,64.92221,65.0
757,65.02384,65.0
758,64.86147,65.0
759,64.70341,64.0
760,63.568417,64.0
761,63.22336,64.0
762,63.20932,64.0
763,63.427906,64.0
764,63.62754,64.0
765,63.75385,64.0
766,63.691105,63.0
767,62.73143,63.0
768,62.412655,62.0
769,61.629196,62.0
770,61.631012,62.0
771,61.69783,63.0
772,62.695465,63.0
773,63.126774,64.0
774,63.99924,64.0
775,64.20252,65.0
776,65.03573,65.0
777,65.18305,65.0
778,65.16952,66.0
779,65.775925,66.0
780,65.86013,66.0
781,65.970634,66.0
782,65.88386,66.0
783,65.82994,66.99999999999999
784,66.73107,66.99999999999999
785,66.97491,66.99999999999999
786,66.99393,68.0
787,67.75088,68.0
788,67.98658,69.00000000000001
789,68.87954,69.00000000000001
790,69.088104,70.0
791,69.90823,70.0
792,69.94232,70.99999999999999
793,70.71727,70.99999999999999
794,70.90782,72.0
795,71.790215,72.0
796,71.966156,72.0
797,72.00742,70.99999999999999
798,71.2698,70.99999999999999
799,70.80481,70.0
800,69.87552,70.0
801,69.62091,70.0
802,69.309525,69.00000000000001
803,68.55467,69.00000000000001
804,68.51501,69.00000000000001
805,68.2791,69.00000000000001
806,68.53281,68.0
807,67.68209,68.0
808,67.285805,68.0
809,67.21559,66.99999999999999
810,66.39687,66.99999999999999
811,66.196655,66.99999999999999
812,66.33078,66.99999999999999
813,66.438866,66.99999999999999
814,66.76749,66.99999999999999
815,66.61096,66.99999999999999
816,66.55699,66.99999999999999
817,66.737274,66.99999999999999
818,66.95112,66.0
819,66.12712,66.0
820,65.71966,66.0
821,65.67893,66.0
822,65.7498,66.0
823,65.74199,66.99999999999999
824,66.41199,66.99999999999999
825,66.68945,66.99999999999999
826,67.02447,68.0
827,67.79595,68.0
828,67.81926,68.0
829,68.041115,68.0
830,67.838554,69.00000000000001
831,68.457794,69.00000000000001
832,68.66259,69.00000000000001
833,68.63239,69.00000000000001
834,68.582344,69.00000000000001
835,68.601234,69.00000000000001
836,68.62961,68.0
837,67.76762,68.0
838,67.35026,69.00000000000001
839,68.145996,69.00000000000001
840,68.67745,70.0
841,69.660545,70.0
842,70.05189,70.0
843,70.33398,70.99999999999999
844,71.038376,72.0
845,71.83989,72.0
846,72.11729,73.00000000000001
847,73.02994,74.0
848,74.03474,74.99999999999999
849,74.964905,74.99999999999999
850,75.20369,76.0
851,76.1301,76.0
852,76.21262,76.0
853,75.956375,77.00000000000001
854,76.6116,77.00000000000001
855,76.698425,77.00000000000001
856,76.66325,77.00000000000001
857,76.64121,76.0
858,75.68675,74.99999999999999
859,74.40292,74.99999999999999
860,74.03556,74.0
861,73.11334,73.00000000000001
862,72.15997,72.0
863,71.17608,72.0
864,71.07717,70.99999999999999
865,70.39727,70.99999999999999
866,70.299126,70.0
867,69.561714,69.00000000000001
868,68.53688,69.00000000000001
869,68.32818,68.0
870,67.458725,66.99999999999999
871,66.65589,66.0
872,65.60458,66.0
873,65.30233,65.0
874,64.53028,65.0
875,64.3642,65.0
876,64.36974,65.0
877,64.585464,65.0
878,64.79906,65.0
879,64.907486,65.0
880,64.84951,65.0
881,64.836975,65.0
882,64.7558,65.0
883,64.75203,65.0
884,64.75103,65.0
885,64.79271,65.0
886,64.83334,65.0
887,64.81585,65.0
888,64.71779,64.0
889,63.990887,64.0
890,63.686874,63.0
891,62.618126,63.0
892,62.579407,63.0
893,62.49065,62.0
894,61.633163,62.0
895,61.470367,62.0
896,61.453815,63.0
897,62.51309,63.0
898,62.79947,63.0
899,62.871796,63.0
900,62.882923,62.0
901,62.022488,62.0
902,61.66758,61.0
903,60.41443,60.0
904,59.321568,60.0
905,58.966503,59.0
906,58.194298,59.0
907,58.516872,58.0
908,57.83196,58.0
909,57.791893,58.0
910,57.770878,58.0
911,57.76112,58.0
912,57.802948,58.0
913,57.78423,58.0
914,57.95036,58.0
915,57.882442,58.0
916,57.678528,58.0
917,57.611336,58.0
918,57.57529,58.0
919,57.58902,57.0
920,56.924343,56.0
921,55.82434,56.0
922,55.578575,55.0
923,54.60642,55.0
924,54.38332,55.0
925,54.340263,55.0
926,54.521088,55.0
927,54.640022,55.0
928,54.76446,55.0
929,54.93381,55.0
930,55.076057,56.0
931,56.06945,56.0
932,56.45096,56.0
933,56.107727,56.0
934,55.971024,55.0
935,55.012432,55.0
936,54.600334,54.0
937,53.817047,54.0
938,53.5944,54.0
939,53.659157,55.0
940,54.678413,55.0
941,55.14577,55.0
942,55.350735,55.0
943,55.318707,54.0
944,54.238132,53.0
945,52.823692,52.0
946,51.36976,52.0
947,51.07963,51.0
948,50.268616,51.0
949,50.11391,50.0
950,49.470196,50.0
951,49.442432,49.0
952,48.536755,48.0
953,47.198734,48.0
954,46.99971,48.0
955,47.29872,49.0
956,48.693005,50.0
957,50.176006,51.0
958,51.63319,52.0
959,52.741924,53.0
960,53.67759,54.0
961,54.39889,55.0
962,54.994156,55.0
963,55.190647,55.0
964,55.241608,55.0
965,55.07373,55.0
966,54.88899,55.0
967,54.89044,55.0
968,54.669525,56.0
969,55.444103,56.0
970,55.908276,56.0
971,55.988422,57.0
972,56.888996,57.0
973,57.21494,57.0
974,57.14898,57.0
975,56.805695,57.0
976,56.30487,57.0
977,56.18955,57.0
978,56.562977,57.0
979,56.541706,56.0
980,55.628887,55.0
981,54.28811,54.0
982,53.152855,54.0
983,52.932514,53.0
984,52.27121,53.0
985,52.29273,52.0
986,51.623608,51.0
987,50.654865,51.0
988,50.323803,51.0
989,50.553116,51.0
990,50.391846,52.0
991,51.271103,53.0
992,52.64129,53.0
993,53.129364,53.0
994,53.069828,53.0
995,52.966866,52.0
996,52.155087,52.0
997,51.67136,52.0
998,51.415222,52.0
999,51.560513,52.0
1000,51.55089,52.0
1001,51.87378,52.0
1002,52.066692,53.0
1003,53.067112,53.0
1004,53.42584,53.0
1005,53.15764,53.0
1006,52.91347,54.0
1007,53.642796,54.0
1008,53.766884,54.0
1009,53.78024,54.0
1010,53.935722,55.0
1011,54.69622,55.0
1012,54.89722,55.0
1013,54.801964,55.0
1014,54.788094,55.0
1015,54.71121,54.0
1016,53.819847,54.0
1017,53.43306,54.0
1018,53.298397,55.0
1019,54.252388,55.0
1020,54.759342,56.0
1021,55.783894,56.0
1022,56.222305,57.0
1023,57.1772,57.0
1024,57.27776,57.0
1025,57.17913,58.0
1026,58.030903,57.0
1027,57.29212,57.0
1028,56.862965,57.0
1029,56.58186,57.0
1030,56.39771,57.0
1031,56.593056,56.0
1032,55.888554,56.0
1033,55.877075,56.0
1034,55.919014,55.0
1035,54.99775,55.0
1036,54.48723,55.0
1037,54.39225,55.0
1038,54.290707,55.0
1039,54.493595,54.0
1040,53.66679,54.0
1041,53.373016,54.0
1042,53.44994,53.0
1043,52.488316,52.0
1044,51.445827,51.0
1045,50.152157,51.0
1046,49.9419,50.0
1047,49.141655,49.0
1048,48.130947,49.0
1049,48.11113,49.0
1050,48.571846,49.0
1051,48.905594,49.0
1052,49.125145,50.0
1053,50.006447,51.0
1054,51.039597,52.0
1055,52.108448,52.0
1056,52.39708,52.0
1057,52.35982,52.0
1058,52.033577,53.0
1059,52.606525,53.0
1060,52.914635,53.0
1061,52.66957,53.0
1062,52.962524,53.0
1063,52.846775,53.0
1064,52.82151,53.0
1065,52.846283,54.0
1066,53.66875,54.0
1067,54.00384,54.0
1068,54.02247,54.0
1069,54.06318,54.0
1070,53.90978,55.0
1071,54.691006,55.0
1072,54.77405,55.0
1073,54.842293,55.0
1074,54.835716,55.0
1075,54.842533,54.0
1076,53.930622,54.0
1077,53.397423,53.0
1078,52.355946,53.0
1079,52.257782,52.0
1080,51.561573,52.0
1081,51.515457,52.0
1082,51.670364,52.0
1083,51.681137,53.0
1084,52.670326,53.0
1085,52.977417,54.0
1086,53.86291,54.0
1087,54.088947,54.0
1088,54.08441,55.0
1089,54.66577,55.0
1090,54.875256,55.0
1091,55.019142,55.0
1092,54.885143,55.0
1093,55.020084,55.0
1094,54.987972,55.0
1095,55.05596,55.0
1096,55.1749,55.0
1097,54.902317,56.0
1098,55.793842,56.0
1099,56.19525,56.0
1100,56.26192,56.0
1101,56.033108,56.0
1102,56.003937,56.0
1103,55.958027,56.0
1104,55.838715,56.0
1105,55.852867,56.0
1106,55.655804,56.0
1107,55.679264,56.0
1108,55.64414,56.0
1109,55.873306,56.0
1110,55.843174,56.0
1111,55.86007,56.0
1112,55.801537,56.0
1113,55.86201,56.0
1114,56.043377,57.0
1115,56.840965,57.0
1116,57.196575,58.0
1117,58.103855,58.0
1118,58.41362,59.0
1119,59.36465,59.0
1120,59.643837,60.0
1121,60.4849,60.0
1122,60.602806,61.0
1123,61.34713,61.0
1124,61.175907,62.0
1125,61.980686,62.0
1126,62.24825,63.0
1127,63.166092,63.0
1128,63.447697,64.0
1129,64.29259,64.0
1130,64.39443,65.0
1131,65.14861,65.0
1132,65.28277,66.0
1133,66.06684,66.99999999999999
1134,67.053925,66.99999999999999
1135,67.34776,66.99999999999999
1136,67.08243,66.99999999999999
1137,66.85271,66.99999999999999
1138,66.88334,66.99999999999999
1139,66.717445,66.99999999999999
1140,66.53571,66.99999999999999
1141,66.61977,66.0
1142,65.73178,66.0
1143,65.396904,66.0
1144,65.444275,66.0
1145,65.48885,66.0
1146,65.60642,66.0
1147,65.78404,66.0
1148,65.79889,66.0
1149,65.81666,66.0
1150,65.90562,66.0
1151,65.850716,66.99999999999999
1152,66.82838,66.99999999999999
1153,67.12306,68.0
1154,67.810455,68.0
1155,68.033295,69.00000000000001
1156,68.8511,69.00000000000001
1157,69.05603,69.00000000000001
1158,69.307495,66.99999999999999
1159,67.30655,62.0
1160,62.451317,56.0
1161,55.91321,51.0
1162,49.989567,49.0
1163,46.55523,48.0
1164,45.040257,48.0
1165,45.35915,48.0
1166,46.99313,49.0
1167,49.888336,49.0
1168,50.73436,50.0
1169,51.343605,50.0
1170,50.733704,50.0
1171,49.91136,50.0
1172,49.654472,49.0
1173,48.562717,49.0
1174,47.96133,49.0
1175,47.87926,49.0
1176,48.209312,50.0
1177,49.805283,51.0
1178,51.09727,52.0
1179,52.3977,52.0
1180,52.656475,52.0
1181,52.32978,52.0
1182,52.027664,52.0
1183,51.792763,50.0
1184,49.78971,48.0
1185,47.47702,47.0
1186,45.89995,45.0
1187,43.852173,45.0
1188,43.59834,45.0
1189,44.16019,45.0
1190,44.973198,45.0
1191,45.224583,45.0
1192,45.33496,45.0
1193,45.16781,45.0
1194,44.953045,45.0
1195,44.88251,46.0
1196,45.757706,48.0
1197,48.28315,50.0
1198,51.06497,51.0
1199,52.39107,52.0
1200,53.0519,52.0
1201,52.671276,53.0
1202,52.924637,53.0
1203,52.756462,53.0
1204,52.58689,53.0
1205,52.543407,53.0
1206,52.746956,54.0
1207,53.677982,54.0
1208,53.9274,54.0
1209,53.881245,55.0
1210,54.950516,55.0
1211,55.25034,55.0
1212,55.116207,56.0
1213,55.728172,56.0
1214,55.80421,56.0
1215,56.176212,57.0
1216,56.881184,57.0
1217,57.278572,58.0
1218,58.206657,59.0
1219,59.363743,60.0
1220,60.4602,60.0
1221,60.465614,61.0
1222,61.092487,61.0
1223,61.00751,61.0
1224,60.921276,61.0
1225,60.78816,60.0
1226,59.80426,60.0
1227,59.57209,60.0
1228,59.531147,59.0
1229,58.913685,59.0
1230,58.68361,58.0
1231,57.77147,57.0
1232,56.602867,55.0
1233,54.646606,52.0
1234,51.408016,51.0
1235,49.294216,50.0
1236,48.12678,50.0
1237,48.44039,50.0
1238,49.3512,50.0
1239,50.26467,51.0
1240,51.350544,53.0
1241,53.73459,54.0
1242,55.342693,55.0
1243,56.326054,55.0
1244,56.036785,56.0
1245,56.3643,56.0
1246,56.075577,56.0
1247,55.969604,56.0
1248,55.922955,57.0
1249,56.7916,57.0
1250,57.11904,57.0
1251,57.172405,57.0
1252,57.146706,57.0
1253,57.13487,58.0
1254,57.76601,59.0
1255,58.8591,61.0
1256,60.967087,63.0
1257,63.129723,65.0
1258,65.24002,65.0
1259,65.21875,65.0
1260,65.29927,64.0
1261,64.18708,64.0
1262,63.175396,63.0
1263,61.679195,62.0
1264,60.155743,60.0
1265,57.968838,59.0
1266,56.90288,58.0
1267,56.288567,57.0
1268,55.65131,57.0
1269,55.951725,56.0
1270,55.41992,56.0
1271,55.440487,56.0
1272,55.524193,56.0
1273,55.60146,56.0
1274,55.58597,56.0
1275,55.559643,56.0
1276,55.45918,56.0
1277,55.32661,56.0
1278,55.620995,56.0
1279,55.680973,57.0
1280,56.6326,58.0
1281,57.739063,58.0
1282,58.14355,59.0
1283,59.209583,59.0
1284,59.386883,59.0
1285,59.31704,58.0
1286,58.198296,58.0
1287,57.491253,58.0
1288,57.18501,58.0
1289,57.282272,58.0
1290,57.513836,58.0
1291,57.74906,59.0
1292,58.85637,59.0
1293,59.249733,59.0
1294,59.215054,59.0
1295,58.867085,59.0
1296,58.737953,59.0
1297,58.498005,58.0
1298,57.59451,58.0
1299,57.34797,58.0
1300,57.320145,58.0
1301,57.49919,59.0
1302,58.57737,62.0
1303,61.359863,69.00000000000001
1304,67.57492,76.0
1305,75.0723,82.0
1306,82.59863,85.00000000000001
1307,87.518105,86.99999999999999
1308,90.36206,86.99999999999999
1309,90.12412,86.99999999999999
1310,88.70524,86.99999999999999
1311,86.83723,86.99999999999999
1312,86.00825,86.99999999999999
1313,85.515205,86.99999999999999
1314,85.6179,86.99999999999999
1315,86.08711,88.0
1316,87.35179,88.0
1317,87.83081,88.0
1318,87.8864,88.0
1319,87.988365,88.0
1320,87.95895,88.0
1321,87.89679,86.99999999999999
1322,86.82946,86.99999999999999
1323,86.50065,86.99999999999999
1324,86.27939,86.0
1325,85.40792,85.00000000000001
1326,84.67957,82.99999999999999
1327,82.57497,78.0
1328,77.70527,74.0
1329,73.180786,70.0
1330,68.86966,68.0
1331,66.258766,68.0
1332,65.89378,69.00000000000001
1333,67.16538,69.00000000000001
1334,68.196144,70.0
1335,70.07287,70.0
1336,70.89381,70.99999999999999
1337,72.02942,72.0
1338,72.84116,73.00000000000001
1339,73.71634,73.00000000000001
1340,73.50901,74.0
1341,74.196976,74.99999999999999
1342,75.027985,76.0
1343,76.00784,77.00000000000001
1344,77.15,78.0
1345,77.97814,78.99999999999999
1346,79.225395,80.0
1347,80.35535,80.0
1348,80.31403,80.0
1349,80.11047,80.0
1350,80.02315,78.99999999999999
1351,78.93097,77.00000000000001
1352,77.0716,74.99999999999999
1353,75.10609,73.00000000000001
1354,72.96606,72.0
1355,71.79498,70.99999999999999
1356,70.58207,70.99999999999999
1357,70.58455,70.0
1358,69.6332,69.00000000000001
1359,68.50198,68.0
1360,67.26392,68.0
1361,66.870575,66.99999999999999
1362,66.07654,66.0
1363,64.99672,66.0
1364,65.02617,65.0
1365,64.4285,64.0
1366,63.3982,63.0
1367,62.663837,62.0
1368,61.487747,62.0
1369,61.1523,61.0
1370,60.347843,61.0
1371,60.329407,61.0
1372,60.32515,60.0
1373,59.81023,59.0
1374,58.58858,59.0
1375,58.307804,58.0
1376,57.497025,57.0
1377,56.499187,57.0
1378,56.48317,57.0
1379,56.566525,57.0
1380,56.776405,57.0
1381,57.056957,57.0
1382,57.136353,57.0
1383,57.187687,58.0
1384,57.802345,58.0
1385,58.0795,59.0
1386,58.97497,59.0
1387,59.10498,59.0
1388,59.104584,59.0
1389,58.875645,59.0
1390,58.711582,59.0
1391,58.719116,59.0
1392,58.799793,59.0
1393,58.966595,59.0
1394,58.950367,60.0
1395,59.859436,60.0
1396,60.04421,61.0
1397,60.914516,62.0
1398,61.8998,62.0
1399,62.080845,62.0
1400,61.97077,63.0
1401,62.736134,63.0
1402,63.121258,63.0
1403,63.140335,63.0
1404,63.213707,63.0
1405,62.7492,62.0
1406,61.83487,62.0
1407,61.508934,62.0
1408,61.453617,62.0
1409,61.58435,62.0
1410,61.7457,62.0
1411,61.980347,62.0
1412,62.086056,62.0
1413,62.05768,63.0
1414,62.84946,64.0
1415,64.037224,64.0
1416,64.17963,65.0
1417,65.037636,65.0
1418,65.28698,65.0
1419,65.30664,65.0
1420,65.19324,65.0
1421,65.0177,65.0
1422,64.71905,65.0
1423,64.63876,66.0
1424,65.44713,66.0
1425,65.72672,66.99999999999999
1426,66.659294,66.99999999999999
1427,66.88887,68.0
1428,67.97609,68.0
1429,68.24815,68.0
1430,68.1637,68.0
1431,67.99703,68.0
1432,67.722084,66.99999999999999
1433,66.45821,66.99999999999999
1434,66.2528,66.99999999999999
1435,66.48193,66.99999999999999
1436,66.645584,66.0
1437,65.73755,66.0
1438,65.452835,66.0
1439,65.632095,65.0
1440,64.82351,64.0
1441,63.777103,64.0
1442,63.419655,63.0
1443,62.478745,63.0
1444,62.28296,63.0
1445,62.565845,63.0
1446,62.73207,63.0
1447,62.856716,62.0
1448,62.042328,62.0
1449,61.686337,61.0
1450,60.730824,61.0
1451,60.368176,60.0
1452,59.4423,60.0
1453,59.13843,60.0
1454,59.357746,60.0
1455,59.5724,60.0
1456,59.889133,60.0
1457,60.121277,61.0
1458,61.034515,61.0
1459,61.370758,62.0
1460,62.020573,62.0
1461,62.116573,61.0
1462,61.290115,61.0
1463,60.770508,61.0
1464,60.791946,61.0
1465,60.861763,61.0
1466,60.909718,62.0
1467,61.824818,62.0
1468,61.77163,62.0
1469,62.094223,63.0
1470,62.848095,64.0
1471,63.918045,65.0
1472,64.82541,66.0
1473,66.18209,66.0
1474,66.47169,66.99999999999999
1475,67.28744,68.0
1476,68.244545,69.00000000000001
1477,69.26218,69.00000000000001
1478,69.481445,70.0
1479,70.3376,70.0
1480,70.564445,70.0
1481,70.31823,70.99999999999999
1482,70.993965,70.99999999999999
1483,70.9023,70.99999999999999
1484,70.90306,70.0
1485,69.892845,70.0
1486,69.59504,70.99999999999999
1487,70.51854,70.99999999999999
1488,70.92956,70.99999999999999
1489,71.01203,70.99999999999999
1490,70.97666,70.0
1491,69.853226,70.0
1492,69.58932,69.00000000000001
1493,68.68759,68.0
1494,67.472786,66.99999999999999
1495,66.4305,66.99999999999999
1496,66.2842,66.0
1497,65.48362,65.0
1498,64.58556,65.0
1499,64.24078,64.0
1500,63.47457,64.0
1501,63.373184,64.0
1502,63.410454,64.0
1503,63.435764,63.0
1504,62.68236,63.0
1505,62.534687,63.0
1506,62.42577,63.0
1507,62.573517,63.0
1508,62.861927,63.0
1509,63.017284,63.0
1510,63.024017,63.0
1511,62.954174,63.0
1512,62.78285,63.0
1513,62.850113,63.0
1514,62.950035,64.0
1515,63.888977,64.0
1516,64.19621,65.0
1517,65.01444,65.0
1518,65.26543,65.0
1519,65.300026,66.0
1520,66.0584,66.0
1521,66.24195,66.0
1522,66.161125,66.0
1523,65.84395,66.0
1524,65.905396,66.99999999999999
1525,66.57916,66.99999999999999
1526,66.867,66.99999999999999
1527,67.06008,66.99999999999999
1528,66.9424,66.99999999999999
1529,66.78184,66.99999999999999
1530,66.704834,66.99999999999999
1531,66.66058,66.99999999999999
1532,66.64407,66.99999999999999
1533,66.67137,66.99999999999999
1534,66.73577,66.99999999999999
1535,66.83897,66.0
1536,65.8844,65.0
1537,64.718285,65.0
1538,64.43167,64.0
1539,63.562828,64.0
1540,63.38067,63.0
1541,62.494137,63.0
1542,62.416264,63.0
1543,62.486652,63.0
1544,62.706905,64.0
1545,63.64849,64.0
1546,63.988167,63.0
1547,63.199345,63.0
1548,62.903297,63.0
1549,62.75436,62.0
1550,61.690975,62.0
1551,61.391693,62.0
1552,61.3541,61.0
1553,60.644863,61.0
1554,60.50024,61.0
1555,60.581398,61.0
1556,60.728855,61.0
1557,60.74182,61.0
1558,60.88766,60.0
1559,59.8029,60.0
1560,59.513912,60.0
1561,59.525932,60.0
1562,59.651806,60.0
1563,59.83884,59.0
1564,58.982178,59.0
1565,58.6611,59.0
1566,58.541447,58.0
1567,57.76653,58.0
1568,57.483154,57.0
1569,56.619072,57.0
1570,56.30176,56.0
1571,55.546944,56.0
1572,55.35059,55.0
1573,54.567055,55.0
1574,54.448807,55.0
1575,54.45458,54.0
1576,53.651012,54.0
1577,53.36678,54.0
1578,53.402664,53.0
1579,52.672657,53.0
1580,52.47858,53.0
1581,52.582283,53.0
1582,52.69688,53.0
1583,52.789406,53.0
1584,52.873604,53.0
1585,52.843185,53.0
1586,52.735046,53.0
1587,52.72872,53.0
1588,52.67753,53.0
1589,52.599277,53.0
1590,52.8108,53.0
1591,52.81861,53.0
1592,52.72332,53.0
1593,52.619747,53.0
1594,52.372696,52.0
1595,51.716858,52.0
1596,51.302338,52.0
1597,51.20113,52.0
1598,51.308437,52.0
1599,51.65841,51.0
1600,50.810932,50.0
1601,49.451065,49.0
1602,47.98659,47.0
1603,45.749126,46.0
1604,44.33659,44.0
1605,42.602257,43.0
1606,41.70843,41.0
1607,40.137146,41.0
1608,39.836674,41.0
1609,40.350838,41.0
1610,40.78685,40.0
1611,40.141666,40.0
1612,39.607117,40.0
1613,39.415894,40.0
1614,39.322754,40.0
1615,39.31013,40.0
1616,39.413,39.0
1617,38.546524,39.0
1618,38.165955,38.0
1619,37.29984,38.0
1620,36.933666,37.0
1621,36.163414,37.0
1622,36.000996,38.0
1623,37.31426,39.0
1624,39.24664,40.0
1625,41.120804,41.0
1626,42.498272,42.0
1627,43.193466,43.0
1628,43.701954,42.0
1629,42.213276,42.0
1630,41.243725,42.0
1631,41.006714,42.0
1632,41.29054,42.0
1633,41.806145,44.0
1634,44.020535,45.0
1635,45.756107,47.0
1636,47.719967,48.0
1637,48.765392,49.0
1638,49.670918,50.0
1639,50.47631,50.0
1640,50.45465,51.0
1641,51.004875,51.0
1642,51.025097,52.0
1643,51.69667,52.0
1644,51.913937,53.0
1645,52.959038,53.0
1646,53.25256,54.0
1647,54.06043,54.0
1648,54.358337,54.0
1649,54.33665,55.0
1650,55.181858,55.0
1651,55.34202,56.0
1652,56.125973,56.0
1653,56.268818,56.0
1654,56.17408,56.0
1655,55.988483,56.0
1656,55.883606,56.0
1657,55.81987,56.0
1658,55.80883,55.0
1659,54.824738,55.0
1660,54.466454,54.0
1661,53.625523,54.0
1662,53.49077,54.0
1663,53.52005,55.0
1664,54.566612,55.0
1665,54.91083,55.0
1666,54.99148,55.0
1667,54.914597,55.0
1668,54.94531,55.0
1669,54.761517,55.0
1670,54.673973,55.0
1671,54.71603,55.0
1672,54.83925,56.0
1673,55.80875,56.0
1674,56.295708,56.0
1675,56.43386,56.0
1676,56.21937,57.0
1677,57.072685,57.0
1678,57.23916,58.0
1679,58.20401,58.0
1680,58.345955,59.0
1681,59.110073,59.0
1682,59.20615,59.0
1683,59.138554,59.0
1684,58.998173,60.0
1685,59.759277,60.0
1686,59.926346,60.0
1687,60.092102,60.0
1688,60.079926,60.0
1689,59.92308,60.0
1690,59.748146,61.0
1691,60.766514,61.0
1692,61.08165,60.0
1693,60.22887,60.0
1694,59.635517,60.0
1695,59.601727,60.0
1696,59.64426,60.0
1697,59.676205,61.0
1698,60.704815,61.0
1699,61.17507,62.0
1700,62.210342,62.0
1701,62.31848,62.0
1702,62.113503,61.0
1703,60.98553,61.0
1704,60.629265,61.0
1705,60.609684,61.0
1706,60.682827,61.0
1707,60.854774,61.0
1708,60.91983,62.0
1709,61.845337,62.0
1710,62.097347,63.0
1711,62.956917,63.0
1712,63.1078,63.0
1713,63.07503,63.0
1714,63.03663,63.0
1715,62.864487,63.0
1716,62.77776,63.0
1717,62.73933,63.0
1718,62.65741,63.0
1719,62.7111,63.0
1720,62.742752,63.0
1721,62.90565,63.0
1722,62.875683,63.0
1723,62.969387,64.0
1724,63.95399,65.0
1725,65.12096,66.0
1726,66.23562,66.99999999999999
1727,67.17567,66.99999999999999
1728,67.32307,68.0
1729,68.33297,68.0
1730,68.54732,68.0
1731,68.36155,68.0
1732,68.14665,68.0
1733,68.00323,68.0
1734,67.86412,66.99999999999999
1735,66.97239,66.99999999999999
1736,66.67146,66.99999999999999
1737,66.56412,66.0
1738,65.74511,66.0
1739,65.57707,65.0
1740,64.65565,65.0
1741,64.398964,65.0
1742,64.195045,64.0
1743,63.28633,64.0
1744,63.24841,64.0
1745,63.146496,63.0
1746,62.204475,62.0
1747,60.993366,61.0
1748,59.869724,60.0
1749,58.949543,59.0
1750,57.97607,58.0
1751,57.003326,57.0
1752,56.201904,57.0
1753,56.19956,56.0
1754,55.59859,55.0
1755,54.74892,55.0
1756,54.536396,55.0
1757,54.482414,55.0
1758,54.62776,55.0
1759,54.74121,55.0
1760,54.80544,55.0
1761,54.91206,56.0
1762,55.741848,56.0
1763,56.059887,56.0
1764,56.12127,57.0
1765,56.697643,57.0
1766,56.994286,57.0
1767,57.04142,57.0
1768,56.953392,57.0
1769,56.8768,57.0
1770,56.780567,57.0
1771,56.760704,56.0
1772,55.817257,56.0
1773,55.415184,56.0
1774,55.479828,56.0
1775,55.678352,55.0
1776,54.840466,55.0
1777,54.590176,55.0
1778,54.50794,55.0
1779,54.566044,55.0
1780,54.666786,55.0
1781,54.82005,55.0
1782,54.908176,54.0
1783,53.93443,54.0
1784,53.607086,53.0
1785,52.63444,53.0
1786,52.411503,53.0
1787,52.38256,53.0
1788,52.375896,53.0
1789,52.586662,53.0
1790,52.726154,53.0
1791,52.826645,53.0
1792,52.75606,53.0
1793,52.883835,53.0
1794,52.8212,52.0
1795,51.76562,52.0
1796,51.421425,52.0
1797,51.541626,52.0
1798,51.816143,52.0
1799,52.14157,52.0
1800,52.068935,53.0
1801,52.928776,53.0
1802,53.165066,53.0
1803,52.97496,53.0
1804,52.833454,54.0
1805,53.66961,54.0
1806,53.872288,54.0
1807,53.822388,55.0
1808,54.69168,55.0
1809,55.080097,56.0
1810,55.962128,56.0
1811,56.242588,56.0
1812,56.23962,57.0
1813,56.986637,57.0
1814,57.13356,58.0
1815,58.0898,58.0
1816,58.160923,58.0
1817,58.201702,58.0
1818,58.22293,58.0
1819,57.956444,58.0
1820,57.824898,59.0
1821,58.90483,59.0
1822,59.175503,60.0
1823,60.189896,60.0
1824,60.166225,60.0
1825,59.95694,60.0
1826,59.74666,60.0
1827,59.649307,60.0
1828,59.601326,60.0
1829,59.753307,60.0
1830,59.748,60.0
1831,59.790993,61.0
1832,60.69955,61.0
1833,60.813484,61.0
1834,60.86506,61.0
1835,60.84591,61.0
1836,60.842327,61.0
1837,60.73663,61.0
1838,60.8267,60.0
1839,60.043594,60.0
1840,59.699097,60.0
1841,59.568813,60.0
1842,59.53721,60.0
1843,59.642487,60.0
1844,59.892967,59.0
1845,58.99479,59.0
1846,58.628525,60.0
1847,59.32363,60.0
1848,59.817963,61.0
1849,60.9391,61.0
1850,61.184944,62.0
1851,61.934746,62.0
1852,61.980164,63.0
1853,62.90665,63.0
1854,63.093243,63.0
1855,63.125587,63.0
1856,63.01475,63.0
1857,62.88598,63.0
1858,62.822044,63.0
1859,62.896626,63.0
1860,62.919426,64.0
1861,63.765663,64.0
1862,64.08677,65.0
1863,65.014496,65.0
1864,65.32893,66.0
1865,66.28781,66.0
1866,66.45921,66.99999999999999
1867,67.28523,66.99999999999999
1868,67.351006,68.0
1869,68.15457,68.0
1870,68.320854,69.00000000000001
1871,69.20208,69.00000000000001
1872,69.32517,70.0
1873,70.15796,70.0
1874,70.32033,70.99999999999999
1875,70.781006,70.99999999999999
1876,70.950554,72.0
1877,72.02814,73.00000000000001
1878,72.946465,72.0
1879,72.39321,72.0
1880,72.21992,72.0
1881,71.861374,72.0
1882,71.7403,72.0
1883,71.553566,72.0
1884,71.49381,72.0
1885,71.53062,70.99999999999999
1886,70.6631,70.99999999999999
1887,70.47783,70.99999999999999
1888,70.44946,70.0
1889,69.62485,70.0
1890,69.44217,69.00000000000001
1891,68.43784,69.00000000000001
1892,68.22082,69.00000000000001
1893,68.258415,68.0
1894,67.40505,68.0
1895,67.31373,68.0
1896,67.47549,66.99999999999999
1897,66.69964,66.0
1898,65.71737,66.0
1899,65.456795,65.0
1900,64.4382,65.0
1901,64.107086,65.0
1902,64.14938,63.0
1903,62.84045,60.0
1904,59.741787,57.0
1905,56.242287,54.0
1906,52.3361,53.0
1907,50.69833,53.0
1908,50.87388,53.0
1909,51.771782,53.0
1910,52.621815,53.0
1911,53.494354,53.0
1912,53.831314,53.0
1913,53.85674,53.0
1914,53.583748,54.0
1915,54.153255,55.0
1916,55.047966,56.0
1917,56.229385,56.0
1918,56.244316,57.0
1919,57.12327,58.0
1920,58.104256,58.0
1921,58.263794,58.0
1922,58.037437,58.0
1923,57.845917,58.0
1924,57.734783,59.0
1925,58.605743,59.0
1926,58.880444,58.0
1927,58.197304,57.0
1928,57.287834,56.0
1929,56.12945,54.0
1930,54.020107,54.0
1931,53.421005,53.0
1932,52.561417,53.0
1933,52.50256,53.0
1934,52.617146,53.0
1935,52.634953,53.0
1936,52.93906,53.0
1937,53.0326,53.0
1938,52.832535,54.0
1939,53.572807,54.0
1940,53.81516,53.0
1941,52.909718,53.0
1942,52.482445,52.0
1943,51.469986,51.0
1944,50.215343,51.0
1945,49.99866,51.0
1946,50.283726,51.0
1947,50.58072,51.0
1948,50.706997,51.0
1949,50.718735,51.0
1950,50.90009,51.0
1951,50.836555,53.0
1952,52.349396,55.0
1953,54.443947,57.0
1954,56.966072,58.0
1955,58.52949,58.0
1956,58.912273,58.0
1957,58.690697,58.0
1958,58.071636,58.0
1959,57.542816,58.0
1960,57.26216,57.0
1961,56.223568,57.0
1962,56.073723,57.0
1963,56.264214,56.0
1964,55.62227,56.0
1965,55.4941,56.0
1966,55.580433,56.0
1967,55.653645,55.0
1968,54.879253,55.0
1969,54.68537,55.0
1970,54.717827,54.0
1971,53.920315,54.0
1972,53.679993,54.0
1973,53.72545,53.0
1974,52.906456,53.0
1975,52.53995,54.0
1976,53.207108,55.0
1977,54.528137,57.0
1978,56.631157,57.0
1979,57.3411,57.0
1980,57.365288,57.0
1981,57.059906,57.0
1982,56.598785,57.0
1983,56.220905,57.0
1984,56.257046,56.0
1985,55.532852,56.0
1986,55.540333,55.0
1987,54.793465,55.0
1988,54.609932,56.0
1989,55.773293,56.0
1990,56.23666,57.0
1991,57.273346,57.0
1992,57.466652,57.0
1993,57.21407,57.0
1994,56.87604,57.0
1995,56.63899,57.0
1996,56.702705,57.0
1997,56.837517,58.0
1998,57.47081,58.0
1999,57.875465,57.0
2000,57.169743,57.0
2001,57.04053,57.0
2002,56.622295,57.0
2003,56.732788,57.0
2004,56.741978,57.0
2005,56.80324,58.0
2006,57.690945,58.0
2007,57.977196,59.0
2008,58.770226,59.0
2009,59.230103,60.0
2010,60.140022,60.0
2011,60.217243,61.0
2012,61.06576,61.0
2013,61.236465,62.0
2014,62.046463,62.0
2015,62.165257,62.0
2016,62.014206,62.0
2017,61.81331,62.0
2018,61.812515,62.0
2019,61.80057,62.0
2020,61.754402,62.0
2021,61.757057,61.0
2022,61.119152,61.0
2023,60.89546,61.0
2024,60.909237,60.0
2025,59.92322,60.0
2026,59.735474,60.0
2027,59.638298,60.0
2028,59.624554,60.0
2029,59.694843,60.0
2030,59.770794,60.0
2031,59.807804,60.0
2032,59.783028,60.0
2033,59.815056,60.0
2034,59.97627,59.0
2035,58.75496,59.0
2036,58.22222,58.0
2037,57.554718,58.0
2038,57.34607,58.0
2039,57.248665,58.0
2040,57.67402,58.0
2041,57.70448,58.0
2042,57.88155,58.0
2043,57.7906,58.0
2044,57.791653,58.0
2045,57.933052,59.0
2046,58.523937,62.0
2047,61.27599,66.99999999999999
2048,66.399445,72.0
2049,72.08159,77.00000000000001
2050,77.84086,78.0
2051,80.00042,78.0
2052,80.24506,76.0
2053,77.84414,74.99999999999999
2054,75.87593,73.00000000000001
2055,72.897125,70.99999999999999
2056,69.824814,70.0
2057,67.38321,68.0
2058,65.19643,66.0
2059,63.745266,65.0
2060,62.946136,63.0
2061,61.348255,62.0
2062,60.537205,61.0
2063,59.846912,60.0
2064,59.04414,59.0
2065,58.242756,57.0
2066,56.36431,56.0
2067,54.919086,55.0
2068,53.786865,54.0
2069,52.77651,54.0
2070,53.021206,56.0
2071,55.06389,62.0
2072,60.860523,69.00000000000001
2073,67.97028,74.99999999999999
2074,75.26628,78.99999999999999
2075,80.617836,80.0
2076,82.63493,80.0
2077,82.51372,80.0
2078,81.47589,81.00000000000001
2079,81.2973,81.00000000000001
2080,80.47778,82.0
2081,80.8406,82.0
2082,81.10808,82.0
2083,81.62015,82.0
2084,81.5969,82.99999999999999
2085,82.535736,82.99999999999999
2086,82.90008,82.0
2087,81.88286,81.00000000000001
2088,80.57941,80.0
2089,79.61653,78.99999999999999
2090,78.512985,78.0
2091,77.43315,78.0
2092,77.311386,77.00000000000001
2093,76.59277,76.0
2094,75.789406,74.0
2095,73.744095,70.0
2096,69.85142,66.0
2097,65.540764,63.0
2098,62.04513,62.0
2099,60.352726,62.0
2100,60.136288,62.0
2101,60.554047,63.0
2102,62.213554,63.0
2103,63.53596,63.0
2104,64.02021,64.0
2105,64.61217,64.0
2106,64.357445,64.0
2107,64.08781,65.0
2108,64.809875,65.0
2109,64.943634,65.0
2110,64.77848,65.0
2111,64.61674,66.0
2112,65.51618,66.0
2113,65.87739,66.0
2114,66.022026,66.0
2115,66.05761,66.0
2116,65.93627,65.0
2117,65.0351,64.0
2118,63.855946,63.0
2119,62.439575,63.0
2120,62.212143,62.0
2121,61.39743,61.0
2122,60.418663,61.0
2123,60.16824,60.0
2124,59.38772,60.0
2125,59.211384,60.0
2126,59.260975,60.0
2127,59.48836,59.0
2128,58.58569,59.0
2129,58.146732,59.0
2130,58.208702,59.0
2131,58.40459,59.0
2132,58.602535,60.0
2133,59.64426,61.0
2134,60.973312,62.0
2135,62.115055,63.0
2136,63.200165,63.0
2137,63.201996,64.0
2138,63.988403,64.0
2139,64.0948,64.0
2140,63.99124,63.0
2141,63.066536,63.0
2142,62.827396,62.0
2143,61.751656,60.0
2144,59.749184,58.0
2145,57.571026,57.0
2146,56.203373,56.0
2147,55.223305,56.0
2148,55.16347,56.0
2149,55.407875,56.0
2150,55.78509,56.0
2151,56.19164,56.0
2152,56.319866,57.0
2153,57.222576,58.0
2154,58.36499,58.0
2155,58.41298,59.0
2156,59.15461,59.0
2157,59.117622,59.0
2158,58.80994,58.0
2159,58.02122,59.0
2160,58.731598,59.0
2161,58.8458,60.0
2162,59.782864,60.0
2163,60.14444,61.0
2164,61.084637,62.0
2165,62.188457,63.0
2166,63.295315,63.0
2167,63.541683,64.0
2168,64.288315,64.0
2169,64.177864,65.0
2170,64.96753,65.0
2171,65.00165,65.0
2172,65.0026,65.0
2173,64.96856,65.0
2174,64.83475,65.0
2175,64.87002,64.0
2176,63.94531,64.0
2177,63.63936,63.0
2178,62.446655,63.0
2179,62.29474,62.0
2180,61.470467,62.0
2181,61.345055,62.0
2182,61.537457,61.0
2183,60.904972,61.0
2184,60.74147,61.0
2185,60.72241,61.0
2186,60.684704,61.0
2187,60.656593,61.0
2188,60.608948,61.0
2189,60.624035,61.0
2190,60.76767,61.0
2191,60.648354,61.0
2192,60.750786,61.0
2193,60.738914,61.0
2194,60.54099,61.0
2195,60.77703,62.0
2196,61.76641,62.0
2197,62.01382,63.0
2198,62.973675,64.0
2199,64.23373,65.0
2200,65.477325,66.0
2201,66.68067,66.99999999999999
2202,67.722534,68.0
2203,68.68464,69.00000000000001
2204,69.64813,70.0
2205,70.58497,70.99999999999999
2206,71.39615,72.0
2207,72.46825,72.0
2208,72.46901,72.0
2209,72.21899,72.0
2210,71.979,72.0
2211,71.79268,72.0
2212,71.681885,72.0
2213,71.76871,72.0
2214,72.00887,72.0
2215,72.04507,73.00000000000001
2216,72.904205,73.00000000000001
2217,73.08966,74.0
2218,74.01863,74.0
2219,74.1911,74.0
2220,74.182396,74.0
2221,74.1816,74.0
2222,74.067314,74.0
2223,73.85639,74.0
2224,73.819664,74.0
2225,73.58127,74.0
2226,73.530014,74.0
2227,73.61627,74.0
2228,73.72977,73.00000000000001
2229,72.70574,73.00000000000001
2230,72.43188,72.0
2231,71.55769,72.0
2232,71.49399,72.0
2233,71.509895,72.0
2234,71.69881,72.0
2235,71.74149,72.0
2236,71.843254,72.0
2237,71.991234,72.0
2238,72.014885,70.99999999999999
2239,71.09361,70.99999999999999
2240,70.780396,70.99999999999999
2241,70.69627,70.99999999999999
2242,70.60908,70.0
2243,69.859314,70.0
2244,69.6908,70.0
2245,69.62872,70.0
2246,69.674194,69.00000000000001
2247,68.82269,69.00000000000001
2248,68.569954,69.00000000000001
2249,68.39938,69.00000000000001
2250,68.514656,68.0
2251,67.53388,68.0
2252,67.31409,68.0
2253,67.43498,68.0
2254,67.56521,69.00000000000001
2255,68.65143,69.00000000000001
2256,69.072586,69.00000000000001
2257,69.03161,69.00000000000001
2258,68.91604,68.0
2259,67.92946,68.0
2260,67.827415,68.0
2261,67.75906,68.0
2262,67.72631,68.0
2263,67.81519,68.0
2264,67.83956,68.0
2265,67.86282,68.0
2266,67.916534,68.0
2267,67.91678,68.0
2268,67.88006,68.0
2269,67.94883,68.0
2270,67.74624,68.0
2271,67.77963,66.99999999999999
2272,66.690704,66.99999999999999
2273,66.34495,66.99999999999999
2274,66.15857,66.99999999999999
2275,66.34685,66.0
2276,65.655205,66.0
2277,65.46975,66.0
2278,65.50706,66.0
2279,65.54875,66.0
2280,65.593544,66.0
2281,65.59383,66.0
2282,65.96368,66.0
2283,65.82673,66.99999999999999
2284,66.62845,66.99999999999999
2285,66.87301,66.99999999999999
2286,66.92805,66.0
2287,66.03487,66.0
2288,65.59666,66.0
2289,65.66032,66.0
2290,65.65994,66.0
2291,65.78989,66.0
2292,65.99488,66.0
2293,65.958664,66.0
2294,65.995255,66.0
2295,65.88134,66.99999999999999
2296,66.75212,66.99999999999999
2297,66.99863,66.99999999999999
2298,67.109085,66.99999999999999
2299,66.89686,66.99999999999999
2300,66.78913,66.0
2301,65.81865,65.0
2302,64.52455,64.0
2303,63.396275,64.0
2304,63.376553,64.0
2305,63.569027,64.0
2306,63.80546,65.0
2307,64.93232,66.0
2308,66.24536,66.0
2309,66.39328,66.0
2310,66.35269,66.0
2311,66.196686,66.0
2312,66.14051,66.0
2313,66.05856,66.0
2314,65.98983,66.0
2315,66.00283,66.99999999999999
2316,66.75544,68.0
2317,67.98453,69.00000000000001
2318,69.209656,70.0
2319,70.475044,70.0
2320,70.827095,70.99999999999999
2321,71.601746,70.99999999999999
2322,71.60532,72.0
2323,72.21577,73.00000000000001
2324,73.32592,74.0
2325,74.6846,74.99999999999999
2326,75.740486,76.0
2327,76.88313,77.00000000000001
2328,77.828354,78.99999999999999
2329,79.58322,82.0
2330,82.32221,86.0
2331,86.30766,88.0
2332,89.12807,86.0
2333,87.93443,82.99999999999999
2334,85.05594,80.0
2335,81.49675,78.0
2336,78.69723,77.00000000000001
2337,76.811,77.00000000000001
2338,76.154594,76.0
2339,75.04546,76.0
2340,75.01217,74.99999999999999
2341,74.26596,74.99999999999999
2342,74.20481,74.99999999999999
2343,74.52338,74.0
2344,73.638664,74.0
2345,73.10592,73.00000000000001
2346,71.86442,73.00000000000001
2347,71.805466,72.0
2348,71.278404,70.99999999999999
2349,70.624435,70.99999999999999
2350,70.540886,72.0
2351,71.52422,72.0
2352,71.71789,70.99999999999999
2353,71.10968,70.99999999999999
2354,70.87785,70.0
2355,69.98348,70.0
2356,69.79749,69.00000000000001
2357,68.86508,70.0
2358,69.47389,70.0
2359,69.70957,70.99999999999999
2360,70.7105,70.99999999999999
2361,71.029236,72.0
2362,71.823044,72.0
2363,72.22392,72.0
2364,71.98791,73.00000000000001
2365,72.94993,73.00000000000001
2366,73.09058,73.00000000000001
2367,72.843445,73.00000000000001
2368,72.96056,73.00000000000001
2369,72.79417,73.00000000000001
2370,72.543396,74.0
2371,73.569885,74.0
2372,74.097015,73.00000000000001
2373,73.193504,73.00000000000001
2374,72.739044,72.0
2375,71.71937,70.99999999999999
2376,70.46888,70.99999999999999
2377,70.19907,70.99999999999999
2378,70.236275,70.99999999999999
2379,70.423744,70.99999999999999
2380,70.74605,70.99999999999999
2381,70.99331,70.99999999999999
2382,71.03216,70.99999999999999
2383,70.77548,70.99999999999999
2384,70.686485,70.99999999999999
2385,70.56757,70.99999999999999
2386,70.54036,70.99999999999999
2387,70.72208,70.99999999999999
2388,70.86369,70.99999999999999
2389,70.88241,70.0
2390,69.99802,70.0
2391,69.70851,70.0
2392,69.52087,70.0
2393,69.48141,70.0
2394,69.71625,70.0
2395,69.749084,70.99999999999999
2396,70.76717,72.0
2397,71.921196,73.00000000000001
2398,73.019936,74.0
2399,74.21528,74.0
2400,74.44905,74.99999999999999
2401,75.17901,74.99999999999999
2402,75.222374,74.99999999999999
2403,75.08652,74.99999999999999
2404,74.81513,74.0
2405,74.03476,74.0
2406,73.66347,74.0
2407,73.574745,74.0
2408,73.59723,74.0
2409,73.65536,74.0
2410,73.6978,74.0
2411,73.7324,73.00000000000001
2412,72.88958,73.00000000000001
2413,72.6967,73.00000000000001
2414,72.39815,73.00000000000001
2415,72.58667,72.0
2416,71.655334,72.0
2417,71.347855,72.0
2418,71.353165,73.00000000000001
2419,72.4919,72.0
2420,71.89192,72.0
2421,71.70496,70.99999999999999
2422,70.705826,70.0
2423,69.51606,69.00000000000001
2424,68.324295,68.0
2425,67.26485,68.0
2426,67.249916,68.0
2427,67.51895,66.99999999999999
2428,66.878265,66.99999999999999
2429,66.696434,66.99999999999999
2430,66.71,66.99999999999999
2431,66.75886,66.99999999999999
2432,66.88721,66.99999999999999
2433,66.90646,66.99999999999999
2434,66.90114,66.99999999999999
2435,66.8156,66.0
2436,65.961945,66.0
2437,65.67854,66.0
2438,65.63927,65.0
2439,64.592834,65.0
2440,64.30408,65.0
2441,64.27494,65.0
2442,64.35731,64.0
2443,63.554665,63.0
2444,62.43774,63.0
2445,62.247643,62.0
2446,61.358402,62.0
2447,61.35683,63.0
2448,62.369633,63.0
2449,62.838886,63.0
2450,63.000996,62.0
2451,62.174755,62.0
2452,61.929787,61.0
2453,60.884884,60.0
2454,59.724205,60.0
2455,59.39141,59.0
2456,58.472973,59.0
2457,58.345097,59.0
2458,58.404217,58.0
2459,57.78849,58.0
2460,57.566883,57.0
2461,56.781723,57.0
2462,56.493744,57.0
2463,56.45364,57.0
2464,56.552933,57.0
2465,56.685436,57.0
2466,56.755886,57.0
2467,56.781765,58.0
2468,57.651833,58.0
2469,57.971123,58.0
2470,58.061707,58.0
2471,58.037914,58.0
2472,57.920628,58.0
2473,57.92995,58.0
2474,57.891563,58.0
2475,57.924324,58.0
2476,57.938694,58.0
2477,57.890015,58.0
2478,57.864693,58.0
2479,57.97996,57.0
2480,57.14363,57.0
2481,56.796432,57.0
2482,56.803703,57.0
2483,56.742695,58.0
2484,57.66064,58.0
2485,57.899746,58.0
2486,58.00326,58.0
2487,58.005928,58.0
2488,57.74224,57.0
2489,56.70221,57.0
2490,56.38593,57.0
2491,56.363297,56.0
2492,55.5726,56.0
2493,55.480232,56.0
2494,55.55776,56.0
2495,55.726627,55.0
2496,54.967823,55.0
2497,54.62844,55.0
2498,54.5725,55.0
2499,54.80625,54.0
2500,54.045055,54.0
2501,53.7556,55.0
2502,54.571354,55.0
2503,54.84274,55.0
2504,54.954258,55.0
2505,54.90024,55.0
2506,54.955647,54.0
2507,54.04421,54.0
2508,53.55715,54.0
2509,53.467964,54.0
2510,53.41201,54.0
2511,53.504356,54.0
2512,53.6597,54.0
2513,53.61712,54.0
2514,53.694195,54.0
2515,53.846165,54.0
2516,53.883232,54.0
2517,53.76079,54.0
2518,53.659145,54.0
2519,53.660957,53.0
2520,52.694374,53.0
2521,52.413094,53.0
2522,52.51037,53.0
2523,52.674477,53.0
2524,52.85526,53.0
2525,53.10147,52.0
2526,52.170654,52.0
2527,51.764412,52.0
2528,51.61434,52.0
2529,51.59178,53.0
2530,52.472664,53.0
2531,52.77097,53.0
2532,52.909763,53.0
2533,52.894413,53.0
2534,52.877823,53.0
2535,52.701954,53.0
2536,52.467278,53.0
2537,52.526146,53.0
2538,52.795723,52.0
2539,51.986874,51.0
2540,50.82196,50.0
2541,49.421616,50.0
2542,49.252262,51.0
2543,50.286774,51.0
2544,50.951683,51.0
2545,51.20318,52.0
2546,52.067963,52.0
2547,52.216003,52.0
2548,52.12883,53.0
2549,52.880344,53.0
2550,53.125202,53.0
2551,53.000652,53.0
2552,52.854576,54.0
2553,53.555035,54.0
2554,54.002842,54.0
2555,54.071766,54.0
2556,54.074074,54.0
2557,53.95504,54.0
2558,53.69372,54.0
2559,53.68262,54.0
2560,53.831306,54.0
2561,53.936947,54.0
2562,53.931313,54.0
2563,53.920834,55.0
2564,54.933636,55.0
2565,55.198277,55.0
2566,55.015594,55.0
2567,54.911373,55.0
2568,54.70897,55.0
2569,54.681286,54.0
2570,53.706017,54.0
2571,53.488895,54.0
2572,53.504337,54.0
2573,53.6466,54.0
2574,53.723534,54.0
2575,53.805283,55.0
2576,54.587425,55.0
2577,54.84874,55.0
2578,55.00259,56.0
2579,55.784557,63.0
2580,61.42125,70.0
2581,68.87775,77.00000000000001
2582,76.628685,77.00000000000001
2583,79.64846,77.00000000000001
2584,80.26102,77.00000000000001
2585,79.151306,77.00000000000001
2586,77.225975,76.0
2587,74.921745,76.0
2588,74.08944,76.0
2589,74.23023,74.99999999999999
2590,73.69219,74.99999999999999
2591,74.06306,74.0
2592,73.4529,74.0
2593,73.227234,73.00000000000001
2594,72.541374,73.00000000000001
2595,72.47438,72.0
2596,71.68221,72.0
2597,71.46331,72.0
2598,71.25629,70.99999999999999
2599,70.59673,70.0
2600,69.62224,68.0
2601,67.478226,66.0
2602,65.42886,66.0
2603,64.712425,65.0
2604,63.829075,66.0
2605,64.82959,66.0
2606,65.162186,66.0
2607,65.53245,66.99999999999999
2608,66.89159,66.99999999999999
2609,67.51629,68.0
2610,68.29057,68.0
2611,68.80651,69.00000000000001
2612,69.45474,70.0
2613,70.31556,70.99999999999999
2614,71.303055,72.0
2615,72.36615,73.00000000000001
2616,73.172554,74.0
2617,74.092705,74.0
2618,74.30209,74.99999999999999
2619,75.19775,74.99999999999999
2620,75.21455,74.99999999999999
2621,75.05815,74.99999999999999
2622,74.82352,74.0
2623,73.97315,70.99999999999999
2624,70.738525,66.99999999999999
2625,66.38477,65.0
2626,63.19376,63.0
2627,60.8596,63.0
2628,60.83298,64.0
2629,62.251656,65.0
2630,64.23241,65.0
2631,65.52131,65.0
2632,66.08423,65.0
2633,65.99175,64.0
2634,64.21152,64.0
2635,63.17305,63.0
2636,61.833492,63.0
2637,61.752663,62.0
2638,61.189598,62.0
2639,61.136257,61.0
2640,60.502014,61.0
2641,60.545795,61.0
2642,60.68209,61.0
2643,60.646137,61.0
2644,60.681843,61.0
2645,60.700874,61.0
2646,60.75345,60.0
2647,59.75907,58.0
2648,57.910957,55.0
2649,54.704685,53.0
2650,52.05386,52.0
2651,50.456245,52.0
2652,50.45583,53.0
2653,51.74118,53.0
2654,52.90693,53.0
2655,53.729897,53.0
2656,53.796303,54.0
2657,54.4269,54.0
2658,54.210663,54.0
2659,53.903595,54.0
2660,53.69852,54.0
2661,53.49609,54.0
2662,53.679417,54.0
2663,53.64448,54.0
2664,53.590237,54.0
2665,53.896828,54.0
2666,53.779995,53.0
2667,52.97372,53.0
2668,52.93467,53.0
2669,52.700798,53.0
2670,52.576946,53.0
2671,52.8524,52.0
2672,51.853672,52.0
2673,51.48417,51.0
2674,50.7239,51.0
2675,50.378906,50.0
2676,49.452198,49.0
2677,48.39322,48.0
2678,47.215572,47.0
2679,46.09178,45.0
2680,44.04881,43.0
2681,41.737774,41.0
2682,39.454056,38.0
2683,36.19867,36.0
2684,33.899643,34.0
2685,32.249634,33.0
2686,31.457218,33.0
2687,32.12392,33.0
2688,33.00582,34.0
2689,34.336784,35.0
2690,35.64026,36.0
2691,36.846073,36.0
2692,36.721954,37.0
2693,36.997208,39.0
2694,38.458523,43.0
2695,42.487637,48.0
2696,48.4963,53.0
2697,54.464848,57.0
2698,59.320587,59.0
2699,61.60699,59.0
2700,61.24305,59.0
2701,60.136272,59.0
2702,59.067883,59.0
2703,58.179962,59.0
2704,57.821938,60.0
2705,59.017357,60.0
2706,59.836884,61.0
2707,61.16535,62.0
2708,62.723354,62.0
2709,62.983986,62.0
2710,62.695072,61.0
2711,61.31275,62.0
2712,61.626534,62.0
2713,61.811718,63.0
2714,62.692318,64.0
2715,63.953133,64.0
2716,64.45859,65.0
2717,65.23292,65.0
2718,65.134834,65.0
2719,65.109886,64.0
2720,64.348274,63.0
2721,63.15967,62.0
2722,61.719078,62.0
2723,61.47223,61.0
2724,60.652615,61.0
2725,60.480606,61.0
2726,60.556053,61.0
2727,60.50982,61.0
2728,60.80505,61.0
2729,60.791286,61.0
2730,60.71374,60.0
2731,59.627617,60.0
2732,59.161694,60.0
2733,59.250755,59.0
2734,58.562057,58.0
2735,57.632336,58.0
2736,57.33513,57.0
2737,56.545944,57.0
2738,56.547607,57.0
2739,56.685646,56.0
2740,55.959827,56.0
2741,55.642937,56.0
2742,55.63113,56.0
2743,55.72495,57.0
2744,56.55021,58.0
2745,57.697636,58.0
2746,58.06826,58.0
2747,58.29339,58.0
2748,58.19279,58.0
2749,58.03082,58.0
2750,57.78998,58.0
2751,57.662125,58.0
2752,57.67,59.0
2753,58.68584,60.0
2754,60.124035,61.0
2755,61.505154,62.0
2756,62.835297,63.0
2757,63.774036,64.0
2758,64.642654,65.0
2759,65.321526,66.0
2760,66.10448,66.0
2761,66.063126,66.99999999999999
2762,66.92023,68.0
2763,67.8712,68.0
2764,68.04486,69.00000000000001
2765,69.08417,69.00000000000001
2766,69.01052,66.99999999999999
2767,67.3083,64.0
2768,64.38168,59.0
2769,59.319042,56.0
2770,55.6121,54.0
2771,52.817783,53.0
2772,51.490738,54.0
2773,52.247875,54.0
2774,53.39181,55.0
2775,55.53218,55.0
2776,56.257713,56.0
2777,56.940205,57.0
2778,57.72689,57.0
2779,57.48207,57.0
2780,57.033306,57.0
2781,56.66298,57.0
2782,56.576096,57.0
2783,56.76498,58.0
2784,57.66097,59.0
2785,58.729023,60.0
2786,59.966652,62.0
2787,62.252167,63.0
2788,63.742752,64.0
2789,64.86154,66.0
2790,66.50212,66.99999999999999
2791,67.46693,70.0
2792,70.212,73.00000000000001
2793,73.465096,74.99999999999999
2794,76.23166,76.0
2795,77.64131,77.00000000000001
2796,78.332855,77.00000000000001
2797,78.00532,78.0
2798,78.130104,78.0
2799,77.94132,78.99999999999999
2800,78.72242,80.0
2801,79.67379,81.00000000000001
2802,80.738945,82.0
2803,82.39639,82.99999999999999
2804,83.79158,82.99999999999999
2805,84.07627,84.0
2806,84.783195,85.00000000000001
2807,85.47786,86.0
2808,86.164085,86.99999999999999
2809,87.34853,89.00000000000001
2810,89.51514,90.0
2811,90.72267,90.99999999999999
2812,91.950645,90.99999999999999
2813,91.93558,90.99999999999999
2814,91.4052,88.0
2815,88.32449,81.00000000000001
2816,81.886566,73.00000000000001
2817,73.90406,65.0
2818,64.82619,61.0
2819,59.27708,60.0
2820,56.755974,59.0
2821,55.372032,59.0
2822,56.99862,59.0
2823,59.13784,58.0
2824,59.03876,58.0
2825,58.833363,58.0
2826,57.647633,58.0
2827,56.847897,58.0
2828,56.863495,58.0
2829,57.129627,58.0
2830,57.35115,58.0
2831,57.537487,58.0
2832,57.897785,58.0
2833,58.016266,58.0
2834,57.950676,58.0
2835,58.177822,59.0
2836,58.74895,59.0
2837,59.172585,60.0
2838,60.087563,61.0
2839,61.009315,62.0
2840,62.227863,62.0
2841,62.24977,63.0
2842,63.01682,63.0
2843,63.217827,63.0
2844,63.17259,64.0
2845,63.83004,64.0
2846,63.88346,64.0
2847,63.86147,63.0
2848,62.684868,63.0
2849,62.278152,63.0
2850,62.12803,63.0
2851,62.18849,62.0
2852,61.423283,61.0
2853,60.303753,60.0
2854,59.12969,60.0
2855,59.06214,59.0
2856,58.36622,58.0
2857,57.39039,58.0
2858,57.308247,57.0
2859,56.48167,57.0
2860,56.59159,56.0
2861,55.732723,56.0
2862,55.190414,56.0
2863,55.21602,56.0
2864,55.514843,56.0
2865,55.662704,56.0
2866,55.80751,56.0
2867,55.89898,57.0
2868,56.671116,57.0
2869,56.9076,57.0
2870,56.888058,57.0
2871,57.092888,58.0
2872,57.864548,58.0
2873,57.99249,58.0
2874,58.07785,59.0
2875,59.045547,60.0
2876,60.277195,60.0
2877,60.63813,61.0
2878,61.386513,62.0
2879,62.261757,62.0
2880,62.278755,63.0
2881,63.077534,64.0
2882,63.86773,64.0
2883,64.07837,65.0
2884,65.1572,65.0
2885,65.32,65.0
2886,65.25863,66.0
2887,66.01203,66.0
2888,66.13356,66.0
2889,66.11409,66.0
2890,66.039955,66.0
2891,65.92223,66.99999999999999
2892,66.67324,66.0
2893,66.005005,66.0
2894,65.72993,66.0
2895,65.42901,66.0
2896,65.23947,65.0
2897,64.26888,65.0
2898,64.01376,64.0
2899,63.133343,63.0
2900,62.027752,63.0
2901,61.825287,62.0
2902,61.099483,61.0
2903,60.23313,61.0
2904,60.182465,60.0
2905,59.310577,59.0
2906,58.282448,58.0
2907,57.315395,57.0
2908,56.53441,56.0
2909,55.481403,56.0
2910,55.233402,56.0
2911,55.28642,56.0
2912,55.254642,56.0
2913,55.600273,55.0
2914,54.86483,55.0
2915,54.588722,54.0
2916,53.634125,54.0
2917,53.226624,53.0
2918,52.257324,53.0
2919,52.19823,53.0
2920,52.406914,53.0
2921,52.714474,53.0
2922,52.90418,53.0
2923,52.994476,53.0
2924,52.902725,53.0
2925,52.77574,53.0
2926,52.55529,53.0
2927,52.604965,53.0
2928,52.670692,53.0
2929,52.80955,54.0
2930,53.64662,54.0
2931,53.89364,54.0
2932,53.871502,54.0
2933,53.89828,55.0
2934,54.43991,55.0
2935,54.78462,55.0
2936,54.89687,55.0
2937,54.96016,56.0
2938,55.82571,56.0
2939,56.160404,57.0
2940,57.005184,57.0
2941,57.19544,58.0
2942,58.006252,58.0
2943,58.24967,59.0
2944,59.21267,59.0
2945,59.211414,60.0
2946,60.147575,60.0
2947,60.293736,60.0
2948,60.09322,61.0
2949,60.898293,61.0
2950,61.03875,61.0
2951,61.00619,61.0
2952,60.87806,62.0
2953,61.681377,62.0
2954,61.999752,62.0
2955,61.993153,62.0
2956,62.067707,63.0
2957,62.85835,63.0
2958,63.111187,63.0
2959,63.140408,63.0
2960,63.15146,63.0
2961,63.047375,63.0
2962,62.993965,63.0
2963,62.82104,63.0
2964,62.89331,63.0
2965,62.867584,63.0
2966,62.586357,62.0
2967,61.893486,62.0
2968,61.492455,62.0
2969,61.186653,62.0
2970,61.30733,61.0
2971,60.55427,61.0
2972,60.382763,61.0
2973,60.492893,61.0
2974,60.587917,61.0
2975,60.759346,62.0
2976,61.750557,62.0
2977,62.037987,62.0
2978,62.112045,63.0
2979,63.04482,63.0
2980,63.195232,63.0
2981,63.20792,64.0
2982,63.957558,64.0
2983,64.1652,64.0
2984,64.13658,65.0
2985,64.892845,65.0
2986,65.05303,65.0
2987,64.93137,66.0
2988,65.79617,66.0
2989,66.05566,66.0
2990,66.15058,66.0
2991,65.97731,65.0
2992,64.79149,65.0
2993,64.2773,64.0
2994,63.103764,64.0
2995,62.839916,63.0
2996,62.084167,63.0
2997,62.069477,62.0
2998,61.36258,61.0
2999,60.422363,60.0
3000,59.310944,59.0
3001,58.28591,59.0
3002,58.14264,58.0
3003,57.36592,58.0
3004,57.270077,58.0
3005,57.4222,57.0
3006,56.758965,57.0
3007,56.445965,57.0
3008,56.498688,56.0
3009,55.67257,56.0
3010,55.389015,55.0
3011,54.62762,55.0
3012,54.496384,55.0
3013,54.66061,55.0
3014,54.739044,55.0
3015,54.840073,55.0
3016,54.81309,56.0
3017,55.794785,56.0
3018,56.082767,57.0
3019,57.086052,57.0
3020,57.323036,58.0
3021,58.16189,58.0
3022,58.206707,59.0
3023,58.809174,59.0
3024,59.104126,60.0
3025,59.869038,59.0
3026,59.20083,59.0
3027,58.635483,58.0
3028,57.824345,57.0
3029,56.659763,57.0
3030,56.18185,56.0
3031,55.466915,55.0
3032,54.253323,55.0
3033,54.20393,54.0
3034,53.585087,54.0
3035,53.308212,53.0
3036,52.599358,53.0
3037,52.43615,53.0
3038,52.19764,53.0
3039,52.320038,53.0
3040,52.554295,53.0
3041,52.649418,53.0
3042,52.76072,52.0
3043,51.79721,52.0
3044,51.41358,51.0
3045,50.285686,49.0
3046,48.21832,47.0
3047,45.843876,45.0
3048,43.33143,44.0
3049,42.05953,44.0
3050,42.292355,45.0
3051,44.038784,47.0
3052,46.854546,49.0
3053,49.684937,50.0
3054,51.249695,51.0
3055,52.13851,52.0
3056,52.763474,52.0
3057,52.543625,52.0
3058,52.09913,52.0
3059,51.85633,52.0
3060,51.645187,53.0
3061,52.577568,53.0
3062,53.016937,53.0
3063,53.238117,54.0
3064,54.18154,54.0
3065,54.325455,55.0
3066,55.168774,55.0
3067,55.38191,56.0
3068,56.20353,56.0
3069,56.393684,57.0
3070,57.275017,57.0
3071,57.352,58.0
3072,58.255733,58.0
3073,58.287144,58.0
3074,58.191338,59.0
3075,58.7886,59.0
3076,59.1193,59.0
3077,59.050686,59.0
3078,58.993088,59.0
3079,58.896965,59.0
3080,58.857456,59.0
3081,58.918736,60.0
3082,59.76496,60.0
3083,60.10101,60.0
3084,60.159794,60.0
3085,60.061768,60.0
3086,59.914936,60.0
3087,59.74087,59.0
3088,58.54094,59.0
3089,58.1919,59.0
3090,58.111393,59.0
3091,58.29984,59.0
3092,58.464447,58.0
3093,57.838364,58.0
3094,57.499115,57.0
3095,56.524822,56.0
3096,55.49874,56.0
3097,55.351547,56.0
3098,55.541298,56.0
3099,55.719315,56.0
3100,55.849293,56.0
3101,55.89432,57.0
3102,56.69594,57.0
3103,56.922756,57.0
3104,56.92062,57.0
3105,56.85228,57.0
3106,56.875496,57.0
3107,56.89808,57.0
3108,56.89414,57.0
3109,56.911934,57.0
3110,56.886562,58.0
3111,57.80319,58.0
3112,58.15002,59.0
3113,59.04397,59.0
3114,59.299255,60.0
3115,60.159428,60.0
3116,60.28158,61.0
3117,61.08281,61.0
3118,61.163853,61.0
3119,61.008324,61.0
3120,61.025143,61.0
3121,61.024162,61.0
3122,60.973404,62.0
3123,61.77524,62.0
3124,62.00335,63.0
3125,62.904804,63.0
3126,63.1339,63.0
3127,63.11798,63.0
3128,63.043484,64.0
3129,63.78839,64.0
3130,64.00314,64.0
3131,64.05165,64.0
3132,64.00984,64.0
3133,63.819637,64.0
3134,63.752163,64.0
3135,63.706406,64.0
3136,63.673977,64.0
3137,63.646477,64.0
3138,63.72456,64.0
3139,63.76994,65.0
3140,64.77224,65.0
3141,65.09355,65.0
3142,65.11004,65.0
3143,64.993774,66.0
3144,65.813194,66.0
3145,66.05599,65.0
3146,65.108284,65.0
3147,64.69019,65.0
3148,64.66838,65.0
3149,64.733086,64.0
3150,63.941456,64.0
3151,63.722572,64.0
3152,63.698105,64.0
3153,63.778236,63.0
3154,62.983265,63.0
3155,62.733734,63.0
3156,62.700207,63.0
3157,62.734932,62.0
3158,61.83216,62.0
3159,61.424393,61.0
3160,60.357964,61.0
3161,59.96361,60.0
3162,58.9724,59.0
3163,57.829594,58.0
3164,56.773537,57.0
3165,55.864017,57.0
3166,55.911617,57.0
3167,56.432396,57.0
3168,56.83688,57.0
3169,57.012447,58.0
3170,57.870472,58.0
3171,58.107746,58.0
3172,57.964714,58.0
3173,58.010593,58.0
3174,58.012997,58.0
3175,57.949272,59.0
3176,58.738415,59.0
3177,58.991207,59.0
3178,59.077698,59.0
3179,59.09975,60.0
3180,59.86445,60.0
3181,60.156464,60.0
3182,60.231247,60.0
3183,60.168148,61.0
3184,60.886524,61.0
3185,60.97151,61.0
3186,60.728706,61.0
3187,60.567814,61.0
3188,60.55926,62.0
3189,61.603035,62.0
3190,62.029087,62.0
3191,62.094032,61.0
3192,60.915436,61.0
3193,60.503136,61.0
3194,60.413307,61.0
3195,60.607067,61.0
3196,60.79811,61.0
3197,60.902588,61.0
3198,60.944004,61.0
3199,60.976852,61.0
3200,60.923023,61.0
3201,60.9236,61.0
3202,60.94205,60.0
3203,60.01676,60.0
3204,59.736732,60.0
3205,59.639854,60.0
3206,59.76964,60.0
3207,59.741714,60.0
3208,59.785812,59.0
3209,58.771626,59.0
3210,58.383606,59.0
3211,58.234062,59.0
3212,58.297806,59.0
3213,58.42224,60.0
3214,59.63313,60.0
3215,60.05771,60.0
3216,60.14413,60.0
3217,60.05169,60.0
3218,59.914894,60.0
3219,59.89017,60.0
3220,59.771908,59.0
3221,58.962143,59.0
3222,58.52087,59.0
3223,58.594517,59.0
3224,58.66581,60.0
3225,59.64353,60.0
3226,60.0128,61.0
3227,61.02114,61.0
3228,61.32938,62.0
3229,62.23453,62.0
3230,62.359932,62.0
3231,62.2372,62.0
3232,62.11595,63.0
3233,62.77878,63.0
3234,63.056015,63.0
3235,63.134727,64.0
3236,64.02845,65.0
3237,65.18495,66.0
3238,66.472824,66.99999999999999
3239,67.65599,68.0
3240,68.66566,69.00000000000001
3241,69.57858,70.0
3242,70.492645,70.99999999999999
3243,71.37371,70.99999999999999
3244,71.32373,72.0
3245,72.084625,73.00000000000001
3246,73.04053,73.00000000000001
3247,73.196815,74.0
3248,74.21058,74.0
3249,74.13803,74.99999999999999
3250,75.049515,76.0
3251,76.03659,76.0
3252,76.39106,77.00000000000001
3253,77.2357,77.00000000000001
3254,77.343544,78.0
3255,78.43446,78.99999999999999
3256,79.238884,80.0
3257,79.9544,80.0
3258,79.990974,80.0
3259,79.87043,80.0
3260,79.7993,80.0
3261,79.617935,78.99999999999999
3262,78.56179,78.99999999999999
3263,78.43833,78.0
3264,77.57798,78.0
3265,77.49191,77.00000000000001
3266,76.67697,77.00000000000001
3267,76.51031,77.00000000000001
3268,76.55029,77.00000000000001
3269,76.63458,77.00000000000001
3270,76.69918,77.00000000000001
3271,76.81768,77.00000000000001
3272,76.75921,77.00000000000001
3273,76.80747,76.0
3274,75.92144,76.0
3275,75.66514,74.99999999999999
3276,74.670784,74.99999999999999
3277,74.43055,74.99999999999999
3278,74.41944,74.0
3279,73.58186,74.0
3280,73.441826,73.00000000000001
3281,72.46865,73.00000000000001
3282,72.27189,72.0
3283,71.37751,72.0
3284,71.13238,72.0
3285,71.129105,72.0
3286,71.40121,72.0
3287,71.85717,72.0
3288,71.89302,72.0
3289,71.97565,70.99999999999999
3290,70.946106,70.99999999999999
3291,70.64785,70.99999999999999
3292,70.653015,70.99999999999999
3293,70.63349,70.0
3294,69.88145,70.0
3295,69.7172,70.0
3296,69.695755,70.0
3297,69.70558,70.0
3298,69.745476,69.00000000000001
3299,68.93211,69.00000000000001
3300,68.667046,69.00000000000001
3301,68.5471,69.00000000000001
3302,68.63256,68.0
3303,67.83906,68.0
3304,67.5996,68.0
3305,67.52167,66.99999999999999
3306,66.64062,66.99999999999999
3307,66.40794,66.0
3308,65.511154,66.0
3309,65.42147,66.0
3310,65.482414,66.0
3311,65.650925,65.0
3312,64.800156,65.0
3313,64.545784,65.0
3314,64.56803,65.0
3315,64.72178,65.0
3316,64.66937,64.0
3317,63.971382,65.0
3318,64.44527,65.0
3319,64.615326,66.99999999999999
3320,66.24367,70.0
3321,69.13425,72.0
3322,71.76723,74.0
3323,74.195526,74.99999999999999
3324,75.43435,76.0
3325,76.57142,76.0
3326,76.55849,76.0
3327,76.12654,74.99999999999999
3328,74.94591,74.99999999999999
3329,74.2562,74.99999999999999
3330,73.91254,74.99999999999999
3331,73.98853,74.99999999999999
3332,74.23,76.0
3333,75.38494,76.0
3334,75.83298,76.0
3335,75.97808,74.99999999999999
3336,74.96994,74.99999999999999
3337,74.565125,74.99999999999999
3338,74.39838,74.99999999999999
3339,74.469696,74.99999999999999
3340,74.61646,74.0
3341,73.835464,74.99999999999999
3342,74.44696,74.99999999999999
3343,74.6208,74.99999999999999
3344,74.513405,76.0
3345,75.3791,77.00000000000001
3346,76.68617,77.00000000000001
3347,76.94933,78.0
3348,77.789215,78.0
3349,77.94476,78.0
3350,77.707085,78.0
3351,77.59895,78.99999999999999
3352,78.36064,78.99999999999999
3353,78.58248,78.99999999999999
3354,78.59418,78.99999999999999
3355,78.39319,78.0
3356,77.44676,78.0
3357,77.26841,77.00000000000001
3358,76.2435,77.00000000000001
3359,76.18852,76.0
3360,75.406364,76.0
3361,75.303,76.0
3362,75.45938,76.0
3363,75.71011,76.0
3364,75.59507,76.0
3365,75.62696,74.99999999999999
3366,75.08457,73.00000000000001
3367,72.8082,70.0
3368,69.51996,66.99999999999999
3369,65.97194,64.0
3370,62.66172,62.0
3371,60.10641,61.0
3372,58.946033,61.0
3373,59.373302,61.0
3374,60.158142,61.0
3375,60.97046,61.0
3376,61.67269,61.0
3377,61.66026,61.0
3378,61.094566,61.0
3379,60.581936,61.0
3380,60.40623,61.0
3381,60.201996,61.0
3382,60.333218,60.0
3383,59.693367,60.0
3384,59.55541,60.0
3385,59.511555,60.0
3386,59.538517,60.0
3387,59.667786,60.0
3388,59.862545,60.0
3389,59.87769,60.0
3390,59.565086,59.0
3391,58.750187,57.0
3392,56.946827,55.0
3393,54.653885,53.0
3394,52.17554,52.0
3395,50.748653,52.0
3396,50.803337,52.0
3397,51.092598,52.0
3398,51.487186,52.0
3399,52.173767,52.0
3400,52.562138,52.0
3401,52.373978,52.0
3402,52.051983,52.0
3403,51.676853,52.0
3404,51.63851,52.0
3405,51.61945,52.0
3406,51.620316,52.0
3407,51.839443,53.0
3408,52.917076,53.0
3409,53.313972,54.0
3410,54.349525,54.0
3411,54.311794,54.0
3412,54.44664,55.0
3413,55.074806,54.0
3414,54.327953,53.0
3415,53.388798,51.0
3416,51.231102,49.0
3417,48.83941,47.0
3418,46.32352,47.0
3419,45.453304,48.0
3420,46.652763,49.0
3421,48.640274,50.0
3422,50.724857,50.0
3423,51.308777,51.0
3424,51.92591,51.0
3425,51.371784,51.0
3426,50.589108,51.0
3427,50.339893,51.0
3428,50.453888,51.0
3429,50.587894,51.0
3430,50.775135,52.0
3431,51.82003,52.0
3432,52.11219,52.0
3433,52.018562,52.0
3434,51.840145,52.0
3435,51.696568,51.0
3436,50.862137,51.0
3437,50.41719,51.0
3438,50.606625,52.0
3439,51.299824,56.0
3440,54.98098,60.0
3441,59.47756,64.0
3442,64.12626,66.0
3443,66.99296,66.99999999999999
3444,68.37986,66.99999999999999
3445,68.0092,66.99999999999999
3446,67.11477,66.99999999999999
3447,66.28572,66.99999999999999
3448,65.66334,66.99999999999999
3449,65.79137,66.99999999999999
3450,66.147705,66.99999999999999
3451,66.40997,66.99999999999999
3452,66.5733,66.99999999999999
3453,66.68542,66.0
3454,65.80102,66.0
3455,65.58344,65.0
3456,64.63747,65.0
3457,64.34872,65.0
3458,64.53259,65.0
3459,64.567505,64.0
3460,63.762794,63.0
3461,62.85919,63.0
3462,62.33881,62.0
3463,61.41152,60.0
3464,59.542072,58.0
3465,57.33196,56.0
3466,54.472927,55.0
3467,53.234417,55.0
3468,53.198315,55.0
3469,53.869526,55.0
3470,54.85317,55.0
3471,55.40738,54.0
3472,54.567436,54.0
3473,53.728027,53.0
3474,52.306473,53.0
3475,51.795418,52.0
3476,51.00955,52.0
3477,51.157196,52.0
3478,51.574306,51.0
3479,50.78878,51.0
3480,50.708035,51.0
3481,50.8293,51.0
3482,50.893005,51.0
3483,50.940083,52.0
3484,51.58196,52.0
3485,51.77387,53.0
3486,52.885674,55.0
3487,54.81616,59.0
3488,58.669956,64.0
3489,64.1994,69.00000000000001
3490,69.82649,70.99999999999999
3491,72.91844,72.0
3492,74.16862,72.0
3493,73.93017,72.0
3494,72.97875,73.00000000000001
3495,72.86545,73.00000000000001
3496,72.05851,73.00000000000001
3497,71.949615,73.00000000000001
3498,72.11225,74.0
3499,72.94347,74.0
3500,73.77368,74.0
3501,73.870705,74.0
3502,73.63641,74.0
3503,73.47938,74.0
3504,73.51068,73.00000000000001
3505,72.9339,73.00000000000001
3506,72.73815,72.0
3507,71.732315,72.0
3508,71.50223,70.99999999999999
3509,70.66051,70.0
3510,69.779175,69.00000000000001
3511,68.632256,68.0
3512,67.46182,68.0
3513,67.18739,68.0
3514,67.23515,68.0
3515,67.422935,69.00000000000001
3516,68.5786,70.99999999999999
3517,70.76903,72.0
3518,72.21671,73.00000000000001
3519,73.71979,74.99999999999999
3520,75.82724,76.0
3521,77.09745,78.0
3522,79.08936,78.99999999999999
3523,80.09554,81.00000000000001
3524,81.61752,82.99999999999999
3525,83.68955,85.00000000000001
3526,85.45402,86.0
3527,86.59624,86.0
3528,86.4676,86.0
3529,86.37196,85.00000000000001
3530,85.18915,84.0
3531,83.89084,82.0
3532,81.64467,81.00000000000001
3533,79.946785,80.0
3534,79.18129,81.00000000000001
3535,79.866844,85.00000000000001
3536,83.89016,90.0
3537,89.46044,94.0
3538,95.02007,97.00000000000001
3539,99.28017,98.99999999999999
3540,101.69278,101.00000000000001
3541,103.19487,102.99999999999999
3542,104.55707,105.00000000000001
3543,105.97978,105.00000000000001
3544,105.69825,105.00000000000001
3545,104.56551,105.00000000000001
3546,103.38179,106.99999999999999
3547,104.68708,109.00000000000001
3548,107.68186,109.00000000000001
3549,108.9501,106.99999999999999
3550,106.74627,104.0
3551,103.1645,101.00000000000001
3552,99.585,101.00000000000001
3553,99.007225,102.0
3554,100.50883,106.0
3555,105.47479,110.99999999999999
3556,112.435455,116.0
3557,119.60781,116.0
3558,120.14018,110.99999999999999
3559,114.68755,98.0
3560,100.29083,82.99999999999999
3561,83.31672,70.0
3562,68.621506,63.0
3563,59.707115,61.0
3564,56.68884,61.0
3565,56.359764,61.0
3566,57.75248,61.0
3567,61.92643,60.0
3568,62.29112,60.0
3569,61.616516,60.0
3570,60.619232,60.0
3571,59.59503,59.0
3572,58.54549,59.0
3573,57.547634,58.0
3574,56.96748,58.0
3575,57.232143,58.0
3576,57.524643,58.0
3577,57.680836,58.0
3578,57.82509,58.0
3579,57.901062,58.0
3580,57.788803,58.0
3581,57.862305,58.0
3582,57.59308,58.0
3583,57.834347,57.0
3584,57.06344,56.0
3585,56.092464,55.0
3586,55.008682,55.0
3587,54.64914,55.0
3588,54.62097,55.0
3589,54.736736,55.0
3590,54.551075,55.0
3591,55.07139,55.0
3592,55.14056,55.0
3593,55.16621,55.0
3594,54.931667,55.0
3595,54.612698,55.0
3596,54.496468,56.0
3597,55.586147,56.0
3598,55.971382,55.0
3599,55.19703,55.0
3600,54.646526,55.0
3601,54.531067,55.0
3602,54.669292,55.0
3603,54.658524,55.0
3604,54.772774,55.0
3605,54.62713,56.0
3606,55.760788,58.0
3607,57.573467,61.0
3608,60.416645,64.0
3609,63.670856,66.0
3610,66.36142,66.99999999999999
3611,67.938545,66.99999999999999
3612,68.08144,66.0
3613,66.44471,66.0
3614,65.61317,65.0
3615,63.953323,64.0
3616,62.62515,63.0
3617,61.356308,63.0
3618,61.344868,62.0
3619,60.932888,61.0
3620,60.090237,61.0
3621,60.24287,61.0
3622,60.492355,61.0
3623,60.582893,61.0
3624,60.758873,61.0
3625,60.89514,61.0
3626,60.79399,61.0
3627,60.73637,61.0
3628,60.496807,61.0
3629,60.641098,61.0
3630,60.563915,61.0
3631,60.61114,61.0
3632,60.561916,61.0
3633,60.326958,62.0
3634,61.408813,62.0
3635,61.837017,63.0
3636,62.809677,63.0
3637,63.005047,63.0
3638,63.250034,63.0
3639,63.112175,63.0
3640,62.823044,63.0
3641,62.46511,63.0
3642,62.02186,63.0
3643,61.78046,63.0
3644,62.20791,62.0
3645,61.5218,61.0
3646,60.383415,60.0
3647,59.17186,59.0
3648,58.069225,58.0
3649,57.002758,57.0
3650,55.838264,57.0
3651,55.73083,56.0
3652,55.50074,55.0
3653,54.482697,54.0
3654,53.285667,53.0
3655,51.975746,52.0
3656,50.631603,51.0
3657,49.599106,50.0
3658,48.529526,48.0
3659,46.586555,46.0
3660,44.481625,43.0
3661,41.510635,42.0
3662,39.691383,40.0
3663,37.88071,40.0
3664,37.947872,40.0
3665,38.908306,40.0
3666,39.936726,41.0
3667,41.57309,43.0
3668,44.10861,44.0
3669,45.532074,45.0
3670,46.19806,46.0
3671,46.596844,46.0
3672,46.19261,46.0
3673,45.702404,47.0
3674,46.40093,49.0
3675,48.230785,50.0
3676,49.752914,51.0
3677,50.90568,52.0
3678,52.111298,52.0
3679,52.456425,53.0
3680,53.144814,54.0
3681,53.939434,55.0
3682,55.182972,55.0
3683,55.511604,56.0
3684,56.1873,57.0
3685,57.129215,58.0
3686,58.253174,59.0
3687,59.425064,60.0
3688,60.73973,61.0
3689,61.757107,62.0
3690,62.81727,63.0
3691,63.644478,64.0
3692,64.609726,65.0
3693,65.54059,66.0
3694,66.404785,66.0
3695,66.31533,66.99999999999999
3696,67.09382,68.0
3697,68.18951,68.0
3698,68.46911,68.0
3699,68.36763,68.0
3700,68.242615,68.0
3701,68.04404,68.0
3702,67.901855,68.0
3703,67.803734,68.0
3704,67.737366,66.99999999999999
3705,67.0154,66.99999999999999
3706,66.534454,66.99999999999999
3707,66.33377,66.99999999999999
3708,66.33641,66.0
3709,65.73625,66.0
3710,65.3464,66.0
3711,65.243225,65.0
3712,64.622894,64.0
3713,63.47192,63.0
3714,62.006744,62.0
3715,60.753815,61.0
3716,59.827312,61.0
3717,60.007366,60.0
3718,59.4841,60.0
3719,59.463543,59.0
3720,58.861237,59.0
3721,58.735996,59.0
3722,58.71391,59.0
3723,58.66635,60.0
3724,59.501225,60.0
3725,59.79325,60.0
3726,59.930676,60.0
3727,60.123837,59.0
3728,59.242107,59.0
3729,58.77664,59.0
3730,58.659718,59.0
3731,58.62035,59.0
3732,58.72324,59.0
3733,58.799236,59.0
3734,58.77551,59.0
3735,58.83617,59.0
3736,58.874603,59.0
3737,58.87023,60.0
3738,59.706703,61.0
3739,60.937317,62.0
3740,62.223293,63.0
3741,63.49243,63.0
3742,63.51899,63.0
3743,63.278214,63.0
3744,62.857006,62.0
3745,61.741528,62.0
3746,61.39608,61.0
3747,60.61124,60.0
3748,59.601242,60.0
3749,59.429188,60.0
3750,59.68015,60.0
3751,59.68461,61.0
3752,60.57058,61.0
3753,60.87802,61.0
3754,61.101357,61.0
3755,61.132336,61.0
3756,61.09559,61.0
3757,60.996506,61.0
3758,60.875534,61.0
3759,60.774086,61.0
3760,60.5144,61.0
3761,60.58519,61.0
3762,60.583954,61.0
3763,60.598476,61.0
3764,60.66703,61.0
3765,60.753754,61.0
3766,60.783726,61.0
3767,60.820007,61.0
3768,60.742878,60.0
3769,59.790363,60.0
3770,59.68141,60.0
3771,59.653442,59.0
3772,58.947086,59.0
3773,58.743805,59.0
3774,58.653763,59.0
3775,58.703438,59.0
3776,58.715416,59.0
3777,58.841618,59.0
3778,58.87581,58.0
3779,57.87646,58.0
3780,57.67364,58.0
3781,57.476166,58.0
3782,57.366398,58.0
3783,57.4027,57.0
3784,56.71254,57.0
3785,56.427654,57.0
3786,56.438686,57.0
3787,56.59151,57.0
3788,56.76631,56.0
3789,55.84617,56.0
3790,55.505924,56.0
3791,55.689774,55.0
3792,54.760048,55.0
3793,54.557495,55.0
3794,54.68442,55.0
3795,54.721573,55.0
3796,54.829178,55.0
3797,54.998398,55.0
3798,54.963272,55.0
3799,54.981434,55.0
3800,54.888462,55.0
3801,54.852123,55.0
3802,54.66666,55.0
3803,54.767796,55.0
3804,54.76142,55.0
3805,54.699684,54.0
3806,53.870872,54.0
3807,53.474823,54.0
3808,53.407654,54.0
3809,53.346424,54.0
3810,53.501186,54.0
3811,53.707092,54.0
3812,53.84667,54.0
3813,53.734566,54.0
3814,53.85587,54.0
3815,53.913563,54.0
3816,53.8779,54.0
3817,53.883408,54.0
3818,53.894142,54.0
3819,53.876846,54.0
3820,53.900238,54.0
3821,53.89502,54.0
3822,53.821228,54.0
3823,53.7465,54.0
3824,53.76056,54.0
3825,53.720684,54.0
3826,53.808964,54.0
3827,53.90313,54.0
3828,53.927517,54.0
3829,53.84783,54.0
3830,53.7492,54.0
3831,53.62186,54.0
3832,53.59506,54.0
3833,53.49836,54.0
3834,53.562416,54.0
3835,53.56834,54.0
3836,53.64299,54.0
3837,53.70721,54.0
3838,53.797775,54.0
3839,53.924713,55.0
3840,54.811672,56.0
3841,56.162544,56.0
3842,56.48985,57.0
3843,57.3035,59.0
3844,59.165726,60.0
3845,60.192837,61.0
3846,61.578804,62.0
3847,62.518204,63.0
3848,63.389854,64.0
3849,64.38937,65.0
3850,65.36176,66.0
3851,66.24207,66.99999999999999
3852,67.19905,68.0
3853,68.23152,69.00000000000001
3854,69.28286,69.00000000000001
3855,69.4742,70.0
3856,70.35418,70.99999999999999
3857,71.2482,72.0
3858,72.34435,73.00000000000001
3859,73.38941,73.00000000000001
3860,73.28939,73.00000000000001
3861,73.07949,74.0
3862,74.01907,74.0
3863,74.123726,74.0
3864,74.21465,74.0
3865,74.07383,74.0
3866,73.82137,74.0
3867,73.655,74.0
3868,73.546165,74.0
3869,73.81022,74.99999999999999
3870,74.75591,74.99999999999999
3871,75.05398,74.99999999999999
3872,74.86316,74.99999999999999
3873,74.827354,76.0
3874,75.620445,76.0
3875,76.0374,76.0
3876,75.99926,76.0
3877,75.982704,76.0
3878,75.96658,77.00000000000001
3879,76.89133,77.00000000000001
3880,76.98281,77.00000000000001
3881,77.031906,78.0
3882,77.706795,78.99999999999999
3883,78.823814,78.99999999999999
3884,79.23294,80.0
3885,80.13302,80.0
3886,80.105415,81.00000000000001
3887,81.159386,81.00000000000001
3888,81.417274,81.00000000000001
3889,81.34624,80.0
3890,80.12129,80.0
3891,79.623924,80.0
3892,79.38456,78.99999999999999
3893,78.719345,78.99999999999999
3894,78.51621,78.99999999999999
3895,78.5622,78.0
3896,77.72346,78.0
3897,77.58232,78.0
3898,77.489136,78.0
3899,77.553116,77.00000000000001
3900,76.847855,77.00000000000001
3901,76.60877,77.00000000000001
3902,76.48507,77.00000000000001
3903,76.48871,76.0
3904,75.637634,76.0
3905,75.39942,74.99999999999999
3906,74.43162,74.99999999999999
3907,74.14386,74.0
3908,73.30645,74.0
3909,73.29524,74.0
3910,73.3682,74.0
3911,73.73071,74.0
3912,73.86605,74.0
3913,74.08735,74.99999999999999
3914,74.9139,74.99999999999999
3915,75.17907,76.0
3916,76.07247,76.0
3917,76.1032,76.0
3918,76.19805,76.0
3919,76.098694,74.99999999999999
3920,75.1782,74.99999999999999
3921,74.64278,74.99999999999999
3922,74.58501,74.99999999999999
3923,74.65317,74.0
3924,73.63584,74.0
3925,73.57334,73.00000000000001
3926,72.64757,73.00000000000001
3927,72.41475,73.00000000000001
3928,72.225945,72.0
3929,71.29901,72.0
3930,71.176216,72.0
3931,71.29388,70.99999999999999
3932,70.66823,70.0
3933,69.51132,70.0
3934,69.319595,69.00000000000001
3935,68.443115,68.0
3936,67.35734,68.0
3937,67.09545,66.99999999999999
3938,66.31645,66.0
3939,65.53696,66.0
3940,65.415375,65.0
3941,64.94644,65.0
3942,64.745865,64.0
3943,63.84123,64.0
3944,63.50916,64.0
3945,63.473125,63.0
3946,62.799694,63.0
3947,62.54575,63.0
3948,62.63982,63.0
3949,62.690384,62.0
3950,61.81608,62.0
3951,61.54888,62.0
3952,61.56091,62.0
3953,61.73435,61.0
3954,60.953487,61.0
3955,60.644855,61.0
3956,60.571136,61.0
3957,60.588917,61.0
3958,60.749775,61.0
3959,60.829807,61.0
3960,60.82253,60.0
3961,60.033638,60.0
3962,59.78732,60.0
3963,59.79775,60.0
3964,59.981277,60.0
3965,59.900608,61.0
3966,60.628746,61.0
3967,60.58079,61.0
3968,60.912876,61.0
3969,61.03073,61.0
3970,61.083004,62.0
3971,61.713806,62.0
3972,61.881935,62.0
3973,62.01613,62.0
3974,61.820545,62.0
3975,61.887054,63.0
3976,62.640747,63.0
3977,62.924915,63.0
3978,63.049206,64.0
3979,63.89871,64.0
3980,64.1256,64.0
3981,63.953705,64.0
3982,63.780067,63.0
3983,63.031643,63.0
3984,62.93334,63.0
3985,62.78207,62.0
3986,61.948647,62.0
3987,61.64994,61.0
3988,60.701813,61.0
3989,60.39909,60.0
3990,59.482025,59.0
3991,58.563904,59.0
3992,58.228146,58.0
3993,57.44597,57.0
3994,56.376637,57.0
3995,56.18803,56.0
3996,55.35793,55.0
3997,54.404804,55.0
3998,54.226627,54.0
3999,53.189484,54.0
4000,52.941273,53.0
4001,52.040184,53.0
4002,51.954914,52.0
4003,51.25691,52.0
4004,51.23119,51.0
4005,50.57442,51.0
4006,50.196518,51.0
4007,50.292892,51.0
4008,50.808308,51.0
4009,50.92433,51.0
4010,50.97579,51.0
4011,51.044075,51.0
4012,50.901707,52.0
4013,51.67647,52.0
4014,51.894157,53.0
4015,52.588318,53.0
4016,53.138718,54.0
4017,53.867943,54.0
4018,54.09165,54.0
4019,53.99933,54.0
4020,54.106373,55.0
4021,54.89476,55.0
4022,54.97896,55.0
4023,55.180233,55.0
4024,55.05078,55.0
4025,54.85472,54.0
4026,53.620415,54.0
4027,53.39464,54.0
4028,53.557247,54.0
4029,53.697857,54.0
4030,53.88139,54.0
4031,54.203266,54.0
4032,54.170467,54.0
4033,54.057816,54.0
4034,54.00998,55.0
4035,54.68889,55.0
4036,54.768112,56.0
4037,55.68365,56.0
4038,55.92347,56.0
4039,55.896404,57.0
4040,56.674633,57.0
4041,56.91432,58.0
4042,57.73811,58.0
4043,58.16664,59.0
4044,59.071823,59.0
4045,59.295494,60.0
4046,60.082954,60.0
4047,60.263687,60.0
4048,60.17539,60.0
4049,59.987724,61.0
4050,60.72561,61.0
4051,61.10698,61.0
4052,61.153625,62.0
4053,61.988598,62.0
4054,62.058548,63.0
4055,62.9997,63.0
4056,63.1353,63.0
4057,62.98431,64.0
4058,63.682426,64.0
4059,63.790897,64.0
4060,63.77068,64.0
4061,63.852093,65.0
4062,64.61867,66.0
4063,65.64779,68.0
4064,67.60038,70.99999999999999
4065,70.433754,73.00000000000001
4066,73.041824,74.0
4067,74.59225,74.99999999999999
4068,75.564575,74.0
4069,74.96406,74.0
4070,74.35682,74.0
4071,73.458984,74.0
4072,73.16856,74.99999999999999
4073,74.23204,74.0
4074,73.61881,74.0
4075,73.27125,73.00000000000001
4076,72.421814,73.00000000000001
4077,72.18112,72.0
4078,71.17788,72.0
4079,71.24654,72.0
4080,71.49082,72.0
4081,71.659744,72.0
4082,71.718834,72.0
4083,71.688576,72.0
4084,71.635124,72.0
4085,71.637886,72.0
4086,71.59169,72.0
4087,71.46644,73.00000000000001
4088,72.350624,73.00000000000001
4089,72.60115,74.0
4090,73.605354,74.0
4091,73.8162,74.0
4092,73.70513,73.00000000000001
4093,72.860275,73.00000000000001
4094,72.432274,73.00000000000001
4095,72.35279,73.00000000000001
4096,72.34956,73.00000000000001
4097,72.36386,73.00000000000001
4098,72.42521,73.00000000000001
4099,72.44879,73.00000000000001
4100,72.290955,73.00000000000001
4101,72.38176,72.0
4102,71.64727,72.0
4103,71.533226,70.99999999999999
4104,70.44104,70.99999999999999
4105,70.42154,70.99999999999999
4106,70.45774,70.99999999999999
4107,70.62533,70.99999999999999
4108,70.66435,70.99999999999999
4109,70.5556,70.99999999999999
4110,70.842316,70.0
4111,69.886536,66.99999999999999
4112,66.99113,63.0
4113,62.735332,60.0
4114,58.945484,58.0
4115,56.225395,57.0
4116,55.3461,57.0
4117,55.523865,56.0
4118,55.357723,56.0
4119,55.85203,56.0
4120,56.23521,55.0
4121,55.33281,55.0
4122,54.66328,55.0
4123,54.149353,55.0
4124,54.278275,55.0
4125,54.261383,55.0
4126,54.48325,55.0
4127,54.563908,55.0
4128,54.680973,55.0
4129,54.63192,55.0
4130,54.69788,56.0
4131,55.575207,55.0
4132,55.113117,55.0
4133,54.868797,55.0
4134,54.64024,55.0
4135,54.80598,55.0
4136,54.694706,55.0
4137,54.905937,55.0
4138,54.907352,55.0
4139,54.78741,55.0
4140,55.016804,55.0
4141,55.036545,55.0
4142,54.780922,56.0
4143,55.781265,55.0
4144,55.395237,55.0
4145,54.881557,55.0
4146,54.76005,55.0
4147,54.672638,54.0
4148,53.590855,54.0
4149,53.27139,53.0
4150,52.38334,53.0
4151,52.460045,53.0
4152,52.570385,53.0
4153,52.89642,53.0
4154,52.859886,54.0
4155,53.7457,54.0
4156,54.031326,55.0
4157,54.904087,54.0
4158,54.46297,53.0
4159,53.097492,50.0
4160,50.189125,47.0
4161,46.197456,43.0
4162,41.37191,41.0
4163,38.743416,39.0
4164,36.716045,39.0
4165,37.06051,38.0
4166,37.300396,38.0
4167,37.99488,38.0
4168,38.46315,39.0
4169,39.662483,39.0
4170,39.740074,40.0
4171,40.196682,40.0
4172,40.224377,39.0
4173,38.840263,39.0
4174,37.8878,38.0
4175,36.863472,37.0
4176,35.914944,37.0
4177,36.030384,38.0
4178,37.616726,39.0
4179,39.48629,40.0
4180,40.99312,42.0
4181,42.794727,44.0
4182,44.96992,48.0
4183,48.678276,53.0
4184,53.656948,58.0
4185,59.12057,62.0
4186,63.701073,64.0
4187,66.247505,64.0
4188,66.51188,65.0
4189,66.27123,65.0
4190,65.52959,65.0
4191,64.70464,66.0
4192,65.21559,66.0
4193,65.666595,66.0
4194,65.98387,66.0
4195,66.12744,66.99999999999999
4196,67.27748,68.0
4197,68.46692,69.00000000000001
4198,69.370346,69.00000000000001
4199,69.30757,70.0
4200,70.16542,70.0
4201,70.23707,70.0
4202,70.140045,70.0
4203,70.230606,70.0
4204,70.12072,70.0
4205,70.02162,69.00000000000001
4206,69.10006,66.0
4207,66.08719,62.0
4208,61.515,58.0
4209,56.84176,55.0
4210,52.9253,54.0
4211,51.791744,53.0
4212,50.984905,54.0
4213,52.152325,54.0
4214,53.241497,54.0
4215,54.647297,55.0
4216,55.883244,55.0
4217,55.94514,55.0
4218,55.33293,55.0
4219,54.8328,56.0
4220,55.7784,56.0
4221,55.990353,56.0
4222,56.074207,56.0
4223,56.036087,56.0
4224,55.987595,57.0
4225,56.78428,57.0
4226,56.943077,57.0
4227,56.95492,57.0
4228,56.865734,57.0
4229,56.988747,58.0
4230,57.72211,59.0
4231,58.780167,61.0
4232,60.728634,64.0
4233,63.478584,66.0
4234,65.91436,66.99999999999999
4235,67.57698,66.99999999999999
4236,68.03787,66.99999999999999
4237,67.65645,66.99999999999999
4238,67.391106,66.99999999999999
4239,67.0551,66.99999999999999
4240,66.41999,66.99999999999999
4241,66.19524,66.0
4242,65.29754,66.0
4243,65.143196,66.0
4244,65.334435,65.0
4245,64.582344,64.0
4246,63.532917,63.0
4247,62.270775,63.0
4248,62.28876,63.0
4249,62.30609,63.0
4250,62.617622,62.0
4251,61.88606,62.0
4252,61.763935,62.0
4253,61.700836,62.0
4254,61.922417,64.0
4255,63.55886,66.99999999999999
4256,66.35498,70.0
4257,69.65351,72.0
4258,72.37708,73.00000000000001
4259,73.812996,72.0
4260,73.241776,70.99999999999999
4261,71.585815,70.0
4262,69.53382,69.00000000000001
4263,67.394485,66.99999999999999
4264,65.048164,66.0
4265,63.563507,64.0
4266,61.694458,63.0
4267,61.067463,61.0
4268,59.654655,60.0
4269,58.867916,58.0
4270,57.185966,57.0
4271,55.9978,56.0
4272,55.04093,56.0
4273,55.077824,55.0
4274,54.432594,55.0
4275,54.504353,55.0
4276,54.734768,55.0
4277,54.883984,57.0
4278,56.836994,65.0
4279,63.709206,78.0
4280,76.13423,94.0
4281,94.10497,108.0
4282,114.24726,114.0
4283,124.84279,114.0
4284,124.27606,112.0
4285,118.31954,108.0
4286,109.44564,105.00000000000001
4287,103.00234,101.00000000000001
4288,97.65661,98.99999999999999
4289,93.84331,97.00000000000001
4290,92.636505,96.0
4291,93.35246,94.99999999999999
4292,94.00672,94.99999999999999
4293,95.01956,94.99999999999999
4294,95.29548,94.99999999999999
4295,95.31396,96.0
4296,96.17873,96.0
4297,96.041435,94.99999999999999
4298,95.20591,94.99999999999999
4299,95.04477,94.0
4300,94.219765,93.00000000000001
4301,93.07845,92.0
4302,91.69677,88.0
4303,87.810234,80.0
4304,79.877266,72.0
4305,70.795525,64.0
4306,62.871304,61.0
4307,58.067036,60.0
4308,56.381493,60.0
4309,56.871967,60.0
4310,58.42392,61.0
4311,60.89349,61.0
4312,62.94743,61.0
4313,62.5744,62.0
4314,62.625977,62.0
4315,61.755257,62.0
4316,61.460056,63.0
4317,62.34338,63.0
4318,62.63162,64.0
4319,67.13679,64.0
4320,71.095245,63.0
4321,69.96353,63.0
4322,68.44967,63.0
4323,67.88599,63.0
4324,67.010345,63.0
4325,66.11185,63.0
4326,65.35036,62.0
4327,64.04636,60.0
4328,62.068253,58.0
4329,59.536316,56.0
4330,57.03472,55.0
4331,55.50945,55.0
4332,55.142467,55.0
4333,55.24625,56.0
4334,56.345398,56.0
4335,57.32423,56.0
4336,57.37362,56.0
4337,57.283463,56.0
4338,56.7237,56.0
4339,56.36246,56.0
4340,56.133354,56.0
4341,56.052414,56.0
4342,56.230404,56.0
4343,55.897785,57.0
4344,56.76491,57.0
4345,57.037617,58.0
4346,57.91358,58.0
4347,58.080643,58.0
4348,58.004745,58.0
4349,58.011257,59.0
4350,58.88985,62.0
4351,61.716232,66.99999999999999
4352,66.98143,73.00000000000001
4353,73.623955,78.0
4354,79.63912,81.00000000000001
4355,83.92928,82.0
4356,85.18597,82.99999999999999
4357,85.40595,84.0
4358,85.20148,84.0
4359,84.03166,85.00000000000001
4360,84.237785,85.00000000000001
4361,84.33497,86.0
4362,85.35696,86.0
4363,85.71691,86.99999999999999
4364,86.95034,88.0
4365,88.20576,89.00000000000001
4366,89.35128,89.00000000000001
4367,89.55586,90.0
4368,90.388794,89.00000000000001
4369,89.379845,89.00000000000001
4370,88.87641,88.0
4371,87.58694,86.99999999999999
4372,86.32876,86.0
4373,85.24356,84.0
4374,83.34563,82.99999999999999
4375,81.985794,82.0
4376,80.92281,81.00000000000001
4377,79.95841,80.0
4378,79.1353,78.99999999999999
4379,78.11073,78.0
4380,77.26772,77.00000000000001
4381,76.250145,76.0
4382,75.2105,74.99999999999999
4383,73.9771,74.99999999999999
4384,73.807335,73.00000000000001
4385,71.90462,72.0
4386,70.35667,70.99999999999999
4387,69.23647,69.00000000000001
4388,67.49855,66.99999999999999
4389,65.680405,65.0
4390,63.669308,64.0
4391,62.66391,63.0
4392,61.99429,63.0
4393,61.949387,63.0
4394,62.454357,63.0
4395,62.742348,63.0
4396,62.850887,63.0
4397,62.84484,63.0
4398,62.77391,63.0
4399,62.99241,63.0
4400,62.993023,63.0
4401,62.964844,63.0
4402,62.917217,63.0
4403,62.88152,63.0
4404,62.922237,64.0
4405,63.75622,64.0
4406,64.06427,65.0
4407,65.10675,65.0
4408,65.35549,65.0
4409,65.3478,66.0
4410,66.130714,66.0
4411,66.23076,66.99999999999999
4412,67.17689,66.99999999999999
4413,67.38023,68.0
4414,68.237495,68.0
4415,68.32593,69.00000000000001
4416,69.0578,69.00000000000001
4417,69.114784,70.0
4418,70.00639,70.99999999999999
4419,71.24023,72.0
4420,72.26878,72.0
4421,72.4293,73.00000000000001
4422,73.05759,74.0
4423,74.08179,74.0
4424,74.35523,74.99999999999999
4425,75.10661,74.99999999999999
4426,75.233536,74.99999999999999
4427,75.27178,76.0
4428,76.052925,76.0
4429,76.087524,76.0
4430,76.02975,76.0
4431,75.8167,77.00000000000001
4432,76.59001,77.00000000000001
4433,76.75822,77.00000000000001
4434,76.81796,77.00000000000001
4435,76.93434,77.00000000000001
4436,76.864075,77.00000000000001
4437,76.86278,77.00000000000001
4438,76.81736,76.0
4439,75.784966,76.0
4440,75.55379,76.0
4441,75.54577,76.0
4442,75.72825,76.0
4443,75.98418,76.0
4444,75.767494,76.0
4445,75.76965,76.0
4446,75.80967,76.0
4447,75.89632,74.99999999999999
4448,75.0248,74.99999999999999
4449,74.79641,74.0
4450,73.835594,74.0
4451,73.535736,74.0
4452,73.474304,74.0
4453,73.55312,74.0
4454,73.507576,74.0
4455,73.70651,74.0
4456,73.67376,73.00000000000001
4457,72.842865,73.00000000000001
4458,72.52488,73.00000000000001
4459,72.38107,73.00000000000001
4460,72.52316,74.0
4461,73.62614,74.0
4462,73.618324,74.0
4463,73.96176,73.00000000000001
4464,73.2285,73.00000000000001
4465,73.043526,72.0
4466,71.80753,72.0
4467,71.28586,70.99999999999999
4468,70.31626,70.0
4469,69.2771,70.0
4470,69.02447,69.00000000000001
4471,68.48763,69.00000000000001
4472,68.26382,69.00000000000001
4473,68.30309,69.00000000000001
4474,68.35929,68.0
4475,67.8052,68.0
4476,67.66808,66.99999999999999
4477,66.65447,66.0
4478,65.78491,65.0
4479,64.24506,65.0
4480,64.069916,64.0
4481,63.124535,63.0
4482,62.211742,63.0
4483,62.235397,62.0
4484,61.52085,61.0
4485,60.55427,61.0
4486,60.61867,60.0
4487,59.801758,60.0
4488,59.52838,60.0
4489,59.47302,60.0
4490,59.68278,60.0
4491,59.7593,60.0
4492,59.85669,60.0
4493,59.85337,60.0
4494,59.905132,60.0
4495,59.640892,59.0
4496,58.63333,59.0
4497,58.295204,58.0
4498,57.383068,58.0
4499,57.216564,58.0
4500,57.280815,58.0
4501,57.567043,59.0
4502,58.560566,59.0
4503,59.382248,60.0
4504,60.173634,60.0
4505,60.39834,60.0
4506,60.160362,61.0
4507,60.88105,61.0
4508,61.082333,61.0
4509,60.997543,61.0
4510,60.8004,61.0
4511,60.891483,61.0
4512,60.762398,62.0
4513,61.92113,62.0
4514,62.11053,62.0
4515,62.226818,62.0
4516,62.1428,62.0
4517,62.023907,62.0
4518,61.927006,62.0
4519,61.84982,62.0
4520,61.792202,62.0
4521,61.72287,62.0
4522,61.70107,62.0
4523,61.778954,61.0
4524,60.94378,61.0
4525,60.612827,60.0
4526,59.66717,60.0
4527,59.220337,60.0
4528,59.054077,60.0
4529,59.273674,60.0
4530,59.52663,60.0
4531,59.596916,60.0
4532,59.655582,60.0
4533,59.621845,60.0
4534,59.667362,60.0
4535,59.730675,60.0
4536,59.82464,60.0
4537,59.845043,59.0
4538,59.000862,59.0
4539,58.75218,58.0
4540,57.836826,58.0
4541,57.41562,57.0
4542,56.59125,57.0
4543,56.294495,57.0
4544,56.51034,58.0
4545,57.509197,58.0
4546,58.02141,58.0
4547,58.265606,59.0
4548,58.874676,59.0
4549,59.124416,59.0
4550,59.09843,59.0
4551,59.03302,59.0
4552,58.71085,59.0
4553,58.52065,59.0
4554,58.59944,58.0
4555,57.684105,58.0
4556,57.453262,57.0
4557,56.725727,57.0
4558,56.517426,56.0
4559,55.527588,55.0
4560,54.542587,55.0
4561,54.403126,55.0
4562,54.407093,54.0
4563,53.661957,54.0
4564,53.423347,54.0
4565,53.397114,53.0
4566,52.702995,52.0
4567,51.65341,52.0
4568,51.13352,50.0
4569,49.416847,49.0
4570,47.94353,48.0
4571,46.52593,48.0
4572,46.462868,47.0
4573,45.930683,47.0
4574,46.25715,46.0
4575,45.61549,46.0
4576,45.55364,45.0
4577,44.58076,44.0
4578,43.488636,44.0
4579,43.234825,44.0
4580,43.496567,44.0
4581,44.008236,44.0
4582,44.35354,44.0
4583,44.324547,44.0
4584,44.103848,44.0
4585,43.84425,44.0
4586,43.63916,44.0
4587,43.564583,44.0
4588,43.568512,44.0
4589,43.7653,45.0
4590,44.615383,45.0
4591,44.882114,45.0
4592,45.18397,46.0
4593,45.571156,46.0
4594,45.83842,46.0
4595,45.770645,46.0
4596,45.734627,45.0
4597,44.611477,46.0
4598,45.08089,46.0
4599,45.543873,47.0
4600,46.930656,48.0
4601,48.577435,50.0
4602,50.74802,51.0
4603,52.211792,51.0
4604,52.168777,52.0
4605,52.51031,52.0
4606,52.2976,53.0
4607,52.893764,53.0
4608,52.942295,53.0
4609,52.897514,53.0
4610,52.849487,53.0
4611,52.888687,54.0
4612,53.64741,54.0
4613,53.926434,54.0
4614,54.03016,54.0
4615,54.07185,54.0
4616,53.863216,54.0
4617,54.09864,53.0
4618,53.07653,53.0
4619,52.768055,53.0
4620,52.394535,53.0
4621,52.33805,52.0
4622,51.50236,52.0
4623,51.290154,52.0
4624,51.380836,51.0
4625,50.590637,50.0
4626,49.16176,50.0
4627,48.88607,48.0
4628,47.046696,47.0
4629,45.60267,46.0
4630,44.60818,45.0
4631,43.81204,44.0
4632,43.123833,43.0
4633,42.29822,42.0
4634,41.337505,42.0
4635,41.285473,42.0
4636,41.510704,41.0
4637,40.74276,41.0
4638,40.42189,41.0
4639,40.309155,41.0
4640,40.287334,41.0
4641,40.682396,42.0
4642,41.709106,43.0
4643,43.01323,44.0
4644,44.423058,45.0
4645,45.79879,46.0
4646,46.828674,47.0
4647,47.617947,49.0
4648,49.427273,50.0
4649,50.643623,51.0
4650,51.629974,51.0
4651,51.686996,51.0
4652,51.210423,51.0
4653,51.076153,52.0
4654,51.77671,52.0
4655,52.21149,52.0
4656,52.350315,53.0
4657,53.317684,54.0
4658,54.420425,55.0
4659,55.47041,55.0
4660,55.64096,56.0
4661,56.351833,57.0
4662,57.323086,58.0
4663,58.21494,59.0
4664,59.219322,60.0
4665,60.182224,60.0
4666,60.528553,61.0
4667,61.078415,61.0
4668,61.40502,62.0
4669,62.14404,62.0
4670,62.225136,62.0
4671,62.304653,63.0
4672,62.986477,63.0
4673,63.07883,64.0
4674,63.970367,65.0
4675,65.07495,66.0
4676,66.37714,66.99999999999999
4677,67.422966,68.0
4678,68.488884,69.00000000000001
4679,69.53667,70.0
4680,70.527954,70.99999999999999
4681,71.313354,72.0
4682,72.36817,73.00000000000001
4683,73.314644,74.0
4684,74.34591,74.99999999999999
4685,75.37323,76.0
4686,76.40749,77.00000000000001
4687,77.45911,77.00000000000001
4688,77.5887,78.0
4689,78.34013,78.99999999999999
4690,79.2495,80.0
4691,80.238144,81.00000000000001
4692,81.216965,82.0
4693,82.30156,82.99999999999999
4694,83.20949,84.0
4695,84.43377,85.00000000000001
4696,85.62213,86.0
4697,86.51162,86.0
4698,86.47381,86.0
4699,86.278824,86.99999999999999
4700,86.73624,86.99999999999999
4701,86.92057,86.99999999999999
4702,87.129364,86.99999999999999
4703,87.15447,88.0
4704,88.14922,88.0
4705,88.299416,88.0
4706,88.17051,88.0
4707,87.93981,88.0
4708,87.90737,89.00000000000001
4709,88.75759,89.00000000000001
4710,88.99235,89.00000000000001
4711,88.90409,89.00000000000001
4712,88.86629,89.00000000000001
4713,88.81019,89.00000000000001
4714,88.8256,89.00000000000001
4715,88.71299,88.0
4716,87.852005,88.0
4717,87.65453,88.0
4718,87.40414,86.99999999999999
4719,86.66885,86.99999999999999
4720,86.16553,86.0
4721,85.332825,86.0
4722,84.80065,86.0
4723,85.09764,86.0
4724,85.608955,86.0
4725,86.03429,86.99999999999999
4726,87.24002,86.0
4727,86.44897,86.0
4728,86.19752,86.0
4729,85.99422,86.0
4730,86.07658,86.0
4731,86.003006,86.99999999999999
4732,86.774345,88.0
4733,88.15539,89.00000000000001
4734,89.29767,90.0
4735,90.33249,92.0
4736,92.30979,93.00000000000001
4737,93.53583,94.0
4738,94.5349,94.99999999999999
4739,95.70091,97.00000000000001
4740,97.46823,100.0
4741,100.491905,102.99999999999999
4742,103.91182,106.99999999999999
4743,108.88782,113.00000000000001
4744,115.42585,118.0
4745,120.57523,122.99999999999999
4746,124.66884,126.99999999999999
4747,127.391754,131.0
4748,130.73155,136.0
4749,136.0872,141.99999999999997
4750,142.61963,146.00000000000003
4751,147.63094,149.99999999999997
4752,151.97707,151.0
4753,152.70773,152.0
4754,152.7251,151.0
4755,150.28268,149.0
4756,149.33011,144.0
4757,143.98677,135.0
4758,133.71826,124.0
4759,122.367355,113.00000000000001
4760,111.231544,104.0
4761,101.90902,98.99999999999999
4762,96.19632,96.0
4763,92.91166,94.0
4764,90.71662,92.0
4765,89.55728,90.99999999999999
4766,88.9941,90.0
4767,88.68541,90.0
4768,89.4557,89.00000000000001
4769,88.73706,89.00000000000001
4770,88.27776,88.0
4771,86.89175,88.0
4772,86.54861,86.99999999999999
4773,86.05218,86.0
4774,85.32467,85.00000000000001
4775,84.23789,84.0
4776,83.43391,82.99999999999999
4777,82.46644,81.00000000000001
4778,80.43949,81.00000000000001
4779,80.14218,80.0
4780,79.30712,80.0
4781,79.1775,80.0
4782,79.36566,78.99999999999999
4783,78.6575,77.00000000000001
4784,76.724396,74.99999999999999
4785,74.47353,73.00000000000001
4786,72.044556,70.99999999999999
4787,69.78192,70.99999999999999
4788,69.69884,70.99999999999999
4789,69.95967,70.99999999999999
4790,70.151764,70.99999999999999
4791,70.62994,70.99999999999999
4792,70.99775,72.0
4793,72.12694,72.0
4794,72.5822,73.00000000000001
4795,73.144714,74.0
4796,73.932915,74.0
4797,74.30543,74.99999999999999
4798,75.18425,76.0
4799,76.310684,76.0
4800,76.475716,76.0
4801,76.17839,76.0
4802,75.804665,76.0
4803,75.773285,76.0
4804,75.85084,76.0
4805,75.77477,76.0
4806,75.46533,76.0
4807,75.42847,74.99999999999999
4808,74.74974,74.0
4809,73.55592,73.00000000000001
4810,72.2833,73.00000000000001
4811,72.266754,74.0
4812,73.075775,74.99999999999999
4813,74.20068,74.99999999999999
4814,74.76103,76.0
4815,76.039764,77.00000000000001
4816,77.37046,77.00000000000001
4817,77.434006,78.0
4818,77.95574,78.0
4819,78.18628,78.99999999999999
4820,79.01417,80.0
4821,80.06585,81.00000000000001
4822,80.97253,82.0
4823,82.22148,82.99999999999999
4824,83.45877,82.99999999999999
4825,83.65608,84.0
4826,84.16586,84.0
4827,83.9448,84.0
4828,83.97867,85.00000000000001
4829,84.689285,84.0
4830,84.004395,80.0
4831,79.90048,73.00000000000001
4832,72.292015,66.0
4833,64.28454,59.0
4834,56.834522,56.0
4835,52.89059,55.0
4836,51.36662,55.0
4837,51.840656,55.0
4838,53.641785,56.0
4839,56.42,56.0
4840,58.043167,57.0
4841,58.703712,57.0
4842,57.97509,57.0
4843,56.73292,57.0
4844,56.75719,58.0
4845,57.520916,58.0
4846,57.756943,58.0
4847,57.82428,58.0
4848,57.92436,58.0
4849,57.87163,58.0
4850,57.854794,58.0
4851,57.802788,58.0
4852,57.738686,58.0
4853,57.711906,58.0
4854,57.787952,57.0
4855,56.933228,56.0
4856,56.010426,55.0
4857,54.77377,55.0
4858,54.244305,55.0
4859,54.256245,55.0
4860,54.513214,55.0
4861,54.95673,55.0
4862,55.092247,55.0
4863,55.05705,55.0
4864,54.80202,55.0
4865,54.648994,55.0
4866,54.579075,55.0
4867,54.714554,56.0
4868,55.7749,56.0
4869,56.337387,57.0
4870,57.379288,57.0
4871,57.382286,58.0
4872,58.07493,58.0
4873,58.081173,59.0
4874,58.82646,59.0
4875,58.927284,59.0
4876,58.912018,59.0
4877,58.810905,59.0
4878,58.894737,59.0
4879,58.869682,57.0
4880,57.23591,55.0
4881,54.93406,53.0
4882,52.601162,52.0
4883,51.178303,53.0
4884,51.86439,53.0
4885,52.29786,54.0
4886,53.643562,54.0
4887,54.592136,54.0
4888,54.827793,54.0
4889,54.37046,55.0
4890,54.73788,55.0
4891,54.652355,55.0
4892,54.536903,55.0
4893,54.693558,55.0
4894,54.87316,55.0
4895,54.97905,56.0
4896,56.05596,56.0
4897,56.359207,57.0
4898,57.11845,58.0
4899,58.093452,58.0
4900,58.204536,58.0
4901,58.154278,59.0
4902,58.770092,60.0
4903,59.797703,62.0
4904,61.775185,64.0
4905,64.026764,65.0
4906,65.50313,66.0
4907,66.60806,66.0
4908,66.65553,66.0
4909,66.59351,65.0
4910,65.342926,65.0
4911,64.6265,65.0
4912,64.179855,64.0
4913,63.03667,64.0
4914,62.852962,63.0
4915,62.207592,62.0
4916,61.291046,61.0
4917,60.27105,60.0
4918,59.13104,60.0
4919,59.264656,60.0
4920,59.706337,59.0
4921,59.064865,59.0
4922,58.829247,59.0
4923,58.734264,59.0
4924,58.90792,59.0
4925,58.952282,60.0
4926,59.589287,60.0
4927,60.057686,60.0
4928,60.150734,60.0
4929,60.12993,60.0
4930,60.173893,60.0
4931,59.882572,60.0
4932,59.806507,60.0
4933,59.784878,60.0
4934,59.79711,60.0
4935,59.821358,60.0
4936,59.869057,59.0
4937,58.821037,59.0
4938,58.44182,59.0
4939,58.63448,58.0
4940,57.656715,58.0
4941,57.12658,58.0
4942,57.120964,57.0
4943,56.377556,57.0
4944,56.28439,56.0
4945,55.438904,55.0
4946,54.232193,55.0
4947,54.071766,54.0
4948,53.19519,53.0
4949,52.32961,53.0
4950,52.15542,54.0
4951,53.040173,56.0
4952,55.289158,58.0
4953,57.735146,60.0
4954,60.049625,61.0
4955,61.424587,61.0
4956,61.56865,60.0
4957,60.451134,60.0
4958,59.622303,60.0
4959,59.224995,60.0
4960,59.268604,60.0
4961,59.45283,59.0
4962,58.713936,58.0
4963,57.759666,57.0
4964,56.411015,57.0
4965,56.147102,57.0
4966,56.38911,57.0
4967,56.74167,56.0
4968,55.943382,56.0
4969,55.708534,56.0
4970,55.67804,56.0
4971,55.63206,56.0
4972,55.73616,57.0
4973,56.520798,57.0
4974,56.71641,56.0
4975,56.218002,56.0
4976,55.873337,56.0
4977,55.67828,56.0
4978,55.59065,55.0
4979,54.679756,55.0
4980,54.310642,55.0
4981,54.3067,54.0
4982,53.548862,54.0
4983,53.44681,53.0
4984,52.543728,52.0
4985,51.073895,51.0
4986,49.79224,50.0
4987,48.55944,49.0
4988,47.5818,48.0
4989,46.732132,47.0
4990,46.004322,45.0
4991,44.127113,44.0
4992,42.780544,43.0
4993,41.725365,43.0
4994,41.794323,42.0
4995,41.29563,43.0
4996,42.23521,43.0
4997,42.70761,45.0
4998,44.912296,50.0
4999,50.168434,60.0
5000,59.57536,72.0
5001,71.873245,82.0
5002,84.20324,86.0
5003,90.98628,86.99999999999999
5004,92.794,86.0
5005,90.92378,85.00000000000001
5006,87.95601,84.0
5007,84.693016,82.99999999999999
5008,81.31749,82.0
5009,79.61182,81.00000000000001
5010,78.403534,81.00000000000001
5011,79.09959,81.00000000000001
5012,79.61731,81.00000000000001
5013,79.83699,80.0
5014,79.18292,80.0
5015,79.19014,78.99999999999999
5016,78.26086,77.00000000000001
5017,76.66487,76.0
5018,75.58423,74.99999999999999
5019,74.312996,74.0
5020,73.19377,73.00000000000001
5021,72.1217,72.0
5022,71.53405,70.99999999999999
5023,70.400185,68.0
5024,67.75863,65.0
5025,64.70183,63.0
5026,62.294464,62.0
5027,60.85084,62.0
5028,60.591415,62.0
5029,61.012997,62.0
5030,61.452236,62.0
5031,61.90511,62.0
5032,62.262253,62.0
5033,62.11437,62.0
5034,61.711708,63.0
5035,62.47948,63.0
5036,62.78852,63.0
5037,62.889435,62.0
5038,61.818047,62.0
5039,61.44528,62.0
5040,61.394608,61.0
5041,60.698734,61.0
5042,60.632423,61.0
5043,60.66389,60.0
5044,59.881313,60.0
5045,59.7807,60.0
5046,59.52296,60.0
5047,59.753414,61.0
5048,60.421474,61.0
5049,60.93946,61.0
5050,60.934967,62.0
5051,61.928417,61.0
5052,61.29565,61.0
5053,60.989807,61.0
5054,60.79488,61.0
5055,60.644653,61.0
5056,60.586266,61.0
5057,60.513336,61.0
5058,60.487762,60.0
5059,59.59787,60.0
5060,59.412758,60.0
5061,59.529774,59.0
5062,58.532852,59.0
5063,58.291195,58.0
5064,57.633656,58.0
5065,57.406578,57.0
5066,56.62334,57.0
5067,56.38021,57.0
5068,56.55526,57.0
5069,56.38267,58.0
5070,57.579628,59.0
5071,58.760418,63.0
5072,62.492077,66.0
5073,66.28384,70.0
5074,70.17781,72.0
5075,72.98599,73.00000000000001
5076,74.34789,73.00000000000001
5077,74.277145,74.0
5078,74.518364,74.0
5079,74.06742,74.99999999999999
5080,74.44526,74.99999999999999
5081,74.537796,76.0
5082,75.61247,76.0
5083,75.92442,76.0
5084,75.986145,77.00000000000001
5085,76.8426,77.00000000000001
5086,77.090454,77.00000000000001
5087,77.07532,77.00000000000001
5088,76.96085,78.0
5089,77.80169,78.99999999999999
5090,79.0138,78.99999999999999
5091,79.08491,80.0
5092,80.008446,80.0
5093,79.88,80.0
5094,79.833565,80.0
5095,79.955154,80.0
5096,79.79739,80.0
5097,79.73094,80.0
5098,79.61987,80.0
5099,79.71491,81.00000000000001
5100,80.66622,81.00000000000001
5101,80.97017,82.0
5102,81.89378,82.99999999999999
5103,83.16141,82.99999999999999
5104,83.36274,82.99999999999999
5105,83.014015,84.0
5106,83.5591,84.0
5107,83.76033,84.0
5108,83.90025,85.00000000000001
5109,85.09869,85.00000000000001
5110,85.301056,85.00000000000001
5111,85.074066,84.0
5112,83.90889,84.0
5113,83.796875,84.0
5114,83.70469,84.0
5115,83.604324,84.0
5116,83.49786,84.0
5117,83.57291,84.0
5118,83.76377,84.0
5119,83.989044,84.0
5120,83.60887,85.00000000000001
5121,84.39278,85.00000000000001
5122,84.82628,85.00000000000001
5123,85.04414,85.00000000000001
5124,84.84722,84.0
5125,83.91984,82.99999999999999
5126,82.789536,82.0
5127,81.15852,81.00000000000001
5128,79.97226,80.0
5129,78.74357,78.99999999999999
5130,77.63691,78.0
5131,76.79191,77.00000000000001
5132,75.971306,77.00000000000001
5133,76.171844,76.0
5134,75.51751,76.0
5135,75.42952,74.99999999999999
5136,74.5783,74.99999999999999
5137,74.3973,74.0
5138,73.454765,73.00000000000001
5139,72.412186,73.00000000000001
5140,72.30023,72.0
5141,71.43187,70.0
5142,69.554344,69.00000000000001
5143,68.06621,66.99999999999999
5144,66.39006,66.0
5145,65.08016,65.0
5146,64.09521,64.0
5147,62.91502,63.0
5148,62.166695,63.0
5149,62.288467,63.0
5150,62.45383,62.0
5151,61.798702,62.0
5152,61.413906,61.0
5153,60.298748,61.0
5154,60.02134,60.0
5155,59.26097,60.0
5156,59.22497,59.0
5157,58.45632,58.0
5158,57.485664,58.0
5159,57.268276,57.0
5160,56.49179,57.0
5161,56.441463,57.0
5162,56.60682,58.0
5163,57.52616,59.0
5164,58.80574,59.0
5165,59.19581,60.0
5166,60.138283,60.0
5167,60.34937,61.0
5168,61.189846,62.0
5169,62.039204,63.0
5170,63.076283,64.0
5171,64.12271,65.0
5172,65.267944,65.0
5173,65.390785,66.0
5174,66.160675,66.99999999999999
5175,67.26027,68.0
5176,68.38652,69.00000000000001
5177,69.38437,70.0
5178,70.294174,70.99999999999999
5179,71.60058,72.0
5180,72.51915,73.00000000000001
5181,73.77142,74.0
5182,74.68994,74.99999999999999
5183,75.47884,77.00000000000001
5184,77.0467,78.0
5185,77.89479,78.99999999999999
5186,78.80739,80.0
5187,79.8685,81.00000000000001
5188,80.99528,81.00000000000001
5189,81.28955,82.0
5190,81.98534,82.99999999999999
5191,83.034195,84.0
5192,84.297325,85.00000000000001
5193,85.38142,85.00000000000001
5194,85.47213,86.0
5195,86.18784,88.0
5196,88.00668,89.00000000000001
5197,89.14805,90.0
5198,90.23727,90.99999999999999
5199,91.61028,92.0
5200,92.6515,94.0
5201,94.447334,96.0
5202,96.7006,98.99999999999999
5203,100.10262,104.0
5204,106.15607,110.0
5205,113.58604,117.00000000000001
5206,122.02228,124.0
5207,129.5012,129.0
5208,133.5422,131.0
5209,135.05482,129.0
5210,131.1561,122.99999999999999
5211,125.08332,116.0
5212,118.88908,110.0
5213,111.51376,106.0
5214,106.073006,106.99999999999999
5215,105.81124,110.99999999999999
5216,109.44459,116.0
5217,115.680244,120.0
5218,121.57635,121.00000000000001
5219,123.47309,118.99999999999999
5220,122.10676,114.99999999999999
5221,117.736176,109.00000000000001
5222,110.1657,104.0
5223,102.19987,101.00000000000001
5224,97.3668,98.99999999999999
5225,94.51981,98.0
5226,94.4244,97.00000000000001
5227,95.32077,96.0
5228,95.66036,94.99999999999999
5229,95.08011,94.99999999999999
5230,94.54875,94.0
5231,93.53742,94.0
5232,93.26551,93.00000000000001
5233,92.73486,93.00000000000001
5234,92.845726,93.00000000000001
5235,92.84602,94.0
5236,93.59219,94.0
5237,93.97645,94.0
5238,94.0474,94.0
5239,93.74774,93.00000000000001
5240,92.84888,92.0
5241,91.69172,90.99999999999999
5242,90.667274,90.0
5243,89.445915,89.00000000000001
5244,88.27379,89.00000000000001
5245,87.91093,88.0
5246,86.903496,86.99999999999999
5247,86.11101,86.0
5248,84.96889,85.00000000000001
5249,83.69823,84.0
5250,82.61239,82.99999999999999
5251,81.823784,82.0
5252,81.135704,80.0
5253,79.23279,78.99999999999999
5254,77.90708,78.0
5255,77.000015,77.00000000000001
5256,76.19481,76.0
5257,75.071236,74.99999999999999
5258,74.18753,74.0
5259,73.171036,74.0
5260,72.91325,73.00000000000001
5261,72.16306,73.00000000000001
5262,72.3461,72.0
5263,71.55844,70.99999999999999
5264,70.66174,70.99999999999999
5265,70.30831,70.0
5266,69.3433,70.0
5267,69.26783,69.00000000000001
5268,68.50759,69.00000000000001
5269,68.24296,68.0
5270,67.440445,68.0
5271,67.31895,68.0
5272,67.41404,68.0
5273,67.52528,68.0
5274,67.60102,66.99999999999999
5275,66.72351,66.99999999999999
5276,66.496254,66.99999999999999
5277,66.30254,66.99999999999999
5278,66.278694,66.0
5279,65.685905,65.0
5280,64.749596,64.0
5281,63.64056,63.0
5282,62.354897,62.0
5283,61.068905,61.0
5284,60.010544,61.0
5285,60.04438,61.0
5286,60.194984,61.0
5287,60.410015,61.0
5288,60.660095,61.0
5289,60.697594,61.0
5290,60.734356,61.0
5291,60.849308,61.0
5292,60.759396,61.0
5293,60.703033,61.0
5294,60.77691,60.0
5295,59.83151,60.0
5296,59.370003,60.0
5297,59.26533,59.0
5298,58.604733,59.0
5299,58.566414,59.0
5300,58.73924,58.0
5301,57.875153,58.0
5302,57.72711,57.0
5303,56.965115,57.0
5304,56.564682,58.0
5305,57.435684,58.0
5306,57.76347,58.0
5307,58.018826,58.0
5308,57.86729,58.0
5309,57.73152,58.0
5310,57.598625,58.0
5311,57.51853,57.0
5312,56.601177,57.0
5313,56.537804,56.0
5314,55.65824,55.0
5315,54.70694,55.0
5316,54.412846,55.0
5317,54.320473,55.0
5318,54.53124,55.0
5319,54.682602,55.0
5320,54.666107,55.0
5321,55.017376,55.0
5322,55.12695,55.0
5323,54.93651,55.0
5324,54.918537,56.0
5325,55.87199,56.0
5326,56.086452,56.0
5327,56.081768,57.0
5328,56.839066,57.0
5329,56.876873,58.0
5330,57.83222,58.0
5331,58.19575,58.0
5332,58.02909,58.0
5333,57.817474,58.0
5334,57.717113,58.0
5335,57.624397,58.0
5336,57.76512,57.0
5337,56.97515,57.0
5338,56.946293,57.0
5339,56.900227,58.0
5340,57.714687,58.0
5341,57.88889,58.0
5342,58.01071,58.0
5343,57.93166,58.0
5344,57.52694,57.0
5345,56.193417,57.0
5346,55.790436,57.0
5347,56.1511,57.0
5348,56.336334,57.0
5349,56.646523,57.0
5350,56.68925,56.0
5351,55.888683,56.0
5352,55.783756,56.0
5353,55.55594,55.0
5354,54.760937,54.0
5355,53.56186,54.0
5356,53.053204,54.0
5357,53.374943,54.0
5358,53.353413,54.0
5359,53.465206,54.0
5360,53.66253,54.0
5361,53.838474,54.0
5362,54.027916,54.0
5363,54.13511,55.0
5364,54.845284,55.0
5365,54.938942,55.0
5366,54.98786,55.0
5367,54.91607,55.0
5368,54.89573,56.0
5369,55.65211,56.0
5370,56.066666,56.0
5371,56.11144,56.0
5372,56.02755,56.0
5373,55.913364,56.0
5374,55.800426,56.0
5375,55.8496,56.0
5376,55.760864,56.0
5377,55.969112,55.0
5378,55.13024,55.0
5379,54.727154,55.0
5380,54.710155,55.0
5381,54.62289,55.0
5382,54.62989,55.0
5383,54.75708,55.0
5384,54.73098,55.0
5385,54.707935,55.0
5386,54.8172,56.0
5387,55.619953,56.0
5388,55.953495,56.0
5389,56.044445,56.0
5390,56.013714,56.0
5391,56.004566,56.0
5392,55.81512,56.0
5393,55.818836,56.0
5394,55.812332,56.0
5395,55.88587,56.0
5396,56.01336,56.0
5397,56.03324,57.0
5398,56.811985,57.0
5399,57.13883,58.0
5400,57.84229,58.0
5401,58.342583,58.0
5402,58.357204,59.0
5403,59.06434,59.0
5404,59.31828,59.0
5405,59.280354,58.0
5406,58.262913,58.0
5407,57.93245,58.0
5408,57.571697,57.0
5409,56.960464,57.0
5410,56.719463,57.0
5411,56.702797,57.0
5412,56.758,57.0
5413,56.757587,57.0
5414,56.55343,57.0
5415,56.835773,58.0
5416,57.78712,58.0
5417,58.16188,59.0
5418,59.1026,59.0
5419,59.35957,60.0
5420,60.27393,60.0
5421,60.35788,61.0
5422,61.04129,61.0
5423,61.15019,62.0
5424,61.677776,63.0
5425,62.40391,63.0
5426,62.979744,64.0
5427,64.16814,65.0
5428,65.24566,65.0
5429,65.30578,66.0
5430,65.96746,66.99999999999999
5431,66.94587,68.0
5432,67.79895,69.00000000000001
5433,68.79607,69.00000000000001
5434,68.93019,70.0
5435,69.732635,70.0
5436,70.108635,70.99999999999999
5437,70.90449,70.99999999999999
5438,71.083595,72.0
5439,72.01135,72.0
5440,72.2582,73.00000000000001
5441,73.136375,73.00000000000001
5442,73.14437,73.00000000000001
5443,73.018196,74.0
5444,73.97393,74.0
5445,74.325165,74.99999999999999
5446,74.939156,74.99999999999999
5447,74.97945,74.99999999999999
5448,75.005585,74.99999999999999
5449,74.79875,74.99999999999999
5450,75.056015,74.99999999999999
5451,74.92955,74.99999999999999
5452,74.77628,74.99999999999999
5453,74.73114,74.0
5454,73.72458,74.0
5455,73.60537,73.00000000000001
5456,72.74282,73.00000000000001
5457,72.43217,73.00000000000001
5458,72.39121,73.00000000000001
5459,72.55141,73.00000000000001
5460,72.57589,72.0
5461,71.809074,72.0
5462,71.53076,70.99999999999999
5463,70.37307,70.99999999999999
5464,70.00667,70.0
5465,69.07477,69.00000000000001
5466,67.63711,68.0
5467,66.68465,66.99999999999999
5468,65.843475,66.0
5469,65.08633,65.0
5470,63.99506,65.0
5471,64.11956,64.0
5472,63.68497,64.0
5473,63.607708,64.0
5474,63.691986,64.0
5475,63.64659,63.0
5476,62.80512,62.0
5477,61.647873,62.0
5478,61.338078,61.0
5479,60.42467,60.0
5480,59.62537,60.0
5481,59.39135,60.0
5482,59.504795,59.0
5483,58.88351,59.0
5484,58.643475,59.0
5485,58.67194,58.0
5486,57.891407,58.0
5487,57.44502,58.0
5488,57.30637,57.0
5489,56.528793,57.0
5490,56.454254,57.0
5491,56.71305,57.0
5492,56.891304,57.0
5493,57.070133,57.0
5494,56.975224,56.0
5495,56.210327,56.0
5496,56.015198,55.0
5497,54.901077,55.0
5498,54.42039,55.0
5499,54.426662,56.0
5500,55.43289,56.0
5501,55.930473,57.0
5502,56.9785,57.0
5503,57.068333,57.0
5504,57.127808,57.0
5505,57.200188,57.0
5506,57.178238,57.0
5507,56.817062,57.0
5508,56.629246,57.0
5509,56.817455,58.0
5510,57.71173,58.0
5511,58.026352,58.0
5512,58.172745,59.0
5513,58.966183,59.0
5514,59.205593,59.0
5515,59.15438,60.0
5516,60.118134,60.0
5517,60.360725,61.0
5518,61.261024,66.0
5519,65.681946,73.00000000000001
5520,73.03198,80.0
5521,80.94137,82.99999999999999
5522,85.14468,81.00000000000001
5523,84.25471,74.99999999999999
5524,78.27485,69.00000000000001
5525,71.36496,65.0
5526,65.575264,64.0
5527,62.328873,66.99999999999999
5528,63.893394,70.99999999999999
5529,68.262886,74.0
5530,72.81138,76.0
5531,76.15308,77.00000000000001
5532,78.237,78.0
5533,79.37657,78.0
5534,79.30872,78.0
5535,78.45765,78.0
5536,77.180115,78.0
5537,76.85166,78.0
5538,77.05286,78.0
5539,77.71825,78.0
5540,77.65946,78.99999999999999
5541,78.72373,78.99999999999999
5542,79.174644,78.99999999999999
5543,79.01258,80.0
5544,79.69325,80.0
5545,79.85979,80.0
5546,79.77992,80.0
5547,79.73416,81.00000000000001
5548,80.73144,81.00000000000001
5549,81.01019,81.00000000000001
5550,80.90761,82.0
5551,81.87635,82.0
5552,81.933235,82.99999999999999
5553,82.85574,82.99999999999999
5554,83.00408,82.99999999999999
5555,82.87977,82.0
5556,81.8892,81.00000000000001
5557,80.65873,80.0
5558,79.18425,78.99999999999999
5559,77.96319,78.0
5560,76.75296,77.00000000000001
5561,75.40435,74.99999999999999
5562,73.25593,74.0
5563,72.19269,72.0
5564,70.53959,70.0
5565,68.5169,68.0
5566,66.244965,66.99999999999999
5567,65.24525,65.0
5568,63.562336,64.0
5569,62.72651,63.0
5570,62.021545,61.0
5571,60.315674,60.0
5572,59.102016,58.0
5573,57.257362,57.0
5574,55.83236,56.0
5575,54.730904,56.0
5576,54.84016,57.0
5577,55.989178,57.0
5578,56.702457,58.0
5579,57.774284,58.0
5580,58.21158,57.0
5581,57.282272,57.0
5582,56.61075,57.0
5583,56.30708,57.0
5584,56.30045,56.0
5585,55.382256,56.0
5586,55.31574,56.0
5587,55.224926,55.0
5588,54.324093,55.0
5589,54.26778,55.0
5590,54.291504,55.0
5591,54.51999,54.0
5592,53.69662,54.0
5593,53.23723,53.0
5594,52.391956,52.0
5595,51.271656,52.0
5596,51.151394,51.0
5597,50.276485,51.0
5598,50.064037,52.0
5599,51.07009,55.0
5600,54.220703,58.0
5601,58.115467,61.0
5602,62.076904,63.0
5603,64.77818,64.0
5604,65.68882,65.0
5605,66.10165,65.0
5606,65.63642,66.0
5607,65.87401,66.0
5608,65.70022,66.99999999999999
5609,66.5224,68.0
5610,67.72598,68.0
5611,68.09717,68.0
5612,68.176094,69.00000000000001
5613,69.1538,69.00000000000001
5614,69.24511,69.00000000000001
5615,69.110886,70.0
5616,69.45266,70.0
5617,69.228096,70.0
5618,68.8093,70.0
5619,69.41297,70.0
5620,69.92819,70.0
5621,70.09686,70.0
5622,70.16123,69.00000000000001
5623,68.905396,66.99999999999999
5624,66.85242,65.0
5625,64.41349,63.0
5626,62.44644,63.0
5627,61.54337,63.0
5628,61.85568,63.0
5629,62.34961,64.0
5630,63.499245,65.0
5631,65.185234,66.0
5632,67.05422,66.99999999999999
5633,68.07196,68.0
5634,68.929695,69.00000000000001
5635,69.64087,70.0
5636,70.4423,70.99999999999999
5637,71.362045,72.0
5638,72.2607,72.0
5639,72.33829,73.00000000000001
5640,73.22841,73.00000000000001
5641,73.16168,73.00000000000001
5642,72.74624,72.0
5643,71.94229,72.0
5644,71.6997,72.0
5645,71.573845,70.99999999999999
5646,70.94039,70.0
5647,69.82071,68.0
5648,67.77726,65.0
5649,64.679565,62.0
5650,61.042465,61.0
5651,59.456203,61.0
5652,59.15553,61.0
5653,59.618484,61.0
5654,60.482594,61.0
5655,60.98988,61.0
5656,61.358555,61.0
5657,61.417812,61.0
5658,61.25982,62.0
5659,61.989227,63.0
5660,63.06752,64.0
5661,64.28845,65.0
5662,65.41121,65.0
5663,65.40895,66.0
5664,66.171616,66.0
5665,66.14377,66.0
5666,66.11212,66.99999999999999
5667,66.92324,66.99999999999999
5668,67.07931,66.99999999999999
5669,67.07793,66.0
5670,66.20134,64.0
5671,63.934956,61.0
5672,60.74647,57.0
5673,56.92286,53.0
5674,52.637253,51.0
5675,49.658546,50.0
5676,47.991245,49.0
5677,47.172607,49.0
5678,48.075073,49.0
5679,49.19367,49.0
5680,49.721016,50.0
5681,50.464077,50.0
5682,50.269104,49.0
5683,48.866817,49.0
5684,48.244225,50.0
5685,49.258583,50.0
5686,50.029522,51.0
5687,51.164677,52.0
5688,52.28984,53.0
5689,53.335167,53.0
5690,53.42174,54.0
5691,54.31341,54.0
5692,54.345627,54.0
5693,54.21925,54.0
5694,53.86898,54.0
5695,53.69891,54.0
5696,53.944084,55.0
5697,54.268898,56.0
5698,55.243626,56.0
5699,56.00185,57.0
5700,56.933304,57.0
5701,57.27861,58.0
5702,58.187405,58.0
5703,58.293583,58.0
5704,58.12928,58.0
5705,57.87771,58.0
5706,57.756382,59.0
5707,58.764416,60.0
5708,60.271603,60.0
5709,60.643238,61.0
5710,61.475643,61.0
5711,61.47182,61.0
5712,61.23865,61.0
5713,61.01197,61.0
5714,60.968357,61.0
5715,60.944714,62.0
5716,61.733383,63.0
5717,62.86001,63.0
5718,63.118675,61.0
5719,61.589275,57.0
5720,57.572266,52.0
5721,52.264545,48.0
5722,47.70977,46.0
5723,44.348682,46.0
5724,43.54177,47.0
5725,44.992153,48.0
5726,47.885235,49.0
5727,50.94862,49.0
5728,51.621147,50.0
5729,51.687153,51.0
5730,51.672714,51.0
5731,51.238094,52.0
5732,51.748024,52.0
5733,51.91828,52.0
5734,51.86242,52.0
5735,52.012352,53.0
5736,53.015224,53.0
5737,53.181873,53.0
5738,53.351814,54.0
5739,54.044994,54.0
5740,54.15301,55.0
5741,55.05237,56.0
5742,55.849922,58.0
5743,57.70835,61.0
5744,60.56432,65.0
5745,64.65623,68.0
5746,68.230225,69.00000000000001
5747,69.9168,70.0
5748,71.01962,69.00000000000001
5749,70.19226,69.00000000000001
5750,69.36329,69.00000000000001
5751,68.42611,69.00000000000001
5752,67.795334,69.00000000000001
5753,67.72701,69.00000000000001
5754,68.01815,68.0
5755,67.54022,66.99999999999999
5756,66.55111,66.0
5757,65.383,66.0
5758,65.25631,65.0
5759,64.46505,64.0
5760,63.44183,64.0
5761,63.40253,65.0
5762,64.27777,65.0
5763,64.97941,66.0
5764,65.90037,66.0
5765,66.382225,66.0
5766,66.222244,65.0
5767,65.1225,64.0
5768,63.8964,62.0
5769,62.079086,60.0
5770,59.926723,60.0
5771,59.257923,59.0
5772,58.306324,59.0
5773,58.296196,58.0
5774,57.60903,58.0
5775,57.639614,57.0
5776,56.8753,57.0
5777,56.523396,57.0
5778,56.383347,56.0
5779,55.45326,56.0
5780,55.242077,56.0
5781,55.359146,56.0
5782,55.52392,56.0
5783,55.80954,55.0
5784,54.838852,55.0
5785,54.51806,55.0
5786,54.630764,55.0
5787,54.6536,55.0
5788,54.725998,55.0
5789,54.809128,55.0
5790,54.59201,55.0
5791,54.776062,55.0
5792,54.70802,56.0
5793,55.31757,56.0
5794,55.9081,56.0
5795,55.99134,56.0
5796,55.956226,56.0
5797,55.871235,56.0
5798,55.6348,56.0
5799,55.867546,56.0
5800,55.809963,56.0
5801,55.80782,57.0
5802,56.76323,57.0
5803,57.18359,57.0
5804,57.184204,57.0
5805,56.99517,58.0
5806,57.75836,58.0
5807,57.982166,59.0
5808,58.877968,59.0
5809,59.107197,59.0
5810,58.98994,59.0
5811,58.862732,59.0
5812,58.800236,58.0
5813,57.733036,58.0
5814,57.767323,60.0
5815,59.257977,62.0
5816,61.468857,66.0
5817,65.355934,68.0
5818,68.52299,68.0
5819,69.4756,66.0
5820,67.6182,65.0
5821,65.31258,64.0
5822,63.214848,64.0
5823,62.318066,64.0
5824,62.345043,64.0
5825,62.777607,64.0
5826,63.375244,64.0
5827,63.93534,65.0
5828,65.091576,65.0
5829,65.34225,65.0
5830,65.04712,65.0
5831,64.829895,65.0
5832,64.85319,65.0
5833,64.728485,65.0
5834,64.643,65.0
5835,64.62725,65.0
5836,64.62795,65.0
5837,64.62766,64.0
5838,63.72629,63.0
5839,62.552593,62.0
5840,61.309097,62.0
5841,60.96012,61.0
5842,60.47959,61.0
5843,60.40411,61.0
5844,60.34223,61.0
5845,60.627365,61.0
5846,60.740757,61.0
5847,60.941097,61.0
5848,60.998856,62.0
5849,61.953815,62.0
5850,62.17484,62.0
5851,62.165565,62.0
5852,62.00079,62.0
5853,61.88249,62.0
5854,61.78811,63.0
5855,62.61624,63.0
5856,62.888046,63.0
5857,63.032524,63.0
5858,62.857533,62.0
5859,62.024567,62.0
5860,61.758408,62.0
5861,61.59833,62.0
5862,61.749924,62.0
5863,61.72701,62.0
5864,61.706978,62.0
5865,61.851833,61.0
5866,61.001274,61.0
5867,60.6259,61.0
5868,60.557938,61.0
5869,60.572964,61.0
5870,60.589687,61.0
5871,60.763424,61.0
5872,60.789066,61.0
5873,60.78041,61.0
5874,60.72813,61.0
5875,60.779236,61.0
5876,60.687824,61.0
5877,60.75657,61.0
5878,60.618767,61.0
5879,60.648026,61.0
5880,60.73203,61.0
5881,60.751328,61.0
5882,60.786346,61.0
5883,60.879005,60.0
5884,60.035233,60.0
5885,59.655643,60.0
5886,59.716812,60.0
5887,59.50124,60.0
5888,59.517426,59.0
5889,58.936726,59.0
5890,58.734154,59.0
5891,58.63239,59.0
5892,58.687088,59.0
5893,58.704586,59.0
5894,58.743748,59.0
5895,58.720383,59.0
5896,58.748634,58.0
5897,57.702797,58.0
5898,57.30166,58.0
5899,57.34592,58.0
5900,57.583275,57.0
5901,56.859158,57.0
5902,56.7057,58.0
5903,57.629345,58.0
5904,57.871998,59.0
5905,58.931385,59.0
5906,59.174873,60.0
5907,59.930588,60.0
5908,60.07559,60.0
5909,59.965343,61.0
5910,60.66881,61.0
5911,60.80143,61.0
5912,60.793816,61.0
5913,60.720943,61.0
5914,60.860447,61.0
5915,60.978516,61.0
5916,61.042557,61.0
5917,60.85085,61.0
5918,60.735203,61.0
5919,60.72294,62.0
5920,61.599186,62.0
5921,61.979893,62.0
5922,62.09542,62.0
5923,61.97565,62.0
5924,61.77505,63.0
5925,62.61628,63.0
5926,63.03678,63.0
5927,62.990795,63.0
5928,62.916218,64.0
5929,63.625153,64.0
5930,63.890083,64.0
5931,63.938602,63.0
5932,63.016975,63.0
5933,62.684418,63.0
5934,62.657764,63.0
5935,62.49283,62.0
5936,61.67176,62.0
5937,61.509247,62.0
5938,61.75702,62.0
5939,61.722256,62.0
5940,61.80515,62.0
5941,61.71939,62.0
5942,61.800453,61.0
5943,60.876427,61.0
5944,60.356728,61.0
5945,60.27238,60.0
5946,59.311817,59.0
5947,58.00598,59.0
5948,57.530807,58.0
5949,56.87806,57.0
5950,56.05767,56.0
5951,55.1881,55.0
5952,54.24725,54.0
5953,53.24431,54.0
5954,53.041264,53.0
5955,52.19564,53.0
5956,52.08797,53.0
5957,52.3552,53.0
5958,52.309116,53.0
5959,52.64376,53.0
5960,52.564934,54.0
5961,53.737446,54.0
5962,54.013107,54.0
5963,54.163086,55.0
5964,54.71631,55.0
5965,54.98238,55.0
5966,54.994007,56.0
5967,55.855453,56.0
5968,56.21989,56.0
5969,56.324715,57.0
5970,57.13745,57.0
5971,57.55133,58.0
5972,58.314137,59.0
5973,59.25394,59.0
5974,59.55565,60.0
5975,60.411182,60.0
5976,60.429474,60.0
5977,60.202805,60.0
5978,59.95161,60.0
5979,59.686024,60.0
5980,59.60663,60.0
5981,59.533516,60.0
5982,59.739685,60.0
5983,59.56704,60.0
5984,59.597214,60.0
5985,59.788242,60.0
5986,59.755928,60.0
5987,59.7147,60.0
5988,59.72847,59.0
5989,58.919937,59.0
5990,58.628674,59.0
5991,58.347687,59.0
5992,58.49765,59.0
5993,58.69154,59.0
5994,58.833454,59.0
5995,58.945786,58.0
5996,57.936943,58.0
5997,57.602413,58.0
5998,57.438328,58.0
5999,57.399357,58.0
6000,57.58079,58.0
6001,57.738014,58.0
6002,57.787918,59.0
6003,58.721252,59.0
6004,59.041397,59.0
6005,59.087925,59.0
6006,58.927265,58.0
6007,57.86721,58.0
6008,57.531166,57.0
6009,56.558212,57.0
6010,56.267048,56.0
6011,55.452618,56.0
6012,55.4725,56.0
6013,55.309563,56.0
6014,55.719536,56.0
6015,55.91212,56.0
6016,55.832447,56.0
6017,55.72993,55.0
6018,54.660263,55.0
6019,54.425858,55.0
6020,54.479374,55.0
6021,54.513832,55.0
6022,54.5764,55.0
6023,54.78845,56.0
6024,55.777935,56.0
6025,56.075367,56.0
6026,55.87471,56.0
6027,55.999462,56.0
6028,55.910343,56.0
6029,55.63946,56.0
6030,55.47468,57.0
6031,56.593304,57.0
6032,56.981323,57.0
6033,57.11592,57.0
6034,56.90576,57.0
6035,56.865086,57.0
6036,56.980762,57.0
6037,56.95765,57.0
6038,56.934998,57.0
6039,56.81851,57.0
6040,56.54011,57.0
6041,56.544933,57.0
6042,56.7082,57.0
6043,56.807346,58.0
6044,57.74406,58.0
6045,58.065918,59.0
6046,58.91156,59.0
6047,58.94094,60.0
6048,59.826946,60.0
6049,60.08477,60.0
6050,60.268436,61.0
6051,61.059242,61.0
6052,61.09846,61.0
6053,61.133846,61.0
6054,61.134686,61.0
6055,61.02937,61.0
6056,60.946404,61.0
6057,60.677654,61.0
6058,60.54488,61.0
6059,60.51984,61.0
6060,60.563667,61.0
6061,60.855637,61.0
6062,60.935017,61.0
6063,60.942715,61.0
6064,60.880707,61.0
6065,60.52425,61.0
6066,60.437275,60.0
6067,59.43029,60.0
6068,59.235672,59.0
6069,58.387028,58.0
6070,57.11158,57.0
6071,56.095924,56.0
6072,55.44117,56.0
6073,55.185604,56.0
6074,55.28823,56.0
6075,55.51422,56.0
6076,55.71409,55.0
6077,54.856182,55.0
6078,54.465736,54.0
6079,53.487625,54.0
6080,53.04355,54.0
6081,53.128647,54.0
6082,53.38115,54.0
6083,53.574978,54.0
6084,53.783417,54.0
6085,53.77506,54.0
6086,53.72857,54.0
6087,53.696766,54.0
6088,53.695038,54.0
6089,53.644302,54.0
6090,53.681366,55.0
6091,54.612114,55.0
6092,54.966824,55.0
6093,55.22315,55.0
6094,54.91284,55.0
6095,54.808384,55.0
6096,54.569355,55.0
6097,54.490803,55.0
6098,54.437443,55.0
6099,54.459503,55.0
6100,54.423733,55.0
6101,54.621162,55.0
6102,54.549217,56.0
6103,55.496124,56.0
6104,55.79835,57.0
6105,56.76836,57.0
6106,57.060608,56.0
6107,56.505447,56.0
6108,55.89122,56.0
6109,55.68114,56.0
6110,55.777256,56.0
6111,55.736626,56.0
6112,55.789555,56.0
6113,55.72735,56.0
6114,55.648277,56.0
6115,55.52808,56.0
6116,55.569126,56.0
6117,55.532093,56.0
6118,55.643135,57.0
6119,56.682457,57.0
6120,57.14501,57.0
6121,57.218136,57.0
6122,57.09945,57.0
6123,56.951553,57.0
6124,56.736755,56.0
6125,55.698494,56.0
6126,55.56106,56.0
6127,55.633354,56.0
6128,55.779503,56.0
6129,56.015034,56.0
6130,56.16688,56.0
6131,56.073906,56.0
6132,56.04896,56.0
6133,56.009827,56.0
6134,55.88561,56.0
6135,55.97577,56.0
6136,55.866386,56.0
6137,55.75016,56.0
6138,55.579727,55.0
6139,54.70485,55.0
6140,54.359642,55.0
6141,54.27036,54.0
6142,53.382717,54.0
6143,53.444885,54.0
6144,53.53146,54.0
6145,53.572227,53.0
6146,52.842552,53.0
6147,52.53803,53.0
6148,52.55826,52.0
6149,51.793953,52.0
6150,51.625404,52.0
6151,51.487,52.0
6152,51.47821,52.0
6153,51.578335,52.0
6154,51.66673,52.0
6155,51.85762,52.0
6156,51.892754,52.0
6157,51.718723,52.0
6158,51.695,52.0
6159,51.926304,51.0
6160,50.870804,51.0
6161,50.345196,51.0
6162,50.364,51.0
6163,50.62797,51.0
6164,50.895565,51.0
6165,51.02866,51.0
6166,50.914516,51.0
6167,50.86021,51.0
6168,50.867157,51.0
6169,50.815773,52.0
6170,51.46164,52.0
6171,51.937893,52.0
6172,51.902294,53.0
6173,52.69005,53.0
6174,52.895462,54.0
6175,53.648525,54.0
6176,53.9234,53.0
6177,53.205772,53.0
6178,52.83502,53.0
6179,52.71421,53.0
6180,52.635334,53.0
6181,52.673454,53.0
6182,52.848274,53.0
6183,52.789837,54.0
6184,53.62322,54.0
6185,53.987503,54.0
6186,54.000183,54.0
6187,53.691624,54.0
6188,53.48737,54.0
6189,53.529182,54.0
6190,53.511868,54.0
6191,53.590164,53.0
6192,52.70857,53.0
6193,52.30375,52.0
6194,51.42754,52.0
6195,51.190826,51.0
6196,50.324333,50.0
6197,49.264614,50.0
6198,49.061092,49.0
6199,48.32641,48.0
6200,47.288765,48.0
6201,47.1504,47.0
6202,46.391575,46.0
6203,45.36838,45.0
6204,44.191826,44.0
6205,43.050175,44.0
6206,42.653717,44.0
6207,43.125378,44.0
6208,43.813156,45.0
6209,45.01162,47.0
6210,47.295834,49.0
6211,50.013462,50.0
6212,51.293743,50.0
6213,50.889187,50.0
6214,50.148926,50.0
6215,49.590664,50.0
6216,49.51558,51.0
6217,50.61379,50.0
6218,50.115658,50.0
6219,49.905956,51.0
6220,50.620083,51.0
6221,50.944798,52.0
6222,51.912537,52.0
6223,52.14594,53.0
6224,52.98736,54.0
6225,53.996883,54.0
6226,54.23504,55.0
6227,55.09809,55.0
6228,55.23973,55.0
6229,55.16292,55.0
6230,54.968918,55.0
6231,54.77117,54.0
6232,53.782024,54.0
6233,53.496563,54.0
6234,53.579006,54.0
6235,53.54316,54.0
6236,53.659184,54.0
6237,53.681705,54.0
6238,53.662163,55.0
6239,54.55325,55.0
6240,54.958412,56.0
6241,55.887608,57.0
6242,57.05379,58.0
6243,58.114952,58.0
6244,58.29733,58.0
6245,58.171993,59.0
6246,58.810234,62.0
6247,61.49311,66.99999999999999
6248,66.52187,73.00000000000001
6249,72.97953,78.0
6250,79.30168,81.00000000000001
6251,83.42136,81.00000000000001
6252,83.932945,81.00000000000001
6253,83.157265,81.00000000000001
6254,81.71916,82.0
6255,81.291336,82.0
6256,81.07989,82.0
6257,80.85202,82.0
6258,80.76828,81.00000000000001
6259,79.89638,80.0
6260,79.25507,80.0
6261,79.02477,78.99999999999999
6262,78.44578,78.99999999999999
6263,78.507805,78.99999999999999
6264,78.5923,80.0
6265,79.65776,81.00000000000001
6266,81.03302,81.00000000000001
6267,81.44695,82.0
6268,82.16363,82.0
6269,82.09402,82.0
6270,81.81578,78.99999999999999
6271,79.135216,72.0
6272,72.776695,64.0
6273,64.55136,57.0
6274,56.8409,53.0
6275,51.76485,52.0
6276,49.141945,51.0
6277,47.995167,50.0
6278,47.828053,49.0
6279,48.168495,48.0
6280,48.36324,47.0
6281,47.644722,47.0
6282,46.530144,47.0
6283,46.38342,47.0
6284,46.378216,47.0
6285,46.81295,48.0
6286,48.09779,49.0
6287,49.188213,50.0
6288,50.276093,50.0
6289,50.273968,49.0
6290,49.311855,49.0
6291,48.737125,48.0
6292,47.67605,47.0
6293,46.50162,47.0
6294,46.324394,46.0
6295,45.63222,46.0
6296,45.53168,46.0
6297,45.635838,46.0
6298,45.65704,47.0
6299,46.654915,47.0
6300,47.059803,48.0
6301,47.992134,49.0
6302,49.072365,50.0
6303,50.152996,50.0
6304,50.370266,50.0
6305,49.957516,50.0
6306,49.55707,50.0
6307,49.533604,50.0
6308,49.604626,49.0
6309,48.869125,49.0
6310,48.572613,50.0
6311,49.500687,50.0
6312,49.89999,51.0
6313,50.936924,51.0
6314,51.17697,51.0
6315,51.207653,51.0
6316,50.877647,51.0
6317,50.677002,52.0
6318,51.62183,54.0
6319,53.5234,58.0
6320,57.511528,63.0
6321,62.727745,66.99999999999999
6322,67.40571,69.00000000000001
6323,70.18262,70.99999999999999
6324,72.36667,70.99999999999999
6325,72.596176,70.99999999999999
6326,71.89899,70.99999999999999
6327,70.92399,70.99999999999999
6328,70.04171,70.99999999999999
6329,69.93751,70.99999999999999
6330,70.02625,70.99999999999999
6331,70.25946,70.99999999999999
6332,70.597336,70.99999999999999
6333,70.688484,70.99999999999999
6334,70.76989,72.0
6335,71.77723,72.0
6336,71.99225,72.0
6337,72.067085,72.0
6338,71.89399,72.0
6339,71.68563,72.0
6340,71.62647,72.0
6341,71.600266,72.0
6342,71.49827,72.0
6343,71.559166,72.0
6344,71.65865,70.99999999999999
6345,70.77561,70.0
6346,69.63528,70.0
6347,69.31061,69.00000000000001
6348,68.36966,69.00000000000001
6349,68.18419,69.00000000000001
6350,68.30254,69.00000000000001
6351,68.404144,68.0
6352,67.85809,68.0
6353,67.64798,66.99999999999999
6354,66.50667,66.99999999999999
6355,66.20986,66.0
6356,65.33128,66.0
6357,65.21417,66.0
6358,65.31107,65.0
6359,64.72097,65.0
6360,64.59229,65.0
6361,64.543724,65.0
6362,64.577324,65.0
6363,64.60013,65.0
6364,64.727684,65.0
6365,64.7334,65.0
6366,64.97669,64.0
6367,63.99361,64.0
6368,63.66342,64.0
6369,63.54854,64.0
6370,63.649662,64.0
6371,63.65413,64.0
6372,63.669346,64.0
6373,63.697845,63.0
6374,62.84851,63.0
6375,62.414845,62.0
6376,61.498226,61.0
6377,59.972027,60.0
6378,58.603413,60.0
6379,58.579994,59.0
6380,58.042828,58.0
6381,57.214844,58.0
6382,57.19609,58.0
6383,57.445496,58.0
6384,57.681385,58.0
6385,57.70263,57.0
6386,56.727352,57.0
6387,56.352104,56.0
6388,55.412025,56.0
6389,55.345573,55.0
6390,54.558548,55.0
6391,54.52821,53.0
6392,52.90875,52.0
6393,51.647625,51.0
6394,50.333683,51.0
6395,50.031887,51.0
6396,50.272766,51.0
6397,50.37726,51.0
6398,50.929623,51.0
6399,51.170277,51.0
6400,50.91359,52.0
6401,51.644188,52.0
6402,51.75302,53.0
6403,52.830914,53.0
6404,53.165714,53.0
6405,53.10916,53.0
6406,52.823677,53.0
6407,52.786377,53.0
6408,52.727646,53.0
6409,52.78197,53.0
6410,52.86543,53.0
6411,52.889305,53.0
6412,52.782845,53.0
6413,52.7247,54.0
6414,53.886482,56.0
6415,55.833862,59.0
6416,59.083015,62.0
6417,62.618187,65.0
6418,66.07317,66.0
6419,67.65468,66.99999999999999
6420,68.432076,66.99999999999999
6421,68.23287,66.99999999999999
6422,67.62162,66.99999999999999
6423,66.867584,68.0
6424,67.30651,68.0
6425,67.430466,69.00000000000001
6426,68.50264,69.00000000000001
6427,68.93483,70.0
6428,70.11527,70.0
6429,70.31019,70.0
6430,69.97513,70.99999999999999
6431,70.85786,70.99999999999999
6432,71.06154,72.0
6433,72.026215,72.0
6434,72.25058,72.0
6435,72.17082,72.0
6436,72.02387,70.99999999999999
6437,71.06686,70.99999999999999
6438,70.72307,69.00000000000001
6439,68.75072,65.0
6440,65.0118,62.0
6441,61.500687,59.0
6442,57.75144,58.0
6443,56.244026,58.0
6444,56.17274,58.0
6445,56.841465,59.0
6446,58.45256,60.0
6447,60.465363,60.0
6448,61.158375,61.0
6449,62.120342,62.0
6450,63.09885,63.0
6451,63.808304,65.0
6452,65.607056,66.0
6453,66.7196,66.99999999999999
6454,67.51566,68.0
6455,68.39241,69.00000000000001
6456,69.32944,69.00000000000001
6457,69.41437,70.0
6458,70.15771,70.99999999999999
6459,70.96674,72.0
6460,72.066444,73.00000000000001
6461,73.20728,74.0
6462,74.13455,74.0
6463,74.358055,73.00000000000001
6464,73.53076,70.0
6465,70.60662,68.0
6466,68.41627,66.99999999999999
6467,66.80439,66.0
6468,65.48186,66.0
6469,64.9929,66.0
6470,65.059235,66.0
6471,65.64334,66.0
6472,65.9731,66.0
6473,65.996216,66.0
6474,65.78739,66.0
6475,65.540764,66.0
6476,65.482864,66.0
6477,65.724464,66.99999999999999
6478,66.86596,66.99999999999999
6479,67.11249,66.99999999999999
6480,66.97404,66.99999999999999
6481,67.129684,66.99999999999999
6482,67.31672,68.0
6483,67.85228,68.0
6484,68.15759,68.0
6485,67.72874,68.0
6486,67.890755,66.99999999999999
6487,66.98304,64.0
6488,64.22365,61.0
6489,61.486652,59.0
6490,58.632988,60.0
6491,58.282547,61.0
6492,59.51904,63.0
6493,61.96639,64.0
6494,64.263016,64.0
6495,65.39723,64.0
6496,65.42038,65.0
6497,65.78033,65.0
6498,65.12562,65.0
6499,64.648186,65.0
6500,64.48229,64.0
6501,63.562664,64.0
6502,63.43171,64.0
6503,63.55211,65.0
6504,64.62656,65.0
6505,65.1092,65.0
6506,65.288635,65.0
6507,65.24843,66.0
6508,65.76171,66.99999999999999
6509,66.67572,66.99999999999999
6510,66.84346,66.99999999999999
6511,66.84992,65.0
6512,64.94278,62.0
6513,61.768578,59.0
6514,58.294525,58.0
6515,56.474632,58.0
6516,56.19328,58.0
6517,56.46585,58.0
6518,57.39457,58.0
6519,58.146694,58.0
6520,58.507023,58.0
6521,58.50632,58.0
6522,58.273964,58.0
6523,57.936565,58.0
6524,57.76702,58.0
6525,57.694035,58.0
6526,57.661503,59.0
6527,58.62582,59.0
6528,59.06883,59.0
6529,59.160892,59.0
6530,59.150223,59.0
6531,59.004406,59.0
6532,58.851097,59.0
6533,58.793816,59.0
6534,58.641903,59.0
6535,58.569412,59.0
6536,58.78956,58.0
6537,57.955585,58.0
6538,57.600708,58.0
6539,57.491493,58.0
6540,57.540703,58.0
6541,57.670795,58.0
6542,57.70849,58.0
6543,57.7859,58.0
6544,57.648075,58.0
6545,57.772736,57.0
6546,56.85989,57.0
6547,56.552765,57.0
6548,56.44939,58.0
6549,57.41146,58.0
6550,57.9395,58.0
6551,58.033306,58.0
6552,58.040436,58.0
6553,57.92206,59.0
6554,58.74502,60.0
6555,59.7007,61.0
6556,60.927193,62.0
6557,62.04744,62.0
6558,62.24354,62.0
6559,62.373867,62.0
6560,62.153664,62.0
6561,62.119392,61.0
6562,61.194828,61.0
6563,60.617065,61.0
6564,60.37627,61.0
6565,60.35217,61.0
6566,60.743053,61.0
6567,60.882866,61.0
6568,60.875206,61.0
6569,60.51932,61.0
6570,60.435856,60.0
6571,59.362553,60.0
6572,59.12686,60.0
6573,59.31594,60.0
6574,59.506615,60.0
6575,59.6707,60.0
6576,59.780983,59.0
6577,58.87651,59.0
6578,58.4502,58.0
6579,57.41652,57.0
6580,56.48633,56.0
6581,55.178646,56.0
6582,55.031937,56.0
6583,55.323746,56.0
6584,55.312134,56.0
6585,55.566498,56.0
6586,55.70865,56.0
6587,55.931915,56.0
6588,55.75059,57.0
6589,56.605927,57.0
6590,57.10542,58.0
6591,58.068733,58.0
6592,57.99553,58.0
6593,58.04062,58.0
6594,57.7978,58.0
6595,57.622425,58.0
6596,57.64592,58.0
6597,57.653656,58.0
6598,57.72274,57.0
6599,56.829117,57.0
6600,56.729004,57.0
6601,56.542618,57.0
6602,56.574986,57.0
6603,56.724667,57.0
6604,56.86045,57.0
6605,56.8402,57.0
6606,56.748238,57.0
6607,56.6634,57.0
6608,56.842865,58.0
6609,57.514687,58.0
6610,57.735493,58.0
6611,57.756954,58.0
6612,57.711117,57.0
6613,56.83224,57.0
6614,56.50643,57.0
6615,56.424767,57.0
6616,56.488396,57.0
6617,56.729317,56.0
6618,55.943523,56.0
6619,55.786083,56.0
6620,55.736797,55.0
6621,54.813976,55.0
6622,54.47274,55.0
6623,54.76452,56.0
6624,55.693996,56.0
6625,55.86557,56.0
6626,55.920128,55.0
6627,55.04486,55.0
6628,54.61975,55.0
6629,54.344902,55.0
6630,54.39316,55.0
6631,54.536777,55.0
6632,54.7517,55.0
6633,54.528214,55.0
6634,54.75772,55.0
6635,54.50718,55.0
6636,54.69542,54.0
6637,53.90109,54.0
6638,53.423077,54.0
6639,53.562958,54.0
6640,53.748245,54.0
6641,53.805733,54.0
6642,54.0446,54.0
6643,53.899403,54.0
6644,53.83262,54.0
6645,53.633183,54.0
6646,53.6856,54.0
6647,53.647606,54.0
6648,53.48655,54.0
6649,53.530773,54.0
6650,53.593445,53.0
6651,52.75339,53.0
6652,52.455128,53.0
6653,52.47515,53.0
6654,52.30871,52.0
6655,51.62142,52.0
6656,51.604553,52.0
6657,51.670055,51.0
6658,50.72157,51.0
6659,50.268158,51.0
6660,50.280556,51.0
6661,50.450737,51.0
6662,50.739147,51.0
6663,50.65859,51.0
6664,50.774254,52.0
6665,51.762913,52.0
6666,52.073338,52.0
6667,52.258247,52.0
6668,52.205475,53.0
6669,52.93372,53.0
6670,53.07008,53.0
6671,53.022663,53.0
6672,52.885452,54.0
6673,53.745857,54.0
6674,53.977566,55.0
6675,54.81782,55.0
6676,55.083652,56.0
6677,55.85207,56.0
6678,56.05671,56.0
6679,56.02321,57.0
6680,56.75367,57.0
6681,56.94601,57.0
6682,56.937157,57.0
6683,57.058525,58.0
6684,57.595654,58.0
6685,57.93876,58.0
6686,58.04314,58.0
6687,57.990467,58.0
6688,57.590996,58.0
6689,57.518257,58.0
6690,57.492123,58.0
6691,57.55344,58.0
6692,57.543827,58.0
6693,57.662167,57.0
6694,56.80287,57.0
6695,56.53358,57.0
6696,56.48768,57.0
6697,56.609543,57.0
6698,56.673183,57.0
6699,56.952793,57.0
6700,56.986412,58.0
6701,57.799812,58.0
6702,57.952156,59.0
6703,58.81072,59.0
6704,58.875126,58.0
6705,58.00087,58.0
6706,57.879303,57.0
6707,56.801487,57.0
6708,56.441853,57.0
6709,56.420956,57.0
6710,56.6187,57.0
6711,56.871838,57.0
6712,56.711243,57.0
6713,56.73083,57.0
6714,56.640823,57.0
6715,56.714012,57.0
6716,56.789013,57.0
6717,56.704033,57.0
6718,56.707306,57.0
6719,56.69703,58.0
6720,57.659958,58.0
6721,58.016758,58.0
6722,58.03288,58.0
6723,57.879677,58.0
6724,57.734493,58.0
6725,57.59581,58.0
6726,57.564747,58.0
6727,57.463108,58.0
6728,57.424297,59.0
6729,58.420727,59.0
6730,58.68219,60.0
6731,59.63025,60.0
6732,60.05213,60.0
6733,60.059685,60.0
6734,60.127663,60.0
6735,59.951134,61.0
6736,60.84643,61.0
6737,61.16915,61.0
6738,61.146175,61.0
6739,61.02531,61.0
6740,60.844494,61.0
6741,60.643303,61.0
6742,60.70059,62.0
6743,61.791157,62.0
6744,62.076984,62.0
6745,62.071808,62.0
6746,61.99307,62.0
6747,61.803455,62.0
6748,61.712624,62.0
6749,61.58981,61.0
6750,60.65162,61.0
6751,60.39168,60.0
6752,59.44381,59.0
6753,58.379333,59.0
6754,57.988693,58.0
6755,57.13679,58.0
6756,57.38241,57.0
6757,56.54966,57.0
6758,56.485744,57.0
6759,56.47038,57.0
6760,56.324345,57.0
6761,56.34752,57.0
6762,56.455597,57.0
6763,56.63467,57.0
6764,56.692696,56.0
6765,55.744034,56.0
6766,55.48291,56.0
6767,55.549664,56.0
6768,55.60676,56.0
6769,55.649216,56.0
6770,55.718742,56.0
6771,55.730778,57.0
6772,56.555355,57.0
6773,56.834034,57.0
6774,56.87802,57.0
6775,57.010906,58.0
6776,57.81891,58.0
6777,57.972958,59.0
6778,58.770382,59.0
6779,59.037125,60.0
6780,59.901333,60.0
6781,60.113728,61.0
6782,61.08957,61.0
6783,61.26001,61.0
6784,61.20278,61.0
6785,60.90295,61.0
6786,60.625908,62.0
6787,61.49555,61.0
6788,60.848103,61.0
6789,60.69355,61.0
6790,60.695545,60.0
6791,59.805035,60.0
6792,59.49543,60.0
6793,59.566868,59.0
6794,58.762367,59.0
6795,58.696632,59.0
6796,58.678783,59.0
6797,58.564842,59.0
6798,58.70626,58.0
6799,58.147552,58.0
6800,57.570633,58.0
6801,57.509037,58.0
6802,57.498848,57.0
6803,56.79998,57.0
6804,56.612774,57.0
6805,56.63092,56.0
6806,55.767883,56.0
6807,55.695545,55.0
6808,54.62459,55.0
6809,54.30534,54.0
6810,53.41398,54.0
6811,53.35364,54.0
6812,53.453342,54.0
6813,53.654915,54.0
6814,53.684044,54.0
6815,53.696503,54.0
6816,53.61561,54.0
6817,53.607204,53.0
6818,52.88154,53.0
6819,52.51846,53.0
6820,52.341026,52.0
6821,51.606285,52.0
6822,51.444546,51.0
6823,50.545765,51.0
6824,50.10163,51.0
6825,50.29115,51.0
6826,50.274635,51.0
6827,50.775616,51.0
6828,50.764774,51.0
6829,50.793236,51.0
6830,50.871826,51.0
6831,50.9774,51.0
6832,51.000587,52.0
6833,51.5974,52.0
6834,52.22483,52.0
6835,52.199993,53.0
6836,53.013844,53.0
6837,53.171402,53.0
6838,53.04597,53.0
6839,52.936962,53.0
6840,52.77529,53.0
6841,52.72051,53.0
6842,52.74839,52.0
6843,51.861206,52.0
6844,51.603138,52.0
6845,51.579746,52.0
6846,51.70421,52.0
6847,51.789944,52.0
6848,51.85796,52.0
6849,51.840088,51.0
6850,50.912056,51.0
6851,50.262714,51.0
6852,50.12672,50.0
6853,49.547855,50.0
6854,49.115734,51.0
6855,50.203865,51.0
6856,51.05533,52.0
6857,52.20552,53.0
6858,53.502926,54.0
6859,54.739708,55.0
6860,55.564304,55.0
6861,55.572483,55.0
6862,55.285187,55.0
6863,54.95824,56.0
6864,55.67407,56.0
6865,55.967484,56.0
6866,55.958088,56.0
6867,55.911224,56.0
6868,55.890705,56.0
6869,55.894756,56.0
6870,55.906837,56.0
6871,55.889893,56.0
6872,55.86325,56.0
6873,55.77938,56.0
6874,55.698566,56.0
6875,55.71865,56.0
6876,55.665825,56.0
6877,55.53427,56.0
6878,55.515186,55.0
6879,54.57174,55.0
6880,54.44815,54.0
6881,53.52279,53.0
6882,52.303566,52.0
6883,50.937534,51.0
6884,49.791492,50.0
6885,48.809166,49.0
6886,47.948025,49.0
6887,48.068893,49.0
6888,48.525562,49.0
6889,48.95889,48.0
6890,48.122356,48.0
6891,47.7145,48.0
6892,47.554386,48.0
6893,47.40377,48.0
6894,47.493828,49.0
6895,48.526726,49.0
6896,48.903717,50.0
6897,50.00648,50.0
6898,50.304543,50.0
6899,50.143562,49.0
6900,48.967876,48.0
6901,47.482777,48.0
6902,46.897884,48.0
6903,46.951927,48.0
6904,47.497543,49.0
6905,48.80393,50.0
6906,50.29029,51.0
6907,51.647144,51.0
6908,51.682884,52.0
6909,52.424503,52.0
6910,52.33039,53.0
6911,52.995983,53.0
6912,53.17146,53.0
6913,53.013912,54.0
6914,53.969658,54.0
6915,54.212696,54.0
6916,54.20795,55.0
6917,55.022423,55.0
6918,55.25586,55.0
6919,55.24407,56.0
6920,55.93402,56.0
6921,56.015842,56.0
6922,56.016197,57.0
6923,56.73552,57.0
6924,56.996315,57.0
6925,57.00331,57.0
6926,56.93994,58.0
6927,57.875786,58.0
6928,58.25112,58.0
6929,58.10892,58.0
6930,57.964405,58.0
6931,57.70199,58.0
6932,57.79016,57.0
6933,56.767673,57.0
6934,56.34743,57.0
6935,56.059685,56.0
6936,55.422768,56.0
6937,55.452263,56.0
6938,55.65192,56.0
6939,55.634686,56.0
6940,55.787987,56.0
6941,55.858677,56.0
6942,55.891056,56.0
6943,55.855354,56.0
6944,55.808243,55.0
6945,54.89921,55.0
6946,54.511242,55.0
6947,54.473286,54.0
6948,53.686085,54.0
6949,53.439865,55.0
6950,54.282803,55.0
6951,54.82002,55.0
6952,55.07088,55.0
6953,54.98236,55.0
6954,54.942245,55.0
6955,54.865845,55.0
6956,54.86421,55.0
6957,54.787865,55.0
6958,54.650814,55.0
6959,54.71331,55.0
6960,54.71898,56.0
6961,55.67973,56.0
6962,55.857124,56.0
6963,55.94929,55.0
6964,55.07082,55.0
6965,54.624588,55.0
6966,54.450752,54.0
6967,53.62594,54.0
6968,53.377594,54.0
6969,53.38654,54.0
6970,53.55606,54.0
6971,53.618176,54.0
6972,53.616222,54.0
6973,53.720913,54.0
6974,53.72886,53.0
6975,52.616657,53.0
6976,52.273247,53.0
6977,52.219025,53.0
6978,52.574764,53.0
6979,52.827065,52.0
6980,51.828056,52.0
6981,51.5716,52.0
6982,51.31299,52.0
6983,51.265324,52.0
6984,51.5163,52.0
6985,51.517376,52.0
6986,51.697678,52.0
6987,51.76667,53.0
6988,52.58273,53.0
