,prediction,actual
0,76.12469,75.0
1,75.25163,74.0
2,73.96584,74.0
3,73.72977,74.0
4,73.65664,73.0
5,72.81276,73.0
6,72.676704,72.0
7,71.81124,71.0
8,70.8158,70.0
9,69.73496,69.0
10,68.596,68.0
11,67.59467,67.0
12,66.50895,67.0
13,66.23401,66.0
14,65.41812,65.0
15,64.31599,65.0
16,64.34785,65.0
17,64.45891,65.0
18,64.72379,65.0
19,64.913895,64.0
20,64.02383,64.0
21,63.755024,63.0
22,62.647602,64.0
23,63.369583,63.0
24,62.87093,63.0
25,62.645645,64.0
26,63.59516,64.0
27,63.995895,64.0
28,64.14159,64.0
29,64.22205,64.0
30,64.24598,64.0
31,63.982872,65.0
32,64.80133,66.0
33,65.94265,67.0
34,67.260124,67.0
35,67.61658,68.0
36,68.38037,70.0
37,70.05645,71.0
38,71.5433,73.0
39,73.70178,73.0
40,73.84472,74.0
41,74.49948,74.0
42,74.26424,74.0
43,73.81453,74.0
44,73.55815,74.0
45,73.37956,75.0
46,74.33891,75.0
47,74.72609,76.0
48,75.90861,76.0
49,76.27079,76.0
50,76.28685,76.0
51,76.21071,76.0
52,76.01829,77.0
53,76.66523,78.0
54,77.75248,78.0
55,78.00338,79.0
56,78.863045,79.0
57,79.08412,80.0
58,79.882866,81.0
59,80.95243,81.0
60,81.11068,80.0
61,80.11678,77.0
62,76.425095,77.0
63,75.442696,76.0
64,74.267944,76.0
65,74.47902,75.0
66,74.112144,75.0
67,74.60888,74.0
68,74.096794,75.0
69,75.04187,74.0
70,74.36474,73.0
71,73.15885,74.0
72,73.587715,73.0
73,72.858696,72.0
74,71.703545,73.0
75,72.25869,75.0
76,74.31217,76.0
77,75.873055,76.0
78,76.37548,75.0
79,75.46189,73.0
80,73.13254,72.0
81,71.28489,71.0
82,69.81685,70.0
83,68.72664,69.0
84,67.71592,69.0
85,67.89891,69.0
86,68.58374,68.0
87,68.11391,69.0
88,68.97058,68.0
89,68.30594,69.0
90,68.96497,69.0
91,69.21594,68.0
92,68.34076,68.0
93,67.89891,69.0
94,68.71554,70.0
95,69.99513,70.0
96,70.22605,71.0
97,71.185524,71.0
98,71.3329,70.0
99,70.29958,69.0
100,68.85642,68.0
101,67.59128,69.0
102,68.08206,69.0
103,68.32167,70.0
104,69.55449,69.0
105,69.25836,69.0
106,69.0808,69.0
107,69.11003,68.0
108,68.16243,68.0
109,67.788574,69.0
110,68.60863,69.0
111,68.887276,69.0
112,69.16647,70.0
113,70.07282,70.0
114,70.545204,71.0
115,71.46984,72.0
116,72.4929,73.0
117,73.57933,72.0
118,72.6572,72.0
119,72.124,71.0
120,70.80266,70.0
121,69.48273,70.0
122,69.2293,70.0
123,69.37612,69.0
124,68.74118,67.0
125,66.90794,65.0
126,64.7736,64.0
127,63.414257,62.0
128,61.26816,62.0
129,61.08272,62.0
130,61.505905,60.0
131,60.107056,60.0
132,59.807426,58.0
133,58.07746,58.0
134,57.35671,56.99999999999999
135,56.26617,56.0
136,55.086437,56.0
137,55.04807,55.0
138,54.298115,53.99999999999999
139,53.275166,53.0
140,52.24111,50.99999999999999
141,50.122032,50.99999999999999
142,49.882473,50.99999999999999
143,49.979736,50.99999999999999
144,50.454765,50.0
145,49.830505,47.0
146,46.891003,46.0
147,44.86224,48.00000000000001
148,46.564987,48.00000000000001
149,47.59981,45.00000000000001
150,45.37158,43.0
151,42.67308,47.0
152,45.67948,49.0
153,48.790142,50.99999999999999
154,51.430294,52.0
155,53.010036,53.0
156,54.11519,55.0
157,55.883404,55.0
158,56.18273,55.0
159,55.542336,56.0
160,55.866863,56.99999999999999
161,56.663063,56.99999999999999
162,56.901203,59.0
163,58.946236,59.0
164,59.70809,60.0
165,60.668945,59.0
166,59.794167,59.0
167,59.28281,59.0
168,58.913563,59.0
169,58.760044,59.0
170,58.745953,59.0
171,58.814987,59.0
172,58.949974,59.0
173,59.056255,59.0
174,59.19502,59.0
175,59.29049,59.0
176,59.20891,59.0
177,59.19923,59.0
178,59.11256,58.0
179,58.217148,58.0
180,57.82502,56.99999999999999
181,56.566578,56.0
182,55.15573,56.0
183,54.705585,56.0
184,55.040535,55.0
185,54.708286,53.99999999999999
186,53.78404,53.99999999999999
187,53.766838,53.0
188,52.87442,53.0
189,52.732162,53.0
190,52.798447,52.0
191,52.087452,52.0
192,51.816944,52.0
193,51.76596,52.0
194,51.85769,52.0
195,51.860123,52.0
196,51.927708,52.0
197,52.010418,53.99999999999999
198,53.645542,53.99999999999999
199,54.342216,53.99999999999999
200,54.43571,53.99999999999999
201,54.403877,53.99999999999999
202,54.222122,53.99999999999999
203,54.00682,53.99999999999999
204,53.64511,55.0
205,54.68933,55.0
206,54.87594,55.0
207,55.39417,53.99999999999999
208,54.282463,53.99999999999999
209,53.90716,53.99999999999999
210,53.873558,53.0
211,52.917496,53.0
212,52.771687,53.0
213,52.89667,53.0
214,53.035778,53.0
215,53.210922,53.0
216,53.30757,53.0
217,53.33232,53.0
218,53.24482,56.0
219,55.39949,56.99999999999999
220,57.123886,58.0
221,58.235363,59.0
222,59.19754,59.0
223,59.368965,59.0
224,59.224003,60.0
225,60.080105,60.0
226,60.018036,59.0
227,59.066353,59.0
228,58.76613,59.0
229,58.630104,60.0
230,59.93998,60.0
231,60.605762,59.0
232,59.996902,59.0
233,59.622868,59.0
234,59.217304,59.0
235,58.967915,59.0
236,58.847954,58.0
237,57.90231,59.0
238,58.559914,59.0
239,58.971123,59.0
240,59.11661,58.0
241,58.22723,58.0
242,57.93071,53.99999999999999
243,54.37465,53.0
244,52.34301,52.0
245,50.895508,48.00000000000001
246,46.823242,48.00000000000001
247,45.826782,46.0
248,44.50794,43.0
249,41.803932,42.00000000000001
250,40.628735,41.0
251,39.994644,42.00000000000001
252,41.34232,41.0
253,41.263172,40.0
254,40.36706,40.0
255,40.286667,42.00000000000001
256,42.244827,42.00000000000001
257,43.064625,42.00000000000001
258,42.91751,42.00000000000001
259,42.49695,41.0
260,40.959835,42.00000000000001
261,41.423237,41.0
262,40.80181,42.00000000000001
263,41.65065,44.0
264,44.590576,45.00000000000001
265,46.59541,48.00000000000001
266,49.2831,50.0
267,51.303204,50.99999999999999
268,52.443913,50.0
269,51.435337,50.0
270,50.30124,48.00000000000001
271,47.448967,48.00000000000001
272,46.44287,48.00000000000001
273,46.517654,50.99999999999999
274,49.5449,52.0
275,51.852135,50.99999999999999
276,52.070793,50.0
277,51.26022,50.0
278,50.404312,49.0
279,48.54283,50.0
280,49.065296,50.99999999999999
281,50.57367,53.0
282,53.605846,53.99999999999999
283,55.544846,53.99999999999999
284,55.637657,53.99999999999999
285,55.19816,55.0
286,55.554287,56.0
287,56.245403,56.0
288,56.252106,56.0
289,56.100506,55.0
290,55.04392,55.0
291,54.641506,55.0
292,54.546642,55.0
293,54.631912,56.0
294,55.72236,56.99999999999999
295,57.09463,58.0
296,58.254944,58.0
297,58.672043,59.0
298,59.411903,58.0
299,58.728832,58.0
300,58.249096,58.0
301,57.793888,56.99999999999999
302,56.40257,58.0
303,57.06293,56.99999999999999
304,56.627785,56.0
305,55.53496,55.0
306,54.379353,55.0
307,54.516243,53.99999999999999
308,53.721672,53.99999999999999
309,53.708565,53.0
310,53.04448,52.0
311,51.98345,50.99999999999999
312,50.897106,50.0
313,49.659416,48.00000000000001
314,47.546593,50.99999999999999
315,49.68117,52.0
316,51.634457,53.0
317,53.30205,53.99999999999999
318,54.555267,53.99999999999999
319,54.917603,53.99999999999999
320,54.57979,55.0
321,55.013817,55.0
322,54.775024,55.0
323,54.630745,56.99999999999999
324,56.231476,59.0
325,58.643238,59.0
326,59.48958,59.0
327,60.17547,59.0
328,60.054935,59.0
329,59.612038,60.0
330,60.284046,60.0
331,60.395123,61.0
332,61.27879,61.0
333,61.626392,63.0
334,63.437706,63.0
335,63.886707,63.0
336,63.75564,64.0
337,64.39673,63.0
338,63.57548,62.0
339,62.31197,61.0
340,60.92415,60.0
341,59.651657,60.0
342,59.314163,60.0
343,59.54876,60.0
344,59.81574,60.0
345,60.04584,61.0
346,60.84122,61.0
347,61.294945,60.0
348,60.41096,60.0
349,59.66727,60.0
350,59.395084,61.0
351,60.556213,61.0
352,60.91285,62.0
353,62.337654,62.0
354,62.826553,62.0
355,62.80107,62.0
356,62.59167,61.0
357,61.399193,61.0
358,60.82094,61.0
359,60.737694,60.0
360,59.89233,60.0
361,59.755947,60.0
362,59.905193,61.0
363,60.851925,62.0
364,62.098156,63.0
365,63.38423,63.0
366,63.723244,62.0
367,62.82141,62.0
368,62.307713,61.0
369,61.06897,61.0
370,60.4599,62.0
371,61.327183,61.0
372,60.845043,61.0
373,60.603695,62.0
374,61.784954,61.0
375,61.3356,61.0
376,61.32717,61.0
377,61.205093,61.0
378,61.11967,61.0
379,61.096535,60.0
380,60.155174,61.0
381,60.807182,60.0
382,60.138817,60.0
383,59.939323,61.0
384,60.837536,61.0
385,61.18759,61.0
386,61.3721,61.0
387,61.375435,58.0
388,58.831966,56.99999999999999
389,56.994343,56.0
390,55.439445,56.0
391,55.12264,56.0
392,55.2387,56.0
393,55.689358,56.0
394,56.098793,56.0
395,56.288883,56.0
396,56.32893,55.0
397,55.333103,53.99999999999999
398,53.66339,53.99999999999999
399,53.242737,53.99999999999999
400,53.155495,53.99999999999999
401,53.523067,53.0
402,52.827198,53.0
403,52.86694,53.0
404,53.053375,53.99999999999999
405,54.22185,53.99999999999999
406,54.550274,53.0
407,53.688343,53.99999999999999
408,54.003822,53.0
409,53.159115,52.0
410,52.128727,52.0
411,51.7534,56.0
412,54.90265,56.0
413,56.169044,56.0
414,56.696903,56.0
415,56.767906,56.0
416,56.673542,56.0
417,56.22727,56.0
418,55.945545,56.99999999999999
419,56.59967,56.0
420,56.014606,56.0
421,55.616543,56.0
422,55.573486,56.99999999999999
423,56.64935,56.99999999999999
424,57.125435,58.0
425,58.271683,58.0
426,58.548252,59.0
427,59.405003,59.0
428,59.479992,59.0
429,59.27089,59.0
430,58.986786,59.0
431,58.845615,58.0
432,57.745384,58.0
433,57.508266,59.0
434,58.526886,59.0
435,59.1018,50.0
436,51.453564,49.0
437,48.02177,49.0
438,47.326794,48.00000000000001
439,46.832165,45.00000000000001
440,44.48536,45.00000000000001
441,44.283188,45.00000000000001
442,44.922276,42.00000000000001
443,42.77775,41.0
444,41.24981,40.0
445,39.909863,37.0
446,36.09016,36.0
447,34.04133,35.0
448,33.342854,37.0
449,36.43926,38.0
450,39.522846,39.00000000000001
451,41.519127,38.0
452,40.147728,40.0
453,40.871017,41.0
454,41.672604,41.0
455,41.48669,43.0
456,43.194378,44.0
457,44.522465,45.00000000000001
458,45.815495,45.00000000000001
459,45.855507,52.0
460,51.272934,52.0
461,52.961636,52.0
462,53.462917,50.99999999999999
463,52.36871,50.99999999999999
464,51.591545,52.0
465,51.837437,52.0
466,51.65353,52.0
467,51.64143,52.0
468,51.70693,52.0
469,51.813778,53.0
470,52.791233,52.0
471,52.332188,50.99999999999999
472,51.325184,50.99999999999999
473,50.437508,52.0
474,51.411915,50.99999999999999
475,50.836105,50.99999999999999
476,50.818443,50.99999999999999
477,50.919697,50.99999999999999
478,51.091312,50.99999999999999
479,51.15496,50.99999999999999
480,51.13642,52.0
481,52.01921,52.0
482,52.397858,52.0
483,52.470066,56.0
484,55.380836,56.99999999999999
485,57.10133,58.0
486,58.42415,58.0
487,58.758377,56.99999999999999
488,57.765327,56.0
489,56.211655,56.99999999999999
490,56.270115,56.0
491,55.568092,56.0
492,55.278416,56.0
493,55.433357,55.0
494,54.79403,55.0
495,54.81666,55.0
496,55.02115,56.0
497,56.132042,56.99999999999999
498,57.63442,58.0
499,58.96647,58.0
500,59.10988,58.0
501,58.661316,59.0
502,59.13262,58.0
503,57.976376,59.0
504,58.429264,59.0
505,58.568405,59.0
506,58.621082,59.0
507,58.81153,76.0
508,70.56047,77.0
509,75.18752,77.0
510,77.29597,77.0
511,78.345024,77.0
512,78.2907,75.0
513,75.8469,74.0
514,73.93533,73.0
515,72.25925,72.0
516,70.433495,70.0
517,68.0943,68.0
518,66.29774,67.0
519,65.461784,67.0
520,66.20601,67.0
521,67.07072,66.0
522,66.49468,66.0
523,66.463615,66.0
524,66.35136,66.0
525,66.28897,66.0
526,66.17121,63.0
527,63.281567,63.0
528,61.998455,62.0
529,60.8064,61.0
530,59.9354,60.0
531,59.190765,65.0
532,63.44927,65.0
533,65.26439,66.0
534,67.13428,66.0
535,67.40107,68.0
536,68.51743,68.0
537,68.52101,68.0
538,68.295395,67.0
539,66.713806,65.0
540,64.19595,65.0
541,63.735264,66.0
542,64.56906,70.0
543,68.34376,71.0
544,71.299225,70.0
545,71.12807,72.0
546,72.79851,73.0
547,73.895485,73.0
548,73.79659,74.0
549,74.4206,73.0
550,73.21065,72.0
551,71.943535,72.0
552,71.9827,74.0
553,73.399994,75.0
554,74.862274,74.0
555,74.51332,59.0
556,61.101685,59.0
557,56.81908,59.0
558,56.58985,59.0
559,57.85158,59.0
560,59.00434,58.0
561,59.01528,58.0
562,59.08631,59.0
563,59.8068,60.0
564,60.78058,60.0
565,61.001495,60.0
566,60.51101,61.0
567,60.759583,61.0
568,60.755272,60.0
569,59.77115,60.0
570,59.475697,61.0
571,60.461365,62.0
572,61.80504,61.0
573,61.389812,60.0
574,60.178722,59.0
575,58.875465,59.0
576,58.548203,59.0
577,58.53392,60.0
578,59.470158,60.0
579,59.947956,78.0
580,72.312416,79.0
581,77.08938,81.0
582,80.492165,83.0
583,83.094315,85.0
584,85.36085,88.0
585,88.181046,88.0
586,88.76823,88.0
587,88.50251,87.00000000000001
588,87.006744,87.00000000000001
589,85.763794,86.0
590,84.952354,84.00000000000001
591,83.03558,83.0
592,81.61757,81.0
593,79.79581,81.0
594,80.11795,80.0
595,79.85739,79.0
596,79.283615,80.0
597,79.937874,81.0
598,81.29148,81.0
599,81.518555,80.0
600,80.456085,78.0
601,78.19289,76.0
602,75.46457,73.0
603,72.06317,71.0
604,69.447044,69.0
605,67.19948,68.0
606,66.30228,67.0
607,65.85185,68.0
608,67.15974,69.0
609,68.85467,70.0
610,70.4448,72.0
611,72.40234,72.0
612,72.893524,72.0
613,72.721725,71.0
614,71.428856,69.0
615,68.74767,69.0
616,67.75845,68.0
617,66.64561,69.0
618,67.49277,69.0
619,68.44818,69.0
620,69.15989,68.0
621,68.608055,69.0
622,69.19088,69.0
623,69.28605,70.0
624,70.12064,69.0
625,69.12254,70.0
626,69.63964,70.0
627,70.00135,56.99999999999999
628,58.9744,59.0
629,57.2777,59.0
630,57.099564,59.0
631,57.705193,58.0
632,57.816177,56.99999999999999
633,57.347195,56.99999999999999
634,57.332275,56.99999999999999
635,57.356293,56.0
636,56.63273,56.99999999999999
637,57.191376,56.99999999999999
638,57.35926,56.99999999999999
639,57.35222,58.0
640,57.913692,58.0
641,58.237263,58.0
642,58.304905,58.0
643,58.231693,59.0
644,58.988476,59.0
645,59.22215,59.0
646,59.236145,58.0
647,58.25434,59.0
648,58.67643,59.0
649,59.050175,59.0
650,59.16159,58.0
651,58.14266,41.0
652,43.665844,41.0
653,38.02911,41.0
654,36.956173,40.0
655,37.456707,40.0
656,38.987053,41.0
657,41.45763,42.00000000000001
658,43.568974,42.00000000000001
659,44.20182,43.0
660,44.809578,42.00000000000001
661,42.58144,42.00000000000001
662,41.10926,44.0
663,43.01007,45.00000000000001
664,45.45463,46.0
665,47.353157,47.0
666,48.646107,50.0
667,51.59516,50.99999999999999
668,52.872875,50.0
669,51.323685,48.00000000000001
670,48.118855,50.0
671,48.930454,50.99999999999999
672,50.49347,52.0
673,52.24001,53.0
674,53.790264,53.0
675,53.95391,68.0
676,64.20874,68.0
677,67.58142,68.0
678,69.02729,67.0
679,68.6113,67.0
680,68.07087,67.0
681,67.51033,67.0
682,66.84646,66.0
683,65.5125,67.0
684,65.71013,67.0
685,66.10813,67.0
686,66.82218,68.0
687,68.67551,69.0
688,70.15541,69.0
689,70.39834,71.0
690,72.005714,72.0
691,72.86876,72.0
692,72.55932,72.0
693,72.12905,72.0
694,71.66545,72.0
695,71.51902,72.0
696,71.47104,72.0
697,71.59934,72.0
698,71.729744,72.0
699,72.00513,71.0
700,71.09617,71.0
701,70.84463,71.0
702,70.7842,71.0
703,70.85541,71.0
704,70.93362,71.0
705,71.0207,71.0
706,71.084885,72.0
707,72.00218,72.0
708,72.223,71.0
709,71.33883,72.0
710,71.90075,72.0
711,71.7251,72.0
712,71.7753,72.0
713,71.765564,71.0
714,70.73457,71.0
715,70.37176,72.0
716,71.41299,71.0
717,70.89575,71.0
718,70.80737,70.0
719,69.89276,69.0
720,68.69804,71.0
721,70.381935,70.0
722,70.15719,71.0
723,71.13205,70.0
724,70.44516,71.0
725,70.99258,71.0
726,71.01765,73.0
727,72.649734,74.0
728,74.0466,76.0
729,76.04342,78.0
730,77.84995,80.0
731,80.04364,80.0
732,80.57207,82.0
733,82.77593,85.0
734,85.59528,87.00000000000001
735,88.03269,87.00000000000001
736,88.241684,86.0
737,86.56118,87.00000000000001
738,86.69565,87.00000000000001
739,86.56338,88.0
740,87.60495,87.00000000000001
741,86.93569,88.0
742,87.99459,89.0
743,89.28948,92.0
744,92.49489,93.00000000000001
745,94.21697,93.00000000000001
746,94.07203,94.0
747,94.750626,93.00000000000001
748,93.32103,93.00000000000001
749,92.79086,94.0
750,93.61246,93.00000000000001
751,92.852264,92.0
752,91.81107,91.0
753,90.702126,88.0
754,87.90525,86.0
755,85.357475,85.0
756,83.89257,83.0
757,82.01172,80.0
758,78.95333,80.0
759,78.381905,80.0
760,78.869316,80.0
761,79.853226,79.0
762,79.314224,79.0
763,79.28051,79.0
764,79.00489,79.0
765,78.81958,79.0
766,78.652084,81.0
767,80.49964,80.0
768,80.253174,78.0
769,78.1033,78.0
770,77.39883,76.0
771,75.12356,79.0
772,77.50875,80.0
773,79.31817,80.0
774,80.052376,81.0
775,81.22923,83.0
776,83.15147,83.0
777,83.6766,82.0
778,82.59973,82.0
779,82.12836,82.0
780,81.93589,81.0
781,80.60761,79.0
782,78.17668,77.0
783,75.45569,76.0
784,74.01026,76.0
785,74.268394,77.0
786,76.81151,77.0
787,78.1985,78.0
788,79.4278,78.0
789,79.25589,79.0
790,79.6982,78.0
791,78.41808,77.0
792,76.666145,77.0
793,76.29505,77.0
794,76.05842,78.0
795,77.02171,77.0
796,76.60662,77.0
797,76.659,77.0
798,76.698654,76.0
799,75.94987,75.0
800,74.91319,75.0
801,74.58383,76.0
802,75.48741,77.0
803,76.73604,78.0
804,78.08966,80.0
805,80.26493,82.0
806,82.783226,83.0
807,84.42793,84.00000000000001
808,85.25001,87.00000000000001
809,87.86379,87.00000000000001
810,87.9174,87.00000000000001
811,87.32722,87.00000000000001
812,86.69982,87.00000000000001
813,86.35947,86.0
814,85.5561,85.0
815,84.53656,85.0
816,84.3065,85.0
817,84.46834,83.0
818,82.914536,84.00000000000001
819,83.79118,86.0
820,85.8798,85.0
821,85.633675,84.00000000000001
822,84.67664,83.0
823,83.16408,82.0
824,81.94043,81.0
825,80.72209,82.0
826,81.36088,82.0
827,81.745964,83.0
828,82.9551,83.0
829,83.46596,82.0
830,82.51815,82.0
831,81.80961,82.0
832,81.55281,79.0
833,78.09086,79.0
834,77.334335,79.0
835,77.73404,79.0
836,78.39002,79.0
837,78.87321,80.0
838,80.07738,82.0
839,82.306625,81.0
840,81.63154,81.0
841,81.24795,81.0
842,81.07095,80.0
843,79.888596,78.0
844,77.69162,77.0
845,76.21536,76.0
846,74.89089,76.0
847,75.01119,77.0
848,76.382385,77.0
849,77.159805,77.0
850,77.419655,75.0
851,75.775894,73.0
852,73.24845,71.0
853,70.57645,70.0
854,68.09378,69.0
855,66.65581,68.0
856,66.24222,67.0
857,65.89388,66.0
858,65.31186,66.0
859,65.60671,66.0
860,66.04281,64.0
861,64.215614,64.0
862,63.84678,61.0
863,60.84864,61.0
864,60.135414,61.0
865,60.014236,62.0
866,61.12475,63.0
867,62.51987,63.0
868,63.1136,64.0
869,64.02086,64.0
870,64.30562,64.0
871,64.285194,67.0
872,66.3582,68.0
873,67.96665,68.0
874,68.37981,70.0
875,69.88654,72.0
876,71.733406,72.0
877,72.331055,74.0
878,74.11135,75.0
879,75.62351,76.0
880,76.62,76.0
881,76.63972,77.0
882,77.29944,75.0
883,75.305145,74.0
884,73.40091,75.0
885,74.12865,74.0
886,73.57705,74.0
887,73.74854,74.0
888,74.05652,74.0
889,74.35432,72.0
890,72.673004,72.0
891,72.077614,72.0
892,71.84728,75.0
893,73.95566,75.0
894,75.287285,75.0
895,75.561676,72.0
896,72.953094,72.0
897,71.86635,72.0
898,71.39046,73.0
899,72.148094,73.0
900,72.47409,74.0
901,73.7251,73.0
902,73.47484,74.0
903,74.27402,74.0
904,74.366455,74.0
905,74.1209,75.0
906,75.03904,75.0
907,75.174194,75.0
908,75.20459,75.0
909,75.13513,75.0
910,75.00994,76.0
911,76.025505,75.0
912,75.24969,75.0
913,75.06617,75.0
914,74.927635,76.0
915,75.789795,75.0
916,75.291565,71.0
917,71.46646,70.0
918,69.4746,69.0
919,67.94075,69.0
920,67.92419,67.0
921,66.46535,65.0
922,64.631004,64.0
923,63.33189,64.0
924,63.225674,65.0
925,64.25998,64.0
926,63.986942,64.0
927,64.04586,64.0
928,63.909126,65.0
929,64.80714,64.0
930,64.05484,64.0
931,63.75646,65.0
932,64.59941,65.0
933,64.96192,65.0
934,64.91447,65.0
935,64.96274,65.0
936,65.131134,65.0
937,65.06158,66.0
938,66.07851,65.0
939,65.43723,66.0
940,66.14625,66.0
941,66.27901,67.0
942,67.18041,67.0
943,67.43233,67.0
944,67.30393,69.0
945,69.0284,69.0
946,69.53498,68.0
947,68.69818,68.0
948,68.21518,67.0
949,66.675,68.0
950,66.95894,67.0
951,66.26442,66.0
952,65.35154,65.0
953,64.37912,64.0
954,63.31969,66.0
955,65.11149,66.0
956,66.022766,66.0
957,66.548676,66.0
958,66.62962,66.0
959,66.45811,65.0
960,65.316536,66.0
961,65.57145,66.0
962,65.85753,64.0
963,64.08498,64.0
964,63.53431,63.0
965,62.601585,63.0
966,62.41011,62.0
967,61.821545,62.0
968,61.733448,62.0
969,61.887203,60.0
970,60.34182,59.0
971,59.01006,59.0
972,58.394337,59.0
973,58.13281,59.0
974,58.208347,59.0
975,58.69589,59.0
976,58.89484,60.0
977,60.052696,60.0
978,60.412903,60.0
979,60.383892,59.0
980,59.265163,59.0
981,58.81788,59.0
982,58.602905,59.0
983,58.456123,61.0
984,60.377888,60.0
985,60.27124,60.0
986,60.247543,60.0
987,60.275414,59.0
988,59.37181,59.0
989,58.963398,60.0
990,59.5963,60.0
991,60.268543,59.0
992,59.432762,58.0
993,58.279034,58.0
994,57.807243,58.0
995,57.764957,56.99999999999999
996,56.899693,56.99999999999999
997,56.50015,55.0
998,54.219234,55.0
999,53.91375,55.0
1000,53.951214,53.99999999999999
1001,53.24829,53.0
1002,52.31369,52.0
1003,51.24593,50.99999999999999
1004,50.201313,52.0
1005,51.357475,52.0
1006,52.012543,52.0
1007,52.267826,52.0
1008,52.187775,53.0
1009,53.07545,52.0
1010,52.26506,53.0
1011,52.734352,53.0
1012,52.78967,53.99999999999999
1013,53.71612,53.99999999999999
1014,53.994373,55.0
1015,54.86948,55.0
1016,55.142864,55.0
1017,55.35707,55.0
1018,55.23404,56.0
1019,55.947594,56.99999999999999
1020,57.28423,56.0
1021,56.594215,58.0
1022,58.175186,58.0
1023,58.712055,58.0
1024,58.637535,59.0
1025,59.314396,59.0
1026,59.347794,59.0
1027,59.259724,59.0
1028,59.08626,58.0
1029,57.925125,58.0
1030,57.53658,58.0
1031,57.61559,56.0
1032,56.05448,56.0
1033,55.551388,56.0
1034,55.54225,56.99999999999999
1035,56.64014,56.0
1036,56.365692,56.99999999999999
1037,57.259655,56.0
1038,56.75666,56.0
1039,56.309044,56.99999999999999
1040,56.851868,56.0
1041,56.10943,56.0
1042,55.935806,55.0
1043,54.89009,53.99999999999999
1044,53.73792,55.0
1045,54.16793,53.0
1046,52.790726,53.0
1047,52.44813,52.0
1048,51.33681,52.0
1049,51.427498,52.0
1050,51.800858,52.0
1051,52.246758,52.0
1052,52.43445,52.0
1053,52.419025,52.0
1054,52.15517,52.0
1055,52.053585,53.0
1056,52.749977,52.0
1057,52.116592,53.0
1058,52.78078,50.99999999999999
1059,51.15946,52.0
1060,51.458576,48.00000000000001
1061,47.92833,50.99999999999999
1062,49.670097,48.00000000000001
1063,47.93972,48.00000000000001
1064,47.34112,53.99999999999999
1065,52.219112,56.99999999999999
1066,56.48647,58.0
1067,58.625153,59.0
1068,60.03688,60.0
1069,61.630146,62.0
1070,62.89044,63.0
1071,64.088005,65.0
1072,65.70975,65.0
1073,65.74672,65.0
1074,65.451065,65.0
1075,64.99969,65.0
1076,64.79308,65.0
1077,64.69868,65.0
1078,64.92608,65.0
1079,65.22588,65.0
1080,65.4774,65.0
1081,65.565056,65.0
1082,65.50792,66.0
1083,66.29664,65.0
1084,65.5691,67.0
1085,67.04962,66.0
1086,66.44958,67.0
1087,67.13327,67.0
1088,67.18805,65.0
1089,65.466484,63.0
1090,63.03112,63.0
1091,62.150166,62.0
1092,61.195328,62.0
1093,60.786186,60.0
1094,59.225742,61.0
1095,60.167362,59.0
1096,58.805214,61.0
1097,60.598362,61.0
1098,61.546352,61.0
1099,61.87666,61.0
1100,61.7993,61.0
1101,61.408722,60.0
1102,60.301086,61.0
1103,60.59041,61.0
1104,60.77127,62.0
1105,61.747177,62.0
1106,62.18994,62.0
1107,62.342834,52.0
1108,54.01294,50.99999999999999
1109,50.38191,50.0
1110,48.404995,49.0
1111,47.919884,48.00000000000001
1112,47.142387,45.00000000000001
1113,44.862206,44.0
1114,43.52989,43.0
1115,42.61264,42.00000000000001
1116,41.857925,40.0
1117,39.710987,41.0
1118,40.025314,39.00000000000001
1119,38.468475,38.0
1120,37.43348,39.00000000000001
1121,38.47099,39.00000000000001
1122,39.27312,39.00000000000001
1123,39.53786,40.0
1124,40.530415,38.0
1125,38.642376,39.00000000000001
1126,38.79833,37.0
1127,36.744152,36.0
1128,35.18836,38.0
1129,37.27655,39.00000000000001
1130,39.151424,41.0
1131,41.834885,59.0
1132,56.225212,59.0
1133,60.6886,60.0
1134,62.40114,61.0
1135,63.02231,60.0
1136,61.75904,60.0
1137,60.580276,60.0
1138,59.549847,60.0
1139,59.025974,60.0
1140,58.91104,61.0
1141,59.91198,60.0
1142,59.777477,60.0
1143,60.04134,60.0
1144,60.31098,60.0
1145,60.38797,59.0
1146,59.30102,58.0
1147,57.78589,56.99999999999999
1148,56.19258,56.99999999999999
1149,55.96991,56.99999999999999
1150,56.26478,59.0
1151,58.512363,59.0
1152,59.357082,58.0
1153,58.797577,58.0
1154,58.419594,56.99999999999999
1155,57.4326,47.0
1156,48.086758,49.0
1157,47.071045,50.0
1158,48.02362,52.0
1159,50.765583,52.0
1160,52.342934,53.0
1161,53.8629,53.0
1162,54.394863,53.99999999999999
1163,55.070705,53.99999999999999
1164,54.988956,55.0
1165,55.40844,56.0
1166,55.98711,56.0
1167,55.92839,56.0
1168,55.774734,56.0
1169,55.846,56.99999999999999
1170,56.66069,56.99999999999999
1171,57.09633,56.99999999999999
1172,57.3093,56.99999999999999
1173,57.301945,58.0
1174,58.072815,58.0
1175,58.233532,56.99999999999999
1176,57.30842,56.99999999999999
1177,56.928406,56.0
1178,55.961895,55.0
1179,54.958717,50.99999999999999
1180,50.8466,52.0
1181,50.94017,52.0
1182,51.162273,52.0
1183,51.54651,52.0
1184,52.071426,53.0
1185,53.279232,53.0
1186,53.703476,53.0
1187,53.744995,53.0
1188,53.58041,53.0
1189,53.019566,53.0
1190,52.467945,53.0
1191,52.322212,53.0
1192,52.412834,53.0
1193,52.597557,53.99999999999999
1194,54.15981,53.99999999999999
1195,54.610126,53.99999999999999
1196,54.698917,53.99999999999999
1197,54.519672,55.0
1198,55.29304,56.0
1199,56.371616,56.0
1200,56.56468,55.0
1201,55.485355,55.0
1202,54.97396,55.0
1203,54.73404,58.0
1204,57.22542,58.0
1205,58.11395,56.99999999999999
1206,57.56466,56.99999999999999
1207,57.2068,56.99999999999999
1208,57.040985,58.0
1209,57.736588,56.99999999999999
1210,57.033577,58.0
1211,57.8168,56.99999999999999
1212,57.045135,56.99999999999999
1213,56.90339,56.99999999999999
1214,56.75275,58.0
1215,57.66778,58.0
1216,58.125645,58.0
1217,58.36129,58.0
1218,58.38659,56.99999999999999
1219,57.245525,56.0
1220,55.728485,56.0
1221,55.232983,55.0
1222,54.33545,55.0
1223,54.35667,52.0
1224,51.690197,52.0
1225,51.1217,53.0
1226,52.267994,53.0
1227,52.84746,59.0
1228,57.397186,58.0
1229,58.361835,56.99999999999999
1230,58.114666,56.99999999999999
1231,57.765057,58.0
1232,58.26317,59.0
1233,58.900368,60.0
1234,59.861702,60.0
1235,60.041832,61.0
1236,60.85054,62.0
1237,62.15768,63.0
1238,63.482166,63.0
1239,63.876156,62.0
1240,62.81002,61.0
1241,61.132442,62.0
1242,61.36485,62.0
1243,61.72221,61.0
1244,60.997986,60.0
1245,59.972206,61.0
1246,60.68561,62.0
1247,61.962074,63.0
1248,63.344467,64.0
1249,64.56063,64.0
1250,64.89597,65.0
1251,65.571365,74.0
1252,71.90994,73.0
1253,73.023895,73.0
1254,73.77674,72.0
1255,72.851105,70.0
1256,70.50165,71.0
1257,70.38732,71.0
1258,70.114105,72.0
1259,71.31419,72.0
1260,71.654854,72.0
1261,72.14819,72.0
1262,72.33251,67.0
1263,67.24154,65.0
1264,63.1251,65.0
1265,61.653202,63.0
1266,60.601856,62.0
1267,60.386227,61.0
1268,60.36546,60.0
1269,60.03079,60.0
1270,60.215855,61.0
1271,61.37803,62.0
1272,62.668552,60.0
1273,61.179974,60.0
1274,60.48005,60.0
1275,59.902058,60.0
1276,59.560867,60.0
1277,59.717793,61.0
1278,60.49947,61.0
1279,61.056705,62.0
1280,62.123367,62.0
1281,62.385464,62.0
1282,62.29674,62.0
1283,62.202034,61.0
1284,61.132717,61.0
1285,60.64262,61.0
1286,60.373226,61.0
1287,60.387848,61.0
1288,60.71471,61.0
1289,61.077587,62.0
1290,62.300404,62.0
1291,62.673748,62.0
1292,62.54206,64.0
1293,64.08384,63.0
1294,63.60542,63.0
1295,63.23572,63.0
1296,62.839424,63.0
1297,62.631214,63.0
1298,62.634148,63.0
1299,62.757008,70.0
1300,67.798325,68.0
1301,68.173515,66.0
1302,67.01033,65.0
1303,65.64347,62.0
1304,62.412,59.0
1305,58.628067,59.0
1306,57.435284,59.0
1307,57.419678,59.0
1308,58.137005,59.0
1309,59.022083,58.0
1310,58.75139,58.0
1311,58.58214,58.0
1312,58.241787,58.0
1313,57.94007,56.99999999999999
1314,56.62727,56.0
1315,54.960583,56.0
1316,54.738388,58.0
1317,57.010345,59.0
1318,59.034958,56.99999999999999
1319,57.925274,56.99999999999999
1320,57.33116,58.0
1321,57.8399,56.99999999999999
1322,57.073498,56.99999999999999
1323,56.60862,69.0
1324,65.22888,68.0
1325,67.863,68.0
1326,68.92814,67.0
1327,68.515976,67.0
1328,67.843735,66.0
1329,66.457535,65.0
1330,64.66133,63.0
1331,62.15914,63.0
1332,61.399204,64.0
1333,62.3336,67.0
1334,66.294014,69.0
1335,69.93563,68.0
1336,70.28368,69.0
1337,70.707344,68.0
1338,68.68345,68.0
1339,67.35552,68.0
1340,66.68577,70.0
1341,68.645615,68.0
1342,67.48406,68.0
1343,67.4591,66.0
1344,65.6538,67.0
1345,66.048775,67.0
1346,66.53473,68.0
1347,67.655525,56.99999999999999
1348,58.782963,55.0
1349,54.331257,53.99999999999999
1350,52.30785,53.99999999999999
1351,52.53329,53.99999999999999
1352,53.318264,53.99999999999999
1353,54.40024,53.99999999999999
1354,55.02373,53.99999999999999
1355,55.473686,53.99999999999999
1356,55.255196,53.0
1357,54.081562,52.0
1358,51.767315,52.0
1359,50.829853,52.0
1360,50.802273,50.0
1361,48.86518,50.0
1362,48.82698,49.0
1363,48.294083,47.0
1364,46.417274,48.00000000000001
1365,47.34247,49.0
1366,49.12366,49.0
1367,49.76433,47.0
1368,47.95488,45.00000000000001
1369,45.14004,43.0
1370,42.193394,43.0
1371,40.958733,53.0
1372,49.116673,53.99999999999999
1373,53.77048,53.99999999999999
1374,55.926308,53.99999999999999
1375,56.497402,55.0
1376,56.62721,55.0
1377,55.919205,53.99999999999999
1378,54.387745,55.0
1379,54.206333,55.0
1380,54.26649,55.0
1381,54.21909,55.0
1382,54.47112,55.0
1383,54.759224,56.0
1384,56.21519,56.99999999999999
1385,57.689705,56.99999999999999
1386,57.97912,56.99999999999999
1387,57.724174,58.0
1388,58.333157,58.0
1389,58.31781,59.0
1390,58.977665,58.0
1391,57.919712,56.99999999999999
1392,56.707584,56.99999999999999
1393,56.274513,56.0
1394,55.411743,56.0
1395,55.409172,80.0
1396,72.51077,79.0
1397,77.482285,79.0
1398,79.94741,78.0
1399,79.84371,78.0
1400,79.43852,79.0
1401,79.508644,79.0
1402,79.01981,79.0
1403,78.5291,79.0
1404,78.114426,79.0
1405,77.84936,80.0
1406,78.98132,81.0
1407,80.93553,80.0
1408,80.700775,79.0
1409,79.47569,78.0
1410,77.732666,77.0
1411,76.08882,76.0
1412,74.899826,76.0
1413,74.949715,75.0
1414,74.43964,76.0
1415,75.54584,75.0
1416,75.16323,74.0
1417,74.24189,74.0
1418,73.93738,74.0
1419,73.939,74.0
1420,73.92871,74.0
1421,74.008484,73.0
1422,73.17742,73.0
1423,72.903824,73.0
1424,72.777466,73.0
1425,72.690926,74.0
1426,73.530945,75.0
1427,74.75175,74.0
1428,74.229935,76.0
1429,75.69937,76.0
1430,76.24323,75.0
1431,75.13566,74.0
1432,73.65514,75.0
1433,74.143,76.0
1434,75.4211,77.0
1435,77.029205,76.0
1436,76.61843,76.0
1437,76.424515,75.0
1438,75.39059,75.0
1439,74.973656,75.0
1440,74.91982,76.0
1441,75.86303,76.0
1442,76.29703,75.0
1443,75.618164,74.0
1444,74.31302,74.0
1445,73.961876,73.0
1446,72.986176,73.0
1447,72.685196,71.0
1448,70.945175,69.0
1449,68.72823,66.0
1450,65.50679,65.0
1451,63.751816,64.0
1452,62.262646,62.0
1453,60.692833,62.0
1454,60.986675,63.0
1455,62.444126,63.0
1456,63.26715,62.0
1457,62.586384,61.0
1458,61.471554,60.0
1459,59.91759,60.0
1460,59.260212,62.0
1461,60.926224,62.0
1462,61.742096,62.0
1463,62.074593,64.0
1464,63.99966,64.0
1465,64.48548,65.0
1466,65.316826,66.0
1467,66.16816,67.0
1468,67.38275,68.0
1469,68.22574,69.0
1470,69.31028,69.0
1471,69.5376,70.0
1472,70.13773,70.0
1473,70.32825,71.0
1474,71.09161,71.0
1475,71.25185,72.0
1476,72.12123,71.0
1477,71.419655,73.0
1478,72.79692,74.0
1479,74.380516,76.0
1480,76.66637,78.0
1481,79.19692,80.0
1482,81.399796,81.0
1483,82.28826,81.0
1484,81.86454,81.0
1485,81.12231,81.0
1486,80.54784,82.0
1487,81.33867,82.0
1488,81.70742,82.0
1489,81.93636,82.0
1490,81.972015,82.0
1491,82.05241,83.0
1492,83.15438,83.0
1493,83.29383,82.0
1494,82.376785,82.0
1495,82.03342,82.0
1496,81.87526,83.0
1497,82.73308,83.0
1498,83.04152,82.0
1499,82.12988,81.0
1500,81.279045,81.0
1501,80.85121,78.0
1502,77.50122,75.0
1503,72.85157,74.0
1504,70.91308,72.0
1505,69.62601,71.0
1506,69.71999,70.0
1507,69.69517,69.0
1508,69.22356,69.0
1509,69.181175,69.0
1510,69.24449,67.0
1511,67.347084,64.0
1512,63.861923,65.0
1513,63.671555,64.0
1514,63.18938,63.0
1515,62.520813,62.0
1516,61.64645,61.0
1517,60.49933,63.0
1518,62.36752,62.0
1519,62.27237,61.0
1520,61.34512,60.0
1521,60.085686,59.0
1522,58.575848,60.0
1523,59.274986,60.0
1524,59.663868,61.0
1525,60.81691,61.0
1526,61.423477,62.0
1527,62.71111,62.0
1528,62.81658,61.0
1529,61.561203,60.0
1530,59.859985,60.0
1531,59.12998,60.0
1532,59.118477,60.0
1533,59.46983,60.0
1534,59.82571,61.0
1535,61.06889,61.0
1536,61.63453,60.0
1537,60.762093,59.0
1538,59.338352,59.0
1539,58.836624,58.0
1540,57.90913,58.0
1541,57.59655,56.0
1542,55.818615,56.0
1543,55.440575,55.0
1544,54.56905,56.0
1545,55.54007,55.0
1546,55.136097,56.0
1547,55.93677,55.0
1548,55.44389,53.99999999999999
1549,54.245827,53.0
1550,52.39419,52.0
1551,51.103447,50.99999999999999
1552,49.568535,52.0
1553,50.852833,53.0
1554,53.046875,53.99999999999999
1555,55.067024,53.99999999999999
1556,55.43462,53.0
1557,54.03367,53.99999999999999
1558,54.21535,53.0
1559,52.94028,53.0
1560,52.487354,53.0
1561,52.47144,53.99999999999999
1562,53.51359,53.99999999999999
1563,54.02189,58.0
1564,57.282265,59.0
1565,59.52075,61.0
1566,61.497425,63.0
1567,63.367924,63.0
1568,63.746197,63.0
1569,63.620975,64.0
1570,64.20325,64.0
1571,64.01717,64.0
1572,63.780308,64.0
1573,63.684803,64.0
1574,63.915733,64.0
1575,64.21248,64.0
1576,64.17139,63.0
1577,63.263416,62.0
1578,61.848465,63.0
1579,62.604378,63.0
1580,63.140858,63.0
1581,63.276028,63.0
1582,63.28588,64.0
1583,64.10573,64.0
1584,64.27861,64.0
1585,64.368614,63.0
1586,63.225494,63.0
1587,62.91925,59.0
1588,59.335636,58.0
1589,57.03859,56.99999999999999
1590,55.752007,56.99999999999999
1591,55.509552,56.0
1592,55.20642,56.0
1593,55.510063,55.0
1594,55.068756,53.99999999999999
1595,54.17678,53.99999999999999
1596,53.967377,53.99999999999999
1597,53.701347,53.0
1598,52.47034,53.0
1599,52.347996,53.99999999999999
1600,53.460796,53.0
1601,52.996117,53.99999999999999
1602,54.128044,55.0
1603,55.282192,56.0
1604,56.86174,56.0
1605,56.96066,56.0
1606,56.693268,56.0
1607,56.33252,55.0
1608,54.97534,56.0
1609,55.375744,56.0
1610,55.558437,56.0
1611,55.796677,55.0
1612,55.13912,53.99999999999999
1613,54.095608,53.0
1614,52.827747,52.0
1615,51.631683,53.0
1616,52.229145,53.0
1617,52.720146,55.0
1618,54.74079,56.0
1619,56.26732,56.99999999999999
1620,57.59929,58.0
1621,58.641953,58.0
1622,58.89154,59.0
1623,59.791767,58.0
1624,58.6286,58.0
1625,57.83194,56.99999999999999
1626,56.20576,56.0
1627,55.043476,56.99999999999999
1628,55.90424,56.0
1629,55.761913,55.0
1630,55.1543,56.0
1631,56.02294,59.0
1632,58.93389,59.0
1633,60.083866,59.0
1634,60.300137,59.0
1635,60.015827,59.0
1636,59.594193,60.0
1637,59.97212,60.0
1638,59.942375,60.0
1639,59.998596,60.0
1640,60.00438,60.0
1641,60.064877,59.0
1642,59.260246,59.0
1643,58.897682,59.0
1644,58.83801,58.0
1645,57.8348,58.0
1646,57.7399,58.0
1647,57.627277,59.0
1648,58.577408,60.0
1649,60.143692,60.0
1650,60.68092,59.0
1651,59.700912,58.0
1652,58.071796,59.0
1653,58.305733,59.0
1654,58.547916,59.0
1655,58.802013,56.0
1656,56.192375,56.99999999999999
1657,56.390305,58.0
1658,57.50843,59.0
1659,58.902046,59.0
1660,59.41173,60.0
1661,60.406857,60.0
1662,60.54502,61.0
1663,61.200157,61.0
1664,61.429432,61.0
1665,61.200108,61.0
1666,61.144196,61.0
1667,60.958656,60.0
1668,59.99442,61.0
1669,60.38154,62.0
1670,61.737965,62.0
1671,62.4954,62.0
1672,62.5234,62.0
1673,62.440575,62.0
1674,62.193012,62.0
1675,61.95213,62.0
1676,61.815765,62.0
1677,61.791683,62.0
1678,61.897823,61.0
1679,61.040817,62.0
1680,61.712467,61.0
1681,61.229004,60.0
1682,60.25768,59.0
1683,59.05801,59.0
1684,58.723907,59.0
1685,58.702557,58.0
1686,57.970882,58.0
1687,57.76143,58.0
1688,57.73638,59.0
1689,58.689075,59.0
1690,59.30697,56.99999999999999
1691,57.56472,56.0
1692,56.144665,56.0
1693,55.41754,56.0
1694,55.058723,56.0
1695,55.318993,56.99999999999999
1696,56.751743,56.99999999999999
1697,57.42446,58.0
1698,58.584145,58.0
1699,58.82587,58.0
1700,58.55151,60.0
1701,59.96377,60.0
1702,60.29034,61.0
1703,61.195816,60.0
1704,60.317898,60.0
1705,59.883423,59.0
1706,58.773575,59.0
1707,58.578415,59.0
1708,58.68528,59.0
1709,58.858967,59.0
1710,59.027187,58.0
1711,58.35957,59.0
1712,58.90919,59.0
1713,59.165154,60.0
1714,60.02143,62.0
1715,61.96433,62.0
1716,62.749763,62.0
1717,62.80644,63.0
1718,63.30271,64.0
1719,63.941513,66.0
1720,65.93833,65.0
1721,65.5692,66.0
1722,66.37913,66.0
1723,66.31712,67.0
1724,67.10484,66.0
1725,66.37693,67.0
1726,66.98681,67.0
1727,67.16511,66.0
1728,66.229866,67.0
1729,66.916145,68.0
1730,68.05117,68.0
1731,68.48673,69.0
1732,69.33208,68.0
1733,68.74797,69.0
1734,69.351746,69.0
1735,69.45768,68.0
1736,68.429985,68.0
1737,68.071846,67.0
1738,67.03387,66.0
1739,65.83695,66.0
1740,65.47929,65.0
1741,64.50528,64.0
1742,63.4471,62.0
1743,61.30646,60.0
1744,58.829422,60.0
1745,58.277473,59.0
1746,58.06804,60.0
1747,59.292114,59.0
1748,59.16294,59.0
1749,59.30399,58.0
1750,58.379333,58.0
1751,57.907307,59.0
1752,58.63975,59.0
1753,58.994568,58.0
1754,58.137527,59.0
1755,58.67614,58.0
1756,57.955856,59.0
1757,58.595356,59.0
1758,59.011032,59.0
1759,59.12098,60.0
1760,59.961857,60.0
1761,60.204952,61.0
1762,61.128334,62.0
1763,62.092876,62.0
1764,62.43644,63.0
1765,63.332306,64.0
1766,64.35276,64.0
1767,64.64911,63.0
1768,63.392776,62.0
1769,61.715828,62.0
1770,61.067997,62.0
1771,61.102192,62.0
1772,61.525368,62.0
1773,61.978107,63.0
1774,63.10312,62.0
1775,62.56335,62.0
1776,62.285362,62.0
1777,62.172825,62.0
1778,62.185104,61.0
1779,61.12734,61.0
1780,60.819748,60.0
1781,59.916233,60.0
1782,59.74495,59.0
1783,58.979633,59.0
1784,58.678455,60.0
1785,59.68641,60.0
1786,60.053646,60.0
1787,60.193504,61.0
1788,61.16321,62.0
1789,62.32222,63.0
1790,63.511215,63.0
1791,63.569603,63.0
1792,63.190907,65.0
1793,64.76487,65.0
1794,65.20447,64.0
1795,64.30525,63.0
1796,62.86167,62.0
1797,61.3871,61.0
1798,60.094646,61.0
1799,60.115448,62.0
1800,61.51913,62.0
1801,62.406628,61.0
1802,61.926395,62.0
1803,62.540012,62.0
1804,62.617813,63.0
1805,63.32741,64.0
1806,64.38943,64.0
1807,64.64661,64.0
1808,64.47243,64.0
1809,64.368866,62.0
1810,62.40279,60.0
1811,59.95109,60.0
1812,58.927727,60.0
1813,58.542233,60.0
1814,59.08258,59.0
1815,58.911762,60.0
1816,59.84739,60.0
1817,60.274498,60.0
1818,60.561565,60.0
1819,60.446804,61.0
1820,61.14859,61.0
1821,61.16524,61.0
1822,60.977207,62.0
1823,61.836872,62.0
1824,62.004887,62.0
1825,61.98199,62.0
1826,62.139343,62.0
1827,62.1458,61.0
1828,61.291237,61.0
1829,60.996323,61.0
1830,60.91046,61.0
1831,60.94328,61.0
1832,61.015293,61.0
1833,61.006916,61.0
1834,61.06342,61.0
1835,61.114773,61.0
1836,61.198177,60.0
1837,60.097717,58.0
1838,57.886845,59.0
1839,57.965477,58.0
1840,57.065266,58.0
1841,57.243137,60.0
1842,59.69273,60.0
1843,60.750717,61.0
1844,61.95882,62.0
1845,63.048527,63.0
1846,63.85368,61.0
1847,61.792736,60.0
1848,59.614395,61.0
1849,59.849586,61.0
1850,60.0638,61.0
1851,60.476307,41.0
1852,44.033386,43.0
1853,39.632282,45.00000000000001
1854,41.497776,47.0
1855,45.43642,50.99999999999999
1856,50.698692,52.0
1857,53.52645,52.0
1858,54.40192,53.0
1859,55.05284,53.99999999999999
1860,55.493946,53.99999999999999
1861,55.287243,53.99999999999999
1862,54.713924,55.0
1863,54.52284,55.0
1864,54.504574,56.0
1865,55.649513,56.0
1866,56.25742,56.0
1867,56.503937,56.0
1868,56.477184,56.0
1869,56.376984,56.0
1870,56.270954,56.99999999999999
1871,57.07718,56.99999999999999
1872,57.380573,56.99999999999999
1873,57.449154,56.99999999999999
1874,57.382168,56.0
1875,56.306965,58.0
1876,57.567837,56.99999999999999
1877,57.163002,56.0
1878,56.224537,56.0
1879,55.964993,56.0
1880,55.846783,56.0
1881,55.872425,55.0
1882,55.165283,53.99999999999999
1883,53.982056,53.0
1884,52.84877,52.0
1885,51.07495,50.99999999999999
1886,49.77631,47.0
1887,45.509655,44.0
1888,40.859398,43.0
1889,39.27287,42.00000000000001
1890,39.37969,42.00000000000001
1891,40.792385,41.0
1892,41.102547,39.00000000000001
1893,39.579063,36.0
1894,35.94272,32.0
1895,30.70128,32.0
1896,29.167103,32.0
1897,29.704033,33.0
1898,31.880566,31.0
1899,31.403675,55.0
1900,50.259792,53.99999999999999
1901,56.571045,53.99999999999999
1902,57.84307,53.0
1903,56.469448,53.0
1904,54.781998,53.0
1905,53.153507,53.0
1906,52.073017,53.0
1907,51.54256,53.99999999999999
1908,52.398693,53.0
1909,52.117767,53.0
1910,52.27039,53.0
1911,52.625854,53.99999999999999
1912,53.78205,53.99999999999999
1913,54.34885,53.99999999999999
1914,54.56369,55.0
1915,55.42921,56.0
1916,56.46397,56.0
1917,56.556572,56.0
1918,56.197407,56.0
1919,55.841167,56.99999999999999
1920,56.47207,56.99999999999999
1921,56.735085,58.0
1922,57.809273,59.0
1923,59.153862,55.0
1924,56.082546,56.0
1925,55.822216,56.0
1926,55.726448,56.0
1927,55.858017,56.0
1928,56.165512,56.0
1929,56.206608,56.0
1930,56.367676,56.0
1931,56.46809,56.99999999999999
1932,57.209743,56.99999999999999
1933,57.423885,58.0
1934,58.23151,58.0
1935,58.463673,59.0
1936,59.213634,59.0
1937,59.33544,59.0
1938,59.235695,59.0
1939,59.086052,58.0
1940,57.953556,58.0
1941,57.527767,56.99999999999999
1942,56.54682,56.0
1943,55.54063,56.99999999999999
1944,56.46742,56.99999999999999
1945,57.09724,56.99999999999999
1946,57.531166,56.99999999999999
1947,57.658207,53.0
1948,54.244305,53.0
1949,52.85895,53.0
1950,52.366917,53.0
1951,52.315907,53.0
1952,52.632755,53.0
1953,52.879364,53.0
1954,53.11678,53.0
1955,53.221832,53.0
1956,53.298878,53.0
1957,52.95876,53.99999999999999
1958,54.02001,52.0
1959,52.1142,52.0
1960,51.301445,52.0
1961,51.308304,50.99999999999999
1962,50.599525,52.0
1963,51.838493,53.0
1964,53.54209,52.0
1965,52.962296,53.0
1966,53.6089,55.0
1967,55.44604,55.0
1968,55.881874,55.0
1969,55.684834,55.0
1970,55.315674,55.0
1971,55.042763,65.0
1972,62.196285,66.0
1973,65.456055,66.0
1974,66.82283,65.0
1975,66.34247,65.0
1976,65.87087,64.0
1977,64.364174,64.0
1978,63.600178,64.0
1979,63.123474,62.0
1980,61.211815,62.0
1981,60.92636,61.0
1982,60.340668,60.0
1983,59.537964,61.0
1984,60.52552,60.0
1985,60.33356,61.0
1986,61.218,60.0
1987,60.509193,62.0
1988,62.15992,62.0
1989,62.615234,62.0
1990,62.66675,60.0
1991,60.50282,60.0
1992,59.49614,58.0
1993,57.33531,58.0
1994,56.869884,56.99999999999999
1995,56.08446,60.0
1996,58.70966,62.0
1997,61.373875,61.0
1998,61.793346,62.0
1999,62.651443,63.0
2000,63.34407,69.0
2001,67.740654,70.0
2002,70.28992,69.0
2003,69.66984,70.0
2004,69.95547,70.0
2005,69.83826,70.0
2006,69.57879,70.0
2007,69.582306,70.0
2008,69.52679,71.0
2009,70.39434,71.0
2010,71.04636,71.0
2011,71.48228,72.0
2012,72.64457,74.0
2013,74.860115,74.0
2014,75.34151,74.0
2015,75.17004,74.0
2016,74.70117,73.0
2017,73.51293,73.0
2018,72.97267,73.0
2019,72.66972,63.0
2020,63.899208,62.0
2021,59.92896,61.0
2022,58.868732,61.0
2023,59.541782,60.0
2024,59.6273,59.0
2025,59.25381,58.0
2026,58.5007,56.99999999999999
2027,57.496204,58.0
2028,58.010197,58.0
2029,58.19753,56.99999999999999
2030,57.016113,56.99999999999999
2031,56.225304,56.0
2032,55.102375,56.0
2033,55.13227,55.0
2034,54.365597,55.0
2035,54.432667,55.0
2036,54.63754,53.99999999999999
2037,53.967064,53.99999999999999
2038,53.79854,55.0
2039,54.645676,55.0
2040,54.98739,55.0
2041,55.1374,55.0
2042,55.01484,53.99999999999999
2043,54.142986,56.99999999999999
2044,56.01832,56.0
2045,56.04364,56.0
2046,56.171402,53.99999999999999
2047,54.472435,55.0
2048,54.603386,55.0
2049,54.7223,53.99999999999999
2050,53.938107,53.99999999999999
2051,53.931652,53.0
2052,53.096508,53.99999999999999
2053,53.663036,53.0
2054,53.121185,53.0
2055,52.82164,53.0
2056,52.76548,53.0
2057,52.80418,53.0
2058,52.621426,53.0
2059,52.69905,53.0
2060,52.772713,49.0
2061,48.541298,39.00000000000001
2062,37.194447,40.0
2063,35.183964,37.0
2064,33.591248,34.0
2065,31.459991,38.0
2066,36.035244,42.00000000000001
2067,42.331245,70.0
2068,64.54047,71.0
2069,72.15487,72.0
2070,74.54605,73.0
2071,75.18915,74.0
2072,75.48973,75.0
2073,75.60429,76.0
2074,75.66598,76.0
2075,75.21156,78.0
2076,76.66874,76.0
2077,75.27213,76.0
2078,75.07131,76.0
2079,75.30141,78.0
2080,77.31677,77.0
2081,77.160774,76.0
2082,76.36339,76.0
2083,76.16145,77.0
2084,76.83422,77.0
2085,76.90207,77.0
2086,77.03586,76.0
2087,75.91767,78.0
2088,77.50198,78.0
2089,78.005516,79.0
2090,78.98234,78.0
2091,78.36762,43.0
2092,49.050953,43.0
2093,37.27043,42.00000000000001
2094,35.410652,42.00000000000001
2095,38.65094,42.00000000000001
2096,41.740826,43.0
2097,44.969856,42.00000000000001
2098,45.26429,40.0
2099,42.839863,41.0
2100,42.08821,44.0
2101,44.320488,45.00000000000001
2102,46.126778,43.0
2103,43.993313,43.0
2104,42.68848,44.0
2105,43.36002,44.0
2106,43.81612,44.0
2107,44.139816,44.0
2108,44.33247,41.0
2109,41.40594,41.0
2110,40.397083,40.0
2111,39.512787,40.0
2112,39.51024,41.0
2113,40.914024,40.0
2114,40.778778,41.0
2115,41.558624,56.99999999999999
2116,53.157433,56.99999999999999
2117,57.42383,56.99999999999999
2118,58.970497,56.0
2119,58.49942,56.0
2120,57.445347,56.0
2121,56.44329,56.0
2122,55.458954,55.0
2123,54.02505,55.0
2124,53.68482,53.99999999999999
2125,52.98029,52.0
2126,51.00244,50.99999999999999
2127,49.60068,49.0
2128,47.50159,45.00000000000001
2129,42.945587,43.0
2130,40.03241,41.0
2131,38.403854,40.0
2132,38.261288,40.0
2133,39.516304,39.00000000000001
2134,39.43931,40.0
2135,40.488667,42.00000000000001
2136,42.660057,40.0
2137,41.04987,39.00000000000001
2138,39.030243,39.00000000000001
2139,38.230537,60.0
2140,53.65249,58.0
2141,58.526413,56.99999999999999
2142,59.629227,55.0
2143,57.82598,56.0
2144,57.326942,56.0
2145,56.459656,56.0
2146,55.702957,56.99999999999999
2147,56.10778,58.0
2148,57.112026,60.0
2149,59.366444,61.0
2150,61.545036,61.0
2151,62.28569,61.0
2152,62.303608,61.0
2153,61.783363,61.0
2154,61.06614,63.0
2155,62.406963,63.0
2156,62.890175,64.0
2157,63.74379,65.0
2158,64.855736,66.0
2159,66.00888,65.0
2160,65.3491,66.0
2161,65.743195,68.0
2162,67.58107,69.0
2163,68.93794,69.0
2164,69.33435,70.0
2165,70.18715,71.0
2166,71.087616,71.0
2167,71.32437,70.0
2168,70.4231,69.0
2169,69.32582,69.0
2170,68.83197,68.0
2171,67.680305,68.0
2172,67.69556,66.0
2173,65.710205,65.0
2174,64.03348,65.0
2175,63.80761,65.0
2176,64.07905,65.0
2177,64.63195,65.0
2178,65.04245,65.0
2179,65.13505,65.0
2180,65.1121,64.0
2181,64.09537,64.0
2182,63.60383,64.0
2183,63.42816,65.0
2184,64.43415,64.0
2185,63.789642,63.0
2186,62.724266,62.0
2187,61.564697,61.0
2188,60.364925,60.0
2189,59.3285,58.0
2190,57.52711,58.0
2191,57.09241,59.0
2192,58.144962,60.0
2193,59.619602,62.0
2194,61.80255,62.0
2195,62.680473,62.0
2196,62.99554,63.0
2197,63.76361,64.0
2198,64.543526,65.0
2199,65.27834,66.0
2200,66.18544,66.0
2201,66.065315,66.0
2202,65.93915,66.0
2203,65.76204,65.0
2204,64.691635,65.0
2205,64.40818,63.0
2206,62.56644,62.0
2207,61.225136,63.0
2208,62.033066,62.0
2209,61.822243,63.0
2210,62.978226,63.0
2211,63.474915,63.0
2212,63.570057,64.0
2213,64.256966,64.0
2214,64.454384,64.0
2215,64.35195,65.0
2216,65.0696,65.0
2217,65.307175,65.0
2218,65.21127,65.0
2219,65.06658,66.0
2220,65.77269,67.0
2221,66.89354,67.0
2222,67.24539,66.0
2223,66.24207,65.0
2224,64.69501,66.0
2225,65.05231,65.0
2226,64.40156,65.0
2227,64.45972,65.0
2228,64.73252,65.0
2229,65.00682,65.0
2230,65.157425,65.0
2231,65.24539,64.0
2232,64.35033,63.0
2233,63.060913,63.0
2234,62.640305,64.0
2235,63.53063,65.0
2236,64.79429,64.0
2237,64.36646,65.0
2238,65.12233,65.0
2239,65.316536,65.0
2240,65.308395,65.0
2241,65.147835,66.0
2242,65.662865,68.0
2243,67.49935,68.0
2244,68.15324,68.0
2245,68.393265,68.0
2246,68.31598,68.0
2247,67.97089,69.0
2248,68.619316,68.0
2249,67.742165,69.0
2250,68.52954,69.0
2251,68.83276,68.0
2252,68.173546,69.0
2253,68.95801,71.0
2254,71.0177,72.0
2255,72.52004,73.0
2256,73.71128,74.0
2257,74.67062,76.0
2258,76.4996,76.0
2259,76.82507,76.0
2260,76.604515,76.0
2261,76.33631,75.0
2262,75.12179,75.0
2263,74.81711,75.0
2264,74.74021,75.0
2265,74.79842,73.0
2266,73.158394,72.0
2267,71.85542,72.0
2268,71.43202,71.0
2269,70.51027,72.0
2270,71.27951,71.0
2271,70.746605,70.0
2272,69.705055,70.0
2273,69.21057,68.0
2274,67.21753,68.0
2275,67.01574,68.0
2276,67.133736,67.0
2277,66.459175,66.0
2278,65.70039,66.0
2279,65.6481,65.0
2280,64.83662,65.0
2281,64.68042,64.0
2282,63.933655,64.0
2283,63.770676,64.0
2284,63.887302,65.0
2285,64.69933,64.0
2286,64.24617,64.0
2287,64.01374,63.0
2288,63.072872,64.0
2289,63.49143,63.0
2290,62.98799,63.0
2291,62.874928,62.0
2292,61.98866,62.0
2293,61.65264,62.0
2294,61.645306,61.0
2295,60.740658,62.0
2296,61.499523,63.0
2297,62.882072,64.0
2298,64.38109,64.0
2299,64.883354,63.0
2300,63.84603,64.0
2301,64.16577,64.0
2302,64.12427,64.0
2303,63.949,65.0
2304,64.82154,64.0
2305,64.127525,63.0
2306,62.986626,62.0
2307,61.75052,62.0
2308,61.526535,62.0
2309,61.398365,63.0
2310,62.59868,64.0
2311,64.001396,65.0
2312,65.39813,65.0
2313,65.75689,66.0
2314,66.41326,67.0
2315,67.346886,68.0
2316,68.19638,70.0
2317,70.11369,70.0
2318,70.726425,73.0
2319,73.37349,75.0
2320,75.7654,74.0
2321,75.06654,75.0
2322,75.457985,75.0
2323,75.04328,75.0
2324,74.82767,74.0
2325,73.681046,74.0
2326,73.52,73.0
2327,72.64433,75.0
2328,74.54547,76.0
2329,76.24255,75.0
2330,75.83073,77.0
2331,77.39789,78.0
2332,78.62715,77.0
2333,77.913795,78.0
2334,78.28911,79.0
2335,79.01753,79.0
2336,79.103874,78.0
2337,78.20412,78.0
2338,77.83041,78.0
2339,77.81691,78.0
2340,77.70702,76.0
2341,76.00589,76.0
2342,75.52008,75.0
2343,74.370415,75.0
2344,74.17619,76.0
2345,75.20961,76.0
2346,75.822426,78.0
2347,78.27244,78.0
2348,78.73223,78.0
2349,78.7079,79.0
2350,79.30681,78.0
2351,78.22291,78.0
2352,77.817535,77.0
2353,76.72526,78.0
2354,77.46191,79.0
2355,78.5092,80.0
2356,79.92242,82.0
2357,81.897804,81.0
2358,81.648056,80.0
2359,80.61129,81.0
2360,80.95343,83.0
2361,82.77984,86.0
2362,85.39101,86.0
2363,86.56851,87.00000000000001
2364,87.47468,89.0
2365,89.270546,91.0
2366,91.37473,91.0
2367,91.6534,90.00000000000001
2368,90.39611,90.00000000000001
2369,89.4127,90.00000000000001
2370,89.14745,90.00000000000001
2371,89.28264,91.0
2372,90.41147,91.0
2373,90.991264,91.0
2374,91.1488,92.0
2375,92.2823,91.0
2376,91.36361,91.0
2377,91.16037,91.0
2378,91.00593,90.00000000000001
2379,89.990845,89.0
2380,88.7879,86.0
2381,85.58088,87.00000000000001
2382,85.93977,87.00000000000001
2383,86.3371,84.00000000000001
2384,84.05281,83.0
2385,82.67116,78.0
2386,77.912025,76.0
2387,74.86769,74.0
2388,72.47312,73.0
2389,71.30577,72.0
2390,70.75491,72.0
2391,71.509964,71.0
2392,71.29401,70.0
2393,70.26424,70.0
2394,69.81972,70.0
2395,69.61685,71.0
2396,70.44509,71.0
2397,70.86552,70.0
2398,69.948006,70.0
2399,69.71932,70.0
2400,69.60332,73.0
2401,72.12208,71.0
2402,71.37958,71.0
2403,71.13422,73.0
2404,72.554436,73.0
2405,73.144226,73.0
2406,73.31762,72.0
2407,72.40781,72.0
2408,72.02109,72.0
2409,71.91626,72.0
2410,71.84589,73.0
2411,72.8051,74.0
2412,74.05556,75.0
2413,75.26761,76.0
2414,76.647514,75.0
2415,75.61598,76.0
2416,76.29623,76.0
2417,75.72822,76.0
2418,75.43778,75.0
2419,74.36003,75.0
2420,74.34381,78.0
2421,77.243996,82.0
2422,81.16174,83.0
2423,83.33654,84.00000000000001
2424,84.57486,82.0
2425,82.965546,83.0
2426,83.15091,82.0
2427,82.05921,80.0
2428,79.80964,80.0
2429,79.29395,80.0
2430,79.143875,81.0
2431,80.29094,81.0
2432,81.06505,81.0
2433,81.43076,81.0
2434,81.608406,80.0
2435,80.61536,80.0
2436,80.268,77.0
2437,77.35264,74.0
2438,72.60988,76.0
2439,73.34419,73.0
2440,71.872086,75.0
2441,74.39633,74.0
2442,74.19862,75.0
2443,75.31768,72.0
2444,72.75258,69.0
2445,68.97041,64.0
2446,62.947784,62.0
2447,59.52979,60.0
2448,57.419052,60.0
2449,57.997566,59.0
2450,57.892933,58.0
2451,57.775642,56.99999999999999
2452,57.21758,56.0
2453,56.39238,55.0
2454,55.241,55.0
2455,54.876553,55.0
2456,54.798885,55.0
2457,54.81363,55.0
2458,54.82438,53.99999999999999
2459,54.222256,53.0
2460,52.993053,52.0
2461,51.580223,52.0
2462,51.445366,50.99999999999999
2463,50.45186,53.0
2464,52.1766,50.0
2465,50.346725,52.0
2466,51.994312,50.99999999999999
2467,51.5335,52.0
2468,52.389896,52.0
2469,52.558384,53.0
2470,53.250668,53.0
2471,53.366264,53.99999999999999
2472,54.19772,53.99999999999999
2473,54.107315,53.99999999999999
2474,54.042393,53.99999999999999
2475,53.839478,53.99999999999999
2476,53.88222,53.99999999999999
2477,53.958176,53.99999999999999
2478,54.05184,53.99999999999999
2479,54.180187,53.99999999999999
2480,54.335514,53.0
2481,53.519794,52.0
2482,52.27259,53.0
2483,52.66735,53.99999999999999
2484,53.66083,53.99999999999999
2485,54.14018,55.0
2486,55.44242,53.99999999999999
2487,54.745316,53.0
2488,53.018585,53.99999999999999
2489,53.43624,53.99999999999999
2490,53.686203,53.99999999999999
2491,53.84143,53.0
2492,52.874123,53.0
2493,52.678837,53.0
2494,52.65032,52.0
2495,51.818977,53.0
2496,52.54255,52.0
2497,52.081623,52.0
2498,51.989845,52.0
2499,51.96745,52.0
2500,51.9726,53.0
2501,52.80063,53.0
2502,53.147358,53.0
2503,53.291313,52.0
2504,52.432087,50.99999999999999
2505,51.237427,50.0
2506,49.95308,50.99999999999999
2507,50.409702,50.99999999999999
2508,50.7587,48.00000000000001
2509,48.141712,48.00000000000001
2510,46.934895,52.0
2511,51.40331,53.0
2512,54.260376,52.0
2513,53.919476,52.0
2514,53.171375,52.0
2515,52.399685,53.0
2516,52.836773,52.0
2517,51.75049,52.0
2518,51.40798,53.0
2519,52.40084,52.0
2520,51.996098,52.0
2521,51.819214,53.0
2522,52.784126,53.0
2523,53.194004,53.0
2524,53.35025,53.99999999999999
2525,54.187508,53.99999999999999
2526,54.44396,55.0
2527,55.22585,56.0
2528,56.211555,56.99999999999999
2529,57.298588,56.99999999999999
2530,57.608074,56.99999999999999
2531,57.413944,58.0
2532,57.926117,58.0
2533,58.139786,56.99999999999999
2534,57.089577,56.99999999999999
2535,56.57967,56.99999999999999
2536,56.47784,56.99999999999999
2537,56.543583,56.99999999999999
2538,56.810085,56.0
2539,56.157978,56.0
2540,56.053627,56.0
2541,56.020973,56.0
2542,56.03369,56.0
2543,56.035564,56.99999999999999
2544,56.998837,56.99999999999999
2545,57.304493,56.0
2546,56.421844,56.0
2547,56.12271,55.0
2548,55.057774,55.0
2549,54.677864,55.0
2550,54.668705,55.0
2551,54.787586,53.99999999999999
2552,54.09655,53.0
2553,53.044464,53.0
2554,52.863285,52.0
2555,51.966824,52.0
2556,51.62042,53.99999999999999
2557,53.339367,56.0
2558,55.964268,53.99999999999999
2559,55.312798,53.99999999999999
2560,54.68315,56.0
2561,56.03795,55.0
2562,55.402184,55.0
2563,54.883327,55.0
2564,54.67175,55.0
2565,54.596176,56.0
2566,55.637188,56.0
2567,56.095055,56.0
2568,56.267403,55.0
2569,55.33764,56.0
2570,55.927513,56.0
2571,56.118835,56.0
2572,56.187595,56.99999999999999
2573,57.04613,56.0
2574,56.519398,55.0
2575,55.455925,53.99999999999999
2576,54.241028,53.0
2577,52.940975,53.0
2578,52.522137,52.0
2579,51.898,52.0
2580,51.73648,52.0
2581,51.696323,52.0
2582,52.149975,52.0
2583,52.23218,50.99999999999999
2584,50.96039,47.0
2585,45.87902,47.0
2586,44.543213,47.0
2587,44.88173,45.00000000000001
2588,43.925404,45.00000000000001
2589,44.322594,46.0
2590,46.085735,48.00000000000001
2591,48.960533,47.0
2592,48.61946,47.0
2593,48.113773,47.0
2594,47.427284,47.0
2595,46.820114,30.0
2596,32.27595,29.0
2597,25.275557,29.0
2598,24.409203,28.0
2599,24.951185,28.0
2600,26.54634,29.0
2601,29.06438,31.0
2602,31.904259,32.0
2603,34.011528,34.0
2604,36.27987,33.0
2605,35.1017,34.0
2606,34.35632,38.0
2607,38.29571,38.0
2608,40.065903,41.0
2609,43.54152,41.0
2610,43.32595,43.0
2611,44.417316,46.0
2612,47.2481,49.0
2613,50.627605,48.00000000000001
2614,49.81749,49.0
2615,49.95865,49.0
2616,49.483383,50.0
2617,50.041622,50.99999999999999
2618,51.000298,52.0
2619,52.079823,60.0
2620,58.388172,61.0
2621,61.38759,64.0
2622,64.42847,66.0
2623,66.71791,68.0
2624,68.48199,69.0
2625,69.43108,69.0
2626,69.48083,69.0
2627,69.18945,69.0
2628,68.7884,69.0
2629,68.55737,70.0
2630,69.19908,71.0
2631,70.62827,71.0
2632,71.31543,72.0
2633,72.51418,72.0
2634,72.58227,73.0
2635,73.266815,73.0
2636,73.37482,73.0
2637,73.30221,73.0
2638,73.1397,72.0
2639,72.056915,72.0
2640,71.67798,72.0
2641,71.568115,72.0
2642,71.7074,72.0
2643,71.949135,58.0
2644,60.252,56.99999999999999
2645,55.930786,56.99999999999999
2646,54.875736,58.0
2647,56.245102,56.99999999999999
2648,56.60588,56.0
2649,56.260983,56.99999999999999
2650,57.227478,56.99999999999999
2651,57.690796,56.0
2652,56.99948,56.0
2653,56.491062,53.99999999999999
2654,53.93152,53.99999999999999
2655,52.70917,53.99999999999999
2656,52.515278,53.0
2657,52.07552,53.0
2658,52.386654,53.99999999999999
2659,53.81491,53.0
2660,53.602783,53.0
2661,53.513046,55.0
2662,54.994057,55.0
2663,55.507767,53.99999999999999
2664,54.661587,53.99999999999999
2665,54.265842,53.99999999999999
2666,54.040375,53.99999999999999
2667,53.86112,53.99999999999999
2668,53.81101,53.99999999999999
2669,53.94603,53.99999999999999
2670,54.015114,53.0
2671,53.16018,53.0
2672,52.851555,53.99999999999999
2673,53.766056,53.99999999999999
2674,54.104668,53.99999999999999
2675,54.151127,55.0
2676,55.036953,56.0
2677,56.099915,56.0
2678,56.398647,56.0
2679,56.31076,55.0
2680,55.01599,56.0
2681,55.507397,56.0
2682,55.722347,56.0
2683,55.858295,56.0
2684,55.93042,56.0
2685,55.99506,56.0
2686,56.068466,55.0
2687,55.179462,53.99999999999999
2688,54.021946,53.99999999999999
2689,53.639145,53.0
2690,52.68248,52.0
2691,51.660946,56.0
2692,54.799934,56.0
2693,56.078056,56.0
2694,56.654438,55.0
2695,55.84563,55.0
2696,55.438805,55.0
2697,55.024624,55.0
2698,54.801632,56.0
2699,55.516083,56.99999999999999
2700,56.620285,56.99999999999999
2701,57.10576,56.99999999999999
2702,57.26942,56.99999999999999
2703,57.301235,58.0
2704,57.974144,59.0
2705,59.2067,61.0
2706,61.419884,62.0
2707,62.98421,62.0
2708,63.15287,61.0
2709,61.832123,63.0
2710,62.861332,63.0
2711,62.98716,64.0
2712,63.764454,65.0
2713,64.840805,65.0
2714,65.16383,65.0
2715,65.28239,74.0
2716,71.871666,72.0
2717,72.57325,73.0
2718,73.86691,72.0
2719,73.126335,69.0
2720,69.8734,62.0
2721,62.045563,62.0
2722,59.439266,61.0
2723,58.302986,59.0
2724,57.241093,58.0
2725,57.580055,56.99999999999999
2726,57.53331,59.0
2727,59.587624,59.0
2728,59.996864,59.0
2729,59.873363,60.0
2730,60.323338,60.0
2731,60.121628,59.0
2732,58.704468,59.0
2733,58.27959,56.99999999999999
2734,56.61957,56.0
2735,55.300293,56.0
2736,55.02348,56.99999999999999
2737,56.088657,56.99999999999999
2738,56.823658,58.0
2739,58.14312,53.99999999999999
2740,55.2884,56.99999999999999
2741,56.590576,56.99999999999999
2742,57.179394,56.99999999999999
2743,57.276096,56.99999999999999
2744,57.292717,58.0
2745,58.129677,58.0
2746,58.25775,59.0
2747,58.93298,58.0
2748,58.431904,59.0
2749,58.93967,59.0
2750,59.011967,59.0
2751,59.051174,59.0
2752,59.046707,60.0
2753,59.880333,60.0
2754,60.268257,61.0
2755,61.360397,61.0
2756,61.508713,62.0
2757,62.23868,62.0
2758,62.320637,63.0
2759,63.0352,63.0
2760,63.2423,63.0
2761,63.191605,64.0
2762,63.886658,64.0
2763,64.060776,45.00000000000001
2764,48.646233,50.99999999999999
2765,47.886604,52.0
2766,49.748516,53.0
2767,51.980705,53.0
2768,53.593143,53.0
2769,54.324974,53.99999999999999
2770,55.31183,53.99999999999999
2771,55.324062,53.99999999999999
2772,55.118515,55.0
2773,55.60655,56.99999999999999
2774,57.14156,58.0
2775,58.349854,56.99999999999999
2776,57.909557,56.99999999999999
2777,57.25346,58.0
2778,57.818527,58.0
2779,58.03686,56.99999999999999
2780,57.18707,58.0
2781,57.745655,59.0
2782,58.866337,60.0
2783,60.225613,61.0
2784,61.567585,61.0
2785,61.882584,61.0
2786,61.711678,61.0
2787,61.38461,77.0
2788,72.440926,77.0
2789,76.00741,76.0
2790,76.985245,76.0
2791,77.224266,75.0
2792,75.98773,76.0
2793,76.10228,77.0
2794,76.439064,77.0
2795,76.494934,76.0
2796,75.732666,78.0
2797,77.110794,77.0
2798,76.76755,75.0
2799,74.84514,72.0
2800,71.13506,73.0
2801,71.17022,73.0
2802,71.4604,72.0
2803,71.354485,71.0
2804,70.74258,71.0
2805,70.894585,71.0
2806,71.08042,72.0
2807,72.1309,71.0
2808,71.41108,70.0
2809,70.24481,69.0
2810,68.93987,69.0
2811,68.43099,42.00000000000001
2812,44.64104,44.0
2813,38.285202,45.00000000000001
2814,39.627113,46.0
2815,43.676247,46.0
2816,46.68085,47.0
2817,49.091915,48.00000000000001
2818,50.65681,48.00000000000001
2819,50.51444,47.0
2820,48.786636,44.0
2821,44.326054,42.00000000000001
2822,40.200832,43.0
2823,39.89621,43.0
2824,41.233635,43.0
2825,42.98837,42.00000000000001
2826,42.893513,43.0
2827,43.94237,42.00000000000001
2828,43.059116,43.0
2829,43.652454,41.0
2830,41.685562,41.0
2831,40.90022,41.0
2832,40.44098,41.0
2833,40.55929,42.00000000000001
2834,41.887527,40.0
2835,40.519287,39.00000000000001
2836,39.24976,39.00000000000001
2837,38.627583,38.0
2838,37.683723,38.0
2839,37.5055,39.00000000000001
2840,38.743446,39.00000000000001
2841,39.37194,39.00000000000001
2842,39.643036,39.00000000000001
2843,39.774033,39.00000000000001
2844,39.48407,39.00000000000001
2845,38.88541,43.0
2846,43.34286,43.0
2847,45.125835,43.0
2848,44.740517,42.00000000000001
2849,42.495605,42.00000000000001
2850,41.237877,41.0
2851,39.77277,43.0
2852,41.900146,41.0
2853,41.021408,40.0
2854,39.88316,42.00000000000001
2855,41.776146,41.0
2856,41.615314,40.0
2857,40.46741,40.0
2858,39.965096,39.00000000000001
2859,38.982468,52.0
2860,49.31791,53.0
2861,53.735855,53.99999999999999
2862,55.885674,53.99999999999999
2863,56.248142,53.0
2864,54.819435,53.99999999999999
2865,54.493324,55.0
2866,54.658806,53.99999999999999
2867,53.690804,55.0
2868,54.177574,53.99999999999999
2869,53.413403,56.0
2870,55.12723,56.99999999999999
2871,56.91759,55.0
2872,55.949097,56.0
2873,56.38118,58.0
2874,58.22216,56.99999999999999
2875,57.814304,56.99999999999999
2876,57.472595,56.99999999999999
2877,57.057503,58.0
2878,57.712837,59.0
2879,58.80547,59.0
2880,59.133915,59.0
2881,59.280125,59.0
2882,59.34472,60.0
2883,60.098164,60.0
2884,60.306576,60.0
2885,60.245342,60.0
2886,60.175053,61.0
2887,61.05966,61.0
2888,61.290127,60.0
2889,60.530952,60.0
2890,60.141766,60.0
2891,60.019047,60.0
2892,59.88478,61.0
2893,60.634388,60.0
2894,60.102566,59.0
2895,58.892582,60.0
2896,59.467278,58.0
2897,57.700752,58.0
2898,57.22373,58.0
2899,57.376167,56.99999999999999
2900,56.782406,56.99999999999999
2901,56.71583,55.0
2902,55.07329,53.99999999999999
2903,53.577965,53.99999999999999
2904,53.39532,53.99999999999999
2905,53.531593,53.99999999999999
2906,53.77718,53.0
2907,53.206367,53.0
2908,53.086742,52.0
2909,52.428364,50.99999999999999
2910,51.227077,49.0
2911,48.926373,50.0
2912,49.052986,50.99999999999999
2913,50.27763,49.0
2914,49.213116,46.0
2915,46.1173,43.0
2916,41.991592,43.0
2917,40.360363,41.0
2918,39.020355,41.0
2919,39.528355,39.00000000000001
2920,38.82286,41.0
2921,41.08213,39.00000000000001
2922,40.14477,38.0
2923,38.26233,40.0
2924,39.389984,41.0
2925,41.558372,43.0
2926,44.185204,44.0
2927,45.849262,44.0
2928,45.644917,46.0
2929,46.845356,47.0
2930,47.647022,49.0
2931,49.349075,52.0
2932,52.064476,53.0
2933,53.693947,53.0
2934,53.98792,53.0
2935,53.83835,53.0
2936,53.492344,53.0
2937,52.958057,53.99999999999999
2938,53.58085,55.0
2939,54.738594,56.0
2940,56.12327,56.99999999999999
2941,57.46891,56.99999999999999
2942,57.887264,56.0
2943,56.890755,56.0
2944,56.318382,56.0
2945,55.587654,56.0
2946,55.48118,56.99999999999999
2947,56.661804,56.0
2948,56.285603,56.0
2949,56.1692,56.99999999999999
2950,57.02251,56.99999999999999
2951,57.338356,56.99999999999999
2952,57.429733,56.99999999999999
2953,57.339012,56.0
2954,56.4028,56.99999999999999
2955,56.85578,56.99999999999999
2956,56.981766,56.99999999999999
2957,56.992607,56.99999999999999
2958,57.07132,58.0
2959,57.873985,58.0
2960,58.154488,56.99999999999999
2961,57.441692,58.0
2962,57.84213,59.0
2963,58.72902,61.0
2964,60.75783,61.0
2965,61.42451,61.0
2966,61.485847,62.0
2967,62.361748,63.0
2968,63.426014,63.0
2969,63.376694,63.0
2970,63.21334,63.0
2971,63.06763,63.0
2972,62.99519,64.0
2973,63.861732,63.0
2974,63.26648,63.0
2975,63.018604,63.0
2976,63.065308,63.0
2977,63.15765,64.0
2978,64.11253,63.0
2979,63.55903,64.0
2980,64.1066,64.0
2981,64.20725,66.0
2982,65.860306,67.0
2983,67.2318,68.0
2984,68.3982,67.0
2985,67.88727,66.0
2986,66.628174,64.0
2987,64.18725,62.0
2988,61.402737,60.0
2989,58.33975,60.0
2990,57.765297,59.0
2991,57.708954,58.0
2992,57.49479,58.0
2993,57.882465,58.0
2994,58.29553,58.0
2995,58.55961,56.99999999999999
2996,57.713985,56.99999999999999
2997,57.285152,58.0
2998,58.052036,58.0
2999,58.26571,56.99999999999999
3000,57.46317,56.0
3001,56.127678,56.0
3002,55.680874,55.0
3003,54.757694,53.99999999999999
3004,53.58884,53.0
3005,52.442883,50.99999999999999
3006,50.54046,49.0
3007,48.01907,44.0
3008,42.489376,44.0
3009,41.267433,44.0
3010,42.04749,46.0
3011,45.367348,48.00000000000001
3012,48.77559,47.0
3013,49.19664,50.0
3014,51.479786,50.99999999999999
3015,52.607365,52.0
3016,53.316433,49.0
3017,49.860126,49.0
3018,48.359432,50.99999999999999
3019,49.726032,49.0
3020,48.543156,50.0
3021,49.455162,48.00000000000001
3022,48.131214,46.0
3023,45.784336,46.0
3024,45.19369,46.0
3025,45.4248,47.0
3026,46.79142,47.0
3027,47.691704,46.0
3028,46.942112,46.0
3029,46.456017,47.0
3030,47.102226,44.0
3031,44.291794,42.00000000000001
3032,41.209248,43.0
3033,41.18709,42.00000000000001
3034,40.97002,43.0
3035,42.375053,40.0
3036,40.310757,40.0
3037,39.7668,39.00000000000001
3038,38.67007,39.00000000000001
3039,38.66502,38.0
3040,37.922356,39.00000000000001
3041,38.900597,40.0
3042,40.539085,41.0
3043,42.155655,42.00000000000001
3044,43.627007,41.0
3045,42.4672,43.0
3046,43.38392,48.00000000000001
3047,48.124935,50.0
3048,51.243797,52.0
3049,53.508743,52.0
3050,53.706482,53.0
3051,54.042286,53.99999999999999
3052,54.51641,53.99999999999999
3053,54.228367,53.99999999999999
3054,53.89935,55.0
3055,54.644936,56.0
3056,55.782654,56.0
3057,56.296825,56.0
3058,56.456074,56.0
3059,56.394066,56.99999999999999
3060,57.207092,58.0
3061,58.278275,59.0
3062,59.46951,60.0
3063,60.765232,60.0
3064,61.02937,61.0
3065,61.62166,61.0
3066,61.455147,60.0
3067,60.16948,60.0
3068,59.603394,60.0
3069,59.356934,61.0
3070,60.390587,61.0
3071,60.864216,62.0
3072,62.013603,61.0
3073,61.51008,61.0
3074,61.286625,61.0
3075,61.113235,61.0
3076,60.98269,61.0
3077,60.912518,62.0
3078,61.686684,62.0
3079,61.995132,63.0
3080,62.91212,65.0
3081,64.77023,66.0
3082,66.191956,67.0
3083,67.45813,68.0
3084,68.71343,67.0
3085,67.81104,66.0
3086,66.40446,65.0
3087,64.55272,65.0
3088,63.86868,65.0
3089,63.99313,65.0
3090,64.4416,66.0
3091,65.99398,66.0
3092,66.689186,66.0
3093,66.85722,66.0
3094,66.709175,65.0
3095,65.43206,64.0
3096,64.05579,64.0
3097,63.63656,64.0
3098,63.52625,64.0
3099,63.596497,66.0
3100,65.28038,68.0
3101,67.607254,67.0
3102,67.627365,68.0
3103,68.46311,68.0
3104,68.5087,66.0
3105,66.62142,65.0
3106,64.98652,65.0
3107,64.21499,67.0
3108,65.5612,69.0
3109,68.02109,69.0
3110,69.36642,72.0
3111,72.406105,75.0
3112,75.65489,74.0
3113,75.62459,74.0
3114,75.23984,74.0
3115,74.48943,75.0
3116,74.73671,75.0
3117,74.68373,75.0
3118,74.595474,78.0
3119,77.45049,79.0
3120,79.07705,82.0
3121,81.96996,86.0
3122,85.640144,87.00000000000001
3123,87.54013,88.0
3124,88.59541,89.0
3125,89.50711,90.00000000000001
3126,90.26265,89.0
3127,89.32287,88.0
3128,87.97467,89.0
3129,88.46826,90.00000000000001
3130,89.71655,89.0
3131,89.289566,90.00000000000001
3132,90.16448,88.0
3133,88.469864,89.0
3134,88.990204,88.0
3135,87.95494,87.00000000000001
3136,86.69776,88.0
3137,87.24787,89.0
3138,88.76842,89.0
3139,89.21337,89.0
3140,89.194115,88.0
3141,87.94546,88.0
3142,87.593414,87.00000000000001
3143,86.564735,86.0
3144,85.29508,84.00000000000001
3145,83.1791,80.0
3146,79.07057,79.0
3147,77.38953,76.0
3148,74.60152,74.0
3149,72.68339,73.0
3150,71.67712,74.0
3151,72.78039,73.0
3152,72.78578,75.0
3153,74.800285,75.0
3154,75.598206,74.0
3155,74.93195,71.0
3156,71.82635,70.0
3157,69.440605,68.0
3158,66.702034,68.0
3159,65.84509,66.0
3160,64.32593,65.0
3161,63.69448,65.0
3162,64.25508,64.0
3163,64.06717,64.0
3164,64.25407,64.0
3165,64.27145,64.0
3166,64.15268,63.0
3167,63.080624,63.0
3168,62.66586,62.0
3169,61.710114,61.0
3170,60.44945,60.0
3171,59.319065,60.0
3172,59.182636,60.0
3173,59.29429,60.0
3174,59.628735,63.0
3175,61.94903,64.0
3176,63.915085,64.0
3177,64.28687,63.0
3178,63.420166,64.0
3179,63.92023,65.0
3180,64.79262,66.0
3181,65.8365,66.0
3182,66.114525,66.0
3183,66.14329,67.0
3184,67.0269,67.0
3185,67.26125,67.0
3186,67.34397,67.0
3187,67.27709,68.0
3188,68.10956,68.0
3189,68.32983,70.0
3190,70.065384,71.0
3191,71.30004,70.0
3192,70.58403,71.0
3193,71.152824,71.0
3194,71.11669,72.0
3195,72.00495,71.0
3196,71.29156,71.0
3197,71.02829,71.0
3198,70.89123,68.0
3199,68.205376,67.0
3200,66.552635,67.0
3201,66.04977,68.0
3202,67.017654,68.0
3203,67.6305,68.0
3204,68.09094,68.0
3205,68.307175,69.0
3206,69.14198,69.0
3207,69.09871,68.0
3208,67.99155,67.0
3209,66.40396,67.0
3210,65.97771,67.0
3211,66.0181,67.0
3212,66.31523,66.0
3213,65.7036,65.0
3214,64.92356,63.0
3215,62.975197,62.0
3216,61.456936,62.0
3217,61.24767,62.0
3218,61.59608,62.0
3219,61.778126,64.0
3220,63.78696,64.0
3221,64.314186,65.0
3222,65.435135,63.0
3223,63.9667,62.0
3224,62.42226,60.0
3225,60.218716,59.0
3226,58.534702,58.0
3227,57.158707,58.0
3228,56.86723,58.0
3229,57.027225,58.0
3230,57.67528,59.0
3231,59.128994,60.0
3232,60.737488,61.0
3233,61.93351,61.0
3234,62.033768,61.0
3235,61.54274,60.0
3236,59.947227,62.0
3237,61.152195,63.0
3238,62.48421,64.0
3239,63.91665,65.0
3240,65.30629,65.0
3241,65.62318,65.0
3242,65.585014,64.0
3243,64.45222,63.0
3244,63.09384,62.0
3245,61.70655,62.0
3246,61.41837,64.0
3247,63.16736,65.0
3248,64.742905,68.0
3249,67.61307,69.0
3250,69.42761,70.0
3251,70.794426,72.0
3252,72.55284,74.0
3253,74.564186,76.0
3254,76.636566,77.0
3255,77.825455,78.0
3256,78.39514,79.0
3257,78.96546,79.0
3258,78.889015,80.0
3259,79.82717,82.0
3260,81.92426,82.0
3261,82.29666,83.0
3262,83.23366,83.0
3263,83.24204,84.00000000000001
3264,83.96473,86.0
3265,85.770424,87.00000000000001
3266,87.026405,89.0
3267,89.05434,90.00000000000001
3268,90.31622,91.0
3269,91.455055,92.0
3270,92.51709,91.0
3271,91.68186,91.0
3272,91.24797,90.00000000000001
3273,90.09686,91.0
3274,90.6324,90.00000000000001
3275,89.87058,89.0
3276,88.90762,88.0
3277,87.758896,84.00000000000001
3278,82.92252,84.00000000000001
3279,81.90294,85.0
3280,83.424644,84.00000000000001
3281,83.862885,83.0
3282,83.382576,83.0
3283,83.292145,82.0
3284,82.053474,81.0
3285,80.71031,81.0
3286,80.37459,80.0
3287,79.43017,80.0
3288,79.34115,78.0
3289,77.65229,77.0
3290,76.4174,78.0
3291,76.97343,78.0
3292,77.49728,77.0
3293,76.9539,76.0
3294,76.01633,75.0
3295,74.91753,75.0
3296,74.70305,73.0
3297,72.8717,72.0
3298,71.574425,71.0
3299,70.44518,71.0
3300,70.28694,69.0
3301,68.54285,69.0
3302,68.3567,68.0
3303,67.711914,66.0
3304,65.86727,65.0
3305,64.42255,67.0
3306,65.93495,68.0
3307,67.55301,68.0
3308,68.36299,67.0
3309,67.61208,66.0
3310,66.18741,66.0
3311,65.65416,65.0
3312,64.484795,65.0
3313,64.1037,65.0
3314,64.22655,62.0
3315,61.752125,48.00000000000001
3316,48.993664,48.00000000000001
3317,45.08087,50.0
3318,47.18226,50.99999999999999
3319,49.83303,50.99999999999999
3320,51.41685,52.0
3321,52.969666,52.0
3322,53.471596,52.0
3323,53.434887,52.0
3324,53.066345,53.0
3325,53.332317,53.0
3326,53.33379,53.0
3327,53.028202,53.99999999999999
3328,53.64261,53.99999999999999
3329,54.06294,55.0
3330,55.26102,53.99999999999999
3331,54.32954,53.99999999999999
3332,53.957054,53.99999999999999
3333,53.839554,53.99999999999999
3334,53.92286,53.0
3335,53.01583,53.0
3336,52.829903,53.0
3337,52.826286,52.0
3338,52.03628,52.0
3339,51.811375,53.0
3340,52.755974,53.0
3341,53.165997,53.99999999999999
3342,54.0943,55.0
3343,55.155243,55.0
3344,55.454437,55.0
3345,55.38228,53.99999999999999
3346,54.29248,53.99999999999999
3347,53.812664,53.99999999999999
3348,53.74611,53.99999999999999
3349,53.3278,55.0
3350,54.330173,53.99999999999999
3351,54.00847,53.99999999999999
3352,54.2015,53.99999999999999
3353,54.18127,55.0
3354,55.09776,55.0
3355,55.351585,53.99999999999999
3356,54.48932,53.99999999999999
3357,54.072906,53.99999999999999
3358,53.827713,55.0
3359,54.626938,56.0
3360,55.830727,56.0
3361,56.134903,56.0
3362,56.244293,55.0
3363,55.326786,72.0
3364,66.80786,73.0
3365,71.46121,71.0
3366,71.864105,70.0
3367,71.28261,68.0
3368,69.075485,68.0
3369,67.8539,68.0
3370,67.196106,68.0
3371,67.06954,69.0
3372,68.01451,69.0
3373,68.47336,70.0
3374,69.81971,69.0
3375,69.6924,69.0
3376,69.65286,69.0
3377,69.111595,69.0
3378,68.75693,68.0
3379,67.471085,68.0
3380,67.18818,68.0
3381,67.40454,68.0
3382,67.74476,68.0
3383,67.94365,69.0
3384,68.874794,69.0
3385,69.17612,69.0
3386,69.20648,70.0
3387,70.108246,53.99999999999999
3388,57.264618,55.0
3389,53.768173,53.99999999999999
3390,52.150627,53.99999999999999
3391,52.42318,53.99999999999999
3392,53.233604,56.0
3393,55.62613,56.0
3394,56.725117,56.0
3395,57.417328,56.0
3396,57.34752,55.0
3397,56.274246,56.0
3398,56.193382,56.0
3399,55.677593,56.0
3400,55.579483,56.0
3401,55.679653,55.0
3402,54.965893,56.0
3403,55.784325,55.0
3404,55.214054,55.0
3405,55.13315,53.99999999999999
3406,54.27446,53.99999999999999
3407,54.048695,53.0
3408,53.2082,53.0
3409,52.97399,53.99999999999999
3410,53.858475,53.99999999999999
3411,54.144398,53.0
3412,53.428707,53.99999999999999
3413,53.961746,55.0
3414,54.879375,56.99999999999999
3415,56.77841,60.0
3416,59.618626,60.0
3417,60.545616,60.0
3418,60.612675,60.0
3419,60.35496,60.0
3420,59.990067,60.0
3421,59.44655,60.0
3422,59.392403,60.0
3423,59.47176,60.0
3424,59.949436,60.0
3425,60.18542,60.0
3426,60.340477,60.0
3427,60.432022,59.0
3428,59.5366,59.0
3429,59.187355,59.0
3430,58.974663,60.0
3431,59.79971,60.0
3432,60.288788,60.0
3433,60.55503,61.0
3434,61.373074,61.0
3435,61.476128,66.0
3436,65.28494,65.0
3437,65.82985,65.0
3438,65.81316,66.0
3439,66.36852,67.0
3440,67.08993,67.0
3441,67.12302,66.0
3442,66.10616,65.0
3443,64.74543,65.0
3444,64.10047,65.0
3445,64.09073,66.0
3446,65.35007,68.0
3447,68.018974,67.0
3448,68.217445,67.0
3449,67.960686,65.0
3450,65.44176,65.0
3451,64.13547,65.0
3452,63.729584,65.0
3453,63.948933,63.0
3454,62.423553,64.0
3455,63.24004,65.0
3456,64.66192,64.0
3457,64.294426,65.0
3458,65.1051,66.0
3459,66.197525,56.99999999999999
3460,58.79488,56.99999999999999
3461,56.53118,56.99999999999999
3462,55.889572,58.0
3463,56.626415,58.0
3464,57.294735,59.0
3465,58.695496,56.99999999999999
3466,57.811184,56.0
3467,56.69932,56.99999999999999
3468,57.048737,56.99999999999999
3469,57.079636,58.0
3470,57.877144,56.99999999999999
3471,57.270424,56.0
3472,55.97814,55.0
3473,54.473083,55.0
3474,53.99044,55.0
3475,54.168762,55.0
3476,54.561604,53.99999999999999
3477,54.017662,55.0
3478,54.95085,55.0
3479,55.33509,56.0
3480,56.355175,56.0
3481,56.52638,55.0
3482,55.616367,53.99999999999999
3483,54.263645,65.0
3484,61.726795,63.0
3485,63.047577,63.0
3486,63.887672,64.0
3487,64.75703,66.0
3488,66.42202,66.0
3489,66.68381,67.0
3490,67.14718,67.0
3491,67.22136,68.0
3492,67.77169,69.0
3493,68.623215,69.0
3494,69.01661,69.0
3495,68.922485,70.0
3496,70.05342,70.0
3497,70.49041,70.0
3498,70.46458,70.0
3499,70.25516,69.0
3500,68.973816,69.0
3501,68.5436,69.0
3502,68.65542,69.0
3503,68.86656,68.0
3504,68.1628,68.0
3505,67.95047,67.0
3506,67.03018,66.0
3507,66.03407,61.0
3508,61.366543,62.0
3509,60.730946,64.0
3510,62.652374,65.0
3511,64.5206,66.0
3512,66.10393,68.0
3513,68.152054,68.0
3514,68.7741,70.0
3515,70.49768,71.0
3516,71.64564,70.0
3517,70.9118,70.0
3518,70.29972,74.0
3519,73.32754,75.0
3520,75.18845,77.0
3521,77.48163,79.0
3522,79.987404,82.0
3523,83.15218,82.0
3524,83.416626,82.0
3525,82.89977,82.0
3526,82.25083,81.0
3527,80.898636,80.0
3528,79.30467,81.0
3529,79.97244,80.0
3530,79.274086,79.0
3531,78.70886,68.0
3532,68.79911,68.0
3533,66.21779,67.0
3534,65.07095,67.0
3535,65.67117,66.0
3536,65.84141,65.0
3537,65.454834,64.0
3538,64.666664,64.0
3539,64.42355,63.0
3540,63.40865,63.0
3541,62.97003,63.0
3542,62.146545,66.0
3543,64.782555,68.0
3544,67.88139,70.0
3545,70.66865,70.0
3546,71.38234,71.0
3547,72.069885,74.0
3548,74.44389,75.0
3549,75.48894,77.0
3550,77.094284,80.0
3551,79.80408,79.0
3552,79.29907,81.0
3553,80.72898,84.00000000000001
3554,83.36209,85.0
3555,84.8026,40.0
3556,49.557373,37.0
3557,31.674295,37.0
3558,28.440216,36.0
3559,32.789116,35.0
3560,36.026505,34.0
3561,36.54377,33.0
3562,35.900898,34.0
3563,36.471794,33.0
3564,35.90887,36.0
3565,37.792843,37.0
3566,38.63497,36.0
3567,37.590256,36.0
3568,36.960594,36.0
3569,36.010033,34.0
3570,33.103638,33.0
3571,31.144606,33.0
3572,31.154146,32.0
3573,31.362072,32.0
3574,31.841938,31.0
3575,31.608444,32.0
3576,32.501724,33.0
3577,33.857075,33.0
3578,34.5306,34.0
3579,34.997765,38.0
3580,38.777344,36.0
3581,37.619328,36.0
3582,36.48112,36.0
3583,35.67781,36.0
3584,35.328293,36.0
3585,35.287117,36.0
3586,35.521645,36.0
3587,35.883503,36.0
3588,36.15875,36.0
3589,36.259804,36.0
3590,36.153374,36.0
3591,35.994125,36.0
3592,35.943806,35.0
3593,34.861618,34.0
3594,33.284218,34.0
3595,32.63193,33.0
3596,31.780933,34.0
3597,33.514324,35.0
3598,35.882717,36.0
3599,37.421547,35.0
3600,36.539906,34.0
3601,34.649174,36.0
3602,35.580265,36.0
3603,35.927113,60.0
3604,53.860104,61.0
3605,61.19136,61.0
3606,63.459892,60.0
3607,62.91882,61.0
3608,62.753323,60.0
3609,60.8864,60.0
3610,59.514244,64.0
3611,62.01765,65.0
3612,64.04817,66.0
3613,65.64876,66.0
3614,66.39018,66.0
3615,66.71891,68.0
3616,68.3913,68.0
3617,68.69559,68.0
3618,68.61898,69.0
3619,69.2793,70.0
3620,70.19648,70.0
3621,70.315384,71.0
3622,71.16752,71.0
3623,71.25458,71.0
3624,71.1126,72.0
3625,71.91723,73.0
3626,72.99192,73.0
3627,73.30567,74.0
3628,74.13954,73.0
3629,73.44015,72.0
3630,72.32112,72.0
3631,71.82236,71.0
3632,70.77034,71.0
3633,70.73082,69.0
3634,68.91896,65.0
3635,65.02045,64.0
3636,63.05152,63.0
3637,61.66917,63.0
3638,61.70954,61.0
3639,60.776756,60.0
3640,59.88323,60.0
3641,59.755707,59.0
3642,58.835842,58.0
3643,57.66368,58.0
3644,57.40103,56.99999999999999
3645,56.699165,55.0
3646,54.68087,53.99999999999999
3647,53.331688,53.0
3648,52.16922,53.0
3649,52.04903,52.0
3650,51.40615,50.99999999999999
3651,50.586422,47.0
3652,46.615192,45.00000000000001
3653,43.875347,42.00000000000001
3654,40.325912,42.00000000000001
3655,39.836006,40.0
3656,38.69292,39.00000000000001
3657,38.233322,42.00000000000001
3658,41.563164,42.00000000000001
3659,43.744556,43.0
3660,44.689957,44.0
3661,45.668716,44.0
3662,45.287758,50.0
3663,50.030193,52.0
3664,53.097084,50.0
3665,51.94794,52.0
3666,52.78132,52.0
3667,52.387676,52.0
3668,51.79401,50.99999999999999
3669,50.452446,52.0
3670,51.022114,53.0
3671,52.39252,53.0
3672,53.143707,52.0
3673,52.58688,50.99999999999999
3674,51.542496,50.99999999999999
3675,51.048927,52.0
3676,51.808624,53.0
3677,53.08134,53.99999999999999
3678,54.346214,55.0
3679,55.560673,55.0
3680,55.853413,56.0
3681,56.613945,55.0
3682,55.74223,56.0
3683,56.081833,56.99999999999999
3684,56.70954,62.0
3685,60.73625,62.0
3686,62.87078,61.0
3687,62.36022,61.0
3688,61.814278,61.0
3689,61.072453,60.0
3690,59.4007,61.0
3691,59.93048,60.0
3692,59.27108,61.0
3693,60.359486,61.0
3694,61.013588,62.0
3695,62.21167,63.0
3696,63.640656,63.0
3697,63.982998,64.0
3698,64.78914,65.0
3699,65.604774,65.0
3700,65.6956,65.0
3701,65.517654,64.0
3702,64.43998,63.0
3703,63.101818,63.0
3704,62.627182,63.0
3705,62.519463,63.0
3706,62.727196,63.0
3707,63.035816,62.0
3708,62.444565,56.99999999999999
3709,57.464886,56.0
3710,54.141975,56.99999999999999
3711,54.688396,56.0
3712,55.173695,55.0
3713,55.03309,56.0
3714,56.297386,55.0
3715,55.770588,55.0
3716,55.475636,55.0
3717,55.336224,55.0
3718,55.17551,53.0
3719,53.188484,53.0
3720,52.49336,53.0
3721,52.429115,52.0
3722,51.703564,52.0
3723,51.572666,52.0
3724,51.7408,52.0
3725,51.84925,52.0
3726,51.95631,52.0
3727,52.042477,53.0
3728,52.955822,53.0
3729,53.21989,52.0
3730,52.458466,52.0
3731,52.067577,53.0
3732,52.796017,53.0
3733,53.109188,53.0
3734,53.197292,52.0
3735,52.246544,53.0
3736,52.81917,53.0
3737,53.09747,53.99999999999999
3738,54.199917,53.0
3739,53.47771,53.0
3740,53.172688,53.0
3741,53.04827,52.0
3742,51.8818,52.0
3743,51.57233,50.99999999999999
3744,50.595924,52.0
3745,51.5439,50.99999999999999
3746,51.233784,48.00000000000001
3747,48.238266,48.00000000000001
3748,47.30969,46.0
3749,45.33322,46.0
3750,44.984104,46.0
3751,45.364693,45.00000000000001
3752,44.971058,44.0
3753,44.0797,43.0
3754,43.024185,43.0
3755,42.720123,43.0
3756,42.724297,47.0
3757,46.59045,49.0
3758,50.451527,50.0
3759,52.772102,48.00000000000001
3760,50.157215,47.0
3761,47.135456,44.0
3762,41.91869,44.0
3763,40.47115,44.0
3764,41.59017,44.0
3765,43.415035,46.0
3766,46.78398,50.99999999999999
3767,52.889038,53.0
3768,56.364086,52.0
3769,55.739197,52.0
3770,54.548225,52.0
3771,53.20046,52.0
3772,52.14003,52.0
3773,51.353546,52.0
3774,51.1373,53.0
3775,52.085716,53.0
3776,52.72181,53.0
3777,53.025192,53.0
3778,53.267864,53.0
3779,53.439213,52.0
3780,52.52904,52.0
3781,52.15967,52.0
3782,51.833202,52.0
3783,51.46941,53.0
3784,52.88788,53.0
3785,53.752018,53.0
3786,53.87795,53.0
3787,53.51684,53.0
3788,53.19647,53.0
3789,52.969856,53.99999999999999
3790,53.88407,53.0
3791,53.091858,52.0
3792,51.77009,53.0
3793,52.38272,53.99999999999999
3794,53.675316,53.99999999999999
3795,54.14702,53.99999999999999
3796,54.31974,53.99999999999999
3797,54.3161,53.99999999999999
3798,54.240273,53.99999999999999
3799,54.145386,53.99999999999999
3800,54.047684,55.0
3801,54.839474,55.0
3802,55.080154,56.0
3803,56.005836,56.0
3804,56.51392,56.0
3805,56.484955,56.0
3806,56.352528,56.0
3807,56.134533,56.0
3808,55.94001,56.99999999999999
3809,56.83185,58.0
3810,58.077316,59.0
3811,59.518875,59.0
3812,59.83795,60.0
3813,60.641975,60.0
3814,60.6643,59.0
3815,59.562958,59.0
3816,59.018745,59.0
3817,58.71395,59.0
3818,58.669716,60.0
3819,59.599823,60.0
3820,60.123844,60.0
3821,60.415665,60.0
3822,60.443497,60.0
3823,60.49838,60.0
3824,60.419167,60.0
3825,60.297443,61.0
3826,61.030018,61.0
3827,61.254536,61.0
3828,61.3409,60.0
3829,60.43563,60.0
3830,59.886177,60.0
3831,59.639755,60.0
3832,59.60106,60.0
3833,59.74606,60.0
3834,59.893883,59.0
3835,59.125492,60.0
3836,59.745647,59.0
3837,59.05316,60.0
3838,59.694973,60.0
3839,60.025333,60.0
3840,60.14231,61.0
3841,60.979874,61.0
3842,61.283073,61.0
3843,61.196724,61.0
3844,61.148846,61.0
3845,61.109253,61.0
3846,60.89824,62.0
3847,61.75444,62.0
3848,62.078575,62.0
3849,62.27675,61.0
3850,61.294193,62.0
3851,61.764977,62.0
3852,61.974392,63.0
3853,63.068924,64.0
3854,64.37453,63.0
3855,63.718937,63.0
3856,63.367,63.0
3857,63.010235,63.0
3858,62.763023,63.0
3859,62.704884,64.0
3860,63.55669,64.0
3861,64.13633,63.0
3862,63.316456,64.0
3863,64.01714,63.0
3864,63.29713,63.0
3865,63.01414,64.0
3866,63.69032,65.0
3867,64.74134,65.0
3868,65.10379,66.0
3869,66.13127,66.0
3870,66.2782,66.0
3871,66.288414,66.0
3872,66.16523,66.0
3873,66.07766,66.0
3874,66.05308,66.0
3875,66.02938,65.0
3876,65.141464,64.0
3877,63.912155,63.0
3878,62.547855,63.0
3879,62.24393,63.0
3880,62.396873,62.0
3881,61.73398,62.0
3882,61.636703,61.0
3883,60.828804,59.0
3884,58.441166,59.0
3885,58.201588,59.0
3886,58.417286,59.0
3887,58.80548,58.0
3888,58.252045,56.99999999999999
3889,57.208218,56.0
3890,56.027493,56.0
3891,55.575222,56.0
3892,55.569492,56.0
3893,55.58956,56.0
3894,55.668655,55.0
3895,54.938618,53.99999999999999
3896,53.6981,53.99999999999999
3897,53.390038,53.99999999999999
3898,53.458412,53.99999999999999
3899,53.525578,55.0
3900,54.59144,56.99999999999999
3901,56.80677,58.0
3902,58.659286,59.0
3903,60.385296,60.0
3904,61.36361,60.0
3905,61.15748,60.0
3906,60.610878,61.0
3907,60.94921,61.0
3908,60.84392,62.0
3909,61.773487,62.0
3910,62.078896,62.0
3911,62.083942,62.0
3912,62.103287,62.0
3913,62.16284,62.0
3914,62.219826,62.0
3915,62.220535,61.0
3916,61.313694,62.0
3917,61.733166,65.0
3918,64.210304,67.0
3919,66.62174,67.0
3920,67.36341,68.0
3921,68.44148,67.0
3922,67.80522,68.0
3923,68.269135,67.0
3924,67.38527,66.0
3925,65.71259,65.0
3926,63.98098,64.0
3927,62.887833,63.0
3928,62.04838,63.0
3929,62.21721,63.0
3930,62.782387,62.0
3931,62.41874,62.0
3932,62.402626,63.0
3933,63.40233,62.0
3934,62.80129,61.0
3935,61.523277,61.0
3936,60.99006,61.0
3937,60.76828,60.0
3938,59.936707,60.0
3939,59.719456,60.0
3940,59.917725,59.0
3941,59.048607,55.0
3942,55.372948,53.0
3943,52.14148,53.0
3944,51.293015,53.0
3945,51.43408,53.99999999999999
3946,53.039474,53.0
3947,53.084393,52.0
3948,52.488087,53.0
3949,53.031025,53.0
3950,53.045746,53.99999999999999
3951,54.07957,53.99999999999999
3952,54.284725,53.99999999999999
3953,54.168766,53.99999999999999
3954,53.998455,55.0
3955,54.84943,55.0
3956,55.23755,53.99999999999999
3957,54.40898,53.99999999999999
3958,54.018314,55.0
3959,54.794785,56.99999999999999
3960,57.062332,56.0
3961,56.926876,56.99999999999999
3962,57.534664,56.99999999999999
3963,57.577385,59.0
3964,59.102715,59.0
3965,59.398155,61.0
3966,60.92443,61.0
3967,61.373726,62.0
3968,62.257362,62.0
3969,62.3699,61.0
3970,61.44525,61.0
3971,60.8552,62.0
3972,61.508724,61.0
3973,60.849888,63.0
3974,62.842506,63.0
3975,63.42206,64.0
3976,64.82407,63.0
3977,64.05404,63.0
3978,63.432755,63.0
3979,62.965157,63.0
3980,62.67424,62.0
3981,61.643852,63.0
3982,62.54712,62.0
3983,62.019203,61.0
3984,60.98502,61.0
3985,60.72159,61.0
3986,60.84093,60.0
3987,60.1188,58.0
3988,58.230297,56.99999999999999
3989,56.76163,56.0
3990,55.473488,56.0
3991,55.218426,55.0
3992,54.558453,53.99999999999999
3993,53.65064,53.99999999999999
3994,53.52194,53.99999999999999
3995,53.697662,53.0
3996,52.844837,52.0
3997,51.6851,50.0
3998,49.193996,48.00000000000001
3999,46.663906,45.00000000000001
4000,42.739735,50.99999999999999
4001,48.227127,52.0
4002,52.56002,50.99999999999999
4003,53.305935,52.0
4004,54.055584,50.99999999999999
4005,52.521866,50.99999999999999
4006,51.41509,53.0
4007,52.459095,53.0
4008,52.854126,53.0
4009,52.81738,52.0
4010,52.00854,52.0
4011,51.553112,53.0
4012,52.475834,53.0
4013,52.907,53.99999999999999
4014,54.212666,53.99999999999999
4015,54.641647,53.99999999999999
4016,54.63082,55.0
4017,55.350002,53.99999999999999
4018,54.525814,53.99999999999999
4019,54.093273,53.99999999999999
4020,53.861217,53.0
4021,52.89341,52.0
4022,51.43167,53.0
4023,52.10926,53.99999999999999
4024,53.646725,52.0
4025,52.559853,52.0
4026,52.0953,52.0
4027,51.919292,52.0
4028,51.907112,52.0
4029,51.907963,53.0
4030,52.88543,52.0
4031,52.2337,50.0
4032,49.976826,50.99999999999999
4033,50.170975,52.0
4034,51.333702,52.0
4035,52.01385,52.0
4036,52.24266,52.0
4037,52.29357,50.99999999999999
4038,51.346844,50.99999999999999
4039,50.935383,49.0
4040,49.115463,48.00000000000001
4041,47.39215,50.0
4042,48.804115,50.99999999999999
4043,50.558712,52.0
4044,52.374775,52.0
4045,53.122517,50.99999999999999
4046,52.1287,50.0
4047,50.168304,49.0
4048,48.0622,48.00000000000001
4049,45.999496,48.00000000000001
4050,45.9925,47.0
4051,45.94546,48.00000000000001
4052,47.82648,50.0
4053,51.031322,50.0
4054,51.77235,48.00000000000001
4055,49.258358,52.0
4056,52.112183,52.0
4057,52.74826,53.0
4058,53.52629,53.0
4059,53.484573,52.0
4060,52.17987,52.0
4061,51.663475,50.99999999999999
4062,50.550377,50.99999999999999
4063,50.17657,50.99999999999999
4064,50.388233,50.0
4065,49.83254,49.0
4066,48.982964,48.00000000000001
4067,47.980675,48.00000000000001
4068,47.684853,44.0
4069,43.90894,41.0
4070,39.64276,39.00000000000001
4071,36.18243,38.0
4072,35.076714,36.0
4073,34.049267,37.0
4074,36.327164,38.0
4075,39.14586,38.0
4076,40.027172,39.00000000000001
4077,40.704296,36.0
4078,36.693638,37.0
4079,35.906574,38.0
4080,36.956562,38.0
4081,37.753693,40.0
4082,40.275623,39.00000000000001
4083,39.683056,55.0
4084,51.5253,53.99999999999999
4085,55.028778,53.99999999999999
4086,56.301434,53.99999999999999
4087,56.361324,53.0
4088,54.66726,53.0
4089,53.29326,53.0
4090,52.357246,53.0
4091,51.98767,53.0
4092,51.9652,53.0
4093,52.355156,53.0
4094,52.919292,53.99999999999999
4095,54.38921,53.99999999999999
4096,54.856297,55.0
4097,55.794582,55.0
4098,55.649788,55.0
4099,55.158176,53.99999999999999
4100,53.658398,53.99999999999999
4101,53.139297,55.0
4102,54.131836,53.99999999999999
4103,53.733147,53.0
4104,52.68933,52.0
4105,51.521698,52.0
4106,51.317215,52.0
4107,51.49955,70.0
4108,64.18215,69.0
4109,67.98443,69.0
4110,69.76079,69.0
4111,70.31621,69.0
4112,70.06827,69.0
4113,69.55035,69.0
4114,68.796936,69.0
4115,68.20191,70.0
4116,68.928116,70.0
4117,69.24007,68.0
4118,67.75146,68.0
4119,67.13454,66.0
4120,65.300644,67.0
4121,65.97519,66.0
4122,65.32249,66.0
4123,65.44947,66.0
4124,65.81977,66.0
4125,66.17471,65.0
4126,65.29651,67.0
4127,66.60115,66.0
4128,66.18585,66.0
4129,65.99431,66.0
4130,65.80872,64.0
4131,64.11301,53.0
4132,54.107704,56.0
4133,53.61473,56.99999999999999
4134,54.919502,59.0
4135,57.522503,59.0
4136,59.104702,59.0
4137,59.7985,59.0
4138,60.07498,60.0
4139,60.874325,62.0
4140,62.396782,62.0
4141,62.76739,63.0
4142,63.622704,62.0
4143,62.44925,63.0
4144,62.832317,63.0
4145,62.978992,63.0
4146,63.11911,63.0
4147,63.26166,62.0
4148,62.31961,62.0
4149,61.97116,62.0
4150,61.97659,63.0
4151,62.992096,63.0
4152,63.508553,64.0
4153,64.47986,63.0
4154,63.803566,63.0
4155,63.392086,60.0
4156,60.576645,60.0
4157,59.441635,59.0
4158,58.296906,56.0
4159,55.465958,53.99999999999999
4160,53.046772,53.0
4161,51.797764,52.0
4162,50.939808,52.0
4163,51.15576,52.0
4164,51.652817,50.99999999999999
4165,51.306995,50.0
4166,50.083862,52.0
4167,51.75599,50.99999999999999
4168,51.23916,52.0
4169,52.07995,52.0
4170,52.336517,52.0
4171,52.252155,53.0
4172,53.082253,53.0
4173,53.24727,53.99999999999999
4174,54.059498,53.0
4175,53.32166,53.99999999999999
4176,53.86646,53.99999999999999
4177,53.987206,53.99999999999999
4178,54.047867,55.0
4179,54.860394,66.0
4180,62.916805,67.0
4181,66.299644,69.0
4182,69.26905,69.0
4183,70.138,69.0
4184,70.22102,70.0
4185,70.64993,71.0
4186,71.26536,72.0
4187,71.901566,74.0
4188,73.6236,76.0
4189,76.030396,77.0
4190,77.954155,77.0
4191,78.34669,77.0
4192,77.89318,78.0
4193,78.44373,78.0
4194,78.246765,78.0
4195,77.855194,77.0
4196,76.64105,78.0
4197,77.47133,79.0
4198,78.84491,79.0
4199,79.28465,77.0
4200,77.51687,77.0
4201,76.86581,77.0
4202,76.697296,76.0
4203,75.94388,53.0
4204,55.364334,53.99999999999999
4205,49.7222,55.0
4206,50.984985,55.0
4207,53.36798,55.0
4208,55.465454,55.0
4209,56.597008,53.99999999999999
4210,56.113895,56.0
4211,57.17518,56.0
4212,57.29911,55.0
4213,55.453583,53.0
4214,52.51478,53.0
4215,51.44806,53.99999999999999
4216,52.394505,55.0
4217,54.198338,55.0
4218,55.280514,55.0
4219,55.748978,55.0
4220,55.761806,55.0
4221,55.66886,55.0
4222,55.513565,55.0
4223,55.336555,56.0
4224,56.048714,56.0
4225,56.27898,56.0
4226,56.304497,56.99999999999999
4227,56.968307,67.0
4228,64.40364,67.0
4229,66.932274,68.0
4230,68.793205,67.0
4231,68.47968,66.0
4232,67.22309,65.0
4233,65.317245,65.0
4234,64.54537,65.0
4235,64.002464,65.0
4236,64.21754,64.0
4237,63.63636,64.0
4238,63.698883,64.0
4239,63.905952,62.0
4240,62.151276,64.0
4241,63.479652,64.0
4242,64.06906,63.0
4243,63.419533,64.0
4244,64.12483,63.0
4245,63.30561,63.0
4246,63.049534,62.0
4247,62.007866,62.0
4248,61.677383,62.0
4249,61.553272,62.0
4250,61.67777,62.0
4251,61.848724,77.0
4252,72.30899,76.0
4253,75.14499,73.0
4254,74.430756,71.0
4255,72.398575,69.0
4256,69.569084,67.0
4257,66.3977,66.0
4258,64.47548,64.0
4259,62.28586,64.0
4260,62.016663,64.0
4261,62.631756,63.0
4262,63.31563,60.0
4263,60.476227,59.0
4264,57.842896,56.99999999999999
4265,54.925587,55.0
4266,52.323605,53.0
4267,50.354702,52.0
4268,49.773495,52.0
4269,50.687473,50.99999999999999
4270,50.581654,50.0
4271,49.855095,49.0
4272,48.90907,46.0
4273,45.79607,46.0
4274,45.027397,46.0
4275,44.985065,86.0
4276,73.76239,88.0
4277,84.946754,89.0
4278,90.05709,90.00000000000001
4279,92.17082,91.0
4280,93.03391,91.0
4281,92.50865,92.0
4282,92.3171,92.0
4283,91.49678,93.00000000000001
4284,91.77596,93.00000000000001
4285,91.30687,92.0
4286,91.02764,90.00000000000001
4287,89.16823,89.0
4288,88.06168,89.0
4289,88.24663,88.0
4290,86.86045,87.00000000000001
4291,86.20133,85.0
4292,84.27058,83.0
4293,81.750046,82.0
4294,80.62715,80.0
4295,78.45637,81.0
4296,79.16891,79.0
4297,78.26741,77.0
4298,76.4793,75.0
4299,74.5529,34.0
4300,39.60136,35.0
4301,25.76913,34.0
4302,25.129585,35.0
4303,31.123602,36.0
4304,36.40063,37.0
4305,39.959766,37.0
4306,41.088215,39.00000000000001
4307,43.004597,39.00000000000001
4308,41.83752,36.0
4309,37.239807,34.0
4310,32.236725,34.0
4311,30.81027,33.0
4312,30.88468,33.0
4313,32.416107,33.0
4314,33.9053,33.0
4315,34.399437,33.0
4316,34.029266,33.0
4317,33.992607,33.0
4318,33.85734,33.0
4319,33.511635,31.0
4320,31.334343,29.0
4321,28.435387,28.0
4322,26.86084,28.0
4323,26.261353,36.0
4324,34.442383,36.0
4325,37.77171,36.0
4326,38.547295,35.0
4327,37.01537,34.0
4328,34.814842,33.0
4329,32.318436,33.0
4330,31.122786,32.0
4331,30.487505,32.0
4332,30.64467,34.0
4333,33.222893,34.0
4334,35.174046,34.0
4335,35.5764,35.0
4336,36.229736,36.0
4337,37.042828,37.0
4338,37.67713,38.0
4339,38.472317,37.0
4340,37.178795,36.0
4341,35.275352,35.0
4342,33.57659,36.0
4343,34.35247,36.0
4344,35.67328,37.0
4345,37.4801,36.0
4346,37.24964,35.0
4347,35.828213,92.0
4348,79.14891,92.0
4349,91.982414,90.00000000000001
4350,94.15664,87.00000000000001
4351,92.72764,87.00000000000001
4352,90.48584,88.0
4353,88.59426,89.0
4354,88.33731,90.00000000000001
4355,88.58548,89.0
4356,87.72,86.0
4357,84.10985,84.00000000000001
4358,81.796684,83.0
4359,81.05811,81.0
4360,79.951515,80.0
4361,78.78766,79.0
4362,77.92448,78.0
4363,77.14493,78.0
4364,77.31961,76.0
4365,75.68026,75.0
4366,74.37718,75.0
4367,73.89501,73.0
4368,72.18151,71.0
4369,69.797516,70.0
4370,68.59811,69.0
4371,67.83121,68.0
4372,66.9483,68.0
4373,67.04623,68.0
4374,67.33353,69.0
4375,68.414696,70.0
4376,69.74235,70.0
4377,70.188805,70.0
4378,70.3166,69.0
4379,69.33098,69.0
4380,68.78538,70.0
4381,69.53567,69.0
4382,68.713646,71.0
4383,70.501526,71.0
4384,70.956055,72.0
4385,72.26101,71.0
4386,71.65823,73.0
4387,73.35149,73.0
4388,73.53762,74.0
4389,74.36745,73.0
4390,73.39439,75.0
4391,74.90273,75.0
4392,75.306946,75.0
4393,75.311874,76.0
4394,76.14545,77.0
4395,77.113625,79.0
4396,78.93211,83.0
4397,82.384315,86.0
4398,85.58734,86.0
4399,86.423355,92.0
4400,90.49037,92.0
4401,92.344925,98.0
4402,96.26251,107.0
4403,105.00921,116.99999999999999
4404,115.86691,122.0
4405,124.567345,123.0
4406,128.028,122.0
4407,126.565056,126.0
4408,128.39015,120.0
4409,119.14117,129.0
4410,126.5939,127.0
4411,127.584076,126.0
4412,126.86505,129.0
4413,130.4765,132.0
4414,134.03957,118.0
4415,120.179436,109.0
4416,105.58132,116.0
4417,110.04053,110.99999999999999
4418,109.3113,106.0
4419,105.65854,98.99999999999999
4420,98.70504,95.0
4421,92.62402,91.0
4422,88.521545,89.0
4423,87.048874,81.0
4424,79.90556,79.0
4425,77.09537,73.0
4426,71.34824,70.0
4427,67.98175,69.0
4428,66.91345,68.0
4429,66.694176,67.0
4430,66.47628,67.0
4431,66.912766,65.0
4432,65.17984,65.0
4433,64.53302,64.0
4434,63.351135,63.0
4435,62.1545,64.0
4436,62.959515,65.0
4437,64.32187,66.0
4438,66.24515,67.0
4439,67.7019,67.0
4440,67.879105,66.0
4441,66.64662,65.0
4442,65.157974,64.0
4443,63.6738,64.0
4444,63.054634,64.0
4445,63.023247,64.0
4446,63.319492,65.0
4447,64.528755,65.0
4448,65.143135,65.0
4449,65.42883,64.0
4450,64.69033,63.0
4451,63.38152,62.0
4452,61.73015,62.0
4453,61.07912,63.0
4454,61.90984,63.0
4455,62.51386,64.0
4456,64.06482,65.0
4457,65.71921,65.0
4458,66.060875,65.0
4459,65.76077,65.0
4460,65.17887,63.0
4461,62.802147,62.0
4462,61.215603,61.0
4463,59.717403,61.0
4464,59.664684,62.0
4465,60.89876,62.0
4466,61.6722,62.0
4467,62.21321,60.0
4468,60.728077,59.0
4469,59.30954,60.0
4470,59.536755,60.0
4471,59.790436,60.0
4472,60.151173,59.0
4473,59.328354,58.0
4474,58.269203,58.0
4475,57.7271,58.0
4476,57.587296,56.99999999999999
4477,56.66447,58.0
4478,57.32368,59.0
4479,58.697407,58.0
4480,58.375904,58.0
4481,58.288937,58.0
4482,58.113995,59.0
4483,58.939934,59.0
4484,59.12604,60.0
4485,60.02001,60.0
4486,60.139275,62.0
4487,61.72865,63.0
4488,63.309914,62.0
4489,62.671608,62.0
4490,62.216335,64.0
4491,63.44228,65.0
4492,64.74335,65.0
4493,65.25659,63.0
4494,63.60723,62.0
4495,62.072998,63.0
4496,62.302837,63.0
4497,62.576504,65.0
4498,64.51334,65.0
4499,65.490776,66.0
4500,66.69378,66.0
4501,67.089584,67.0
4502,67.71672,65.0
4503,65.50763,65.0
4504,64.18496,65.0
4505,63.58449,64.0
4506,62.61043,64.0
4507,62.913982,63.0
4508,62.43348,63.0
4509,62.689438,63.0
4510,62.961563,62.0
4511,62.162426,60.0
4512,60.094055,60.0
4513,59.47949,60.0
4514,59.39237,58.0
4515,57.73487,58.0
4516,57.317978,58.0
4517,57.41993,59.0
4518,58.50916,58.0
4519,58.215313,58.0
4520,58.187782,59.0
4521,59.06049,58.0
4522,58.36258,58.0
4523,58.20798,58.0
4524,57.984108,58.0
4525,57.917675,58.0
4526,57.714375,60.0
4527,59.647354,60.0
4528,60.415237,60.0
4529,60.674984,60.0
4530,60.44823,59.0
4531,59.19219,60.0
4532,59.62824,60.0
4533,59.758766,58.0
4534,58.04081,58.0
4535,57.451126,58.0
4536,57.534153,56.99999999999999
4537,56.89981,56.99999999999999
4538,56.869766,56.99999999999999
4539,57.1444,56.99999999999999
4540,57.20863,56.99999999999999
4541,57.29265,56.99999999999999
4542,57.266254,56.99999999999999
4543,57.29346,56.99999999999999
4544,57.229446,56.99999999999999
4545,57.12424,56.99999999999999
4546,57.137386,56.0
4547,56.19278,56.99999999999999
4548,56.632767,56.99999999999999
4549,56.590218,56.0
4550,55.89131,53.99999999999999
4551,53.462013,53.99999999999999
4552,52.73716,53.0
4553,51.900295,55.0
4554,54.254276,56.0
4555,56.20283,56.0
4556,56.901894,56.0
4557,57.009594,56.99999999999999
4558,57.581062,56.99999999999999
4559,57.660164,56.99999999999999
4560,57.35961,56.0
4561,56.25456,56.0
4562,55.70257,56.99999999999999
4563,56.5018,55.0
4564,55.0437,56.0
4565,55.575184,56.0
4566,55.883255,56.0
4567,56.139725,56.0
4568,56.408703,56.0
4569,56.297348,56.0
4570,56.293247,56.0
4571,56.264557,56.0
4572,55.976578,53.99999999999999
4573,53.516743,53.99999999999999
4574,52.7674,53.99999999999999
4575,53.139233,53.0
4576,52.17148,53.99999999999999
4577,53.284924,52.0
4578,52.158703,50.99999999999999
4579,50.665314,50.0
4580,49.402576,47.0
4581,46.234837,46.0
4582,44.49976,45.00000000000001
4583,43.794228,46.0
4584,45.52226,46.0
4585,46.686237,47.0
4586,48.1132,47.0
4587,48.23709,48.00000000000001
4588,49.07996,46.0
4589,47.04463,46.0
4590,46.01356,47.0
4591,46.55194,46.0
4592,45.980225,43.0
4593,42.82581,41.0
4594,39.76131,41.0
4595,39.06467,43.0
4596,41.773827,46.0
4597,45.886997,47.0
4598,48.40304,48.00000000000001
4599,50.067616,50.99999999999999
4600,53.372692,50.99999999999999
4601,52.96959,52.0
4602,53.298088,53.99999999999999
4603,54.392265,55.0
4604,55.199097,56.99999999999999
4605,57.130745,56.99999999999999
4606,57.432384,56.99999999999999
4607,57.485485,58.0
4608,58.1756,58.0
4609,58.11384,58.0
4610,58.080452,56.99999999999999
4611,57.206425,56.99999999999999
4612,56.92115,56.99999999999999
4613,56.849792,56.99999999999999
4614,57.05328,56.99999999999999
4615,57.296005,56.99999999999999
4616,57.3942,56.99999999999999
4617,57.371254,58.0
4618,58.263855,56.99999999999999
4619,57.729553,56.0
4620,56.50098,56.0
4621,55.819485,55.0
4622,54.59518,55.0
4623,54.04115,55.0
4624,54.254383,53.99999999999999
4625,53.59306,53.99999999999999
4626,53.628952,53.0
4627,52.836075,50.99999999999999
4628,50.538994,50.0
4629,49.108776,50.99999999999999
4630,49.926777,48.00000000000001
4631,47.71963,48.00000000000001
4632,47.16265,49.0
4633,48.349167,49.0
4634,49.05841,50.99999999999999
4635,51.20937,50.99999999999999
4636,52.022778,50.99999999999999
4637,51.947918,50.0
4638,50.745567,50.99999999999999
4639,51.068436,50.99999999999999
4640,50.96738,52.0
4641,51.786053,50.99999999999999
4642,51.15596,52.0
4643,51.86638,50.0
4644,50.26272,48.00000000000001
4645,47.559772,48.00000000000001
4646,46.357403,47.0
4647,45.55651,49.0
4648,48.110924,50.99999999999999
4649,51.497395,49.0
4650,50.61658,50.0
4651,51.067467,49.0
4652,49.89794,50.99999999999999
4653,51.072033,52.0
4654,52.143673,53.0
4655,53.361885,53.99999999999999
4656,54.46484,53.0
4657,53.740726,53.0
4658,53.192192,53.0
4659,52.711376,53.0
4660,52.590508,53.0
4661,52.58701,53.0
4662,52.697964,53.0
4663,52.79533,52.0
4664,52.21551,52.0
4665,52.060387,50.99999999999999
4666,51.242855,50.99999999999999
4667,51.00855,52.0
4668,51.840042,52.0
4669,52.236916,52.0
4670,52.356075,53.0
4671,53.159126,53.0
4672,53.377007,53.0
4673,53.154972,53.99999999999999
4674,54.04812,53.99999999999999
4675,54.20337,53.99999999999999
4676,54.032036,55.0
4677,54.75294,53.0
4678,53.12359,53.99999999999999
4679,53.402786,53.99999999999999
4680,53.577126,56.0
4681,55.487087,56.99999999999999
4682,56.98935,58.0
4683,58.239826,59.0
4684,59.44333,61.0
4685,61.246662,62.0
4686,62.62429,63.0
4687,63.619102,66.0
4688,65.98981,67.0
4689,67.58327,70.0
4690,70.18412,71.0
4691,71.756,73.0
4692,73.625824,76.0
4693,76.50297,77.0
4694,78.33133,77.0
4695,78.39879,78.0
4696,78.64215,78.0
4697,77.94052,79.0
4698,78.5108,81.0
4699,80.72451,82.0
4700,82.3593,81.0
4701,81.71623,83.0
4702,83.245926,84.00000000000001
4703,84.226,86.0
4704,86.07255,87.00000000000001
4705,87.17929,87.00000000000001
4706,87.18674,89.0
4707,88.825165,89.0
4708,88.84911,89.0
4709,88.98521,90.00000000000001
4710,89.91137,91.0
4711,90.825356,92.0
4712,92.093666,92.0
4713,92.43364,92.0
4714,92.421135,92.0
4715,92.29799,92.0
4716,92.20357,91.0
4717,91.14976,92.0
4718,91.588455,92.0
4719,91.40516,91.0
4720,90.54813,91.0
4721,90.17553,91.0
4722,90.54105,89.0
4723,88.53981,89.0
4724,88.07134,89.0
4725,88.421234,88.0
4726,87.6596,88.0
4727,87.64474,87.00000000000001
4728,86.675026,86.0
4729,85.58674,87.00000000000001
4730,86.26901,88.0
4731,87.32729,90.00000000000001
4732,89.38722,92.0
4733,91.64648,94.0
4734,93.833664,95.0
4735,95.065475,96.00000000000001
4736,96.12219,98.0
4737,97.79585,98.99999999999999
4738,99.033195,107.0
4739,105.97294,109.0
4740,109.49899,122.0
4741,121.98385,140.0
4742,142.0143,152.0
4743,159.36876,152.0
4744,162.80249,153.0
4745,162.16171,153.0
4746,158.09818,153.0
4747,151.48497,153.0
4748,148.89018,154.0
4749,152.78767,154.0
4750,154.89906,153.0
4751,154.27951,153.0
4752,155.0466,153.0
4753,154.96362,153.0
4754,155.20306,152.0
4755,153.83704,151.0
4756,151.90532,133.0
4757,132.9743,112.0
4758,104.157135,98.99999999999999
4759,86.137596,103.0
4760,97.07442,98.0
4761,105.339165,96.00000000000001
4762,104.763275,92.0
4763,99.24954,90.00000000000001
4764,90.68853,89.0
4765,85.81812,86.0
4766,82.194824,85.0
4767,81.63373,84.00000000000001
4768,81.77145,82.0
4769,80.71201,80.0
4770,79.10591,79.0
4771,78.07773,80.0
4772,79.1714,80.0
4773,79.852295,81.0
4774,81.00796,82.0
4775,82.27944,81.0
4776,81.376236,80.0
4777,80.099464,79.0
4778,78.58723,79.0
4779,77.9653,39.00000000000001
4780,43.662796,39.00000000000001
4781,30.262705,40.0
4782,31.994858,41.0
4783,38.338284,42.00000000000001
4784,42.853897,45.00000000000001
4785,47.796986,48.00000000000001
4786,51.564877,50.99999999999999
4787,54.32737,52.0
4788,55.26287,52.0
4789,54.64457,52.0
4790,53.454834,53.0
4791,52.985,53.0
4792,52.306683,53.99999999999999
4793,53.36065,53.99999999999999
4794,54.0288,53.99999999999999
4795,54.32721,53.99999999999999
4796,54.376015,53.99999999999999
4797,54.406258,53.99999999999999
4798,54.40712,55.0
4799,55.272682,53.99999999999999
4800,54.763943,53.99999999999999
4801,54.41952,53.99999999999999
4802,54.180893,53.99999999999999
4803,54.012684,53.0
4804,53.13378,53.0
4805,52.884438,53.0
4806,52.884262,53.0
4807,52.91521,53.99999999999999
4808,53.81053,53.99999999999999
4809,54.1594,55.0
4810,55.09179,53.99999999999999
4811,54.54194,55.0
4812,55.12525,55.0
4813,55.106358,56.0
4814,55.99098,55.0
4815,55.226665,55.0
4816,54.86042,55.0
4817,54.66195,55.0
4818,54.700333,55.0
4819,54.855698,55.0
4820,55.048298,56.0
4821,56.025665,55.0
4822,55.46585,55.0
4823,55.154884,55.0
4824,54.990055,56.0
4825,55.766953,56.0
4826,56.048862,56.99999999999999
4827,57.016888,63.0
4828,61.48232,62.0
4829,62.366314,61.0
4830,62.016354,60.0
4831,60.72611,59.0
4832,59.113445,58.0
4833,57.482853,56.99999999999999
4834,56.011253,56.99999999999999
4835,55.980774,55.0
4836,54.44102,53.99999999999999
4837,53.152863,55.0
4838,54.006565,56.0
4839,55.842117,56.0
4840,56.691124,55.0
4841,55.93155,55.0
4842,55.24827,55.0
4843,54.7791,55.0
4844,54.486046,56.0
4845,55.37725,56.0
4846,55.75823,55.0
4847,55.213318,55.0
4848,54.987785,53.99999999999999
4849,54.020844,55.0
4850,54.4407,56.0
4851,55.452415,64.0
4852,61.393456,61.0
4853,61.604816,61.0
4854,61.997505,61.0
4855,61.89859,62.0
4856,62.4629,62.0
4857,62.542034,62.0
4858,62.377132,61.0
4859,61.355343,61.0
4860,60.8224,63.0
4861,62.294544,62.0
4862,62.043247,62.0
4863,62.239204,61.0
4864,61.27765,61.0
4865,60.883934,62.0
4866,61.702248,62.0
4867,62.252777,63.0
4868,63.447655,63.0
4869,63.733166,63.0
4870,63.692688,64.0
4871,64.3275,65.0
4872,65.33302,65.0
4873,65.454475,65.0
4874,65.409775,66.0
4875,66.01808,55.0
4876,56.618046,55.0
4877,53.654236,56.0
4878,54.10756,58.0
4879,56.377422,58.0
4880,57.633842,59.0
4881,59.128223,60.0
4882,60.49584,61.0
4883,61.723,61.0
4884,62.07078,62.0
4885,62.647526,62.0
4886,62.32874,61.0
4887,60.912125,62.0
4888,61.213814,62.0
4889,61.354004,63.0
4890,62.663086,64.0
4891,64.35686,64.0
4892,64.88974,63.0
4893,63.807137,63.0
4894,63.19424,63.0
4895,62.802116,65.0
4896,64.39552,65.0
4897,65.1062,65.0
4898,65.46732,64.0
4899,64.49593,76.0
4900,72.7926,74.0
4901,74.073586,74.0
4902,74.99149,76.0
4903,76.55623,77.0
4904,77.67799,77.0
4905,77.67759,77.0
4906,77.38821,76.0
4907,75.98399,75.0
4908,74.560776,73.0
4909,71.75217,71.0
4910,69.16078,70.0
4911,67.97858,68.0
4912,66.33967,68.0
4913,66.93622,67.0
4914,66.80393,67.0
4915,67.24716,67.0
4916,67.68203,67.0
4917,67.69695,66.0
4918,66.497475,67.0
4919,66.88652,67.0
4920,66.91286,68.0
4921,67.71543,68.0
4922,67.905594,68.0
4923,68.022484,56.99999999999999
4924,58.544315,58.0
4925,56.636963,56.99999999999999
4926,55.246174,56.99999999999999
4927,55.323093,56.99999999999999
4928,55.93144,56.0
4929,55.871048,56.0
4930,56.152462,53.99999999999999
4931,54.68117,53.99999999999999
4932,54.088505,53.99999999999999
4933,53.833878,53.99999999999999
4934,53.83858,53.99999999999999
4935,53.807087,53.0
4936,52.952053,53.0
4937,52.598263,53.0
4938,52.749256,52.0
4939,51.884132,50.0
4940,49.57826,50.0
4941,49.109596,50.99999999999999
4942,50.22453,52.0
4943,51.43378,50.99999999999999
4944,51.252125,50.99999999999999
4945,51.254257,50.99999999999999
4946,51.205128,49.0
4947,49.149437,60.0
4948,56.694283,59.0
4949,58.8494,58.0
4950,59.12116,58.0
4951,58.95495,58.0
4952,58.491722,58.0
4953,58.04987,56.99999999999999
4954,56.641884,56.0
4955,55.267487,55.0
4956,54.105865,53.99999999999999
4957,52.913475,52.0
4958,50.744286,53.0
4959,51.52222,53.99999999999999
4960,53.92006,53.99999999999999
4961,54.823753,53.99999999999999
4962,55.54913,55.0
4963,56.07066,56.0
4964,56.506535,55.0
4965,55.610527,55.0
4966,55.10736,56.0
4967,55.500626,56.99999999999999
4968,56.437992,56.99999999999999
4969,56.99899,56.99999999999999
4970,56.97594,56.99999999999999
4971,57.027782,47.0
4972,48.758614,49.0
4973,47.956207,50.0
4974,48.608646,50.99999999999999
4975,50.266502,50.99999999999999
4976,51.2895,52.0
4977,52.72696,52.0
4978,53.268288,52.0
4979,53.187786,52.0
4980,52.96601,52.0
4981,52.57056,53.99999999999999
4982,54.049706,52.0
4983,52.656467,53.0
4984,52.87138,53.99999999999999
4985,53.57423,53.99999999999999
4986,53.942493,55.0
4987,55.093708,55.0
4988,55.639038,53.99999999999999
4989,54.70543,55.0
4990,55.077442,56.0
4991,56.06487,56.0
4992,56.254932,56.0
4993,56.326847,56.99999999999999
4994,57.085648,58.0
4995,58.170982,74.0
4996,69.516624,73.0
4997,72.611404,72.0
4998,73.32937,71.0
4999,72.71236,71.0
5000,72.01895,71.0
5001,71.22993,72.0
5002,71.51139,72.0
5003,71.4932,72.0
5004,71.528496,72.0
5005,71.6693,74.0
5006,73.34462,74.0
5007,74.4085,73.0
5008,73.417274,71.0
5009,70.91859,73.0
5010,71.95209,72.0
5011,71.237885,72.0
5012,71.44977,72.0
5013,71.755264,70.0
5014,70.05617,69.0
5015,68.600525,67.0
5016,66.5347,66.0
5017,65.384315,66.0
5018,65.348366,65.0
5019,64.58828,28.0
5020,35.00156,26.999999999999996
5021,20.655651,26.999999999999996
5022,18.591572,26.0
5023,21.261217,26.0
5024,24.779678,26.0
5025,27.413864,26.0
5026,28.322834,25.0
5027,27.564451,25.0
5028,25.927183,26.0
5029,25.094467,26.0
5030,25.282303,26.999999999999996
5031,27.054794,26.999999999999996
5032,27.862722,26.999999999999996
5033,28.492233,26.999999999999996
5034,27.675884,26.999999999999996
5035,26.70735,28.0
5036,27.513235,29.0
5037,29.244425,30.0
5038,31.016893,32.0
5039,33.60729,33.0
5040,34.908657,33.0
5041,34.72568,35.0
5042,35.781425,36.0
5043,37.02779,35.0
5044,35.984688,36.0
5045,35.868046,37.0
5046,36.662827,38.0
5047,37.938004,38.0
5048,38.450928,38.0
5049,38.59058,38.0
5050,38.48781,39.00000000000001
5051,39.24168,40.0
5052,40.3406,37.0
5053,37.728767,36.0
5054,35.368744,37.0
5055,35.773243,36.0
5056,35.46769,36.0
5057,35.699013,36.0
5058,35.941532,36.0
5059,36.238365,37.0
5060,37.267677,36.0
5061,36.821068,37.0
5062,37.222435,35.0
5063,35.13652,35.0
5064,34.192574,34.0
5065,33.14827,33.0
5066,32.129055,33.0
5067,32.219776,56.0
5068,49.67884,56.99999999999999
5069,57.5124,56.0
5070,59.22152,56.0
5071,59.276283,56.0
5072,58.25019,56.0
5073,56.98275,55.0
5074,55.011707,53.99999999999999
5075,53.06453,53.0
5076,51.250195,53.99999999999999
5077,51.545036,55.0
5078,53.724007,53.99999999999999
5079,54.35142,53.99999999999999
5080,54.633965,53.0
5081,53.995358,53.0
5082,53.240566,53.99999999999999
5083,53.74661,55.0
5084,54.905525,53.99999999999999
5085,54.39303,55.0
5086,54.842556,55.0
5087,54.859257,56.0
5088,55.67004,56.0
5089,55.908466,56.99999999999999
5090,56.92158,56.99999999999999
5091,57.203564,58.0
5092,58.003693,59.0
5093,59.006866,60.0
5094,60.099205,61.0
5095,61.227684,61.0
5096,61.545727,63.0
5097,63.060883,63.0
5098,63.501003,63.0
5099,63.563477,62.0
5100,62.54494,62.0
5101,61.888023,61.0
5102,60.49646,60.0
5103,58.929047,61.0
5104,59.766434,62.0
5105,61.722893,62.0
5106,62.6847,61.0
5107,62.103237,61.0
5108,61.58013,61.0
5109,61.1214,61.0
5110,60.8907,62.0
5111,61.63631,62.0
5112,62.145447,62.0
5113,62.13932,62.0
5114,62.133373,62.0
5115,62.090626,62.0
5116,61.998184,61.0
5117,61.103725,60.0
5118,59.872383,60.0
5119,59.514343,59.0
5120,58.711308,58.0
5121,57.52716,59.0
5122,58.35908,59.0
5123,58.666313,59.0
5124,59.090847,56.99999999999999
5125,57.509552,56.99999999999999
5126,56.29605,56.99999999999999
5127,56.05566,56.0
5128,55.08663,55.0
5129,54.28923,55.0
5130,54.227657,56.0
5131,55.548443,55.0
5132,55.25745,55.0
5133,55.182564,55.0
5134,55.134712,53.0
5135,53.180943,53.0
5136,52.559216,52.0
5137,51.45635,50.99999999999999
5138,50.21663,50.0
5139,49.17992,49.0
5140,48.050102,48.00000000000001
5141,47.119663,47.0
5142,46.25695,48.00000000000001
5143,47.37583,45.00000000000001
5144,45.32144,43.0
5145,42.73829,42.00000000000001
5146,40.852837,43.0
5147,41.719288,46.0
5148,45.48491,48.00000000000001
5149,48.71918,50.99999999999999
5150,52.093063,50.99999999999999
5151,53.369884,49.0
5152,50.72525,47.0
5153,46.40513,50.0
5154,48.200542,47.0
5155,45.82125,46.0
5156,44.37349,44.0
5157,42.378777,42.00000000000001
5158,40.254242,39.00000000000001
5159,37.459694,41.0
5160,39.864758,42.00000000000001
5161,42.40116,42.00000000000001
5162,43.508064,42.00000000000001
5163,43.527763,42.00000000000001
5164,43.349243,43.0
5165,43.54507,44.0
5166,44.2544,43.0
5167,43.171352,44.0
5168,43.54221,44.0
5169,44.103626,43.0
5170,42.959488,42.00000000000001
5171,41.737377,40.0
5172,39.447273,40.0
5173,38.891293,37.0
5174,35.913105,38.0
5175,36.350483,40.0
5176,39.637794,43.0
5177,44.06522,42.00000000000001
5178,45.078392,47.0
5179,49.351093,50.0
5180,53.029896,50.99999999999999
5181,53.89949,50.0
5182,52.153187,52.0
5183,52.4256,53.0
5184,52.909286,55.0
5185,54.44763,56.0
5186,55.91452,56.99999999999999
5187,56.92294,58.0
5188,58.140007,58.0
5189,58.554695,58.0
5190,58.358757,58.0
5191,58.269283,59.0
5192,59.21183,59.0
5193,59.208687,60.0
5194,60.087864,61.0
5195,61.248028,61.0
5196,61.57663,62.0
5197,62.41429,63.0
5198,63.472733,65.0
5199,65.45455,66.0
5200,67.13001,67.0
5201,67.93386,68.0
5202,68.778625,67.0
5203,67.62668,68.0
5204,67.74182,67.0
5205,66.58967,68.0
5206,67.40081,68.0
5207,67.62753,68.0
5208,67.81388,67.0
5209,67.055954,66.0
5210,66.02105,66.0
5211,65.67026,67.0
5212,66.55319,67.0
5213,67.017166,67.0
5214,67.28699,68.0
5215,68.25367,67.0
5216,67.60958,66.0
5217,66.45058,66.0
5218,65.957375,66.0
5219,65.74014,66.0
5220,65.78886,66.0
5221,65.903915,65.0
5222,64.82086,63.0
5223,62.79933,62.0
5224,60.699265,62.0
5225,60.485073,62.0
5226,61.02768,61.0
5227,60.66245,60.0
5228,59.891705,62.0
5229,61.63074,62.0
5230,62.387447,62.0
5231,62.453518,62.0
5232,62.266247,62.0
5233,61.999374,62.0
5234,61.876766,60.0
5235,60.081383,59.0
5236,58.537666,59.0
5237,58.064583,59.0
5238,58.233524,59.0
5239,58.5113,60.0
5240,59.710064,61.0
5241,61.110535,62.0
5242,62.24821,62.0
5243,62.64692,63.0
5244,63.55697,64.0
5245,64.524185,64.0
5246,64.42251,64.0
5247,63.946297,64.0
5248,63.73761,63.0
5249,62.606247,63.0
5250,62.27729,63.0
5251,62.47275,63.0
5252,62.837032,62.0
5253,62.157845,64.0
5254,63.916134,62.0
5255,62.70633,61.0
5256,61.377968,61.0
5257,60.83728,60.0
5258,59.781326,60.0
5259,59.53629,60.0
5260,59.608185,60.0
5261,59.755253,59.0
5262,59.16417,59.0
5263,59.003643,58.0
5264,58.203903,56.99999999999999
5265,57.047375,55.0
5266,55.049675,55.0
5267,54.355606,53.99999999999999
5268,53.49903,53.0
5269,52.291286,53.0
5270,52.02376,53.99999999999999
5271,53.453777,53.0
5272,53.312817,53.0
5273,53.280354,52.0
5274,52.094887,52.0
5275,51.815613,50.99999999999999
5276,50.74555,46.0
5277,45.268345,43.0
5278,40.261253,43.0
5279,39.81391,42.00000000000001
5280,40.1071,42.00000000000001
5281,41.686535,43.0
5282,43.6294,43.0
5283,44.331093,42.00000000000001
5284,43.41118,41.0
5285,41.618267,42.00000000000001
5286,41.775223,41.0
5287,40.712692,39.00000000000001
5288,38.57114,38.0
5289,36.860096,41.0
5290,39.529587,39.00000000000001
5291,39.268238,40.0
5292,40.26884,38.0
5293,38.69307,37.0
5294,36.658695,35.0
5295,33.761913,36.0
5296,34.29235,39.00000000000001
5297,38.62679,39.00000000000001
5298,40.89235,36.0
5299,37.859158,36.0
5300,35.5037,39.00000000000001
5301,37.99014,37.0
5302,37.373608,37.0
5303,36.912956,38.0
5304,38.014576,38.0
5305,38.479725,40.0
5306,40.45264,41.0
5307,42.00698,39.00000000000001
5308,40.308807,38.0
5309,38.23319,37.0
5310,36.442333,37.0
5311,35.965412,38.0
5312,37.131973,39.00000000000001
5313,38.949085,37.0
5314,38.136234,37.0
5315,37.66246,34.0
5316,34.084393,34.0
5317,32.256077,32.0
5318,29.799398,32.0
5319,29.732157,33.0
5320,32.092712,32.0
5321,32.986744,30.0
5322,30.703697,32.0
5323,31.318146,33.0
5324,33.25382,32.0
5325,32.921314,33.0
5326,33.246597,34.0
5327,34.238205,36.0
5328,36.202305,38.0
5329,38.63337,38.0
5330,39.091187,42.00000000000001
5331,42.550655,45.00000000000001
5332,46.027237,45.00000000000001
5333,46.7919,48.00000000000001
5334,49.00346,48.00000000000001
5335,49.279545,50.99999999999999
5336,51.377975,50.99999999999999
5337,51.781334,52.0
5338,52.4183,52.0
5339,52.450665,52.0
5340,52.260906,53.99999999999999
5341,53.70945,55.0
5342,55.20667,55.0
5343,55.890877,55.0
5344,55.855106,55.0
5345,55.484516,56.0
5346,56.057503,56.99999999999999
5347,57.137585,56.99999999999999
5348,57.433857,56.99999999999999
5349,57.28548,56.0
5350,56.17376,55.0
5351,54.805004,53.99999999999999
5352,53.483685,53.0
5353,52.381554,53.0
5354,52.431488,52.0
5355,51.75369,50.99999999999999
5356,50.97403,50.99999999999999
5357,50.95919,50.0
5358,50.132328,49.0
5359,49.027336,48.00000000000001
5360,47.780106,46.0
5361,45.53137,46.0
5362,44.86474,49.0
5363,47.813866,50.0
5364,50.145424,45.00000000000001
5365,46.08589,44.0
5366,43.48343,45.00000000000001
5367,43.42745,42.00000000000001
5368,40.595955,43.0
5369,41.338127,39.00000000000001
5370,38.17084,36.0
5371,34.164276,35.0
5372,32.73951,37.0
5373,35.141903,39.00000000000001
5374,39.91078,40.0
5375,42.624123,42.00000000000001
5376,44.5822,44.0
5377,46.269947,43.0
5378,44.96374,44.0
5379,44.613968,44.0
5380,43.848953,45.00000000000001
5381,44.43558,46.0
5382,45.548866,47.0
5383,46.95268,47.0
5384,47.40742,49.0
5385,49.21954,49.0
5386,49.76268,48.00000000000001
5387,48.89214,49.0
5388,49.087513,50.99999999999999
5389,50.900963,50.0
5390,50.39317,48.00000000000001
5391,48.050415,50.99999999999999
5392,50.493233,50.99999999999999
5393,51.362915,50.99999999999999
5394,51.59354,50.99999999999999
5395,51.48494,50.99999999999999
5396,51.32635,50.0
5397,50.034107,50.99999999999999
5398,50.759098,50.0
5399,49.87419,50.99999999999999
5400,50.726913,50.99999999999999
5401,51.07884,50.99999999999999
5402,51.214165,50.99999999999999
5403,51.17657,52.0
5404,51.97792,52.0
5405,52.244198,52.0
5406,52.298016,52.0
5407,52.21833,52.0
5408,52.132412,52.0
5409,51.995377,50.99999999999999
5410,51.12971,50.99999999999999
5411,50.80214,50.99999999999999
5412,50.647087,49.0
5413,48.68116,50.0
5414,49.115246,50.99999999999999
5415,50.694305,50.0
5416,50.73137,48.00000000000001
5417,48.15885,50.0
5418,49.481834,50.99999999999999
5419,51.24513,52.0
5420,52.74329,52.0
5421,53.037178,52.0
5422,52.794994,53.99999999999999
5423,54.1281,53.0
5424,53.44932,53.0
5425,52.986824,53.0
5426,52.735836,53.99999999999999
5427,53.50136,55.0
5428,54.599953,55.0
5429,55.121433,56.0
5430,56.040764,56.0
5431,56.374832,56.99999999999999
5432,57.23502,58.0
5433,58.171734,59.0
5434,59.212288,58.0
5435,58.6552,56.99999999999999
5436,57.435158,58.0
5437,57.64422,59.0
5438,58.555923,60.0
5439,60.216038,62.0
5440,62.874374,62.0
5441,63.49293,62.0
5442,63.4114,62.0
5443,62.790768,64.0
5444,64.10013,66.0
5445,66.1326,65.0
5446,65.78236,64.0
5447,64.42724,64.0
5448,63.838085,65.0
5449,64.44534,64.0
5450,63.9092,64.0
5451,64.07166,63.0
5452,63.165882,63.0
5453,63.07755,61.0
5454,61.30628,61.0
5455,60.762836,61.0
5456,60.82609,60.0
5457,59.99631,59.0
5458,58.938206,59.0
5459,58.729084,60.0
5460,59.712727,60.0
5461,60.069942,60.0
5462,60.01428,56.99999999999999
5463,57.027935,56.0
5464,54.36327,56.0
5465,53.96087,56.0
5466,54.457382,56.0
5467,55.270668,55.0
5468,55.026234,53.0
5469,53.18692,53.99999999999999
5470,53.49048,53.99999999999999
5471,53.89234,53.99999999999999
5472,53.96146,53.0
5473,53.12423,53.99999999999999
5474,53.56861,53.0
5475,52.87449,53.99999999999999
5476,53.53864,53.0
5477,52.969166,53.0
5478,52.822628,53.0
5479,52.899616,53.0
5480,52.951385,53.0
5481,53.022552,53.0
5482,53.164608,53.0
5483,53.311417,53.99999999999999
5484,54.028915,53.0
5485,53.39369,53.0
5486,52.81922,55.0
5487,54.591454,55.0
5488,55.272026,55.0
5489,55.51272,53.99999999999999
5490,54.31076,53.99999999999999
5491,53.739105,53.99999999999999
5492,53.58385,53.99999999999999
5493,53.641205,52.0
5494,51.883865,52.0
5495,51.28635,52.0
5496,51.38949,53.0
5497,52.534016,53.0
5498,53.07047,53.99999999999999
5499,54.179047,53.99999999999999
5500,54.55794,55.0
5501,55.40291,55.0
5502,55.513714,56.0
5503,56.21651,55.0
5504,55.45952,55.0
5505,55.099888,55.0
5506,54.82311,53.99999999999999
5507,53.897495,55.0
5508,54.36483,56.0
5509,55.573334,55.0
5510,55.253433,53.0
5511,53.481968,53.0
5512,52.412468,53.0
5513,52.23474,53.99999999999999
5514,53.469128,53.99999999999999
5515,54.11012,55.0
5516,55.355587,55.0
5517,55.73484,56.99999999999999
5518,57.348408,59.0
5519,59.5261,58.0
5520,59.07787,56.99999999999999
5521,57.632217,56.99999999999999
5522,57.06755,56.0
5523,55.8624,53.99999999999999
5524,53.923313,53.99999999999999
5525,53.26003,53.99999999999999
5526,53.206852,53.99999999999999
5527,53.43449,53.99999999999999
5528,53.85999,53.99999999999999
5529,54.21649,53.99999999999999
5530,54.409462,53.0
5531,53.760487,53.0
5532,53.364132,52.0
5533,51.69224,52.0
5534,51.538136,50.99999999999999
5535,49.840473,50.99999999999999
5536,49.95873,50.0
5537,49.373474,50.0
5538,49.60913,50.99999999999999
5539,51.251625,50.99999999999999
5540,51.78821,50.99999999999999
5541,51.79808,50.99999999999999
5542,51.688847,50.0
5543,50.537647,50.99999999999999
5544,50.93424,50.99999999999999
5545,50.963753,52.0
5546,51.877396,52.0
5547,52.143764,58.0
5548,56.664375,59.0
5549,58.997444,59.0
5550,59.7677,60.0
5551,60.61194,60.0
5552,60.719364,60.0
5553,60.46908,60.0
5554,60.022408,60.0
5555,59.634186,60.0
5556,59.37242,61.0
5557,60.25015,60.0
5558,59.85108,60.0
5559,59.873184,61.0
5560,60.771034,61.0
5561,61.231255,62.0
5562,62.320595,61.0
5563,61.69406,62.0
5564,62.16278,62.0
5565,62.25562,62.0
5566,62.091602,63.0
5567,62.837063,62.0
5568,62.19497,62.0
5569,61.99425,60.0
5570,60.16653,59.0
5571,58.749695,56.0
5572,55.754032,56.99999999999999
5573,55.74911,59.0
5574,57.776913,62.0
5575,61.15288,62.0
5576,62.390816,62.0
5577,62.788303,61.0
5578,61.933914,61.0
5579,61.454967,61.0
5580,60.981766,61.0
5581,60.58948,60.0
5582,59.458458,60.0
5583,58.88679,60.0
5584,59.117474,61.0
5585,60.507484,60.0
5586,60.11035,60.0
5587,60.027817,59.0
5588,59.138676,59.0
5589,58.787384,58.0
5590,57.816067,59.0
5591,58.36063,59.0
5592,58.820503,60.0
5593,59.74036,60.0
5594,60.177418,59.0
5595,59.369057,67.0
5596,64.641945,67.0
5597,66.543365,68.0
5598,68.064865,67.0
5599,67.68192,64.0
5600,64.98502,64.0
5601,63.724815,64.0
5602,63.24097,64.0
5603,63.164215,63.0
5604,62.55074,62.0
5605,61.62712,62.0
5606,61.38798,62.0
5607,61.568584,63.0
5608,62.997055,63.0
5609,63.443607,63.0
5610,63.520035,64.0
5611,64.30339,64.0
5612,64.40416,64.0
5613,64.20972,64.0
5614,64.09121,63.0
5615,62.943478,64.0
5616,63.57262,65.0
5617,64.59875,66.0
5618,65.87694,65.0
5619,65.51868,64.0
5620,64.36781,65.0
5621,64.709724,65.0
5622,64.754456,65.0
5623,64.703964,65.0
5624,64.835205,65.0
5625,64.87555,65.0
5626,64.894516,64.0
5627,64.1086,65.0
5628,64.671745,64.0
5629,63.933037,64.0
5630,63.699654,64.0
5631,63.718372,64.0
5632,63.707233,64.0
5633,63.756123,63.0
5634,62.914665,64.0
5635,63.74312,64.0
5636,64.120186,65.0
5637,65.20113,67.0
5638,67.24522,65.0
5639,65.92509,67.0
5640,66.86658,70.0
5641,69.63304,70.0
5642,70.43416,71.0
5643,71.27737,69.0
5644,69.7915,69.0
5645,69.030426,68.0
5646,67.76272,65.0
5647,64.99999,64.0
5648,63.459694,63.0
5649,62.290543,63.0
5650,62.36803,63.0
5651,62.699837,63.0
5652,63.064297,64.0
5653,64.434814,63.0
5654,64.19078,63.0
5655,63.80944,63.0
5656,63.10411,63.0
5657,62.538563,63.0
5658,62.296494,64.0
5659,63.516735,64.0
5660,64.10483,63.0
5661,63.35457,63.0
5662,63.025463,63.0
5663,62.912254,65.0
5664,64.69127,64.0
5665,64.375595,65.0
5666,65.176155,64.0
5667,64.396286,49.0
5668,50.675705,47.0
5669,43.8682,44.0
5670,40.299118,45.00000000000001
5671,41.829773,46.0
5672,44.847336,45.00000000000001
5673,46.154667,46.0
5674,47.76988,47.0
5675,49.05143,49.0
5676,50.706703,46.0
5677,47.742245,50.0
5678,50.022453,50.99999999999999
5679,51.460026,50.99999999999999
5680,51.70997,52.0
5681,52.51571,52.0
5682,52.504925,52.0
5683,52.281525,53.0
5684,53.067974,53.0
5685,53.219517,53.0
5686,53.16749,50.99999999999999
5687,51.262463,50.0
5688,49.740288,47.0
5689,46.609516,46.0
5690,44.759735,45.00000000000001
5691,43.59431,58.0
5692,53.84661,58.0
5693,57.994476,59.0
5694,60.344227,59.0
5695,60.978504,59.0
5696,60.84536,59.0
5697,60.125885,61.0
5698,60.84039,63.0
5699,62.56941,64.0
5700,63.71667,65.0
5701,65.07464,66.0
5702,66.13568,66.0
5703,66.454346,66.0
5704,66.253365,65.0
5705,64.93896,64.0
5706,63.39526,64.0
5707,62.96335,63.0
5708,62.14267,63.0
5709,62.288162,63.0
5710,62.709038,62.0
5711,62.243896,62.0
5712,62.183575,62.0
5713,62.110603,63.0
5714,62.986744,64.0
5715,64.16659,59.0
5716,60.387238,58.0
5717,58.33275,59.0
5718,58.23199,59.0
5719,58.22036,60.0
5720,59.506844,60.0
5721,60.22328,61.0
5722,61.459667,61.0
5723,61.840492,62.0
5724,62.66309,62.0
5725,62.677547,61.0
5726,61.481236,62.0
5727,61.69833,61.0
5728,60.619495,60.0
5729,59.237095,59.0
5730,58.104534,59.0
5731,57.983486,60.0
5732,59.294693,61.0
5733,61.019653,61.0
5734,61.6971,60.0
5735,60.96356,61.0
5736,61.39469,62.0
5737,62.15631,62.0
5738,62.21141,63.0
5739,62.975822,64.0
5740,63.810722,64.0
5741,64.0938,63.0
5742,63.273796,63.0
5743,62.970478,62.0
5744,61.926525,60.0
5745,59.856224,58.0
5746,57.61024,56.99999999999999
5747,56.054787,56.0
5748,54.842083,55.0
5749,53.80863,52.0
5750,50.768585,52.0
5751,50.292316,53.99999999999999
5752,52.93162,53.0
5753,53.381973,52.0
5754,52.548313,52.0
5755,51.99602,53.0
5756,52.819954,53.0
5757,53.06498,53.99999999999999
5758,54.05639,55.0
5759,55.235565,53.99999999999999
5760,54.579205,55.0
5761,55.049816,55.0
5762,55.04817,55.0
5763,54.85102,37.0
5764,39.598675,38.0
5765,34.368324,40.0
5766,35.72202,41.0
5767,38.913544,41.0
5768,41.46189,41.0
5769,42.824425,41.0
5770,43.16146,40.0
5771,42.00844,39.00000000000001
5772,39.8958,39.00000000000001
5773,38.615772,40.0
5774,39.307182,40.0
5775,39.943768,39.00000000000001
5776,39.652485,39.00000000000001
5777,39.47659,39.00000000000001
5778,39.18373,39.00000000000001
5779,39.119392,37.0
5780,36.840668,36.0
5781,35.56397,36.0
5782,35.332672,35.0
5783,34.65264,37.0
5784,36.889294,36.0
5785,36.944298,34.0
5786,34.699314,33.0
5787,32.57101,32.0
5788,30.904543,32.0
5789,30.912838,31.0
5790,30.188448,30.0
5791,29.29727,30.0
5792,29.544207,31.0
5793,30.866444,31.0
5794,31.609577,30.0
5795,30.70246,28.0
5796,28.255983,29.0
5797,27.92941,28.0
5798,27.281034,28.0
5799,27.363983,26.999999999999996
5800,26.427212,26.999999999999996
5801,27.28054,26.999999999999996
5802,27.040604,26.999999999999996
5803,27.031986,26.999999999999996
5804,26.85501,28.0
5805,28.263006,28.0
5806,28.725163,29.0
5807,29.832535,28.0
5808,28.855513,28.0
5809,28.108988,29.0
5810,28.689978,29.0
5811,29.096174,56.0
5812,50.058483,45.00000000000001
5813,50.057953,40.0
5814,44.04367,40.0
5815,40.851707,42.00000000000001
5816,40.955933,43.0
5817,41.90209,43.0
5818,42.355484,45.00000000000001
5819,44.715813,46.0
5820,46.613266,47.0
5821,48.027733,47.0
5822,48.185844,48.00000000000001
5823,48.944504,49.0
5824,49.66461,49.0
5825,49.42348,50.0
5826,50.106606,50.0
5827,50.13417,50.0
5828,50.032677,50.0
5829,49.98986,50.99999999999999
5830,50.76264,52.0
5831,51.83142,52.0
5832,52.151905,53.0
5833,52.96394,52.0
5834,52.40517,50.0
5835,50.468277,46.0
5836,45.613255,45.00000000000001
5837,43.18837,44.0
5838,41.856136,44.0
5839,42.43998,44.0
5840,43.49554,44.0
5841,44.26633,44.0
5842,44.708492,42.00000000000001
5843,42.90584,42.00000000000001
5844,42.005127,41.0
5845,40.132675,40.0
5846,38.484917,39.00000000000001
5847,37.65999,39.00000000000001
5848,38.4815,37.0
5849,37.1294,36.0
5850,35.362385,36.0
5851,35.285885,35.0
5852,35.238586,35.0
5853,35.22597,34.0
5854,34.274662,31.0
5855,30.953587,30.0
5856,29.314524,28.0
5857,26.897268,28.0
5858,26.67954,26.0
5859,25.205652,26.999999999999996
5860,25.960802,26.999999999999996
5861,26.533257,29.0
5862,29.090456,35.0
5863,35.555965,39.00000000000001
5864,41.134434,42.00000000000001
5865,44.805733,43.0
5866,45.917416,44.0
5867,46.054554,46.0
5868,46.645485,48.00000000000001
5869,47.929348,49.0
5870,49.08885,49.0
5871,49.495235,49.0
5872,49.112392,49.0
5873,48.69514,48.00000000000001
5874,47.56087,48.00000000000001
5875,47.628796,48.00000000000001
5876,48.154755,48.00000000000001
5877,48.597424,49.0
5878,49.93405,49.0
5879,50.302635,50.0
5880,50.953526,49.0
5881,49.896004,50.0
5882,50.258434,50.99999999999999
5883,51.052868,50.0
5884,50.382103,50.0
5885,50.196896,48.00000000000001
5886,48.15777,42.00000000000001
5887,42.100163,37.0
5888,35.554108,34.0
5889,30.53104,34.0
5890,30.31264,35.0
5891,32.49264,36.0
5892,35.949738,37.0
5893,39.209896,40.0
5894,43.213192,41.0
5895,44.51237,41.0
5896,43.80262,42.00000000000001
5897,42.618473,43.0
5898,42.48159,44.0
5899,43.450043,46.0
5900,46.044994,47.0
5901,47.94401,48.00000000000001
5902,49.31148,48.00000000000001
5903,49.1495,50.0
5904,50.620148,50.99999999999999
5905,51.697357,50.99999999999999
5906,51.767822,49.0
5907,49.705517,49.0
5908,48.97402,48.00000000000001
5909,47.76829,47.0
5910,46.414402,47.0
5911,46.143692,46.0
5912,45.531223,46.0
5913,45.618496,45.00000000000001
5914,45.03774,45.00000000000001
5915,45.123863,43.0
5916,43.299595,40.0
5917,39.44051,37.0
5918,34.239986,37.0
5919,33.539356,37.0
5920,35.399513,38.0
5921,38.77919,38.0
5922,40.229652,37.0
5923,38.906075,36.0
5924,36.387226,36.0
5925,35.446384,36.0
5926,35.265488,35.0
5927,34.603447,36.0
5928,35.371117,33.0
5929,33.1001,32.0
5930,31.386896,32.0
5931,31.148521,33.0
5932,32.695004,33.0
5933,33.63951,35.0
5934,35.742695,38.0
5935,39.529144,42.00000000000001
5936,43.931637,43.0
5937,45.530052,42.00000000000001
5938,44.6233,43.0
5939,44.11717,44.0
5940,43.916763,44.0
5941,43.192184,44.0
5942,43.292255,46.0
5943,45.72752,48.00000000000001
5944,49.076614,50.0
5945,52.344177,50.0
5946,52.541466,48.00000000000001
5947,49.17668,48.00000000000001
5948,47.91467,47.0
5949,46.064964,47.0
5950,45.631367,50.0
5951,49.242695,49.0
5952,49.807938,49.0
5953,50.01724,50.99999999999999
5954,51.853218,50.99999999999999
5955,52.065407,52.0
5956,52.617844,53.0
5957,53.528088,53.0
5958,53.642807,52.0
5959,52.57795,49.0
5960,48.937634,48.00000000000001
5961,46.315716,49.0
5962,47.245605,47.0
5963,46.23568,47.0
5964,46.410435,47.0
5965,47.071632,46.0
5966,46.43192,45.00000000000001
5967,44.914967,43.0
5968,42.353653,43.0
5969,41.667957,44.0
5970,43.0943,45.00000000000001
5971,45.31434,45.00000000000001
5972,46.1921,45.00000000000001
5973,46.093685,44.0
5974,44.65776,43.0
5975,42.916637,43.0
5976,42.18189,41.0
5977,40.255257,41.0
5978,39.94747,41.0
5979,40.430626,40.0
5980,39.97377,40.0
5981,39.96064,40.0
5982,40.159184,41.0
5983,41.240017,40.0
5984,40.662468,40.0
5985,40.260532,40.0
5986,39.934338,40.0
5987,39.78049,40.0
5988,39.763252,41.0
5989,40.843693,41.0
5990,41.337677,41.0
5991,41.846737,40.0
5992,40.457832,39.00000000000001
5993,38.5186,39.00000000000001
5994,37.927982,39.00000000000001
5995,38.077408,39.00000000000001
5996,38.78311,38.0
5997,38.282337,40.0
5998,40.274788,39.00000000000001
5999,39.87824,37.0
6000,37.435696,38.0
6001,37.422703,37.0
6002,36.681774,36.0
6003,35.65746,35.0
6004,34.557133,34.0
6005,33.676376,32.0
6006,31.570465,32.0
6007,30.992403,31.0
6008,30.575966,31.0
6009,30.866365,30.0
6010,30.223143,31.0
6011,30.876287,30.0
6012,30.305004,33.0
6013,33.03252,34.0
6014,35.281887,34.0
6015,36.197746,35.0
6016,36.43922,35.0
6017,35.65624,35.0
6018,34.70109,34.0
6019,32.98915,35.0
6020,33.924698,35.0
6021,34.732536,34.0
6022,33.937565,34.0
6023,33.878174,35.0
6024,35.018337,35.0
6025,35.645134,36.0
6026,36.918343,36.0
6027,37.272694,36.0
6028,36.98363,36.0
6029,36.548225,36.0
6030,36.258102,35.0
6031,34.871113,36.0
6032,35.385796,36.0
6033,35.779984,35.0
6034,35.073063,35.0
6035,34.88883,34.0
6036,34.062126,30.0
6037,29.981936,28.0
6038,25.841417,29.0
6039,26.226208,30.0
6040,29.099241,29.0
6041,30.017578,28.0
6042,28.829638,26.999999999999996
6043,26.97516,28.0
6044,27.53243,26.999999999999996
6045,26.937197,29.0
6046,28.817877,31.0
6047,31.664902,30.0
6048,31.412476,30.0
6049,30.569458,29.0
6050,28.899422,28.0
6051,27.213987,28.0
6052,26.816526,28.0
6053,27.196964,28.0
6054,27.812925,30.0
6055,30.374586,30.0
6056,31.4017,31.0
6057,32.34882,32.0
6058,33.026047,32.0
6059,32.90962,32.0
6060,32.34912,31.0
6061,30.854588,33.0
6062,32.10346,34.0
6063,33.92349,32.0
6064,32.753807,33.0
6065,33.037975,33.0
6066,33.304752,34.0
6067,34.285427,33.0
6068,33.421303,35.0
6069,34.980854,33.0
6070,33.83867,32.0
6071,31.896544,31.0
6072,30.229038,31.0
6073,29.894197,31.0
6074,30.246452,33.0
6075,32.870308,33.0
6076,34.003803,33.0
6077,34.252853,34.0
6078,34.974186,33.0
6079,33.797543,34.0
6080,33.920963,33.0
6081,32.87807,33.0
6082,32.401123,35.0
6083,34.349583,37.0
6084,37.231766,38.0
6085,39.29878,38.0
6086,39.633953,38.0
6087,38.903763,40.0
6088,40.4269,40.0
6089,40.458317,40.0
6090,40.121532,40.0
6091,39.805347,40.0
6092,39.668983,39.00000000000001
6093,38.661903,39.00000000000001
6094,38.48249,40.0
6095,39.780193,42.00000000000001
6096,42.60436,43.0
6097,44.549717,43.0
6098,44.772766,41.0
6099,42.296043,41.0
6100,40.836357,40.0
6101,39.23283,40.0
6102,38.781498,39.00000000000001
6103,38.130962,37.0
6104,36.36389,38.0
6105,37.125477,37.0
6106,36.971127,36.0
6107,36.08516,35.0
6108,34.937435,36.0
6109,35.61165,36.0
6110,35.929947,33.0
6111,32.930515,32.0
6112,30.650526,33.0
6113,31.458717,33.0
6114,32.382286,33.0
6115,33.381886,33.0
6116,33.45411,32.0
6117,32.501297,32.0
6118,31.899689,30.0
6119,29.628223,28.0
6120,27.273426,28.0
6121,26.63067,28.0
6122,27.0731,28.0
6123,27.849749,28.0
6124,28.46495,29.0
6125,29.740753,26.999999999999996
6126,28.221748,28.0
6127,28.491367,29.0
6128,28.968203,29.0
6129,28.96665,30.0
6130,29.91743,31.0
6131,31.257048,29.0
6132,29.697586,26.999999999999996
6133,26.832802,26.999999999999996
6134,25.586609,26.999999999999996
6135,25.687878,26.999999999999996
6136,25.780575,25.0
6137,24.806515,25.0
6138,24.946182,25.0
6139,25.417734,25.0
6140,25.337988,26.999999999999996
6141,27.680828,29.0
6142,30.208939,26.999999999999996
6143,28.809483,29.0
6144,29.617973,29.0
6145,29.612883,28.0
6146,28.307858,29.0
6147,28.565968,30.0
6148,29.720242,30.0
6149,30.236778,30.0
6150,30.419806,30.0
6151,30.40758,29.0
6152,29.408834,31.0
6153,30.851723,32.0
6154,32.458324,31.0
6155,32.007412,33.0
6156,33.454292,35.0
6157,35.880558,35.0
6158,36.59112,35.0
6159,36.489937,33.0
6160,33.427532,34.0
6161,32.708786,35.0
6162,33.82811,36.0
6163,36.113934,37.0
6164,38.218124,37.0
6165,38.382,35.0
6166,35.98545,36.0
6167,35.3893,35.0
6168,34.82414,37.0
6169,36.528763,39.00000000000001
6170,39.26879,40.0
6171,41.22265,43.0
6172,44.328995,45.00000000000001
6173,46.52057,47.0
6174,48.5224,50.0
6175,51.120373,53.0
6176,53.906227,53.0
6177,54.36766,53.0
6178,53.96575,53.99999999999999
6179,54.30126,53.99999999999999
6180,53.999302,53.99999999999999
6181,53.67446,55.0
6182,54.506134,55.0
6183,55.034767,56.0
6184,56.26263,56.0
6185,56.68365,56.99999999999999
6186,57.766582,56.99999999999999
6187,57.986134,56.99999999999999
6188,57.76975,56.99999999999999
6189,57.43126,56.99999999999999
6190,57.219296,56.99999999999999
6191,57.01712,56.99999999999999
6192,57.048847,58.0
6193,57.90354,59.0
6194,59.081203,60.0
6195,60.285942,60.0
6196,60.66873,59.0
6197,59.7642,58.0
6198,58.43709,58.0
6199,57.956615,56.99999999999999
6200,56.83477,56.0
6201,55.690357,55.0
6202,54.597652,55.0
6203,54.391594,53.99999999999999
6204,53.79531,53.99999999999999
6205,53.675865,53.0
6206,52.896446,53.0
6207,52.907536,53.0
6208,52.965424,53.0
6209,53.05478,52.0
6210,51.92976,52.0
6211,51.619244,52.0
6212,51.584457,52.0
6213,51.68646,52.0
6214,51.856018,50.99999999999999
6215,50.98803,52.0
6216,51.73679,50.0
6217,50.257427,47.0
6218,46.626945,44.0
6219,42.74311,41.0
6220,39.12094,41.0
6221,38.643837,40.0
6222,38.422,39.00000000000001
6223,38.18886,37.0
6224,36.84593,37.0
6225,36.69975,37.0
6226,36.950653,36.0
6227,36.56674,35.0
6228,35.19177,34.0
6229,33.348763,34.0
6230,32.965282,35.0
6231,34.40761,34.0
6232,34.678204,33.0
6233,33.40774,34.0
6234,33.816216,34.0
6235,34.022358,33.0
6236,32.903854,31.0
6237,30.330015,30.0
6238,28.565922,31.0
6239,29.665016,30.0
6240,29.69823,30.0
6241,30.145208,31.0
6242,31.560051,28.0
6243,29.151485,53.0
6244,47.232117,53.0
6245,54.01437,53.99999999999999
6246,56.487637,53.99999999999999
6247,56.64489,53.99999999999999
6248,55.963398,53.99999999999999
6249,54.997787,53.99999999999999
6250,53.966328,53.99999999999999
6251,53.383675,55.0
6252,53.95616,55.0
6253,54.167778,56.0
6254,55.354042,56.99999999999999
6255,57.0725,59.0
6256,59.84749,59.0
6257,60.587494,61.0
6258,62.354183,62.0
6259,63.385193,61.0
6260,62.275,61.0
6261,61.286953,61.0
6262,60.6646,61.0
6263,60.396378,61.0
6264,60.37279,62.0
6265,61.37641,62.0
6266,61.924175,62.0
6267,62.285828,59.0
6268,59.91015,58.0
6269,58.244293,58.0
6270,57.623646,58.0
6271,57.528343,58.0
6272,57.72605,58.0
6273,58.022446,58.0
6274,58.215084,59.0
6275,59.182953,59.0
6276,59.415005,59.0
6277,59.738,59.0
6278,59.519936,59.0
6279,59.15844,59.0
6280,58.970547,58.0
6281,57.645035,56.99999999999999
6282,56.337143,58.0
6283,57.186054,58.0
6284,57.812103,58.0
6285,58.183613,59.0
6286,59.27889,59.0
6287,59.676674,60.0
6288,60.327923,60.0
6289,60.471176,61.0
6290,61.191994,61.0
6291,61.363686,60.0
6292,60.411873,61.0
6293,60.952236,59.0
6294,59.31095,56.99999999999999
6295,57.071686,56.99999999999999
6296,56.228523,56.99999999999999
6297,56.152485,56.99999999999999
6298,56.484684,56.99999999999999
6299,56.894608,56.99999999999999
6300,57.194836,59.0
6301,59.005634,59.0
6302,59.750988,59.0
6303,59.82589,59.0
6304,59.4032,60.0
6305,59.83755,59.0
6306,58.901722,59.0
6307,58.531013,59.0
6308,58.409637,59.0
6309,58.53358,59.0
6310,58.62819,59.0
6311,58.81362,58.0
6312,57.923122,56.99999999999999
6313,56.921467,56.99999999999999
6314,56.5721,56.0
6315,55.823578,65.0
6316,61.890575,65.0
6317,64.30482,65.0
6318,65.403175,65.0
6319,65.694725,66.0
6320,66.35752,66.0
6321,66.424484,65.0
6322,65.401566,67.0
6323,66.53562,67.0
6324,66.87923,67.0
6325,66.68217,68.0
6326,67.6836,68.0
6327,68.33826,68.0
6328,68.29183,68.0
6329,68.274536,68.0
6330,68.067604,67.0
6331,66.863106,67.0
6332,66.56341,67.0
6333,66.61006,67.0
6334,66.7812,68.0
6335,67.77832,68.0
6336,68.25247,68.0
6337,68.40158,67.0
6338,67.36978,68.0
6339,67.91817,72.0
6340,71.313705,72.0
6341,72.35078,73.0
6342,73.479065,74.0
6343,74.41326,75.0
6344,75.170364,75.0
6345,75.27617,77.0
6346,76.81705,78.0
6347,77.93814,79.0
6348,79.06618,81.0
6349,81.18939,80.0
6350,80.7677,82.0
6351,82.380226,83.0
6352,83.60414,84.00000000000001
6353,84.66712,85.0
6354,85.68671,85.0
6355,85.57389,85.0
6356,85.253,85.0
6357,84.79823,85.0
6358,84.70548,84.00000000000001
6359,83.54699,82.0
6360,81.39359,79.0
6361,78.23071,79.0
6362,77.70341,79.0
6363,77.917915,64.0
6364,65.13058,65.0
6365,62.717182,65.0
6366,62.769085,67.0
6367,65.38756,66.0
6368,66.338684,66.0
6369,67.12502,66.0
6370,67.382935,65.0
6371,66.31799,63.0
6372,63.849113,62.0
6373,61.27054,63.0
6374,61.547874,62.0
6375,60.849255,63.0
6376,62.18851,63.0
6377,63.18011,64.0
6378,64.714905,63.0
6379,64.17014,63.0
6380,63.580338,64.0
6381,64.00617,64.0
6382,63.9775,63.0
6383,63.00044,62.0
6384,61.6655,62.0
6385,61.241047,60.0
6386,59.505657,60.0
6387,59.03256,46.0
6388,46.8858,47.0
6389,43.87845,47.0
6390,44.04269,46.0
6391,44.272427,45.00000000000001
6392,44.67861,46.0
6393,46.391026,45.00000000000001
6394,46.258343,47.0
6395,47.992126,49.0
6396,50.08919,52.0
6397,52.906765,48.00000000000001
6398,49.387524,48.00000000000001
6399,47.582703,50.99999999999999
6400,50.01852,50.0
6401,49.815617,48.00000000000001
6402,47.54213,49.0
6403,48.119034,50.99999999999999
6404,51.006977,52.0
6405,53.102604,52.0
6406,53.14574,52.0
6407,52.972786,52.0
6408,52.660362,53.0
6409,53.31516,53.0
6410,53.279026,53.0
6411,53.213833,64.0
6412,61.01987,63.0
6413,63.15535,64.0
6414,65.00213,64.0
6415,65.50644,64.0
6416,65.245735,65.0
6417,65.41399,64.0
6418,64.318596,63.0
6419,63.052097,62.0
6420,60.97896,61.0
6421,59.41697,60.0
6422,58.463707,60.0
6423,58.751072,59.0
6424,58.42236,60.0
6425,59.680798,60.0
6426,60.487083,60.0
6427,60.744167,60.0
6428,60.77059,59.0
6429,59.63578,60.0
6430,59.892735,60.0
6431,59.876488,61.0
6432,60.751423,60.0
6433,60.1476,59.0
6434,59.072304,59.0
6435,58.75564,63.0
6436,61.748623,65.0
6437,64.38071,68.0
6438,67.409775,71.0
6439,70.199425,71.0
6440,71.30816,72.0
6441,72.23446,72.0
6442,72.459595,73.0
6443,73.136894,74.0
6444,73.971695,77.0
6445,76.77371,79.0
6446,79.46823,78.0
6447,79.26917,81.0
6448,81.89609,83.0
6449,84.176186,84.00000000000001
6450,85.26829,84.00000000000001
6451,85.10648,84.00000000000001
6452,84.44555,86.0
6453,85.97335,86.0
6454,86.14561,86.0
6455,86.17697,88.0
6456,87.96781,89.0
6457,89.15117,90.00000000000001
6458,90.13415,91.0
6459,91.20373,56.0
6460,61.622665,55.0
6461,50.311146,56.0
6462,50.77249,56.0
6463,53.85816,56.0
6464,56.547504,56.0
6465,58.204884,56.99999999999999
6466,59.360962,58.0
6467,60.10578,59.0
6468,60.706924,59.0
6469,60.25569,60.0
6470,60.247925,60.0
6471,60.075455,59.0
6472,58.725834,60.0
6473,59.176003,60.0
6474,59.683464,59.0
6475,59.099617,59.0
6476,58.86625,59.0
6477,58.842316,59.0
6478,58.987797,59.0
6479,59.057503,58.0
6480,58.28535,56.99999999999999
6481,57.138206,56.99999999999999
6482,56.7608,56.99999999999999
6483,56.605206,33.0
6484,36.918903,53.0
6485,46.15818,53.99999999999999
6486,52.33466,53.99999999999999
6487,54.886444,53.0
6488,55.43441,53.0
6489,55.360806,53.0
6490,54.9351,53.0
6491,54.25436,53.0
6492,53.061646,53.0
6493,51.94961,53.0
6494,52.204666,52.0
6495,51.64086,52.0
6496,51.888786,53.0
6497,53.593918,53.0
6498,54.46549,53.0
6499,54.304855,53.0
6500,54.065926,53.0
6501,53.739243,53.0
6502,53.556747,52.0
6503,52.220936,52.0
6504,51.600334,52.0
6505,51.59659,53.0
6506,52.48331,55.0
6507,54.46125,32.0
6508,36.127216,32.0
6509,26.988138,33.0
6510,26.778576,35.0
6511,31.211535,36.0
6512,35.541245,37.0
6513,37.971176,37.0
6514,39.08474,37.0
6515,39.016552,39.00000000000001
6516,40.197582,41.0
6517,41.947666,43.0
6518,44.135677,44.0
6519,45.93259,45.00000000000001
6520,46.88171,46.0
6521,47.608913,46.0
6522,46.934715,46.0
6523,46.05807,44.0
6524,43.60861,42.00000000000001
6525,40.78009,41.0
6526,39.589752,40.0
6527,38.795006,39.00000000000001
6528,38.24241,39.00000000000001
6529,38.682995,38.0
6530,38.356777,38.0
6531,38.701336,35.0
6532,35.95137,35.0
6533,34.838726,34.0
6534,33.773495,31.0
6535,30.471657,29.0
6536,27.43543,28.0
6537,26.008339,28.0
6538,26.35068,28.0
6539,27.435045,26.0
6540,26.335419,26.0
6541,25.77923,25.0
6542,24.732904,25.0
6543,24.375778,25.0
6544,24.727196,25.0
6545,24.145706,25.0
6546,25.069345,26.999999999999996
6547,27.017925,26.0
6548,27.027845,26.0
6549,26.612709,29.0
6550,28.877851,30.0
6551,30.894531,30.0
6552,31.327927,30.0
6553,30.969912,30.0
6554,30.329792,30.0
6555,29.92473,31.0
6556,30.740099,31.0
6557,31.222067,32.0
6558,32.413925,33.0
6559,33.821217,33.0
6560,34.05138,33.0
6561,33.75249,33.0
6562,33.315506,33.0
6563,33.069653,33.0
6564,32.965084,30.0
6565,30.127779,26.999999999999996
6566,26.16179,26.0
6567,23.921999,26.0
6568,24.006758,25.0
6569,24.145493,24.000000000000004
6570,24.16945,23.0
6571,23.274544,24.000000000000004
6572,23.871641,25.0
6573,25.783125,24.000000000000004
6574,24.872677,26.999999999999996
6575,27.260588,26.0
6576,27.402502,26.999999999999996
6577,27.550753,26.999999999999996
6578,27.312702,28.0
6579,27.948877,26.999999999999996
6580,27.120308,26.999999999999996
6581,26.695457,26.999999999999996
6582,26.671986,26.999999999999996
6583,26.855505,26.999999999999996
6584,27.473167,26.999999999999996
6585,27.33458,29.0
6586,29.20669,30.0
6587,30.936739,31.0
6588,32.43333,34.0
6589,35.425915,39.00000000000001
6590,40.82869,40.0
6591,43.009327,41.0
6592,43.69614,42.00000000000001
6593,43.622986,42.00000000000001
6594,42.436256,41.0
6595,40.24646,40.0
6596,38.247223,40.0
6597,38.105423,39.00000000000001
6598,37.995228,38.0
6599,37.726074,39.00000000000001
6600,39.07218,38.0
6601,38.941605,39.00000000000001
6602,39.76297,39.00000000000001
6603,39.92266,39.00000000000001
6604,39.735867,39.00000000000001
6605,39.467243,39.00000000000001
6606,39.15658,39.00000000000001
6607,38.976986,39.00000000000001
6608,39.099636,39.00000000000001
6609,39.139805,38.0
6610,38.09516,38.0
6611,37.68991,37.0
6612,36.657352,34.0
6613,33.58124,32.0
6614,30.252254,34.0
6615,31.627245,31.0
6616,30.272432,32.0
6617,31.803215,33.0
6618,34.037525,33.0
6619,34.38474,33.0
6620,34.261192,34.0
6621,34.837437,33.0
6622,33.514896,31.0
6623,30.51959,33.0
6624,31.5854,33.0
6625,32.621506,33.0
6626,33.248623,33.0
6627,33.50688,34.0
6628,34.58455,34.0
6629,34.87507,34.0
6630,34.891033,34.0
6631,34.555157,35.0
6632,35.0188,36.0
6633,36.143303,36.0
6634,36.515957,35.0
6635,35.46319,36.0
6636,35.899673,36.0
6637,36.13172,34.0
6638,33.809917,31.0
6639,30.21487,31.0
6640,28.750679,30.0
6641,27.726086,30.0
6642,29.603527,31.0
6643,31.490881,31.0
6644,32.239075,31.0
6645,32.27824,30.0
6646,30.943209,33.0
6647,32.80387,30.0
6648,31.02808,30.0
6649,29.805925,30.0
6650,29.429924,29.0
6651,28.494846,29.0
6652,28.434032,31.0
6653,30.545588,32.0
6654,32.495438,31.0
6655,32.355522,30.0
6656,30.956615,29.0
6657,29.304993,28.0
6658,27.524714,28.0
6659,26.96678,28.0
6660,27.12938,26.999999999999996
6661,26.808874,26.999999999999996
6662,26.600153,28.0
6663,28.719095,28.0
6664,29.38818,26.999999999999996
6665,27.457657,26.999999999999996
6666,26.268429,26.999999999999996
6667,26.41801,26.0
6668,25.59995,26.999999999999996
6669,26.241072,26.999999999999996
6670,27.025766,25.0
6671,25.449156,25.0
6672,24.948322,24.000000000000004
6673,23.85661,24.000000000000004
6674,24.369242,24.000000000000004
6675,24.047785,24.000000000000004
6676,23.8399,22.0
6677,22.189646,21.000000000000004
6678,20.701513,20.0
6679,19.442253,20.0
6680,19.156034,20.0
6681,19.52836,20.0
6682,20.070839,21.000000000000004
6683,21.328178,23.0
6684,23.747623,25.0
6685,26.493944,26.999999999999996
6686,29.041721,28.0
6687,30.162603,28.0
6688,29.541725,30.0
6689,30.331429,30.0
6690,30.263172,30.0
6691,29.676231,31.0
6692,30.565098,30.0
6693,29.915623,30.0
6694,29.808903,31.0
6695,31.140747,32.0
6696,32.774246,35.0
6697,36.263863,38.0
6698,40.036755,38.0
6699,40.681374,39.00000000000001
6700,41.035427,40.0
6701,41.171844,42.00000000000001
6702,42.34489,42.00000000000001
6703,42.3289,42.00000000000001
6704,42.02684,42.00000000000001
6705,41.726944,42.00000000000001
6706,41.63278,41.0
6707,40.727184,39.00000000000001
6708,38.56793,40.0
6709,38.950478,38.0
6710,37.508553,36.0
6711,35.38966,38.0
6712,37.171112,36.0
6713,36.301083,35.0
6714,35.02704,36.0
6715,35.491817,36.0
6716,36.124027,35.0
6717,35.119274,35.0
6718,34.906013,34.0
6719,34.014874,35.0
6720,34.623795,33.0
6721,32.957043,32.0
6722,31.337658,42.00000000000001
6723,40.123188,46.0
6724,46.64999,46.0
6725,48.568367,45.00000000000001
6726,47.57176,44.0
6727,45.991425,45.00000000000001
6728,44.962627,45.00000000000001
6729,44.15563,45.00000000000001
6730,43.908775,44.0
6731,43.0494,44.0
6732,43.056664,42.00000000000001
6733,41.492382,43.0
6734,42.582523,44.0
6735,44.849968,42.00000000000001
6736,43.45155,42.00000000000001
6737,42.280346,43.0
6738,42.847195,42.00000000000001
6739,41.86088,43.0
6740,42.646053,45.00000000000001
6741,45.171688,45.00000000000001
6742,45.900116,47.0
6743,47.845306,47.0
6744,48.067085,46.0
6745,46.838715,45.00000000000001
6746,45.17946,35.0
6747,34.970154,32.0
6748,28.99419,31.0
6749,27.164013,32.0
6750,28.558407,33.0
6751,31.342518,34.0
6752,34.387592,36.0
6753,37.749107,40.0
6754,42.039616,43.0
6755,45.38368,45.00000000000001
6756,47.42313,46.0
6757,48.103638,44.0
6758,44.47343,44.0
6759,42.1588,45.00000000000001
6760,42.84018,45.00000000000001
6761,44.219315,46.0
6762,46.56012,46.0
6763,47.18144,47.0
6764,48.377533,46.0
6765,47.23949,47.0
6766,47.60677,46.0
6767,46.43089,44.0
6768,43.98447,44.0
6769,43.2261,44.0
6770,43.1204,44.0
6771,43.524746,44.0
6772,44.02907,44.0
6773,44.317894,44.0
6774,44.447643,44.0
6775,44.488594,44.0
6776,44.439,44.0
6777,44.359146,42.00000000000001
6778,42.230175,42.00000000000001
6779,41.42249,43.0
6780,42.44586,43.0
6781,42.896862,46.0
6782,47.02851,47.0
6783,49.217514,46.0
6784,48.088993,47.0
6785,47.972622,45.00000000000001
6786,44.966568,48.00000000000001
6787,47.094193,47.0
6788,46.884403,48.00000000000001
6789,47.935604,48.00000000000001
6790,48.483036,48.00000000000001
6791,48.569466,49.0
6792,49.372807,50.0
6793,50.632484,50.0
6794,50.75251,50.0
6795,50.58606,50.0
6796,50.431858,50.0
6797,50.153206,50.0
6798,49.980194,50.99999999999999
6799,50.80292,50.99999999999999
6800,51.23709,50.0
6801,50.43869,49.0
6802,49.341755,47.0
6803,46.74504,45.00000000000001
6804,43.750813,43.0
6805,40.976048,42.00000000000001
6806,39.59043,42.00000000000001
6807,40.319077,42.00000000000001
6808,42.225376,43.0
6809,44.383774,44.0
6810,45.955246,43.0
6811,44.886913,44.0
6812,44.652412,44.0
6813,44.174477,44.0
6814,43.675106,44.0
6815,43.77921,45.00000000000001
6816,44.431686,44.0
6817,44.061832,46.0
6818,45.944004,49.0
6819,49.088135,50.0
6820,51.001923,50.0
6821,51.453644,49.0
6822,50.252125,47.0
6823,47.711426,45.00000000000001
6824,44.437218,44.0
6825,42.58558,44.0
6826,42.314613,43.0
6827,42.138584,44.0
6828,43.828876,43.0
6829,43.867466,42.00000000000001
6830,42.89771,41.0
6831,41.221317,41.0
6832,40.669025,40.0
6833,39.534725,41.0
6834,40.326263,39.00000000000001
6835,38.791237,38.0
6836,37.254738,37.0
6837,35.96622,38.0
6838,37.21942,38.0
6839,38.19182,40.0
6840,40.739304,40.0
6841,41.548115,38.0
6842,39.34091,36.0
6843,35.99061,34.0
6844,32.7992,34.0
6845,31.897686,35.0
6846,33.53443,35.0
6847,34.962944,34.0
6848,34.806194,34.0
6849,34.82516,33.0
6850,33.702923,32.0
6851,32.25431,31.0
6852,30.880596,32.0
6853,31.336958,33.0
6854,32.649334,34.0
6855,34.032402,32.0
6856,33.048283,33.0
6857,33.63842,31.0
6858,31.35401,32.0
6859,30.627115,32.0
6860,31.054485,32.0
6861,31.543194,33.0
6862,33.00046,32.0
6863,32.374393,30.0
6864,29.975735,31.0
6865,30.159254,30.0
6866,29.636496,30.0
6867,29.76285,30.0
6868,30.06957,30.0
6869,30.362068,29.0
6870,29.485523,29.0
6871,29.089966,30.0
6872,30.071707,29.0
6873,29.605042,29.0
6874,29.360058,29.0
6875,29.267284,30.0
6876,30.182632,30.0
6877,30.524532,31.0
6878,31.624258,32.0
6879,32.92618,33.0
6880,34.17898,32.0
6881,32.901325,33.0
6882,32.62419,32.0
6883,31.452644,32.0
6884,30.913656,31.0
6885,30.674082,28.0
6886,27.4137,28.0
6887,26.512197,26.0
6888,25.026358,25.0
6889,24.093405,26.0
6890,25.602303,26.0
6891,26.443958,26.0
6892,26.75444,25.0
6893,25.843008,26.999999999999996
6894,27.187729,26.999999999999996
6895,27.94906,28.0
6896,28.579681,28.0
6897,28.420765,28.0
6898,28.055521,29.0
6899,28.763235,30.0
6900,29.961887,29.0
6901,29.408138,29.0
6902,28.714333,28.0
6903,27.223524,29.0
6904,28.492804,30.0
6905,30.209585,28.0
6906,28.874521,26.999999999999996
6907,27.160368,26.0
6908,25.565815,26.0
6909,25.279991,26.999999999999996
6910,26.399132,26.999999999999996
6911,27.289656,28.0
6912,28.979399,29.0
6913,30.323183,26.999999999999996
6914,28.737867,26.0
6915,26.384068,25.0
6916,24.435486,26.0
6917,24.823267,25.0
6918,24.458849,26.0
6919,25.856785,26.0
6920,26.610466,25.0
6921,25.899115,26.0
6922,25.931795,25.0
6923,24.921457,25.0
6924,24.637606,25.0
6925,24.737577,24.000000000000004
6926,23.687002,23.0
6927,22.59601,22.0
6928,21.678532,22.0
6929,21.335121,23.0
6930,22.703989,25.0
6931,25.449999,24.000000000000004
6932,26.364267,24.000000000000004
6933,25.064999,24.000000000000004
6934,24.219582,24.000000000000004
6935,24.15352,24.000000000000004
6936,23.793201,23.0
6937,22.742682,24.000000000000004
6938,23.661446,24.000000000000004
6939,24.27334,24.000000000000004
6940,24.711205,25.0
6941,25.65644,26.0
6942,26.643068,24.000000000000004
6943,24.78322,25.0
6944,24.611643,26.0
6945,25.683178,26.999999999999996
6946,27.21191,26.999999999999996
6947,27.725325,28.0
6948,28.671793,28.0
6949,28.641483,31.0
6950,31.342766,33.0
6951,34.632442,34.0
6952,36.402008,34.0
6953,35.67942,34.0
6954,34.39167,33.0
6955,32.73412,33.0
6956,31.883587,33.0
6957,31.99324,32.0
6958,31.510807,33.0
6959,32.588913,33.0
6960,33.480278,34.0
6961,34.870575,34.0
6962,35.526707,35.0
6963,36.366005,36.0
6964,37.021965,35.0
6965,35.765846,34.0
6966,33.974743,33.0
6967,32.314686,32.0
6968,30.888117,33.0
6969,31.717337,32.0
6970,31.584702,31.0
6971,30.827938,29.0
6972,28.85967,29.0
6973,28.255327,26.0
6974,25.189377,25.0
6975,23.302942,24.000000000000004
6976,22.813776,23.0
6977,22.183994,23.0
6978,22.55223,23.0
6979,23.08718,25.0
6980,25.501589,26.0
6981,27.533613,26.0
6982,27.782276,26.0
6983,26.874401,26.999999999999996
6984,27.420439,26.0
6985,26.672098,26.0
6986,25.787697,26.999999999999996
