,prediction,actual
0,73.12492,77.0
1,78.75247,71.0
2,74.21253,64.0
3,65.39063,64.0
4,62.350815,64.0
5,61.501846,65.0
6,62.89215,66.0
7,65.00801,64.0
8,64.35161,64.0
9,64.232086,63.0
10,63.11063,63.0
11,62.579975,63.0
12,62.129177,62.0
13,61.02693,62.0
14,62.075966,61.0
15,61.020134,61.0
16,58.644142,61.0
17,58.99349,61.0
18,60.217834,61.0
19,60.600227,61.0
20,60.714924,61.0
21,60.754227,60.0
22,59.678116,60.0
23,59.39587,60.0
24,59.451233,61.0
25,60.516933,61.0
26,60.882397,62.0
27,61.84045,61.0
28,61.14076,61.0
29,60.843414,60.0
30,59.656265,61.0
31,60.410877,63.0
32,62.367233,65.0
33,64.75038,65.0
34,65.331314,65.0
35,65.31023,65.0
36,65.168564,65.0
37,64.94655,66.0
38,65.23619,66.0
39,65.54716,66.0
40,66.19474,65.0
41,64.88011,65.0
42,64.19943,65.0
43,64.25767,65.0
44,64.496506,65.0
45,64.853134,65.0
46,64.91582,66.0
47,65.913475,65.0
48,64.940384,64.0
49,63.656513,62.0
50,61.5827,62.0
51,61.11197,62.0
52,61.11498,61.0
53,60.498806,61.0
54,60.49935,59.0
55,58.90608,58.0
56,57.481976,57.0
57,56.38153,57.0
58,56.187725,58.0
59,57.244583,59.0
60,58.878723,59.0
61,59.84612,59.0
62,59.713337,58.0
63,57.5224,59.0
64,57.707634,59.0
65,58.40557,59.0
66,58.92519,58.0
67,58.05806,59.0
68,58.73268,58.0
69,58.09,58.0
70,57.862392,58.0
71,57.75588,59.0
72,58.513596,59.0
73,58.855465,60.0
74,59.79978,60.0
75,60.068043,61.0
76,60.846554,61.0
77,60.985302,61.0
78,60.950413,61.0
79,60.896374,61.0
80,60.817287,61.0
81,60.767216,61.0
82,60.748722,61.0
83,60.75424,61.0
84,60.81823,61.0
85,60.86756,62.0
86,61.95508,62.0
87,62.224262,63.0
88,63.13924,63.0
89,63.246452,63.0
90,62.981922,63.0
91,63.028522,63.0
92,62.87152,63.0
93,62.646896,63.0
94,62.628628,63.0
95,62.702835,63.0
96,62.65961,63.0
97,62.731724,64.0
98,63.543293,64.0
99,64.06408,65.0
100,64.87269,65.0
101,64.89916,66.0
102,65.605354,66.0
103,65.752235,66.0
104,65.844055,67.0
105,66.6905,67.0
106,66.81759,67.0
107,66.862686,67.0
108,66.856995,68.0
109,67.84407,68.0
110,68.20888,68.0
111,68.01826,68.0
112,67.69098,68.0
113,67.578865,68.0
114,67.58948,68.0
115,67.63812,69.0
116,68.70503,70.0
117,70.15553,70.0
118,70.20664,70.0
119,70.171814,70.0
120,69.92751,70.0
121,69.728065,70.0
122,69.57219,69.0
123,68.63808,69.0
124,68.35047,69.0
125,68.51227,67.0
126,66.61402,66.0
127,65.25006,64.0
128,63.258068,63.0
129,61.8688,62.0
130,61.02792,61.0
131,60.088882,60.0
132,59.174698,59.0
133,58.154182,58.0
134,57.059452,59.0
135,58.11533,60.0
136,59.9688,60.0
137,60.561005,61.0
138,61.55242,61.0
139,61.34795,60.0
140,60.050064,59.0
141,58.586777,59.0
142,58.14008,59.0
143,58.3816,59.0
144,58.796844,59.0
145,59.025978,59.0
146,59.04345,59.0
147,58.9238,59.0
148,58.838978,58.0
149,57.737278,59.0
150,58.36639,59.0
151,58.5945,60.0
152,59.624027,60.0
153,59.9444,60.0
154,60.07654,60.0
155,59.99005,59.0
156,59.070415,59.0
157,58.594963,59.0
158,58.284714,58.0
159,57.298065,57.0
160,56.068768,57.0
161,55.974327,56.00000000000001
162,55.368176,57.0
163,56.548145,57.0
164,57.27384,58.0
165,58.492645,58.0
166,58.53766,58.0
167,58.15813,67.0
168,66.29307,77.0
169,77.87443,74.0
170,77.799576,55.0
171,60.465443,54.0
172,53.976692,53.0
173,50.74194,53.0
174,50.020622,53.0
175,50.66264,54.0
176,52.624798,55.0
177,54.72459,55.0
178,55.586628,57.0
179,57.502457,58.0
180,58.760883,60.0
181,60.299133,61.0
182,62.066032,63.0
183,65.15262,64.0
184,64.39847,64.0
185,62.42521,64.0
186,63.2037,64.0
187,63.33486,63.0
188,62.53366,63.0
189,62.367092,62.0
190,61.630028,62.0
191,61.686806,62.0
192,61.837234,61.0
193,61.03213,62.0
194,61.662376,62.0
195,61.83055,62.0
196,61.91778,62.0
197,61.935177,62.0
198,61.911243,63.0
199,62.68633,63.0
200,62.915096,62.0
201,61.970776,63.0
202,62.570786,63.0
203,62.62398,62.0
204,61.768353,62.0
205,61.415348,61.0
206,60.360065,60.0
207,58.974525,60.0
208,58.929615,60.0
209,59.5136,60.0
210,59.920624,60.0
211,60.214077,60.0
212,60.176266,61.0
213,60.9773,61.0
214,61.172844,61.0
215,61.010376,61.0
216,61.033867,61.0
217,60.92598,62.0
218,61.663967,62.0
219,61.863834,62.0
220,61.92435,62.0
221,61.79635,62.0
222,61.818527,62.0
223,61.713596,61.0
224,60.7847,62.0
225,61.50376,61.0
226,60.76439,61.0
227,60.57843,61.0
228,60.55711,61.0
229,60.549805,62.0
230,61.746555,62.0
231,62.132515,62.0
232,62.062046,61.0
233,60.84227,61.0
234,60.517796,60.0
235,59.477394,59.0
236,58.335163,59.0
237,58.249874,58.0
238,57.612583,59.0
239,58.473923,58.0
240,58.05574,59.0
241,58.78453,59.0
242,58.931744,59.0
243,58.92475,59.0
244,58.826206,59.0
245,58.656837,59.0
246,58.69007,60.0
247,59.4788,60.0
248,59.84078,60.0
249,59.938644,60.0
250,59.84519,59.0
251,58.812527,57.0
252,56.732006,56.00000000000001
253,55.16123,54.0
254,52.81063,53.0
255,51.408726,51.0
256,49.52893,51.0
257,49.617653,52.0
258,51.38423,52.0
259,52.44521,52.0
260,52.7339,52.0
261,52.489765,52.0
262,52.05653,52.0
263,51.74729,53.0
264,52.394268,52.0
265,51.897938,52.0
266,51.437088,52.0
267,51.283783,51.0
268,50.551537,51.0
269,50.41431,50.0
270,49.68207,50.0
271,49.472782,49.0
272,48.58,47.0
273,46.588768,48.0
274,46.90214,51.0
275,50.032227,52.0
276,52.269222,53.0
277,54.381084,53.0
278,54.41682,54.0
279,53.991425,54.0
280,53.534252,54.0
281,53.484974,55.0
282,54.630978,55.0
283,55.056595,55.0
284,55.205338,56.00000000000001
285,56.08659,56.00000000000001
286,56.213234,56.00000000000001
287,56.127174,57.0
288,56.862995,57.0
289,57.016884,58.0
290,57.66513,58.0
291,57.90421,59.0
292,58.736664,59.0
293,58.90507,59.0
294,58.955128,58.0
295,58.04476,58.0
296,57.745308,59.0
297,58.529606,59.0
298,58.78793,59.0
299,58.906525,59.0
300,58.944263,60.0
301,59.891037,61.0
302,61.166367,62.0
303,62.49316,63.0
304,63.767498,63.0
305,63.689827,63.0
306,63.11393,63.0
307,62.76771,63.0
308,62.64556,63.0
309,62.51869,63.0
310,62.6427,63.0
311,62.79154,63.0
312,62.806877,62.0
313,61.90406,62.0
314,61.642807,62.0
315,61.64424,62.0
316,61.643936,62.0
317,61.709274,62.0
318,61.85593,63.0
319,62.701786,63.0
320,62.943584,63.0
321,62.901863,63.0
322,62.911297,64.0
323,63.73849,65.0
324,64.84712,65.0
325,65.17935,65.0
326,65.168594,65.0
327,64.85124,65.0
328,64.372604,65.0
329,64.40915,65.0
330,64.62411,64.0
331,63.774338,64.0
332,63.586456,64.0
333,63.52417,64.0
334,63.854004,64.0
335,64.05241,65.0
336,64.99801,64.0
337,64.1908,65.0
338,64.88516,65.0
339,64.854965,64.0
340,63.90768,64.0
341,63.58207,64.0
342,63.510475,64.0
343,63.543606,63.0
344,62.732277,62.0
345,61.628983,62.0
346,61.338943,60.0
347,59.58051,59.0
348,58.185043,59.0
349,57.88527,58.0
350,57.227585,58.0
351,57.452847,58.0
352,57.750435,58.0
353,57.931965,58.0
354,57.948654,58.0
355,57.98856,58.0
356,57.988167,59.0
357,58.855457,59.0
358,59.109585,59.0
359,59.042156,58.0
360,57.831367,59.0
361,58.380943,59.0
362,58.505222,59.0
363,58.642326,59.0
364,58.760887,59.0
365,58.907703,59.0
366,58.87065,59.0
367,58.754932,60.0
368,59.62194,61.0
369,60.87232,60.0
370,60.33349,60.0
371,60.028164,61.0
372,60.72092,61.0
373,60.921143,61.0
374,60.945114,61.0
375,60.888718,61.0
376,60.72962,62.0
377,61.77423,62.0
378,61.940342,61.0
379,60.96035,61.0
380,60.636265,61.0
381,60.529644,61.0
382,60.727177,61.0
383,60.65861,61.0
384,60.833866,61.0
385,60.8223,61.0
386,60.768932,61.0
387,60.805225,61.0
388,60.86471,61.0
389,60.921604,69.0
390,67.72709,69.0
391,69.957924,69.0
392,70.52688,68.0
393,69.1198,67.0
394,66.85341,66.0
395,64.95865,64.0
396,62.59441,63.0
397,61.077564,62.0
398,60.64037,62.0
399,61.333637,62.0
400,61.594517,62.0
401,61.614464,61.0
402,60.70607,63.0
403,62.61092,63.0
404,63.185772,63.0
405,63.125412,62.0
406,61.825108,62.0
407,61.40966,63.0
408,62.2819,63.0
409,62.532078,62.0
410,61.902824,62.0
411,61.727795,62.0
412,61.649925,62.0
413,61.700253,67.0
414,66.14025,69.0
415,69.39902,70.0
416,71.14218,71.0
417,72.08015,71.0
418,71.6696,72.0
419,71.81912,72.0
420,71.516426,72.0
421,71.26105,72.0
422,71.2388,72.0
423,71.55991,72.0
424,71.782394,72.0
425,71.81648,72.0
426,71.827805,71.0
427,70.5973,71.0
428,70.292336,70.0
429,69.33426,70.0
430,69.264885,70.0
431,69.46482,69.0
432,68.68906,70.0
433,69.42732,69.0
434,68.90254,69.0
435,68.67309,68.0
436,67.70804,66.0
437,65.67596,38.0
438,45.0211,37.0
439,38.706207,38.0
440,36.590755,39.0
441,36.63098,39.0
442,37.065514,38.0
443,37.036133,36.0
444,35.880413,36.0
445,35.725914,36.0
446,36.12103,36.0
447,36.520916,39.0
448,38.586094,39.0
449,42.41923,39.0
450,43.579315,37.0
451,37.777775,37.0
452,33.66214,36.0
453,33.004086,37.0
454,35.47916,36.0
455,36.232674,36.0
456,36.591404,37.0
457,37.56138,37.0
458,37.832188,37.0
459,37.757774,39.99999999999999
460,40.05556,43.0
461,43.460793,44.0
462,45.35328,45.0
463,46.184685,47.0
464,47.514202,50.0
465,50.131966,52.0
466,52.51813,54.0
467,54.670628,54.0
468,54.907745,54.0
469,54.45191,54.0
470,53.906273,55.0
471,54.50236,55.0
472,54.781403,55.0
473,54.934563,54.0
474,54.102367,54.0
475,53.694134,54.0
476,53.636246,54.0
477,53.70352,54.0
478,53.793655,54.0
479,53.81656,54.0
480,53.85396,55.0
481,54.69607,55.0
482,54.88565,55.0
483,54.8526,56.00000000000001
484,55.68102,57.0
485,56.778614,60.0
486,59.48726,60.0
487,60.35255,59.0
488,59.63001,59.0
489,59.093178,59.0
490,58.625233,58.0
491,57.52118,57.0
492,56.13027,56.00000000000001
493,54.674446,55.0
494,53.688435,54.0
495,52.81284,53.0
496,51.912434,54.0
497,53.20825,54.0
498,54.118782,53.0
499,53.32256,53.0
500,52.8441,52.0
501,51.671818,52.0
502,51.313816,52.0
503,51.397488,52.0
504,51.603336,51.0
505,50.847515,49.0
506,48.831417,52.0
507,50.9366,53.0
508,52.768475,54.0
509,54.3984,70.0
510,69.55694,70.0
511,74.27872,70.0
512,73.98747,71.0
513,72.71159,70.0
514,70.14024,69.0
515,67.832245,68.0
516,66.24141,66.0
517,64.31775,65.0
518,63.50846,64.0
519,63.09504,63.0
520,62.39468,62.0
521,61.331577,61.0
522,60.256355,61.0
523,60.153713,60.0
524,59.379322,60.0
525,59.30504,59.0
526,58.52259,59.0
527,58.310184,58.0
528,57.34116,57.0
529,56.237476,57.0
530,55.9677,55.0
531,54.313736,55.0
532,54.006866,54.0
533,53.291615,60.0
534,58.710617,60.0
535,60.93438,61.0
536,62.3281,61.0
537,61.815422,61.0
538,60.721714,62.0
539,61.027462,62.0
540,61.24879,62.0
541,61.479057,62.0
542,61.55577,63.0
543,62.66305,63.0
544,63.175827,64.0
545,64.19542,64.0
546,64.27497,65.0
547,65.06957,65.0
548,65.199554,65.0
549,65.068985,66.0
550,65.8356,67.0
551,66.795265,67.0
552,66.94802,66.0
553,65.95747,66.0
554,65.64776,66.0
555,65.587845,67.0
556,66.49044,67.0
557,66.91964,60.0
558,60.69059,60.0
559,58.805077,60.0
560,58.434845,60.0
561,58.85097,59.0
562,58.616817,59.0
563,58.80987,59.0
564,59.03744,59.0
565,59.08716,59.0
566,58.798313,59.0
567,58.390305,59.0
568,58.40356,59.0
569,58.6176,59.0
570,58.645912,59.0
571,58.587543,59.0
572,58.57486,59.0
573,58.555733,59.0
574,58.576458,59.0
575,58.598766,59.0
576,58.680134,59.0
577,58.58249,58.0
578,57.75084,58.0
579,57.521584,59.0
580,58.436543,60.0
581,59.743263,131.0
582,123.96289,136.0
583,160.18913,140.0
584,173.30827,143.0
585,163.1691,145.0
586,150.12053,130.0
587,120.12571,116.0
588,99.172745,103.0
589,86.255066,99.0
590,86.90092,99.0
591,94.25529,98.0
592,98.670784,98.0
593,99.99553,98.0
594,98.841156,99.0
595,99.165184,99.0
596,98.76448,99.0
597,99.098,99.0
598,99.04054,99.0
599,98.86126,98.0
600,97.49557,98.0
601,97.37622,97.0
602,96.3047,97.0
603,96.65551,98.0
604,98.00838,99.0
605,99.77942,87.0
606,87.31174,86.0
607,83.288315,83.0
608,79.75019,81.0
609,78.26054,79.0
610,77.31392,78.0
611,77.22406,77.0
612,76.85136,77.0
613,77.1229,77.0
614,77.188034,74.99999999999999
615,75.34883,71.0
616,70.581825,70.0
617,68.508606,69.0
618,67.403,69.0
619,67.86505,68.0
620,67.855896,69.0
621,69.06253,69.0
622,69.23437,69.0
623,69.31441,70.0
624,70.101616,71.0
625,71.1982,72.0
626,72.37518,73.0
627,73.29785,73.0
628,73.19476,73.0
629,72.84844,64.0
630,64.47394,65.0
631,63.024487,66.0
632,63.98872,66.0
633,64.844505,66.0
634,65.67065,67.0
635,67.00855,67.0
636,67.46643,67.0
637,67.45182,67.0
638,67.147675,68.0
639,67.74681,68.0
640,67.776665,69.0
641,68.830444,69.0
642,69.26299,69.0
643,69.071335,69.0
644,69.05914,69.0
645,68.94052,70.0
646,69.75161,70.0
647,69.92977,70.0
648,69.86923,70.0
649,69.736725,70.0
650,69.68897,69.0
651,68.80245,69.0
652,68.55563,69.0
653,68.63767,54.0
654,56.427677,55.0
655,53.88782,57.0
656,54.595318,58.0
657,56.194683,59.0
658,58.188957,60.0
659,60.066765,60.0
660,60.738842,60.0
661,60.719677,60.0
662,59.94089,59.0
663,57.72957,59.0
664,57.633633,59.0
665,58.54008,59.0
666,58.914215,59.0
667,59.072273,59.0
668,59.037636,58.0
669,58.026802,58.0
670,57.5624,58.0
671,57.45333,58.0
672,57.54148,58.0
673,57.669487,58.0
674,57.65894,57.0
675,56.67051,57.0
676,56.299866,56.00000000000001
677,55.40777,71.0
678,68.08333,71.0
679,72.737465,71.0
680,73.74464,71.0
681,72.62346,71.0
682,70.840546,72.0
683,70.51133,72.0
684,70.47938,72.0
685,70.970024,73.0
686,72.66234,73.0
687,73.39006,73.0
688,73.20848,73.0
689,72.785126,73.0
690,72.4413,73.0
691,72.6531,73.0
692,72.75119,73.0
693,72.66684,73.0
694,72.70982,73.0
695,72.67291,73.0
696,72.65281,73.0
697,72.55783,73.0
698,72.62038,73.0
699,72.64096,73.0
700,72.6397,73.0
701,72.658905,73.0
702,72.74531,72.0
703,71.7552,72.0
704,71.52425,72.0
705,71.52431,72.0
706,71.56071,71.0
707,70.71048,71.0
708,70.43535,71.0
709,70.414085,71.0
710,70.50909,70.0
711,69.69032,71.0
712,70.49168,70.0
713,69.857506,70.0
714,69.6902,71.0
715,70.68154,72.0
716,71.983574,72.0
717,72.21568,72.0
718,72.1575,72.0
719,71.90559,72.0
720,71.6607,73.0
721,72.542786,73.0
722,72.79491,73.0
723,72.835014,73.0
724,72.802124,72.0
725,71.9665,71.0
726,70.59489,71.0
727,70.18942,70.0
728,69.313286,69.0
729,68.36492,69.0
730,68.28675,68.0
731,67.52138,68.0
732,67.43561,68.0
733,67.50615,68.0
734,67.65833,68.0
735,67.65002,68.0
736,67.66108,68.0
737,67.6736,68.0
738,67.64239,68.0
739,67.694305,68.0
740,67.606895,68.0
741,67.60025,68.0
742,67.59049,67.0
743,66.72709,67.0
744,66.44203,67.0
745,66.43654,67.0
746,66.59919,67.0
747,66.757484,67.0
748,66.80533,67.0
749,66.8876,67.0
750,66.799324,68.0
751,67.65543,68.0
752,67.833694,69.0
753,68.810776,69.0
754,69.01767,69.0
755,69.00816,69.0
756,68.83639,69.0
757,68.66621,68.0
758,67.53656,68.0
759,67.27534,68.0
760,67.347626,68.0
761,67.53121,69.0
762,68.567924,68.0
763,67.9146,67.0
764,66.61792,67.0
765,66.252335,68.0
766,67.2376,68.0
767,67.79114,68.0
768,67.98768,69.0
769,68.849236,69.0
770,69.00747,70.0
771,69.840706,71.0
772,70.93738,71.0
773,71.14316,73.0
774,72.98335,74.0
775,74.271286,74.0
776,74.449875,74.0
777,74.23999,74.0
778,74.06712,73.0
779,72.74662,73.0
780,72.21579,72.0
781,71.319374,71.0
782,70.301735,70.0
783,69.03859,70.0
784,69.04681,70.0
785,69.251564,70.0
786,69.48574,71.0
787,70.6029,71.0
788,70.91739,72.0
789,71.858215,72.0
790,71.93051,72.0
791,71.729485,73.0
792,72.6202,72.0
793,71.81457,72.0
794,71.46527,71.0
795,70.52715,70.0
796,69.34688,69.0
797,68.262726,68.0
798,67.313156,68.0
799,67.29495,67.0
800,66.650986,67.0
801,66.62616,68.0
802,67.61311,68.0
803,67.92573,69.0
804,68.95351,70.0
805,70.142624,71.0
806,71.22193,73.0
807,73.26166,74.0
808,74.60853,74.0
809,74.55125,74.0
810,74.02351,74.0
811,73.57793,74.99999999999999
812,74.40029,74.99999999999999
813,74.821785,74.99999999999999
814,74.75435,74.99999999999999
815,74.78871,74.99999999999999
816,74.85768,74.99999999999999
817,74.72401,74.99999999999999
818,74.66651,74.99999999999999
819,74.67518,76.0
820,75.55175,76.0
821,75.85461,74.99999999999999
822,75.14131,74.99999999999999
823,74.85354,76.0
824,75.6403,76.0
825,75.892075,77.0
826,77.006424,78.0
827,78.11439,79.99999999999999
828,80.34229,81.0
829,81.9013,82.0
830,82.65568,82.0
831,81.86443,82.0
832,81.149605,82.0
833,81.25646,83.0
834,82.60362,83.0
835,83.116234,83.0
836,83.252266,83.0
837,83.1098,82.0
838,82.008354,82.0
839,81.57887,82.0
840,81.51297,83.0
841,82.92359,85.00000000000001
842,85.637505,87.0
843,88.088066,89.0
844,90.42246,91.0
845,92.42043,92.0
846,93.251495,94.0
847,94.85121,95.0
848,95.575294,96.0
849,96.395615,96.0
850,96.30879,96.0
851,96.17193,95.0
852,94.95096,93.0
853,92.23421,91.0
854,89.23815,89.0
855,86.50047,88.0
856,85.73075,87.0
857,85.42284,86.0
858,85.060616,86.0
859,85.44464,84.0
860,83.55875,84.0
861,83.13609,83.0
862,82.20974,82.0
863,81.14106,81.0
864,80.0197,79.0
865,78.00545,79.0
866,77.81354,77.0
867,76.1069,74.99999999999999
868,73.93125,74.0
869,72.77277,74.99999999999999
870,73.845634,74.99999999999999
871,74.43843,74.99999999999999
872,74.81076,77.0
873,76.82754,77.0
874,77.19351,77.0
875,77.17293,79.0
876,78.95921,81.0
877,81.21386,83.0
878,83.68646,85.00000000000001
879,86.107315,86.0
880,87.365685,85.00000000000001
881,85.608284,85.00000000000001
882,84.49172,84.0
883,83.21943,84.0
884,83.35176,84.0
885,83.74171,84.0
886,84.118484,84.0
887,84.04074,84.0
888,84.02779,84.0
889,83.95836,83.0
890,82.76048,82.0
891,81.48361,81.0
892,80.206665,79.99999999999999
893,79.045555,78.0
894,77.13375,76.0
895,74.77194,74.99999999999999
896,73.61963,77.0
897,75.802376,77.0
898,76.430725,74.99999999999999
899,74.88306,74.0
900,73.3483,73.0
901,71.90492,73.0
902,71.71841,73.0
903,72.451004,73.0
904,73.22771,74.0
905,74.674904,74.99999999999999
906,75.95523,76.0
907,77.31691,76.0
908,77.02132,77.0
909,77.38883,77.0
910,77.25269,77.0
911,76.992546,77.0
912,76.7201,76.0
913,75.694466,76.0
914,75.53246,76.0
915,75.55231,76.0
916,75.705284,76.0
917,75.88216,76.0
918,76.05051,76.0
919,75.92825,74.0
920,73.702126,70.0
921,69.06073,68.0
922,65.92037,67.0
923,64.64866,66.0
924,63.92254,65.0
925,63.816658,64.0
926,63.612373,63.0
927,62.379025,63.0
928,62.015865,63.0
929,62.49348,63.0
930,62.83311,62.0
931,61.780296,62.0
932,61.41321,61.0
933,60.233887,61.0
934,60.22536,61.0
935,60.520866,61.0
936,60.710712,61.0
937,60.86047,61.0
938,60.893017,62.0
939,61.72889,61.0
940,60.97518,61.0
941,60.751617,61.0
942,60.568256,61.0
943,60.580074,60.0
944,59.658703,59.0
945,58.544834,58.0
946,57.276814,58.0
947,57.082634,57.0
948,56.267853,57.0
949,56.220085,56.00000000000001
950,55.39798,55.0
951,54.127132,53.0
952,51.64259,53.0
953,51.308422,53.0
954,52.02805,54.0
955,53.79747,54.0
956,54.463932,54.0
957,54.583244,55.0
958,55.067398,56.00000000000001
959,55.949936,56.00000000000001
960,56.093403,56.00000000000001
961,55.816406,56.00000000000001
962,55.57347,55.0
963,54.62504,56.00000000000001
964,55.314022,55.0
965,54.848087,55.0
966,54.71297,55.0
967,54.69288,55.0
968,54.812546,55.0
969,54.86978,56.00000000000001
970,55.796677,56.00000000000001
971,56.051647,56.00000000000001
972,56.04294,56.00000000000001
973,55.857807,57.0
974,56.498882,57.0
975,56.674137,57.0
976,56.738487,57.0
977,56.747513,56.00000000000001
978,55.69764,55.0
979,54.403553,55.0
980,54.09529,54.0
981,53.394894,54.0
982,53.339653,53.0
983,52.54881,53.0
984,52.351273,52.0
985,51.505215,52.0
986,51.201756,52.0
987,51.357765,52.0
988,51.58211,53.0
989,52.687576,53.0
990,53.115044,54.0
991,54.122524,55.0
992,55.184235,56.00000000000001
993,56.24638,56.00000000000001
994,56.337193,57.0
995,56.96191,57.0
996,56.99023,58.0
997,57.799194,59.0
998,59.110863,60.0
999,60.572838,60.0
1000,60.667973,60.0
1001,60.2794,60.0
1002,59.908672,60.0
1003,59.70255,60.0
1004,59.7207,60.0
1005,59.787968,60.0
1006,59.839954,60.0
1007,59.795284,60.0
1008,59.74296,61.0
1009,60.56193,61.0
1010,60.875393,61.0
1011,60.837666,61.0
1012,60.7774,61.0
1013,60.691624,61.0
1014,60.71338,61.0
1015,60.552784,59.0
1016,58.928936,58.0
1017,57.42071,57.0
1018,56.20414,57.0
1019,56.07054,56.00000000000001
1020,55.422665,55.0
1021,54.41474,54.0
1022,53.23315,55.0
1023,54.205276,55.0
1024,54.966377,55.0
1025,55.26466,55.0
1026,55.197506,55.0
1027,54.974613,55.0
1028,54.74789,54.0
1029,53.75546,54.0
1030,53.416702,54.0
1031,53.58836,54.0
1032,53.809856,54.0
1033,53.727962,53.0
1034,52.91223,53.0
1035,52.674442,52.0
1036,51.78206,52.0
1037,51.560043,53.0
1038,52.484447,53.0
1039,52.89975,54.0
1040,53.912674,55.0
1041,55.11739,55.0
1042,55.297092,55.0
1043,55.11999,56.00000000000001
1044,55.82759,57.0
1045,56.946945,58.0
1046,58.389767,59.0
1047,59.773926,58.0
1048,58.661938,58.0
1049,57.680183,58.0
1050,57.453968,58.0
1051,57.535366,58.0
1052,57.64801,58.0
1053,57.88509,59.0
1054,58.921753,58.0
1055,58.31445,58.0
1056,58.02836,58.0
1057,57.852596,59.0
1058,58.65975,59.0
1059,58.941326,60.0
1060,59.73252,60.0
1061,60.010017,60.0
1062,60.0777,62.0
1063,61.635113,63.0
1064,62.879337,63.0
1065,63.272522,64.0
1066,63.99076,65.0
1067,64.91067,64.0
1068,64.072556,63.0
1069,62.72488,62.0
1070,61.034885,61.0
1071,59.616577,60.0
1072,58.71359,61.0
1073,60.124615,61.0
1074,60.93233,61.0
1075,61.21185,62.0
1076,62.169228,62.0
1077,62.224186,61.0
1078,60.910988,61.0
1079,60.44279,61.0
1080,60.269855,61.0
1081,60.44715,61.0
1082,60.688942,61.0
1083,60.72146,61.0
1084,60.722317,61.0
1085,60.786404,61.0
1086,60.78328,59.0
1087,59.06014,59.0
1088,58.450386,58.0
1089,57.418915,58.0
1090,57.239136,58.0
1091,57.359894,58.0
1092,57.599354,59.0
1093,58.811016,59.0
1094,59.500954,60.0
1095,60.271503,61.0
1096,61.361282,61.0
1097,61.420055,61.0
1098,61.0194,61.0
1099,60.766514,61.0
1100,60.702244,61.0
1101,60.72302,60.0
1102,59.807125,60.0
1103,59.499565,60.0
1104,59.49859,60.0
1105,59.606407,60.0
1106,59.734344,60.0
1107,59.85848,60.0
1108,59.83817,60.0
1109,59.84905,60.0
1110,59.65392,60.0
1111,59.6126,59.0
1112,58.69499,60.0
1113,59.240467,60.0
1114,59.41802,59.0
1115,58.60954,59.0
1116,58.29881,59.0
1117,58.21444,58.0
1118,56.980686,58.0
1119,56.70718,58.0
1120,57.03756,58.0
1121,57.423786,58.0
1122,57.680496,57.0
1123,56.746117,56.00000000000001
1124,55.19824,55.0
1125,53.73211,55.0
1126,53.805782,55.0
1127,54.125114,54.0
1128,53.553947,54.0
1129,53.56426,54.0
1130,53.55504,54.0
1131,53.64269,54.0
1132,53.789074,54.0
1133,53.84935,64.0
1134,62.54346,63.0
1135,64.55117,62.0
1136,63.804085,61.0
1137,61.7582,61.0
1138,60.521236,61.0
1139,60.02437,61.0
1140,60.015724,62.0
1141,61.091785,62.0
1142,61.800446,62.0
1143,62.336376,62.0
1144,62.222984,62.0
1145,61.808807,62.0
1146,61.899113,62.0
1147,61.997032,63.0
1148,62.953518,64.0
1149,64.168396,64.0
1150,64.33875,64.0
1151,64.229034,64.0
1152,64.0556,63.0
1153,62.922188,62.0
1154,61.711166,62.0
1155,61.316093,62.0
1156,61.323742,62.0
1157,61.529213,45.0
1158,48.633595,47.0
1159,46.025967,45.0
1160,43.359455,44.0
1161,42.122437,44.0
1162,42.334892,43.0
1163,42.360146,44.0
1164,43.623867,44.0
1165,44.629642,45.0
1166,45.97737,46.0
1167,46.635715,46.0
1168,46.18975,45.0
1169,45.109547,45.0
1170,44.52537,45.0
1171,44.479084,45.0
1172,44.683292,46.0
1173,45.992702,47.0
1174,47.48905,46.0
1175,46.96838,47.0
1176,47.374203,49.0
1177,49.17496,51.0
1178,51.036106,51.0
1179,51.69529,49.0
1180,50.08828,48.0
1181,48.288677,57.0
1182,55.13929,57.0
1183,57.86163,57.0
1184,58.375233,56.00000000000001
1185,57.093708,56.00000000000001
1186,56.024742,55.0
1187,54.612938,54.0
1188,53.11264,54.0
1189,52.665607,54.0
1190,53.38196,53.0
1191,53.312634,54.0
1192,54.27399,54.0
1193,54.421658,54.0
1194,54.404926,55.0
1195,55.14888,55.0
1196,55.143063,55.0
1197,54.899437,54.0
1198,53.724438,54.0
1199,53.305237,54.0
1200,53.303154,54.0
1201,53.473896,53.0
1202,52.697346,53.0
1203,52.483917,53.0
1204,52.641148,52.0
1205,51.790462,56.00000000000001
1206,55.105793,57.0
1207,57.23842,59.0
1208,59.618763,61.0
1209,61.834343,62.0
1210,62.869175,64.0
1211,64.43281,65.0
1212,65.412735,68.0
1213,68.18856,70.0
1214,70.52905,72.0
1215,72.86026,72.0
1216,73.059746,72.0
1217,72.42661,71.0
1218,70.57041,72.0
1219,70.92658,72.0
1220,71.35239,71.0
1221,70.69946,71.0
1222,70.411354,69.0
1223,68.49926,68.0
1224,67.11724,67.0
1225,66.000984,66.0
1226,65.15632,66.0
1227,65.19372,65.0
1228,64.58043,65.0
1229,64.5158,53.0
1230,54.5252,52.0
1231,50.749775,51.0
1232,48.933098,47.0
1233,45.840427,45.0
1234,44.023853,43.0
1235,42.16917,44.0
1236,42.470177,45.0
1237,44.26555,47.0
1238,48.019558,49.0
1239,51.53122,51.0
1240,53.68178,52.0
1241,54.014973,52.0
1242,52.752407,52.0
1243,51.36614,52.0
1244,50.939392,52.0
1245,51.030838,52.0
1246,51.364407,52.0
1247,51.676094,52.0
1248,51.824615,53.0
1249,52.7815,53.0
1250,53.07989,53.0
1251,53.125576,53.0
1252,53.066536,53.0
1253,52.894043,67.0
1254,65.48191,66.0
1255,69.054474,65.0
1256,68.04242,64.0
1257,65.23731,63.0
1258,62.686012,62.0
1259,60.766632,61.0
1260,59.184414,60.0
1261,58.00616,59.0
1262,57.250168,58.0
1263,56.757122,57.0
1264,56.072365,57.0
1265,56.242096,56.00000000000001
1266,55.682625,56.00000000000001
1267,55.54554,56.00000000000001
1268,55.594013,56.00000000000001
1269,55.680668,56.00000000000001
1270,55.705402,54.0
1271,53.705406,55.0
1272,54.209724,55.0
1273,54.53503,55.0
1274,54.701588,55.0
1275,54.87855,54.0
1276,53.810635,53.0
1277,52.57661,60.0
1278,59.040733,60.0
1279,61.4749,60.0
1280,61.647274,60.0
1281,60.816845,59.0
1282,59.083767,59.0
1283,58.309742,59.0
1284,58.093548,59.0
1285,58.202576,59.0
1286,58.53837,60.0
1287,60.045708,61.0
1288,61.47806,61.0
1289,61.419407,60.0
1290,59.928017,61.0
1291,60.564022,60.0
1292,59.72893,61.0
1293,60.291267,61.0
1294,60.63113,62.0
1295,61.601616,62.0
1296,61.98443,62.0
1297,61.760544,63.0
1298,62.568142,64.0
1299,63.84225,64.0
1300,63.944004,64.0
1301,64.05715,113.0
1302,106.65386,121.0
1303,131.43571,133.0
1304,152.61159,133.0
1305,150.65584,141.0
1306,151.38858,151.0
1307,157.30074,152.0
1308,156.5505,152.0
1309,153.43753,152.0
1310,152.13428,152.0
1311,151.48051,152.0
1312,151.38261,152.0
1313,151.69725,152.0
1314,151.30081,149.0
1315,146.1311,151.0
1316,150.4671,146.0
1317,143.92313,119.0
1318,104.012566,105.0
1319,86.07942,100.0
1320,87.53972,99.0
1321,95.41975,98.0
1322,98.910255,96.0
1323,97.16497,93.0
1324,92.68594,91.0
1325,89.28502,73.0
1326,70.276054,74.0
1327,68.88368,74.99999999999999
1328,71.30587,74.99999999999999
1329,73.66493,76.0
1330,76.33823,76.0
1331,77.11255,76.0
1332,76.84976,76.0
1333,76.31942,77.0
1334,76.88898,78.0
1335,77.9325,79.0
1336,79.39217,81.0
1337,81.95718,81.0
1338,81.995125,83.0
1339,83.56915,85.00000000000001
1340,85.843094,85.00000000000001
1341,85.83196,86.0
1342,86.41625,87.0
1343,87.33181,88.0
1344,88.346115,89.0
1345,89.157295,89.0
1346,89.27346,88.0
1347,88.11845,88.0
1348,87.619804,88.0
1349,87.521355,68.0
1350,69.74736,67.0
1351,65.66667,65.0
1352,62.841503,64.0
1353,61.95174,63.0
1354,61.652943,61.0
1355,60.592148,60.0
1356,59.826866,59.0
1357,58.911446,58.0
1358,57.139297,57.0
1359,54.883892,56.00000000000001
1360,54.26868,56.00000000000001
1361,55.271923,55.0
1362,54.94945,54.0
1363,53.654762,54.0
1364,53.463013,52.0
1365,51.67185,52.0
1366,51.287388,52.0
1367,51.52888,52.0
1368,51.810265,52.0
1369,51.932365,51.0
1370,51.05624,49.0
1371,48.883675,47.0
1372,46.29767,48.0
1373,46.585823,56.00000000000001
1374,54.92383,55.0
1375,57.365765,54.0
1376,56.23997,54.0
1377,54.838066,54.0
1378,53.765198,54.0
1379,53.42854,55.0
1380,54.305412,56.00000000000001
1381,55.639347,57.0
1382,57.101124,58.0
1383,58.788784,58.0
1384,58.931496,58.0
1385,58.3093,58.0
1386,57.87957,59.0
1387,58.801567,60.0
1388,60.125397,60.0
1389,60.35524,60.0
1390,60.328293,60.0
1391,59.998886,61.0
1392,60.83159,62.0
1393,61.94901,62.0
1394,62.145172,62.0
1395,62.146675,64.0
1396,63.6907,65.0
1397,64.85576,63.0
1398,63.344112,62.0
1399,61.8999,62.0
1400,61.386303,62.0
1401,61.382854,63.0
1402,62.39715,62.0
1403,61.918835,62.0
1404,61.83307,62.0
1405,61.710308,62.0
1406,61.702915,62.0
1407,61.55881,61.0
1408,60.60623,61.0
1409,60.39962,61.0
1410,60.491383,61.0
1411,60.712055,60.0
1412,60.01699,60.0
1413,59.741352,60.0
1414,59.70612,59.0
1415,58.85834,60.0
1416,59.42309,59.0
1417,58.89665,59.0
1418,58.752407,60.0
1419,59.527676,61.0
1420,60.685444,61.0
1421,61.037884,63.0
1422,62.837055,63.0
1423,63.277176,64.0
1424,64.155106,64.0
1425,64.227905,65.0
1426,64.92876,65.0
1427,65.05925,66.0
1428,65.84243,66.0
1429,66.081055,66.0
1430,65.99889,66.0
1431,65.66092,67.0
1432,66.65391,67.0
1433,67.00045,67.0
1434,66.948364,67.0
1435,66.69814,67.0
1436,66.52142,66.0
1437,65.61936,66.0
1438,65.42122,65.0
1439,64.51576,64.0
1440,63.393383,64.0
1441,63.256477,64.0
1442,63.412888,64.0
1443,63.650333,64.0
1444,63.77012,64.0
1445,63.780415,64.0
1446,63.70908,64.0
1447,63.70728,64.0
1448,63.64041,64.0
1449,63.620636,63.0
1450,62.68634,63.0
1451,62.363056,62.0
1452,61.351807,62.0
1453,61.236835,62.0
1454,61.46884,62.0
1455,61.77558,62.0
1456,61.880447,62.0
1457,61.920517,62.0
1458,61.775887,62.0
1459,61.830345,61.0
1460,60.86101,61.0
1461,60.45811,61.0
1462,60.527428,61.0
1463,60.633327,62.0
1464,61.73382,62.0
1465,62.102837,63.0
1466,62.958797,63.0
1467,63.105946,64.0
1468,63.84533,65.0
1469,64.91617,68.0
1470,67.78061,69.0
1471,69.39004,70.0
1472,70.5376,71.0
1473,71.36013,72.0
1474,72.20855,73.0
1475,73.10127,74.0
1476,74.21717,74.99999999999999
1477,75.41538,74.99999999999999
1478,75.375595,74.99999999999999
1479,75.0352,76.0
1480,75.80906,76.0
1481,76.01782,76.0
1482,75.88414,76.0
1483,75.75413,76.0
1484,75.90828,77.0
1485,76.56528,77.0
1486,76.908394,76.0
1487,75.9742,76.0
1488,75.15472,76.0
1489,75.313675,74.99999999999999
1490,74.18687,74.99999999999999
1491,74.409836,74.0
1492,73.44294,71.0
1493,70.46501,69.0
1494,67.78076,68.0
1495,66.31753,67.0
1496,65.46315,66.0
1497,64.78163,66.0
1498,64.92177,67.0
1499,66.31862,68.0
1500,67.75446,69.0
1501,69.2163,69.0
1502,69.53809,68.0
1503,67.79842,67.0
1504,65.91417,66.0
1505,64.54314,66.0
1506,64.91461,66.0
1507,65.71874,66.0
1508,66.255844,66.0
1509,66.363846,67.0
1510,67.19571,67.0
1511,67.22938,67.0
1512,67.09553,67.0
1513,66.99348,68.0
1514,67.64896,67.0
1515,66.81897,68.0
1516,67.44233,68.0
1517,67.5901,67.0
1518,66.844185,68.0
1519,67.443695,68.0
1520,67.62692,67.0
1521,66.84954,65.0
1522,64.71834,63.0
1523,62.233414,60.0
1524,58.452686,57.0
1525,54.111847,56.00000000000001
1526,52.847942,57.0
1527,55.43333,57.0
1528,57.467995,58.0
1529,59.0001,58.0
1530,58.988083,58.0
1531,58.541676,58.0
1532,57.78303,57.0
1533,56.39199,56.00000000000001
1534,55.116455,56.00000000000001
1535,54.778824,55.0
1536,54.08547,54.0
1537,53.284847,54.0
1538,53.305695,53.0
1539,52.639465,52.0
1540,51.61481,52.0
1541,51.452698,52.0
1542,51.42271,48.0
1543,47.826496,47.0
1544,45.55301,48.0
1545,46.052883,51.0
1546,49.695538,52.0
1547,52.219536,52.0
1548,53.00551,53.0
1549,53.82496,54.0
1550,54.319225,54.0
1551,53.980816,54.0
1552,53.662716,53.0
1553,52.57049,53.0
1554,52.274532,52.0
1555,51.511944,51.0
1556,50.505814,50.0
1557,49.51004,50.0
1558,49.33766,51.0
1559,50.470985,52.0
1560,51.938587,52.0
1561,52.307335,52.0
1562,52.17269,52.0
1563,51.779312,52.0
1564,51.547844,52.0
1565,51.46802,52.0
1566,51.32033,52.0
1567,51.27781,51.0
1568,50.470078,51.0
1569,50.225708,50.0
1570,49.36816,51.0
1571,50.02837,52.0
1572,51.581417,52.0
1573,52.434643,52.0
1574,52.442383,53.0
1575,53.082474,54.0
1576,54.143055,54.0
1577,54.357758,54.0
1578,54.105206,54.0
1579,53.844063,54.0
1580,53.62135,54.0
1581,53.661575,54.0
1582,53.81624,54.0
1583,53.91815,54.0
1584,54.033016,54.0
1585,53.895817,54.0
1586,53.701866,54.0
1587,53.560783,54.0
1588,53.516422,54.0
1589,53.607327,54.0
1590,53.600372,55.0
1591,54.43846,55.0
1592,54.861233,57.0
1593,56.71592,58.0
1594,58.111744,57.0
1595,57.48307,56.00000000000001
1596,56.172256,55.0
1597,54.53291,54.0
1598,52.82589,52.0
1599,50.535557,51.0
1600,49.649517,49.0
1601,48.05586,48.0
1602,47.07339,48.0
1603,47.33439,49.0
1604,48.865276,50.0
1605,50.6154,48.0
1606,49.06932,47.0
1607,46.801346,45.0
1608,43.693466,44.0
1609,41.85091,44.0
1610,41.774975,44.0
1611,42.48335,46.0
1612,45.152866,48.0
1613,48.139576,47.0
1614,48.21284,46.0
1615,46.873585,45.0
1616,44.985218,42.0
1617,40.880737,39.99999999999999
1618,37.461864,39.99999999999999
1619,37.254295,41.0
1620,39.559322,43.0
1621,43.50166,47.0
1622,49.83163,51.0
1623,56.14204,53.0
1624,58.115704,54.0
1625,56.738354,55.0
1626,55.179573,55.0
1627,54.05707,55.0
1628,53.69547,55.0
1629,53.797985,56.00000000000001
1630,55.18572,56.00000000000001
1631,55.824646,56.00000000000001
1632,56.130947,56.00000000000001
1633,56.160713,56.00000000000001
1634,56.025997,57.0
1635,56.741287,56.00000000000001
1636,56.08711,57.0
1637,56.6496,58.0
1638,57.612896,59.0
1639,58.731617,61.0
1640,60.70285,61.0
1641,61.17295,61.0
1642,61.10602,62.0
1643,61.774067,63.0
1644,62.79234,64.0
1645,64.00358,65.0
1646,65.291756,65.0
1647,65.59672,64.0
1648,64.27285,64.0
1649,63.586723,64.0
1650,63.470726,64.0
1651,63.59468,63.0
1652,62.743736,64.0
1653,63.569145,63.0
1654,62.967857,64.0
1655,63.71817,63.0
1656,63.00433,63.0
1657,62.845585,63.0
1658,62.68455,63.0
1659,62.70273,63.0
1660,62.689274,63.0
1661,62.71189,62.0
1662,61.82073,62.0
1663,61.478714,61.0
1664,60.513977,61.0
1665,60.328766,62.0
1666,61.236034,63.0
1667,62.505417,63.0
1668,62.944275,63.0
1669,63.03098,63.0
1670,62.998478,63.0
1671,62.786644,63.0
1672,62.70053,63.0
1673,62.840137,63.0
1674,63.01813,63.0
1675,63.14872,64.0
1676,64.07709,64.0
1677,64.353325,65.0
1678,65.26993,65.0
1679,65.36885,66.0
1680,66.06273,66.0
1681,66.02471,66.0
1682,65.91755,67.0
1683,66.72138,67.0
1684,66.88226,67.0
1685,66.81091,67.0
1686,66.71287,67.0
1687,66.55108,67.0
1688,66.653625,68.0
1689,67.49772,67.0
1690,66.836845,66.0
1691,65.714745,65.0
1692,64.485115,64.0
1693,63.1366,63.0
1694,61.978012,61.0
1695,59.85666,60.0
1696,58.697514,60.0
1697,58.88629,60.0
1698,59.501675,60.0
1699,59.838726,60.0
1700,60.04844,60.0
1701,60.086884,59.0
1702,58.97838,59.0
1703,58.46872,58.0
1704,57.57331,58.0
1705,57.34376,60.0
1706,59.248806,60.0
1707,59.939728,60.0
1708,60.094597,60.0
1709,59.89262,61.0
1710,60.68137,62.0
1711,61.784058,63.0
1712,62.855564,64.0
1713,63.905582,64.0
1714,64.058846,65.0
1715,64.92582,67.0
1716,66.91514,69.0
1717,69.38414,70.0
1718,71.0039,72.0
1719,73.0125,73.0
1720,74.06197,74.0
1721,74.70936,74.0
1722,74.411705,74.99999999999999
1723,74.99391,76.0
1724,76.21336,76.0
1725,76.22065,76.0
1726,76.019165,77.0
1727,76.834114,77.0
1728,77.030624,78.0
1729,78.01149,76.0
1730,76.22263,76.0
1731,75.62887,76.0
1732,75.34707,77.0
1733,76.35191,77.0
1734,76.64246,77.0
1735,76.78456,76.0
1736,75.68212,74.99999999999999
1737,74.379036,76.0
1738,75.03839,76.0
1739,75.30769,74.99999999999999
1740,74.61067,76.0
1741,75.52319,76.0
1742,75.77642,77.0
1743,77.02401,78.0
1744,78.350464,77.0
1745,77.308655,76.0
1746,75.41213,76.0
1747,74.931076,74.99999999999999
1748,74.278854,74.99999999999999
1749,74.42534,74.0
1750,73.62118,74.0
1751,73.62636,74.0
1752,73.63924,73.0
1753,72.865715,73.0
1754,72.76537,72.0
1755,71.77935,72.0
1756,71.50913,71.0
1757,70.59577,71.0
1758,70.32116,69.0
1759,68.43414,68.0
1760,67.040146,67.0
1761,65.96144,66.0
1762,64.92348,66.0
1763,64.93259,65.0
1764,64.287506,64.0
1765,63.33656,66.0
1766,65.15829,66.0
1767,65.981804,65.0
1768,64.82232,64.0
1769,63.56493,64.0
1770,63.251896,64.0
1771,63.56028,64.0
1772,63.914627,64.0
1773,64.1001,64.0
1774,64.31097,64.0
1775,64.269424,64.0
1776,64.10548,64.0
1777,63.899605,64.0
1778,63.79918,65.0
1779,64.67978,65.0
1780,64.900696,65.0
1781,64.85579,64.0
1782,63.84588,64.0
1783,63.424458,64.0
1784,63.289326,63.0
1785,62.476288,63.0
1786,62.293556,62.0
1787,61.52665,61.0
1788,60.44479,60.0
1789,59.130135,56.00000000000001
1790,54.653904,53.0
1791,50.345013,53.0
1792,50.076637,53.0
1793,51.379807,54.0
1794,53.87615,55.0
1795,55.942825,55.0
1796,56.30998,56.00000000000001
1797,56.78568,55.0
1798,55.389748,55.0
1799,54.54339,55.0
1800,54.379795,56.00000000000001
1801,55.39447,56.00000000000001
1802,56.34169,56.00000000000001
1803,55.904182,57.0
1804,56.542194,57.0
1805,56.827812,58.0
1806,57.731495,58.0
1807,57.97466,59.0
1808,58.82238,61.0
1809,60.76424,66.0
1810,65.34851,68.0
1811,67.97863,68.0
1812,69.15941,69.0
1813,69.825226,70.0
1814,70.158714,71.0
1815,71.067055,72.0
1816,72.30832,72.0
1817,72.5518,72.0
1818,72.28407,71.0
1819,71.00308,71.0
1820,70.5621,71.0
1821,70.42877,71.0
1822,70.3774,71.0
1823,70.53697,71.0
1824,70.984505,70.0
1825,70.15448,70.0
1826,69.78056,70.0
1827,69.8758,70.0
1828,69.64089,70.0
1829,69.360214,70.0
1830,69.27454,71.0
1831,70.30045,73.0
1832,72.61842,73.0
1833,73.20854,67.0
1834,67.437515,65.0
1835,64.05931,64.0
1836,61.822468,62.0
1837,59.769527,61.0
1838,59.320576,60.0
1839,59.43483,59.0
1840,58.55409,59.0
1841,58.59776,59.0
1842,58.80153,59.0
1843,59.005383,59.0
1844,59.19298,60.0
1845,59.897583,60.0
1846,60.08312,61.0
1847,60.74368,60.0
1848,59.918285,61.0
1849,60.466663,61.0
1850,60.759552,61.0
1851,60.812775,61.0
1852,60.752525,62.0
1853,61.58161,55.0
1854,55.794613,55.0
1855,54.039833,56.00000000000001
1856,54.307156,56.00000000000001
1857,55.046783,56.00000000000001
1858,55.79809,56.00000000000001
1859,56.120026,58.0
1860,58.041946,58.0
1861,58.647842,59.0
1862,59.641975,60.0
1863,60.443897,60.0
1864,60.28266,60.0
1865,59.96627,60.0
1866,59.656914,60.0
1867,59.594,60.0
1868,59.620224,60.0
1869,59.69818,60.0
1870,59.839413,60.0
1871,59.809532,61.0
1872,60.74373,60.0
1873,60.0454,60.0
1874,59.742584,60.0
1875,59.57097,59.0
1876,58.54635,59.0
1877,58.285763,62.0
1878,60.91873,62.0
1879,61.94323,64.0
1880,64.015274,64.0
1881,64.361244,62.0
1882,62.516563,62.0
1883,61.778656,62.0
1884,61.215736,60.0
1885,59.074795,59.0
1886,57.637325,57.0
1887,55.68351,55.0
1888,53.612537,55.0
1889,53.569584,54.0
1890,53.280384,54.0
1891,53.536568,53.0
1892,52.989086,52.0
1893,51.739033,51.0
1894,50.31153,50.0
1895,48.845505,48.0
1896,46.82284,48.0
1897,46.56979,49.0
1898,48.046886,49.0
1899,48.959255,51.0
1900,51.176826,51.0
1901,51.74626,46.0
1902,47.235634,45.0
1903,44.265503,45.0
1904,42.705284,46.0
1905,44.040493,47.0
1906,46.436375,49.0
1907,49.864136,49.0
1908,51.103676,51.0
1909,52.36236,50.0
1910,50.970566,48.0
1911,47.69357,49.0
1912,47.31069,50.0
1913,48.859276,50.0
1914,50.004845,51.0
1915,51.751072,51.0
1916,52.199223,52.0
1917,52.699272,52.0
1918,52.425476,53.0
1919,52.896206,54.0
1920,53.792774,61.0
1921,59.699577,61.0
1922,61.505043,54.0
1923,55.99429,55.0
1924,54.686413,55.0
1925,53.97462,53.0
1926,52.263065,53.0
1927,51.99883,54.0
1928,53.083805,54.0
1929,53.691833,54.0
1930,54.011456,54.0
1931,54.21245,55.0
1932,55.0828,55.0
1933,55.244118,56.00000000000001
1934,55.763386,57.0
1935,57.763245,57.0
1936,57.90903,58.0
1937,58.47359,57.0
1938,57.268127,57.0
1939,56.742527,57.0
1940,56.5149,58.0
1941,57.599365,59.0
1942,58.890358,59.0
1943,59.37047,59.0
1944,59.234734,59.0
1945,58.989815,59.0
1946,58.772453,60.0
1947,59.481873,59.0
1948,58.886684,60.0
1949,59.549667,65.0
1950,63.94026,65.0
1951,65.42398,64.0
1952,64.865036,65.0
1953,65.18772,65.0
1954,64.82788,65.0
1955,64.61596,65.0
1956,64.48344,64.0
1957,63.55618,63.0
1958,62.416573,63.0
1959,62.34182,64.0
1960,63.61147,63.0
1961,63.176468,63.0
1962,63.024643,63.0
1963,62.967678,63.0
1964,62.863857,62.0
1965,61.975418,62.0
1966,61.619007,62.0
1967,61.596275,62.0
1968,61.68992,62.0
1969,61.801697,62.0
1970,61.79449,62.0
1971,61.739616,62.0
1972,61.738815,61.0
1973,60.760483,54.0
1974,54.806664,54.0
1975,52.887478,54.0
1976,52.44062,54.0
1977,52.71786,55.0
1978,54.080956,55.0
1979,54.81557,55.0
1980,55.21814,56.00000000000001
1981,56.21644,55.0
1982,55.27665,55.0
1983,54.395805,54.0
1984,53.183784,54.0
1985,53.076336,53.0
1986,52.403217,53.0
1987,52.653393,52.0
1988,51.960907,52.0
1989,51.546463,53.0
1990,52.483368,52.0
1991,51.806847,52.0
1992,51.466957,52.0
1993,51.495567,52.0
1994,51.61415,52.0
1995,51.61289,52.0
1996,51.520393,50.0
1997,49.856552,53.0
1998,51.575474,53.0
1999,52.48655,53.0
2000,52.89463,54.0
2001,53.91182,54.0
2002,54.136482,55.0
2003,54.940826,56.00000000000001
2004,56.03452,56.00000000000001
2005,56.239384,56.00000000000001
2006,56.008095,57.0
2007,56.800728,58.0
2008,58.165848,59.0
2009,59.56973,59.0
2010,59.70199,59.0
2011,59.28473,59.0
2012,58.91356,59.0
2013,58.6257,59.0
2014,58.619263,60.0
2015,59.505245,60.0
2016,59.82799,60.0
2017,59.93065,59.0
2018,58.94832,59.0
2019,58.63218,59.0
2020,58.578197,59.0
2021,58.6679,64.0
2022,63.14638,65.0
2023,65.54272,65.0
2024,66.0199,66.0
2025,66.5239,67.0
2026,67.074356,66.0
2027,65.7852,66.0
2028,65.14731,66.0
2029,65.054695,65.0
2030,64.134224,64.0
2031,63.073074,63.0
2032,61.89116,63.0
2033,61.76466,63.0
2034,62.12177,63.0
2035,62.500805,64.0
2036,63.687523,64.0
2037,63.93593,63.0
2038,62.87429,64.0
2039,63.19315,64.0
2040,63.164032,64.0
2041,63.240665,64.0
2042,63.390312,64.0
2043,63.508656,64.0
2044,63.579132,64.0
2045,63.656864,85.00000000000001
2046,82.244644,81.0
2047,84.53237,77.0
2048,80.86936,73.0
2049,74.066956,69.0
2050,66.89133,67.0
2051,63.19599,64.0
2052,59.895477,62.0
2053,57.713932,61.0
2054,58.838516,60.0
2055,59.85135,59.0
2056,58.39731,58.0
2057,56.830517,57.0
2058,55.71902,56.00000000000001
2059,54.754158,54.0
2060,52.796062,53.0
2061,51.54754,54.0
2062,52.88587,53.0
2063,52.937706,53.0
2064,52.954197,51.0
2065,50.941452,52.0
2066,51.18685,52.0
2067,51.42738,53.0
2068,52.678005,53.0
2069,53.180813,88.0
2070,88.29445,87.0
2071,97.90288,87.0
2072,96.54581,87.0
2073,90.566635,87.0
2074,85.68462,87.0
2075,83.73016,88.0
2076,84.893456,88.0
2077,86.10202,88.0
2078,87.02352,88.0
2079,87.54105,88.0
2080,87.81741,88.0
2081,87.78219,88.0
2082,87.74706,88.0
2083,87.72957,88.0
2084,87.584946,88.0
2085,87.571846,87.0
2086,86.59143,86.0
2087,85.45736,86.0
2088,85.32877,86.0
2089,85.5843,85.00000000000001
2090,84.610634,85.00000000000001
2091,84.51874,84.0
2092,83.5581,84.0
2093,83.40781,48.0
2094,53.490032,50.0
2095,49.58314,52.0
2096,49.473965,52.0
2097,49.75433,52.0
2098,50.42243,53.0
2099,52.159195,54.0
2100,54.12882,55.0
2101,56.130123,56.00000000000001
2102,57.469223,57.0
2103,57.85154,57.0
2104,57.391384,57.0
2105,56.994713,57.0
2106,56.724194,57.0
2107,56.666794,57.0
2108,56.65307,57.0
2109,56.788956,57.0
2110,56.891827,56.00000000000001
2111,55.725315,56.00000000000001
2112,55.49406,55.0
2113,54.68172,55.0
2114,54.553196,55.0
2115,54.60231,55.0
2116,54.663692,54.0
2117,53.865448,65.0
2118,62.98807,66.0
2119,67.304245,65.0
2120,67.09907,65.0
2121,65.90204,63.0
2122,62.94029,62.0
2123,60.619015,60.0
2124,58.069477,59.0
2125,56.620728,58.0
2126,55.86476,57.0
2127,55.686306,57.0
2128,56.273094,57.0
2129,56.69888,57.0
2130,57.001663,57.0
2131,57.07744,57.0
2132,56.937523,57.0
2133,56.679142,58.0
2134,57.489468,58.0
2135,57.73604,57.0
2136,56.720325,56.00000000000001
2137,55.419178,56.00000000000001
2138,55.093864,55.0
2139,54.29735,53.0
2140,52.447952,52.0
2141,51.201992,54.0
2142,52.806953,53.0
2143,53.054405,52.0
2144,52.107822,52.0
2145,51.691555,52.0
2146,51.51654,52.0
2147,51.54312,53.0
2148,52.575512,54.0
2149,53.921745,54.0
2150,54.426483,55.0
2151,55.293835,55.0
2152,55.264435,56.00000000000001
2153,55.95818,57.0
2154,56.99466,57.0
2155,57.09821,57.0
2156,56.872787,57.0
2157,56.62479,57.0
2158,56.505684,57.0
2159,56.63999,57.0
2160,56.469044,57.0
2161,56.60346,57.0
2162,56.782078,58.0
2163,57.755886,59.0
2164,58.881134,59.0
2165,59.15264,60.0
2166,60.013763,61.0
2167,60.929104,61.0
2168,61.063423,61.0
2169,60.907444,61.0
2170,60.837345,61.0
2171,60.626896,60.0
2172,59.73923,60.0
2173,59.41928,59.0
2174,58.508495,58.0
2175,57.3582,58.0
2176,57.125546,58.0
2177,57.328823,57.0
2178,56.6549,56.00000000000001
2179,55.540783,56.00000000000001
2180,55.40441,56.00000000000001
2181,55.402225,57.0
2182,56.556522,57.0
2183,56.99129,57.0
2184,57.027336,57.0
2185,56.90633,57.0
2186,56.751534,57.0
2187,56.624374,56.00000000000001
2188,55.66921,56.00000000000001
2189,55.368187,55.0
2190,54.47811,55.0
2191,54.354736,55.0
2192,54.478836,55.0
2193,54.683773,56.00000000000001
2194,55.772736,58.0
2195,57.9483,60.0
2196,60.345352,61.0
2197,61.795074,62.0
2198,62.9006,64.0
2199,64.52228,64.0
2200,64.30843,64.0
2201,63.67968,64.0
2202,63.21588,64.0
2203,63.26473,64.0
2204,63.67929,65.0
2205,64.892845,65.0
2206,65.21373,64.0
2207,64.175835,65.0
2208,64.63496,65.0
2209,64.78494,65.0
2210,64.73611,65.0
2211,64.76117,66.0
2212,65.4803,66.0
2213,65.70552,66.0
2214,65.81657,66.0
2215,65.84247,67.0
2216,66.67533,67.0
2217,66.96653,67.0
2218,66.92084,67.0
2219,66.821815,67.0
2220,66.680305,67.0
2221,66.60051,66.0
2222,65.551865,66.0
2223,65.12187,66.0
2224,65.12668,67.0
2225,66.52208,67.0
2226,67.05322,67.0
2227,67.06365,67.0
2228,67.007385,68.0
2229,67.87539,68.0
2230,68.15903,68.0
2231,67.84723,68.0
2232,67.52621,67.0
2233,66.70713,68.0
2234,67.28419,67.0
2235,66.42676,67.0
2236,66.437874,67.0
2237,66.607445,67.0
2238,66.83781,66.0
2239,65.953606,66.0
2240,65.6302,66.0
2241,65.65254,66.0
2242,65.61331,65.0
2243,64.772415,65.0
2244,64.54314,65.0
2245,64.48599,65.0
2246,64.64238,66.0
2247,65.838005,66.0
2248,66.15755,65.0
2249,64.92653,65.0
2250,64.33531,65.0
2251,64.42795,65.0
2252,64.54019,64.0
2253,63.79337,63.0
2254,62.628586,63.0
2255,62.3655,62.0
2256,61.555885,62.0
2257,61.42973,62.0
2258,61.39369,62.0
2259,61.660984,63.0
2260,62.699734,62.0
2261,62.02187,63.0
2262,62.685635,63.0
2263,62.811066,64.0
2264,63.718323,65.0
2265,64.89839,64.0
2266,64.01927,64.0
2267,63.71914,64.0
2268,63.5222,64.0
2269,63.486824,63.0
2270,62.639477,63.0
2271,62.50082,64.0
2272,63.705173,65.0
2273,65.19396,65.0
2274,65.40034,66.0
2275,66.26767,66.0
2276,66.31392,67.0
2277,67.000305,68.0
2278,67.97413,68.0
2279,68.10951,69.0
2280,68.944046,69.0
2281,69.02803,68.0
2282,68.00314,68.0
2283,67.666565,69.0
2284,68.46753,69.0
2285,68.83018,70.0
2286,69.89657,71.0
2287,71.05153,71.0
2288,71.273544,72.0
2289,72.03048,74.0
2290,73.85466,74.99999999999999
2291,75.10026,76.0
2292,76.21346,77.0
2293,77.314896,79.0
2294,79.34891,79.99999999999999
2295,80.6342,79.99999999999999
2296,80.402504,79.99999999999999
2297,79.89036,79.0
2298,78.380875,79.0
2299,78.24914,79.0
2300,78.67833,79.0
2301,79.015175,79.0
2302,78.92243,90.0
2303,89.79701,106.0
2304,109.679634,114.0
2305,124.24964,111.0
2306,120.76593,97.0
2307,98.93093,81.0
2308,77.00512,81.0
2309,73.39285,81.0
2310,74.83862,81.0
2311,77.70547,79.99999999999999
2312,79.234406,79.0
2313,79.442505,79.99999999999999
2314,80.45566,79.0
2315,79.44848,79.0
2316,78.90556,79.99999999999999
2317,79.39709,79.99999999999999
2318,80.96532,79.0
2319,79.45234,79.0
2320,75.22809,78.0
2321,74.95635,79.0
2322,77.531746,78.0
2323,77.80085,78.0
2324,78.2473,78.0
2325,78.33304,78.0
2326,78.28359,79.0
2327,79.17582,79.99999999999999
2328,80.291046,79.99999999999999
2329,80.498146,79.99999999999999
2330,80.3236,79.99999999999999
2331,79.74749,79.99999999999999
2332,79.6697,79.0
2333,78.60166,79.0
2334,78.33256,78.0
2335,77.45728,77.0
2336,76.35368,77.0
2337,76.44978,74.99999999999999
2338,74.56404,74.0
2339,73.21471,73.0
2340,72.06278,71.0
2341,70.05923,70.0
2342,68.3142,68.0
2343,65.97564,69.0
2344,67.53671,70.0
2345,70.17107,71.0
2346,72.18302,71.0
2347,72.245056,72.0
2348,72.52971,72.0
2349,72.38632,71.0
2350,70.91624,71.0
2351,70.473625,70.0
2352,69.42884,73.0
2353,72.521706,73.0
2354,73.05458,74.0
2355,74.29418,78.0
2356,78.254364,78.0
2357,78.79049,79.0
2358,79.88714,81.0
2359,81.68718,83.0
2360,83.55401,83.0
2361,83.68288,83.0
2362,83.35359,83.0
2363,82.89359,84.0
2364,83.67593,83.0
2365,82.95939,84.0
2366,84.029594,88.0
2367,88.84788,91.0
2368,93.61659,91.0
2369,93.51387,90.0
2370,90.824265,90.0
2371,89.43758,89.0
2372,87.984184,89.0
2373,87.33528,88.0
2374,86.864685,89.0
2375,88.75486,89.0
2376,89.341606,86.0
2377,86.160255,86.0
2378,85.22535,85.00000000000001
2379,84.01824,82.0
2380,80.930336,83.0
2381,81.588264,83.0
2382,82.18271,81.0
2383,80.64196,81.0
2384,80.28822,81.0
2385,80.479805,81.0
2386,80.66896,81.0
2387,80.719536,81.0
2388,80.61113,82.0
2389,81.59219,81.0
2390,80.63089,81.0
2391,80.2722,78.0
2392,76.91087,78.0
2393,76.236305,78.0
2394,76.71705,77.0
2395,76.496735,78.0
2396,77.69826,78.0
2397,78.23175,79.0
2398,79.29141,79.0
2399,79.4642,79.0
2400,79.040184,79.0
2401,78.85809,79.99999999999999
2402,79.548065,79.99999999999999
2403,79.73867,79.99999999999999
2404,79.7346,78.0
2405,77.63083,78.0
2406,77.08193,78.0
2407,77.11975,78.0
2408,77.32134,77.0
2409,76.563095,77.0
2410,76.4049,76.0
2411,75.435646,76.0
2412,75.27505,74.99999999999999
2413,74.375725,74.99999999999999
2414,74.21515,73.0
2415,72.36535,72.0
2416,71.010155,72.0
2417,70.86914,72.0
2418,71.204185,73.0
2419,72.612915,73.0
2420,73.08268,73.0
2421,73.085556,72.0
2422,72.02418,70.0
2423,69.58515,70.0
2424,68.99119,69.0
2425,68.108154,68.0
2426,67.23805,68.0
2427,67.22912,68.0
2428,67.34671,68.0
2429,67.66513,68.0
2430,67.81203,68.0
2431,67.85429,68.0
2432,67.76877,69.0
2433,68.7001,70.0
2434,69.83491,71.0
2435,71.02429,73.0
2436,73.07188,74.0
2437,74.38446,77.0
2438,77.37053,78.0
2439,78.78041,77.0
2440,77.75259,77.0
2441,76.72894,77.0
2442,76.17346,76.0
2443,75.18913,74.99999999999999
2444,74.208755,74.0
2445,73.3641,73.0
2446,72.293396,73.0
2447,72.32411,73.0
2448,72.60182,72.0
2449,71.83396,72.0
2450,71.58791,72.0
2451,71.50494,72.0
2452,71.535614,71.0
2453,70.622444,71.0
2454,70.30184,70.0
2455,69.34018,69.0
2456,68.26239,67.0
2457,66.09325,66.0
2458,64.7308,65.0
2459,63.70235,63.0
2460,61.852726,60.0
2461,58.668594,57.0
2462,55.144955,55.0
2463,52.456295,54.0
2464,51.54483,53.0
2465,51.674023,53.0
2466,52.63356,54.0
2467,54.473366,54.0
2468,55.106285,55.0
2469,55.88885,55.0
2470,55.592712,55.0
2471,55.065056,55.0
2472,54.441433,54.0
2473,53.459976,54.0
2474,53.3041,54.0
2475,53.3758,54.0
2476,53.56245,54.0
2477,53.67575,54.0
2478,53.716118,53.0
2479,52.830017,53.0
2480,52.479176,52.0
2481,51.569675,52.0
2482,51.339165,52.0
2483,51.47334,51.0
2484,50.739754,52.0
2485,51.543755,53.0
2486,53.03913,55.0
2487,55.544025,56.00000000000001
2488,57.179607,56.00000000000001
2489,57.14619,55.0
2490,55.375107,55.0
2491,54.1958,55.0
2492,53.878918,55.0
2493,54.27758,55.0
2494,54.690456,55.0
2495,54.89906,55.0
2496,55.06949,55.0
2497,54.945908,55.0
2498,54.839092,55.0
2499,54.740578,54.0
2500,53.81611,55.0
2501,54.406223,57.0
2502,56.371223,57.0
2503,56.992546,57.0
2504,57.08436,57.0
2505,56.936905,58.0
2506,57.66697,57.0
2507,57.03644,57.0
2508,56.795372,57.0
2509,56.658726,56.00000000000001
2510,55.731026,55.0
2511,54.476635,55.0
2512,54.265926,55.0
2513,54.45127,55.0
2514,54.73438,55.0
2515,54.927517,55.0
2516,54.951572,54.0
2517,53.957634,54.0
2518,53.59786,54.0
2519,53.37111,54.0
2520,53.455025,54.0
2521,53.569134,53.0
2522,52.788902,53.0
2523,52.59464,54.0
2524,53.451035,52.0
2525,51.945858,51.0
2526,50.376743,52.0
2527,50.86758,55.0
2528,54.004147,57.0
2529,57.10293,59.0
2530,59.890358,61.0
2531,62.178196,63.0
2532,64.114655,63.0
2533,64.06577,64.0
2534,64.28691,66.0
2535,66.137054,65.0
2536,65.56394,65.0
2537,65.15058,66.0
2538,65.94643,66.0
2539,66.31814,66.0
2540,66.28342,66.0
2541,66.230125,65.0
2542,65.081055,66.0
2543,65.57537,66.0
2544,65.7823,66.0
2545,65.87403,66.0
2546,65.8361,66.0
2547,65.71081,66.0
2548,65.58853,66.0
2549,65.51911,66.0
2550,65.475044,65.0
2551,64.557014,63.0
2552,62.58626,61.0
2553,60.243633,60.0
2554,58.820717,58.0
2555,56.840374,57.0
2556,55.63542,55.0
2557,53.870075,54.0
2558,52.78862,53.0
2559,51.90638,53.0
2560,52.121895,53.0
2561,52.718018,53.0
2562,53.28884,53.0
2563,53.38332,53.0
2564,53.14665,53.0
2565,52.89548,53.0
2566,52.678207,54.0
2567,53.601353,54.0
2568,54.009422,54.0
2569,54.05394,54.0
2570,53.85326,54.0
2571,53.70008,54.0
2572,53.60794,55.0
2573,54.426754,58.0
2574,57.219505,58.0
2575,58.261646,57.0
2576,57.52676,57.0
2577,56.878994,57.0
2578,56.31231,56.00000000000001
2579,55.18268,57.0
2580,55.990883,57.0
2581,56.47298,57.0
2582,56.974064,56.00000000000001
2583,56.137154,56.00000000000001
2584,55.652603,56.00000000000001
2585,55.470974,56.00000000000001
2586,55.549747,56.00000000000001
2587,55.744972,55.0
2588,54.82155,55.0
2589,54.555573,54.0
2590,53.512463,53.0
2591,52.34791,54.0
2592,53.19437,54.0
2593,53.640953,54.0
2594,53.980095,54.0
2595,54.04598,54.0
2596,53.880432,56.00000000000001
2597,55.440495,51.0
2598,51.62287,49.0
2599,48.581245,42.0
2600,42.628254,39.99999999999999
2601,39.68945,43.0
2602,41.12806,43.0
2603,41.98727,44.0
2604,43.55999,47.0
2605,47.236485,49.0
2606,51.264576,51.0
2607,53.993843,52.0
2608,53.937782,53.0
2609,53.55753,53.0
2610,52.904507,53.0
2611,52.457066,54.0
2612,53.525673,54.0
2613,54.020126,55.0
2614,54.969463,56.00000000000001
2615,56.026752,56.00000000000001
2616,56.2276,56.00000000000001
2617,56.107372,56.00000000000001
2618,55.89516,56.00000000000001
2619,55.810402,56.00000000000001
2620,55.688477,56.00000000000001
2621,55.69976,55.0
2622,54.968372,56.00000000000001
2623,55.579815,57.0
2624,56.635956,58.0
2625,57.903378,59.0
2626,59.186733,60.0
2627,60.28696,60.0
2628,60.411102,61.0
2629,61.031666,61.0
2630,61.09204,62.0
2631,61.853607,62.0
2632,62.095066,62.0
2633,62.020775,62.0
2634,61.844204,62.0
2635,61.74619,63.0
2636,62.828033,63.0
2637,63.12657,62.0
2638,62.19061,63.0
2639,62.65143,64.0
2640,63.63628,90.0
2641,86.23675,93.0
2642,96.89489,79.99999999999999
2643,87.12599,66.0
2644,70.03154,66.0
2645,64.35062,60.0
2646,57.425915,59.0
2647,55.506714,59.0
2648,55.895214,59.0
2649,57.199486,59.0
2650,58.679974,59.0
2651,59.903225,59.0
2652,60.094173,59.0
2653,58.830994,60.0
2654,58.458782,60.0
2655,62.145176,59.0
2656,60.422306,58.0
2657,56.97016,59.0
2658,57.494633,59.0
2659,58.447945,59.0
2660,59.01708,59.0
2661,58.973328,58.0
2662,58.06896,58.0
2663,57.633762,58.0
2664,57.703865,57.0
2665,56.861866,57.0
2666,56.683887,57.0
2667,56.645195,57.0
2668,56.698185,56.00000000000001
2669,55.958958,61.0
2670,59.781914,59.0
2671,59.553204,58.0
2672,58.524174,56.00000000000001
2673,56.102264,54.0
2674,53.551777,52.0
2675,51.177113,48.0
2676,46.954178,43.0
2677,40.360836,39.0
2678,35.118755,32.0
2679,27.526726,28.000000000000004
2680,22.703354,27.0
2681,22.644472,27.0
2682,25.713423,27.0
2683,28.620993,28.000000000000004
2684,31.13266,29.0
2685,31.628052,30.0
2686,30.948463,30.0
2687,29.595715,31.0
2688,29.033236,32.0
2689,30.292084,30.0
2690,29.370941,28.000000000000004
2691,27.348446,27.0
2692,25.933685,26.0
2693,25.098383,51.0
2694,50.51839,52.0
2695,62.59832,52.0
2696,62.622337,53.0
2697,57.749413,53.0
2698,53.15661,54.0
2699,51.749638,55.0
2700,52.677273,55.0
2701,53.36339,56.00000000000001
2702,55.130325,56.00000000000001
2703,56.45164,57.0
2704,57.731007,57.0
2705,57.675735,58.0
2706,58.338562,59.0
2707,59.274204,60.0
2708,60.24197,61.0
2709,61.287632,61.0
2710,61.407227,62.0
2711,61.953354,62.0
2712,61.67757,62.0
2713,61.67934,63.0
2714,62.528923,63.0
2715,62.800133,65.0
2716,64.6376,66.0
2717,66.01602,59.0
2718,60.47016,60.0
2719,59.314365,60.0
2720,59.032158,61.0
2721,60.008926,61.0
2722,60.593506,62.0
2723,61.791447,62.0
2724,62.252445,62.0
2725,62.283615,63.0
2726,63.015205,63.0
2727,62.957424,62.0
2728,61.71704,63.0
2729,62.415108,63.0
2730,62.87654,63.0
2731,62.98892,62.0
2732,62.04758,62.0
2733,61.6982,62.0
2734,61.60058,61.0
2735,60.732285,61.0
2736,60.5486,61.0
2737,60.595856,61.0
2738,60.667656,61.0
2739,60.81279,61.0
2740,60.81034,61.0
2741,60.862362,64.0
2742,63.42952,64.0
2743,64.192726,65.0
2744,65.20665,65.0
2745,65.22031,65.0
2746,64.96658,67.0
2747,66.48955,68.0
2748,67.730705,69.0
2749,68.95003,71.0
2750,71.293755,73.0
2751,73.90952,74.0
2752,75.15831,74.99999999999999
2753,75.834885,74.99999999999999
2754,75.16385,74.99999999999999
2755,74.54275,76.0
2756,75.556946,77.0
2757,76.75018,77.0
2758,77.09705,77.0
2759,76.98834,77.0
2760,76.47684,77.0
2761,76.45562,77.0
2762,76.794846,78.0
2763,77.66813,79.0
2764,78.88622,79.99999999999999
2765,80.192,54.0
2766,58.459793,55.0
2767,54.658897,56.00000000000001
2768,54.049362,57.0
2769,54.72011,58.0
2770,56.579185,58.0
2771,57.77625,59.0
2772,59.426357,59.0
2773,60.13271,60.0
2774,60.940033,62.0
2775,62.37336,64.0
2776,64.42068,65.0
2777,65.95515,66.0
2778,66.902405,66.0
2779,66.5435,68.0
2780,68.183044,69.0
2781,69.451416,72.0
2782,72.41483,72.0
2783,72.90676,74.99999999999999
2784,75.54565,76.0
2785,76.62105,78.0
2786,78.606606,79.0
2787,79.51574,79.99999999999999
2788,80.40227,81.0
2789,81.05097,84.0
2790,83.61615,83.0
2791,83.49368,82.0
2792,82.28934,82.0
2793,81.76861,81.0
2794,80.58787,81.0
2795,80.49283,79.99999999999999
2796,79.731064,79.0
2797,78.77627,78.0
2798,77.654594,79.0
2799,78.36673,79.0
2800,78.84298,79.99999999999999
2801,80.418884,81.0
2802,82.09871,81.0
2803,82.0155,82.0
2804,82.6891,83.0
2805,83.559456,84.0
2806,84.4284,85.00000000000001
2807,85.63161,86.0
2808,86.51282,86.0
2809,86.51453,86.0
2810,86.27518,86.0
2811,86.218765,87.0
2812,86.940285,88.0
2813,88.09428,54.0
2814,59.289986,53.0
2815,53.415707,53.0
2816,51.409252,53.0
2817,50.902637,52.0
2818,50.37594,52.0
2819,50.820618,52.0
2820,51.630672,52.0
2821,52.549023,51.0
2822,52.221455,51.0
2823,51.422203,51.0
2824,49.920673,51.0
2825,50.947704,51.0
2826,51.915367,51.0
2827,51.52618,52.0
2828,52.259598,51.0
2829,51.518265,51.0
2830,51.10729,52.0
2831,51.98098,52.0
2832,52.019108,52.0
2833,51.99574,52.0
2834,52.00921,52.0
2835,52.06414,52.0
2836,51.87136,52.0
2837,51.776806,52.0
2838,51.85017,48.0
2839,48.32221,49.0
2840,48.02956,50.0
2841,49.023186,51.0
2842,50.603798,52.0
2843,52.175945,52.0
2844,52.69127,52.0
2845,52.55529,52.0
2846,52.173264,53.0
2847,52.715717,53.0
2848,52.942387,54.0
2849,54.00532,54.0
2850,54.210564,54.0
2851,54.0545,54.0
2852,53.95251,54.0
2853,53.68118,53.0
2854,52.577904,53.0
2855,52.36367,53.0
2856,52.522907,53.0
2857,52.754044,53.0
2858,52.98655,53.0
2859,53.051548,53.0
2860,53.022766,53.0
2861,52.852448,58.0
2862,57.578873,58.0
2863,59.221584,59.0
2864,60.125053,59.0
2865,59.679844,58.0
2866,58.03348,58.0
2867,57.272186,59.0
2868,58.05317,60.0
2869,59.42145,62.0
2870,61.916313,62.0
2871,62.63232,61.0
2872,61.336647,61.0
2873,60.51657,61.0
2874,60.176125,62.0
2875,61.333893,62.0
2876,61.85163,62.0
2877,61.962975,62.0
2878,61.790974,62.0
2879,61.618855,62.0
2880,61.600212,65.0
2881,64.44136,65.0
2882,65.040634,66.0
2883,66.169,67.0
2884,67.08803,67.0
2885,67.02124,67.0
2886,66.92945,67.0
2887,66.80178,67.0
2888,66.76467,67.0
2889,66.84457,68.0
2890,67.74068,68.0
2891,68.002625,67.0
2892,66.95244,66.0
2893,65.59206,65.0
2894,64.015274,65.0
2895,63.8531,65.0
2896,63.960606,65.0
2897,64.367645,65.0
2898,64.7448,65.0
2899,64.67507,64.0
2900,63.73273,64.0
2901,63.39621,64.0
2902,63.1647,63.0
2903,62.375603,62.0
2904,61.2733,59.0
2905,58.477814,58.0
2906,56.917336,56.00000000000001
2907,54.904762,56.00000000000001
2908,54.507282,55.0
2909,54.006924,54.0
2910,53.290447,54.0
2911,53.288174,54.0
2912,53.541027,54.0
2913,53.713238,53.0
2914,52.90581,53.0
2915,52.53505,53.0
2916,52.49261,53.0
2917,52.604862,54.0
2918,53.72747,55.0
2919,55.16868,56.00000000000001
2920,56.57173,56.00000000000001
2921,56.75112,57.0
2922,57.39272,56.00000000000001
2923,56.094765,56.00000000000001
2924,55.443436,56.00000000000001
2925,55.341793,57.0
2926,56.487244,57.0
2927,56.943813,57.0
2928,57.08891,57.0
2929,57.06803,57.0
2930,57.00188,57.0
2931,56.896725,58.0
2932,57.6883,59.0
2933,58.752163,60.0
2934,59.93863,61.0
2935,61.079468,61.0
2936,61.25563,61.0
2937,61.07351,62.0
2938,61.71852,62.0
2939,61.857433,63.0
2940,62.72907,64.0
2941,63.846313,64.0
2942,64.13191,64.0
2943,64.12105,64.0
2944,63.983437,65.0
2945,64.81408,64.0
2946,64.06339,65.0
2947,64.67771,65.0
2948,64.93439,65.0
2949,64.950935,66.0
2950,65.82235,66.0
2951,66.037605,66.0
2952,65.95246,67.0
2953,66.729996,67.0
2954,66.885124,66.0
2955,65.94522,66.0
2956,65.6402,66.0
2957,65.567055,66.0
2958,65.61214,67.0
2959,66.5798,67.0
2960,66.91211,68.0
2961,67.88787,70.0
2962,69.86002,71.0
2963,71.20929,73.0
2964,73.23299,73.0
2965,73.41121,74.0
2966,74.0757,74.0
2967,73.90812,73.0
2968,72.396736,73.0
2969,71.95117,73.0
2970,72.109406,74.0
2971,73.549576,74.0
2972,74.5085,74.0
2973,74.65829,74.0
2974,74.21745,74.0
2975,73.98114,74.0
2976,73.593666,74.0
2977,73.426605,74.0
2978,73.68083,74.99999999999999
2979,74.68802,74.99999999999999
2980,74.91407,74.99999999999999
2981,74.87208,74.99999999999999
2982,74.817566,74.0
2983,73.741745,73.0
2984,72.453224,72.0
2985,71.06811,70.0
2986,68.867546,68.0
2987,66.579605,64.0
2988,62.632256,62.0
2989,59.90838,60.0
2990,57.563942,59.0
2991,56.661022,58.0
2992,56.41661,58.0
2993,57.112354,57.0
2994,56.716934,56.00000000000001
2995,55.536716,56.00000000000001
2996,55.284473,55.0
2997,54.355186,55.0
2998,54.228878,55.0
2999,54.32998,54.0
3000,53.632915,55.0
3001,54.482777,55.0
3002,54.68007,54.0
3003,53.892017,54.0
3004,53.626137,55.0
3005,54.37135,54.0
3006,53.612446,53.0
3007,52.39206,52.0
3008,51.157887,51.0
3009,50.146328,51.0
3010,50.028236,52.0
3011,51.33967,52.0
3012,51.902874,52.0
3013,52.11729,52.0
3014,52.054375,52.0
3015,51.915684,52.0
3016,51.777374,52.0
3017,51.71446,52.0
3018,51.724785,53.0
3019,52.880463,54.0
3020,54.37574,54.0
3021,54.655712,54.0
3022,54.30339,54.0
3023,53.82052,54.0
3024,53.507442,53.0
3025,52.480713,53.0
3026,52.253216,53.0
3027,52.393177,52.0
3028,51.774124,48.0
3029,47.851864,49.0
3030,47.357906,51.0
3031,49.718506,52.0
3032,52.101765,52.0
3033,52.928703,53.0
3034,53.69914,53.0
3035,53.421013,54.0
3036,53.916615,54.0
3037,53.935574,54.0
3038,53.802555,54.0
3039,53.63256,53.0
3040,52.568752,53.0
3041,52.27872,53.0
3042,52.45022,52.0
3043,51.726208,52.0
3044,51.634586,51.0
3045,50.718113,51.0
3046,50.437595,51.0
3047,50.4836,51.0
3048,50.66531,51.0
3049,50.79649,52.0
3050,51.772083,52.0
3051,52.058422,53.0
3052,52.934196,54.0
3053,53.9635,53.0
3054,53.274155,54.0
3055,53.72133,54.0
3056,53.75096,53.0
3057,52.778458,53.0
3058,52.41826,53.0
3059,52.378754,53.0
3060,52.543873,54.0
3061,53.69243,55.0
3062,55.132477,55.0
3063,55.484756,56.00000000000001
3064,56.303364,57.0
3065,57.276268,57.0
3066,57.35854,58.0
3067,58.031925,58.0
3068,58.038464,58.0
3069,57.849915,58.0
3070,57.643105,58.0
3071,57.74127,58.0
3072,57.564457,58.0
3073,57.691673,58.0
3074,57.75947,58.0
3075,57.85418,58.0
3076,57.847713,58.0
3077,57.77729,58.0
3078,57.689465,58.0
3079,57.731773,58.0
3080,57.706192,57.0
3081,56.893444,58.0
3082,57.44556,58.0
3083,57.655514,58.0
3084,57.774174,58.0
3085,57.777184,58.0
3086,57.821495,58.0
3087,57.80042,58.0
3088,57.88846,58.0
3089,57.820675,58.0
3090,57.83604,57.0
3091,56.80751,57.0
3092,56.537205,57.0
3093,56.62715,58.0
3094,57.67806,58.0
3095,58.233364,58.0
3096,58.356483,59.0
3097,59.005333,59.0
3098,59.085682,59.0
3099,58.935844,60.0
3100,59.610104,60.0
3101,59.78228,61.0
3102,60.72276,62.0
3103,61.80851,62.0
3104,62.116615,63.0
3105,62.984863,63.0
3106,63.089993,63.0
3107,63.011215,63.0
3108,62.853146,63.0
3109,62.612595,63.0
3110,62.534702,62.0
3111,61.69852,63.0
3112,62.424774,63.0
3113,62.6329,63.0
3114,62.780228,63.0
3115,62.82148,63.0
3116,62.724064,63.0
3117,62.669285,63.0
3118,62.652534,63.0
3119,62.651134,64.0
3120,63.570705,64.0
3121,63.85249,65.0
3122,64.76813,65.0
3123,64.983955,65.0
3124,64.85548,66.0
3125,65.63753,66.0
3126,65.86125,67.0
3127,66.73729,67.0
3128,66.97448,67.0
3129,66.93701,68.0
3130,67.710686,68.0
3131,67.88694,68.0
3132,67.80844,68.0
3133,67.718475,68.0
3134,67.67082,68.0
3135,67.60492,68.0
3136,67.57077,68.0
3137,67.552055,69.0
3138,68.69311,69.0
3139,69.03672,69.0
3140,68.99001,69.0
3141,68.78129,70.0
3142,69.59862,69.0
3143,68.94179,69.0
3144,68.29811,68.0
3145,67.32245,68.0
3146,67.156494,67.0
3147,66.337654,66.0
3148,65.43924,65.0
3149,64.32943,65.0
3150,64.19157,64.0
3151,63.440525,63.0
3152,62.45274,63.0
3153,62.177074,62.0
3154,61.391666,61.0
3155,60.427483,61.0
3156,60.287598,60.0
3157,59.49447,60.0
3158,59.23254,60.0
3159,59.25224,59.0
3160,58.474518,59.0
3161,58.30154,59.0
3162,58.396217,59.0
3163,58.574375,59.0
3164,58.703365,59.0
3165,58.87157,59.0
3166,58.78304,59.0
3167,58.736847,59.0
3168,58.7009,59.0
3169,58.66694,59.0
3170,58.701656,59.0
3171,58.747787,60.0
3172,59.577183,61.0
3173,60.749973,61.0
3174,61.146465,61.0
3175,61.15736,62.0
3176,61.860638,62.0
3177,61.99719,63.0
3178,62.793957,64.0
3179,63.795547,64.0
3180,64.06981,65.0
3181,64.87203,65.0
3182,64.94275,65.0
3183,64.81302,65.0
3184,64.58607,65.0
3185,64.69828,65.0
3186,64.54894,64.0
3187,63.629707,64.0
3188,63.53014,64.0
3189,63.52313,63.0
3190,62.71548,63.0
3191,62.488586,63.0
3192,62.52143,63.0
3193,62.636936,64.0
3194,63.567215,64.0
3195,63.782017,64.0
3196,63.84911,63.0
3197,62.89165,64.0
3198,63.475773,65.0
3199,64.485306,66.0
3200,65.792366,67.0
3201,66.98235,68.0
3202,68.091545,69.0
3203,69.11716,70.0
3204,70.112015,70.0
3205,70.15101,70.0
3206,69.97296,71.0
3207,70.770134,71.0
3208,70.848366,72.0
3209,71.78343,72.0
3210,72.16646,72.0
3211,72.046036,73.0
3212,73.005325,73.0
3213,73.33855,73.0
3214,73.22281,73.0
3215,72.90193,73.0
3216,72.65813,73.0
3217,72.604904,73.0
3218,72.6419,73.0
3219,72.71317,73.0
3220,72.43333,73.0
3221,72.569984,73.0
3222,72.60846,72.0
3223,71.665565,71.0
3224,70.4401,70.0
3225,69.25019,69.0
3226,68.13942,69.0
3227,68.01366,69.0
3228,68.14965,70.0
3229,69.303024,70.0
3230,69.80986,71.0
3231,70.9895,72.0
3232,72.131905,73.0
3233,73.353516,74.0
3234,74.44672,74.99999999999999
3235,75.65853,76.0
3236,76.61907,77.0
3237,77.22746,77.0
3238,77.49337,78.0
3239,78.3002,79.0
3240,79.25316,79.99999999999999
3241,80.33958,79.99999999999999
3242,80.50025,81.0
3243,81.20191,82.0
3244,82.15944,83.0
3245,83.08962,84.0
3246,84.16403,85.00000000000001
3247,85.27844,86.0
3248,86.31369,86.0
3249,86.37517,86.0
3250,86.07696,86.0
3251,85.80789,86.0
3252,85.61082,87.0
3253,86.64882,87.0
3254,87.04388,87.0
3255,87.15348,87.0
3256,86.932915,87.0
3257,86.77091,87.0
3258,86.45436,86.0
3259,85.17597,85.00000000000001
3260,84.02586,85.00000000000001
3261,84.05176,84.0
3262,83.31044,84.0
3263,83.51826,84.0
3264,83.76947,84.0
3265,83.91335,84.0
3266,83.93533,84.0
3267,83.87557,84.0
3268,83.72345,83.0
3269,82.62791,83.0
3270,82.314926,82.0
3271,81.32278,82.0
3272,81.12185,81.0
3273,80.3069,81.0
3274,80.225845,79.99999999999999
3275,79.41835,79.0
3276,78.33354,79.0
3277,78.164825,78.0
3278,77.30617,77.0
3279,76.16217,76.0
3280,74.99852,74.99999999999999
3281,73.94755,74.99999999999999
3282,74.01698,74.99999999999999
3283,74.25977,76.0
3284,75.578896,76.0
3285,76.035576,76.0
3286,76.2715,76.0
3287,75.69924,76.0
3288,75.49302,74.99999999999999
3289,74.42575,74.99999999999999
3290,74.17589,74.99999999999999
3291,74.246,74.0
3292,73.43302,74.0
3293,73.29048,74.0
3294,73.3819,73.0
3295,72.50229,71.0
3296,70.456665,71.0
3297,69.96061,70.0
3298,69.10263,69.0
3299,68.0937,68.0
3300,67.15152,68.0
3301,67.01956,67.0
3302,66.25961,67.0
3303,66.12728,66.0
3304,65.30986,66.0
3305,65.19287,65.0
3306,64.295784,66.0
3307,65.13609,65.0
3308,64.568344,65.0
3309,64.39257,65.0
3310,64.44462,65.0
3311,64.54865,65.0
3312,64.57232,65.0
3313,64.565605,64.0
3314,63.912575,64.0
3315,63.39497,64.0
3316,63.413525,63.0
3317,62.61925,57.0
3318,57.533062,58.0
3319,56.82229,59.0
3320,57.686768,59.0
3321,58.35551,60.0
3322,59.778316,61.0
3323,61.22511,60.0
3324,60.714916,60.0
3325,60.360535,60.0
3326,59.928276,61.0
3327,60.52124,61.0
3328,60.895584,61.0
3329,61.206966,63.0
3330,63.32022,63.0
3331,63.708256,63.0
3332,63.48581,63.0
3333,62.99156,63.0
3334,62.729767,64.0
3335,63.55657,63.0
3336,63.027805,63.0
3337,62.77661,62.0
3338,61.79412,62.0
3339,61.461983,62.0
3340,61.372334,62.0
3341,61.564625,56.00000000000001
3342,56.54054,57.0
3343,55.72139,57.0
3344,55.718616,59.0
3345,57.880814,61.0
3346,60.562477,62.0
3347,62.318638,62.0
3348,62.805054,62.0
3349,62.600403,62.0
3350,61.9756,62.0
3351,61.386898,62.0
3352,61.404697,62.0
3353,61.71489,62.0
3354,61.968884,62.0
3355,62.098953,62.0
3356,62.095722,62.0
3357,62.14145,62.0
3358,62.00131,63.0
3359,62.78451,74.0
3360,72.792244,77.0
3361,78.26045,71.0
3362,73.97059,65.0
3363,66.5526,65.0
3364,64.18237,66.0
3365,64.19235,67.0
3366,65.63783,67.0
3367,66.52415,68.0
3368,68.11128,68.0
3369,68.62338,67.0
3370,67.4882,66.0
3371,65.80388,66.0
3372,65.25604,67.0
3373,65.99671,67.0
3374,66.98835,67.0
3375,67.80942,67.0
3376,66.075325,67.0
3377,65.15515,67.0
3378,65.49249,66.0
3379,64.93209,66.0
3380,65.04144,66.0
3381,65.32624,66.0
3382,65.60191,66.0
3383,65.720276,66.0
3384,65.81745,66.0
3385,65.701355,66.0
3386,65.975174,66.0
3387,65.86083,66.0
3388,65.605515,67.0
3389,66.43804,55.0
3390,56.912605,55.0
3391,54.361996,55.0
3392,53.514107,55.0
3393,53.59397,55.0
3394,54.142105,55.0
3395,54.734333,55.0
3396,55.285027,55.0
3397,55.68772,55.0
3398,55.34457,54.0
3399,53.69369,54.0
3400,53.080242,54.0
3401,53.389774,53.0
3402,52.78806,53.0
3403,52.75674,53.0
3404,52.84282,53.0
3405,52.97067,54.0
3406,54.02362,54.0
3407,54.50782,54.0
3408,54.45474,55.0
3409,54.98138,55.0
3410,55.064384,56.00000000000001
3411,55.875908,56.00000000000001
3412,56.091526,57.0
3413,56.91414,26.0
3414,35.79982,28.000000000000004
3415,30.394619,29.0
3416,28.417477,31.0
3417,29.109558,34.0
3418,31.896881,35.0
3419,34.597878,37.0
3420,38.056576,39.0
3421,42.448692,39.99999999999999
3422,42.087704,41.0
3423,39.58281,39.99999999999999
3424,38.546627,39.99999999999999
3425,38.67863,41.0
3426,40.024677,41.0
3427,40.869427,39.99999999999999
3428,40.327595,39.99999999999999
3429,40.02452,39.0
3430,38.98717,38.0
3431,37.620235,38.0
3432,37.395638,38.0
3433,37.68421,38.0
3434,37.995293,39.0
3435,39.061363,38.0
3436,38.607258,38.0
3437,38.101154,65.0
3438,60.958862,65.0
3439,70.623856,66.0
3440,72.691574,66.0
3441,69.38451,66.0
3442,65.420425,64.0
3443,61.29692,63.0
3444,59.23705,62.0
3445,58.71067,62.0
3446,60.399376,62.0
3447,62.17559,62.0
3448,62.50158,62.0
3449,62.25321,62.0
3450,61.79617,62.0
3451,61.44008,61.0
3452,60.15627,60.0
3453,58.836258,60.0
3454,58.9214,60.0
3455,59.12727,61.0
3456,60.256268,61.0
3457,60.811237,61.0
3458,60.95276,60.0
3459,59.89655,59.0
3460,58.660816,58.0
3461,57.49292,61.0
3462,59.731354,61.0
3463,60.717907,60.0
3464,60.28052,59.0
3465,58.950027,59.0
3466,58.435955,58.0
3467,57.42,58.0
3468,57.256348,58.0
3469,57.369682,58.0
3470,57.637966,58.0
3471,57.980602,58.0
3472,57.915737,57.0
3473,56.552734,57.0
3474,56.015953,57.0
3475,56.29515,57.0
3476,56.646473,57.0
3477,56.81311,57.0
3478,56.8614,56.00000000000001
3479,55.92556,57.0
3480,56.462048,57.0
3481,56.68668,58.0
3482,57.728695,58.0
3483,58.080887,59.0
3484,59.030174,61.0
3485,61.0034,82.0
3486,79.83343,85.00000000000001
3487,88.15774,86.0
3488,90.82818,87.0
3489,90.28749,88.0
3490,88.910904,88.0
3491,87.17705,90.0
3492,88.45973,91.0
3493,89.95226,92.0
3494,91.92551,92.0
3495,92.712494,94.0
3496,94.57867,93.0
3497,93.5435,93.0
3498,92.72034,93.0
3499,92.549194,92.0
3500,91.38273,92.0
3501,91.201515,92.0
3502,91.6337,92.0
3503,91.84226,91.0
3504,90.97815,91.0
3505,90.68425,90.0
3506,89.434326,89.0
3507,88.02169,88.0
3508,86.462875,87.0
3509,85.25041,82.0
3510,79.99593,85.00000000000001
3511,82.8646,87.0
3512,86.31631,88.0
3513,88.49405,89.0
3514,89.82862,91.0
3515,91.73864,93.0
3516,93.63715,95.0
3517,95.83819,97.0
3518,98.02376,98.0
3519,98.8582,98.0
3520,98.52581,98.0
3521,97.54275,99.0
3522,98.06384,108.0
3523,109.25604,106.0
3524,109.14755,103.0
3525,104.3676,98.0
3526,96.67077,98.0
3527,95.771545,96.0
3528,94.00322,95.0
3529,93.20244,92.0
3530,90.713486,91.0
3531,89.80095,89.0
3532,87.73073,89.0
3533,87.759865,89.0
3534,88.06023,90.0
3535,89.66664,91.0
3536,91.207466,92.0
3537,92.45288,93.0
3538,93.49811,94.0
3539,94.26583,95.0
3540,95.058365,95.0
3541,94.8649,96.0
3542,95.71646,97.0
3543,97.02103,98.0
3544,98.34036,98.0
3545,98.47448,99.0
3546,99.4781,99.0
3547,99.51757,99.0
3548,99.9264,99.0
3549,99.66196,106.0
3550,107.134796,103.0
3551,105.28256,101.0
3552,102.05038,99.0
3553,98.630325,100.0
3554,98.97937,104.0
3555,103.75708,106.0
3556,107.30266,115.0
3557,118.259186,52.0
3558,59.550694,51.0
3559,50.379253,51.0
3560,47.912838,51.0
3561,47.67245,51.0
3562,48.326138,49.0
3563,47.708073,48.0
3564,47.439724,48.0
3565,48.558006,49.0
3566,50.083866,51.0
3567,49.77937,51.0
3568,54.287025,52.0
3569,57.591953,52.0
3570,53.684116,52.0
3571,51.974594,51.0
3572,50.386883,51.0
3573,50.28896,49.0
3574,48.786163,48.0
3575,47.458263,48.0
3576,47.26242,50.0
3577,49.501583,52.0
3578,52.42076,52.0
3579,53.194164,52.0
3580,53.052624,55.0
3581,55.202248,52.0
3582,52.707695,52.0
3583,51.67009,52.0
3584,51.267967,52.0
3585,51.278625,52.0
3586,51.481087,52.0
3587,51.834244,52.0
3588,52.054527,52.0
3589,52.24771,51.0
3590,51.27404,49.0
3591,48.687878,49.0
3592,47.840645,46.0
3593,45.154625,44.0
3594,42.77073,44.0
3595,42.664577,41.0
3596,40.70452,39.99999999999999
3597,39.32274,42.0
3598,41.00455,42.0
3599,42.10686,42.0
3600,42.532795,42.0
3601,42.599052,42.0
3602,42.449352,42.0
3603,42.353962,42.0
3604,42.121105,41.0
3605,40.94838,76.0
3606,73.41842,74.99999999999999
3607,84.96332,74.0
3608,84.30384,74.0
3609,78.31009,73.0
3610,71.9648,73.0
3611,68.92828,71.0
3612,66.84864,70.0
3613,66.59261,69.0
3614,67.012276,69.0
3615,68.26993,69.0
3616,68.94756,69.0
3617,69.0688,69.0
3618,68.98686,69.0
3619,68.849464,68.0
3620,67.75337,68.0
3621,67.446205,68.0
3622,67.31717,69.0
3623,68.29376,70.0
3624,69.636444,70.0
3625,70.11047,71.0
3626,70.99458,72.0
3627,72.01805,73.0
3628,73.05779,74.0
3629,74.11134,74.99999999999999
3630,75.235214,76.0
3631,76.2094,76.0
3632,76.2069,77.0
3633,76.860664,77.0
3634,76.867096,76.0
3635,75.69803,74.99999999999999
3636,74.53801,74.99999999999999
3637,74.090775,74.0
3638,73.223976,73.0
3639,72.08142,73.0
3640,72.03564,73.0
3641,72.20532,73.0
3642,72.56357,72.0
3643,71.7725,72.0
3644,71.55113,72.0
3645,71.554726,71.0
3646,70.568184,70.0
3647,69.362785,70.0
3648,69.083,68.0
3649,67.108055,67.0
3650,65.841896,66.0
3651,64.79039,65.0
3652,63.77603,63.0
3653,61.96616,62.0
3654,60.861588,61.0
3655,59.968838,60.0
3656,59.036297,59.0
3657,58.093407,58.0
3658,57.209442,58.0
3659,57.20221,59.0
3660,58.445877,60.0
3661,59.99521,61.0
3662,61.460014,62.0
3663,62.657955,62.0
3664,62.58249,62.0
3665,62.177376,62.0
3666,61.851604,62.0
3667,61.781536,61.0
3668,60.824615,62.0
3669,61.52049,62.0
3670,61.879505,63.0
3671,62.89144,63.0
3672,63.475937,63.0
3673,63.082874,64.0
3674,63.53483,64.0
3675,63.690212,65.0
3676,64.74385,66.0
3677,65.90435,66.0
3678,66.18517,66.0
3679,66.02568,67.0
3680,66.75901,70.0
3681,69.60351,71.0
3682,71.09547,72.0
3683,72.31356,73.0
3684,73.28674,74.0
3685,74.188416,74.99999999999999
3686,75.21187,76.0
3687,76.34393,77.0
3688,77.62663,78.0
3689,78.69352,79.0
3690,79.59381,79.99999999999999
3691,80.66669,81.0
3692,81.66325,82.0
3693,82.54658,83.0
3694,83.36943,82.0
3695,82.46139,82.0
3696,82.00795,82.0
3697,81.75313,81.0
3698,80.56808,81.0
3699,80.27839,81.0
3700,80.27536,81.0
3701,80.43345,83.0
3702,82.720795,84.0
3703,84.392586,84.0
3704,84.61273,82.0
3705,82.21398,81.0
3706,80.2275,81.0
3707,79.610756,79.99999999999999
3708,78.75191,79.99999999999999
3709,78.82511,78.0
3710,77.25711,74.99999999999999
3711,74.03606,74.0
3712,72.33326,72.0
3713,70.30635,71.0
3714,69.36248,70.0
3715,68.839355,70.0
3716,69.356964,70.0
3717,69.92875,70.0
3718,70.08781,70.0
3719,69.91185,70.0
3720,69.62073,70.0
3721,69.52477,70.0
3722,69.55621,69.0
3723,68.55233,69.0
3724,68.32794,69.0
3725,68.32201,67.0
3726,66.57903,66.0
3727,65.227554,65.0
3728,64.01663,65.0
3729,63.910046,64.0
3730,63.229332,63.0
3731,62.403126,63.0
3732,62.31252,64.0
3733,63.388603,65.0
3734,64.80938,66.0
3735,66.25081,68.0
3736,68.53562,69.0
3737,69.93712,69.0
3738,69.90118,69.0
3739,69.272446,69.0
3740,68.81776,69.0
3741,68.51694,69.0
3742,68.505394,68.0
3743,67.71084,69.0
3744,68.58811,70.0
3745,69.81129,70.0
3746,70.27178,71.0
3747,71.15829,71.0
3748,71.19478,71.0
3749,71.101814,71.0
3750,70.84182,71.0
3751,70.71785,71.0
3752,70.65804,71.0
3753,70.647804,71.0
3754,70.64483,71.0
3755,70.66243,71.0
3756,70.73637,70.0
3757,69.80273,69.0
3758,68.59434,70.0
3759,69.14303,69.0
3760,68.481606,68.0
3761,67.39675,67.0
3762,66.255516,67.0
3763,66.10644,67.0
3764,66.37096,67.0
3765,66.59711,67.0
3766,66.75728,66.0
3767,65.84148,65.0
3768,64.73131,66.0
3769,65.38534,66.0
3770,65.5389,65.0
3771,64.80278,65.0
3772,64.49104,65.0
3773,64.433716,64.0
3774,63.65171,64.0
3775,63.3928,64.0
3776,63.396374,63.0
3777,62.61717,63.0
3778,62.456944,62.0
3779,61.59862,62.0
3780,61.38282,61.0
3781,60.5095,61.0
3782,60.327034,60.0
3783,59.298477,59.0
3784,58.134197,59.0
3785,58.04975,59.0
3786,58.3692,59.0
3787,58.75679,59.0
3788,58.925724,59.0
3789,58.930614,59.0
3790,58.812275,60.0
3791,59.606586,60.0
3792,59.888226,60.0
3793,59.838818,60.0
3794,59.726974,60.0
3795,59.69679,61.0
3796,60.49622,61.0
3797,60.782127,61.0
3798,60.940205,61.0
3799,60.865467,61.0
3800,60.803745,62.0
3801,61.61799,62.0
3802,61.930412,63.0
3803,62.85836,64.0
3804,63.877384,64.0
3805,64.08272,64.0
3806,64.01308,65.0
3807,64.84908,66.0
3808,65.80929,66.0
3809,66.0523,66.0
3810,65.81197,66.0
3811,65.78179,66.0
3812,65.67904,66.0
3813,65.50289,66.0
3814,65.51499,66.0
3815,65.589584,65.0
3816,64.68354,65.0
3817,64.42201,65.0
3818,64.369,65.0
3819,64.48595,64.0
3820,63.6977,64.0
3821,63.468826,64.0
3822,63.51624,65.0
3823,64.45723,65.0
3824,64.88354,65.0
3825,64.96777,64.0
3826,63.98029,64.0
3827,63.59825,64.0
3828,63.44039,64.0
3829,63.510838,64.0
3830,63.600197,64.0
3831,63.68584,64.0
3832,63.736374,64.0
3833,63.649593,65.0
3834,64.63433,65.0
3835,64.99859,66.0
3836,66.02883,67.0
3837,67.13746,68.0
3838,68.21371,68.0
3839,68.38327,69.0
3840,69.14714,71.0
3841,71.076416,72.0
3842,72.40836,74.0
3843,74.37676,76.0
3844,76.57035,77.0
3845,77.842316,79.0
3846,79.72142,81.0
3847,81.710396,82.0
3848,82.857025,84.0
3849,84.64929,85.00000000000001
3850,85.75308,87.0
3851,87.4946,88.0
3852,88.57401,89.0
3853,89.49915,89.0
3854,89.27757,90.0
3855,89.86878,90.0
3856,89.897194,90.0
3857,89.751175,90.0
3858,89.75305,90.0
3859,89.828606,90.0
3860,89.794846,90.0
3861,89.686134,90.0
3862,89.76332,90.0
3863,89.5072,89.0
3864,88.523834,88.0
3865,87.5565,88.0
3866,86.9622,87.0
3867,86.01352,86.0
3868,85.171555,85.00000000000001
3869,84.094635,84.0
3870,83.14233,83.0
3871,82.18063,83.0
3872,82.17711,84.0
3873,83.440216,84.0
3874,83.99057,84.0
3875,84.08657,85.00000000000001
3876,84.99446,86.0
3877,86.039246,87.0
3878,87.2019,89.0
3879,89.35853,90.0
3880,90.52574,90.0
3881,90.27061,91.0
3882,90.95212,91.0
3883,90.98934,92.0
3884,92.23993,92.0
3885,92.67792,92.0
3886,92.60575,93.0
3887,93.48094,93.0
3888,93.679855,93.0
3889,93.54561,92.0
3890,92.0302,93.0
3891,92.58694,93.0
3892,92.83299,94.0
3893,94.02391,95.0
3894,95.39041,95.0
3895,95.556564,96.0
3896,96.49524,97.0
3897,97.797264,98.0
3898,98.88831,99.0
3899,99.70501,98.0
3900,98.37087,98.0
3901,97.72837,97.0
3902,96.223946,94.0
3903,92.529274,94.0
3904,92.130165,94.0
3905,93.12078,94.0
3906,94.30514,94.0
3907,94.480705,94.0
3908,94.79385,94.0
3909,94.45419,93.0
3910,93.111015,93.0
3911,92.7182,93.0
3912,92.43174,94.0
3913,93.82008,94.0
3914,94.198715,95.0
3915,95.31157,95.0
3916,95.31932,95.0
3917,95.04809,95.0
3918,94.79517,96.0
3919,95.9854,96.0
3920,96.27464,95.0
3921,95.22433,94.0
3922,93.71059,93.0
3923,92.15463,93.0
3924,91.97869,94.0
3925,93.45647,94.0
3926,94.175514,96.0
3927,96.84951,94.0
3928,94.829895,93.0
3929,92.75115,93.0
3930,91.969055,93.0
3931,91.8212,91.0
3932,89.962326,91.0
3933,89.83834,91.0
3934,90.55421,92.0
3935,92.23584,91.0
3936,91.55307,90.0
3937,89.96576,89.0
3938,88.3053,88.0
3939,86.994896,87.0
3940,85.88277,87.0
3941,85.92311,86.0
3942,85.36791,85.00000000000001
3943,84.35487,83.0
3944,82.23528,82.0
3945,80.834045,79.99999999999999
3946,78.77262,79.99999999999999
3947,78.63789,79.0
3948,78.09146,79.0
3949,78.27628,78.0
3950,77.54463,77.0
3951,76.33493,78.0
3952,77.287346,78.0
3953,77.722786,79.0
3954,79.11554,79.0
3955,79.444695,79.99999999999999
3956,80.36476,81.0
3957,81.387436,81.0
3958,81.41338,79.99999999999999
3959,79.97144,79.99999999999999
3960,79.526505,79.0
3961,78.35796,79.0
3962,78.44314,79.0
3963,78.60318,79.0
3964,78.70344,79.0
3965,78.84357,79.0
3966,78.88452,79.0
3967,78.753204,79.0
3968,78.71927,79.0
3969,78.62451,79.99999999999999
3970,79.578964,79.99999999999999
3971,79.76337,79.99999999999999
3972,79.84296,79.99999999999999
3973,79.73579,79.99999999999999
3974,79.62108,79.0
3975,78.45697,79.0
3976,78.0758,79.0
3977,78.26964,78.0
3978,77.58417,78.0
3979,77.6108,77.0
3980,76.63346,76.0
3981,75.234436,74.99999999999999
3982,74.28977,76.0
3983,75.32166,76.0
3984,75.59464,77.0
3985,76.73562,76.0
3986,76.04217,76.0
3987,75.75047,76.0
3988,75.54014,74.99999999999999
3989,74.56333,74.0
3990,73.34304,73.0
3991,72.14017,72.0
3992,71.08109,71.0
3993,70.0583,70.0
3994,69.08734,70.0
3995,69.093056,68.0
3996,67.44076,68.0
3997,67.16993,68.0
3998,67.23087,68.0
3999,67.434906,67.0
4000,66.58962,67.0
4001,66.38323,67.0
4002,66.44715,67.0
4003,66.67423,67.0
4004,66.862366,67.0
4005,66.87771,68.0
4006,67.8086,65.0
4007,65.24188,66.0
4008,65.435684,66.0
4009,65.45186,66.0
4010,65.533676,67.0
4011,66.48547,67.0
4012,66.844185,68.0
4013,67.86056,69.0
4014,69.07946,70.0
4015,70.166855,68.0
4016,68.405235,68.0
4017,67.61945,68.0
4018,67.26378,68.0
4019,67.20898,67.0
4020,66.470055,66.0
4021,65.579926,66.0
4022,65.33121,66.0
4023,65.35417,66.0
4024,65.415596,66.0
4025,65.46721,66.0
4026,65.48309,65.0
4027,64.576485,65.0
4028,64.37183,64.0
4029,63.424854,64.0
4030,63.430016,65.0
4031,64.32997,65.0
4032,64.83438,66.0
4033,65.85506,65.0
4034,65.1745,66.0
4035,65.75655,66.0
4036,65.68651,66.0
4037,65.66507,64.0
4038,63.689808,65.0
4039,64.3004,68.0
4040,67.148315,69.0
4041,68.84952,69.0
4042,69.3638,69.0
4043,69.27742,69.0
4044,68.975266,70.0
4045,69.71049,69.0
4046,68.874306,69.0
4047,68.52405,68.0
4048,67.52023,68.0
4049,67.2003,68.0
4050,67.47263,69.0
4051,68.79798,70.0
4052,70.11408,71.0
4053,71.3523,72.0
4054,72.33949,72.0
4055,72.31314,73.0
4056,72.67051,73.0
4057,72.821045,74.0
4058,73.50741,73.0
4059,72.56064,73.0
4060,72.35852,74.0
4061,73.3483,61.0
4062,62.669647,60.0
4063,58.890175,59.0
4064,56.90911,59.0
4065,57.02516,59.0
4066,57.844234,59.0
4067,58.72639,59.0
4068,59.306484,59.0
4069,59.59247,59.0
4070,59.52804,58.0
4071,58.246185,58.0
4072,57.5679,57.0
4073,56.529686,55.0
4074,54.497246,55.0
4075,54.113934,55.0
4076,54.355335,55.0
4077,54.774315,56.00000000000001
4078,55.99045,56.00000000000001
4079,56.425175,57.0
4080,57.27652,57.0
4081,57.285603,57.0
4082,57.05688,57.0
4083,56.747204,57.0
4084,56.63243,57.0
4085,56.575367,65.0
4086,63.25502,64.0
4087,64.96769,63.0
4088,64.43527,62.0
4089,62.830936,59.0
4090,59.34763,58.0
4091,57.16542,57.0
4092,55.656578,57.0
4093,55.344772,57.0
4094,56.391926,57.0
4095,57.64558,56.00000000000001
4096,56.6037,56.00000000000001
4097,55.77154,56.00000000000001
4098,55.597515,56.00000000000001
4099,55.73182,55.0
4100,54.87627,55.0
4101,54.665413,55.0
4102,54.6152,55.0
4103,54.650352,54.0
4104,53.68214,54.0
4105,53.51642,54.0
4106,53.525635,54.0
4107,53.757687,54.0
4108,53.806694,54.0
4109,53.823765,67.0
4110,65.08004,68.0
4111,69.55219,68.0
4112,70.669106,69.0
4113,70.79824,71.0
4114,71.40966,72.0
4115,71.79518,73.0
4116,72.506935,74.0
4117,73.5257,74.0
4118,74.10251,74.99999999999999
4119,75.41444,74.0
4120,73.81066,73.0
4121,71.65121,73.0
4122,71.33325,73.0
4123,71.927666,73.0
4124,72.495605,73.0
4125,72.67249,73.0
4126,73.06028,73.0
4127,72.97672,72.0
4128,71.79763,71.0
4129,70.475876,70.0
4130,69.04433,69.0
4131,67.92041,68.0
4132,66.93873,66.0
4133,65.12406,57.0
4134,56.966747,57.0
4135,54.940216,57.0
4136,54.762295,57.0
4137,55.580112,57.0
4138,56.31702,57.0
4139,56.85176,56.00000000000001
4140,56.245777,56.00000000000001
4141,55.946323,56.00000000000001
4142,55.352047,56.00000000000001
4143,55.232716,57.0
4144,56.8845,57.0
4145,57.633648,58.0
4146,58.660774,58.0
4147,58.546696,58.0
4148,58.097767,58.0
4149,57.653168,58.0
4150,57.482643,58.0
4151,57.355793,58.0
4152,57.51363,57.0
4153,56.64572,57.0
4154,56.37772,57.0
4155,56.35413,57.0
4156,56.433147,57.0
4157,56.536606,37.0
4158,42.114254,36.0
4159,36.723953,35.0
4160,34.11554,35.0
4161,33.27441,32.0
4162,31.316576,31.0
4163,30.361313,30.0
4164,29.608675,29.0
4165,29.194014,29.0
4166,29.047401,28.000000000000004
4167,27.05848,29.0
4168,28.314486,29.0
4169,29.405823,28.000000000000004
4170,28.596745,28.000000000000004
4171,28.127855,28.000000000000004
4172,27.950012,29.0
4173,28.920717,29.0
4174,29.190165,29.0
4175,29.286951,30.0
4176,30.225788,31.0
4177,31.653118,32.0
4178,33.02783,32.0
4179,33.334934,33.0
4180,33.80385,35.0
4181,35.397133,58.0
4182,56.721863,57.0
4183,63.83026,57.0
4184,63.36395,57.0
4185,59.831463,58.0
4186,57.68105,59.0
4187,57.36843,60.0
4188,58.40688,62.0
4189,61.04224,63.0
4190,63.457653,63.0
4191,64.097565,63.0
4192,63.30211,63.0
4193,62.809254,63.0
4194,62.573982,64.0
4195,63.414642,64.0
4196,63.900738,64.0
4197,63.956825,64.0
4198,63.751144,64.0
4199,63.714268,65.0
4200,64.789,67.0
4201,66.81272,68.0
4202,68.02897,69.0
4203,69.13005,69.0
4204,69.2243,70.0
4205,69.94319,63.0
4206,64.0876,65.0
4207,63.85319,66.0
4208,64.706055,67.0
4209,66.28007,69.0
4210,68.80961,69.0
4211,69.57764,69.0
4212,69.708336,69.0
4213,69.41656,68.0
4214,67.91686,66.0
4215,65.19766,66.0
4216,64.615555,66.0
4217,64.71589,65.0
4218,64.24313,65.0
4219,64.41455,65.0
4220,64.67091,65.0
4221,64.79975,65.0
4222,64.96819,66.0
4223,65.65555,66.0
4224,65.827805,65.0
4225,64.83028,65.0
4226,64.43447,65.0
4227,64.27469,64.0
4228,63.419025,62.0
4229,61.599133,84.0
4230,79.72008,81.0
4231,83.753006,79.0
4232,82.6921,78.0
4233,79.46851,77.0
4234,75.9031,76.0
4235,73.49103,74.0
4236,71.09905,72.0
4237,69.30688,71.0
4238,68.67722,69.0
4239,67.75151,69.0
4240,67.83139,68.0
4241,66.71994,68.0
4242,66.994774,68.0
4243,67.653496,68.0
4244,67.899086,68.0
4245,68.02524,67.0
4246,66.976204,68.0
4247,67.53407,67.0
4248,66.6783,67.0
4249,66.557594,67.0
4250,66.5111,67.0
4251,66.57792,67.0
4252,66.63552,67.0
4253,66.677826,89.0
4254,86.411255,89.0
4255,92.66101,88.0
4256,92.75432,88.0
4257,90.32573,89.0
4258,88.66776,88.0
4259,86.37361,88.0
4260,85.59932,87.0
4261,85.03484,85.00000000000001
4262,83.32681,85.00000000000001
4263,83.563,84.0
4264,83.040634,83.0
4265,81.870026,83.0
4266,81.99618,81.0
4267,80.53085,81.0
4268,80.49366,81.0
4269,80.621414,82.0
4270,81.77043,81.0
4271,81.11178,81.0
4272,80.7667,81.0
4273,80.52437,81.0
4274,80.42871,81.0
4275,80.64919,81.0
4276,80.70425,81.0
4277,80.647865,126.0
4278,125.56857,136.0
4279,153.3276,144.0
4280,168.33917,151.0
4281,168.98483,152.0
4282,159.70009,152.0
4283,151.69176,153.0
4284,150.12218,153.0
4285,151.24356,153.0
4286,153.11055,153.0
4287,154.30519,153.0
4288,154.05746,153.0
4289,154.43886,153.0
4290,155.42001,153.0
4291,156.4238,153.0
4292,157.42587,153.0
4293,157.679,152.0
4294,156.40868,152.0
4295,156.16812,151.0
4296,154.81142,151.0
4297,153.57837,149.0
4298,149.5132,143.0
4299,139.50233,137.0
4300,129.60219,125.0
4301,114.26988,57.0
4302,37.88978,58.0
4303,35.39626,59.0
4304,48.275455,59.0
4305,57.093815,60.0
4306,62.1544,60.0
4307,63.26125,61.0
4308,63.566116,62.0
4309,63.58578,62.0
4310,61.827522,62.0
4311,60.978218,61.0
4312,61.207306,61.0
4313,61.51845,61.0
4314,60.877808,61.0
4315,60.38871,61.0
4316,60.487423,61.0
4317,60.73648,61.0
4318,60.868084,61.0
4319,60.836765,60.0
4320,59.672756,60.0
4321,59.308132,59.0
4322,58.23514,58.0
4323,57.165333,58.0
4324,57.02113,58.0
4325,57.281578,39.99999999999999
4326,42.630116,41.0
4327,38.892555,39.99999999999999
4328,37.17095,39.99999999999999
4329,37.208256,39.99999999999999
4330,38.3236,39.0
4331,38.683937,38.0
4332,38.532547,39.99999999999999
4333,40.589245,39.99999999999999
4334,41.041317,43.0
4335,43.620113,44.0
4336,45.48785,44.0
4337,45.49749,46.0
4338,46.598217,47.0
4339,47.37873,48.0
4340,48.178604,50.0
4341,50.184727,51.0
4342,51.693394,51.0
4343,51.773598,51.0
4344,51.328373,51.0
4345,50.94293,51.0
4346,50.84602,51.0
4347,50.842163,51.0
4348,50.89646,52.0
4349,51.925945,92.0
4350,88.95772,91.0
4351,102.35548,91.0
4352,102.680016,90.0
4353,95.05137,90.0
4354,88.797714,89.0
4355,84.477264,89.0
4356,83.879974,88.0
4357,83.92221,89.0
4358,87.04523,91.0
4359,91.188484,91.0
4360,92.08582,90.0
4361,90.28038,90.0
4362,89.159355,90.0
4363,88.674225,89.0
4364,87.54519,87.0
4365,85.62208,87.0
4366,85.674835,86.0
4367,84.94865,85.00000000000001
4368,84.32726,84.0
4369,83.00664,83.0
4370,81.64829,81.0
4371,79.69873,79.99999999999999
4372,78.603905,79.0
4373,77.80786,78.0
4374,77.20772,78.0
4375,77.37204,78.0
4376,77.500496,77.0
4377,76.56789,77.0
4378,76.43287,77.0
4379,76.41828,76.0
4380,75.59462,77.0
4381,76.37279,74.99999999999999
4382,74.572845,73.0
4383,71.823105,71.0
4384,69.06551,71.0
4385,68.8668,71.0
4386,69.82013,70.0
4387,69.58725,70.0
4388,69.72132,70.0
4389,69.83422,70.0
4390,70.032326,70.0
4391,69.86796,71.0
4392,70.71583,71.0
4393,70.71468,72.0
4394,71.664085,72.0
4395,71.85315,73.0
4396,72.78375,73.0
4397,73.00008,73.0
4398,72.95671,73.0
4399,72.822266,73.0
4400,72.727036,74.0
4401,73.684715,74.99999999999999
4402,74.86104,74.99999999999999
4403,75.14766,76.0
4404,76.076996,76.0
4405,76.161865,77.0
4406,76.951256,78.0
4407,78.10119,78.0
4408,78.12356,79.0
4409,78.93177,79.0
4410,78.92361,79.99999999999999
4411,79.75303,79.99999999999999
4412,79.92474,82.0
4413,82.23869,82.0
4414,82.60491,83.0
4415,83.429115,84.0
4416,84.3192,85.00000000000001
4417,85.23423,85.00000000000001
4418,85.06786,85.00000000000001
4419,84.54609,85.00000000000001
4420,84.36105,84.0
4421,83.83005,86.0
4422,85.69904,88.0
4423,88.20102,89.0
4424,89.99923,89.0
4425,90.1182,90.0
4426,90.58377,91.0
4427,91.29914,92.0
4428,92.350975,94.0
4429,94.47358,96.0
4430,97.388985,96.0
4431,97.555145,95.0
4432,95.331856,95.0
4433,93.89638,95.0
4434,93.69529,94.0
4435,93.15951,94.0
4436,93.478195,93.0
4437,92.952896,92.0
4438,92.192635,91.0
4439,90.383286,90.0
4440,89.00512,89.0
4441,88.11851,90.0
4442,89.380295,91.0
4443,90.95897,91.0
4444,91.513336,92.0
4445,92.360985,91.0
4446,91.18325,90.0
4447,89.53996,90.0
4448,89.131485,90.0
4449,89.21377,90.0
4450,89.62072,91.0
4451,90.89656,89.0
4452,89.18485,88.0
4453,87.493065,87.0
4454,86.040924,86.0
4455,84.656586,87.0
4456,86.17453,87.0
4457,87.219185,87.0
4458,87.52093,90.0
4459,90.9915,90.0
4460,91.61959,91.0
4461,92.03432,91.0
4462,91.274895,92.0
4463,91.913605,93.0
4464,93.08946,92.0
4465,92.08197,91.0
4466,90.5819,91.0
4467,90.16056,91.0
4468,90.19432,91.0
4469,90.51487,91.0
4470,90.80065,91.0
4471,90.92519,91.0
4472,91.110344,89.0
4473,88.90081,88.0
4474,87.4611,86.0
4475,84.90009,85.00000000000001
4476,83.53701,84.0
4477,82.512085,82.0
4478,80.62034,81.0
4479,79.41078,79.99999999999999
4480,78.426346,79.99999999999999
4481,78.64652,79.0
4482,78.0847,77.0
4483,76.29789,78.0
4484,77.0475,77.0
4485,76.62928,77.0
4486,76.66939,76.0
4487,75.650894,76.0
4488,75.228645,76.0
4489,74.939804,74.99999999999999
4490,74.28121,74.99999999999999
4491,74.27367,74.0
4492,73.57893,74.0
4493,73.474014,74.99999999999999
4494,74.68537,77.0
4495,76.81001,78.0
4496,78.17404,79.0
4497,79.401855,79.0
4498,79.42931,79.99999999999999
4499,79.95183,79.99999999999999
4500,79.83703,81.0
4501,80.76576,82.0
4502,81.97212,83.0
4503,83.39709,84.0
4504,84.73585,85.00000000000001
4505,85.904564,85.00000000000001
4506,85.60051,85.00000000000001
4507,85.22347,84.0
4508,83.764755,84.0
4509,83.36989,84.0
4510,83.46898,86.0
4511,85.7119,86.0
4512,86.44484,87.0
4513,87.47135,87.0
4514,87.48457,88.0
4515,88.22216,88.0
4516,88.174866,90.0
4517,89.99282,88.0
4518,88.26899,84.0
4519,83.68509,81.0
4520,79.66349,79.0
4521,77.05347,78.0
4522,76.2115,78.0
4523,76.73315,78.0
4524,77.58383,77.0
4525,77.14891,76.0
4526,75.80019,74.99999999999999
4527,73.460464,74.99999999999999
4528,73.3348,74.99999999999999
4529,74.61587,74.99999999999999
4530,75.45134,74.99999999999999
4531,75.32547,74.99999999999999
4532,75.11848,74.0
4533,73.87516,73.0
4534,72.5083,71.0
4535,70.35744,72.0
4536,70.921326,72.0
4537,71.281654,72.0
4538,71.65941,72.0
4539,71.77096,72.0
4540,71.75292,71.0
4541,70.76866,71.0
4542,70.626976,71.0
4543,70.55371,71.0
4544,70.46454,72.0
4545,71.545074,72.0
4546,71.83956,72.0
4547,71.859184,73.0
4548,72.77557,74.99999999999999
4549,74.77985,76.0
4550,76.21823,77.0
4551,77.447624,78.0
4552,78.353294,77.0
4553,77.0621,77.0
4554,76.46452,77.0
4555,76.27146,76.0
4556,75.348076,74.99999999999999
4557,74.33428,74.99999999999999
4558,74.3468,74.99999999999999
4559,74.74185,74.99999999999999
4560,74.8347,74.99999999999999
4561,75.02462,74.99999999999999
4562,74.97298,74.99999999999999
4563,74.674324,74.99999999999999
4564,74.582985,74.0
4565,73.66944,73.0
4566,72.49816,73.0
4567,72.22879,74.0
4568,73.25018,74.0
4569,73.60954,73.0
4570,72.81084,73.0
4571,72.530716,72.0
4572,71.58379,69.0
4573,68.35671,68.0
4574,66.728065,67.0
4575,65.37995,66.0
4576,64.405914,66.0
4577,64.65131,65.0
4578,64.18973,65.0
4579,64.33459,65.0
4580,64.612885,65.0
4581,64.661285,65.0
4582,64.741974,63.0
4583,62.89739,62.0
4584,61.49087,61.0
4585,60.229973,61.0
4586,60.07866,61.0
4587,60.233295,61.0
4588,60.556786,63.0
4589,62.529793,64.0
4590,64.006546,64.0
4591,64.324486,63.0
4592,63.23629,63.0
4593,62.76376,63.0
4594,62.614502,64.0
4595,63.455,64.0
4596,63.810226,65.0
4597,64.795555,66.0
4598,66.10487,67.0
4599,67.235245,68.0
4600,68.502304,68.0
4601,68.59388,68.0
4602,68.13727,68.0
4603,67.69107,68.0
4604,67.574844,69.0
4605,68.51696,69.0
4606,68.85287,71.0
4607,70.89248,71.0
4608,71.29053,72.0
4609,72.144135,72.0
4610,72.208824,72.0
4611,71.888824,72.0
4612,71.732,71.0
4613,70.67359,70.0
4614,69.37354,72.0
4615,71.092834,72.0
4616,71.68259,73.0
4617,72.891785,74.0
4618,74.109146,74.99999999999999
4619,75.256874,74.99999999999999
4620,75.26158,76.0
4621,75.991844,74.99999999999999
4622,74.86963,74.99999999999999
4623,74.305984,74.0
4624,73.1522,73.0
4625,71.9773,73.0
4626,71.97894,73.0
4627,72.38471,72.0
4628,71.599625,72.0
4629,71.57934,72.0
4630,71.57775,70.0
4631,69.65487,69.0
4632,68.23138,68.0
4633,67.08909,67.0
4634,65.96466,67.0
4635,65.9543,67.0
4636,66.19485,66.0
4637,65.57404,66.0
4638,65.43541,65.0
4639,64.560234,65.0
4640,64.274445,64.0
4641,63.442696,63.0
4642,62.36168,61.0
4643,60.270657,61.0
4644,59.9495,60.0
4645,59.139023,59.0
4646,58.323605,58.0
4647,57.145023,58.0
4648,57.05716,59.0
4649,58.351166,59.0
4650,59.03994,59.0
4651,59.254898,60.0
4652,60.21155,60.0
4653,60.416737,61.0
4654,61.162155,62.0
4655,62.222553,63.0
4656,63.123512,65.0
4657,65.08745,67.0
4658,67.285576,68.0
4659,68.49091,69.0
4660,69.51255,69.0
4661,69.423546,70.0
4662,69.98589,72.0
4663,71.83144,73.0
4664,73.12835,74.0
4665,74.24542,74.99999999999999
4666,75.388824,76.0
4667,76.234726,76.0
4668,76.16118,76.0
4669,75.93157,76.0
4670,75.65782,77.0
4671,76.565544,78.0
4672,77.842735,79.0
4673,79.36019,79.99999999999999
4674,80.654015,79.99999999999999
4675,80.29368,81.0
4676,80.9675,82.0
4677,82.22303,83.0
4678,83.06815,83.0
4679,83.14371,84.0
4680,83.998276,84.0
4681,83.88268,84.0
4682,83.79682,85.00000000000001
4683,84.58072,85.00000000000001
4684,84.704056,86.0
4685,85.73537,86.0
4686,85.98987,86.0
4687,85.99661,86.0
4688,85.8497,87.0
4689,86.93478,86.0
4690,86.10738,87.0
4691,86.64193,88.0
4692,87.87461,89.0
4693,89.22096,90.0
4694,90.48151,92.0
4695,92.68601,93.0
4696,93.94623,94.0
4697,94.81308,94.0
4698,94.469025,94.0
4699,94.15727,95.0
4700,95.04344,95.0
4701,95.228195,95.0
4702,95.30789,96.0
4703,96.24252,96.0
4704,96.179756,96.0
4705,96.016266,96.0
4706,95.676575,95.0
4707,94.523384,96.0
4708,95.45451,95.0
4709,94.7043,95.0
4710,94.651245,95.0
4711,94.60683,94.0
4712,93.70417,93.0
4713,92.53366,92.0
4714,91.25703,91.0
4715,90.06463,91.0
4716,90.10122,90.0
4717,89.41253,90.0
4718,89.23721,89.0
4719,88.25759,89.0
4720,88.171524,88.0
4721,87.21345,88.0
4722,87.0483,87.0
4723,86.24768,87.0
4724,86.35928,87.0
4725,86.71338,87.0
4726,87.219284,87.0
4727,86.83244,87.0
4728,87.11305,89.0
4729,89.20719,91.0
4730,91.34938,92.0
4731,93.04232,92.0
4732,93.03244,93.0
4733,93.49912,93.0
4734,93.197105,94.0
4735,93.962814,95.0
4736,94.95049,95.0
4737,95.14526,95.0
4738,95.14204,96.0
4739,96.160805,96.0
4740,96.26658,96.0
4741,96.302704,96.0
4742,95.67876,97.0
4743,96.69974,99.0
4744,99.72682,100.0
4745,101.406,106.0
4746,108.3548,117.00000000000001
4747,122.80997,127.0
4748,137.21745,133.0
4749,143.16756,139.0
4750,146.61656,147.0
4751,153.44577,149.99999999999997
4752,155.86464,147.0
4753,150.96786,142.0
4754,142.40807,142.0
4755,141.59439,143.0
4756,144.62416,151.0
4757,157.14027,151.0
4758,158.92113,151.0
4759,157.31839,151.0
4760,155.43578,151.0
4761,153.4629,152.0
4762,154.36938,152.0
4763,153.7388,151.0
4764,151.6489,149.99999999999997
4765,148.72093,137.0
4766,126.21495,114.0
4767,87.652664,103.0
4768,76.04711,99.0
4769,87.85103,98.0
4770,101.90276,96.0
4771,102.807396,95.0
4772,98.081665,94.0
4773,94.15369,93.0
4774,92.06224,91.0
4775,89.79178,89.0
4776,88.23486,87.0
4777,85.93747,85.00000000000001
4778,83.801414,83.0
4779,81.67494,83.0
4780,81.78696,82.0
4781,81.35743,56.00000000000001
4782,57.52239,56.00000000000001
4783,53.00416,56.00000000000001
4784,52.281853,56.00000000000001
4785,53.272255,56.00000000000001
4786,54.881027,55.0
4787,55.260868,54.0
4788,54.618668,55.0
4789,55.332565,54.0
4790,54.610085,55.0
4791,54.730827,55.0
4792,54.83012,55.0
4793,56.06768,56.00000000000001
4794,56.874664,56.00000000000001
4795,56.640408,55.0
4796,55.404373,55.0
4797,54.905075,55.0
4798,54.77499,55.0
4799,54.8239,54.0
4800,53.96498,55.0
4801,54.54361,54.0
4802,54.013054,55.0
4803,54.710995,55.0
4804,54.95202,54.0
4805,54.086597,54.0
4806,53.53795,54.0
4807,53.50007,53.0
4808,52.597805,54.0
4809,53.34913,53.0
4810,52.871685,53.0
4811,52.8271,53.0
4812,52.82499,53.0
4813,52.874783,53.0
4814,52.92814,54.0
4815,53.940228,54.0
4816,54.276485,55.0
4817,55.143593,55.0
4818,55.325592,55.0
4819,55.185722,56.00000000000001
4820,55.913532,56.00000000000001
4821,56.00879,55.0
4822,54.925537,55.0
4823,54.475185,55.0
4824,54.4815,56.00000000000001
4825,55.474216,56.00000000000001
4826,55.877007,57.0
4827,56.903233,57.0
4828,57.125446,58.0
4829,57.94091,65.0
4830,64.232056,64.0
4831,65.29252,62.0
4832,63.37002,60.0
4833,60.381077,59.0
4834,58.260014,58.0
4835,56.823086,57.0
4836,55.905098,56.00000000000001
4837,55.022804,55.0
4838,54.274654,55.0
4839,54.353363,56.00000000000001
4840,55.584133,56.00000000000001
4841,56.346405,57.0
4842,57.365486,57.0
4843,57.53021,57.0
4844,57.354416,57.0
4845,57.132065,57.0
4846,57.020744,57.0
4847,56.942142,58.0
4848,57.837994,58.0
4849,58.007885,58.0
4850,57.98947,58.0
4851,57.83077,58.0
4852,57.898064,58.0
4853,57.84292,57.0
4854,56.912064,57.0
4855,56.620213,58.0
4856,57.46137,59.0
4857,58.64877,59.0
4858,59.150208,59.0
4859,59.248917,60.0
4860,60.003105,60.0
4861,60.083096,60.0
4862,59.569794,60.0
4863,59.461723,60.0
4864,59.611317,61.0
4865,60.954044,61.0
4866,61.39309,61.0
4867,61.332077,62.0
4868,62.252968,63.0
4869,63.169147,63.0
4870,63.189743,64.0
4871,63.914326,64.0
4872,63.976875,65.0
4873,64.781136,65.0
4874,64.94033,66.0
4875,65.809586,67.0
4876,66.84032,68.0
4877,68.03464,37.0
4878,45.76562,39.99999999999999
4879,41.555717,42.0
4880,40.685204,44.0
4881,41.954346,47.0
4882,45.230625,49.0
4883,48.98894,51.0
4884,53.219234,52.0
4885,55.31136,52.0
4886,51.25839,52.0
4887,48.11617,53.0
4888,52.091724,53.0
4889,54.619743,53.0
4890,54.39554,54.0
4891,54.411797,55.0
4892,55.343536,55.0
4893,55.719322,56.00000000000001
4894,56.427998,56.00000000000001
4895,56.284084,57.0
4896,56.96894,58.0
4897,57.987484,58.0
4898,58.03157,58.0
4899,58.114017,59.0
4900,58.701332,59.0
4901,58.708866,69.0
4902,67.19178,69.0
4903,70.28658,68.0
4904,69.95643,68.0
4905,68.69414,67.0
4906,66.75218,66.0
4907,64.78484,66.0
4908,64.37141,65.0
4909,63.554665,64.0
4910,62.821598,64.0
4911,63.16278,64.0
4912,63.534313,64.0
4913,63.633087,63.0
4914,62.484756,62.0
4915,61.162548,62.0
4916,60.871365,61.0
4917,60.066532,60.0
4918,59.097385,60.0
4919,59.172527,60.0
4920,59.422363,57.0
4921,56.711334,56.00000000000001
4922,54.991577,55.0
4923,53.689472,55.0
4924,53.60936,55.0
4925,54.032246,60.0
4926,58.8039,59.0
4927,59.753605,58.0
4928,58.984715,58.0
4929,58.23096,57.0
4930,56.85158,56.00000000000001
4931,55.279453,55.0
4932,53.976753,55.0
4933,53.8093,55.0
4934,54.17203,55.0
4935,54.94862,54.0
4936,54.27991,54.0
4937,53.672554,54.0
4938,53.490444,54.0
4939,53.803383,53.0
4940,52.742523,53.0
4941,52.3765,52.0
4942,51.27022,52.0
4943,50.948387,51.0
4944,50.253296,49.0
4945,48.414845,47.0
4946,46.046112,46.0
4947,44.77461,44.0
4948,42.92835,44.0
4949,42.571667,68.0
4950,64.16394,70.0
4951,75.46057,71.0
4952,78.55558,72.0
4953,76.2571,73.0
4954,72.786064,74.0
4955,71.62133,74.0
4956,71.51035,73.0
4957,70.955795,73.0
4958,71.63433,71.0
4959,70.26988,70.0
4960,69.03809,69.0
4961,67.79552,69.0
4962,67.88234,69.0
4963,68.44285,69.0
4964,68.86658,68.0
4965,67.96891,68.0
4966,67.65487,69.0
4967,68.523926,69.0
4968,68.75375,69.0
4969,68.644554,70.0
4970,69.35508,70.0
4971,69.54773,70.0
4972,69.584564,70.0
4973,69.61133,79.99999999999999
4974,78.476395,77.0
4975,78.62849,74.99999999999999
4976,76.27686,73.0
4977,72.982574,72.0
4978,70.32116,70.0
4979,67.48437,70.0
4980,67.332405,68.0
4981,66.25121,68.0
4982,66.56659,67.0
4983,66.14278,67.0
4984,66.23875,66.0
4985,65.368454,65.0
4986,63.859756,65.0
4987,63.88225,65.0
4988,64.498856,65.0
4989,64.84931,65.0
4990,64.788536,65.0
4991,64.91221,65.0
4992,64.71951,65.0
4993,64.72007,65.0
4994,64.596115,66.0
4995,65.59427,66.0
4996,65.8792,66.0
4997,65.89167,111.0
4998,107.57302,99.0
4999,110.086754,98.0
5000,106.09713,96.0
5001,97.98124,94.0
5002,91.082886,92.0
5003,87.06167,90.0
5004,85.15381,89.0
5005,85.30822,87.0
5006,84.86972,86.0
5007,84.71211,85.00000000000001
5008,84.01772,84.0
5009,82.94998,83.0
5010,82.16774,82.0
5011,81.16186,79.99999999999999
5012,79.22341,79.0
5013,77.9311,78.0
5014,77.02636,77.0
5015,76.17766,77.0
5016,76.24997,78.0
5017,77.32638,78.0
5018,78.092636,77.0
5019,77.296875,76.0
5020,75.872185,76.0
5021,75.38657,58.0
5022,60.40264,58.0
5023,56.616245,58.0
5024,55.53595,58.0
5025,55.814796,58.0
5026,56.764812,58.0
5027,57.7394,58.0
5028,58.387012,58.0
5029,58.7058,58.0
5030,58.62385,58.0
5031,58.248795,58.0
5032,57.86598,59.0
5033,58.843433,59.0
5034,59.271503,59.0
5035,59.312923,58.0
5036,58.16963,58.0
5037,57.77949,58.0
5038,57.66403,59.0
5039,58.572643,59.0
5040,58.900764,60.0
5041,59.82567,60.0
5042,59.972805,60.0
5043,59.89999,60.0
5044,59.729828,58.0
5045,57.94957,52.0
5046,52.269028,53.0
5047,51.223827,54.0
5048,52.209805,55.0
5049,54.0563,56.00000000000001
5050,55.921555,57.0
5051,57.502872,58.0
5052,58.688213,59.0
5053,59.624462,60.0
5054,60.403744,60.0
5055,60.13107,60.0
5056,59.7469,60.0
5057,59.614105,60.0
5058,59.62046,59.0
5059,58.756836,59.0
5060,58.552013,58.0
5061,57.71019,58.0
5062,57.480263,57.0
5063,56.879528,57.0
5064,56.509605,57.0
5065,56.49411,57.0
5066,56.56107,57.0
5067,56.629227,57.0
5068,56.70682,57.0
5069,56.68242,73.0
5070,71.40303,73.0
5071,76.34921,74.99999999999999
5072,78.481705,77.0
5073,79.18226,79.0
5074,79.91494,81.0
5075,81.07031,82.0
5076,81.729836,84.0
5077,83.610245,85.00000000000001
5078,85.08523,86.0
5079,86.59524,87.0
5080,87.47229,87.0
5081,87.12201,87.0
5082,86.75032,87.0
5083,86.68785,87.0
5084,86.69648,88.0
5085,88.03073,89.0
5086,89.28526,89.0
5087,89.36499,90.0
5088,90.15335,90.0
5089,90.0081,89.0
5090,88.83168,89.0
5091,88.569565,90.0
5092,89.66456,90.0
5093,90.23255,92.0
5094,92.52729,95.0
5095,95.883766,93.0
5096,94.22418,92.0
5097,92.232635,91.0
5098,90.24003,91.0
5099,89.76971,91.0
5100,89.99596,91.0
5101,90.60547,91.0
5102,91.15192,92.0
5103,92.46044,93.0
5104,93.94216,94.0
5105,95.05237,94.0
5106,94.493546,93.0
5107,92.75517,93.0
5108,92.191986,91.0
5109,90.101105,91.0
5110,90.20174,90.0
5111,89.38774,89.0
5112,88.49008,89.0
5113,88.4695,89.0
5114,88.75767,88.0
5115,87.93446,87.0
5116,86.71455,87.0
5117,86.516495,84.0
5118,83.49129,82.0
5119,80.82783,82.0
5120,80.549774,81.0
5121,79.855865,79.99999999999999
5122,79.10045,79.0
5123,78.18067,78.0
5124,77.31239,77.0
5125,76.198746,76.0
5126,75.17043,74.99999999999999
5127,74.17865,73.0
5128,72.03198,72.0
5129,70.81058,72.0
5130,71.02963,71.0
5131,70.46026,71.0
5132,70.574165,72.0
5133,71.867226,72.0
5134,72.24805,71.0
5135,71.05383,71.0
5136,70.56859,71.0
5137,70.30259,70.0
5138,69.489525,70.0
5139,69.35781,69.0
5140,68.5703,69.0
5141,68.42344,68.0
5142,67.58719,67.0
5143,66.51081,66.0
5144,65.35255,66.0
5145,65.16636,65.0
5146,64.36434,64.0
5147,63.417233,64.0
5148,63.196964,63.0
5149,62.415703,62.0
5150,61.386482,61.0
5151,59.803646,60.0
5152,58.523293,59.0
5153,57.66989,58.0
5154,56.86722,58.0
5155,57.108185,58.0
5156,57.651466,57.0
5157,56.92051,55.0
5158,54.711605,56.00000000000001
5159,54.965282,55.0
5160,54.362778,56.00000000000001
5161,55.341675,57.0
5162,56.74522,57.0
5163,57.17403,58.0
5164,58.085125,59.0
5165,59.100437,60.0
5166,60.204426,62.0
5167,62.115513,64.0
5168,64.29005,65.0
5169,65.65396,67.0
5170,67.51566,69.0
5171,69.59538,71.0
5172,71.690315,71.0
5173,71.97459,71.0
5174,71.42865,72.0
5175,71.809616,73.0
5176,72.79613,74.0
5177,74.35626,74.99999999999999
5178,75.86357,76.0
5179,77.03726,77.0
5180,78.01361,78.0
5181,78.8299,79.99999999999999
5182,80.60447,81.0
5183,81.62785,82.0
5184,82.47541,83.0
5185,83.2563,84.0
5186,84.26267,85.00000000000001
5187,85.212906,85.00000000000001
5188,85.21528,86.0
5189,85.96728,86.0
5190,86.104195,87.0
5191,87.11805,88.0
5192,88.33964,88.0
5193,88.413635,89.0
5194,89.20143,89.0
5195,89.07669,90.0
5196,89.83562,92.0
5197,92.0672,94.0
5198,94.96454,95.0
5199,96.559006,97.0
5200,98.54413,99.0
5201,100.838646,106.99999999999999
5202,110.62657,120.0
5203,127.96976,126.0
5204,136.89336,139.0
5205,150.5857,139.0
5206,148.29422,138.0
5207,141.88074,131.0
5208,130.21553,126.0
5209,122.45391,121.0
5210,116.683655,114.0
5211,109.182144,108.0
5212,103.08696,104.0
5213,99.380066,99.0
5214,95.04594,98.0
5215,94.997185,95.0
5216,93.24265,94.0
5217,92.84801,93.0
5218,92.35581,92.0
5219,91.698975,92.0
5220,91.84992,92.0
5221,92.02172,91.0
5222,90.924286,91.0
5223,90.17501,89.0
5224,87.321785,88.0
5225,85.85951,87.0
5226,85.06568,86.0
5227,84.60534,85.00000000000001
5228,84.26938,84.0
5229,83.52494,84.0
5230,83.60656,85.00000000000001
5231,84.998405,86.0
5232,86.235985,87.0
5233,87.46916,88.0
5234,88.59969,89.0
5235,89.69035,89.0
5236,89.594955,91.0
5237,91.48889,93.0
5238,93.75929,95.0
5239,96.022804,95.0
5240,95.99698,95.0
5241,95.45241,94.0
5242,93.85824,94.0
5243,93.452705,93.0
5244,92.31608,92.0
5245,91.30196,91.0
5246,90.086464,90.0
5247,88.4081,90.0
5248,88.90943,90.0
5249,89.37526,88.0
5250,87.15443,87.0
5251,85.663155,86.0
5252,84.58242,84.0
5253,82.62519,82.0
5254,80.62084,81.0
5255,79.55331,79.0
5256,77.6425,78.0
5257,76.7918,76.0
5258,74.743774,74.99999999999999
5259,73.544525,73.0
5260,71.88877,70.0
5261,68.938705,68.0
5262,66.65608,65.0
5263,63.757504,65.0
5264,63.437607,65.0
5265,63.857056,65.0
5266,64.49821,65.0
5267,64.75403,66.0
5268,65.78541,65.0
5269,65.16306,65.0
5270,64.898964,66.0
5271,65.66466,65.0
5272,64.92203,65.0
5273,64.748474,65.0
5274,64.70674,64.0
5275,63.870544,64.0
5276,63.740097,64.0
5277,63.731384,63.0
5278,62.89526,63.0
5279,62.625114,62.0
5280,61.74401,62.0
5281,61.533783,62.0
5282,61.57786,63.0
5283,62.53687,63.0
5284,62.83078,64.0
5285,63.80656,65.0
5286,64.88013,65.0
5287,65.14001,65.0
5288,65.047554,66.0
5289,65.71632,65.0
5290,64.90344,65.0
5291,64.53429,64.0
5292,63.55708,64.0
5293,63.34792,64.0
5294,63.453365,62.0
5295,61.664894,61.0
5296,60.258827,61.0
5297,59.917297,61.0
5298,60.162457,61.0
5299,60.558796,60.0
5300,59.91565,61.0
5301,60.568634,61.0
5302,60.832592,61.0
5303,60.96949,61.0
5304,60.744038,61.0
5305,60.62441,60.0
5306,59.66821,60.0
5307,59.382954,60.0
5308,59.27947,59.0
5309,58.533287,58.0
5310,57.54002,57.0
5311,56.44097,57.0
5312,56.18898,56.00000000000001
5313,55.30012,55.0
5314,54.37293,55.0
5315,54.26014,55.0
5316,54.41309,54.0
5317,53.774364,54.0
5318,53.652306,55.0
5319,54.7591,56.00000000000001
5320,56.43882,56.00000000000001
5321,56.85898,57.0
5322,57.54022,57.0
5323,57.391216,58.0
5324,58.096794,58.0
5325,58.12677,59.0
5326,58.881783,59.0
5327,59.05106,59.0
5328,58.933662,59.0
5329,58.82268,59.0
5330,58.748383,59.0
5331,58.729893,59.0
5332,58.664352,59.0
5333,58.763466,59.0
5334,58.719395,59.0
5335,58.696358,58.0
5336,57.8452,58.0
5337,57.577602,58.0
5338,57.56306,58.0
5339,57.605846,58.0
5340,57.65585,57.0
5341,56.853348,57.0
5342,56.461155,57.0
5343,56.350574,57.0
5344,56.530884,57.0
5345,56.80126,56.00000000000001
5346,55.984756,57.0
5347,56.657845,56.00000000000001
5348,55.945946,56.00000000000001
5349,55.542175,56.00000000000001
5350,55.55451,55.0
5351,54.660954,54.0
5352,53.58798,54.0
5353,53.383583,54.0
5354,53.44992,54.0
5355,53.698177,54.0
5356,53.8152,55.0
5357,54.86258,55.0
5358,55.119286,55.0
5359,55.02662,55.0
5360,54.854675,55.0
5361,54.704193,55.0
5362,54.61246,55.0
5363,54.632412,56.00000000000001
5364,55.55603,56.00000000000001
5365,55.99079,56.00000000000001
5366,56.173798,56.00000000000001
5367,55.994843,56.00000000000001
5368,55.77022,56.00000000000001
5369,55.725754,55.0
5370,54.75167,54.0
5371,53.40902,54.0
5372,53.119617,54.0
5373,53.24888,54.0
5374,53.53137,54.0
5375,53.78691,54.0
5376,53.892513,54.0
5377,53.949333,54.0
5378,53.827896,54.0
5379,53.766514,54.0
5380,53.73839,55.0
5381,54.56063,55.0
5382,54.792557,56.00000000000001
5383,55.727123,56.00000000000001
5384,56.012115,57.0
5385,56.828934,57.0
5386,56.978886,57.0
5387,56.92305,57.0
5388,56.866444,57.0
5389,56.828594,57.0
5390,56.800888,57.0
5391,56.836876,57.0
5392,56.83053,56.00000000000001
5393,55.91253,56.00000000000001
5394,55.660156,57.0
5395,56.746964,58.0
5396,58.051556,58.0
5397,58.35647,58.0
5398,58.195946,58.0
5399,57.977062,58.0
5400,57.805424,58.0
5401,57.70746,58.0
5402,57.72388,59.0
5403,58.603546,59.0
5404,58.90768,59.0
5405,58.977283,59.0
5406,58.92475,60.0
5407,59.69172,60.0
5408,59.93452,60.0
5409,59.95402,60.0
5410,59.846912,61.0
5411,60.690937,61.0
5412,60.97087,61.0
5413,61.08811,62.0
5414,62.056675,63.0
5415,63.253742,64.0
5416,64.377785,64.0
5417,64.44427,64.0
5418,64.19388,65.0
5419,64.93684,65.0
5420,65.17112,66.0
5421,66.011765,67.0
5422,67.07772,68.0
5423,68.104675,69.0
5424,69.08994,69.0
5425,69.20297,70.0
5426,69.881294,71.0
5427,70.82007,71.0
5428,71.033875,73.0
5429,72.80566,73.0
5430,73.25454,74.0
5431,74.12931,74.0
5432,74.1491,74.0
5433,73.93663,74.99999999999999
5434,74.680374,76.0
5435,75.74953,76.0
5436,75.96672,76.0
5437,75.985565,76.0
5438,75.78225,77.0
5439,76.68413,77.0
5440,76.97362,78.0
5441,78.05911,79.0
5442,79.428505,79.0
5443,79.58992,79.0
5444,79.13899,79.0
5445,78.752625,78.0
5446,77.61261,78.0
5447,77.34885,77.0
5448,76.51838,77.0
5449,76.50754,77.0
5450,76.50928,76.0
5451,75.864204,74.99999999999999
5452,74.58514,74.0
5453,73.3166,73.0
5454,72.0367,72.0
5455,71.01156,71.0
5456,70.01576,70.0
5457,68.99943,69.0
5458,68.00205,68.0
5459,67.03477,67.0
5460,66.07679,66.0
5461,65.07415,65.0
5462,63.851353,64.0
5463,62.6439,63.0
5464,61.52023,62.0
5465,60.6586,62.0
5466,61.061413,61.0
5467,60.44499,61.0
5468,60.589012,61.0
5469,60.77954,61.0
5470,60.96709,61.0
5471,60.747116,60.0
5472,59.746346,59.0
5473,58.55466,59.0
5474,58.292126,58.0
5475,57.462814,58.0
5476,57.419945,58.0
5477,57.49169,58.0
5478,57.63207,57.0
5479,56.951992,57.0
5480,56.68329,57.0
5481,56.608448,57.0
5482,56.56077,58.0
5483,57.42235,57.0
5484,56.899033,57.0
5485,56.761234,57.0
5486,56.676456,57.0
5487,56.52948,56.00000000000001
5488,55.449192,57.0
5489,56.31615,57.0
5490,56.753445,56.00000000000001
5491,56.037136,55.0
5492,54.88868,55.0
5493,54.392334,54.0
5494,53.347206,55.0
5495,54.29835,55.0
5496,54.676765,55.0
5497,54.931107,55.0
5498,55.034027,56.00000000000001
5499,55.920353,56.00000000000001
5500,56.130936,57.0
5501,57.020935,57.0
5502,57.177,57.0
5503,57.099243,58.0
5504,57.79545,59.0
5505,58.92964,60.0
5506,59.88486,60.0
5507,60.152733,61.0
5508,61.002037,62.0
5509,62.03795,63.0
5510,63.179653,63.0
5511,63.261967,64.0
5512,63.967148,64.0
5513,64.118385,64.0
5514,64.06941,65.0
5515,65.028145,66.0
5516,66.109116,67.0
5517,67.36704,68.0
5518,68.32468,69.0
5519,69.35935,70.0
5520,70.36228,72.0
5521,72.296364,71.0
5522,71.463936,70.0
5523,69.83332,70.0
5524,69.16151,69.0
5525,68.32291,54.0
5526,56.124565,54.0
5527,53.307365,54.0
5528,52.27946,54.0
5529,52.460068,54.0
5530,53.16308,55.0
5531,54.636612,55.0
5532,55.403446,55.0
5533,55.66596,56.00000000000001
5534,56.554043,55.0
5535,55.079147,55.0
5536,54.52226,56.00000000000001
5537,55.607426,56.00000000000001
5538,56.194263,56.00000000000001
5539,56.288845,56.00000000000001
5540,56.10973,57.0
5541,57.032673,57.0
5542,57.304787,57.0
5543,57.28869,57.0
5544,57.15881,58.0
5545,57.807613,58.0
5546,57.995327,58.0
5547,57.793797,58.0
5548,57.704395,58.0
5549,57.748425,59.0
5550,58.539635,60.0
5551,59.703392,60.0
5552,59.993885,61.0
5553,60.887222,62.0
5554,61.85528,62.0
5555,62.05188,62.0
5556,61.939507,61.0
5557,60.863422,61.0
5558,60.469357,61.0
5559,60.279667,61.0
5560,60.383728,60.0
5561,59.60125,60.0
5562,59.463436,61.0
5563,60.55793,61.0
5564,61.028687,60.0
5565,60.111046,60.0
5566,59.48684,61.0
5567,60.341568,60.0
5568,59.71296,59.0
5569,58.69602,58.0
5570,57.477985,58.0
5571,57.17502,57.0
5572,56.59799,57.0
5573,56.398983,58.0
5574,57.407043,57.0
5575,57.001293,58.0
5576,57.69862,57.0
5577,56.973793,57.0
5578,56.679558,58.0
5579,57.493404,57.0
5580,56.920258,57.0
5581,56.699657,57.0
5582,56.677486,57.0
5583,56.723625,57.0
5584,56.777702,57.0
5585,56.724277,56.00000000000001
5586,55.711853,56.00000000000001
5587,55.49405,56.00000000000001
5588,55.609432,57.0
5589,56.794052,57.0
5590,57.219578,57.0
5591,57.274826,57.0
5592,57.13551,56.00000000000001
5593,55.928116,56.00000000000001
5594,55.3856,56.00000000000001
5595,55.453163,56.00000000000001
5596,55.683872,56.00000000000001
5597,55.80136,69.0
5598,67.09999,71.0
5599,72.54489,72.0
5600,74.756195,73.0
5601,75.00808,74.0
5602,74.60355,74.99999999999999
5603,74.640564,76.0
5604,75.12117,77.0
5605,76.152306,78.0
5606,77.75489,79.0
5607,79.721054,79.99999999999999
5608,80.91497,79.99999999999999
5609,80.521164,81.0
5610,81.078636,81.0
5611,81.17309,81.0
5612,80.87393,81.0
5613,80.54701,81.0
5614,80.25282,79.99999999999999
5615,79.36791,79.99999999999999
5616,79.17334,79.99999999999999
5617,79.23011,79.0
5618,78.45598,79.0
5619,78.321045,78.0
5620,77.416534,77.0
5621,76.35109,59.0
5622,60.7115,59.0
5623,56.80478,59.0
5624,55.95638,60.0
5625,57.565273,61.0
5626,59.91293,64.0
5627,63.75235,66.0
5628,67.193245,67.0
5629,69.32155,69.0
5630,69.842415,70.0
5631,69.57353,72.0
5632,72.529305,72.0
5633,73.331795,73.0
5634,73.70747,73.0
5635,73.42656,73.0
5636,73.311874,74.0
5637,73.96649,74.99999999999999
5638,74.821236,76.0
5639,76.320404,76.0
5640,76.32535,76.0
5641,75.96646,76.0
5642,76.05481,76.0
5643,75.89412,74.99999999999999
5644,74.81304,74.99999999999999
5645,74.533585,55.0
5646,57.540817,56.00000000000001
5647,53.991684,55.0
5648,52.14629,55.0
5649,52.438694,54.0
5650,52.82901,54.0
5651,53.87919,54.0
5652,54.81927,54.0
5653,54.4989,54.0
5654,52.48174,54.0
5655,52.57879,54.0
5656,54.953503,54.0
5657,55.484325,55.0
5658,55.543266,55.0
5659,55.40712,56.00000000000001
5660,56.15777,56.00000000000001
5661,56.18806,56.00000000000001
5662,55.97901,56.00000000000001
5663,55.53754,55.0
5664,54.39761,55.0
5665,54.224613,55.0
5666,54.44996,55.0
5667,54.6665,56.00000000000001
5668,55.665546,56.00000000000001
5669,55.97485,44.0
5670,46.2005,42.0
5671,41.45735,38.0
5672,37.22771,34.0
5673,33.55231,31.0
5674,30.543724,30.0
5675,29.058344,30.0
5676,28.695732,30.0
5677,28.945312,31.0
5678,31.39089,32.0
5679,34.51943,32.0
5680,33.630672,31.0
5681,30.696627,32.0
5682,30.545414,33.0
5683,31.832554,33.0
5684,32.77407,34.0
5685,34.30781,36.0
5686,36.916233,37.0
5687,38.76923,39.99999999999999
5688,41.582706,39.99999999999999
5689,41.863888,42.0
5690,42.991184,43.0
5691,43.579254,44.0
5692,44.18167,42.0
5693,42.352478,70.0
5694,67.712234,69.0
5695,75.93376,69.0
5696,75.79968,69.0
5697,72.17206,69.0
5698,68.63375,69.0
5699,66.91966,70.0
5700,67.587555,72.0
5701,70.07968,73.0
5702,72.127266,74.99999999999999
5703,74.97739,76.0
5704,76.848785,76.0
5705,76.65586,77.0
5706,76.925835,78.0
5707,77.87821,78.0
5708,78.18329,78.0
5709,78.02032,78.0
5710,77.788376,78.0
5711,77.64824,78.0
5712,77.73068,78.0
5713,77.79209,78.0
5714,77.57817,79.0
5715,78.59665,79.0
5716,78.86932,79.0
5717,78.89477,66.0
5718,66.9599,67.0
5719,64.679214,69.0
5720,66.32539,70.0
5721,68.55357,69.0
5722,68.892265,70.0
5723,70.14668,70.0
5724,70.32045,70.0
5725,70.30213,71.0
5726,70.859955,71.0
5727,70.7049,70.0
5728,69.505104,70.0
5729,69.01094,71.0
5730,70.05956,71.0
5731,70.6263,71.0
5732,70.780914,71.0
5733,70.79135,71.0
5734,70.69654,71.0
5735,70.62918,71.0
5736,70.431946,71.0
5737,70.8369,72.0
5738,71.50414,73.0
5739,72.6705,73.0
5740,72.93897,74.0
5741,73.94236,74.99999999999999
5742,74.892624,74.0
5743,74.1925,74.99999999999999
5744,74.84201,76.0
5745,75.856445,77.0
5746,77.073425,78.0
5747,78.114624,79.0
5748,79.32058,79.0
5749,79.29654,78.0
5750,77.70707,77.0
5751,75.86803,76.0
5752,74.348724,74.99999999999999
5753,73.52555,74.0
5754,73.1049,74.0
5755,73.54736,74.0
5756,74.07457,74.0
5757,74.34026,74.99999999999999
5758,75.275566,74.0
5759,74.27976,74.0
5760,73.80426,73.0
5761,72.53579,72.0
5762,71.3648,73.0
5763,72.11433,73.0
5764,72.60578,76.0
5765,75.70034,56.00000000000001
5766,59.44374,54.0
5767,54.02854,54.0
5768,52.20175,54.0
5769,51.767788,53.0
5770,51.4451,53.0
5771,52.077774,53.0
5772,52.790165,53.0
5773,53.396297,52.0
5774,52.731216,51.0
5775,50.101128,50.0
5776,48.00758,48.0
5777,46.655807,48.0
5778,46.94639,48.0
5779,47.630405,47.0
5780,47.056805,47.0
5781,46.966873,45.0
5782,45.25813,45.0
5783,44.721054,43.0
5784,42.959892,41.0
5785,40.900524,39.99999999999999
5786,39.46318,39.0
5787,38.355324,39.0
5788,38.094387,41.0
5789,40.368946,57.0
5790,56.86297,57.0
5791,62.71373,57.0
5792,62.34303,58.0
5793,60.343056,60.0
5794,59.847298,60.0
5795,58.772472,60.0
5796,58.332214,60.0
5797,58.56172,59.0
5798,58.12041,59.0
5799,58.33771,59.0
5800,58.67211,59.0
5801,59.006313,59.0
5802,59.10223,59.0
5803,59.0228,58.0
5804,57.95662,59.0
5805,58.533592,58.0
5806,57.814667,58.0
5807,57.717373,58.0
5808,57.489704,58.0
5809,57.54379,58.0
5810,57.634483,58.0
5811,57.65936,57.0
5812,56.751476,57.0
5813,56.445316,49.0
5814,49.50809,52.0
5815,49.82299,52.0
5816,50.535038,53.0
5817,52.217857,55.0
5818,54.963863,56.00000000000001
5819,56.980103,57.0
5820,58.199898,57.0
5821,57.831234,59.0
5822,58.9902,61.0
5823,61.295597,62.0
5824,63.10629,62.0
5825,63.0534,63.0
5826,63.40076,63.0
5827,63.098198,63.0
5828,62.945328,63.0
5829,62.851677,64.0
5830,63.731716,63.0
5831,62.929043,63.0
5832,62.744156,64.0
5833,63.465652,63.0
5834,62.86102,64.0
5835,63.56084,64.0
5836,63.767944,64.0
5837,63.85211,64.0
5838,63.767117,64.0
5839,63.656887,65.0
5840,64.56379,66.0
5841,65.60015,66.0
5842,65.8556,66.0
5843,65.823814,66.0
5844,65.80607,65.0
5845,64.80267,65.0
5846,64.45968,64.0
5847,63.477848,63.0
5848,62.397522,62.0
5849,61.34281,62.0
5850,61.300007,62.0
5851,61.617752,61.0
5852,60.878147,61.0
5853,60.689693,61.0
5854,60.62079,61.0
5855,60.66017,61.0
5856,60.83057,61.0
5857,61.105946,61.0
5858,60.65932,60.0
5859,59.565723,60.0
5860,59.170612,59.0
5861,58.33278,58.0
5862,57.27414,57.0
5863,56.15869,55.0
5864,54.24295,53.0
5865,52.057945,52.0
5866,50.6356,50.0
5867,48.80887,48.0
5868,46.74452,47.0
5869,45.62131,47.0
5870,46.002434,49.0
5871,48.77974,50.0
5872,51.333633,51.0
5873,52.873913,51.0
5874,52.284866,52.0
5875,52.201157,52.0
5876,51.870205,52.0
5877,51.726482,52.0
5878,51.736385,52.0
5879,51.81465,52.0
5880,51.770958,52.0
5881,51.657207,52.0
5882,51.65797,52.0
5883,51.802525,52.0
5884,51.888393,52.0
5885,51.8731,52.0
5886,51.7562,52.0
5887,51.667164,51.0
5888,50.774765,50.0
5889,49.50595,49.0
5890,48.234028,48.0
5891,47.089565,48.0
5892,46.95319,46.0
5893,45.48485,43.0
5894,42.196796,39.0
5895,37.27831,39.0
5896,36.30133,37.0
5897,35.32611,37.0
5898,35.988068,37.0
5899,37.118637,38.0
5900,38.84282,41.0
5901,42.640736,45.0
5902,47.6941,46.0
5903,48.997833,48.0
5904,49.60425,47.0
5905,47.820354,48.0
5906,47.65828,49.0
5907,48.64648,50.0
5908,50.04755,51.0
5909,51.362755,51.0
5910,51.54738,51.0
5911,51.359158,52.0
5912,51.98183,52.0
5913,52.000347,52.0
5914,51.901012,53.0
5915,52.74452,53.0
5916,53.00237,53.0
5917,53.03811,54.0
5918,53.90773,55.0
5919,55.2108,56.00000000000001
5920,56.554558,56.00000000000001
5921,56.652065,57.0
5922,57.176014,56.00000000000001
5923,56.02452,55.0
5924,54.592827,55.0
5925,54.223766,54.0
5926,53.38752,54.0
5927,53.414356,54.0
5928,53.687485,54.0
5929,53.675186,54.0
5930,53.59845,53.0
5931,52.84962,53.0
5932,52.618736,52.0
5933,51.79821,53.0
5934,52.457256,53.0
5935,52.80047,52.0
5936,52.04229,53.0
5937,52.618717,53.0
5938,52.846947,53.0
5939,52.88828,53.0
5940,52.87222,53.0
5941,52.821278,53.0
5942,52.741074,53.0
5943,52.682827,53.0
5944,52.73601,53.0
5945,52.802452,53.0
5946,52.897923,53.0
5947,52.892197,53.0
5948,52.877453,53.0
5949,52.824593,52.0
5950,51.768883,52.0
5951,51.502377,52.0
5952,51.54227,52.0
5953,51.708496,54.0
5954,53.656483,54.0
5955,54.347977,55.0
5956,55.38654,56.00000000000001
5957,56.267418,57.0
5958,57.193897,58.0
5959,58.146465,58.0
5960,58.23449,58.0
5961,58.062195,58.0
5962,57.834373,58.0
5963,57.745274,58.0
5964,57.68324,58.0
5965,57.712185,58.0
5966,57.81125,58.0
5967,57.911655,57.0
5968,56.926342,59.0
5969,58.62512,60.0
5970,60.0502,61.0
5971,61.280476,62.0
5972,62.507114,62.0
5973,62.471855,62.0
5974,62.07129,62.0
5975,61.81101,63.0
5976,62.59164,63.0
5977,62.88369,63.0
5978,62.82877,62.0
5979,61.98953,61.0
5980,60.780525,61.0
5981,60.377655,60.0
5982,59.501312,60.0
5983,59.274265,59.0
5984,58.431545,60.0
5985,59.229733,60.0
5986,59.602573,61.0
5987,60.613167,61.0
5988,60.918873,61.0
5989,60.94199,61.0
5990,60.828323,61.0
5991,60.62921,61.0
5992,60.469574,59.0
5993,58.514454,57.0
5994,55.88086,56.00000000000001
5995,54.348755,55.0
5996,53.556297,55.0
5997,54.009136,55.0
5998,54.467392,55.0
5999,54.92505,55.0
6000,54.88172,54.0
6001,54.056347,54.0
6002,53.76601,54.0
6003,53.574696,54.0
6004,53.53539,54.0
6005,53.68756,54.0
6006,53.739006,54.0
6007,53.72396,54.0
6008,53.748585,54.0
6009,53.798683,53.0
6010,52.93417,53.0
6011,52.610214,53.0
6012,52.55055,54.0
6013,53.598057,55.0
6014,55.290825,58.0
6015,58.94646,59.0
6016,60.58414,60.0
6017,61.37994,60.0
6018,60.838535,61.0
6019,61.123142,61.0
6020,61.014404,61.0
6021,60.88643,61.0
6022,60.840244,62.0
6023,61.732307,62.0
6024,62.01297,63.0
6025,62.944542,63.0
6026,63.16447,63.0
6027,63.10881,63.0
6028,62.97356,62.0
6029,62.024788,62.0
6030,61.51804,62.0
6031,61.384686,61.0
6032,60.48745,61.0
6033,60.313225,61.0
6034,60.2258,60.0
6035,59.511147,59.0
6036,58.370903,58.0
6037,57.155476,55.0
6038,54.019817,52.0
6039,49.864414,51.0
6040,47.993538,51.0
6041,48.930847,52.0
6042,51.411537,52.0
6043,52.67014,52.0
6044,52.87128,51.0
6045,51.40103,49.0
6046,48.560528,48.0
6047,46.365818,46.0
6048,44.160885,43.0
6049,41.379284,42.0
6050,40.207222,43.0
6051,41.68915,45.0
6052,45.01934,46.0
6053,47.528786,47.0
6054,48.828594,47.0
6055,48.32548,46.0
6056,46.25392,45.0
6057,44.165707,44.0
6058,42.861164,44.0
6059,42.47496,44.0
6060,43.03046,45.0
6061,44.47078,46.0
6062,46.162647,46.0
6063,46.990406,45.0
6064,46.08455,45.0
6065,45.154804,43.0
6066,42.431873,42.0
6067,40.544964,39.99999999999999
6068,38.49072,41.0
6069,39.230194,42.0
6070,41.132248,42.0
6071,42.36732,41.0
6072,41.896862,41.0
6073,41.29808,39.99999999999999
6074,39.805904,38.0
6075,37.367878,36.0
6076,34.934956,34.0
6077,32.63195,34.0
6078,32.302055,32.0
6079,31.175554,33.0
6080,32.074234,33.0
6081,32.876034,33.0
6082,33.189934,34.0
6083,34.226933,35.0
6084,35.694996,34.0
6085,34.92595,34.0
6086,34.027855,35.0
6087,34.5864,36.0
6088,36.19432,35.0
6089,36.01392,35.0
6090,35.439995,35.0
6091,34.93605,37.0
6092,36.655483,38.0
6093,38.54811,39.0
6094,40.20604,38.0
6095,39.110863,38.0
6096,38.04094,38.0
6097,37.44118,38.0
6098,37.453747,38.0
6099,37.659946,42.0
6100,41.789505,43.0
6101,44.625618,43.0
6102,45.145294,43.0
6103,44.146114,42.0
6104,42.177288,41.0
6105,40.33538,41.0
6106,39.709026,41.0
6107,39.925808,41.0
6108,40.4182,41.0
6109,40.996986,42.0
6110,42.11128,41.0
6111,41.646805,39.99999999999999
6112,40.29363,39.0
6113,38.578888,39.99999999999999
6114,39.0397,41.0
6115,40.602627,41.0
6116,41.370934,39.0
6117,39.33655,37.0
6118,36.4737,37.0
6119,35.564056,38.0
6120,36.696224,38.0
6121,37.730354,38.0
6122,38.56037,41.0
6123,41.81191,39.99999999999999
6124,41.983833,39.0
6125,40.156456,39.0
6126,38.78574,39.99999999999999
6127,39.14988,41.0
6128,40.430573,42.0
6129,41.970203,43.0
6130,43.4582,42.0
6131,42.928253,43.0
6132,43.26906,43.0
6133,43.21139,44.0
6134,44.017036,47.0
6135,47.31887,47.0
6136,48.442406,46.0
6137,47.09171,47.0
6138,46.893623,45.0
6139,44.66185,44.0
6140,42.774483,44.0
6141,42.50992,44.0
6142,42.808456,44.0
6143,43.398674,44.0
6144,43.832523,44.0
6145,44.02921,43.0
6146,43.147797,39.99999999999999
6147,39.935303,41.0
6148,39.68402,41.0
6149,40.048565,41.0
6150,40.586254,39.99999999999999
6151,39.9547,39.99999999999999
6152,39.591293,39.99999999999999
6153,39.49075,41.0
6154,40.542328,42.0
6155,41.987812,42.0
6156,42.527348,41.0
6157,41.492275,39.99999999999999
6158,39.680836,38.0
6159,36.697342,35.0
6160,32.89507,36.0
6161,33.76291,36.0
6162,35.50766,37.0
6163,37.957603,39.0
6164,40.787422,39.0
6165,40.996296,39.0
6166,39.851032,39.0
6167,38.978184,41.0
6168,40.54219,42.0
6169,42.139084,44.0
6170,44.487583,46.0
6171,46.90533,44.0
6172,45.542377,46.0
6173,46.187115,48.0
6174,47.985306,51.0
6175,51.204414,52.0
6176,53.01291,52.0
6177,53.06916,52.0
6178,52.408882,51.0
6179,50.785496,51.0
6180,50.107014,51.0
6181,50.071396,52.0
6182,51.362877,52.0
6183,52.122658,52.0
6184,52.40216,52.0
6185,52.28557,52.0
6186,51.993183,51.0
6187,50.826736,49.0
6188,48.404728,51.0
6189,49.744923,52.0
6190,51.649754,52.0
6191,52.462658,52.0
6192,52.336918,52.0
6193,52.195477,52.0
6194,51.89264,52.0
6195,51.638546,51.0
6196,50.614384,48.0
6197,47.551544,45.0
6198,43.706055,42.0
6199,40.017624,39.99999999999999
6200,37.428707,39.0
6201,36.5293,39.0
6202,37.222935,39.0
6203,38.57725,39.99999999999999
6204,40.59291,43.0
6205,44.366783,45.0
6206,47.68585,48.0
6207,50.74346,48.0
6208,49.910313,47.0
6209,46.78189,47.0
6210,45.268234,48.0
6211,46.335682,48.0
6212,47.42001,47.0
6213,47.07251,47.0
6214,47.099762,47.0
6215,47.163292,46.0
6216,46.41646,47.0
6217,46.815544,49.0
6218,48.781715,49.0
6219,49.34739,49.0
6220,49.350758,50.0
6221,49.96446,50.0
6222,50.13432,51.0
6223,50.952362,51.0
6224,51.11662,51.0
6225,51.072983,51.0
6226,50.8754,52.0
6227,51.66384,52.0
6228,51.915516,51.0
6229,51.02557,50.0
6230,49.60914,48.0
6231,46.8745,49.0
6232,47.24106,50.0
6233,49.463478,50.0
6234,50.89407,51.0
6235,52.12752,51.0
6236,51.975643,51.0
6237,51.26011,52.0
6238,51.803684,51.0
6239,50.83566,51.0
6240,50.585503,50.0
6241,49.58583,48.0
6242,47.559067,49.0
6243,47.835155,49.0
6244,48.364124,50.0
6245,49.710724,59.0
6246,58.930702,59.0
6247,61.8755,60.0
6248,62.53635,61.0
6249,62.449146,62.0
6250,62.383522,62.0
6251,61.787647,63.0
6252,62.26445,64.0
6253,63.343185,63.0
6254,62.90779,64.0
6255,63.760506,65.0
6256,65.025696,65.0
6257,65.230606,65.0
6258,64.910385,65.0
6259,64.98459,64.0
6260,63.970215,64.0
6261,63.583893,63.0
6262,62.612576,63.0
6263,62.43659,63.0
6264,62.51308,64.0
6265,63.509254,63.0
6266,63.03091,64.0
6267,63.73353,66.0
6268,65.61523,66.0
6269,66.12935,56.00000000000001
6270,57.63301,56.00000000000001
6271,55.11797,55.0
6272,53.56376,55.0
6273,53.56842,54.0
6274,53.26511,54.0
6275,53.48136,54.0
6276,53.85581,54.0
6277,54.285194,54.0
6278,54.446934,53.0
6279,53.12967,53.0
6280,52.260857,53.0
6281,52.39091,53.0
6282,52.95134,53.0
6283,53.267693,53.0
6284,53.290775,54.0
6285,54.12454,54.0
6286,54.296265,54.0
6287,54.194363,55.0
6288,54.9293,55.0
6289,54.98338,55.0
6290,54.914318,55.0
6291,54.78651,54.0
6292,53.832138,53.0
6293,52.604935,56.00000000000001
6294,55.044384,55.0
6295,55.22836,55.0
6296,55.183743,55.0
6297,54.98463,55.0
6298,54.60469,53.0
6299,52.68789,53.0
6300,51.989056,52.0
6301,51.00899,51.0
6302,49.987648,45.0
6303,43.571457,44.0
6304,39.98791,45.0
6305,41.68206,46.0
6306,45.922802,45.0
6307,46.41984,45.0
6308,46.100918,43.0
6309,43.640377,42.0
6310,40.73092,38.0
6311,36.534306,35.0
6312,32.543594,34.0
6313,31.300076,35.0
6314,33.1577,36.0
6315,36.016644,36.0
6316,37.674046,37.0
6317,38.8916,74.99999999999999
6318,76.31611,74.0
6319,88.0713,74.0
6320,85.64375,73.0
6321,77.35694,74.0
6322,72.39723,73.0
6323,69.351234,72.0
6324,68.09236,71.0
6325,67.88666,71.0
6326,69.73901,71.0
6327,71.35434,71.0
6328,71.40838,70.0
6329,70.14514,70.0
6330,69.73227,70.0
6331,69.6456,70.0
6332,69.57144,70.0
6333,69.60449,70.0
6334,69.64586,70.0
6335,69.639275,70.0
6336,69.619385,70.0
6337,69.53482,71.0
6338,70.54913,71.0
6339,70.880196,71.0
6340,70.89884,71.0
6341,70.780785,74.99999999999999
6342,74.32161,74.99999999999999
6343,75.34543,74.0
6344,74.572876,74.0
6345,73.954,71.0
6346,70.61929,69.0
6347,67.85729,68.0
6348,66.2303,67.0
6349,64.96938,66.0
6350,64.511314,65.0
6351,64.35152,65.0
6352,64.44738,65.0
6353,64.64446,64.0
6354,63.80742,64.0
6355,63.64956,64.0
6356,63.733334,64.0
6357,63.960754,65.0
6358,64.89494,64.0
6359,64.13128,64.0
6360,63.65262,63.0
6361,62.623985,64.0
6362,63.3988,64.0
6363,63.63152,64.0
6364,63.83993,64.0
6365,63.904896,56.00000000000001
6366,57.211952,57.0
6367,55.776825,57.0
6368,55.59066,58.0
6369,56.953823,58.0
6370,57.939926,58.0
6371,58.369225,57.0
6372,57.435547,57.0
6373,56.544624,56.00000000000001
6374,54.13629,56.00000000000001
6375,54.26887,55.0
6376,54.975716,55.0
6377,55.042496,54.0
6378,53.9624,54.0
6379,53.6331,54.0
6380,53.698364,55.0
6381,54.72137,55.0
6382,55.014328,56.00000000000001
6383,55.945633,56.00000000000001
6384,56.04524,56.00000000000001
6385,55.645817,56.00000000000001
6386,55.77767,55.0
6387,54.887207,55.0
6388,54.277237,54.0
6389,53.4523,41.0
6390,43.284985,42.0
6391,40.74169,44.0
6392,41.75502,45.0
6393,43.62571,50.0
6394,49.384987,52.0
6395,53.81372,53.0
6396,55.71952,53.0
6397,55.183987,54.0
6398,54.24857,54.0
6399,52.922256,54.0
6400,52.70214,55.0
6401,54.350483,55.0
6402,55.242363,55.0
6403,55.416805,55.0
6404,55.23361,55.0
6405,54.93384,55.0
6406,54.794373,55.0
6407,54.72754,55.0
6408,54.77436,55.0
6409,54.76333,56.00000000000001
6410,55.62753,56.00000000000001
6411,55.860653,57.0
6412,56.78092,57.0
6413,56.9308,79.99999999999999
6414,77.06308,81.0
6415,84.59056,81.0
6416,86.12086,79.99999999999999
6417,83.13517,81.0
6418,81.0051,81.0
6419,79.2541,81.0
6420,78.90147,81.0
6421,79.33094,81.0
6422,80.08713,81.0
6423,80.76012,81.0
6424,80.966545,81.0
6425,80.5908,81.0
6426,80.58144,81.0
6427,80.8285,81.0
6428,80.96839,81.0
6429,80.927925,81.0
6430,80.588936,79.99999999999999
6431,79.80157,79.99999999999999
6432,79.4884,79.99999999999999
6433,79.5081,79.0
6434,78.31964,78.0
6435,77.199646,78.0
6436,77.184555,77.0
6437,76.42221,74.0
6438,73.338905,74.99999999999999
6439,73.68295,74.99999999999999
6440,74.082275,77.0
6441,76.50296,78.0
6442,77.992584,78.0
6443,78.21449,79.0
6444,78.88615,79.99999999999999
6445,79.774025,79.99999999999999
6446,79.76914,81.0
6447,80.73064,82.0
6448,82.22794,83.0
6449,83.32143,84.0
6450,84.260315,84.0
6451,84.10802,85.00000000000001
6452,84.949844,86.0
6453,86.162575,87.0
6454,87.50402,88.0
6455,88.31519,89.0
6456,89.30912,89.0
6457,89.25338,89.0
6458,89.08091,89.0
6459,88.7221,90.0
6460,89.59275,91.0
6461,91.101105,78.0
6462,78.81871,78.0
6463,75.76277,77.0
6464,74.55797,74.99999999999999
6465,73.31762,73.0
6466,71.97362,72.0
6467,71.241165,70.0
6468,69.70351,69.0
6469,68.69278,69.0
6470,68.3075,70.0
6471,69.33968,70.0
6472,70.34332,71.0
6473,71.54636,72.0
6474,72.77208,72.0
6475,72.68313,72.0
6476,72.19548,72.0
6477,71.85089,72.0
6478,71.61154,72.0
6479,71.68776,73.0
6480,72.633286,74.0
6481,73.80434,74.0
6482,74.080414,74.99999999999999
6483,75.0555,76.0
6484,76.123764,73.0
6485,73.4952,43.0
6486,49.28213,44.0
6487,44.36804,47.0
6488,44.923786,47.0
6489,45.170307,48.0
6490,46.41272,47.0
6491,46.602318,46.0
6492,46.26158,44.0
6493,45.20911,41.0
6494,40.17873,42.0
6495,38.644337,42.0
6496,40.908623,41.0
6497,41.78414,41.0
6498,42.104504,42.0
6499,42.714443,41.0
6500,42.08607,42.0
6501,42.600147,42.0
6502,42.56485,43.0
6503,43.257004,45.0
6504,45.186916,46.0
6505,46.625614,48.0
6506,48.54997,48.0
6507,48.854023,47.0
6508,47.73123,47.0
6509,47.081387,57.0
6510,55.22138,57.0
6511,58.410114,56.00000000000001
6512,58.179363,54.0
6513,55.081264,51.0
6514,50.07325,47.0
6515,44.16841,44.0
6516,39.908844,42.0
6517,38.049603,41.0
6518,38.25961,39.0
6519,38.385506,38.0
6520,38.447426,39.99999999999999
6521,40.801434,41.0
6522,42.693604,41.0
6523,42.793583,41.0
6524,41.82306,39.0
6525,38.74382,38.0
6526,36.727695,39.0
6527,37.51332,39.0
6528,38.523556,39.99999999999999
6529,40.275223,39.0
6530,40.04803,39.0
6531,39.48693,39.99999999999999
6532,40.06734,42.0
6533,42.093872,43.0
6534,43.73309,42.0
6535,43.011215,42.0
6536,42.198593,43.0
6537,42.594154,44.0
6538,43.714672,45.0
6539,45.189457,46.0
6540,46.57148,47.0
6541,47.724915,48.0
6542,48.72279,49.0
6543,49.60494,50.0
6544,50.49358,50.0
6545,50.357246,50.0
6546,49.918373,49.0
6547,48.695686,49.0
6548,48.36463,52.0
6549,51.266193,53.0
6550,53.47848,53.0
6551,53.92273,53.0
6552,53.658543,53.0
6553,53.183655,53.0
6554,52.781345,53.0
6555,52.62287,53.0
6556,52.693317,53.0
6557,52.823517,53.0
6558,52.88809,54.0
6559,53.770744,53.0
6560,53.07009,53.0
6561,52.77834,53.0
6562,52.54638,53.0
6563,52.533394,53.0
6564,52.629536,53.0
6565,52.722473,53.0
6566,52.8415,53.0
6567,52.954357,53.0
6568,52.955494,53.0
6569,52.894108,52.0
6570,51.803303,52.0
6571,51.329136,53.0
6572,52.26429,51.0
6573,50.858284,49.0
6574,48.30765,48.0
6575,46.571907,47.0
6576,45.52545,48.0
6577,46.657146,48.0
6578,47.595905,49.0
6579,49.114006,49.0
6580,49.47841,47.0
6581,47.569695,45.0
6582,44.63075,44.0
6583,42.640736,45.0
6584,43.44519,44.0
6585,43.361248,44.0
6586,43.654938,43.0
6587,42.987587,42.0
6588,41.82562,42.0
6589,41.41644,42.0
6590,41.474266,41.0
6591,40.77871,43.0
6592,42.988567,44.0
6593,45.321587,45.0
6594,46.704777,45.0
6595,46.251507,43.0
6596,43.352524,47.0
6597,46.005928,47.0
6598,47.10336,48.0
6599,48.324932,49.0
6600,49.6442,50.0
6601,50.907837,51.0
6602,51.826466,51.0
6603,51.599274,52.0
6604,52.1682,53.0
6605,53.037304,54.0
6606,54.08899,55.0
6607,55.186924,56.00000000000001
6608,56.201622,57.0
6609,57.252407,58.0
6610,58.22351,58.0
6611,58.306625,59.0
6612,58.98625,59.0
6613,59.00659,59.0
6614,58.931828,59.0
6615,58.75256,58.0
6616,57.68526,58.0
6617,57.30793,58.0
6618,57.43817,59.0
6619,58.63844,60.0
6620,60.053463,59.0
6621,59.454212,59.0
6622,59.0888,60.0
6623,59.71575,60.0
6624,59.780357,59.0
6625,58.735794,59.0
6626,58.468857,59.0
6627,58.17655,58.0
6628,57.342968,58.0
6629,57.34465,57.0
6630,56.648197,56.00000000000001
6631,55.53859,55.0
6632,54.35964,54.0
6633,53.22249,53.0
6634,52.10723,52.0
6635,51.03967,52.0
6636,50.976013,52.0
6637,51.261864,52.0
6638,51.532295,52.0
6639,51.70489,52.0
6640,51.675587,52.0
6641,51.72576,53.0
6642,52.685116,52.0
6643,52.014183,52.0
6644,51.54346,52.0
6645,51.354782,52.0
6646,51.304028,51.0
6647,50.430378,49.0
6648,48.29373,48.0
6649,46.774883,48.0
6650,46.59343,47.0
6651,46.0448,47.0
6652,46.05329,47.0
6653,46.496197,48.0
6654,47.832684,51.0
6655,51.306755,52.0
6656,53.381676,52.0
6657,53.372845,52.0
6658,52.496155,53.0
6659,52.662773,53.0
6660,52.521683,53.0
6661,52.48804,53.0
6662,52.523647,54.0
6663,53.727867,54.0
6664,54.32283,53.0
6665,53.185352,53.0
6666,52.541122,53.0
6667,52.3517,53.0
6668,52.46473,54.0
6669,53.592438,54.0
6670,54.005447,54.0
6671,53.987965,55.0
6672,54.798973,55.0
6673,55.01818,55.0
6674,54.911808,55.0
6675,54.80112,55.0
6676,54.670956,54.0
6677,53.769108,54.0
6678,53.48191,53.0
6679,52.55041,53.0
6680,52.243126,52.0
6681,51.448296,52.0
6682,51.31933,52.0
6683,51.46718,52.0
6684,51.683945,52.0
6685,51.811337,53.0
6686,52.803207,53.0
6687,53.154022,53.0
6688,53.10181,53.0
6689,52.826363,53.0
6690,52.572395,52.0
6691,51.473923,52.0
6692,51.126766,52.0
6693,51.262882,52.0
6694,51.601185,52.0
6695,51.71597,52.0
6696,51.98139,52.0
6697,51.959797,52.0
6698,52.039757,53.0
6699,52.938023,54.0
6700,54.159103,54.0
6701,54.44728,55.0
6702,55.19731,55.0
6703,55.246235,55.0
6704,55.045403,56.00000000000001
6705,55.690125,56.00000000000001
6706,55.81013,55.0
6707,54.87802,56.00000000000001
6708,55.500004,56.00000000000001
6709,55.701714,55.0
6710,54.8992,56.00000000000001
6711,55.543972,56.00000000000001
6712,55.83254,56.00000000000001
6713,55.91485,56.00000000000001
6714,55.844814,57.0
6715,56.78452,57.0
6716,57.05987,58.0
6717,57.952076,58.0
6718,58.07058,58.0
6719,57.959553,57.0
6720,56.819035,58.0
6721,57.429726,58.0
6722,57.649544,57.0
6723,56.902763,57.0
6724,56.635365,57.0
6725,56.60063,57.0
6726,56.6347,57.0
6727,56.67102,58.0
6728,57.589252,58.0
6729,57.881973,58.0
6730,57.890396,59.0
6731,58.703766,59.0
6732,58.897766,59.0
6733,58.847324,59.0
6734,58.757957,57.0
6735,56.72511,56.00000000000001
6736,55.04337,55.0
6737,53.82812,55.0
6738,53.767395,54.0
6739,53.34591,54.0
6740,53.434307,53.0
6741,52.642017,52.0
6742,51.60594,52.0
6743,51.324516,53.0
6744,52.339127,53.0
6745,52.930748,53.0
6746,53.05631,53.0
6747,52.85073,52.0
6748,51.87738,52.0
6749,51.464874,51.0
6750,50.56639,49.0
6751,48.56277,48.0
6752,47.118275,46.0
6753,45.070293,44.0
6754,42.786316,42.0
6755,40.545975,41.0
6756,39.34414,42.0
6757,40.773605,42.0
6758,42.232285,45.0
6759,46.47469,47.0
6760,50.137222,47.0
6761,49.918476,48.0
6762,49.065937,49.0
6763,48.8591,49.0
6764,48.383965,50.0
6765,49.36804,52.0
6766,51.81851,53.0
6767,53.61051,53.0
6768,53.9001,53.0
6769,53.463863,52.0
6770,51.98579,53.0
6771,52.325066,54.0
6772,53.58903,55.0
6773,55.00099,56.00000000000001
6774,56.289677,57.0
6775,57.434147,58.0
6776,58.368717,58.0
6777,58.34982,58.0
6778,58.06755,59.0
6779,58.694286,59.0
6780,58.82979,58.0
6781,57.906445,58.0
6782,57.54362,58.0
6783,57.44301,57.0
6784,56.57319,58.0
6785,57.405468,57.0
6786,56.881165,57.0
6787,56.77587,57.0
6788,56.64945,56.00000000000001
6789,55.72903,56.00000000000001
6790,55.40526,55.0
6791,54.531727,55.0
6792,54.342968,55.0
6793,54.419605,55.0
6794,54.519836,55.0
6795,54.670025,55.0
6796,54.73047,54.0
6797,53.767002,53.0
6798,52.42332,52.0
6799,51.08178,52.0
6800,50.873455,51.0
6801,50.152004,50.0
6802,49.362583,48.0
6803,47.474052,46.0
6804,45.154232,45.0
6805,43.63139,45.0
6806,43.570255,44.0
6807,43.367836,44.0
6808,43.84607,44.0
6809,44.18761,43.0
6810,43.269474,44.0
6811,43.93223,43.0
6812,43.19686,43.0
6813,42.59264,43.0
6814,42.300266,44.0
6815,43.24945,44.0
6816,43.94317,43.0
6817,43.307716,43.0
6818,42.903503,44.0
6819,43.628147,44.0
6820,44.05117,45.0
6821,45.124317,46.0
6822,46.345486,47.0
6823,47.522053,47.0
6824,47.604836,48.0
6825,48.20001,49.0
6826,49.129272,51.0
6827,51.18154,52.0
6828,52.680546,52.0
6829,52.807247,52.0
6830,52.348755,52.0
6831,51.848545,53.0
6832,52.535988,55.0
6833,54.924164,57.0
6834,57.841244,58.0
6835,59.5032,59.0
6836,60.25635,59.0
6837,59.546436,60.0
6838,59.77655,59.0
6839,58.789265,59.0
6840,58.489647,59.0
6841,58.42435,59.0
6842,58.519527,58.0
6843,57.79053,58.0
6844,57.634163,58.0
6845,57.640568,59.0
6846,58.60786,59.0
6847,58.882915,59.0
6848,58.931873,58.0
6849,57.879986,58.0
6850,57.50244,58.0
6851,57.42522,58.0
6852,57.48424,58.0
6853,57.591816,59.0
6854,58.565746,59.0
6855,58.91573,59.0
6856,58.963543,58.0
6857,57.76648,57.0
6858,56.194504,56.00000000000001
6859,54.757458,55.0
6860,53.65961,55.0
6861,53.9318,55.0
6862,54.512897,56.00000000000001
6863,55.854057,56.00000000000001
6864,56.214943,56.00000000000001
6865,56.25055,56.00000000000001
6866,56.0408,56.00000000000001
6867,55.891785,55.0
6868,54.81795,55.0
6869,54.462273,54.0
6870,53.454185,54.0
6871,53.22804,54.0
6872,53.374252,54.0
6873,53.539677,54.0
6874,53.68102,54.0
6875,53.786816,53.0
6876,52.843216,52.0
6877,51.54832,52.0
6878,51.150463,52.0
6879,51.238068,52.0
6880,51.607723,51.0
6881,50.925686,50.0
6882,49.595627,49.0
6883,48.07434,48.0
6884,46.95304,49.0
6885,47.746365,50.0
6886,49.51185,48.0
6887,48.312744,49.0
6888,48.65654,50.0
6889,49.89824,52.0
6890,52.336582,52.0
6891,53.000122,53.0
6892,53.7396,54.0
6893,54.481075,54.0
6894,54.397346,55.0
6895,55.020332,56.00000000000001
6896,55.994854,56.00000000000001
6897,56.180576,57.0
6898,56.97597,57.0
6899,57.13882,58.0
6900,57.932278,59.0
6901,59.03171,59.0
6902,59.238564,60.0
6903,59.987797,60.0
6904,60.06224,61.0
6905,60.90616,60.0
6906,60.03874,61.0
6907,60.577805,61.0
6908,60.804214,60.0
6909,59.894745,60.0
6910,59.642406,60.0
6911,59.655373,60.0
6912,59.723854,60.0
6913,59.6473,58.0
6914,58.10725,58.0
6915,57.376408,57.0
6916,56.364697,56.00000000000001
6917,55.184498,56.00000000000001
6918,55.02321,56.00000000000001
6919,55.352272,56.00000000000001
6920,55.61949,57.0
6921,56.730755,57.0
6922,57.063442,56.00000000000001
6923,56.148262,56.00000000000001
6924,55.675793,56.00000000000001
6925,55.441734,55.0
6926,54.591263,55.0
6927,54.378937,55.0
6928,54.565525,55.0
6929,54.938786,55.0
6930,55.08462,55.0
6931,55.024784,55.0
6932,54.866264,54.0
6933,53.98928,54.0
6934,53.431175,54.0
6935,53.334415,54.0
6936,53.49858,54.0
6937,53.678276,54.0
6938,53.82308,54.0
6939,53.769474,54.0
6940,53.947796,54.0
6941,53.861984,54.0
6942,53.7872,53.0
6943,52.796555,52.0
6944,51.547787,52.0
6945,51.166195,51.0
6946,50.31391,49.0
6947,48.31646,48.0
6948,46.870613,48.0
6949,46.768105,48.0
6950,47.30411,49.0
6951,49.117428,50.0
6952,51.14188,48.0
6953,49.05279,50.0
6954,49.6841,51.0
6955,50.973244,51.0
6956,51.190285,52.0
6957,52.08255,51.0
6958,51.118023,51.0
6959,50.444866,51.0
6960,50.316048,51.0
6961,50.43528,50.0
6962,49.751972,50.0
6963,49.620594,50.0
6964,49.577717,49.0
6965,48.801514,48.0
6966,47.597248,48.0
6967,47.1994,47.0
6968,46.333313,47.0
6969,46.197697,47.0
6970,46.434303,48.0
6971,47.68599,48.0
6972,48.22776,47.0
6973,47.37088,45.0
6974,44.792755,44.0
6975,42.638805,41.0
6976,38.894978,42.0
6977,39.712936,42.0
6978,41.55433,41.0
6979,41.72532,42.0
6980,42.675713,45.0
6981,45.986107,45.0
6982,46.618256,44.0
6983,45.04494,44.0
6984,43.759605,44.0
6985,43.31461,45.0
6986,44.338657,46.0
6987,45.870728,45.0
6988,45.576115,45.0
