,prediction,actual
0,73.12493,77.0
1,75.14259,71.0
2,77.99566,64.0
3,77.817665,64.0
4,74.229,64.0
5,70.26125,65.0
6,67.40454,66.0
7,66.24667,64.0
8,66.41826,64.0
9,66.488464,63.0
10,66.387985,63.0
11,65.82076,63.0
12,65.019684,62.0
13,64.363594,62.0
14,64.91145,61.0
15,65.91228,61.0
16,64.8174,61.0
17,63.655113,61.0
18,63.27316,61.0
19,63.055397,61.0
20,62.824818,61.0
21,62.547764,60.0
22,62.069,60.0
23,61.24705,60.0
24,60.560104,61.0
25,60.12812,61.0
26,60.115868,62.0
27,60.18997,61.0
28,60.437164,61.0
29,60.37425,60.0
30,59.98334,61.0
31,59.543327,63.0
32,59.37349,65.0
33,59.93651,65.0
34,60.95213,65.0
35,61.798153,65.0
36,62.345062,65.0
37,62.423824,66.0
38,61.514,66.0
39,60.62228,66.0
40,59.869846,65.0
41,58.965824,65.0
42,57.668247,65.0
43,56.66643,65.0
44,56.182495,65.0
45,56.43077,65.0
46,57.140583,66.0
47,57.820427,65.0
48,58.614147,64.0
49,59.06035,62.0
50,59.188118,62.0
51,58.83969,62.0
52,58.589325,61.0
53,58.504612,61.0
54,58.43534,59.0
55,58.458794,58.0
56,57.860863,57.0
57,57.095783,57.0
58,56.266834,58.0
59,55.804085,59.0
60,56.102283,59.0
61,57.017487,59.0
62,57.56679,58.0
63,57.033176,59.0
64,55.478355,59.0
65,54.510002,59.0
66,54.250393,58.0
67,54.361523,59.0
68,54.319492,58.0
69,54.786808,58.0
70,55.077168,58.0
71,55.248314,59.0
72,55.406498,59.0
73,56.039104,60.0
74,56.59185,60.0
75,57.28749,61.0
76,57.78329,61.0
77,58.314407,61.0
78,58.703793,61.0
79,58.962597,61.0
80,59.090538,61.0
81,59.1387,61.0
82,59.154907,61.0
83,59.16601,61.0
84,59.227184,61.0
85,59.222755,62.0
86,59.099506,62.0
87,59.14225,63.0
88,58.84008,63.0
89,58.76908,63.0
90,58.63841,63.0
91,58.80874,63.0
92,58.94939,63.0
93,59.079155,63.0
94,59.203545,63.0
95,59.428665,63.0
96,59.609577,63.0
97,59.87566,64.0
98,60.093304,64.0
99,60.828564,65.0
100,61.3821,65.0
101,61.84793,66.0
102,62.087307,66.0
103,62.412872,66.0
104,62.758297,67.0
105,63.03837,67.0
106,63.380825,67.0
107,63.725044,67.0
108,63.902897,68.0
109,63.816902,68.0
110,63.7026,68.0
111,63.19104,68.0
112,62.18529,68.0
113,61.152225,68.0
114,60.465164,68.0
115,60.11471,69.0
116,60.068268,70.0
117,60.55377,70.0
118,61.43834,70.0
119,62.49289,70.0
120,63.173122,70.0
121,63.51561,70.0
122,63.641167,69.0
123,63.82111,69.0
124,63.685196,69.0
125,63.732327,67.0
126,63.689247,66.0
127,63.199234,64.0
128,62.550182,63.0
129,61.471806,62.0
130,60.56472,61.0
131,59.704624,60.0
132,58.913246,59.0
133,58.0753,58.0
134,57.13277,59.0
135,56.12648,60.0
136,55.69832,60.0
137,55.753925,61.0
138,55.95211,61.0
139,56.118465,60.0
140,56.39616,59.0
141,56.135387,59.0
142,55.459026,59.0
143,55.100014,59.0
144,55.18466,59.0
145,55.525833,59.0
146,55.915848,59.0
147,56.20528,59.0
148,56.42659,58.0
149,56.350636,59.0
150,56.07064,59.0
151,56.087994,60.0
152,56.282005,60.0
153,56.79656,60.0
154,57.36464,60.0
155,57.75335,59.0
156,58.011208,59.0
157,57.724415,59.0
158,57.094433,58.0
159,56.414417,57.0
160,55.48194,57.0
161,54.429092,56.00000000000001
162,53.719334,57.0
163,53.03388,57.0
164,53.105824,58.0
165,53.49737,58.0
166,54.061554,58.0
167,54.39225,67.0
168,54.520847,77.0
169,57.42749,74.0
170,63.422527,55.0
171,67.01924,54.0
172,65.242645,53.0
173,60.990463,53.0
174,56.71382,53.0
175,53.825024,54.0
176,52.475636,55.0
177,52.560535,55.0
178,53.471348,57.0
179,54.404907,58.0
180,55.471245,60.0
181,55.637398,61.0
182,56.05129,63.0
183,57.0682,64.0
184,56.237053,64.0
185,53.424976,64.0
186,51.90339,64.0
187,51.262394,63.0
188,51.51824,63.0
189,51.758255,62.0
190,52.38352,62.0
191,53.271034,62.0
192,54.426147,61.0
193,55.49181,62.0
194,56.194527,62.0
195,56.98356,62.0
196,57.72411,62.0
197,58.316517,62.0
198,58.77114,63.0
199,59.07879,63.0
200,59.584377,62.0
201,59.907337,63.0
202,59.94089,63.0
203,60.005096,62.0
204,60.01636,62.0
205,59.48565,61.0
206,58.794926,60.0
207,57.704334,60.0
208,56.363903,60.0
209,55.649334,60.0
210,55.480022,60.0
211,55.815693,60.0
212,56.207783,61.0
213,56.578686,61.0
214,56.996025,61.0
215,57.300877,61.0
216,57.775784,61.0
217,58.214436,62.0
218,58.466602,62.0
219,58.859,62.0
220,59.260033,62.0
221,59.45556,62.0
222,59.64196,62.0
223,59.697388,61.0
224,59.6678,62.0
225,59.52545,61.0
226,59.505833,61.0
227,59.299824,61.0
228,59.101444,61.0
229,58.855953,62.0
230,58.6569,62.0
231,58.641655,62.0
232,58.491062,61.0
233,58.31011,61.0
234,57.864006,60.0
235,57.44831,59.0
236,56.881374,59.0
237,56.308796,58.0
238,56.087708,59.0
239,55.87366,58.0
240,56.180576,59.0
241,56.323772,59.0
242,56.590607,59.0
243,56.831734,59.0
244,56.937737,59.0
245,56.882915,59.0
246,56.908024,60.0
247,56.862934,60.0
248,57.195374,60.0
249,57.56549,60.0
250,57.76376,59.0
251,57.749027,57.0
252,57.374336,56.00000000000001
253,56.34117,54.0
254,54.94442,53.0
255,53.254726,51.0
256,51.749985,51.0
257,50.376293,52.0
258,49.75877,52.0
259,50.213287,52.0
260,50.98809,52.0
261,51.509296,52.0
262,51.604187,52.0
263,51.390823,53.0
264,50.987347,52.0
265,51.04334,52.0
266,50.63458,52.0
267,50.15461,51.0
268,49.862156,51.0
269,49.4883,50.0
270,49.25684,50.0
271,48.84226,49.0
272,48.444553,47.0
273,47.86233,48.0
274,46.77915,51.0
275,46.25863,52.0
276,47.18629,53.0
277,48.71154,53.0
278,49.87733,54.0
279,49.443047,54.0
280,48.6852,54.0
281,48.01821,55.0
282,47.735283,55.0
283,48.15184,55.0
284,48.899395,56.00000000000001
285,49.69215,56.00000000000001
286,50.80903,56.00000000000001
287,51.800484,57.0
288,52.22343,57.0
289,52.976246,58.0
290,53.482006,58.0
291,54.17686,59.0
292,54.801514,59.0
293,55.483067,59.0
294,56.10194,58.0
295,56.49772,58.0
296,56.51041,59.0
297,56.45969,59.0
298,56.63144,59.0
299,56.881893,59.0
300,57.109005,60.0
301,57.111206,61.0
302,56.989853,62.0
303,56.861217,63.0
304,56.593533,63.0
305,56.37806,63.0
306,56.05237,63.0
307,55.75571,63.0
308,55.722736,63.0
309,55.79531,63.0
310,55.996937,63.0
311,56.511646,63.0
312,57.15008,62.0
313,57.685,62.0
314,57.929935,62.0
315,58.199966,62.0
316,58.437042,62.0
317,58.707523,62.0
318,59.09573,63.0
319,59.41469,63.0
320,59.90267,63.0
321,60.24659,63.0
322,60.540302,64.0
323,60.708897,65.0
324,60.967876,65.0
325,61.283733,65.0
326,61.362232,65.0
327,60.996323,65.0
328,59.801342,65.0
329,58.615765,65.0
330,57.96462,64.0
331,57.76986,64.0
332,57.72536,64.0
333,57.94384,64.0
334,58.301193,64.0
335,58.929947,65.0
336,59.69882,64.0
337,60.745853,65.0
338,61.333668,65.0
339,61.75945,64.0
340,61.99347,64.0
341,61.860966,64.0
342,61.673676,64.0
343,61.566936,63.0
344,61.498367,62.0
345,61.19865,62.0
346,60.655376,60.0
347,60.140633,59.0
348,59.213955,59.0
349,58.096024,58.0
350,57.33178,58.0
351,56.688118,58.0
352,56.229473,58.0
353,55.945797,58.0
354,55.75595,58.0
355,55.73652,58.0
356,55.827896,59.0
357,55.878986,59.0
358,56.11051,59.0
359,56.32321,58.0
360,56.33596,59.0
361,56.14493,59.0
362,56.127705,59.0
363,56.24517,59.0
364,56.463688,59.0
365,56.79875,59.0
366,57.042515,59.0
367,57.110394,60.0
368,57.186943,61.0
369,57.676548,60.0
370,58.385937,60.0
371,58.670242,61.0
372,58.727043,61.0
373,58.798378,61.0
374,58.7013,61.0
375,58.40853,61.0
376,57.89785,62.0
377,57.43299,62.0
378,57.515213,61.0
379,57.59783,61.0
380,57.484394,61.0
381,57.245274,61.0
382,57.373547,61.0
383,57.531673,61.0
384,58.009266,61.0
385,58.323223,61.0
386,58.5484,61.0
387,58.832005,61.0
388,59.100025,61.0
389,59.36619,69.0
390,59.47393,69.0
391,61.59615,69.0
392,63.942154,68.0
393,65.50512,67.0
394,65.4853,66.0
395,64.487,64.0
396,63.044643,63.0
397,61.121487,62.0
398,59.69966,62.0
399,58.74046,62.0
400,57.813694,62.0
401,56.75557,61.0
402,56.089535,63.0
403,55.61833,63.0
404,56.28835,63.0
405,56.883717,62.0
406,57.11509,62.0
407,57.137238,63.0
408,57.233494,63.0
409,57.33933,62.0
410,57.725014,62.0
411,57.96012,62.0
412,58.149677,62.0
413,58.411797,67.0
414,58.7813,69.0
415,60.472954,70.0
416,62.730484,71.0
417,64.63751,71.0
418,65.89445,72.0
419,66.24216,72.0
420,66.26968,72.0
421,65.93734,72.0
422,65.389984,72.0
423,64.93894,72.0
424,64.46998,72.0
425,63.77758,72.0
426,63.269184,71.0
427,62.798733,71.0
428,62.346424,70.0
429,61.979164,70.0
430,61.71113,70.0
431,61.80712,69.0
432,62.205757,70.0
433,62.547302,69.0
434,63.31138,69.0
435,63.744457,68.0
436,63.99689,66.0
437,63.925808,38.0
438,63.143284,37.0
439,57.544365,38.0
440,50.490417,39.0
441,44.932053,39.0
442,41.5342,38.0
443,39.770374,36.0
444,38.924953,36.0
445,38.117992,36.0
446,37.939667,36.0
447,38.395725,39.0
448,37.917274,39.0
449,41.12854,39.0
450,46.20601,37.0
451,48.886845,37.0
452,47.64035,36.0
453,46.094517,37.0
454,45.15388,36.0
455,45.399815,36.0
456,45.55539,37.0
457,45.34194,37.0
458,45.10224,37.0
459,44.737263,39.99999999999999
460,44.147793,43.0
461,44.47634,44.0
462,45.773808,45.0
463,46.855362,47.0
464,47.38822,50.0
465,47.833435,52.0
466,48.836567,54.0
467,50.120674,54.0
468,51.52675,54.0
469,52.29285,54.0
470,52.396576,55.0
471,52.105865,55.0
472,52.018387,55.0
473,52.043797,54.0
474,52.221584,54.0
475,52.04649,54.0
476,51.877506,54.0
477,51.8396,54.0
478,51.934914,54.0
479,52.046673,54.0
480,52.23067,55.0
481,52.426365,55.0
482,52.796803,55.0
483,53.111237,56.00000000000001
484,53.35628,57.0
485,53.86569,60.0
486,54.57121,60.0
487,55.987255,59.0
488,57.202087,59.0
489,57.62421,59.0
490,57.456833,58.0
491,57.056927,57.0
492,56.18224,56.00000000000001
493,54.85598,55.0
494,53.535576,54.0
495,52.299145,53.0
496,51.13676,54.0
497,50.082825,54.0
498,49.963715,53.0
499,50.21429,53.0
500,50.0771,52.0
501,49.826023,52.0
502,49.27831,52.0
503,48.956844,52.0
504,48.89979,51.0
505,48.97534,49.0
506,48.80949,52.0
507,48.165623,53.0
508,48.525932,54.0
509,49.47526,70.0
510,50.67561,70.0
511,56.59528,70.0
512,61.758686,71.0
513,64.096085,70.0
514,64.62645,69.0
515,63.800667,68.0
516,62.487038,66.0
517,61.13124,65.0
518,59.808956,64.0
519,58.950775,63.0
520,58.294395,62.0
521,57.63635,61.0
522,56.992912,61.0
523,56.287113,60.0
524,55.84178,60.0
525,55.442913,59.0
526,55.170383,59.0
527,54.77532,58.0
528,54.474777,57.0
529,54.04623,57.0
530,53.405136,55.0
531,52.92044,55.0
532,52.173153,54.0
533,51.69861,60.0
534,51.36311,60.0
535,53.126293,61.0
536,54.891083,61.0
537,55.834435,61.0
538,55.545338,62.0
539,54.5415,62.0
540,53.829933,62.0
541,53.57653,62.0
542,53.519062,63.0
543,53.456837,63.0
544,53.488876,64.0
545,53.33612,64.0
546,53.514,65.0
547,53.83792,65.0
548,54.63262,65.0
549,55.791378,66.0
550,56.790134,67.0
551,57.721184,67.0
552,59.139683,66.0
553,60.158092,66.0
554,60.70493,66.0
555,61.09004,67.0
556,61.44593,67.0
557,62.12932,60.0
558,62.543804,60.0
559,60.97824,60.0
560,59.260162,60.0
561,58.228813,59.0
562,57.9638,59.0
563,57.921402,59.0
564,58.095917,59.0
565,58.262974,59.0
566,58.066193,59.0
567,57.393887,59.0
568,56.616425,59.0
569,55.916878,59.0
570,55.207996,59.0
571,54.571686,59.0
572,54.246326,59.0
573,54.130283,59.0
574,54.148277,59.0
575,54.19098,59.0
576,54.49958,59.0
577,54.708767,58.0
578,54.955376,58.0
579,54.94209,59.0
580,55.009308,60.0
581,55.578636,131.0
582,56.54198,136.0
583,75.83627,140.0
584,97.524704,143.0
585,107.32588,145.0
586,103.64745,130.0
587,89.05399,116.0
588,70.3657,103.0
589,53.01767,99.0
590,39.811924,99.0
591,33.48318,98.0
592,31.366716,98.0
593,30.957493,98.0
594,31.126547,99.0
595,32.756355,99.0
596,33.667282,99.0
597,36.96015,99.0
598,41.457752,99.0
599,44.86518,98.0
600,48.13857,98.0
601,51.371086,97.0
602,54.43515,97.0
603,58.309475,98.0
604,61.571648,99.0
605,64.477135,87.0
606,66.43093,86.0
607,65.30395,83.0
608,63.597477,81.0
609,62.362537,79.0
610,62.26629,78.0
611,63.04507,77.0
612,64.253,77.0
613,65.37267,77.0
614,66.22097,74.99999999999999
615,66.85873,71.0
616,66.69793,70.0
617,65.37208,69.0
618,63.93386,69.0
619,63.114872,68.0
620,63.276398,69.0
621,63.777378,69.0
622,64.45411,69.0
623,65.181786,70.0
624,65.702354,71.0
625,66.362885,72.0
626,67.2574,73.0
627,68.07252,73.0
628,68.67662,73.0
629,68.87916,64.0
630,68.76709,65.0
631,66.33966,66.0
632,64.28089,66.0
633,63.346382,66.0
634,63.35401,67.0
635,63.80562,67.0
636,64.62365,67.0
637,65.32635,67.0
638,65.58459,68.0
639,65.39365,68.0
640,65.17074,69.0
641,64.96564,69.0
642,65.25443,69.0
643,65.4993,69.0
644,65.750206,69.0
645,65.89138,70.0
646,65.92292,70.0
647,66.14909,70.0
648,66.33727,70.0
649,66.41801,70.0
650,66.481094,69.0
651,66.56991,69.0
652,66.375404,69.0
653,66.29187,54.0
654,66.311134,55.0
655,63.03819,57.0
656,59.52228,58.0
657,57.44196,59.0
658,56.88922,60.0
659,57.43645,60.0
660,58.535988,60.0
661,59.407684,60.0
662,59.36248,59.0
663,58.11093,59.0
664,56.669632,59.0
665,56.00848,59.0
666,55.849567,59.0
667,56.010303,59.0
668,56.254086,58.0
669,56.43399,58.0
670,56.126305,58.0
671,55.771896,58.0
672,55.567947,58.0
673,55.545464,58.0
674,55.544983,57.0
675,55.435093,57.0
676,54.99729,56.00000000000001
677,54.57316,71.0
678,54.12125,71.0
679,58.165108,71.0
680,62.533783,71.0
681,64.97784,71.0
682,65.19968,72.0
683,63.95483,72.0
684,62.507877,72.0
685,61.59752,73.0
686,61.142715,73.0
687,61.126945,73.0
688,60.60333,73.0
689,59.770386,73.0
690,58.537407,73.0
691,57.964745,73.0
692,57.891228,73.0
693,58.350914,73.0
694,59.11891,73.0
695,60.03232,73.0
696,61.16465,73.0
697,62.235786,73.0
698,63.16739,73.0
699,63.835087,73.0
700,64.32299,73.0
701,64.77781,73.0
702,65.29761,72.0
703,65.66894,72.0
704,65.82663,72.0
705,65.973366,72.0
706,66.11308,71.0
707,66.314354,71.0
708,66.20579,71.0
709,65.98504,71.0
710,65.57293,70.0
711,65.09522,71.0
712,64.11886,70.0
713,63.686493,70.0
714,63.2736,71.0
715,63.06133,72.0
716,63.279774,72.0
717,63.865486,72.0
718,64.44275,72.0
719,64.73288,72.0
720,64.924805,73.0
721,65.14108,73.0
722,65.5999,73.0
723,66.088326,73.0
724,66.46924,72.0
725,66.92496,71.0
726,66.87162,71.0
727,66.45092,70.0
728,66.13219,69.0
729,65.813,69.0
730,65.469284,68.0
731,65.281265,68.0
732,65.00068,68.0
733,64.719215,68.0
734,64.434006,68.0
735,63.935017,68.0
736,63.27744,68.0
737,62.74967,68.0
738,62.282425,68.0
739,62.05788,68.0
740,61.947315,68.0
741,61.927746,68.0
742,61.971428,67.0
743,62.022903,67.0
744,61.881546,67.0
745,61.74872,67.0
746,61.823814,67.0
747,62.026707,67.0
748,62.243904,67.0
749,62.57435,67.0
750,62.867268,68.0
751,63.1699,68.0
752,63.610928,69.0
753,64.09726,69.0
754,64.70013,69.0
755,65.20399,69.0
756,65.44028,69.0
757,65.38875,68.0
758,65.044106,68.0
759,64.3431,68.0
760,63.60925,68.0
761,63.261223,69.0
762,63.03503,68.0
763,63.16108,67.0
764,63.030743,67.0
765,62.61344,68.0
766,62.31136,68.0
767,62.602104,68.0
768,63.109783,69.0
769,63.495583,69.0
770,63.99748,70.0
771,64.38395,71.0
772,64.92319,71.0
773,65.65905,73.0
774,66.393875,74.0
775,67.33231,74.0
776,68.33574,74.0
777,69.04576,74.0
778,69.5852,73.0
779,69.67507,73.0
780,69.112724,72.0
781,68.55701,71.0
782,67.90546,70.0
783,66.9372,70.0
784,65.967926,70.0
785,65.14747,70.0
786,64.64776,71.0
787,64.34554,71.0
788,64.43895,72.0
789,64.48756,72.0
790,64.64887,72.0
791,64.65187,73.0
792,64.733925,72.0
793,65.166306,72.0
794,65.28435,71.0
795,65.38657,70.0
796,65.2228,69.0
797,64.91997,68.0
798,64.59009,68.0
799,64.24501,67.0
800,64.170105,67.0
801,64.0761,68.0
802,64.04431,68.0
803,64.310585,69.0
804,64.62744,70.0
805,65.136055,71.0
806,65.59166,73.0
807,65.85602,74.0
808,66.20681,74.0
809,66.414055,74.0
810,66.38907,74.0
811,66.167625,74.99999999999999
812,66.01503,74.99999999999999
813,66.23237,74.99999999999999
814,66.524414,74.99999999999999
815,66.7164,74.99999999999999
816,67.16423,74.99999999999999
817,67.57932,74.99999999999999
818,67.952675,74.99999999999999
819,68.25939,76.0
820,68.44875,76.0
821,68.84388,74.99999999999999
822,69.461716,74.99999999999999
823,69.70561,76.0
824,69.85832,76.0
825,70.16667,77.0
826,70.67544,78.0
827,71.19064,79.99999999999999
828,71.736465,81.0
829,72.184296,82.0
830,71.67804,82.0
831,69.99569,82.0
832,67.27427,82.0
833,65.23055,83.0
834,63.78226,83.0
835,63.80438,83.0
836,64.948425,83.0
837,66.39106,82.0
838,67.62613,82.0
839,67.98209,82.0
840,68.30449,83.0
841,68.96224,85.00000000000001
842,70.23939,87.0
843,72.13517,89.0
844,74.25284,91.0
845,76.274864,92.0
846,78.116486,94.0
847,79.593994,95.0
848,80.84536,96.0
849,81.7765,96.0
850,82.668144,96.0
851,83.30096,95.0
852,83.42959,93.0
853,82.51545,91.0
854,80.13832,89.0
855,76.482956,88.0
856,72.54272,87.0
857,69.33781,86.0
858,67.256004,86.0
859,66.57011,84.0
860,66.0792,84.0
861,64.93894,83.0
862,64.180664,82.0
863,63.719822,81.0
864,63.544186,79.0
865,63.73792,79.0
866,63.89585,77.0
867,64.24892,74.99999999999999
868,64.24768,74.0
869,63.96071,74.99999999999999
870,64.05048,74.99999999999999
871,64.71812,74.99999999999999
872,65.68984,77.0
873,66.74316,77.0
874,67.84124,77.0
875,68.70237,79.0
876,69.20231,81.0
877,69.94306,83.0
878,71.09538,85.00000000000001
879,72.26617,86.0
880,73.38478,85.00000000000001
881,73.583046,85.00000000000001
882,72.52836,84.0
883,71.2208,84.0
884,70.21112,84.0
885,69.72456,84.0
886,69.770996,84.0
887,70.04015,84.0
888,70.38751,84.0
889,70.68505,83.0
890,70.938484,82.0
891,71.204124,81.0
892,71.069046,79.99999999999999
893,70.54417,78.0
894,70.02732,76.0
895,69.068184,74.99999999999999
896,68.0287,77.0
897,67.95226,77.0
898,68.00681,74.99999999999999
899,68.44652,74.0
900,68.12923,73.0
901,67.21518,73.0
902,65.905785,73.0
903,65.04192,73.0
904,64.57056,74.0
905,64.55509,74.99999999999999
906,65.0523,76.0
907,65.9763,76.0
908,66.78657,77.0
909,67.03821,77.0
910,67.55684,77.0
911,67.82386,77.0
912,67.84137,76.0
913,68.19284,76.0
914,68.305336,76.0
915,68.48191,76.0
916,68.74651,76.0
917,69.10166,76.0
918,69.53844,76.0
919,69.72604,74.0
920,69.53319,70.0
921,68.613365,68.0
922,66.49769,67.0
923,64.18287,66.0
924,62.198025,65.0
925,60.88258,64.0
926,60.13818,63.0
927,59.180527,63.0
928,57.606117,63.0
929,56.43788,63.0
930,55.595325,62.0
931,54.9956,62.0
932,54.285988,61.0
933,53.32264,61.0
934,52.99635,61.0
935,53.041107,61.0
936,53.501453,61.0
937,54.20874,61.0
938,55.0433,62.0
939,55.743946,61.0
940,56.5289,61.0
941,56.995155,61.0
942,57.165726,61.0
943,57.303413,60.0
944,57.37337,59.0
945,57.145184,58.0
946,56.53792,58.0
947,55.816948,57.0
948,55.23874,57.0
949,54.570255,56.00000000000001
950,53.88795,55.0
951,52.875797,53.0
952,51.502777,53.0
953,49.654846,53.0
954,48.48166,54.0
955,48.17993,54.0
956,48.75344,54.0
957,49.27191,55.0
958,49.422855,56.00000000000001
959,49.525604,56.00000000000001
960,49.986153,56.00000000000001
961,50.227005,56.00000000000001
962,50.33103,55.0
963,50.42813,56.00000000000001
964,50.389942,55.0
965,50.89034,55.0
966,51.20906,55.0
967,51.428055,55.0
968,51.75256,55.0
969,52.040024,56.00000000000001
970,52.354176,56.00000000000001
971,52.87468,56.00000000000001
972,53.33802,56.00000000000001
973,53.274353,57.0
974,52.43543,57.0
975,51.421673,57.0
976,50.51185,57.0
977,49.73691,56.00000000000001
978,49.3043,55.0
979,48.824245,55.0
980,48.370457,54.0
981,48.25596,54.0
982,47.917633,53.0
983,47.63533,53.0
984,47.36895,52.0
985,47.505383,52.0
986,47.22882,52.0
987,47.13286,52.0
988,47.278133,53.0
989,47.7579,53.0
990,48.665676,54.0
991,49.559006,55.0
992,50.452328,56.00000000000001
993,51.316654,56.00000000000001
994,52.120113,57.0
995,52.561634,57.0
996,52.972797,58.0
997,53.085682,59.0
998,53.271782,60.0
999,53.51995,60.0
1000,53.71587,60.0
1001,53.75493,60.0
1002,53.561554,60.0
1003,53.37922,60.0
1004,53.508366,60.0
1005,53.854347,60.0
1006,54.348972,60.0
1007,54.925377,60.0
1008,55.329514,61.0
1009,55.710365,61.0
1010,56.371296,61.0
1011,56.95704,61.0
1012,57.356575,61.0
1013,57.628033,61.0
1014,57.89047,61.0
1015,57.90752,59.0
1016,57.997963,58.0
1017,57.418964,57.0
1018,56.56064,57.0
1019,55.69961,56.00000000000001
1020,55.167225,55.0
1021,54.57188,54.0
1022,53.8415,55.0
1023,52.906227,55.0
1024,52.59201,55.0
1025,52.61973,55.0
1026,52.710674,55.0
1027,52.735107,55.0
1028,52.5821,54.0
1029,52.43132,54.0
1030,51.944897,54.0
1031,51.786713,54.0
1032,51.8034,54.0
1033,51.73806,53.0
1034,51.838085,53.0
1035,51.649193,52.0
1036,51.47609,52.0
1037,51.10904,53.0
1038,50.829384,53.0
1039,50.983852,54.0
1040,51.228893,55.0
1041,51.79436,55.0
1042,52.48576,55.0
1043,52.913364,56.00000000000001
1044,53.13469,57.0
1045,53.342216,58.0
1046,53.671726,59.0
1047,53.98384,58.0
1048,54.127003,58.0
1049,53.383373,58.0
1050,52.68645,58.0
1051,52.45196,58.0
1052,52.549377,58.0
1053,52.851837,59.0
1054,53.40787,58.0
1055,54.33362,58.0
1056,54.856396,58.0
1057,55.113365,59.0
1058,55.287373,59.0
1059,55.766235,60.0
1060,56.11776,60.0
1061,56.741196,60.0
1062,57.332436,62.0
1063,57.639942,63.0
1064,58.241543,63.0
1065,59.20884,64.0
1066,59.792633,65.0
1067,60.307117,64.0
1068,60.783062,63.0
1069,60.72408,62.0
1070,59.775795,61.0
1071,58.326653,60.0
1072,56.941395,61.0
1073,55.986973,61.0
1074,56.035736,61.0
1075,56.5756,62.0
1076,57.174103,62.0
1077,57.796566,61.0
1078,58.026554,61.0
1079,57.850838,61.0
1080,57.618504,61.0
1081,57.62896,61.0
1082,57.9597,61.0
1083,58.189148,61.0
1084,58.35326,61.0
1085,58.551273,61.0
1086,58.712883,59.0
1087,58.817978,59.0
1088,58.295994,58.0
1089,57.671726,58.0
1090,56.956215,58.0
1091,56.44608,58.0
1092,56.222195,59.0
1093,56.211452,59.0
1094,56.62759,60.0
1095,56.58854,61.0
1096,56.43304,61.0
1097,56.50088,61.0
1098,56.439964,61.0
1099,56.361576,61.0
1100,56.299427,61.0
1101,56.262447,60.0
1102,56.413837,60.0
1103,56.45185,60.0
1104,56.487762,60.0
1105,56.60443,60.0
1106,56.831406,60.0
1107,57.147892,60.0
1108,57.391197,60.0
1109,57.616398,60.0
1110,57.64001,60.0
1111,57.60436,59.0
1112,57.48609,60.0
1113,57.051434,60.0
1114,56.837055,59.0
1115,56.702625,59.0
1116,56.23814,59.0
1117,55.449852,58.0
1118,54.164185,58.0
1119,52.28079,58.0
1120,50.516544,58.0
1121,49.13513,58.0
1122,48.440197,57.0
1123,48.196594,56.00000000000001
1124,47.244675,55.0
1125,45.99515,55.0
1126,45.278774,55.0
1127,45.27642,54.0
1128,45.91751,54.0
1129,46.51751,54.0
1130,47.07335,54.0
1131,47.7086,54.0
1132,48.386703,54.0
1133,49.11803,64.0
1134,49.752514,63.0
1135,53.504078,62.0
1136,56.672527,61.0
1137,57.95774,61.0
1138,57.833607,61.0
1139,57.265133,61.0
1140,56.803707,62.0
1141,56.566486,62.0
1142,56.84855,62.0
1143,57.365097,62.0
1144,57.524464,62.0
1145,57.1027,62.0
1146,56.99371,62.0
1147,57.278507,63.0
1148,57.723106,64.0
1149,58.39049,64.0
1150,59.333164,64.0
1151,60.124817,64.0
1152,60.666683,63.0
1153,60.924084,62.0
1154,60.80677,62.0
1155,60.30772,62.0
1156,59.893864,62.0
1157,59.75025,45.0
1158,59.810856,47.0
1159,55.90343,45.0
1160,51.70535,44.0
1161,48.03643,44.0
1162,45.50072,43.0
1163,44.304607,44.0
1164,43.86365,44.0
1165,44.515987,45.0
1166,45.518368,46.0
1167,46.136307,46.0
1168,46.341026,45.0
1169,46.61266,45.0
1170,46.302048,45.0
1171,45.844288,45.0
1172,45.548363,46.0
1173,45.536892,47.0
1174,46.049675,46.0
1175,47.015907,47.0
1176,47.38892,49.0
1177,47.779663,51.0
1178,48.379364,51.0
1179,49.64001,49.0
1180,50.582603,48.0
1181,50.399525,57.0
1182,49.498436,57.0
1183,51.48833,57.0
1184,53.742947,56.00000000000001
1185,55.217815,56.00000000000001
1186,55.356987,55.0
1187,54.905514,54.0
1188,53.868633,54.0
1189,52.543613,54.0
1190,51.905865,53.0
1191,52.121517,54.0
1192,52.18298,54.0
1193,52.499443,54.0
1194,52.908768,55.0
1195,53.094612,55.0
1196,53.25887,55.0
1197,53.19855,54.0
1198,52.96568,54.0
1199,52.354927,54.0
1200,51.783436,54.0
1201,51.50895,53.0
1202,51.406227,53.0
1203,51.113888,53.0
1204,51.03408,52.0
1205,50.9646,56.00000000000001
1206,50.868073,57.0
1207,51.924862,59.0
1208,53.30791,61.0
1209,54.750664,62.0
1210,56.05192,64.0
1211,56.91934,65.0
1212,57.847042,68.0
1213,58.91208,70.0
1214,60.407047,72.0
1215,62.07948,72.0
1216,63.31116,72.0
1217,63.73934,71.0
1218,63.257862,72.0
1219,62.156887,72.0
1220,61.811005,71.0
1221,61.95069,71.0
1222,61.967773,69.0
1223,62.105186,68.0
1224,61.807858,67.0
1225,61.385483,66.0
1226,61.06931,66.0
1227,60.8618,65.0
1228,60.97549,65.0
1229,61.022995,53.0
1230,61.009323,52.0
1231,58.121483,51.0
1232,54.69584,47.0
1233,51.86994,45.0
1234,49.24372,43.0
1235,46.9157,44.0
1236,44.778275,45.0
1237,44.079052,47.0
1238,45.199963,49.0
1239,47.48136,51.0
1240,49.830814,52.0
1241,51.711792,52.0
1242,52.443356,52.0
1243,51.844547,52.0
1244,50.7789,52.0
1245,49.81379,52.0
1246,49.26239,52.0
1247,49.12716,52.0
1248,49.202427,53.0
1249,49.36208,53.0
1250,49.90608,53.0
1251,50.447033,53.0
1252,50.86369,53.0
1253,51.0223,67.0
1254,50.97797,66.0
1255,55.54002,65.0
1256,59.501236,64.0
1257,61.102913,63.0
1258,60.952175,62.0
1259,59.818405,61.0
1260,58.101032,60.0
1261,56.16954,59.0
1262,54.355488,58.0
1263,52.91354,57.0
1264,51.71485,57.0
1265,50.659264,56.00000000000001
1266,50.22949,56.00000000000001
1267,49.881428,56.00000000000001
1268,49.668037,56.00000000000001
1269,49.478924,56.00000000000001
1270,49.449165,54.0
1271,49.55057,55.0
1272,49.124344,55.0
1273,48.97038,55.0
1274,48.942535,55.0
1275,48.99214,54.0
1276,49.029915,53.0
1277,48.91867,60.0
1278,48.536728,60.0
1279,50.741432,60.0
1280,53.070454,60.0
1281,54.467335,59.0
1282,54.9787,59.0
1283,54.74773,59.0
1284,54.39391,59.0
1285,54.189247,59.0
1286,54.046894,60.0
1287,53.956154,61.0
1288,54.139854,61.0
1289,54.120625,60.0
1290,53.96573,61.0
1291,53.974506,60.0
1292,54.41185,61.0
1293,54.380173,61.0
1294,54.7723,62.0
1295,55.234436,62.0
1296,56.161194,62.0
1297,56.737885,63.0
1298,57.221313,64.0
1299,58.116405,64.0
1300,58.914204,64.0
1301,59.6744,113.0
1302,60.880497,121.0
1303,73.16454,133.0
1304,89.41244,133.0
1305,102.07609,141.0
1306,106.886116,151.0
1307,104.91045,152.0
1308,99.901436,152.0
1309,88.68157,152.0
1310,71.77792,152.0
1311,49.15687,152.0
1312,22.839931,152.0
1313,-0.9286093,152.0
1314,-21.98074,149.0
1315,-41.9774,151.0
1316,-63.125454,146.0
1317,-75.960175,119.0
1318,-81.30207,105.0
1319,-82.51423,100.0
1320,-72.18282,99.0
1321,-55.868706,98.0
1322,-35.501614,96.0
1323,-16.239035,93.0
1324,-0.28877184,91.0
1325,11.852503,73.0
1326,20.98437,74.0
1327,26.390951,74.99999999999999
1328,31.587912,74.99999999999999
1329,37.126343,76.0
1330,42.490974,76.0
1331,47.479733,76.0
1332,51.245712,76.0
1333,53.995182,77.0
1334,55.900623,78.0
1335,57.09195,79.0
1336,58.07184,81.0
1337,58.89624,81.0
1338,59.80716,83.0
1339,60.45533,85.00000000000001
1340,61.61612,85.00000000000001
1341,63.87262,86.0
1342,65.89891,87.0
1343,68.03165,88.0
1344,70.07884,89.0
1345,72.04553,89.0
1346,73.88729,88.0
1347,75.18456,88.0
1348,75.68987,88.0
1349,76.00905,68.0
1350,76.50788,67.0
1351,74.19523,65.0
1352,71.012474,64.0
1353,68.115974,63.0
1354,66.12626,61.0
1355,65.05408,60.0
1356,64.28067,59.0
1357,63.97681,58.0
1358,63.445427,57.0
1359,62.349255,56.00000000000001
1360,61.797802,56.00000000000001
1361,62.212368,55.0
1362,63.379627,54.0
1363,64.00232,54.0
1364,64.10121,52.0
1365,64.094574,52.0
1366,63.35195,52.0
1367,62.44639,52.0
1368,61.51305,52.0
1369,60.676258,51.0
1370,59.97134,49.0
1371,59.054447,47.0
1372,57.60151,48.0
1373,55.696033,56.00000000000001
1374,54.63204,55.0
1375,57.013615,54.0
1376,59.104424,54.0
1377,59.679283,54.0
1378,59.121696,54.0
1379,58.14701,55.0
1380,57.16328,56.00000000000001
1381,56.68933,57.0
1382,56.818226,58.0
1383,57.61657,58.0
1384,58.528954,58.0
1385,58.867744,58.0
1386,58.746655,59.0
1387,58.55564,60.0
1388,58.771744,60.0
1389,59.245453,60.0
1390,59.637177,60.0
1391,59.680363,61.0
1392,59.66818,62.0
1393,59.903767,62.0
1394,60.325047,62.0
1395,60.69247,64.0
1396,60.830738,65.0
1397,61.214,63.0
1398,61.789192,62.0
1399,61.716225,62.0
1400,61.1401,62.0
1401,60.640556,63.0
1402,60.359028,62.0
1403,60.493282,62.0
1404,60.521072,62.0
1405,60.406708,62.0
1406,60.246845,62.0
1407,59.824818,61.0
1408,59.400085,61.0
1409,58.739136,61.0
1410,58.235462,61.0
1411,58.057198,60.0
1412,58.12036,60.0
1413,58.03101,60.0
1414,57.975655,59.0
1415,57.984554,60.0
1416,57.733406,59.0
1417,57.836056,59.0
1418,57.78645,60.0
1419,57.704746,61.0
1420,57.928986,61.0
1421,58.42943,63.0
1422,58.97615,63.0
1423,59.85975,64.0
1424,60.622406,64.0
1425,61.325073,65.0
1426,61.74855,65.0
1427,62.228333,66.0
1428,62.50201,66.0
1429,62.79558,66.0
1430,62.778976,66.0
1431,62.222893,67.0
1432,61.419384,67.0
1433,60.959484,67.0
1434,60.803,67.0
1435,60.809708,67.0
1436,60.76339,66.0
1437,60.850983,66.0
1438,60.865845,65.0
1439,60.785652,64.0
1440,60.53785,64.0
1441,60.222786,64.0
1442,60.132538,64.0
1443,60.323837,64.0
1444,60.619904,64.0
1445,60.877132,64.0
1446,61.004337,64.0
1447,61.103413,64.0
1448,61.113598,64.0
1449,61.101994,63.0
1450,61.028683,63.0
1451,60.635597,62.0
1452,60.065468,62.0
1453,59.202152,62.0
1454,58.413692,62.0
1455,57.733917,62.0
1456,57.239838,62.0
1457,56.978073,62.0
1458,56.82961,62.0
1459,57.00093,61.0
1460,57.28416,61.0
1461,56.990383,61.0
1462,56.776146,61.0
1463,56.801933,62.0
1464,57.19015,62.0
1465,57.95381,63.0
1466,58.66454,63.0
1467,59.466175,64.0
1468,60.11153,65.0
1469,60.93297,68.0
1470,61.78279,69.0
1471,63.06351,70.0
1472,64.40383,71.0
1473,65.46203,72.0
1474,66.35977,73.0
1475,67.10729,74.0
1476,67.82476,74.99999999999999
1477,68.55128,74.99999999999999
1478,68.92366,74.99999999999999
1479,68.7723,76.0
1480,68.42167,76.0
1481,68.295395,76.0
1482,68.01033,76.0
1483,67.59135,76.0
1484,67.29421,77.0
1485,66.803734,77.0
1486,66.80045,76.0
1487,66.96781,76.0
1488,66.33799,76.0
1489,66.345566,74.99999999999999
1490,65.983215,74.99999999999999
1491,66.02505,74.0
1492,65.99969,71.0
1493,65.83229,69.0
1494,64.90087,68.0
1495,63.527695,67.0
1496,62.35556,66.0
1497,61.533535,66.0
1498,60.927208,67.0
1499,60.933678,68.0
1500,61.596905,69.0
1501,62.388397,69.0
1502,62.613068,68.0
1503,61.993874,67.0
1504,60.51688,66.0
1505,58.655914,66.0
1506,57.20304,66.0
1507,56.89105,66.0
1508,57.28351,66.0
1509,58.068836,67.0
1510,59.02587,67.0
1511,59.870537,67.0
1512,60.582287,67.0
1513,61.285854,68.0
1514,61.758373,67.0
1515,62.24633,68.0
1516,62.45513,68.0
1517,62.751583,67.0
1518,63.133755,68.0
1519,63.20321,68.0
1520,63.426067,67.0
1521,63.70601,65.0
1522,63.58105,63.0
1523,62.74948,60.0
1524,61.004757,57.0
1525,58.243324,56.00000000000001
1526,55.317825,57.0
1527,53.536793,57.0
1528,53.573414,58.0
1529,54.25781,58.0
1530,55.189117,58.0
1531,55.82534,58.0
1532,55.56807,57.0
1533,54.9725,56.00000000000001
1534,54.158268,56.00000000000001
1535,53.110664,55.0
1536,52.358723,54.0
1537,51.856686,54.0
1538,51.481728,53.0
1539,51.364017,52.0
1540,51.073807,52.0
1541,50.672478,52.0
1542,50.267994,48.0
1543,49.83485,47.0
1544,48.12151,48.0
1545,46.16407,51.0
1546,45.36912,52.0
1547,46.35546,52.0
1548,48.014008,53.0
1549,49.15133,54.0
1550,49.518948,54.0
1551,49.379517,54.0
1552,48.89031,53.0
1553,48.465565,53.0
1554,47.880226,52.0
1555,47.535645,51.0
1556,47.24965,50.0
1557,46.983475,50.0
1558,46.62522,51.0
1559,46.613914,52.0
1560,47.233654,52.0
1561,48.23898,52.0
1562,49.009014,52.0
1563,49.34452,52.0
1564,49.403072,52.0
1565,49.423733,52.0
1566,49.216827,52.0
1567,49.048656,51.0
1568,48.899223,51.0
1569,48.49365,50.0
1570,48.100906,51.0
1571,47.515034,52.0
1572,47.43688,52.0
1573,47.914387,52.0
1574,48.1635,53.0
1575,47.985966,54.0
1576,47.731266,54.0
1577,47.68135,54.0
1578,47.56906,54.0
1579,47.492493,54.0
1580,47.501015,54.0
1581,47.72645,54.0
1582,48.059475,54.0
1583,48.663513,54.0
1584,49.23822,54.0
1585,49.720356,54.0
1586,50.061504,54.0
1587,50.26051,54.0
1588,50.409595,54.0
1589,50.65339,54.0
1590,50.806255,55.0
1591,50.939068,55.0
1592,51.491074,57.0
1593,52.108307,58.0
1594,53.17613,57.0
1595,54.336834,56.00000000000001
1596,54.800694,55.0
1597,54.364025,54.0
1598,53.176163,52.0
1599,51.749916,51.0
1600,50.43047,49.0
1601,49.54924,48.0
1602,48.666527,48.0
1603,48.008987,49.0
1604,47.886772,50.0
1605,48.55141,48.0
1606,49.614635,47.0
1607,49.274544,45.0
1608,47.73603,44.0
1609,45.29263,44.0
1610,42.952686,44.0
1611,41.542812,46.0
1612,41.18369,48.0
1613,42.233635,47.0
1614,44.179306,46.0
1615,45.37762,45.0
1616,45.30936,42.0
1617,43.904793,39.99999999999999
1618,41.17261,39.99999999999999
1619,38.408134,41.0
1620,36.93847,43.0
1621,37.3027,47.0
1622,39.561543,51.0
1623,43.42658,53.0
1624,47.431793,54.0
1625,49.40024,55.0
1626,49.072845,55.0
1627,47.984386,55.0
1628,46.95898,55.0
1629,46.34296,56.00000000000001
1630,46.481007,56.00000000000001
1631,47.565636,56.00000000000001
1632,48.95462,56.00000000000001
1633,50.257973,56.00000000000001
1634,51.342262,57.0
1635,52.149338,56.00000000000001
1636,52.9712,57.0
1637,53.34547,58.0
1638,53.817326,59.0
1639,54.455578,61.0
1640,55.238205,61.0
1641,56.30283,61.0
1642,57.100628,62.0
1643,57.602665,63.0
1644,58.171772,64.0
1645,58.78634,65.0
1646,59.38444,65.0
1647,59.9181,64.0
1648,59.99564,64.0
1649,59.482372,64.0
1650,59.000454,64.0
1651,58.8305,63.0
1652,58.837887,64.0
1653,58.80667,63.0
1654,59.20371,64.0
1655,59.424564,63.0
1656,59.855335,63.0
1657,60.120865,63.0
1658,60.22808,63.0
1659,60.328964,63.0
1660,60.397865,63.0
1661,60.47657,62.0
1662,60.51892,62.0
1663,60.214935,61.0
1664,59.843014,61.0
1665,59.34872,62.0
1666,58.9932,63.0
1667,59.10041,63.0
1668,59.59122,63.0
1669,59.999172,63.0
1670,60.02953,63.0
1671,59.752064,63.0
1672,59.2362,63.0
1673,58.885757,63.0
1674,58.800278,63.0
1675,58.96474,64.0
1676,59.201187,64.0
1677,59.81625,65.0
1678,60.441437,65.0
1679,61.22235,66.0
1680,61.733677,66.0
1681,62.237343,66.0
1682,62.632748,67.0
1683,62.943657,67.0
1684,63.36747,67.0
1685,63.64524,67.0
1686,63.789906,67.0
1687,63.747433,67.0
1688,63.85222,68.0
1689,63.916496,67.0
1690,64.14689,66.0
1691,64.095436,65.0
1692,63.691654,64.0
1693,62.857735,63.0
1694,61.842186,61.0
1695,60.71344,60.0
1696,59.421608,60.0
1697,58.3122,60.0
1698,57.85857,60.0
1699,57.788364,60.0
1700,57.994682,60.0
1701,58.197136,59.0
1702,58.243916,59.0
1703,57.80469,58.0
1704,57.4039,58.0
1705,56.82771,60.0
1706,56.51543,60.0
1707,56.92504,60.0
1708,57.44139,60.0
1709,57.719727,61.0
1710,57.94916,62.0
1711,58.417423,63.0
1712,58.98602,64.0
1713,59.59775,64.0
1714,60.197975,65.0
1715,60.61561,67.0
1716,61.028847,69.0
1717,61.931087,70.0
1718,63.165783,72.0
1719,64.18991,73.0
1720,65.225136,74.0
1721,65.958336,74.0
1722,66.45748,74.99999999999999
1723,66.56609,76.0
1724,66.97482,76.0
1725,67.53533,76.0
1726,68.059326,77.0
1727,68.35157,77.0
1728,68.81972,78.0
1729,69.271614,76.0
1730,69.84737,76.0
1731,69.839516,76.0
1732,69.57656,77.0
1733,69.42564,77.0
1734,69.54473,77.0
1735,69.9889,76.0
1736,70.05623,74.99999999999999
1737,69.74286,76.0
1738,69.231,76.0
1739,69.056076,74.99999999999999
1740,69.08756,76.0
1741,69.146736,76.0
1742,69.21522,77.0
1743,69.32249,78.0
1744,69.42411,77.0
1745,69.487305,76.0
1746,68.7154,76.0
1747,67.624214,74.99999999999999
1748,67.07255,74.99999999999999
1749,66.80459,74.0
1750,66.84792,74.0
1751,66.96791,74.0
1752,67.122536,73.0
1753,67.43381,73.0
1754,67.58673,72.0
1755,67.70408,72.0
1756,67.54327,71.0
1757,67.41264,71.0
1758,67.030365,69.0
1759,66.63361,68.0
1760,65.80192,67.0
1761,64.888405,66.0
1762,63.933258,66.0
1763,63.099457,65.0
1764,62.614162,64.0
1765,62.11025,66.0
1766,61.701385,66.0
1767,61.77678,65.0
1768,61.339993,64.0
1769,60.69605,64.0
1770,59.73138,64.0
1771,59.1375,64.0
1772,59.03093,64.0
1773,59.36176,64.0
1774,59.973305,64.0
1775,60.577984,64.0
1776,60.983604,64.0
1777,61.20101,64.0
1778,61.34131,65.0
1779,61.512604,65.0
1780,61.88958,65.0
1781,62.17121,64.0
1782,62.268948,64.0
1783,61.93539,64.0
1784,61.509045,63.0
1785,61.19488,63.0
1786,60.74279,62.0
1787,60.449272,61.0
1788,59.96942,60.0
1789,59.10233,56.00000000000001
1790,57.834435,53.0
1791,55.530964,53.0
1792,52.740566,53.0
1793,51.11215,54.0
1794,50.926365,55.0
1795,51.86764,55.0
1796,53.22567,56.00000000000001
1797,54.085438,55.0
1798,54.52132,55.0
1799,54.100445,55.0
1800,53.578953,56.00000000000001
1801,53.287445,56.00000000000001
1802,54.035225,56.00000000000001
1803,54.22706,57.0
1804,54.1793,57.0
1805,54.442165,58.0
1806,54.708862,58.0
1807,55.1823,59.0
1808,55.593822,61.0
1809,56.192825,66.0
1810,57.694965,68.0
1811,59.01023,68.0
1812,61.183826,69.0
1813,62.520653,70.0
1814,62.797005,71.0
1815,62.715355,72.0
1816,62.804436,72.0
1817,63.132065,72.0
1818,63.264816,71.0
1819,63.29205,71.0
1820,62.976486,71.0
1821,62.94895,71.0
1822,63.022926,71.0
1823,63.330704,71.0
1824,64.00963,70.0
1825,64.57743,70.0
1826,64.810745,70.0
1827,65.25263,70.0
1828,65.35783,70.0
1829,65.15031,70.0
1830,64.92258,71.0
1831,64.77966,73.0
1832,65.32002,73.0
1833,66.23572,67.0
1834,66.78605,65.0
1835,65.641365,64.0
1836,63.33502,62.0
1837,61.06878,61.0
1838,59.391754,60.0
1839,58.782604,59.0
1840,58.32615,59.0
1841,57.89755,59.0
1842,57.677605,59.0
1843,57.687435,59.0
1844,57.920406,60.0
1845,57.937386,60.0
1846,58.190228,61.0
1847,58.190155,60.0
1848,58.358917,61.0
1849,58.136066,61.0
1850,58.22216,61.0
1851,58.375328,61.0
1852,58.471867,62.0
1853,58.547,55.0
1854,58.766666,55.0
1855,57.230972,56.00000000000001
1856,55.379448,56.00000000000001
1857,54.482944,56.00000000000001
1858,54.430573,56.00000000000001
1859,54.721474,58.0
1860,55.169514,58.0
1861,56.105835,59.0
1862,56.820404,60.0
1863,57.23889,60.0
1864,57.306667,60.0
1865,57.065838,60.0
1866,56.601,60.0
1867,56.325455,60.0
1868,56.27926,60.0
1869,56.423492,60.0
1870,56.5567,60.0
1871,56.708645,61.0
1872,56.968678,60.0
1873,57.42364,60.0
1874,57.56533,60.0
1875,57.54303,59.0
1876,57.331055,59.0
1877,56.89366,62.0
1878,56.675995,62.0
1879,57.476265,64.0
1880,58.562634,64.0
1881,59.811844,62.0
1882,60.675785,62.0
1883,60.630775,62.0
1884,60.031986,60.0
1885,59.103676,59.0
1886,57.73979,57.0
1887,56.457584,55.0
1888,55.17727,55.0
1889,53.752632,54.0
1890,53.031277,54.0
1891,52.597736,53.0
1892,52.580574,52.0
1893,52.317657,51.0
1894,51.63266,50.0
1895,50.505787,48.0
1896,49.33671,48.0
1897,47.867397,49.0
1898,46.975025,49.0
1899,47.08602,51.0
1900,47.662132,51.0
1901,48.79372,46.0
1902,49.586212,45.0
1903,48.337097,45.0
1904,45.87612,46.0
1905,43.91746,47.0
1906,43.44987,49.0
1907,44.290894,49.0
1908,46.222103,51.0
1909,47.38292,50.0
1910,48.25386,48.0
1911,47.954548,49.0
1912,46.227955,50.0
1913,45.009605,50.0
1914,44.914116,51.0
1915,45.513283,51.0
1916,46.67924,52.0
1917,47.5604,52.0
1918,48.27623,53.0
1919,48.66973,54.0
1920,49.244045,61.0
1921,50.25051,61.0
1922,52.59193,54.0
1923,54.85386,55.0
1924,54.56418,55.0
1925,53.60943,53.0
1926,52.769154,53.0
1927,51.80938,54.0
1928,51.31029,54.0
1929,51.503807,54.0
1930,51.95863,54.0
1931,52.490353,55.0
1932,52.869892,55.0
1933,53.154922,56.00000000000001
1934,52.7313,57.0
1935,52.87458,57.0
1936,53.081173,58.0
1937,52.939114,57.0
1938,53.05696,57.0
1939,52.78692,57.0
1940,52.360954,58.0
1941,52.436073,59.0
1942,53.03809,59.0
1943,53.921867,59.0
1944,54.791008,59.0
1945,55.41183,59.0
1946,55.767654,60.0
1947,55.984737,59.0
1948,56.422348,60.0
1949,56.641125,65.0
1950,57.093517,65.0
1951,58.77585,64.0
1952,60.40234,65.0
1953,61.25849,65.0
1954,61.596836,65.0
1955,61.672115,65.0
1956,61.611702,64.0
1957,61.40245,63.0
1958,60.85395,63.0
1959,60.169167,64.0
1960,59.45217,63.0
1961,59.462868,63.0
1962,59.496376,63.0
1963,59.605824,63.0
1964,59.700382,62.0
1965,59.88274,62.0
1966,59.701855,62.0
1967,59.547527,62.0
1968,59.521557,62.0
1969,59.615017,62.0
1970,59.69407,62.0
1971,59.736,62.0
1972,59.77958,61.0
1973,59.706333,54.0
1974,59.518173,54.0
1975,57.45873,54.0
1976,55.29945,54.0
1977,53.79591,55.0
1978,53.078552,55.0
1979,53.205017,55.0
1980,53.68906,56.00000000000001
1981,54.131832,55.0
1982,54.40512,55.0
1983,53.77101,54.0
1984,52.940998,54.0
1985,51.97681,53.0
1986,51.370083,53.0
1987,51.014786,52.0
1988,50.98565,52.0
1989,50.56657,53.0
1990,50.068546,52.0
1991,49.940308,52.0
1992,49.570965,52.0
1993,49.37293,52.0
1994,49.449955,52.0
1995,49.518524,52.0
1996,49.42752,50.0
1997,49.375694,53.0
1998,48.487675,53.0
1999,48.6065,53.0
2000,49.147137,54.0
2001,49.74289,54.0
2002,50.33769,55.0
2003,50.63443,56.00000000000001
2004,50.81339,56.00000000000001
2005,50.936687,56.00000000000001
2006,50.707188,57.0
2007,50.122208,58.0
2008,49.75691,59.0
2009,49.59757,59.0
2010,49.928917,59.0
2011,50.36659,59.0
2012,50.746433,59.0
2013,50.89753,59.0
2014,51.224792,60.0
2015,51.64141,60.0
2016,52.334343,60.0
2017,53.152466,59.0
2018,53.7975,59.0
2019,54.068066,59.0
2020,54.290985,59.0
2021,54.662178,64.0
2022,54.976433,65.0
2023,56.72764,65.0
2024,58.725025,66.0
2025,60.067078,67.0
2026,60.989445,66.0
2027,61.27891,66.0
2028,60.9196,66.0
2029,60.543877,65.0
2030,60.001423,64.0
2031,59.146297,63.0
2032,57.865757,63.0
2033,56.318306,63.0
2034,55.001854,63.0
2035,54.59053,64.0
2036,54.76626,64.0
2037,55.212723,63.0
2038,55.67118,64.0
2039,55.52532,64.0
2040,55.514973,64.0
2041,55.68374,64.0
2042,56.24439,64.0
2043,56.870808,64.0
2044,57.48105,64.0
2045,58.063217,85.00000000000001
2046,58.515877,81.0
2047,64.57596,77.0
2048,69.537125,73.0
2049,70.78626,69.0
2050,68.62942,67.0
2051,64.80986,64.0
2052,60.69002,62.0
2053,56.349182,61.0
2054,53.61559,60.0
2055,52.553753,59.0
2056,51.15539,58.0
2057,49.357864,57.0
2058,47.71458,56.00000000000001
2059,46.392216,54.0
2060,45.313618,53.0
2061,43.87432,54.0
2062,43.167313,53.0
2063,43.270447,53.0
2064,43.674416,51.0
2065,44.119328,52.0
2066,43.88928,52.0
2067,43.78031,53.0
2068,43.82368,53.0
2069,44.240078,88.0
2070,45.22313,87.0
2071,57.328384,87.0
2072,67.838776,87.0
2073,72.31509,87.0
2074,71.93073,87.0
2075,69.59673,88.0
2076,67.64356,88.0
2077,67.18067,88.0
2078,67.67958,88.0
2079,68.35368,88.0
2080,68.74596,88.0
2081,68.987816,88.0
2082,69.38943,88.0
2083,70.02327,88.0
2084,70.922226,88.0
2085,71.461914,87.0
2086,71.886986,86.0
2087,72.11713,86.0
2088,72.61107,86.0
2089,73.2194,85.00000000000001
2090,73.519775,85.00000000000001
2091,73.607086,84.0
2092,73.588234,84.0
2093,73.385086,48.0
2094,73.60619,50.0
2095,68.947495,52.0
2096,63.093445,52.0
2097,58.815258,52.0
2098,56.203873,53.0
2099,54.88228,54.0
2100,54.88341,55.0
2101,56.02629,56.00000000000001
2102,57.49379,57.0
2103,58.340336,57.0
2104,58.72837,57.0
2105,58.674473,57.0
2106,58.305096,57.0
2107,57.84984,57.0
2108,57.41317,57.0
2109,57.156673,57.0
2110,57.02691,56.00000000000001
2111,56.59074,56.00000000000001
2112,55.991856,55.0
2113,55.51939,55.0
2114,54.99106,55.0
2115,54.594814,55.0
2116,54.325237,54.0
2117,54.138515,65.0
2118,53.657684,66.0
2119,56.508022,65.0
2120,59.535755,65.0
2121,60.9499,63.0
2122,61.141293,62.0
2123,59.829784,60.0
2124,57.91246,59.0
2125,55.59702,58.0
2126,53.428574,57.0
2127,51.87837,57.0
2128,50.61173,57.0
2129,49.67039,57.0
2130,49.25348,57.0
2131,49.1058,57.0
2132,48.97956,57.0
2133,48.417244,58.0
2134,47.67127,58.0
2135,48.001076,57.0
2136,48.37361,56.00000000000001
2137,48.444344,56.00000000000001
2138,48.26702,55.0
2139,48.186657,53.0
2140,48.149643,52.0
2141,47.753933,54.0
2142,46.94329,53.0
2143,47.237637,52.0
2144,47.61941,52.0
2145,47.6121,52.0
2146,47.48759,52.0
2147,47.448246,53.0
2148,47.601986,54.0
2149,48.188953,54.0
2150,48.973755,55.0
2151,49.389286,55.0
2152,49.68351,56.00000000000001
2153,49.6603,57.0
2154,49.671715,57.0
2155,49.81705,57.0
2156,49.811096,57.0
2157,49.678635,57.0
2158,49.627254,57.0
2159,49.85355,57.0
2160,50.08065,57.0
2161,50.54295,57.0
2162,51.177776,58.0
2163,51.844265,59.0
2164,52.654766,59.0
2165,53.602486,60.0
2166,54.452366,61.0
2167,55.215034,61.0
2168,56.037373,61.0
2169,56.634296,61.0
2170,57.106743,61.0
2171,57.365395,60.0
2172,57.504887,60.0
2173,57.22715,59.0
2174,56.883778,58.0
2175,56.2919,58.0
2176,55.44104,58.0
2177,54.71001,57.0
2178,54.259594,56.00000000000001
2179,53.814713,56.00000000000001
2180,53.329815,56.00000000000001
2181,52.941177,57.0
2182,52.928123,57.0
2183,53.24643,57.0
2184,53.662144,57.0
2185,53.957336,57.0
2186,54.108967,57.0
2187,54.095154,56.00000000000001
2188,54.01528,56.00000000000001
2189,53.651653,55.0
2190,53.306065,55.0
2191,52.880085,55.0
2192,52.629406,55.0
2193,52.636272,56.00000000000001
2194,52.838753,58.0
2195,53.48121,60.0
2196,54.667553,61.0
2197,56.152996,62.0
2198,57.250202,64.0
2199,57.536724,64.0
2200,57.293568,64.0
2201,56.46163,64.0
2202,55.273346,64.0
2203,54.42835,64.0
2204,54.15917,65.0
2205,54.68917,65.0
2206,55.849545,64.0
2207,57.0306,65.0
2208,57.75615,65.0
2209,58.480415,65.0
2210,59.178192,65.0
2211,59.822582,66.0
2212,60.259468,66.0
2213,60.821938,66.0
2214,61.38891,66.0
2215,61.874485,67.0
2216,62.224747,67.0
2217,62.80637,67.0
2218,63.244095,67.0
2219,63.510216,67.0
2220,63.544018,67.0
2221,63.297424,66.0
2222,62.74318,66.0
2223,61.557735,66.0
2224,60.175034,67.0
2225,59.12867,67.0
2226,58.833733,67.0
2227,58.928864,67.0
2228,59.14313,68.0
2229,59.53384,68.0
2230,60.492073,68.0
2231,61.177975,68.0
2232,61.463493,67.0
2233,61.95484,68.0
2234,62.184822,67.0
2235,62.236088,67.0
2236,62.30877,67.0
2237,62.522198,67.0
2238,62.939854,66.0
2239,63.309677,66.0
2240,63.308205,66.0
2241,63.331387,66.0
2242,63.300964,65.0
2243,63.291996,65.0
2244,63.03745,65.0
2245,62.678917,65.0
2246,62.344826,66.0
2247,61.955757,66.0
2248,61.73847,65.0
2249,61.37625,65.0
2250,60.459312,65.0
2251,59.71204,65.0
2252,59.16667,64.0
2253,59.130157,63.0
2254,59.009605,63.0
2255,58.810776,62.0
2256,58.724865,62.0
2257,58.59962,62.0
2258,58.491825,62.0
2259,58.68693,63.0
2260,59.068943,62.0
2261,59.539413,63.0
2262,59.757843,63.0
2263,60.059765,64.0
2264,60.38492,65.0
2265,60.988163,64.0
2266,61.400898,64.0
2267,61.468292,64.0
2268,61.309917,64.0
2269,61.01594,63.0
2270,60.724327,63.0
2271,60.249786,64.0
2272,59.93592,65.0
2273,60.210083,65.0
2274,60.852455,66.0
2275,61.303646,66.0
2276,61.838524,67.0
2277,62.20002,68.0
2278,62.685173,68.0
2279,63.303936,69.0
2280,63.72993,69.0
2281,64.211044,68.0
2282,64.60439,68.0
2283,64.667336,69.0
2284,64.66041,69.0
2285,65.01316,70.0
2286,65.49072,71.0
2287,66.14921,71.0
2288,66.93472,72.0
2289,67.492584,74.0
2290,67.997314,74.99999999999999
2291,68.72398,76.0
2292,69.39631,77.0
2293,69.99814,79.0
2294,70.412994,79.99999999999999
2295,70.620834,79.99999999999999
2296,70.34586,79.99999999999999
2297,69.552864,79.0
2298,68.58911,79.0
2299,67.641136,79.0
2300,67.32352,79.0
2301,67.71973,79.0
2302,68.10562,90.0
2303,68.68409,106.0
2304,72.79851,114.0
2305,81.56136,111.0
2306,89.98458,97.0
2307,92.03784,81.0
2308,87.34332,81.0
2309,79.84882,81.0
2310,73.71028,81.0
2311,70.67144,79.99999999999999
2312,70.12228,79.0
2313,70.77686,79.99999999999999
2314,71.54616,79.0
2315,71.98524,79.0
2316,71.74953,79.99999999999999
2317,70.4094,79.99999999999999
2318,69.80168,79.0
2319,68.45818,79.0
2320,62.463497,78.0
2321,57.325024,79.0
2322,53.642334,78.0
2323,52.78433,78.0
2324,54.276043,78.0
2325,56.295746,78.0
2326,58.28169,79.0
2327,60.32009,79.99999999999999
2328,62.418865,79.99999999999999
2329,64.51509,79.99999999999999
2330,66.25139,79.99999999999999
2331,67.28026,79.99999999999999
2332,68.10699,79.0
2333,68.73812,79.0
2334,68.84692,78.0
2335,68.971344,77.0
2336,68.85038,77.0
2337,68.94274,74.99999999999999
2338,69.014725,74.0
2339,68.62908,73.0
2340,67.99858,71.0
2341,67.1656,70.0
2342,65.31988,68.0
2343,62.866188,69.0
2344,60.413074,70.0
2345,59.31713,71.0
2346,59.087482,71.0
2347,59.33867,72.0
2348,59.372105,72.0
2349,59.809875,71.0
2350,60.4944,71.0
2351,60.709446,70.0
2352,60.633846,73.0
2353,61.309593,73.0
2354,62.0514,74.0
2355,63.317066,78.0
2356,65.22721,78.0
2357,66.97566,79.0
2358,68.83838,81.0
2359,70.70596,83.0
2360,72.382744,83.0
2361,73.98676,83.0
2362,75.075455,83.0
2363,75.54119,84.0
2364,75.28846,83.0
2365,74.98178,84.0
2366,74.47465,88.0
2367,74.12822,91.0
2368,75.48858,91.0
2369,76.48661,90.0
2370,76.393776,90.0
2371,75.42731,89.0
2372,74.33868,89.0
2373,72.68525,88.0
2374,71.68214,89.0
2375,71.7047,89.0
2376,72.40532,86.0
2377,73.145485,86.0
2378,73.04474,85.00000000000001
2379,72.732346,82.0
2380,72.17298,83.0
2381,71.46191,83.0
2382,71.30154,81.0
2383,71.570816,81.0
2384,71.38696,81.0
2385,71.46299,81.0
2386,71.722916,81.0
2387,71.96595,81.0
2388,71.73114,82.0
2389,71.21188,81.0
2390,70.51545,81.0
2391,69.45785,78.0
2392,68.1973,78.0
2393,65.94475,78.0
2394,64.09627,77.0
2395,63.80986,78.0
2396,63.64146,78.0
2397,64.53315,79.0
2398,65.79471,79.0
2399,67.09862,79.0
2400,67.715065,79.0
2401,68.23647,79.99999999999999
2402,68.38554,79.99999999999999
2403,68.838844,79.99999999999999
2404,69.30148,78.0
2405,69.544624,78.0
2406,69.19339,78.0
2407,68.97477,78.0
2408,68.91638,77.0
2409,69.038574,77.0
2410,68.993645,76.0
2411,68.91121,76.0
2412,68.68858,74.99999999999999
2413,68.47882,74.99999999999999
2414,67.88373,73.0
2415,67.44084,72.0
2416,66.61542,72.0
2417,65.57563,72.0
2418,64.95875,73.0
2419,64.90372,73.0
2420,65.38814,73.0
2421,65.94335,72.0
2422,66.41004,70.0
2423,66.27126,70.0
2424,65.60512,69.0
2425,65.06266,68.0
2426,64.62174,68.0
2427,64.246544,68.0
2428,64.02507,68.0
2429,64.146645,68.0
2430,64.38928,68.0
2431,64.63558,68.0
2432,64.75542,69.0
2433,64.89453,70.0
2434,65.238304,71.0
2435,65.810295,73.0
2436,66.594025,74.0
2437,67.666405,77.0
2438,68.956375,78.0
2439,69.946915,77.0
2440,70.50549,77.0
2441,70.15499,77.0
2442,69.32969,76.0
2443,68.63061,74.99999999999999
2444,67.85412,74.0
2445,67.282814,73.0
2446,66.74543,73.0
2447,66.27733,73.0
2448,66.21358,72.0
2449,66.38285,72.0
2450,66.317116,72.0
2451,66.221565,72.0
2452,66.21868,71.0
2453,66.25281,71.0
2454,65.958244,70.0
2455,65.650024,69.0
2456,65.22247,67.0
2457,64.48681,66.0
2458,63.369434,65.0
2459,62.242573,63.0
2460,61.172356,60.0
2461,59.750423,57.0
2462,57.83352,55.0
2463,55.381496,54.0
2464,53.022118,53.0
2465,51.697784,53.0
2466,51.258663,54.0
2467,51.619488,54.0
2468,52.64502,55.0
2469,53.526047,55.0
2470,54.14459,55.0
2471,54.23754,55.0
2472,53.714508,54.0
2473,53.202454,54.0
2474,52.61581,54.0
2475,52.190025,54.0
2476,51.991463,54.0
2477,51.908367,54.0
2478,51.89918,53.0
2479,51.88834,53.0
2480,51.52345,52.0
2481,51.160564,52.0
2482,50.611675,52.0
2483,50.238823,51.0
2484,50.030216,52.0
2485,49.67009,53.0
2486,49.765915,55.0
2487,50.318436,56.00000000000001
2488,51.40789,56.00000000000001
2489,52.508514,55.0
2490,52.89938,55.0
2491,52.097023,55.0
2492,50.970585,55.0
2493,50.33369,55.0
2494,50.249195,55.0
2495,50.55296,55.0
2496,51.160236,55.0
2497,51.64871,55.0
2498,51.99983,55.0
2499,52.209515,54.0
2500,52.285507,55.0
2501,52.04886,57.0
2502,52.053413,57.0
2503,52.72359,57.0
2504,53.462204,57.0
2505,54.00525,58.0
2506,54.393078,57.0
2507,54.904503,57.0
2508,55.07749,57.0
2509,55.03773,56.00000000000001
2510,54.83843,55.0
2511,54.31279,55.0
2512,53.561096,55.0
2513,53.00797,55.0
2514,52.800465,55.0
2515,52.80697,55.0
2516,52.8938,54.0
2517,52.91347,54.0
2518,52.607174,54.0
2519,52.106945,54.0
2520,51.762054,54.0
2521,51.60261,53.0
2522,51.56018,53.0
2523,51.36978,54.0
2524,51.23904,52.0
2525,51.288082,51.0
2526,50.63891,52.0
2527,49.644703,55.0
2528,49.29239,57.0
2529,50.258434,59.0
2530,52.07524,61.0
2531,54.24268,63.0
2532,56.097664,63.0
2533,57.621754,64.0
2534,58.18174,66.0
2535,58.374947,65.0
2536,58.74524,65.0
2537,58.771706,66.0
2538,58.77571,66.0
2539,59.217243,66.0
2540,59.849766,66.0
2541,60.349834,65.0
2542,60.76958,66.0
2543,60.70462,66.0
2544,60.947174,66.0
2545,61.324177,66.0
2546,61.654964,66.0
2547,61.865128,66.0
2548,61.947834,66.0
2549,61.953503,66.0
2550,61.932568,65.0
2551,61.87978,63.0
2552,61.61835,61.0
2553,60.774544,60.0
2554,59.48162,58.0
2555,58.1036,57.0
2556,56.58729,55.0
2557,55.301376,54.0
2558,54.08467,53.0
2559,53.035614,53.0
2560,52.159096,53.0
2561,51.86152,53.0
2562,52.09222,53.0
2563,52.420734,53.0
2564,52.546017,53.0
2565,52.431637,53.0
2566,52.130314,54.0
2567,51.840015,54.0
2568,52.025074,54.0
2569,52.23929,54.0
2570,52.30206,54.0
2571,52.240646,54.0
2572,52.121292,55.0
2573,52.02986,58.0
2574,52.202717,58.0
2575,53.44452,57.0
2576,54.550503,57.0
2577,54.78628,57.0
2578,54.34075,56.00000000000001
2579,53.70435,57.0
2580,53.044853,57.0
2581,52.763138,57.0
2582,52.889267,56.00000000000001
2583,53.01282,56.00000000000001
2584,52.60835,56.00000000000001
2585,51.95193,56.00000000000001
2586,51.384926,56.00000000000001
2587,51.143913,55.0
2588,51.200066,55.0
2589,51.05443,54.0
2590,50.85269,53.0
2591,50.426003,54.0
2592,50.096924,54.0
2593,50.292778,54.0
2594,50.79046,54.0
2595,51.268063,54.0
2596,51.496758,56.00000000000001
2597,51.44675,51.0
2598,51.99258,49.0
2599,51.09184,42.0
2600,49.43166,39.99999999999999
2601,46.470688,43.0
2602,43.68157,43.0
2603,42.495438,44.0
2604,42.32513,47.0
2605,43.270443,49.0
2606,45.95901,51.0
2607,48.996628,52.0
2608,50.816998,53.0
2609,51.295612,53.0
2610,51.196415,53.0
2611,50.68583,54.0
2612,50.37772,54.0
2613,50.6948,55.0
2614,51.207798,56.00000000000001
2615,51.92056,56.00000000000001
2616,52.754986,56.00000000000001
2617,53.419865,56.00000000000001
2618,53.767494,56.00000000000001
2619,53.996475,56.00000000000001
2620,54.063324,56.00000000000001
2621,54.11308,55.0
2622,54.249584,56.00000000000001
2623,54.15666,57.0
2624,54.296932,58.0
2625,54.810528,59.0
2626,55.6532,60.0
2627,56.53885,60.0
2628,57.373894,61.0
2629,57.734455,61.0
2630,57.910393,62.0
2631,57.56325,62.0
2632,57.132294,62.0
2633,56.59466,62.0
2634,55.90695,62.0
2635,55.384586,63.0
2636,55.53288,63.0
2637,56.24836,62.0
2638,57.015244,63.0
2639,57.40122,64.0
2640,57.99392,90.0
2641,58.86546,93.0
2642,66.27171,79.99999999999999
2643,75.02331,66.0
2644,77.52604,66.0
2645,74.8786,60.0
2646,70.147125,59.0
2647,64.61801,59.0
2648,60.537827,59.0
2649,58.516758,59.0
2650,58.25551,59.0
2651,59.225494,59.0
2652,60.304127,59.0
2653,60.196354,60.0
2654,58.68383,60.0
2655,60.52929,59.0
2656,62.35322,58.0
2657,62.165466,59.0
2658,61.09593,59.0
2659,60.717316,59.0
2660,60.79619,59.0
2661,60.866528,58.0
2662,60.847176,58.0
2663,60.295353,58.0
2664,59.78856,57.0
2665,59.344532,57.0
2666,58.70552,57.0
2667,58.09736,57.0
2668,57.625546,56.00000000000001
2669,57.309925,61.0
2670,56.632175,59.0
2671,57.595673,58.0
2672,58.192146,56.00000000000001
2673,57.97181,54.0
2674,56.912224,52.0
2675,55.31239,48.0
2676,53.34755,43.0
2677,50.488064,39.0
2678,47.180405,32.0
2679,44.181763,28.000000000000004
2680,40.47853,27.0
2681,37.327084,27.0
2682,37.13881,27.0
2683,39.75891,28.000000000000004
2684,44.236256,29.0
2685,49.06886,30.0
2686,52.694546,30.0
2687,54.783356,31.0
2688,54.894077,32.0
2689,54.651134,30.0
2690,55.265976,28.000000000000004
2691,55.503525,27.0
2692,54.94241,26.0
2693,54.11716,51.0
2694,53.746204,52.0
2695,64.47506,52.0
2696,75.90444,53.0
2697,81.67797,53.0
2698,82.0959,54.0
2699,78.97788,55.0
2700,75.034134,55.0
2701,72.37664,56.00000000000001
2702,71.05407,56.00000000000001
2703,71.62633,57.0
2704,72.50015,57.0
2705,72.982025,58.0
2706,73.08271,59.0
2707,72.79705,60.0
2708,72.28943,61.0
2709,71.88292,61.0
2710,71.30032,62.0
2711,70.19539,62.0
2712,68.97587,62.0
2713,67.793106,63.0
2714,66.7241,63.0
2715,66.03406,65.0
2716,65.53063,66.0
2717,65.6064,59.0
2718,65.97753,60.0
2719,64.35974,60.0
2720,62.67313,61.0
2721,61.398804,61.0
2722,60.92717,62.0
2723,60.867496,62.0
2724,61.244427,62.0
2725,61.591248,63.0
2726,61.661854,63.0
2727,61.595238,62.0
2728,61.293144,63.0
2729,60.624443,63.0
2730,60.471943,63.0
2731,60.514145,62.0
2732,60.66945,62.0
2733,60.497227,62.0
2734,60.246975,61.0
2735,60.064606,61.0
2736,59.724895,61.0
2737,59.49399,61.0
2738,59.38384,61.0
2739,59.453064,61.0
2740,59.505306,61.0
2741,59.595566,64.0
2742,59.675354,64.0
2743,60.48168,65.0
2744,61.29374,65.0
2745,61.98768,65.0
2746,62.332413,67.0
2747,62.405094,68.0
2748,62.805912,69.0
2749,63.339657,71.0
2750,63.923958,73.0
2751,64.714066,74.0
2752,65.461655,74.99999999999999
2753,65.881195,74.99999999999999
2754,65.74654,74.99999999999999
2755,65.3631,76.0
2756,65.04156,77.0
2757,64.99629,77.0
2758,65.52584,77.0
2759,66.20848,77.0
2760,66.527275,77.0
2761,66.81141,77.0
2762,67.47856,78.0
2763,68.06045,79.0
2764,68.807655,79.99999999999999
2765,70.02592,54.0
2766,70.97813,55.0
2767,67.79294,56.00000000000001
2768,63.43508,57.0
2769,60.078556,58.0
2770,58.323338,58.0
2771,58.048943,59.0
2772,58.617786,59.0
2773,59.796497,60.0
2774,60.751297,62.0
2775,61.150013,64.0
2776,61.49243,65.0
2777,62.28876,66.0
2778,63.04442,66.0
2779,63.56664,68.0
2780,63.91938,69.0
2781,64.642075,72.0
2782,65.53469,72.0
2783,67.11989,74.99999999999999
2784,68.50509,76.0
2785,69.83625,78.0
2786,71.24378,79.0
2787,72.533455,79.99999999999999
2788,73.64642,81.0
2789,74.43911,84.0
2790,74.79584,83.0
2791,75.883194,82.0
2792,76.52232,82.0
2793,76.54627,81.0
2794,76.304405,81.0
2795,75.94305,79.99999999999999
2796,75.74326,79.0
2797,75.5284,78.0
2798,75.12098,79.0
2799,74.13983,79.0
2800,73.31629,79.99999999999999
2801,72.80323,81.0
2802,72.49408,81.0
2803,72.08806,82.0
2804,71.76599,83.0
2805,71.6026,84.0
2806,72.046,85.00000000000001
2807,72.80267,86.0
2808,73.89307,86.0
2809,75.22151,86.0
2810,76.28085,86.0
2811,77.35355,87.0
2812,77.93907,88.0
2813,78.56483,54.0
2814,79.14757,53.0
2815,75.174255,53.0
2816,68.97541,53.0
2817,63.499775,52.0
2818,59.68302,52.0
2819,57.170376,52.0
2820,55.9447,52.0
2821,55.939514,51.0
2822,56.64729,51.0
2823,56.919216,51.0
2824,56.248657,51.0
2825,56.804714,51.0
2826,58.417816,51.0
2827,59.582016,52.0
2828,60.01527,51.0
2829,60.217983,51.0
2830,59.827484,52.0
2831,59.111717,52.0
2832,58.3732,52.0
2833,57.582203,52.0
2834,56.81805,52.0
2835,56.13125,52.0
2836,55.420753,52.0
2837,54.876682,52.0
2838,54.4551,48.0
2839,54.025314,49.0
2840,52.436348,50.0
2841,51.15585,51.0
2842,50.740494,52.0
2843,51.04898,52.0
2844,51.82653,52.0
2845,52.396393,52.0
2846,52.553043,53.0
2847,52.263123,53.0
2848,52.188126,54.0
2849,52.14343,54.0
2850,52.366867,54.0
2851,52.477947,54.0
2852,52.487022,54.0
2853,52.2242,53.0
2854,51.833355,53.0
2855,51.26993,53.0
2856,50.909836,53.0
2857,50.823555,53.0
2858,50.999817,53.0
2859,51.23312,53.0
2860,51.411407,53.0
2861,51.382946,58.0
2862,51.31749,58.0
2863,52.935856,59.0
2864,54.411922,59.0
2865,55.36512,58.0
2866,55.569042,58.0
2867,55.00696,59.0
2868,54.33465,60.0
2869,54.125027,62.0
2870,54.68754,62.0
2871,55.53791,61.0
2872,55.95774,61.0
2873,55.511513,61.0
2874,54.74427,62.0
2875,54.234035,62.0
2876,54.332542,62.0
2877,54.632866,62.0
2878,54.88442,62.0
2879,55.0677,62.0
2880,55.55412,65.0
2881,56.40728,65.0
2882,57.30937,66.0
2883,58.450054,67.0
2884,59.601276,67.0
2885,60.498093,67.0
2886,61.21026,67.0
2887,61.704414,67.0
2888,62.107647,67.0
2889,62.54328,68.0
2890,62.976402,68.0
2891,63.54702,67.0
2892,63.853363,66.0
2893,63.612976,65.0
2894,62.67133,65.0
2895,61.585938,65.0
2896,60.568836,65.0
2897,59.950523,65.0
2898,59.807457,65.0
2899,59.71772,64.0
2900,59.728687,64.0
2901,59.495953,64.0
2902,59.09148,63.0
2903,58.852947,62.0
2904,58.46915,59.0
2905,58.01872,58.0
2906,56.933308,56.00000000000001
2907,55.70386,56.00000000000001
2908,54.250755,55.0
2909,53.36512,54.0
2910,52.74067,54.0
2911,52.20551,54.0
2912,51.994595,54.0
2913,51.940773,53.0
2914,51.94466,53.0
2915,51.531532,53.0
2916,51.06942,53.0
2917,50.71593,54.0
2918,50.559376,55.0
2919,50.812088,56.00000000000001
2920,51.41839,56.00000000000001
2921,52.17574,57.0
2922,52.456802,56.00000000000001
2923,52.47064,56.00000000000001
2924,51.895542,56.00000000000001
2925,51.313927,57.0
2926,51.129887,57.0
2927,51.579704,57.0
2928,52.31175,57.0
2929,53.043434,57.0
2930,53.687084,57.0
2931,54.164818,58.0
2932,54.52664,59.0
2933,55.108643,60.0
2934,55.9196,61.0
2935,56.86071,61.0
2936,57.782394,61.0
2937,58.345417,62.0
2938,58.58772,62.0
2939,58.923153,63.0
2940,59.210197,64.0
2941,59.730774,64.0
2942,60.277622,64.0
2943,60.492405,64.0
2944,60.46125,65.0
2945,60.23068,64.0
2946,60.32708,65.0
2947,60.157364,65.0
2948,60.317223,65.0
2949,60.56497,66.0
2950,60.83429,66.0
2951,61.368576,66.0
2952,61.852554,67.0
2953,62.193966,67.0
2954,62.650192,66.0
2955,63.037174,66.0
2956,63.06269,66.0
2957,63.023293,66.0
2958,63.024868,67.0
2959,63.098328,67.0
2960,63.463776,68.0
2961,63.86972,70.0
2962,64.44898,71.0
2963,65.32965,73.0
2964,66.31931,73.0
2965,67.28184,74.0
2966,67.72625,74.0
2967,67.5939,73.0
2968,66.81355,73.0
2969,65.69953,73.0
2970,64.83205,74.0
2971,64.56189,74.0
2972,65.28976,74.0
2973,66.1757,74.0
2974,66.85335,74.0
2975,67.29014,74.0
2976,67.27119,74.0
2977,67.042786,74.0
2978,67.16008,74.99999999999999
2979,67.40567,74.99999999999999
2980,67.97312,74.99999999999999
2981,68.29817,74.99999999999999
2982,68.55349,74.0
2983,68.66316,73.0
2984,68.42699,72.0
2985,67.754715,70.0
2986,66.777596,68.0
2987,65.45141,64.0
2988,63.95821,62.0
2989,61.704372,60.0
2990,59.170082,59.0
2991,56.832115,58.0
2992,55.20794,58.0
2993,54.15467,57.0
2994,53.71073,56.00000000000001
2995,53.188927,56.00000000000001
2996,52.522533,55.0
2997,51.93281,55.0
2998,51.28846,55.0
2999,50.79681,54.0
3000,50.671616,55.0
3001,50.56875,55.0
3002,50.71444,54.0
3003,51.082836,54.0
3004,51.181103,55.0
3005,51.07397,54.0
3006,50.951496,53.0
3007,50.491043,52.0
3008,49.741554,51.0
3009,48.93951,51.0
3010,48.05118,52.0
3011,47.625675,52.0
3012,47.83836,52.0
3013,48.269897,52.0
3014,48.64051,52.0
3015,48.799274,52.0
3016,48.73154,52.0
3017,48.523846,52.0
3018,48.226414,53.0
3019,47.970924,54.0
3020,48.129974,54.0
3021,48.642998,54.0
3022,48.995235,54.0
3023,49.114845,54.0
3024,49.02747,53.0
3025,48.78166,53.0
3026,48.27828,53.0
3027,47.995247,52.0
3028,48.05415,48.0
3029,47.901478,49.0
3030,46.307148,51.0
3031,45.225597,52.0
3032,45.56501,52.0
3033,46.538734,53.0
3034,47.081676,53.0
3035,47.322,54.0
3036,47.109093,54.0
3037,47.10331,54.0
3038,47.216328,54.0
3039,47.181572,53.0
3040,46.83995,53.0
3041,46.01993,53.0
3042,45.288044,52.0
3043,44.863632,52.0
3044,44.445698,51.0
3045,44.138237,51.0
3046,43.44877,51.0
3047,42.7663,51.0
3048,42.37698,51.0
3049,42.402534,52.0
3050,42.69676,52.0
3051,43.545757,53.0
3052,44.622314,54.0
3053,45.894928,53.0
3054,47.13366,54.0
3055,47.76836,54.0
3056,48.284306,53.0
3057,48.53569,53.0
3058,48.25768,53.0
3059,47.915913,53.0
3060,47.734264,54.0
3061,47.796127,55.0
3062,48.460285,55.0
3063,49.44348,56.00000000000001
3064,50.185207,57.0
3065,50.939926,57.0
3066,51.662056,58.0
3067,52.02075,58.0
3068,52.37713,58.0
3069,52.599792,58.0
3070,52.706875,58.0
3071,53.049267,58.0
3072,53.25304,58.0
3073,53.60672,58.0
3074,54.025246,58.0
3075,54.53789,58.0
3076,54.987732,58.0
3077,55.28611,58.0
3078,55.451073,58.0
3079,55.636757,58.0
3080,55.761627,57.0
3081,55.870823,58.0
3082,55.685234,58.0
3083,55.731327,58.0
3084,55.873333,58.0
3085,55.97116,58.0
3086,55.985596,58.0
3087,55.834724,58.0
3088,55.765068,58.0
3089,55.54764,58.0
3090,55.319614,57.0
3091,55.10789,57.0
3092,54.62783,57.0
3093,54.30822,58.0
3094,54.175507,58.0
3095,54.561737,58.0
3096,55.11678,59.0
3097,55.47802,59.0
3098,55.928593,59.0
3099,56.216164,60.0
3100,56.3122,60.0
3101,56.602047,61.0
3102,56.95628,62.0
3103,57.487236,62.0
3104,58.23494,63.0
3105,58.866673,63.0
3106,59.47847,63.0
3107,59.905754,63.0
3108,60.099022,63.0
3109,59.99385,63.0
3110,59.80018,62.0
3111,59.673267,63.0
3112,59.344368,63.0
3113,59.231018,63.0
3114,59.21436,63.0
3115,59.170834,63.0
3116,59.007607,63.0
3117,58.857933,63.0
3118,58.829426,63.0
3119,58.913597,64.0
3120,59.074657,64.0
3121,59.529778,65.0
3122,59.98832,65.0
3123,60.62429,65.0
3124,61.054127,66.0
3125,61.333572,66.0
3126,61.791874,67.0
3127,62.15771,67.0
3128,62.695274,67.0
3129,63.09559,68.0
3130,63.32125,68.0
3131,63.693714,68.0
3132,63.86421,68.0
3133,63.915047,68.0
3134,63.887196,68.0
3135,63.58773,68.0
3136,63.153904,68.0
3137,62.666477,69.0
3138,62.311077,69.0
3139,62.350445,69.0
3140,62.469845,69.0
3141,62.496834,70.0
3142,62.500374,69.0
3143,62.984104,69.0
3144,62.78365,68.0
3145,62.609726,68.0
3146,62.359207,67.0
3147,62.25532,66.0
3148,62.18855,65.0
3149,61.899986,65.0
3150,61.51276,64.0
3151,61.294598,63.0
3152,60.988983,63.0
3153,60.442673,62.0
3154,60.053032,61.0
3155,59.615784,61.0
3156,59.10451,60.0
3157,58.72475,60.0
3158,58.06104,60.0
3159,57.27366,59.0
3160,56.637997,59.0
3161,55.771095,59.0
3162,54.96563,59.0
3163,54.411537,59.0
3164,54.12531,59.0
3165,54.258602,59.0
3166,54.39378,59.0
3167,54.551605,59.0
3168,54.74077,59.0
3169,54.97446,59.0
3170,55.28986,59.0
3171,55.701843,60.0
3172,56.01206,61.0
3173,56.60044,61.0
3174,57.46062,61.0
3175,58.1836,62.0
3176,58.63828,62.0
3177,59.14517,63.0
3178,59.49421,64.0
3179,59.902233,64.0
3180,60.491882,65.0
3181,60.854347,65.0
3182,61.10899,65.0
3183,61.0295,65.0
3184,60.616158,65.0
3185,60.29808,65.0
3186,59.874855,64.0
3187,59.688675,64.0
3188,59.55364,64.0
3189,59.517998,63.0
3190,59.652534,63.0
3191,59.582848,63.0
3192,59.56947,63.0
3193,59.674755,64.0
3194,59.86931,64.0
3195,60.271393,64.0
3196,60.674934,63.0
3197,60.90838,64.0
3198,60.837425,65.0
3199,60.905815,66.0
3200,61.37351,67.0
3201,62.101097,68.0
3202,62.89389,69.0
3203,63.65012,70.0
3204,64.33539,70.0
3205,64.85179,70.0
3206,65.07382,71.0
3207,65.03602,71.0
3208,64.86087,72.0
3209,64.61134,72.0
3210,64.8884,72.0
3211,65.25393,73.0
3212,65.6103,73.0
3213,66.26059,73.0
3214,66.85599,73.0
3215,67.153404,73.0
3216,67.22223,73.0
3217,67.28712,73.0
3218,67.41488,73.0
3219,67.69833,73.0
3220,67.58546,73.0
3221,67.65796,73.0
3222,67.70485,72.0
3223,67.739685,71.0
3224,67.470856,70.0
3225,66.97742,69.0
3226,66.34419,69.0
3227,65.65722,69.0
3228,65.17229,70.0
3229,64.963326,70.0
3230,65.13318,71.0
3231,65.381096,72.0
3232,65.71065,73.0
3233,66.16481,74.0
3234,66.60051,74.99999999999999
3235,67.254364,76.0
3236,67.91592,77.0
3237,68.49618,77.0
3238,69.2806,78.0
3239,69.9671,79.0
3240,70.60436,79.99999999999999
3241,71.38553,79.99999999999999
3242,72.34113,81.0
3243,73.0755,82.0
3244,73.77819,83.0
3245,74.41765,84.0
3246,75.05195,85.00000000000001
3247,75.85259,86.0
3248,76.6566,86.0
3249,77.511765,86.0
3250,77.94863,86.0
3251,78.11803,86.0
3252,78.06865,87.0
3253,77.83476,87.0
3254,77.7169,87.0
3255,77.50961,87.0
3256,76.9625,87.0
3257,76.21632,87.0
3258,75.156075,86.0
3259,73.91529,85.00000000000001
3260,72.66352,85.00000000000001
3261,71.529175,84.0
3262,70.836655,84.0
3263,70.44193,84.0
3264,70.52449,84.0
3265,70.80658,84.0
3266,71.172264,84.0
3267,71.57743,84.0
3268,71.9593,83.0
3269,72.172325,83.0
3270,72.06987,82.0
3271,71.990295,82.0
3272,71.6317,81.0
3273,71.4899,81.0
3274,71.24786,79.99999999999999
3275,71.18946,79.0
3276,70.95569,79.0
3277,70.43215,78.0
3278,70.00197,77.0
3279,69.26977,76.0
3280,68.217285,74.99999999999999
3281,67.10194,74.99999999999999
3282,66.16932,74.99999999999999
3283,65.78198,76.0
3284,65.81091,76.0
3285,66.13767,76.0
3286,66.719666,76.0
3287,66.78907,76.0
3288,66.65324,74.99999999999999
3289,66.52961,74.99999999999999
3290,66.20001,74.99999999999999
3291,66.00928,74.0
3292,66.01447,74.0
3293,65.88573,74.0
3294,65.84464,73.0
3295,65.86725,71.0
3296,65.71561,71.0
3297,65.10388,70.0
3298,64.61452,69.0
3299,64.07608,68.0
3300,63.582245,68.0
3301,62.94257,67.0
3302,62.470337,67.0
3303,61.749573,66.0
3304,61.16494,66.0
3305,60.54622,65.0
3306,60.04005,66.0
3307,59.521675,65.0
3308,59.40076,65.0
3309,59.293182,65.0
3310,59.212864,65.0
3311,59.175594,65.0
3312,59.271053,65.0
3313,59.4355,64.0
3314,59.930916,64.0
3315,59.82559,64.0
3316,59.778618,63.0
3317,59.78812,57.0
3318,59.914684,58.0
3319,58.483807,59.0
3320,57.243015,59.0
3321,56.839695,60.0
3322,57.013805,61.0
3323,57.758064,60.0
3324,58.748844,60.0
3325,59.238674,60.0
3326,59.21965,61.0
3327,58.76862,61.0
3328,58.612263,61.0
3329,58.720272,63.0
3330,58.85118,63.0
3331,59.450054,63.0
3332,59.95348,63.0
3333,60.08444,63.0
3334,60.028713,64.0
3335,60.00672,63.0
3336,60.37079,63.0
3337,60.481133,62.0
3338,60.481255,62.0
3339,60.157974,62.0
3340,59.796738,62.0
3341,59.71003,56.00000000000001
3342,59.622917,57.0
3343,57.900524,57.0
3344,56.46528,59.0
3345,55.767006,61.0
3346,56.18019,62.0
3347,57.401737,62.0
3348,58.85191,62.0
3349,59.76662,62.0
3350,59.836903,62.0
3351,59.22518,62.0
3352,58.587715,62.0
3353,58.172176,62.0
3354,58.10878,62.0
3355,58.209778,62.0
3356,58.421917,62.0
3357,58.786575,62.0
3358,59.05681,63.0
3359,59.287197,74.0
3360,60.0096,77.0
3361,63.285664,71.0
3362,67.34623,65.0
3363,68.51155,65.0
3364,67.30403,66.0
3365,65.355194,67.0
3366,64.16094,67.0
3367,63.94323,68.0
3368,64.35953,68.0
3369,65.16806,67.0
3370,65.73174,66.0
3371,65.5495,66.0
3372,64.83203,67.0
3373,63.804344,67.0
3374,63.41259,67.0
3375,63.51437,67.0
3376,61.83816,67.0
3377,59.075798,67.0
3378,56.5922,66.0
3379,55.085453,66.0
3380,54.205315,66.0
3381,54.31686,66.0
3382,54.943253,66.0
3383,56.079613,66.0
3384,57.284317,66.0
3385,58.231247,66.0
3386,59.48298,66.0
3387,60.306545,66.0
3388,60.810028,67.0
3389,61.301437,55.0
3390,61.757256,55.0
3391,59.80422,55.0
3392,57.387627,55.0
3393,55.525894,55.0
3394,54.568115,55.0
3395,54.38252,55.0
3396,54.773537,55.0
3397,55.484703,55.0
3398,55.816765,54.0
3399,55.566235,54.0
3400,54.752853,54.0
3401,54.173073,53.0
3402,53.945145,53.0
3403,53.656082,53.0
3404,53.451046,53.0
3405,53.38111,54.0
3406,53.476765,54.0
3407,54.03444,54.0
3408,54.485855,55.0
3409,54.5163,55.0
3410,54.642353,56.00000000000001
3411,54.717125,56.00000000000001
3412,55.023197,57.0
3413,55.24047,26.0
3414,55.60556,28.000000000000004
3415,49.678894,29.0
3416,42.920666,31.0
3417,37.687687,34.0
3418,34.73488,35.0
3419,34.373558,37.0
3420,35.773003,39.0
3421,39.330418,39.99999999999999
3422,41.373325,41.0
3423,39.997574,39.99999999999999
3424,38.54399,39.99999999999999
3425,37.210934,41.0
3426,36.48618,41.0
3427,36.890957,39.99999999999999
3428,37.720226,39.99999999999999
3429,38.01102,39.0
3430,38.103848,38.0
3431,37.71156,38.0
3432,37.15132,38.0
3433,36.99857,38.0
3434,37.204178,39.0
3435,37.62646,38.0
3436,38.30239,38.0
3437,38.353394,65.0
3438,37.795204,65.0
3439,46.46159,66.0
3440,55.351192,66.0
3441,59.815693,66.0
3442,59.690838,64.0
3443,57.277378,63.0
3444,53.843952,62.0
3445,50.86684,62.0
3446,49.20144,62.0
3447,48.94904,62.0
3448,49.3086,62.0
3449,49.536213,62.0
3450,49.416664,62.0
3451,49.362984,61.0
3452,49.324528,60.0
3453,49.002815,60.0
3454,48.994057,60.0
3455,49.270477,61.0
3456,49.868053,61.0
3457,50.9467,61.0
3458,52.047382,60.0
3459,52.99264,59.0
3460,53.53563,58.0
3461,53.80219,61.0
3462,53.576534,61.0
3463,54.2594,60.0
3464,55.161022,59.0
3465,55.445137,59.0
3466,55.193768,58.0
3467,54.912605,58.0
3468,54.497734,58.0
3469,54.19999,58.0
3470,54.070347,58.0
3471,53.994053,58.0
3472,53.58391,57.0
3473,52.82599,57.0
3474,51.484264,57.0
3475,50.658302,57.0
3476,50.722687,57.0
3477,50.955723,57.0
3478,51.5173,56.00000000000001
3479,52.09306,57.0
3480,52.13233,57.0
3481,52.3214,58.0
3482,52.62352,58.0
3483,53.277462,59.0
3484,53.93621,61.0
3485,54.77542,82.0
3486,56.181538,85.00000000000001
3487,62.73715,86.0
3488,69.98182,87.0
3489,74.78421,88.0
3490,76.92153,88.0
3491,77.05042,90.0
3492,76.52807,91.0
3493,76.45603,92.0
3494,76.901825,92.0
3495,77.63525,94.0
3496,77.72307,93.0
3497,77.97957,93.0
3498,77.2672,93.0
3499,76.4974,92.0
3500,75.985085,92.0
3501,75.038284,92.0
3502,74.94386,92.0
3503,75.0746,91.0
3504,75.175606,91.0
3505,74.89144,90.0
3506,74.31958,89.0
3507,73.36528,88.0
3508,71.71892,87.0
3509,69.97189,82.0
3510,68.45018,85.00000000000001
3511,66.92448,87.0
3512,67.16602,88.0
3513,68.60334,89.0
3514,70.45783,91.0
3515,72.266106,93.0
3516,73.73772,95.0
3517,75.09158,97.0
3518,76.545555,98.0
3519,77.44692,98.0
3520,77.567,98.0
3521,76.47643,99.0
3522,74.593506,108.0
3523,74.45407,106.0
3524,77.31878,103.0
3525,79.282524,98.0
3526,78.580956,98.0
3527,76.66927,96.0
3528,75.18638,95.0
3529,73.852844,92.0
3530,73.42152,91.0
3531,73.12383,89.0
3532,72.65069,89.0
3533,71.96603,89.0
3534,71.77496,90.0
3535,72.276825,91.0
3536,73.31846,92.0
3537,74.579185,93.0
3538,75.844536,94.0
3539,76.74929,95.0
3540,77.2674,95.0
3541,77.26997,96.0
3542,76.77735,97.0
3543,76.04736,98.0
3544,75.3304,98.0
3545,74.85163,99.0
3546,74.404854,99.0
3547,74.42096,99.0
3548,75.678154,99.0
3549,76.7184,106.0
3550,77.84849,103.0
3551,80.550575,101.0
3552,81.92007,99.0
3553,82.0507,100.0
3554,81.706116,104.0
3555,81.87207,106.0
3556,83.3657,115.0
3557,85.76863,52.0
3558,90.05362,51.0
3559,85.34896,51.0
3560,77.14407,51.0
3561,69.229324,51.0
3562,63.409706,49.0
3563,59.90475,48.0
3564,57.6198,48.0
3565,57.568295,49.0
3566,59.533546,51.0
3567,60.08529,51.0
3568,65.98497,52.0
3569,75.84895,52.0
3570,82.058205,52.0
3571,86.51995,51.0
3572,88.83441,51.0
3573,88.97402,49.0
3574,87.58502,48.0
3575,84.80567,48.0
3576,81.93204,50.0
3577,79.49012,52.0
3578,78.0503,52.0
3579,76.923485,52.0
3580,75.53994,55.0
3581,73.68686,52.0
3582,72.54671,52.0
3583,70.008804,52.0
3584,67.20595,52.0
3585,64.66876,52.0
3586,62.583755,52.0
3587,60.941704,52.0
3588,59.777744,52.0
3589,59.293118,51.0
3590,59.252094,49.0
3591,58.949703,49.0
3592,57.925926,46.0
3593,57.07191,44.0
3594,55.474724,44.0
3595,53.285854,41.0
3596,51.727066,39.99999999999999
3597,50.014774,42.0
3598,48.418167,42.0
3599,48.078747,42.0
3600,48.114857,42.0
3601,48.031616,42.0
3602,47.769028,42.0
3603,47.33157,42.0
3604,46.73319,41.0
3605,46.14063,76.0
3606,45.280704,74.99999999999999
3607,56.033607,74.0
3608,66.65673,74.0
3609,71.04017,73.0
3610,70.02192,73.0
3611,65.92377,71.0
3612,61.918365,70.0
3613,58.860813,69.0
3614,57.25047,69.0
3615,56.73016,69.0
3616,56.59587,69.0
3617,56.699394,69.0
3618,57.202793,69.0
3619,57.745296,68.0
3620,58.29113,68.0
3621,58.90484,68.0
3622,59.085403,69.0
3623,59.33537,70.0
3624,59.993332,70.0
3625,61.192863,71.0
3626,62.19016,72.0
3627,63.291924,73.0
3628,64.375626,74.0
3629,65.386635,74.99999999999999
3630,66.55417,76.0
3631,67.70946,76.0
3632,68.811165,77.0
3633,69.51558,77.0
3634,70.10132,76.0
3635,70.35777,74.99999999999999
3636,70.38028,74.99999999999999
3637,69.820595,74.0
3638,69.14132,73.0
3639,68.14028,73.0
3640,66.98601,73.0
3641,66.074524,73.0
3642,65.74322,72.0
3643,65.699585,72.0
3644,65.44459,72.0
3645,65.27269,71.0
3646,65.044136,70.0
3647,64.58181,70.0
3648,63.874275,68.0
3649,63.216312,67.0
3650,62.35021,66.0
3651,61.44185,65.0
3652,60.508183,63.0
3653,59.689426,62.0
3654,58.776665,61.0
3655,57.98953,60.0
3656,57.22446,59.0
3657,56.457623,58.0
3658,55.758953,58.0
3659,55.081573,59.0
3660,54.70364,60.0
3661,55.045525,61.0
3662,55.909218,62.0
3663,56.87298,62.0
3664,57.601437,62.0
3665,57.885784,62.0
3666,57.890976,62.0
3667,57.9155,61.0
3668,57.930588,62.0
3669,57.746704,62.0
3670,58.038876,63.0
3671,58.536667,63.0
3672,59.665337,63.0
3673,60.235844,64.0
3674,60.322273,64.0
3675,60.56689,65.0
3676,60.980827,66.0
3677,61.624672,66.0
3678,62.44144,66.0
3679,62.95523,67.0
3680,63.29771,70.0
3681,63.896,71.0
3682,64.87652,72.0
3683,66.00113,73.0
3684,67.025,74.0
3685,67.84421,74.99999999999999
3686,68.384674,76.0
3687,68.504875,77.0
3688,68.41863,78.0
3689,68.30804,79.0
3690,68.402054,79.99999999999999
3691,68.961174,81.0
3692,69.89628,82.0
3693,70.97117,83.0
3694,71.88217,82.0
3695,72.576126,82.0
3696,72.77091,82.0
3697,72.84298,81.0
3698,72.740616,81.0
3699,72.39277,81.0
3700,72.11297,81.0
3701,71.98957,83.0
3702,72.45873,84.0
3703,73.56139,84.0
3704,74.7387,82.0
3705,75.34013,81.0
3706,74.859695,81.0
3707,73.73476,79.99999999999999
3708,72.77769,79.99999999999999
3709,71.86942,78.0
3710,71.138954,74.99999999999999
3711,70.055336,74.0
3712,68.23289,72.0
3713,66.444176,71.0
3714,64.773926,70.0
3715,63.746983,70.0
3716,63.47949,70.0
3717,63.87554,70.0
3718,64.33419,70.0
3719,64.58428,70.0
3720,64.54231,70.0
3721,64.442795,70.0
3722,64.438286,69.0
3723,64.35695,69.0
3724,64.118065,69.0
3725,63.960064,67.0
3726,63.87981,66.0
3727,63.361137,65.0
3728,62.57254,65.0
3729,61.77671,64.0
3730,61.275368,63.0
3731,60.881237,63.0
3732,60.40956,64.0
3733,60.15186,65.0
3734,60.347095,66.0
3735,60.93432,68.0
3736,61.818996,69.0
3737,62.96349,69.0
3738,64.00502,69.0
3739,64.35205,69.0
3740,64.26359,69.0
3741,63.867573,69.0
3742,63.563293,68.0
3743,63.543453,69.0
3744,63.57769,70.0
3745,64.029144,70.0
3746,64.93178,71.0
3747,65.745735,71.0
3748,66.51098,71.0
3749,67.09876,71.0
3750,67.373604,71.0
3751,67.4835,71.0
3752,67.505356,71.0
3753,67.52539,71.0
3754,67.52177,71.0
3755,67.53282,71.0
3756,67.65199,70.0
3757,67.728806,69.0
3758,67.46758,70.0
3759,66.84793,69.0
3760,66.426704,68.0
3761,65.82564,67.0
3762,65.08627,67.0
3763,64.26237,67.0
3764,63.75387,67.0
3765,63.58024,67.0
3766,63.610012,66.0
3767,63.619022,65.0
3768,63.47867,66.0
3769,63.16276,66.0
3770,63.045223,65.0
3771,63.088898,65.0
3772,62.823174,65.0
3773,62.528515,64.0
3774,62.3675,64.0
3775,61.96997,64.0
3776,61.6299,63.0
3777,61.423645,63.0
3778,61.104523,62.0
3779,60.839413,62.0
3780,60.37648,61.0
3781,59.95956,61.0
3782,59.383114,60.0
3783,58.706966,59.0
3784,57.839275,59.0
3785,56.89302,59.0
3786,56.266254,59.0
3787,56.081318,59.0
3788,56.162132,59.0
3789,56.3042,59.0
3790,56.401794,60.0
3791,56.51422,60.0
3792,56.896572,60.0
3793,57.174824,60.0
3794,57.27875,60.0
3795,57.363815,61.0
3796,57.41681,61.0
3797,57.755215,61.0
3798,58.199512,61.0
3799,58.481876,61.0
3800,58.63408,62.0
3801,58.6939,62.0
3802,59.047493,63.0
3803,59.40973,64.0
3804,59.797966,64.0
3805,60.30249,64.0
3806,60.60474,65.0
3807,60.74169,66.0
3808,60.88378,66.0
3809,61.265198,66.0
3810,61.3912,66.0
3811,61.510986,66.0
3812,61.595455,66.0
3813,61.50445,66.0
3814,61.439205,66.0
3815,61.5076,65.0
3816,61.57035,65.0
3817,61.38943,65.0
3818,61.193726,65.0
3819,61.15688,64.0
3820,61.215614,64.0
3821,61.041256,64.0
3822,60.951115,65.0
3823,60.926533,65.0
3824,61.327618,65.0
3825,61.76598,64.0
3826,62.028103,64.0
3827,61.868496,64.0
3828,61.564484,64.0
3829,61.363106,64.0
3830,61.26391,64.0
3831,61.2564,64.0
3832,61.254066,64.0
3833,61.110874,65.0
3834,61.030544,65.0
3835,61.24627,66.0
3836,61.542896,67.0
3837,61.95737,68.0
3838,62.569103,68.0
3839,63.329838,69.0
3840,63.95257,71.0
3841,64.65158,72.0
3842,65.69748,74.0
3843,66.9751,76.0
3844,68.47948,77.0
3845,70.004524,79.0
3846,71.42374,81.0
3847,72.855064,82.0
3848,74.32344,84.0
3849,75.5198,85.00000000000001
3850,76.85163,87.0
3851,77.905785,88.0
3852,79.05109,89.0
3853,80.0612,89.0
3854,80.74672,90.0
3855,80.7995,90.0
3856,80.796295,90.0
3857,80.434296,90.0
3858,79.938515,90.0
3859,79.20294,90.0
3860,78.372025,90.0
3861,77.45486,90.0
3862,76.666214,90.0
3863,75.77673,89.0
3864,75.195206,88.0
3865,75.20837,88.0
3866,74.851204,87.0
3867,74.480934,86.0
3868,74.31941,85.00000000000001
3869,74.0394,84.0
3870,73.837456,83.0
3871,73.56671,83.0
3872,73.31782,84.0
3873,73.36839,84.0
3874,74.020195,84.0
3875,74.71632,85.00000000000001
3876,75.2503,86.0
3877,75.7983,87.0
3878,76.34029,89.0
3879,77.06405,90.0
3880,77.724045,90.0
3881,77.95628,91.0
3882,77.79883,91.0
3883,77.797874,92.0
3884,78.00118,92.0
3885,78.47434,92.0
3886,78.924995,93.0
3887,79.6341,93.0
3888,80.7192,93.0
3889,81.48541,92.0
3890,81.70775,93.0
3891,81.50798,93.0
3892,81.608475,94.0
3893,81.74483,95.0
3894,82.368996,95.0
3895,83.211205,96.0
3896,83.938034,97.0
3897,85.0615,98.0
3898,86.30868,99.0
3899,87.202774,98.0
3900,87.71624,98.0
3901,87.50988,97.0
3902,86.80357,94.0
3903,85.426674,94.0
3904,83.093544,94.0
3905,81.27668,94.0
3906,80.2227,94.0
3907,79.40598,94.0
3908,79.61008,94.0
3909,79.7657,93.0
3910,79.92222,93.0
3911,79.832855,93.0
3912,79.5844,94.0
3913,79.64969,94.0
3914,80.122765,95.0
3915,80.77695,95.0
3916,81.48101,95.0
3917,81.861176,95.0
3918,82.153076,96.0
3919,82.577675,96.0
3920,83.29778,95.0
3921,83.96354,94.0
3922,84.0623,93.0
3923,83.541885,93.0
3924,82.81189,94.0
3925,82.3697,94.0
3926,82.502396,96.0
3927,82.78857,94.0
3928,82.9861,93.0
3929,82.00703,93.0
3930,80.226265,93.0
3931,78.381,91.0
3932,77.00087,91.0
3933,75.43742,91.0
3934,74.7617,92.0
3935,74.769035,91.0
3936,75.55998,90.0
3937,76.15703,89.0
3938,76.08443,88.0
3939,75.56406,87.0
3940,74.80065,87.0
3941,74.07112,86.0
3942,73.95369,85.00000000000001
3943,73.755714,83.0
3944,73.4747,82.0
3945,72.75509,79.99999999999999
3946,71.97685,79.99999999999999
3947,71.09558,79.0
3948,70.736374,79.0
3949,70.52128,78.0
3950,70.531334,77.0
3951,70.11969,78.0
3952,69.4392,78.0
3953,69.12602,79.0
3954,69.04821,79.0
3955,69.234146,79.99999999999999
3956,69.37897,81.0
3957,69.74418,81.0
3958,70.42337,79.99999999999999
3959,71.19093,79.99999999999999
3960,71.40646,79.0
3961,71.21538,79.0
3962,71.16211,79.0
3963,71.21316,79.0
3964,71.29101,79.0
3965,71.55356,79.0
3966,71.96735,79.0
3967,72.115585,79.0
3968,72.24973,79.0
3969,72.26166,79.99999999999999
3970,72.30772,79.99999999999999
3971,72.52341,79.99999999999999
3972,72.844574,79.99999999999999
3973,72.78037,79.99999999999999
3974,72.22684,79.0
3975,71.214455,79.0
3976,69.538666,79.0
3977,67.94826,78.0
3978,67.08872,78.0
3979,66.75806,77.0
3980,66.54535,76.0
3981,66.4581,74.99999999999999
3982,66.27045,76.0
3983,66.4068,76.0
3984,66.65833,77.0
3985,66.93411,76.0
3986,67.47326,76.0
3987,67.70237,76.0
3988,67.71237,74.99999999999999
3989,67.74315,74.0
3990,67.496796,73.0
3991,67.01677,72.0
3992,66.50417,71.0
3993,65.91206,70.0
3994,65.3361,70.0
3995,64.860466,68.0
3996,64.56145,68.0
3997,64.04631,68.0
3998,63.50078,68.0
3999,63.048744,67.0
4000,62.61645,67.0
4001,62.00595,67.0
4002,61.54166,67.0
4003,61.550385,67.0
4004,61.88601,67.0
4005,62.28602,68.0
4006,62.720127,65.0
4007,63.288975,66.0
4008,63.055523,66.0
4009,62.868076,66.0
4010,62.780487,67.0
4011,62.767403,67.0
4012,63.0867,68.0
4013,63.464024,69.0
4014,64.178406,70.0
4015,64.94518,68.0
4016,65.7412,68.0
4017,65.59596,68.0
4018,65.13372,68.0
4019,64.66863,67.0
4020,64.36077,66.0
4021,64.0888,66.0
4022,63.551956,66.0
4023,63.001144,66.0
4024,62.472637,66.0
4025,61.996452,66.0
4026,61.549503,65.0
4027,61.229523,65.0
4028,60.77622,64.0
4029,60.430927,64.0
4030,60.25002,65.0
4031,60.19069,65.0
4032,60.676052,66.0
4033,61.2888,65.0
4034,62.010273,66.0
4035,62.43218,66.0
4036,62.60958,66.0
4037,62.742615,64.0
4038,62.581844,65.0
4039,62.183907,68.0
4040,62.163517,69.0
4041,62.814476,69.0
4042,63.913933,69.0
4043,64.716805,69.0
4044,65.11144,70.0
4045,65.27842,69.0
4046,65.400826,69.0
4047,64.951485,68.0
4048,64.30396,68.0
4049,63.2055,68.0
4050,62.30201,69.0
4051,61.909607,70.0
4052,62.228287,71.0
4053,62.94967,72.0
4054,63.803425,72.0
4055,64.58713,73.0
4056,64.89026,73.0
4057,65.399445,74.0
4058,65.722435,73.0
4059,65.93565,73.0
4060,65.90986,74.0
4061,65.96973,61.0
4062,66.57034,60.0
4063,64.40743,59.0
4064,61.45547,59.0
4065,59.095516,59.0
4066,57.925,59.0
4067,57.81199,59.0
4068,58.29023,59.0
4069,58.981514,59.0
4070,59.5118,58.0
4071,59.627224,58.0
4072,59.08429,57.0
4073,58.47615,55.0
4074,57.66128,55.0
4075,56.498978,55.0
4076,55.675446,55.0
4077,55.361927,56.00000000000001
4078,55.44255,56.00000000000001
4079,55.94407,57.0
4080,56.389233,57.0
4081,56.771492,57.0
4082,56.864697,57.0
4083,56.634686,57.0
4084,56.332203,57.0
4085,56.02765,65.0
4086,55.692917,64.0
4087,58.074764,63.0
4088,60.340054,62.0
4089,61.452175,59.0
4090,61.37291,58.0
4091,60.01988,57.0
4092,58.220222,57.0
4093,56.44498,57.0
4094,55.832806,57.0
4095,56.38484,56.00000000000001
4096,57.026848,56.00000000000001
4097,56.877346,56.00000000000001
4098,56.49786,56.00000000000001
4099,56.221245,55.0
4100,56.057568,55.0
4101,55.649975,55.0
4102,55.20507,55.0
4103,54.83455,54.0
4104,54.42942,54.0
4105,53.892185,54.0
4106,53.43336,54.0
4107,53.287697,54.0
4108,53.214375,54.0
4109,53.155838,67.0
4110,53.397938,68.0
4111,57.06922,68.0
4112,61.21135,69.0
4113,63.861584,71.0
4114,65.01408,72.0
4115,65.59537,73.0
4116,65.79376,74.0
4117,65.915886,74.0
4118,66.1112,74.99999999999999
4119,65.74052,74.0
4120,64.52383,73.0
4121,62.214417,73.0
4122,59.716496,73.0
4123,58.640285,73.0
4124,58.882595,73.0
4125,59.97818,73.0
4126,61.03348,73.0
4127,62.111202,72.0
4128,62.881516,71.0
4129,63.33703,70.0
4130,63.025772,69.0
4131,62.56296,68.0
4132,62.073837,66.0
4133,61.59274,57.0
4134,60.86273,57.0
4135,58.242992,57.0
4136,55.818943,57.0
4137,54.592297,57.0
4138,54.296745,57.0
4139,54.576122,56.00000000000001
4140,55.01743,56.00000000000001
4141,55.019527,56.00000000000001
4142,54.33667,56.00000000000001
4143,53.402367,57.0
4144,52.894817,57.0
4145,53.127964,58.0
4146,53.38106,58.0
4147,53.753735,58.0
4148,53.833477,58.0
4149,53.49311,58.0
4150,53.166447,58.0
4151,52.836136,58.0
4152,52.856846,57.0
4153,53.12885,57.0
4154,53.200096,57.0
4155,53.26651,57.0
4156,53.388542,57.0
4157,53.573757,37.0
4158,53.67827,36.0
4159,49.29198,35.0
4160,44.120914,35.0
4161,39.8404,32.0
4162,37.014194,31.0
4163,34.736816,30.0
4164,33.13325,29.0
4165,32.96294,29.0
4166,33.16414,28.000000000000004
4167,32.711357,29.0
4168,32.416924,29.0
4169,32.93585,28.000000000000004
4170,33.578987,28.000000000000004
4171,33.816746,28.000000000000004
4172,33.96582,29.0
4173,33.983265,29.0
4174,34.058266,29.0
4175,34.191376,30.0
4176,34.19266,31.0
4177,34.63911,32.0
4178,35.42094,32.0
4179,36.380505,33.0
4180,36.822918,35.0
4181,37.053337,58.0
4182,37.72144,57.0
4183,46.288586,57.0
4184,53.725796,57.0
4185,56.84689,58.0
4186,56.602467,59.0
4187,55.163834,60.0
4188,53.988102,62.0
4189,53.691605,63.0
4190,54.64505,63.0
4191,55.88363,63.0
4192,56.32273,63.0
4193,56.46676,63.0
4194,56.445183,64.0
4195,56.493347,64.0
4196,57.132267,64.0
4197,57.83046,64.0
4198,58.311234,64.0
4199,58.726173,65.0
4200,59.38638,67.0
4201,60.427948,68.0
4202,61.371334,69.0
4203,62.441975,69.0
4204,63.39303,70.0
4205,64.00886,63.0
4206,64.93112,65.0
4207,63.793766,66.0
4208,62.80414,67.0
4209,62.655846,69.0
4210,63.249825,69.0
4211,64.45936,69.0
4212,65.62921,69.0
4213,66.23047,68.0
4214,66.18099,66.0
4215,65.38097,66.0
4216,63.990295,66.0
4217,62.695305,65.0
4218,61.945312,65.0
4219,61.40819,65.0
4220,61.230503,65.0
4221,61.1923,65.0
4222,61.45393,66.0
4223,61.572914,66.0
4224,61.895092,65.0
4225,62.072956,65.0
4226,61.85833,65.0
4227,61.544262,64.0
4228,61.32187,62.0
4229,61.028694,84.0
4230,60.32386,81.0
4231,65.439926,79.0
4232,70.43849,78.0
4233,72.35962,77.0
4234,71.450455,76.0
4235,69.1198,74.0
4236,66.36567,72.0
4237,64.00174,71.0
4238,61.64196,69.0
4239,60.014133,69.0
4240,58.12547,68.0
4241,55.824154,68.0
4242,53.7921,68.0
4243,52.698067,68.0
4244,52.29699,68.0
4245,52.788048,67.0
4246,53.806873,68.0
4247,54.816223,67.0
4248,56.309673,67.0
4249,57.302788,67.0
4250,58.251423,67.0
4251,59.096752,67.0
4252,59.955746,67.0
4253,60.61056,89.0
4254,61.47136,89.0
4255,68.30932,88.0
4256,75.04168,88.0
4257,78.38741,89.0
4258,78.6427,88.0
4259,77.73539,88.0
4260,76.05208,87.0
4261,74.9595,85.00000000000001
4262,73.84501,85.00000000000001
4263,72.33168,84.0
4264,70.72613,83.0
4265,68.85925,83.0
4266,67.00856,81.0
4267,66.71151,81.0
4268,66.86113,81.0
4269,67.151566,82.0
4270,67.77364,81.0
4271,68.77625,81.0
4272,69.687584,81.0
4273,70.336815,81.0
4274,70.61892,81.0
4275,71.08472,81.0
4276,71.60001,81.0
4277,71.895424,126.0
4278,72.36844,136.0
4279,84.833466,144.0
4280,99.50856,151.0
4281,106.202576,152.0
4282,103.15083,152.0
4283,91.57457,153.0
4284,76.452774,153.0
4285,61.72428,153.0
4286,47.354343,153.0
4287,31.788477,153.0
4288,12.935526,153.0
4289,-5.4166245,153.0
4290,-18.441227,153.0
4291,-21.010914,153.0
4292,-17.394312,153.0
4293,-11.4663925,152.0
4294,-4.5274878,152.0
4295,1.1062248,151.0
4296,4.519003,151.0
4297,3.8216443,149.0
4298,0.8898153,143.0
4299,-7.2249827,137.0
4300,-20.50123,125.0
4301,-34.144966,57.0
4302,-41.029087,58.0
4303,-52.511356,59.0
4304,-51.34739,59.0
4305,-40.658478,60.0
4306,-26.093391,60.0
4307,-11.126991,61.0
4308,1.9645721,62.0
4309,11.977484,62.0
4310,16.589123,62.0
4311,17.652586,61.0
4312,19.911732,61.0
4313,22.834436,61.0
4314,25.791792,61.0
4315,28.444004,61.0
4316,31.499046,61.0
4317,35.09624,61.0
4318,38.81114,61.0
4319,41.951286,60.0
4320,44.04756,60.0
4321,45.50678,59.0
4322,46.58421,58.0
4323,47.57002,58.0
4324,48.30939,58.0
4325,49.228508,39.99999999999999
4326,49.522614,41.0
4327,45.58119,39.99999999999999
4328,41.609566,39.99999999999999
4329,38.55025,39.99999999999999
4330,37.040043,39.0
4331,36.96483,38.0
4332,37.59499,39.99999999999999
4333,38.29062,39.99999999999999
4334,39.30603,43.0
4335,39.677834,44.0
4336,40.784554,44.0
4337,42.00358,46.0
4338,42.344906,47.0
4339,42.70072,48.0
4340,42.97312,50.0
4341,43.2835,51.0
4342,44.224174,51.0
4343,45.345657,51.0
4344,46.128963,51.0
4345,46.668415,51.0
4346,47.217777,51.0
4347,47.723232,51.0
4348,48.13153,52.0
4349,48.51095,92.0
4350,49.104267,91.0
4351,62.08961,91.0
4352,74.473076,90.0
4353,79.800385,90.0
4354,78.84651,89.0
4355,74.55508,89.0
4356,70.04962,88.0
4357,66.733444,89.0
4358,65.52017,91.0
4359,65.86444,91.0
4360,67.0904,90.0
4361,67.61056,90.0
4362,67.176735,90.0
4363,66.804184,89.0
4364,66.3977,87.0
4365,66.22258,87.0
4366,65.96437,86.0
4367,66.21277,85.00000000000001
4368,67.179665,84.0
4369,67.673615,83.0
4370,67.51026,81.0
4371,67.17895,79.99999999999999
4372,66.65911,79.0
4373,66.30875,78.0
4374,66.38549,78.0
4375,66.727684,78.0
4376,67.033226,77.0
4377,67.17751,77.0
4378,67.254196,77.0
4379,67.22455,76.0
4380,67.35307,77.0
4381,67.48854,74.99999999999999
4382,67.47447,73.0
4383,66.359505,71.0
4384,64.28953,71.0
4385,61.848305,71.0
4386,60.24916,70.0
4387,59.692406,70.0
4388,59.729366,70.0
4389,60.182102,70.0
4390,61.016487,70.0
4391,61.689274,71.0
4392,62.457417,71.0
4393,63.16594,72.0
4394,63.897564,72.0
4395,64.68295,73.0
4396,65.3618,73.0
4397,66.17718,73.0
4398,66.91768,73.0
4399,67.45271,73.0
4400,67.72281,74.0
4401,68.04387,74.99999999999999
4402,68.57228,74.99999999999999
4403,69.29164,76.0
4404,69.84139,76.0
4405,70.121475,77.0
4406,70.00936,78.0
4407,69.684784,78.0
4408,69.3371,79.0
4409,68.75979,79.0
4410,68.39543,79.99999999999999
4411,68.02289,79.99999999999999
4412,68.30943,82.0
4413,69.036064,82.0
4414,70.21324,83.0
4415,71.27446,84.0
4416,72.402275,85.00000000000001
4417,73.57868,85.00000000000001
4418,74.40051,85.00000000000001
4419,74.482056,85.00000000000001
4420,74.34256,84.0
4421,74.56515,86.0
4422,75.09342,88.0
4423,76.10569,89.0
4424,77.799706,89.0
4425,79.5762,90.0
4426,80.72927,91.0
4427,81.590416,92.0
4428,82.37834,94.0
4429,82.66439,96.0
4430,83.15389,96.0
4431,83.327576,95.0
4432,82.44814,95.0
4433,80.16125,95.0
4434,77.4523,94.0
4435,75.55457,94.0
4436,73.777306,93.0
4437,73.1123,92.0
4438,73.08213,91.0
4439,72.750015,90.0
4440,72.53745,89.0
4441,72.570145,90.0
4442,72.824326,91.0
4443,73.51522,91.0
4444,74.69438,92.0
4445,75.531845,91.0
4446,76.40639,90.0
4447,76.60221,90.0
4448,76.34629,90.0
4449,76.171524,90.0
4450,76.4652,91.0
4451,76.991135,89.0
4452,77.858376,88.0
4453,77.95505,87.0
4454,77.4264,86.0
4455,76.06892,87.0
4456,74.390465,87.0
4457,73.33952,87.0
4458,72.72958,90.0
4459,72.793236,90.0
4460,73.52477,91.0
4461,74.87269,91.0
4462,75.54324,92.0
4463,75.665306,93.0
4464,75.93713,92.0
4465,76.430954,91.0
4466,76.55226,91.0
4467,76.12626,91.0
4468,75.61339,91.0
4469,75.40804,91.0
4470,75.748344,91.0
4471,76.34301,91.0
4472,77.11931,89.0
4473,77.60723,88.0
4474,77.84422,86.0
4475,77.46331,85.00000000000001
4476,76.502945,84.0
4477,75.26372,82.0
4478,73.75671,81.0
4479,71.6975,79.99999999999999
4480,69.385666,79.99999999999999
4481,67.28418,79.0
4482,66.01129,77.0
4483,65.704124,78.0
4484,65.036,77.0
4485,65.273155,77.0
4486,65.67728,76.0
4487,66.08452,76.0
4488,66.2107,76.0
4489,66.05606,74.99999999999999
4490,66.1529,74.99999999999999
4491,66.30034,74.0
4492,66.726974,74.0
4493,66.86359,74.99999999999999
4494,67.530716,77.0
4495,68.61405,78.0
4496,69.78316,79.0
4497,71.06352,79.0
4498,72.178734,79.99999999999999
4499,72.710144,79.99999999999999
4500,73.03477,81.0
4501,73.117836,82.0
4502,72.97464,83.0
4503,72.71549,84.0
4504,72.33637,85.00000000000001
4505,72.05772,85.00000000000001
4506,71.55209,85.00000000000001
4507,71.141914,84.0
4508,70.93502,84.0
4509,70.69924,84.0
4510,70.98035,86.0
4511,72.07671,86.0
4512,73.69197,87.0
4513,75.10487,87.0
4514,76.347,88.0
4515,77.20297,88.0
4516,77.972,90.0
4517,78.485725,88.0
4518,79.28827,84.0
4519,79.23434,81.0
4520,77.951775,79.0
4521,76.04947,78.0
4522,74.37041,78.0
4523,73.31833,78.0
4524,73.17766,77.0
4525,73.38753,76.0
4526,72.931526,74.99999999999999
4527,71.041306,74.99999999999999
4528,68.70063,74.99999999999999
4529,67.341446,74.99999999999999
4530,66.90135,74.99999999999999
4531,66.85571,74.99999999999999
4532,66.92273,74.0
4533,66.84071,73.0
4534,66.49923,71.0
4535,66.150505,72.0
4536,65.55367,72.0
4537,65.354576,72.0
4538,65.6012,72.0
4539,66.01995,72.0
4540,66.32998,71.0
4541,66.50351,71.0
4542,66.61498,71.0
4543,66.67083,71.0
4544,66.59311,72.0
4545,66.73678,72.0
4546,67.13057,72.0
4547,67.45,73.0
4548,67.76388,74.99999999999999
4549,68.141136,76.0
4550,68.755615,77.0
4551,69.43895,78.0
4552,69.95855,77.0
4553,70.23112,77.0
4554,69.91595,77.0
4555,69.564285,76.0
4556,69.3016,74.99999999999999
4557,68.90372,74.99999999999999
4558,68.5249,74.99999999999999
4559,68.62069,74.99999999999999
4560,68.79178,74.99999999999999
4561,69.20563,74.99999999999999
4562,69.57827,74.99999999999999
4563,69.60163,74.99999999999999
4564,69.5537,74.0
4565,69.53002,73.0
4566,69.28488,73.0
4567,68.77403,74.0
4568,68.46075,74.0
4569,68.5132,73.0
4570,68.684364,73.0
4571,68.53804,72.0
4572,68.390816,69.0
4573,67.79179,68.0
4574,66.534645,67.0
4575,64.93895,66.0
4576,63.40355,66.0
4577,62.229626,65.0
4578,61.612385,65.0
4579,61.155956,65.0
4580,60.97853,65.0
4581,60.916527,65.0
4582,61.00079,63.0
4583,61.09667,62.0
4584,60.696873,61.0
4585,59.967094,61.0
4586,59.188675,61.0
4587,58.670662,61.0
4588,58.566833,63.0
4589,58.7701,64.0
4590,59.53263,64.0
4591,60.448154,63.0
4592,60.99818,63.0
4593,61.00557,63.0
4594,60.869553,64.0
4595,60.708244,64.0
4596,60.869728,65.0
4597,61.106007,66.0
4598,61.61263,67.0
4599,62.10706,68.0
4600,62.721172,68.0
4601,63.299606,68.0
4602,63.42179,68.0
4603,63.166122,68.0
4604,62.93518,69.0
4605,62.85365,69.0
4606,63.22013,71.0
4607,63.839966,71.0
4608,64.79047,72.0
4609,65.61193,72.0
4610,66.47332,72.0
4611,66.89724,72.0
4612,67.16029,71.0
4613,67.22875,70.0
4614,66.881584,72.0
4615,66.58257,72.0
4616,66.82997,73.0
4617,67.37794,74.0
4618,68.17494,74.99999999999999
4619,69.06796,74.99999999999999
4620,69.82989,76.0
4621,70.243515,74.99999999999999
4622,70.4074,74.99999999999999
4623,69.857346,74.0
4624,68.934166,73.0
4625,67.80155,73.0
4626,66.73611,73.0
4627,66.17917,72.0
4628,65.93325,72.0
4629,65.8311,72.0
4630,65.74527,70.0
4631,65.6472,69.0
4632,65.139404,68.0
4633,64.50349,67.0
4634,63.720325,67.0
4635,63.02671,67.0
4636,62.63002,66.0
4637,62.55587,66.0
4638,62.3728,65.0
4639,62.24134,65.0
4640,61.838314,64.0
4641,61.54851,63.0
4642,61.096172,61.0
4643,60.354668,61.0
4644,59.39336,60.0
4645,58.600235,59.0
4646,57.941856,58.0
4647,57.08581,58.0
4648,56.114395,59.0
4649,55.368626,59.0
4650,55.351112,59.0
4651,55.627678,60.0
4652,55.958878,60.0
4653,56.486553,61.0
4654,56.89146,62.0
4655,57.556343,63.0
4656,58.281796,65.0
4657,59.15629,67.0
4658,60.376575,68.0
4659,61.73986,69.0
4660,63.09303,69.0
4661,64.16192,70.0
4662,64.79598,72.0
4663,65.441475,73.0
4664,66.38536,74.0
4665,67.39072,74.99999999999999
4666,68.52615,76.0
4667,69.38247,76.0
4668,70.02581,76.0
4669,70.31821,76.0
4670,70.27858,77.0
4671,70.12541,78.0
4672,70.02455,79.0
4673,70.23769,79.99999999999999
4674,70.58563,79.99999999999999
4675,70.50477,81.0
4676,70.21917,82.0
4677,70.226265,83.0
4678,70.258484,83.0
4679,70.41698,84.0
4680,70.655045,84.0
4681,71.15427,84.0
4682,71.699135,85.00000000000001
4683,72.352104,85.00000000000001
4684,72.97737,86.0
4685,73.581116,86.0
4686,74.402596,86.0
4687,75.195946,86.0
4688,75.68776,87.0
4689,76.27936,86.0
4690,76.99748,87.0
4691,77.26246,88.0
4692,77.582565,89.0
4693,78.23844,90.0
4694,78.887634,92.0
4695,79.51676,93.0
4696,80.166504,94.0
4697,80.58314,94.0
4698,80.65426,94.0
4699,80.45029,95.0
4700,79.959496,95.0
4701,79.67333,95.0
4702,79.70175,96.0
4703,79.84436,96.0
4704,80.27419,96.0
4705,80.64528,96.0
4706,80.77183,95.0
4707,80.82496,96.0
4708,80.680725,95.0
4709,80.77248,95.0
4710,80.89215,95.0
4711,80.94447,94.0
4712,80.87805,93.0
4713,80.72006,92.0
4714,80.29755,91.0
4715,79.688354,91.0
4716,78.92336,90.0
4717,78.167984,90.0
4718,76.90239,89.0
4719,75.39177,89.0
4720,73.11971,88.0
4721,71.342064,88.0
4722,69.416336,87.0
4723,68.20874,87.0
4724,67.62933,87.0
4725,67.7531,87.0
4726,68.559265,87.0
4727,69.32388,87.0
4728,70.53738,89.0
4729,72.270096,91.0
4730,74.1834,92.0
4731,76.21287,92.0
4732,77.98613,93.0
4733,79.071976,93.0
4734,79.92098,94.0
4735,80.44776,95.0
4736,81.00542,95.0
4737,81.74854,95.0
4738,82.37769,96.0
4739,82.92897,96.0
4740,83.38677,96.0
4741,83.105644,96.0
4742,81.31382,97.0
4743,78.92547,99.0
4744,76.369026,100.0
4745,74.66371,106.0
4746,72.882965,117.00000000000001
4747,72.76693,127.0
4748,75.815575,133.0
4749,78.47166,139.0
4750,77.76067,147.0
4751,73.80049,149.99999999999997
4752,68.21552,147.0
4753,62.54386,142.0
4754,56.600872,142.0
4755,51.04002,143.0
4756,46.963413,151.0
4757,44.388462,151.0
4758,42.177414,151.0
4759,38.161495,151.0
4760,32.398407,151.0
4761,24.96091,152.0
4762,16.974752,152.0
4763,8.462929,151.0
4764,-3.5452836,149.99999999999997
4765,-28.598349,137.0
4766,-72.56271,114.0
4767,-133.60028,103.0
4768,-188.62704,99.0
4769,-211.13948,98.0
4770,-205.84534,96.0
4771,-182.80534,95.0
4772,-152.3445,94.0
4773,-118.320854,93.0
4774,-87.6314,91.0
4775,-52.59439,89.0
4776,-22.548422,87.0
4777,0.87089634,85.00000000000001
4778,18.106472,83.0
4779,30.115686,83.0
4780,38.475296,82.0
4781,44.769363,56.00000000000001
4782,48.877857,56.00000000000001
4783,47.30946,56.00000000000001
4784,45.348896,56.00000000000001
4785,44.505413,56.00000000000001
4786,45.137753,55.0
4787,47.005997,54.0
4788,48.778522,55.0
4789,50.10155,54.0
4790,51.19568,55.0
4791,51.04293,55.0
4792,50.524387,55.0
4793,50.904568,56.00000000000001
4794,51.224854,56.00000000000001
4795,51.751884,55.0
4796,52.29366,55.0
4797,52.494827,55.0
4798,52.558323,55.0
4799,52.702236,54.0
4800,52.85216,55.0
4801,52.735985,54.0
4802,52.95756,55.0
4803,52.995,55.0
4804,53.229366,54.0
4805,53.39294,54.0
4806,52.992893,54.0
4807,52.609455,53.0
4808,52.256874,54.0
4809,51.85185,53.0
4810,51.904224,53.0
4811,51.9237,53.0
4812,51.934742,53.0
4813,51.941307,53.0
4814,51.957832,54.0
4815,52.01984,54.0
4816,52.42682,55.0
4817,52.705364,55.0
4818,53.111485,55.0
4819,53.316017,56.00000000000001
4820,53.225006,56.00000000000001
4821,53.274002,55.0
4822,53.269623,55.0
4823,52.908775,55.0
4824,52.631714,56.00000000000001
4825,52.563858,56.00000000000001
4826,52.921463,57.0
4827,53.39771,57.0
4828,54.048134,58.0
4829,54.51294,65.0
4830,55.04834,64.0
4831,57.485558,62.0
4832,59.38343,60.0
4833,59.83999,59.0
4834,58.984158,58.0
4835,57.662853,57.0
4836,56.460217,56.00000000000001
4837,55.410538,55.0
4838,54.632282,55.0
4839,54.01458,56.00000000000001
4840,53.689533,56.00000000000001
4841,54.12739,57.0
4842,54.692764,57.0
4843,55.364372,57.0
4844,55.809727,57.0
4845,56.054665,57.0
4846,56.21036,57.0
4847,56.2675,58.0
4848,56.3905,58.0
4849,56.633663,58.0
4850,56.865505,58.0
4851,56.887688,58.0
4852,56.97614,58.0
4853,56.99366,57.0
4854,56.906834,57.0
4855,56.543873,58.0
4856,56.27333,59.0
4857,56.388626,59.0
4858,56.91739,59.0
4859,57.417336,60.0
4860,57.618107,60.0
4861,57.67513,60.0
4862,56.98489,60.0
4863,55.973164,60.0
4864,54.871597,61.0
4865,53.83192,61.0
4866,53.55534,61.0
4867,53.76665,62.0
4868,54.318787,63.0
4869,55.246727,63.0
4870,56.080944,64.0
4871,56.737682,64.0
4872,57.509075,65.0
4873,58.272842,65.0
4874,59.17175,66.0
4875,60.07546,67.0
4876,60.99998,68.0
4877,62.260147,37.0
4878,63.174133,39.99999999999999
4879,58.43521,42.0
4880,52.549007,44.0
4881,48.325653,47.0
4882,46.265953,49.0
4883,46.694427,51.0
4884,49.353573,52.0
4885,52.678345,52.0
4886,51.996655,52.0
4887,48.11232,53.0
4888,46.3405,53.0
4889,46.97653,53.0
4890,47.813152,54.0
4891,48.26654,55.0
4892,49.088966,55.0
4893,50.380527,56.00000000000001
4894,51.2581,56.00000000000001
4895,51.927418,57.0
4896,52.467426,58.0
4897,53.264526,58.0
4898,54.038406,58.0
4899,54.93529,59.0
4900,55.40646,59.0
4901,55.775093,69.0
4902,56.130676,69.0
4903,59.25388,68.0
4904,62.40654,68.0
4905,63.713783,67.0
4906,63.80027,66.0
4907,62.814423,66.0
4908,61.514828,65.0
4909,60.394123,64.0
4910,59.333122,64.0
4911,58.279015,64.0
4912,57.381084,64.0
4913,56.505962,63.0
4914,55.68263,62.0
4915,54.8034,62.0
4916,53.85167,61.0
4917,53.32074,60.0
4918,52.876144,60.0
4919,52.344322,60.0
4920,51.97285,57.0
4921,52.07042,56.00000000000001
4922,51.49164,55.0
4923,50.642548,55.0
4924,49.83724,55.0
4925,49.64229,60.0
4926,50.017105,59.0
4927,52.14827,58.0
4928,53.98157,58.0
4929,54.794724,57.0
4930,54.979477,56.00000000000001
4931,54.41637,55.0
4932,53.48291,55.0
4933,52.50143,55.0
4934,51.943687,55.0
4935,51.96345,54.0
4936,52.17503,54.0
4937,51.71192,54.0
4938,51.074886,54.0
4939,50.756706,53.0
4940,50.5418,53.0
4941,49.99321,52.0
4942,49.445736,52.0
4943,48.663795,51.0
4944,48.155697,49.0
4945,47.66405,47.0
4946,46.622032,46.0
4947,45.301353,44.0
4948,44.008507,44.0
4949,42.578873,68.0
4950,41.947628,70.0
4951,49.895924,71.0
4952,58.653465,72.0
4953,63.352734,73.0
4954,63.2601,74.0
4955,60.908413,74.0
4956,58.89923,73.0
4957,57.50941,73.0
4958,56.805824,71.0
4959,56.630604,70.0
4960,55.939316,69.0
4961,54.956345,69.0
4962,54.029564,69.0
4963,53.89909,69.0
4964,54.785522,68.0
4965,55.73505,68.0
4966,56.4867,69.0
4967,57.09653,69.0
4968,57.77022,69.0
4969,58.54251,70.0
4970,59.250793,70.0
4971,60.256023,70.0
4972,61.126682,70.0
4973,61.87565,79.99999999999999
4974,62.51676,77.0
4975,65.88635,74.99999999999999
4976,68.01555,73.0
4977,68.33464,72.0
4978,66.85657,70.0
4979,64.516846,70.0
4980,62.117714,68.0
4981,60.733967,68.0
4982,59.603405,67.0
4983,59.045967,67.0
4984,58.518764,66.0
4985,57.75838,65.0
4986,56.266014,65.0
4987,54.8478,65.0
4988,53.97113,65.0
4989,54.001823,65.0
4990,54.732353,65.0
4991,55.809544,65.0
4992,56.454926,65.0
4993,57.17367,65.0
4994,57.7135,66.0
4995,58.40162,66.0
4996,59.225113,66.0
4997,59.865612,111.0
4998,60.543705,99.0
4999,72.91322,98.0
5000,81.53702,96.0
5001,83.9366,94.0
5002,81.371216,92.0
5003,76.74198,90.0
5004,72.45627,89.0
5005,69.421684,87.0
5006,67.81529,86.0
5007,66.66368,85.00000000000001
5008,65.48213,84.0
5009,64.41217,83.0
5010,64.03177,82.0
5011,64.08878,79.99999999999999
5012,64.42215,79.0
5013,64.180405,78.0
5014,64.214584,77.0
5015,64.46379,77.0
5016,64.7422,78.0
5017,65.3638,78.0
5018,66.79208,77.0
5019,68.17378,76.0
5020,68.68792,76.0
5021,68.55321,58.0
5022,68.75616,58.0
5023,65.512856,58.0
5024,61.78385,58.0
5025,59.06175,58.0
5026,57.677876,58.0
5027,57.460068,58.0
5028,57.910316,58.0
5029,58.62589,58.0
5030,59.190487,58.0
5031,59.355484,58.0
5032,59.17887,59.0
5033,59.01915,59.0
5034,59.290264,59.0
5035,59.59248,58.0
5036,59.630547,58.0
5037,59.22179,58.0
5038,58.74524,59.0
5039,58.350136,59.0
5040,58.340275,60.0
5041,58.39838,60.0
5042,58.61292,60.0
5043,58.714043,60.0
5044,58.627094,58.0
5045,58.48707,52.0
5046,57.702465,53.0
5047,55.228287,54.0
5048,53.25909,55.0
5049,52.567657,56.00000000000001
5050,52.955757,57.0
5051,53.91023,58.0
5052,55.001778,59.0
5053,55.888084,60.0
5054,56.35992,60.0
5055,56.385254,60.0
5056,55.976364,60.0
5057,55.428406,60.0
5058,55.03392,59.0
5059,54.958023,59.0
5060,54.7713,58.0
5061,54.84354,58.0
5062,54.61094,57.0
5063,54.86283,57.0
5064,54.673634,57.0
5065,54.48754,57.0
5066,54.360878,57.0
5067,54.300247,57.0
5068,54.319542,57.0
5069,54.301613,73.0
5070,54.51593,73.0
5071,59.591232,74.99999999999999
5072,64.64319,77.0
5073,67.72808,79.0
5074,69.242935,81.0
5075,69.92796,82.0
5076,70.28662,84.0
5077,70.270195,85.00000000000001
5078,70.17156,86.0
5079,69.9276,87.0
5080,69.32546,87.0
5081,68.46376,87.0
5082,67.79575,87.0
5083,67.69926,87.0
5084,67.62326,88.0
5085,68.34438,89.0
5086,69.78279,89.0
5087,71.331245,90.0
5088,72.62378,90.0
5089,73.79483,89.0
5090,74.71268,89.0
5091,75.2932,90.0
5092,76.019135,90.0
5093,77.21784,92.0
5094,78.835175,95.0
5095,80.61164,93.0
5096,82.589745,92.0
5097,83.30045,91.0
5098,82.94087,91.0
5099,82.03472,91.0
5100,81.317535,91.0
5101,80.969765,91.0
5102,80.690155,92.0
5103,80.02845,93.0
5104,79.27517,94.0
5105,77.9599,94.0
5106,76.02386,93.0
5107,74.19179,93.0
5108,72.10577,91.0
5109,70.87086,91.0
5110,70.3243,90.0
5111,70.1506,89.0
5112,70.29867,89.0
5113,70.62017,89.0
5114,71.347626,88.0
5115,72.15719,87.0
5116,72.64601,87.0
5117,72.73932,84.0
5118,72.93272,82.0
5119,72.33676,82.0
5120,71.52314,81.0
5121,71.00101,79.99999999999999
5122,70.7419,79.0
5123,70.472084,78.0
5124,70.591,77.0
5125,70.1836,76.0
5126,69.54551,74.99999999999999
5127,68.85231,73.0
5128,67.80594,72.0
5129,66.50342,72.0
5130,65.2943,71.0
5131,64.57742,71.0
5132,64.06195,72.0
5133,64.10327,72.0
5134,64.64783,71.0
5135,64.98402,71.0
5136,64.93077,71.0
5137,64.71608,70.0
5138,64.70979,70.0
5139,64.619194,69.0
5140,64.67375,69.0
5141,64.589165,68.0
5142,64.55212,67.0
5143,64.345795,66.0
5144,63.889248,66.0
5145,63.303253,65.0
5146,62.87053,64.0
5147,62.43848,64.0
5148,61.834663,63.0
5149,61.382664,62.0
5150,60.813446,61.0
5151,59.61033,60.0
5152,58.094154,59.0
5153,56.649822,58.0
5154,55.373745,58.0
5155,54.40504,58.0
5156,53.98593,57.0
5157,53.941643,55.0
5158,53.67598,56.00000000000001
5159,52.80766,55.0
5160,52.323418,56.00000000000001
5161,51.96121,57.0
5162,52.223274,57.0
5163,52.997616,58.0
5164,53.767853,59.0
5165,54.597557,60.0
5166,55.542694,62.0
5167,56.56045,64.0
5168,57.72249,65.0
5169,59.161133,67.0
5170,60.46174,69.0
5171,61.933067,71.0
5172,63.499657,71.0
5173,65.35549,71.0
5174,66.15941,72.0
5175,66.18687,73.0
5176,65.92843,74.0
5177,65.97672,74.99999999999999
5178,66.44945,76.0
5179,67.1557,77.0
5180,68.356384,78.0
5181,69.50238,79.99999999999999
5182,70.38021,81.0
5183,71.321976,82.0
5184,72.27268,83.0
5185,73.06388,84.0
5186,73.94072,85.00000000000001
5187,74.756165,85.00000000000001
5188,75.61935,86.0
5189,76.17846,86.0
5190,76.92778,87.0
5191,77.65924,88.0
5192,78.59648,88.0
5193,79.57359,89.0
5194,80.16255,89.0
5195,80.64636,90.0
5196,80.81412,92.0
5197,80.926384,94.0
5198,81.20547,95.0
5199,81.44863,97.0
5200,81.16138,99.0
5201,80.59949,106.99999999999999
5202,80.15916,120.0
5203,81.91503,126.0
5204,86.48023,139.0
5205,89.5855,139.0
5206,91.234924,138.0
5207,87.82494,131.0
5208,80.85215,126.0
5209,71.98641,121.0
5210,63.994324,114.0
5211,57.906445,108.0
5212,53.596565,104.0
5213,50.832317,99.0
5214,49.67989,98.0
5215,49.848007,95.0
5216,51.49566,94.0
5217,53.54494,93.0
5218,55.92646,92.0
5219,58.267284,92.0
5220,60.545345,92.0
5221,61.353184,91.0
5222,60.218464,91.0
5223,56.96819,89.0
5224,52.796463,88.0
5225,49.273018,87.0
5226,47.27166,86.0
5227,47.70986,85.00000000000001
5228,50.258358,84.0
5229,53.721897,84.0
5230,57.303566,85.00000000000001
5231,60.550472,86.0
5232,63.960926,87.0
5233,67.09791,88.0
5234,69.757545,89.0
5235,72.09166,89.0
5236,74.00232,91.0
5237,75.74871,93.0
5238,77.57294,95.0
5239,79.39594,95.0
5240,80.85943,95.0
5241,81.74774,94.0
5242,82.06959,94.0
5243,81.82537,93.0
5244,81.38635,92.0
5245,80.59789,91.0
5246,79.09082,90.0
5247,76.14751,90.0
5248,72.924194,90.0
5249,69.702194,88.0
5250,66.82549,87.0
5251,64.491615,86.0
5252,63.306713,84.0
5253,63.008423,82.0
5254,63.061363,81.0
5255,63.29439,79.0
5256,63.70072,78.0
5257,64.159355,76.0
5258,64.58491,74.99999999999999
5259,64.55689,73.0
5260,64.58451,70.0
5261,64.25355,68.0
5262,63.30787,65.0
5263,62.268776,65.0
5264,61.053055,65.0
5265,60.417286,65.0
5266,60.53022,65.0
5267,60.957043,66.0
5268,61.36937,65.0
5269,61.926548,65.0
5270,62.141586,66.0
5271,62.12594,65.0
5272,62.141273,65.0
5273,61.924095,65.0
5274,61.701633,64.0
5275,61.746315,64.0
5276,61.739674,64.0
5277,61.71972,63.0
5278,61.754723,63.0
5279,61.496513,62.0
5280,61.285675,62.0
5281,60.878765,62.0
5282,60.57087,63.0
5283,60.40753,63.0
5284,60.577442,64.0
5285,60.82434,65.0
5286,61.226627,65.0
5287,61.83352,65.0
5288,62.268547,66.0
5289,62.42829,65.0
5290,62.625267,65.0
5291,62.4165,64.0
5292,62.14603,64.0
5293,61.69818,64.0
5294,61.35882,62.0
5295,61.047573,61.0
5296,60.30418,61.0
5297,59.26745,61.0
5298,58.582043,61.0
5299,58.330513,60.0
5300,58.38245,61.0
5301,58.192085,61.0
5302,58.315765,61.0
5303,58.62982,61.0
5304,58.697533,61.0
5305,58.666492,60.0
5306,58.547092,60.0
5307,58.175697,60.0
5308,57.764973,59.0
5309,57.508232,58.0
5310,57.132874,57.0
5311,56.55135,57.0
5312,55.817066,56.00000000000001
5313,55.14553,55.0
5314,54.49684,55.0
5315,53.834827,55.0
5316,53.41406,54.0
5317,53.25798,54.0
5318,52.92759,55.0
5319,52.586273,56.00000000000001
5320,52.755547,56.00000000000001
5321,53.40708,57.0
5322,53.862747,57.0
5323,54.280544,58.0
5324,54.51086,58.0
5325,54.87717,59.0
5326,55.045853,59.0
5327,55.475304,59.0
5328,55.818665,59.0
5329,56.065857,59.0
5330,56.265747,59.0
5331,56.422577,59.0
5332,56.50437,59.0
5333,56.68273,59.0
5334,56.78151,59.0
5335,56.835068,58.0
5336,56.86493,58.0
5337,56.62962,58.0
5338,56.419727,58.0
5339,56.279522,58.0
5340,56.181263,57.0
5341,56.09634,57.0
5342,55.529396,57.0
5343,54.762535,57.0
5344,54.058285,57.0
5345,53.605522,56.00000000000001
5346,53.542694,57.0
5347,53.345592,56.00000000000001
5348,53.559166,56.00000000000001
5349,53.416557,56.00000000000001
5350,53.222977,55.0
5351,53.06057,54.0
5352,52.75285,54.0
5353,52.277756,54.0
5354,51.916042,54.0
5355,51.83157,54.0
5356,51.88728,55.0
5357,52.075848,55.0
5358,52.509415,55.0
5359,52.802353,55.0
5360,52.896557,55.0
5361,52.842167,55.0
5362,52.70718,55.0
5363,52.616646,56.00000000000001
5364,52.63664,56.00000000000001
5365,53.00303,56.00000000000001
5366,53.303867,56.00000000000001
5367,53.295967,56.00000000000001
5368,52.988773,56.00000000000001
5369,52.698673,55.0
5370,52.59481,54.0
5371,52.047485,54.0
5372,51.260807,54.0
5373,50.681145,54.0
5374,50.4828,54.0
5375,50.69427,54.0
5376,51.07903,54.0
5377,51.487362,54.0
5378,51.7037,54.0
5379,51.833557,54.0
5380,51.94298,55.0
5381,52.014675,55.0
5382,52.27691,56.00000000000001
5383,52.55658,56.00000000000001
5384,53.07041,57.0
5385,53.45488,57.0
5386,53.943573,57.0
5387,54.296608,57.0
5388,54.558945,57.0
5389,54.651405,57.0
5390,54.550564,57.0
5391,54.373947,57.0
5392,54.153015,56.00000000000001
5393,54.09707,56.00000000000001
5394,53.840797,57.0
5395,53.78764,58.0
5396,54.246666,58.0
5397,55.050484,58.0
5398,55.686157,58.0
5399,56.01314,58.0
5400,56.13723,58.0
5401,56.136597,58.0
5402,56.16362,59.0
5403,56.22747,59.0
5404,56.569973,59.0
5405,56.91598,59.0
5406,57.14509,60.0
5407,57.23759,60.0
5408,57.54621,60.0
5409,57.825294,60.0
5410,57.940193,61.0
5411,58.02086,61.0
5412,58.34721,61.0
5413,58.6084,62.0
5414,58.720253,63.0
5415,58.907726,64.0
5416,59.18351,64.0
5417,59.631805,64.0
5418,60.01608,65.0
5419,60.226795,65.0
5420,60.785473,66.0
5421,61.314438,67.0
5422,62.061413,68.0
5423,62.910107,69.0
5424,63.77943,69.0
5425,64.6819,70.0
5426,65.23692,71.0
5427,65.79412,71.0
5428,66.44597,73.0
5429,67.073555,73.0
5430,67.96787,74.0
5431,68.69368,74.0
5432,69.34051,74.0
5433,69.68998,74.99999999999999
5434,69.82832,76.0
5435,70.08193,76.0
5436,70.47735,76.0
5437,70.63673,76.0
5438,70.38262,77.0
5439,69.71826,77.0
5440,69.03064,78.0
5441,68.43866,79.0
5442,68.23109,79.0
5443,68.65414,79.0
5444,69.0856,79.0
5445,69.251335,78.0
5446,69.312355,78.0
5447,69.15327,77.0
5448,69.26903,77.0
5449,69.42278,77.0
5450,69.51478,76.0
5451,69.90752,74.99999999999999
5452,69.8937,74.0
5453,69.557304,73.0
5454,68.863495,72.0
5455,68.17631,71.0
5456,67.49597,70.0
5457,66.77121,69.0
5458,66.01625,68.0
5459,65.27763,67.0
5460,64.54284,66.0
5461,63.72996,65.0
5462,62.59317,64.0
5463,61.14183,63.0
5464,59.460636,62.0
5465,57.959175,62.0
5466,57.0111,61.0
5467,56.691605,61.0
5468,56.443302,61.0
5469,56.455257,61.0
5470,56.828903,61.0
5471,57.082516,60.0
5472,57.189735,59.0
5473,56.950348,59.0
5474,56.487617,58.0
5475,56.141415,58.0
5476,55.818367,58.0
5477,55.61452,58.0
5478,55.62668,57.0
5479,55.806366,57.0
5480,55.687122,57.0
5481,55.52045,57.0
5482,55.332493,58.0
5483,55.201572,57.0
5484,55.37873,57.0
5485,55.3211,57.0
5486,55.008347,57.0
5487,54.41725,56.00000000000001
5488,53.75698,57.0
5489,52.93735,57.0
5490,52.816273,56.00000000000001
5491,53.113617,55.0
5492,53.18931,55.0
5493,52.714333,54.0
5494,52.139744,55.0
5495,51.71067,55.0
5496,51.74639,55.0
5497,52.07471,55.0
5498,52.521294,56.00000000000001
5499,53.019485,56.00000000000001
5500,53.621372,57.0
5501,54.19417,57.0
5502,54.83274,57.0
5503,55.29568,58.0
5504,55.549957,59.0
5505,56.082584,60.0
5506,56.605995,60.0
5507,57.268955,61.0
5508,57.82781,62.0
5509,58.406483,63.0
5510,58.982876,63.0
5511,59.45619,64.0
5512,59.66509,64.0
5513,59.994473,64.0
5514,60.298847,65.0
5515,60.661755,66.0
5516,61.15401,67.0
5517,62.08803,68.0
5518,62.981525,69.0
5519,63.968735,70.0
5520,64.94229,72.0
5521,65.930916,71.0
5522,66.94232,70.0
5523,67.12189,70.0
5524,66.628944,69.0
5525,66.31722,54.0
5526,65.94438,54.0
5527,62.857338,54.0
5528,59.409973,54.0
5529,56.821476,54.0
5530,55.441135,55.0
5531,54.99476,55.0
5532,55.399147,55.0
5533,56.00397,56.00000000000001
5534,56.557716,55.0
5535,56.616226,55.0
5536,56.146763,56.00000000000001
5537,55.758373,56.00000000000001
5538,55.946754,56.00000000000001
5539,56.235672,56.00000000000001
5540,56.34044,57.0
5541,56.394768,57.0
5542,56.737114,57.0
5543,57.04817,57.0
5544,57.202377,58.0
5545,57.05463,58.0
5546,57.1244,58.0
5547,57.00908,58.0
5548,56.83809,58.0
5549,56.754303,59.0
5550,56.636585,60.0
5551,56.8082,60.0
5552,57.250343,61.0
5553,57.683235,62.0
5554,58.149136,62.0
5555,58.73872,62.0
5556,59.130703,61.0
5557,59.238483,61.0
5558,58.91634,61.0
5559,58.368156,61.0
5560,57.80244,60.0
5561,57.35565,60.0
5562,56.708523,61.0
5563,56.14818,61.0
5564,56.434196,60.0
5565,56.836903,60.0
5566,56.673004,61.0
5567,56.559837,60.0
5568,56.754112,59.0
5569,56.746113,58.0
5570,56.3946,58.0
5571,55.78967,57.0
5572,55.563095,57.0
5573,55.149513,58.0
5574,54.922737,57.0
5575,55.18495,58.0
5576,55.235558,57.0
5577,55.40514,57.0
5578,55.26048,58.0
5579,55.084324,57.0
5580,55.25829,57.0
5581,55.219646,57.0
5582,55.120518,57.0
5583,55.01245,57.0
5584,54.855698,57.0
5585,54.616867,56.00000000000001
5586,54.359314,56.00000000000001
5587,53.91065,56.00000000000001
5588,53.626114,57.0
5589,53.73163,57.0
5590,54.366516,57.0
5591,55.007282,57.0
5592,55.475384,56.00000000000001
5593,55.4847,56.00000000000001
5594,54.97167,56.00000000000001
5595,54.619778,56.00000000000001
5596,54.563293,56.00000000000001
5597,54.640163,69.0
5598,55.330204,71.0
5599,59.363106,72.0
5600,63.872997,73.0
5601,66.91624,74.0
5602,68.16946,74.99999999999999
5603,68.43091,76.0
5604,68.18877,77.0
5605,67.99534,78.0
5606,67.92106,79.0
5607,67.92625,79.99999999999999
5608,67.57071,79.99999999999999
5609,67.00157,81.0
5610,66.40064,81.0
5611,66.54088,81.0
5612,66.40009,81.0
5613,66.640045,81.0
5614,66.84959,79.99999999999999
5615,66.51067,79.99999999999999
5616,66.07952,79.99999999999999
5617,66.13319,79.0
5618,66.211624,79.0
5619,66.55353,78.0
5620,66.950035,77.0
5621,67.0498,59.0
5622,67.05937,59.0
5623,63.524734,59.0
5624,59.760223,60.0
5625,57.363033,61.0
5626,56.83099,64.0
5627,57.637924,66.0
5628,59.646706,67.0
5629,61.985115,69.0
5630,62.257153,70.0
5631,60.790073,72.0
5632,59.57391,72.0
5633,59.05654,73.0
5634,59.02943,73.0
5635,59.42838,73.0
5636,60.45376,74.0
5637,61.841125,74.99999999999999
5638,63.077408,76.0
5639,64.567444,76.0
5640,65.79028,76.0
5641,66.26064,76.0
5642,67.07406,76.0
5643,67.8942,74.99999999999999
5644,68.35968,74.99999999999999
5645,68.41108,55.0
5646,68.260414,56.00000000000001
5647,64.33676,55.0
5648,60.105286,55.0
5649,56.829834,54.0
5650,55.291637,54.0
5651,55.038666,54.0
5652,55.81445,54.0
5653,56.41411,54.0
5654,55.215748,54.0
5655,54.02916,54.0
5656,54.98855,54.0
5657,56.66963,55.0
5658,57.486706,55.0
5659,58.116425,56.00000000000001
5660,58.273613,56.00000000000001
5661,58.32921,56.00000000000001
5662,58.24175,56.00000000000001
5663,57.713005,55.0
5664,56.968178,55.0
5665,55.987003,55.0
5666,55.298187,55.0
5667,54.91938,56.00000000000001
5668,54.74309,56.00000000000001
5669,54.87638,44.0
5670,54.99811,42.0
5671,51.629936,38.0
5672,47.550488,34.0
5673,43.34312,31.0
5674,39.27081,30.0
5675,35.618366,30.0
5676,32.86348,30.0
5677,31.181631,31.0
5678,31.557165,32.0
5679,34.05488,32.0
5680,35.91813,31.0
5681,36.118378,32.0
5682,34.957645,33.0
5683,33.8669,33.0
5684,33.662056,34.0
5685,33.96762,36.0
5686,34.85763,37.0
5687,36.60075,39.99999999999999
5688,38.248516,39.99999999999999
5689,40.21628,42.0
5690,41.35875,43.0
5691,42.08327,44.0
5692,42.41534,42.0
5693,42.732628,70.0
5694,42.323704,69.0
5695,50.975014,69.0
5696,59.294117,69.0
5697,63.235027,69.0
5698,63.14288,69.0
5699,61.51398,70.0
5700,59.96392,72.0
5701,59.34152,73.0
5702,59.82976,74.99999999999999
5703,60.82838,76.0
5704,62.453186,76.0
5705,63.6174,77.0
5706,63.789257,78.0
5707,64.133095,78.0
5708,65.09076,78.0
5709,65.86167,78.0
5710,66.74867,78.0
5711,66.84376,78.0
5712,66.906044,78.0
5713,67.29403,78.0
5714,67.544266,79.0
5715,68.0398,79.0
5716,68.84409,79.0
5717,69.480286,66.0
5718,69.766685,67.0
5719,67.177155,69.0
5720,64.70004,70.0
5721,63.81472,69.0
5722,64.20728,70.0
5723,64.91494,70.0
5724,65.66609,70.0
5725,66.328125,71.0
5726,66.43252,71.0
5727,66.163445,70.0
5728,65.63602,70.0
5729,64.63803,71.0
5730,63.867733,71.0
5731,63.816822,71.0
5732,64.04959,71.0
5733,64.38921,71.0
5734,64.62444,71.0
5735,64.785164,71.0
5736,64.78539,71.0
5737,65.393745,72.0
5738,65.58779,73.0
5739,66.0117,73.0
5740,66.565895,74.0
5741,67.084755,74.99999999999999
5742,67.70231,74.0
5743,68.477585,74.99999999999999
5744,68.912254,76.0
5745,69.37463,77.0
5746,70.13135,78.0
5747,70.774254,79.0
5748,71.62245,79.0
5749,72.13973,78.0
5750,71.69954,77.0
5751,70.258316,76.0
5752,68.10819,74.99999999999999
5753,65.97035,74.0
5754,64.39557,74.0
5755,63.51579,74.0
5756,63.58279,74.0
5757,64.305084,74.99999999999999
5758,64.93426,74.0
5759,65.59623,74.0
5760,66.14662,73.0
5761,66.28961,72.0
5762,66.13866,73.0
5763,65.85951,73.0
5764,66.161156,76.0
5765,67.09683,56.00000000000001
5766,68.251785,54.0
5767,66.03293,54.0
5768,61.996975,54.0
5769,58.432854,53.0
5770,55.971478,53.0
5771,54.55133,53.0
5772,54.09387,53.0
5773,54.334393,52.0
5774,54.993095,51.0
5775,54.38896,50.0
5776,52.959003,48.0
5777,52.22219,48.0
5778,51.58,48.0
5779,51.44102,47.0
5780,51.429516,47.0
5781,51.06315,45.0
5782,50.61121,45.0
5783,49.62678,43.0
5784,48.65586,41.0
5785,47.239758,39.99999999999999
5786,45.412434,39.0
5787,43.701107,39.0
5788,42.151215,41.0
5789,41.45604,57.0
5790,41.98604,57.0
5791,48.653366,57.0
5792,54.549892,58.0
5793,57.095833,60.0
5794,57.103336,60.0
5795,55.957554,60.0
5796,54.407917,60.0
5797,53.103935,59.0
5798,52.323647,59.0
5799,51.730846,59.0
5800,51.276485,59.0
5801,51.159004,59.0
5802,51.27937,59.0
5803,51.52775,58.0
5804,51.786587,59.0
5805,51.759,58.0
5806,52.156372,58.0
5807,52.56961,58.0
5808,52.576256,58.0
5809,52.721172,58.0
5810,52.973763,58.0
5811,53.29221,57.0
5812,53.57751,57.0
5813,53.45807,49.0
5814,53.338238,52.0
5815,51.00281,52.0
5816,49.653713,53.0
5817,49.248318,55.0
5818,49.713043,56.00000000000001
5819,51.033646,57.0
5820,52.393383,57.0
5821,53.21435,59.0
5822,53.021946,61.0
5823,52.771297,62.0
5824,52.98375,62.0
5825,53.53394,63.0
5826,53.80413,63.0
5827,54.104153,63.0
5828,54.53888,63.0
5829,55.076065,64.0
5830,55.676632,63.0
5831,56.37044,63.0
5832,56.82308,64.0
5833,57.167072,63.0
5834,57.821064,64.0
5835,58.172256,64.0
5836,58.722523,64.0
5837,59.260662,64.0
5838,59.646515,64.0
5839,59.86004,65.0
5840,60.09074,66.0
5841,60.456238,66.0
5842,60.964878,66.0
5843,61.331642,66.0
5844,61.623966,65.0
5845,61.726524,65.0
5846,61.25007,64.0
5847,60.596592,63.0
5848,59.85103,62.0
5849,59.098495,62.0
5850,58.33555,62.0
5851,58.123142,61.0
5852,58.14196,61.0
5853,58.053654,61.0
5854,57.962456,61.0
5855,58.020054,61.0
5856,58.2466,61.0
5857,58.752884,61.0
5858,58.668118,60.0
5859,58.373016,60.0
5860,57.713757,59.0
5861,57.191757,58.0
5862,56.563,57.0
5863,55.77518,55.0
5864,54.922405,53.0
5865,53.75265,52.0
5866,52.22481,50.0
5867,50.848373,48.0
5868,49.438225,47.0
5869,48.004543,47.0
5870,47.021057,49.0
5871,46.72652,50.0
5872,47.846416,51.0
5873,49.513042,51.0
5874,50.68321,52.0
5875,50.808292,52.0
5876,50.650833,52.0
5877,50.414722,52.0
5878,50.251278,52.0
5879,50.183743,52.0
5880,50.076683,52.0
5881,49.866592,52.0
5882,49.72538,52.0
5883,49.76711,52.0
5884,49.910145,52.0
5885,50.039227,52.0
5886,50.04021,52.0
5887,49.95411,51.0
5888,49.85239,50.0
5889,49.37463,49.0
5890,48.570446,48.0
5891,47.61051,48.0
5892,46.59456,46.0
5893,46.03742,43.0
5894,45.14966,39.0
5895,43.44366,39.0
5896,40.776886,37.0
5897,39.167145,37.0
5898,38.187286,37.0
5899,38.335217,38.0
5900,39.188972,41.0
5901,40.744865,45.0
5902,43.264435,46.0
5903,46.207504,48.0
5904,47.783966,47.0
5905,48.60062,48.0
5906,48.24286,49.0
5907,47.92017,50.0
5908,48.09054,51.0
5909,48.661865,51.0
5910,49.403763,51.0
5911,49.913788,52.0
5912,50.093525,52.0
5913,50.26403,52.0
5914,50.326485,53.0
5915,50.325035,53.0
5916,50.575836,53.0
5917,50.84957,54.0
5918,51.007633,55.0
5919,51.29629,56.00000000000001
5920,51.743164,56.00000000000001
5921,52.24272,57.0
5922,52.294983,56.00000000000001
5923,52.370792,55.0
5924,52.107677,55.0
5925,51.6086,54.0
5926,51.20544,54.0
5927,50.920193,54.0
5928,50.962273,54.0
5929,51.021645,54.0
5930,51.043125,53.0
5931,51.16452,53.0
5932,51.03608,52.0
5933,50.969032,53.0
5934,50.722134,53.0
5935,50.856873,52.0
5936,51.05556,53.0
5937,50.9363,53.0
5938,51.05749,53.0
5939,51.183754,53.0
5940,51.270786,53.0
5941,51.2778,53.0
5942,51.094635,53.0
5943,50.702953,53.0
5944,50.255672,53.0
5945,49.805344,53.0
5946,49.485027,53.0
5947,49.30441,53.0
5948,49.267723,53.0
5949,49.280373,52.0
5950,49.31095,52.0
5951,48.954727,52.0
5952,48.74609,52.0
5953,48.767498,54.0
5954,48.930355,54.0
5955,49.8211,55.0
5956,50.914104,56.00000000000001
5957,51.89028,57.0
5958,52.815617,58.0
5959,53.706745,58.0
5960,54.562733,58.0
5961,55.105698,58.0
5962,55.332775,58.0
5963,55.439068,58.0
5964,55.44563,58.0
5965,55.447422,58.0
5966,55.468422,58.0
5967,55.44219,57.0
5968,55.368923,59.0
5969,55.061886,60.0
5970,55.386234,61.0
5971,56.09008,62.0
5972,56.874435,62.0
5973,57.719208,62.0
5974,58.333103,62.0
5975,58.65763,63.0
5976,58.802383,63.0
5977,59.270542,63.0
5978,59.608803,62.0
5979,59.957603,61.0
5980,59.884678,61.0
5981,59.418076,60.0
5982,59.00038,60.0
5983,58.405617,59.0
5984,57.911247,60.0
5985,57.394363,60.0
5986,57.331688,61.0
5987,57.41143,61.0
5988,57.786007,61.0
5989,58.128258,61.0
5990,58.30662,61.0
5991,58.169422,61.0
5992,57.82883,59.0
5993,57.356422,57.0
5994,56.241917,56.00000000000001
5995,54.59579,55.0
5996,53.156048,55.0
5997,52.20518,55.0
5998,51.808014,55.0
5999,51.92979,55.0
6000,52.158947,54.0
6001,52.432735,54.0
6002,52.397987,54.0
6003,52.187916,54.0
6004,51.97831,54.0
6005,51.9731,54.0
6006,52.01861,54.0
6007,52.0366,54.0
6008,52.09593,54.0
6009,52.184185,53.0
6010,52.234848,53.0
6011,51.940628,53.0
6012,51.582745,54.0
6013,51.317665,55.0
6014,51.7127,58.0
6015,52.610233,59.0
6016,53.954502,60.0
6017,55.133293,60.0
6018,55.978912,61.0
6019,56.22065,61.0
6020,56.40217,61.0
6021,56.505466,61.0
6022,56.72803,62.0
6023,57.024864,62.0
6024,57.569836,63.0
6025,58.10045,63.0
6026,58.813206,63.0
6027,59.40276,63.0
6028,59.855812,62.0
6029,60.149174,62.0
6030,59.883698,62.0
6031,59.515285,61.0
6032,59.173023,61.0
6033,58.69731,61.0
6034,58.1755,60.0
6035,57.889942,59.0
6036,57.378883,58.0
6037,56.60357,55.0
6038,55.478577,52.0
6039,53.28626,51.0
6040,50.372505,51.0
6041,48.285255,52.0
6042,47.57211,52.0
6043,48.16826,52.0
6044,49.034122,51.0
6045,49.512196,49.0
6046,49.04292,48.0
6047,47.38978,46.0
6048,45.532413,43.0
6049,43.849205,42.0
6050,42.009514,43.0
6051,40.723812,45.0
6052,40.87333,46.0
6053,42.530598,47.0
6054,44.469208,47.0
6055,45.849735,46.0
6056,46.108055,45.0
6057,45.214058,44.0
6058,43.976948,44.0
6059,42.45366,44.0
6060,41.63018,45.0
6061,41.450554,46.0
6062,42.161247,46.0
6063,43.502686,45.0
6064,44.6676,45.0
6065,44.831768,43.0
6066,44.26072,42.0
6067,42.74067,39.99999999999999
6068,41.084843,41.0
6069,39.309673,42.0
6070,38.64928,42.0
6071,39.272873,41.0
6072,40.374596,41.0
6073,40.723152,39.99999999999999
6074,40.464077,38.0
6075,39.640903,36.0
6076,38.257782,34.0
6077,36.573853,34.0
6078,34.70972,32.0
6079,33.74041,33.0
6080,32.775658,33.0
6081,32.6614,33.0
6082,32.867905,34.0
6083,33.152744,35.0
6084,33.92878,34.0
6085,34.85646,34.0
6086,34.878613,35.0
6087,34.463314,36.0
6088,34.595085,35.0
6089,35.579506,35.0
6090,36.048485,35.0
6091,36.009193,37.0
6092,35.65114,38.0
6093,36.170906,39.0
6094,37.321957,38.0
6095,38.42958,38.0
6096,38.46554,38.0
6097,37.888287,38.0
6098,37.34803,38.0
6099,37.048904,42.0
6100,37.164448,43.0
6101,39.18086,43.0
6102,41.603443,43.0
6103,42.91065,42.0
6104,42.99283,41.0
6105,42.10478,41.0
6106,40.695908,41.0
6107,39.65132,41.0
6108,39.18514,41.0
6109,39.333,42.0
6110,39.63053,41.0
6111,40.33867,39.99999999999999
6112,40.625034,39.0
6113,40.191067,39.99999999999999
6114,39.22795,41.0
6115,38.85886,41.0
6116,39.278847,39.0
6117,39.609306,37.0
6118,38.979618,37.0
6119,37.443214,38.0
6120,36.175407,38.0
6121,36.015438,38.0
6122,36.681644,41.0
6123,37.71005,39.99999999999999
6124,39.72432,39.0
6125,40.871597,39.0
6126,40.613945,39.99999999999999
6127,39.736607,41.0
6128,39.23626,42.0
6129,39.39119,43.0
6130,40.103127,42.0
6131,41.113525,43.0
6132,41.466866,43.0
6133,41.741074,44.0
6134,41.847824,47.0
6135,42.22089,47.0
6136,43.635864,46.0
6137,44.736774,47.0
6138,44.6748,45.0
6139,44.36075,44.0
6140,43.11873,44.0
6141,41.680374,44.0
6142,40.656986,44.0
6143,40.303005,44.0
6144,40.447945,44.0
6145,40.802204,43.0
6146,41.195812,39.99999999999999
6147,41.003742,41.0
6148,39.687428,41.0
6149,38.84159,41.0
6150,38.593685,39.99999999999999
6151,38.644608,39.99999999999999
6152,38.327206,39.99999999999999
6153,37.9302,41.0
6154,37.70665,42.0
6155,38.0227,42.0
6156,38.794693,41.0
6157,39.373,39.99999999999999
6158,39.064148,38.0
6159,37.801983,35.0
6160,35.877094,36.0
6161,33.632504,36.0
6162,33.005653,37.0
6163,33.72249,39.0
6164,35.228226,39.0
6165,37.082615,39.0
6166,37.88727,39.0
6167,37.847248,41.0
6168,37.468876,42.0
6169,37.84342,44.0
6170,38.80705,46.0
6171,40.406506,44.0
6172,42.29589,46.0
6173,42.797497,48.0
6174,43.26044,51.0
6175,44.18925,52.0
6176,45.919346,52.0
6177,47.54759,52.0
6178,48.325676,51.0
6179,48.31127,51.0
6180,47.61903,51.0
6181,46.95927,52.0
6182,46.6402,52.0
6183,46.98241,52.0
6184,47.519714,52.0
6185,47.886086,52.0
6186,47.966045,51.0
6187,48.066288,49.0
6188,47.56625,51.0
6189,46.57618,52.0
6190,46.555862,52.0
6191,47.50466,52.0
6192,48.272385,52.0
6193,48.86153,52.0
6194,49.06616,52.0
6195,48.973614,51.0
6196,48.7678,48.0
6197,48.24751,45.0
6198,46.664585,42.0
6199,44.263103,39.99999999999999
6200,41.38059,39.0
6201,38.767147,39.0
6202,37.00259,39.0
6203,36.637043,39.99999999999999
6204,37.30451,43.0
6205,38.67431,45.0
6206,41.01847,48.0
6207,43.034386,48.0
6208,44.346222,47.0
6209,43.88309,47.0
6210,42.008728,48.0
6211,40.44279,48.0
6212,40.053566,47.0
6213,40.641285,47.0
6214,41.226257,47.0
6215,41.88312,46.0
6216,42.734074,47.0
6217,42.97757,49.0
6218,43.20825,49.0
6219,44.11217,49.0
6220,44.979473,50.0
6221,45.521397,50.0
6222,46.17794,51.0
6223,46.741787,51.0
6224,47.489132,51.0
6225,48.11874,51.0
6226,48.461346,52.0
6227,48.62794,52.0
6228,48.9757,51.0
6229,49.218163,50.0
6230,48.84481,48.0
6231,47.750732,49.0
6232,45.89339,50.0
6233,44.92162,50.0
6234,45.28023,51.0
6235,45.919613,51.0
6236,46.73857,51.0
6237,47.069935,52.0
6238,47.093422,51.0
6239,47.219223,51.0
6240,47.08165,50.0
6241,46.873478,48.0
6242,46.511925,49.0
6243,45.495056,49.0
6244,45.055935,50.0
6245,45.10218,59.0
6246,45.962536,59.0
6247,50.038853,60.0
6248,53.68191,61.0
6249,55.954117,62.0
6250,56.994022,62.0
6251,57.294094,63.0
6252,57.108044,64.0
6253,57.135597,63.0
6254,57.497257,64.0
6255,57.48709,65.0
6256,57.571606,65.0
6257,57.707443,65.0
6258,57.511208,65.0
6259,57.647686,64.0
6260,58.0,64.0
6261,58.01939,63.0
6262,58.078094,63.0
6263,58.03029,63.0
6264,58.160774,64.0
6265,58.510677,63.0
6266,59.25658,64.0
6267,59.763283,66.0
6268,60.364388,66.0
6269,61.3544,56.00000000000001
6270,61.91838,56.00000000000001
6271,59.99502,55.0
6272,57.631836,55.0
6273,55.701862,54.0
6274,54.64581,54.0
6275,54.003086,54.0
6276,53.85836,54.0
6277,54.16357,54.0
6278,54.596397,53.0
6279,54.68834,53.0
6280,54.027702,53.0
6281,53.511726,53.0
6282,53.507336,53.0
6283,53.80476,53.0
6284,54.10598,54.0
6285,54.22608,54.0
6286,54.501785,54.0
6287,54.640316,55.0
6288,54.60122,55.0
6289,54.627453,55.0
6290,54.592796,55.0
6291,54.4387,54.0
6292,54.20288,53.0
6293,53.639557,56.00000000000001
6294,53.004818,55.0
6295,53.530872,55.0
6296,53.909225,55.0
6297,54.058838,55.0
6298,53.774494,53.0
6299,53.366425,53.0
6300,52.30746,52.0
6301,51.296196,51.0
6302,50.30142,45.0
6303,49.59137,44.0
6304,46.608223,45.0
6305,43.58937,46.0
6306,43.14318,45.0
6307,44.452625,45.0
6308,45.55952,43.0
6309,46.07138,42.0
6310,44.722775,38.0
6311,42.826405,35.0
6312,39.89669,34.0
6313,36.842766,35.0
6314,34.901566,36.0
6315,34.98813,36.0
6316,36.71243,37.0
6317,38.619705,74.99999999999999
6318,40.12862,74.0
6319,54.459198,74.0
6320,66.33439,73.0
6321,70.88208,74.0
6322,69.34566,73.0
6323,65.749435,72.0
6324,62.178246,71.0
6325,59.658936,71.0
6326,58.66452,71.0
6327,58.840275,71.0
6328,58.99334,70.0
6329,59.18067,70.0
6330,59.482273,70.0
6331,60.064674,70.0
6332,60.602726,70.0
6333,60.808205,70.0
6334,61.074486,70.0
6335,61.438046,70.0
6336,61.916912,70.0
6337,62.424168,71.0
6338,63.01456,71.0
6339,63.887695,71.0
6340,64.617966,71.0
6341,65.094696,74.99999999999999
6342,65.48364,74.99999999999999
6343,66.71594,74.0
6344,67.90413,74.0
6345,68.322495,71.0
6346,68.14892,69.0
6347,67.082405,68.0
6348,65.393845,67.0
6349,63.434258,66.0
6350,61.86494,65.0
6351,60.894333,65.0
6352,59.82822,65.0
6353,59.142277,64.0
6354,58.85293,64.0
6355,58.58555,64.0
6356,58.5817,64.0
6357,58.85007,65.0
6358,59.2121,64.0
6359,59.7733,64.0
6360,59.833782,63.0
6361,59.77699,64.0
6362,59.672756,64.0
6363,59.861023,64.0
6364,60.371925,64.0
6365,60.848362,56.00000000000001
6366,61.21492,57.0
6367,59.287056,57.0
6368,57.498684,58.0
6369,56.529667,58.0
6370,56.660984,58.0
6371,57.18711,57.0
6372,57.60804,57.0
6373,57.167717,56.00000000000001
6374,55.418007,56.00000000000001
6375,53.600098,55.0
6376,53.337425,55.0
6377,53.16624,54.0
6378,53.013573,54.0
6379,52.598873,54.0
6380,52.341972,55.0
6381,52.186787,55.0
6382,52.346893,56.00000000000001
6383,52.246395,56.00000000000001
6384,52.39044,56.00000000000001
6385,52.356174,56.00000000000001
6386,52.57415,55.0
6387,52.853622,55.0
6388,52.481834,54.0
6389,52.182743,41.0
6390,51.695465,42.0
6391,48.20866,44.0
6392,45.080208,45.0
6393,43.693966,50.0
6394,43.88916,52.0
6395,46.469505,53.0
6396,49.756065,53.0
6397,52.117237,54.0
6398,52.366196,54.0
6399,51.236744,54.0
6400,49.8192,55.0
6401,49.027275,55.0
6402,49.197132,55.0
6403,49.783733,55.0
6404,50.248848,55.0
6405,50.541706,55.0
6406,50.856632,55.0
6407,51.080875,55.0
6408,51.32849,55.0
6409,51.536697,56.00000000000001
6410,51.68663,56.00000000000001
6411,52.071888,57.0
6412,52.515705,57.0
6413,53.0488,79.99999999999999
6414,53.733574,81.0
6415,60.70332,81.0
6416,68.10206,79.99999999999999
6417,72.50819,81.0
6418,73.02201,81.0
6419,71.668816,81.0
6420,70.15741,81.0
6421,69.156715,81.0
6422,68.745094,81.0
6423,68.79387,81.0
6424,68.87415,81.0
6425,68.68598,81.0
6426,68.68232,81.0
6427,68.83223,81.0
6428,69.2627,81.0
6429,69.73464,81.0
6430,70.04152,79.99999999999999
6431,70.30726,79.99999999999999
6432,70.248474,79.99999999999999
6433,70.20733,79.0
6434,69.96818,78.0
6435,69.457146,78.0
6436,68.9613,77.0
6437,68.76999,74.0
6438,68.35966,74.99999999999999
6439,67.45351,74.99999999999999
6440,67.01754,77.0
6441,67.39803,78.0
6442,68.14376,78.0
6443,69.098206,79.0
6444,69.63773,79.99999999999999
6445,70.02406,79.99999999999999
6446,70.17837,81.0
6447,69.68259,82.0
6448,69.54431,83.0
6449,69.45601,84.0
6450,69.4384,84.0
6451,69.85108,85.00000000000001
6452,70.074524,86.0
6453,70.78696,87.0
6454,72.05989,88.0
6455,73.12898,89.0
6456,74.12997,89.0
6457,75.19126,89.0
6458,76.21449,89.0
6459,76.61749,90.0
6460,76.618614,91.0
6461,76.99406,78.0
6462,77.94398,78.0
6463,75.707985,77.0
6464,73.32583,74.99999999999999
6465,71.75403,73.0
6466,70.822624,72.0
6467,70.15633,70.0
6468,69.84811,69.0
6469,69.509766,69.0
6470,68.82753,70.0
6471,68.03344,70.0
6472,68.05467,71.0
6473,68.2028,72.0
6474,68.49069,72.0
6475,68.81412,72.0
6476,68.82101,72.0
6477,68.60261,72.0
6478,68.27325,72.0
6479,68.16732,73.0
6480,68.06832,74.0
6481,68.243645,74.0
6482,68.73593,74.99999999999999
6483,69.28997,76.0
6484,70.00505,73.0
6485,70.730125,43.0
6486,70.32339,44.0
6487,65.00604,47.0
6488,58.33767,47.0
6489,53.747654,48.0
6490,50.990387,47.0
6491,49.91227,46.0
6492,49.524944,44.0
6493,50.287228,41.0
6494,49.57016,42.0
6495,46.866383,42.0
6496,46.390186,41.0
6497,47.666443,41.0
6498,49.150818,42.0
6499,49.737896,41.0
6500,50.046444,42.0
6501,49.878933,42.0
6502,49.50007,43.0
6503,48.956646,45.0
6504,48.62192,46.0
6505,48.88273,48.0
6506,49.31179,48.0
6507,49.95718,47.0
6508,50.209843,47.0
6509,49.812775,57.0
6510,48.935795,57.0
6511,51.416176,56.00000000000001
6512,54.15696,54.0
6513,55.22314,51.0
6514,54.08968,47.0
6515,51.06853,44.0
6516,46.837624,42.0
6517,42.856197,41.0
6518,40.135284,39.0
6519,39.5824,38.0
6520,40.1708,39.99999999999999
6521,40.984554,41.0
6522,42.677246,41.0
6523,44.543312,41.0
6524,45.369236,39.0
6525,45.09729,38.0
6526,43.692387,39.0
6527,42.111748,39.0
6528,41.593163,39.99999999999999
6529,41.84841,39.0
6530,42.83003,39.0
6531,43.18177,39.99999999999999
6532,43.046005,42.0
6533,43.106792,43.0
6534,43.836853,42.0
6535,44.806396,42.0
6536,44.953712,43.0
6537,44.51757,44.0
6538,44.22798,45.0
6539,44.418198,46.0
6540,44.980537,47.0
6541,45.688328,48.0
6542,46.389008,49.0
6543,46.90913,50.0
6544,47.293194,50.0
6545,47.580956,50.0
6546,47.47179,49.0
6547,47.179493,49.0
6548,46.628384,52.0
6549,46.11892,53.0
6550,47.126213,53.0
6551,48.6023,53.0
6552,49.696003,53.0
6553,50.198093,53.0
6554,50.28433,53.0
6555,50.19369,53.0
6556,50.262226,53.0
6557,50.41046,53.0
6558,50.588665,54.0
6559,50.74144,53.0
6560,51.087498,53.0
6561,51.08505,53.0
6562,50.840717,53.0
6563,50.600426,53.0
6564,50.466072,53.0
6565,50.381382,53.0
6566,50.33696,53.0
6567,50.207653,53.0
6568,49.99406,53.0
6569,49.675594,52.0
6570,49.35419,52.0
6571,48.70198,53.0
6572,48.028828,51.0
6573,47.937073,49.0
6574,47.26429,48.0
6575,45.845478,47.0
6576,44.403378,48.0
6577,43.20108,48.0
6578,43.11187,49.0
6579,43.638966,49.0
6580,44.701607,47.0
6581,45.501812,45.0
6582,45.1003,44.0
6583,43.686954,45.0
6584,42.216965,44.0
6585,41.69199,44.0
6586,41.503384,43.0
6587,41.590008,42.0
6588,41.43106,42.0
6589,40.855717,42.0
6590,40.307735,41.0
6591,40.052017,43.0
6592,39.808666,44.0
6593,40.765396,45.0
6594,42.135597,45.0
6595,43.25503,43.0
6596,43.609386,47.0
6597,42.599464,47.0
6598,42.737698,48.0
6599,43.24332,49.0
6600,44.158524,50.0
6601,45.400486,51.0
6602,46.63215,51.0
6603,47.604267,52.0
6604,48.181866,53.0
6605,48.690125,54.0
6606,49.33007,55.0
6607,50.075108,56.00000000000001
6608,50.837303,57.0
6609,51.675148,58.0
6610,52.475105,58.0
6611,53.290043,59.0
6612,53.771065,59.0
6613,54.200653,59.0
6614,54.570545,59.0
6615,54.54565,58.0
6616,54.30832,58.0
6617,53.65595,58.0
6618,53.17685,59.0
6619,53.090103,60.0
6620,53.619545,59.0
6621,54.51191,59.0
6622,55.14317,60.0
6623,55.515575,60.0
6624,55.93113,59.0
6625,56.13504,59.0
6626,56.062016,59.0
6627,55.689724,58.0
6628,55.39973,58.0
6629,55.16242,57.0
6630,55.10853,56.00000000000001
6631,54.793972,55.0
6632,54.18823,54.0
6633,53.379524,53.0
6634,52.426003,52.0
6635,51.40111,52.0
6636,50.457832,52.0
6637,49.946724,52.0
6638,49.732174,52.0
6639,49.74184,52.0
6640,49.660416,52.0
6641,49.54313,53.0
6642,49.314358,52.0
6643,49.341087,52.0
6644,48.9771,52.0
6645,48.563103,52.0
6646,48.14292,51.0
6647,47.819866,49.0
6648,47.21909,48.0
6649,46.07022,48.0
6650,44.84722,47.0
6651,44.123474,47.0
6652,43.438557,47.0
6653,43.167446,48.0
6654,43.24183,51.0
6655,43.82443,52.0
6656,45.4807,52.0
6657,47.070427,52.0
6658,47.730503,53.0
6659,47.605976,53.0
6660,47.368515,53.0
6661,47.174156,53.0
6662,47.055824,54.0
6663,46.900963,54.0
6664,46.926994,53.0
6665,46.760727,53.0
6666,46.032692,53.0
6667,45.151997,53.0
6668,44.45864,54.0
6669,44.033375,54.0
6670,44.43396,54.0
6671,45.084007,55.0
6672,45.832767,55.0
6673,46.90836,55.0
6674,47.975086,55.0
6675,48.833717,55.0
6676,49.340866,54.0
6677,49.82949,54.0
6678,49.922527,53.0
6679,49.871784,53.0
6680,49.396767,52.0
6681,49.06385,52.0
6682,48.61605,52.0
6683,48.288803,52.0
6684,48.243263,52.0
6685,48.328285,53.0
6686,48.410774,53.0
6687,48.655952,53.0
6688,48.62858,53.0
6689,48.232674,53.0
6690,47.63182,52.0
6691,47.108578,52.0
6692,46.30144,52.0
6693,45.682877,52.0
6694,45.4678,52.0
6695,45.471554,52.0
6696,45.91593,52.0
6697,46.21322,52.0
6698,46.712284,53.0
6699,47.19189,54.0
6700,47.98467,54.0
6701,49.0624,55.0
6702,49.901516,55.0
6703,50.78541,55.0
6704,51.36162,56.00000000000001
6705,51.63282,56.00000000000001
6706,52.012905,55.0
6707,52.305813,56.00000000000001
6708,52.321705,56.00000000000001
6709,52.5091,55.0
6710,52.63699,56.00000000000001
6711,52.321808,56.00000000000001
6712,52.115105,56.00000000000001
6713,51.92659,56.00000000000001
6714,51.708164,57.0
6715,51.66596,57.0
6716,52.04472,58.0
6717,52.457165,58.0
6718,53.01541,58.0
6719,53.417957,57.0
6720,53.631992,58.0
6721,53.551914,58.0
6722,53.737816,57.0
6723,54.018658,57.0
6724,54.00015,57.0
6725,53.950485,57.0
6726,53.932415,57.0
6727,53.937653,58.0
6728,53.982105,58.0
6729,54.329998,58.0
6730,54.67321,59.0
6731,54.940754,59.0
6732,55.36172,59.0
6733,55.680134,59.0
6734,55.858,57.0
6735,55.67989,56.00000000000001
6736,54.739048,55.0
6737,53.57738,55.0
6738,52.399677,54.0
6739,51.81717,54.0
6740,51.371727,53.0
6741,51.11786,52.0
6742,50.780945,52.0
6743,50.192913,53.0
6744,49.805534,53.0
6745,50.099556,53.0
6746,50.46649,53.0
6747,50.669537,52.0
6748,50.726997,52.0
6749,50.3587,51.0
6750,50.005665,49.0
6751,49.45855,48.0
6752,48.42664,46.0
6753,47.2839,44.0
6754,45.847214,42.0
6755,44.211308,41.0
6756,42.516148,42.0
6757,41.295135,42.0
6758,41.49263,45.0
6759,42.630863,47.0
6760,45.243904,47.0
6761,47.948128,48.0
6762,49.009956,49.0
6763,48.869442,49.0
6764,48.251476,50.0
6765,47.642994,52.0
6766,47.579586,53.0
6767,48.4127,53.0
6768,49.584652,53.0
6769,50.31253,52.0
6770,50.43839,53.0
6771,49.97673,54.0
6772,49.92106,55.0
6773,50.434875,56.00000000000001
6774,51.336056,57.0
6775,52.39836,58.0
6776,53.399506,58.0
6777,54.278397,58.0
6778,54.801517,59.0
6779,55.016953,59.0
6780,55.333008,58.0
6781,55.55184,58.0
6782,55.347477,58.0
6783,54.94884,57.0
6784,54.62672,58.0
6785,54.220634,57.0
6786,54.347122,57.0
6787,54.474613,57.0
6788,54.447315,56.00000000000001
6789,54.403217,56.00000000000001
6790,54.052963,55.0
6791,53.73854,55.0
6792,53.29785,55.0
6793,52.955612,55.0
6794,52.76896,55.0
6795,52.76994,55.0
6796,52.825558,54.0
6797,52.750744,53.0
6798,52.20435,52.0
6799,51.265263,52.0
6800,50.21394,51.0
6801,49.440277,50.0
6802,48.855984,48.0
6803,48.245953,46.0
6804,47.225426,45.0
6805,45.73814,45.0
6806,44.298454,44.0
6807,43.678955,44.0
6808,43.503307,44.0
6809,43.646606,43.0
6810,43.953953,44.0
6811,43.88421,43.0
6812,44.118282,43.0
6813,43.724007,43.0
6814,43.02256,44.0
6815,42.291866,44.0
6816,42.327232,43.0
6817,42.678574,43.0
6818,42.603188,44.0
6819,42.306953,44.0
6820,42.433537,45.0
6821,42.66485,46.0
6822,43.174202,47.0
6823,43.90483,47.0
6824,44.666634,48.0
6825,45.040504,49.0
6826,45.39052,51.0
6827,45.927963,52.0
6828,46.97918,52.0
6829,48.084084,52.0
6830,48.644978,52.0
6831,48.662476,53.0
6832,48.325058,55.0
6833,48.34657,57.0
6834,49.125435,58.0
6835,50.55814,59.0
6836,52.003517,59.0
6837,52.85448,60.0
6838,53.159775,59.0
6839,53.67263,59.0
6840,53.920403,59.0
6841,54.126465,59.0
6842,54.338413,58.0
6843,54.676945,58.0
6844,54.70939,58.0
6845,54.718838,59.0
6846,54.814293,59.0
6847,55.157333,59.0
6848,55.55232,58.0
6849,55.7248,58.0
6850,55.51203,58.0
6851,55.26441,58.0
6852,55.087414,58.0
6853,55.03418,59.0
6854,55.091633,59.0
6855,55.455982,59.0
6856,55.697987,58.0
6857,55.545624,57.0
6858,54.711563,56.00000000000001
6859,53.417946,55.0
6860,52.014507,55.0
6861,50.94785,55.0
6862,50.6946,56.00000000000001
6863,50.963493,56.00000000000001
6864,51.81567,56.00000000000001
6865,52.60348,56.00000000000001
6866,53.05186,56.00000000000001
6867,53.314514,55.0
6868,53.34848,55.0
6869,53.00098,54.0
6870,52.569717,54.0
6871,51.962242,54.0
6872,51.568363,54.0
6873,51.390854,54.0
6874,51.358257,54.0
6875,51.434994,53.0
6876,51.43996,52.0
6877,51.041973,52.0
6878,50.260452,52.0
6879,49.55103,52.0
6880,49.095753,51.0
6881,48.901005,50.0
6882,48.41997,49.0
6883,47.4701,48.0
6884,46.41829,49.0
6885,45.162243,50.0
6886,44.717358,48.0
6887,45.116676,49.0
6888,44.86805,50.0
6889,44.8959,52.0
6890,45.457405,52.0
6891,46.76283,53.0
6892,47.81927,54.0
6893,48.66637,54.0
6894,49.50934,55.0
6895,50.067337,56.00000000000001
6896,50.66914,56.00000000000001
6897,51.41399,57.0
6898,51.984932,57.0
6899,52.64694,58.0
6900,53.159245,59.0
6901,53.806816,59.0
6902,54.56955,60.0
6903,55.031242,60.0
6904,55.30669,61.0
6905,55.31151,60.0
6906,55.506374,61.0
6907,55.40038,61.0
6908,55.715317,60.0
6909,56.17247,60.0
6910,56.365795,60.0
6911,56.61991,60.0
6912,56.85413,60.0
6913,57.01576,58.0
6914,57.30711,58.0
6915,56.781513,57.0
6916,56.17835,56.00000000000001
6917,55.33992,56.00000000000001
6918,54.444866,56.00000000000001
6919,53.99579,56.00000000000001
6920,53.859573,57.0
6921,53.96379,57.0
6922,54.36976,56.00000000000001
6923,54.694065,56.00000000000001
6924,54.51465,56.00000000000001
6925,54.113037,55.0
6926,53.790524,55.0
6927,53.226345,55.0
6928,52.819603,55.0
6929,52.740692,55.0
6930,52.77951,55.0
6931,52.780132,55.0
6932,52.662155,54.0
6933,52.74954,54.0
6934,52.264416,54.0
6935,51.76963,54.0
6936,51.486137,54.0
6937,51.426083,54.0
6938,51.53418,54.0
6939,51.606853,54.0
6940,51.92031,54.0
6941,52.053547,54.0
6942,52.082523,53.0
6943,51.986187,52.0
6944,51.535343,52.0
6945,50.74117,51.0
6946,50.074867,49.0
6947,49.32692,48.0
6948,48.131554,48.0
6949,46.895393,48.0
6950,46.189686,49.0
6951,46.13499,50.0
6952,46.889004,48.0
6953,47.814445,50.0
6954,47.270657,51.0
6955,46.929314,51.0
6956,46.880943,52.0
6957,46.869827,51.0
6958,47.05487,51.0
6959,46.61312,51.0
6960,46.120026,51.0
6961,45.89269,50.0
6962,45.980072,50.0
6963,45.93707,50.0
6964,45.813915,49.0
6965,45.829,48.0
6966,45.546555,48.0
6967,44.878757,47.0
6968,44.303207,47.0
6969,43.630707,47.0
6970,43.27135,48.0
6971,43.267628,48.0
6972,43.768555,47.0
6973,44.307793,45.0
6974,44.12595,44.0
6975,42.76385,41.0
6976,40.76444,42.0
6977,38.365814,42.0
6978,37.536144,41.0
6979,37.858543,42.0
6980,38.145855,45.0
6981,38.666267,45.0
6982,39.97696,44.0
6983,40.970436,44.0
6984,40.709198,44.0
6985,40.099277,45.0
6986,39.598618,46.0
6987,39.719715,45.0
6988,40.529507,45.0
