,prediction,actual
0,69.945656,69.00000000000001
1,68.8306,69.00000000000001
2,69.43932,69.00000000000001
3,70.00229,69.00000000000001
4,69.33165,69.00000000000001
5,69.469124,69.00000000000001
6,69.06303,69.00000000000001
7,69.13183,68.0
8,67.599945,68.0
9,67.74811,66.99999999999999
10,66.58547,66.99999999999999
11,66.657326,66.99999999999999
12,66.70006,66.99999999999999
13,66.61852,66.99999999999999
14,66.4761,66.0
15,65.551094,66.0
16,65.64638,66.0
17,65.691696,66.0
18,65.54535,65.0
19,64.675385,64.0
20,63.949104,64.0
21,64.6737,64.0
22,64.88995,64.0
23,62.562862,60.0
24,60.195038,59.0
25,59.195557,59.0
26,59.135548,60.0
27,60.608383,59.0
28,60.078365,58.0
29,60.05573,58.0
30,60.151493,59.0
31,61.26539,61.0
32,62.529247,62.0
33,63.480972,63.0
34,63.1498,64.0
35,63.606354,64.0
36,63.99035,64.0
37,64.22988,64.0
38,64.13808,65.0
39,64.76058,64.0
40,63.81341,64.0
41,63.55078,64.0
42,63.90093,64.0
43,64.20568,64.0
44,63.92812,63.0
45,63.41322,64.0
46,64.48463,64.0
47,64.33529,63.0
48,63.399956,63.0
49,63.48939,63.0
50,63.257042,63.0
51,63.199757,63.0
52,63.975983,63.0
53,64.45364,64.0
54,64.156105,64.0
55,65.10494,64.0
56,64.288795,63.0
57,63.072983,62.0
58,61.650986,62.0
59,61.616722,62.0
60,61.51491,61.0
61,60.523315,61.0
62,60.652386,61.0
63,60.85045,61.0
64,60.995365,61.0
65,61.004932,61.0
66,60.87682,61.0
67,61.381134,60.0
68,59.893017,60.0
69,60.00026,60.0
70,60.37376,60.0
71,60.19871,60.0
72,60.37318,60.0
73,60.711372,61.0
74,61.434486,61.0
75,61.139664,62.0
76,61.94586,62.0
77,62.46095,61.0
78,61.05503,59.0
79,58.926685,58.0
80,57.75751,58.0
81,57.9852,58.0
82,57.815,57.0
83,56.79985,58.0
84,58.0961,58.0
85,58.074905,58.0
86,58.078606,58.0
87,58.028984,58.0
88,57.88885,58.0
89,57.90486,59.0
90,58.853138,58.0
91,58.22428,59.0
92,58.686684,59.0
93,59.280533,59.0
94,59.13062,59.0
95,59.295574,59.0
96,59.166492,74.99999999999999
97,79.95272,74.99999999999999
98,75.02694,74.99999999999999
99,75.18169,74.99999999999999
100,73.901695,74.99999999999999
101,73.13416,74.99999999999999
102,72.03734,74.99999999999999
103,72.14812,76.0
104,73.788086,76.0
105,74.50669,76.0
106,75.454216,77.00000000000001
107,76.50823,77.00000000000001
108,76.619026,77.00000000000001
109,76.57491,78.0
110,77.60072,78.99999999999999
111,78.939415,78.99999999999999
112,78.088356,80.0
113,78.794334,80.0
114,79.39725,81.00000000000001
115,80.96033,82.0
116,81.223495,82.0
117,82.13552,82.0
118,82.168785,82.99999999999999
119,83.38685,82.99999999999999
120,75.07555,68.0
121,68.587074,68.0
122,68.14761,68.0
123,67.72277,69.00000000000001
124,68.59617,70.0
125,69.52247,69.00000000000001
126,68.02324,68.0
127,68.060295,68.0
128,67.67461,66.99999999999999
129,66.36308,66.99999999999999
130,66.56963,66.0
131,65.73985,66.0
132,65.87964,66.0
133,65.77187,66.0
134,65.3913,65.0
135,64.205345,65.0
136,64.09397,65.0
137,64.45495,65.0
138,64.218376,64.0
139,63.408978,63.0
140,62.510784,62.0
141,61.152824,61.0
142,60.805454,61.0
143,61.526295,61.0
144,61.11785,61.0
145,60.805023,61.0
146,61.1311,61.0
147,60.956253,59.0
148,58.79014,58.0
149,58.590725,58.0
150,58.71678,59.0
151,60.03741,59.0
152,59.13318,59.0
153,58.98367,59.0
154,59.15099,60.0
155,60.103794,60.0
156,59.863743,59.0
157,58.762207,59.0
158,58.730965,59.0
159,58.730988,59.0
160,58.64455,59.0
161,58.818565,59.0
162,59.236324,60.0
163,60.526207,61.0
164,61.771736,63.0
165,63.669106,63.0
166,63.955715,63.0
167,63.40391,63.0
168,63.1903,63.0
169,63.44377,61.0
170,60.797276,61.0
171,61.351097,62.0
172,62.912014,62.0
173,63.19474,62.0
174,63.24975,63.0
175,64.26119,63.0
176,63.72275,64.0
177,64.539,65.0
178,65.39377,66.0
179,66.2612,66.0
180,66.27485,66.99999999999999
181,67.290016,66.99999999999999
182,67.623566,70.0
183,70.79492,70.99999999999999
184,71.88584,70.99999999999999
185,71.16869,72.0
186,71.88099,72.0
187,71.6425,70.99999999999999
188,70.395325,70.0
189,69.584366,70.0
190,70.221405,70.0
191,70.18742,70.0
192,70.811066,70.99999999999999
193,71.555756,70.99999999999999
194,70.6271,70.99999999999999
195,70.200554,72.0
196,72.314285,72.0
197,71.901955,73.00000000000001
198,72.60274,74.0
199,74.45177,74.0
200,73.99194,74.0
201,74.33295,74.99999999999999
202,75.655174,74.99999999999999
203,75.369896,76.0
204,76.526,77.00000000000001
205,77.25467,77.00000000000001
206,76.79376,77.00000000000001
207,76.23483,76.0
208,75.94413,77.00000000000001
209,76.51342,77.00000000000001
210,76.55156,77.00000000000001
211,76.50878,76.0
212,75.75091,77.00000000000001
213,76.684395,76.0
214,75.985176,76.0
215,75.95788,76.0
216,75.45419,74.99999999999999
217,74.72928,74.0
218,73.526146,74.0
219,73.52728,73.00000000000001
220,72.62149,73.00000000000001
221,71.716255,73.00000000000001
222,71.37106,70.99999999999999
223,70.18637,70.99999999999999
224,70.08348,70.0
225,69.30426,69.00000000000001
226,68.40494,70.0
227,69.692345,69.00000000000001
228,69.1715,69.00000000000001
229,68.53747,68.0
230,67.1783,66.99999999999999
231,66.18562,65.0
232,64.004265,64.0
233,63.961964,63.0
234,62.84782,63.0
235,62.783512,63.0
236,62.73192,63.0
237,62.732998,62.0
238,61.69656,62.0
239,61.77345,64.0
240,64.31927,65.0
241,65.76568,65.0
242,65.43459,65.0
243,65.10329,65.0
244,65.44378,65.0
245,65.21561,65.0
246,65.461845,65.0
247,64.56523,65.0
248,64.573746,65.0
249,64.05755,63.0
250,62.071766,62.0
251,61.229397,61.0
252,60.451664,60.0
253,59.316532,58.0
254,57.335373,58.0
255,57.73866,58.0
256,58.015408,58.0
257,57.92037,58.0
258,58.261066,58.0
259,58.4086,58.0
260,58.062313,57.0
261,57.06806,58.0
262,57.840553,57.0
263,56.32921,55.0
264,54.592117,53.0
265,52.857414,53.0
266,53.0703,53.0
267,53.357315,54.0
268,54.33931,55.0
269,56.859165,56.0
270,56.99921,56.0
271,56.543976,56.0
272,56.379967,56.0
273,56.982586,57.0
274,57.766907,57.0
275,57.61124,57.0
276,57.715786,58.0
277,58.62505,59.0
278,59.32416,59.0
279,58.871223,59.0
280,59.412582,61.0
281,61.08569,61.0
282,60.996655,62.0
283,62.282787,62.0
284,62.504055,63.0
285,63.523285,63.0
286,63.738956,64.0
287,64.6226,64.0
288,64.651184,65.0
289,65.76229,66.0
290,66.35764,66.0
291,66.101295,66.0
292,65.72313,66.0
293,66.358795,66.99999999999999
294,67.83624,66.99999999999999
295,68.617714,69.00000000000001
296,70.18343,70.0
297,70.810905,70.99999999999999
298,71.60115,70.99999999999999
299,71.35601,72.0
300,72.82026,73.00000000000001
301,73.2965,74.0
302,74.6088,74.99999999999999
303,75.5648,74.99999999999999
304,74.52003,74.99999999999999
305,74.38098,74.0
306,73.75199,74.0
307,74.12682,74.99999999999999
308,75.26296,76.0
309,76.0845,76.0
310,76.21231,76.0
311,76.6792,74.99999999999999
312,75.42963,74.99999999999999
313,76.82391,76.0
314,76.30905,77.00000000000001
315,76.21741,78.0
316,76.76496,78.0
317,77.13392,78.0
318,77.52244,78.0
319,77.23978,77.00000000000001
320,76.52858,76.0
321,76.25431,76.0
322,77.01114,77.00000000000001
323,76.85839,77.00000000000001
324,77.039955,77.00000000000001
325,77.15864,77.00000000000001
326,77.45227,78.0
327,78.343475,78.0
328,78.4602,78.0
329,78.250084,78.99999999999999
330,79.001656,78.99999999999999
331,78.90692,78.0
332,78.39772,78.0
333,78.28032,78.99999999999999
334,80.07493,78.99999999999999
335,80.37755,80.0
336,80.92686,81.00000000000001
337,81.83923,82.0
338,82.553856,81.00000000000001
339,78.94075,80.0
340,78.51429,80.0
341,78.96821,78.99999999999999
342,78.381645,77.00000000000001
343,76.42958,76.0
344,75.01385,74.99999999999999
345,74.139725,74.0
346,73.82403,73.00000000000001
347,72.75777,73.00000000000001
348,72.7338,73.00000000000001
349,72.51453,73.00000000000001
350,72.3045,72.0
351,71.683304,70.99999999999999
352,70.92036,70.99999999999999
353,70.953,70.99999999999999
354,71.2361,70.99999999999999
355,71.02702,70.0
356,70.22346,70.0
357,70.08037,69.00000000000001
358,69.27401,69.00000000000001
359,69.08165,68.0
360,67.51109,66.99999999999999
361,65.94441,65.0
362,65.02941,64.0
363,64.11602,64.0
364,63.949657,64.0
365,64.01117,63.0
366,62.59858,63.0
367,63.585346,64.0
368,64.081345,65.0
369,65.00082,65.0
370,65.30517,66.0
371,65.635345,65.0
372,64.425255,64.0
373,63.644226,63.0
374,62.92458,63.0
375,63.11972,63.0
376,63.023,62.0
377,62.229298,62.0
378,62.199577,62.0
379,62.773857,62.0
380,62.347424,62.0
381,62.270187,62.0
382,62.32649,62.0
383,62.36955,62.0
384,62.269833,62.0
385,62.25963,63.0
386,63.487125,64.0
387,64.50394,65.0
388,65.75795,65.0
389,66.645615,88.0
390,88.17557,86.99999999999999
391,87.153015,86.0
392,85.52356,84.0
393,84.20507,82.0
394,82.99854,81.00000000000001
395,81.37626,80.0
396,80.06407,78.99999999999999
397,78.99391,78.99999999999999
398,79.16049,80.0
399,80.49461,80.0
400,80.23591,78.99999999999999
401,79.6284,80.0
402,80.23479,80.0
403,79.7643,78.99999999999999
404,78.75384,78.99999999999999
405,79.02403,78.0
406,78.16996,78.0
407,78.57132,78.0
408,78.26804,78.0
409,78.14364,77.00000000000001
410,76.24173,76.0
411,74.44226,74.99999999999999
412,74.41752,74.0
413,74.518196,68.0
414,68.57471,69.00000000000001
415,69.20353,69.00000000000001
416,69.676865,70.0
417,69.59362,70.0
418,69.88518,72.0
419,72.07659,72.0
420,72.05599,72.0
421,72.08621,72.0
422,71.87265,72.0
423,72.062584,72.0
424,71.47108,72.0
425,71.14161,72.0
426,71.7827,70.99999999999999
427,71.01747,70.99999999999999
428,71.48972,70.0
429,70.465775,69.00000000000001
430,69.17304,68.0
431,68.17897,66.99999999999999
432,67.22631,66.99999999999999
433,67.23006,66.99999999999999
434,67.35098,66.99999999999999
435,66.7374,66.0
436,65.734566,65.0
437,65.08869,42.0
438,44.815243,42.0
439,43.354652,43.0
440,45.13853,44.0
441,44.98554,45.0
442,45.946213,44.0
443,44.867874,43.0
444,43.600685,40.0
445,40.34884,38.0
446,38.405476,38.0
447,38.800186,39.0
448,39.879463,41.0
449,42.327297,40.0
450,40.66091,41.0
451,41.1621,41.0
452,41.400337,40.0
453,41.108055,42.0
454,42.38057,43.0
455,42.958717,46.0
456,45.93627,48.0
457,48.520603,46.0
458,47.838215,48.0
459,51.437874,48.0
460,52.940777,50.0
461,54.582363,56.0
462,56.65428,56.0
463,56.61923,57.0
464,57.93143,58.0
465,58.746742,58.0
466,58.198956,59.0
467,58.940964,59.0
468,59.016888,59.0
469,59.290367,59.0
470,59.505184,60.0
471,60.084698,59.0
472,58.79872,58.0
473,58.033386,58.0
474,57.94339,58.0
475,57.89512,58.0
476,57.710663,58.0
477,57.38627,58.0
478,57.97214,58.0
479,57.886883,57.0
480,56.930367,57.0
481,57.10878,57.0
482,57.160553,57.0
483,57.342003,57.0
484,57.270836,58.0
485,58.318596,61.0
486,62.359688,60.0
487,60.86063,60.0
488,60.008545,60.0
489,59.678734,59.0
490,58.79634,59.0
491,58.41999,59.0
492,58.374413,58.0
493,57.510166,58.0
494,57.457718,57.0
495,56.678925,57.0
496,57.019886,57.0
497,56.934906,57.0
498,56.785286,56.0
499,55.81783,56.0
500,56.089027,56.0
501,56.092678,56.0
502,56.09807,56.0
503,56.072224,56.0
504,56.627907,57.0
505,57.563755,57.0
506,57.863735,58.0
507,59.533848,58.0
508,59.29269,60.0
509,61.087708,68.0
510,68.02681,68.0
511,68.35356,69.00000000000001
512,69.32013,69.00000000000001
513,69.312614,68.0
514,67.5842,66.0
515,65.52957,65.0
516,64.75666,64.0
517,64.11691,63.0
518,63.11186,64.0
519,64.309875,63.0
520,63.085785,62.0
521,62.10395,62.0
522,62.08332,62.0
523,62.00454,62.0
524,61.975906,61.0
525,60.96244,61.0
526,60.97282,60.0
527,59.859795,59.0
528,58.969063,59.0
529,58.818466,59.0
530,59.069595,58.0
531,57.844997,59.0
532,59.656708,59.0
533,59.17834,59.0
534,58.491497,61.0
535,60.653393,61.0
536,60.755028,61.0
537,61.425396,62.0
538,62.667194,62.0
539,62.573196,62.0
540,62.509666,62.0
541,62.698563,62.0
542,62.50424,61.0
543,61.74334,62.0
544,62.322193,62.0
545,61.939075,63.0
546,63.195232,62.0
547,61.991642,63.0
548,63.153255,63.0
549,63.26324,62.0
550,62.78646,63.0
551,63.35821,63.0
552,63.53667,63.0
553,63.401184,63.0
554,63.12783,63.0
555,63.154102,63.0
556,62.945675,63.0
557,63.1854,58.0
558,57.235706,57.0
559,56.518196,56.0
560,55.541977,56.0
561,55.735004,55.0
562,54.645954,55.0
563,54.864517,54.0
564,53.745937,54.0
565,53.77103,55.0
566,54.85326,55.0
567,54.651154,54.0
568,54.000717,54.0
569,53.874615,55.0
570,55.11283,55.0
571,55.079117,55.0
572,54.98653,56.0
573,56.05307,56.0
574,56.068638,56.0
575,56.070694,55.0
576,54.939,55.0
577,54.724796,55.0
578,55.221333,55.0
579,55.890076,55.0
580,56.13964,57.0
581,58.254486,86.0
582,86.97891,86.0
583,87.236275,86.0
584,84.965935,86.0
585,86.14149,84.0
586,83.45803,82.0
587,82.047615,80.0
588,79.84216,77.00000000000001
589,76.12825,74.99999999999999
590,74.21666,74.0
591,72.95288,73.00000000000001
592,71.89093,73.00000000000001
593,72.008995,72.0
594,71.39309,72.0
595,71.59857,72.0
596,71.931274,72.0
597,72.2047,73.00000000000001
598,72.801094,73.00000000000001
599,72.779594,73.00000000000001
600,73.307556,74.0
601,74.57785,74.99999999999999
602,75.29921,74.99999999999999
603,75.54944,77.00000000000001
604,74.42175,77.00000000000001
605,76.812096,81.00000000000001
606,82.62534,80.0
607,79.4985,78.0
608,77.69776,78.0
609,79.313416,78.99999999999999
610,80.56303,78.99999999999999
611,79.96426,80.0
612,81.04369,81.00000000000001
613,81.464134,80.0
614,79.886856,78.99999999999999
615,78.67474,77.00000000000001
616,76.45779,77.00000000000001
617,76.30459,74.99999999999999
618,74.59008,76.0
619,75.90905,74.99999999999999
620,74.72966,76.0
621,75.35328,76.0
622,75.49433,74.99999999999999
623,74.3039,76.0
624,74.16686,74.99999999999999
625,73.83429,76.0
626,76.624405,78.0
627,78.5778,78.99999999999999
628,79.33366,82.0
629,81.60931,72.0
630,72.01778,72.0
631,72.50852,74.0
632,75.167534,76.0
633,76.74914,77.00000000000001
634,78.31253,78.0
635,78.74646,78.99999999999999
636,80.12303,80.0
637,81.156265,78.99999999999999
638,80.17242,78.99999999999999
639,79.47265,80.0
640,80.0355,78.0
641,78.20858,78.99999999999999
642,79.15522,80.0
643,80.13811,80.0
644,79.19963,80.0
645,79.47742,82.0
646,82.52347,82.0
647,81.3765,82.0
648,83.265564,82.99999999999999
649,83.23719,82.99999999999999
650,81.27737,82.99999999999999
651,80.29833,82.99999999999999
652,80.65199,82.99999999999999
653,81.32854,69.00000000000001
654,69.27118,70.0
655,70.061356,70.0
656,70.18832,70.0
657,70.04603,70.99999999999999
658,70.94287,70.99999999999999
659,71.09007,70.99999999999999
660,70.7332,70.0
661,69.50136,68.0
662,67.30727,66.99999999999999
663,66.60159,66.0
664,65.902435,66.0
665,65.51442,66.0
666,65.28975,66.99999999999999
667,66.76328,66.99999999999999
668,66.73368,66.99999999999999
669,66.983665,66.99999999999999
670,67.559784,66.99999999999999
671,66.78187,66.99999999999999
672,67.07786,66.99999999999999
673,67.015976,66.99999999999999
674,66.56411,68.0
675,67.391525,66.99999999999999
676,66.39738,65.0
677,63.970356,80.0
678,80.53963,80.0
679,80.34655,80.0
680,80.18658,80.0
681,80.19484,80.0
682,80.74666,81.00000000000001
683,83.088684,81.00000000000001
684,82.49078,82.0
685,83.91234,81.00000000000001
686,82.326996,81.00000000000001
687,81.612144,80.0
688,80.110756,80.0
689,80.46319,80.0
690,80.28103,81.00000000000001
691,81.5427,81.00000000000001
692,81.64037,81.00000000000001
693,81.04263,81.00000000000001
694,81.736084,81.00000000000001
695,81.262184,80.0
696,79.557495,81.00000000000001
697,80.91646,81.00000000000001
698,80.78596,81.00000000000001
699,80.952675,81.00000000000001
700,81.55536,81.00000000000001
701,79.97552,81.00000000000001
702,79.920944,81.00000000000001
703,79.86772,78.99999999999999
704,77.7374,78.99999999999999
705,78.9472,80.0
706,79.45062,78.99999999999999
707,79.48719,78.0
708,78.1071,78.0
709,78.567345,78.0
710,78.19056,78.0
711,78.09454,78.0
712,77.63686,78.0
713,78.18851,78.99999999999999
714,78.675186,78.99999999999999
715,79.18988,78.99999999999999
716,79.436035,80.0
717,80.30926,80.0
718,80.588646,81.00000000000001
719,82.06946,82.0
720,82.58376,82.99999999999999
721,83.91481,84.0
722,84.861855,84.0
723,84.10441,84.0
724,83.622925,82.99999999999999
725,82.051575,82.99999999999999
726,82.797615,82.99999999999999
727,82.897285,82.0
728,81.06525,82.0
729,81.01612,82.0
730,81.955505,82.0
731,82.61897,81.00000000000001
732,81.12213,81.00000000000001
733,81.03687,81.00000000000001
734,80.63286,81.00000000000001
735,80.94664,80.0
736,79.559975,80.0
737,79.63947,80.0
738,79.50619,78.99999999999999
739,78.99908,78.99999999999999
740,78.8046,78.99999999999999
741,79.281235,78.99999999999999
742,79.13209,78.0
743,78.13233,78.0
744,78.314125,78.0
745,78.42366,78.0
746,78.16933,77.00000000000001
747,76.9596,77.00000000000001
748,76.95113,77.00000000000001
749,76.92377,77.00000000000001
750,76.59858,78.0
751,77.53869,78.99999999999999
752,78.592224,81.00000000000001
753,80.94473,81.00000000000001
754,81.39612,82.0
755,81.86976,82.0
756,81.671326,81.00000000000001
757,80.895096,81.00000000000001
758,80.846565,80.0
759,79.71272,78.99999999999999
760,78.79286,78.99999999999999
761,78.838615,78.99999999999999
762,78.141884,78.0
763,77.960915,78.99999999999999
764,78.46121,78.99999999999999
765,79.291084,80.0
766,80.30033,78.99999999999999
767,78.99453,80.0
768,80.46267,80.0
769,80.86406,81.00000000000001
770,81.92205,82.0
771,82.639725,82.0
772,82.06714,82.99999999999999
773,83.10901,82.99999999999999
774,82.44501,82.0
775,80.7024,81.00000000000001
776,80.64561,78.99999999999999
777,77.265686,78.0
778,76.96718,76.0
779,75.63094,76.0
780,76.49578,76.0
781,76.24107,76.0
782,75.86479,76.0
783,75.48383,76.0
784,75.31447,76.0
785,75.40069,77.00000000000001
786,76.61284,77.00000000000001
787,76.5117,78.0
788,77.33487,77.00000000000001
789,76.3279,77.00000000000001
790,77.29506,77.00000000000001
791,77.16583,78.0
792,78.00203,77.00000000000001
793,77.13319,77.00000000000001
794,76.79564,76.0
795,75.89187,76.0
796,75.90006,74.99999999999999
797,74.406,74.99999999999999
798,74.743706,76.0
799,76.09968,76.0
800,76.66612,78.0
801,79.4973,78.99999999999999
802,80.20626,81.00000000000001
803,81.98178,82.0
804,82.79924,82.0
805,82.13262,82.99999999999999
806,84.09115,82.99999999999999
807,82.83666,82.99999999999999
808,82.564186,82.99999999999999
809,82.780785,82.0
810,81.87008,82.0
811,82.246925,82.0
812,82.02071,82.0
813,82.665,82.0
814,82.62861,82.0
815,82.299194,82.0
816,82.12376,82.0
817,81.78977,82.0
818,80.8758,82.0
819,81.10123,81.00000000000001
820,80.165245,81.00000000000001
821,79.00839,80.0
822,77.486786,80.0
823,77.66362,78.99999999999999
824,78.313416,78.99999999999999
825,78.814835,78.0
826,78.288475,78.99999999999999
827,79.02168,78.99999999999999
828,80.00553,80.0
829,81.03594,81.00000000000001
830,81.90876,81.00000000000001
831,81.48445,81.00000000000001
832,81.605484,82.0
833,82.438896,81.00000000000001
834,80.62197,80.0
835,79.958916,80.0
836,79.474556,78.99999999999999
837,79.33497,78.99999999999999
838,79.84585,78.99999999999999
839,79.27649,78.99999999999999
840,79.39214,78.99999999999999
841,79.92414,80.0
842,80.69362,81.00000000000001
843,81.86549,84.0
844,85.25238,86.0
845,86.348114,88.0
846,89.16446,89.00000000000001
847,90.29441,90.99999999999999
848,93.11514,90.99999999999999
849,92.12749,90.99999999999999
850,91.282745,90.0
851,89.465294,88.0
852,87.25309,86.99999999999999
853,87.74146,85.00000000000001
854,84.594765,84.0
855,83.373924,82.99999999999999
856,82.38214,82.0
857,82.42907,82.99999999999999
858,83.0533,82.99999999999999
859,82.924255,82.99999999999999
860,82.47857,82.0
861,81.45265,82.0
862,80.90479,81.00000000000001
863,80.27997,80.0
864,79.664566,78.99999999999999
865,78.47423,78.0
866,77.499855,77.00000000000001
867,75.94588,77.00000000000001
868,76.67514,77.00000000000001
869,76.14343,78.0
870,77.79814,80.0
871,79.798904,80.0
872,80.64226,80.0
873,80.84028,80.0
874,81.447914,80.0
875,81.68403,82.0
876,83.34209,82.99999999999999
877,84.3434,84.0
878,85.688194,86.99999999999999
879,88.73773,88.0
880,89.31851,88.0
881,88.50323,86.99999999999999
882,87.05328,86.99999999999999
883,87.01958,86.0
884,86.13763,86.0
885,86.22003,85.00000000000001
886,85.074646,85.00000000000001
887,85.78075,86.0
888,86.59874,86.0
889,85.99761,86.0
890,86.49296,85.00000000000001
891,83.564,82.99999999999999
892,81.717255,81.00000000000001
893,79.966286,78.0
894,75.57819,78.0
895,76.643974,77.00000000000001
896,75.87588,77.00000000000001
897,76.473366,76.0
898,75.74578,74.99999999999999
899,75.240814,74.99999999999999
900,74.94814,74.0
901,73.54886,73.00000000000001
902,72.48908,72.0
903,72.1211,70.99999999999999
904,71.60465,70.99999999999999
905,71.6756,70.99999999999999
906,71.76586,72.0
907,73.43944,73.00000000000001
908,73.930664,74.0
909,75.05382,74.99999999999999
910,75.49352,74.0
911,74.55439,74.0
912,75.26957,73.00000000000001
913,73.18091,72.0
914,72.31769,73.00000000000001
915,72.652245,72.0
916,70.92848,72.0
917,71.48483,70.99999999999999
918,69.907745,70.0
919,69.55064,68.0
920,67.708046,66.99999999999999
921,67.04931,66.99999999999999
922,67.0974,66.99999999999999
923,67.070045,66.99999999999999
924,66.97642,66.99999999999999
925,67.05346,68.0
926,67.91755,69.00000000000001
927,69.40782,70.0
928,70.6684,70.0
929,70.46077,70.0
930,70.1584,69.00000000000001
931,69.258965,69.00000000000001
932,69.25313,69.00000000000001
933,69.007706,68.0
934,68.969086,66.99999999999999
935,67.39445,66.99999999999999
936,67.88076,66.99999999999999
937,68.061775,68.0
938,68.419945,69.00000000000001
939,69.12489,69.00000000000001
940,67.565674,68.0
941,67.40499,66.99999999999999
942,66.41247,65.0
943,64.536224,65.0
944,64.71489,64.0
945,64.25568,64.0
946,64.20526,63.0
947,62.73235,63.0
948,62.358887,62.0
949,61.16167,61.0
950,59.998383,59.0
951,58.190075,57.0
952,56.755573,57.0
953,56.69018,57.0
954,56.87983,56.0
955,56.09407,56.0
956,56.452084,56.0
957,56.79885,56.0
958,56.570354,56.0
959,55.796455,56.0
960,55.7645,56.0
961,55.942234,55.0
962,54.24578,55.0
963,55.914505,55.0
964,56.131645,55.0
965,55.73386,56.0
966,56.97101,56.0
967,56.80322,57.0
968,57.224136,58.0
969,58.17318,58.0
970,58.307167,59.0
971,59.116165,59.0
972,59.060665,59.0
973,59.488647,59.0
974,59.22039,60.0
975,59.94212,61.0
976,60.920834,61.0
977,61.006054,61.0
978,61.055748,61.0
979,60.859844,62.0
980,62.024075,62.0
981,62.37174,62.0
982,62.469917,63.0
983,63.578075,63.0
984,63.45838,63.0
985,62.838554,64.0
986,63.628155,63.0
987,63.33004,62.0
988,62.206326,63.0
989,62.996094,63.0
990,63.542397,63.0
991,63.245575,63.0
992,63.56012,62.0
993,62.052208,62.0
994,61.849365,62.0
995,62.13332,62.0
996,62.186436,63.0
997,62.77171,63.0
998,63.20613,64.0
999,63.880833,64.0
1000,64.21921,64.0
1001,63.9202,64.0
1002,63.91771,64.0
1003,63.853775,64.0
1004,63.764763,63.0
1005,63.01401,64.0
1006,64.06162,63.0
1007,63.178272,62.0
1008,62.740276,63.0
1009,63.956413,64.0
1010,64.7713,64.0
1011,63.94285,64.0
1012,63.084484,63.0
1013,62.218864,62.0
1014,61.92973,61.0
1015,60.706356,61.0
1016,60.56639,60.0
1017,59.531693,60.0
1018,59.742664,61.0
1019,61.15374,61.0
1020,61.15159,61.0
1021,61.422237,61.0
1022,61.142426,60.0
1023,60.03702,59.0
1024,58.995712,59.0
1025,58.925545,58.0
1026,58.192158,58.0
1027,58.128586,59.0
1028,59.22488,59.0
1029,59.531086,59.0
1030,59.48558,59.0
1031,59.79677,60.0
1032,60.057106,60.0
1033,59.58041,59.0
1034,59.140095,58.0
1035,58.63487,59.0
1036,60.2857,59.0
1037,59.032223,59.0
1038,58.80594,60.0
1039,59.89865,61.0
1040,60.51602,61.0
1041,60.445553,61.0
1042,60.36213,61.0
1043,61.087543,61.0
1044,61.16667,60.0
1045,60.045357,59.0
1046,59.0552,60.0
1047,60.235973,60.0
1048,59.956993,61.0
1049,60.511883,61.0
1050,60.794678,61.0
1051,60.259594,60.0
1052,59.69104,59.0
1053,58.752953,59.0
1054,58.80747,58.0
1055,57.531235,58.0
1056,57.859257,58.0
1057,58.298523,58.0
1058,58.46052,59.0
1059,59.616875,59.0
1060,59.297886,59.0
1061,58.949768,60.0
1062,60.495575,61.0
1063,61.3753,61.0
1064,61.046337,61.0
1065,61.082153,61.0
1066,61.189846,62.0
1067,62.182083,63.0
1068,63.330494,63.0
1069,63.76258,65.0
1070,65.29938,65.0
1071,64.84321,65.0
1072,65.160675,65.0
1073,64.658745,66.0
1074,65.862045,66.0
1075,65.66465,66.0
1076,66.07701,66.99999999999999
1077,66.98665,66.0
1078,66.09918,66.99999999999999
1079,67.55354,66.99999999999999
1080,67.50056,66.99999999999999
1081,66.66263,68.0
1082,66.6555,66.99999999999999
1083,66.23698,66.99999999999999
1084,66.209595,66.99999999999999
1085,65.56574,66.99999999999999
1086,65.91116,66.99999999999999
1087,66.541214,66.99999999999999
1088,66.72183,68.0
1089,67.93186,69.00000000000001
1090,68.88946,70.0
1091,69.407616,69.00000000000001
1092,68.62239,69.00000000000001
1093,68.40676,69.00000000000001
1094,68.52719,68.0
1095,67.48386,66.99999999999999
1096,66.75457,66.99999999999999
1097,66.809845,66.99999999999999
1098,66.69161,66.99999999999999
1099,66.94564,66.99999999999999
1100,66.781166,66.0
1101,66.20483,66.0
1102,66.38659,66.0
1103,66.44462,66.0
1104,65.8173,66.0
1105,66.0699,66.0
1106,65.59987,66.0
1107,65.315956,66.0
1108,65.38977,66.0
1109,65.145515,73.00000000000001
1110,72.015305,73.00000000000001
1111,73.53253,72.0
1112,72.79762,72.0
1113,71.191864,70.99999999999999
1114,70.21613,72.0
1115,72.38195,72.0
1116,72.20613,72.0
1117,72.16269,72.0
1118,72.39947,70.99999999999999
1119,71.05468,70.99999999999999
1120,70.83583,70.0
1121,69.49072,68.0
1122,67.479385,68.0
1123,67.82119,68.0
1124,68.114655,68.0
1125,68.078316,68.0
1126,68.1351,68.0
1127,68.439926,66.99999999999999
1128,67.06522,66.99999999999999
1129,67.23418,66.99999999999999
1130,67.22453,68.0
1131,68.31715,68.0
1132,68.27093,69.00000000000001
1133,69.54148,65.0
1134,65.29071,65.0
1135,65.02061,65.0
1136,66.12159,66.0
1137,66.529854,66.0
1138,65.7723,65.0
1139,64.48509,66.0
1140,66.23877,66.99999999999999
1141,67.81171,66.99999999999999
1142,67.81021,68.0
1143,68.75215,68.0
1144,68.49984,68.0
1145,68.18282,69.00000000000001
1146,69.08389,69.00000000000001
1147,69.01988,70.0
1148,70.23548,70.0
1149,70.24294,70.0
1150,70.05732,70.0
1151,70.305084,70.0
1152,70.23028,70.0
1153,70.2221,69.00000000000001
1154,68.74948,69.00000000000001
1155,68.23879,68.0
1156,67.20804,68.0
1157,67.7737,52.0
1158,53.030346,53.0
1159,53.312626,55.0
1160,55.478992,56.0
1161,57.11218,57.0
1162,58.082874,58.0
1163,57.725258,59.0
1164,58.771523,61.0
1165,61.169876,62.0
1166,61.68063,62.0
1167,62.14486,63.0
1168,62.73197,62.0
1169,61.56693,62.0
1170,61.150665,62.0
1171,61.304783,62.0
1172,61.641354,62.0
1173,62.1817,62.0
1174,61.965847,62.0
1175,62.05132,62.0
1176,61.98993,62.0
1177,62.19104,63.0
1178,63.465176,62.0
1179,61.622818,62.0
1180,61.85356,61.0
1181,60.574883,58.0
1182,56.883057,59.0
1183,58.24885,59.0
1184,58.702545,59.0
1185,58.964886,59.0
1186,58.55752,58.0
1187,57.07214,58.0
1188,56.992615,57.0
1189,56.101963,57.0
1190,56.52219,56.0
1191,55.684967,58.0
1192,59.026455,60.0
1193,60.835506,61.0
1194,61.89289,61.0
1195,61.67296,61.0
1196,61.825104,61.0
1197,61.408016,61.0
1198,60.85882,60.0
1199,59.620575,59.0
1200,58.543434,59.0
1201,58.474415,59.0
1202,58.907333,58.0
1203,58.194195,59.0
1204,59.296772,59.0
1205,59.20866,61.0
1206,61.675835,62.0
1207,63.20855,62.0
1208,62.89447,64.0
1209,64.64884,65.0
1210,66.08746,66.0
1211,66.455345,66.99999999999999
1212,67.667755,68.0
1213,68.35045,68.0
1214,67.84426,66.99999999999999
1215,65.55623,66.0
1216,64.81536,66.0
1217,65.352875,66.0
1218,65.38373,66.0
1219,65.46985,65.0
1220,64.37613,65.0
1221,64.78928,65.0
1222,64.7684,64.0
1223,63.796837,64.0
1224,64.01262,63.0
1225,62.916508,63.0
1226,62.966946,62.0
1227,61.96908,61.0
1228,60.850605,61.0
1229,61.638863,59.0
1230,58.697754,58.0
1231,57.540787,57.0
1232,56.0615,56.0
1233,55.02888,55.0
1234,54.519997,56.0
1235,55.48647,56.0
1236,55.644325,56.0
1237,55.278004,56.0
1238,55.971348,56.0
1239,56.182217,57.0
1240,56.73673,57.0
1241,56.904175,57.0
1242,57.204964,57.0
1243,57.350502,57.0
1244,57.17189,57.0
1245,57.470432,58.0
1246,58.63697,59.0
1247,60.007915,60.0
1248,60.86687,60.0
1249,60.193333,61.0
1250,61.044785,62.0
1251,62.672775,61.0
1252,61.241783,62.0
1253,62.857513,63.0
1254,62.829792,62.0
1255,61.91454,62.0
1256,62.413372,61.0
1257,61.58525,59.0
1258,59.130875,58.0
1259,57.87198,57.0
1260,56.879635,56.0
1261,55.598835,56.0
1262,55.823036,55.0
1263,54.888313,54.0
1264,53.58738,53.0
1265,52.650963,53.0
1266,52.398067,53.0
1267,52.584293,53.0
1268,52.392147,52.0
1269,51.449787,52.0
1270,51.422173,52.0
1271,51.34311,51.0
1272,50.50017,50.0
1273,49.596165,48.0
1274,47.854797,48.0
1275,48.373398,50.0
1276,49.729244,49.0
1277,49.462524,58.0
1278,59.219975,59.0
1279,60.68466,60.0
1280,61.056988,61.0
1281,61.731964,61.0
1282,61.343925,62.0
1283,62.07259,62.0
1284,62.03557,62.0
1285,61.875195,61.0
1286,60.888268,61.0
1287,60.97601,62.0
1288,61.78851,62.0
1289,61.648853,62.0
1290,61.57837,62.0
1291,61.84971,62.0
1292,62.055813,61.0
1293,61.161243,61.0
1294,61.469543,61.0
1295,61.325104,61.0
1296,61.207943,62.0
1297,62.46032,62.0
1298,62.574966,62.0
1299,62.423435,63.0
1300,64.21075,61.0
1301,61.05768,78.99999999999999
1302,79.55992,78.0
1303,77.83201,78.99999999999999
1304,79.16065,78.99999999999999
1305,79.61521,81.00000000000001
1306,82.52558,82.0
1307,81.88875,82.99999999999999
1308,82.775,82.99999999999999
1309,83.07273,82.99999999999999
1310,82.414185,82.99999999999999
1311,82.40254,82.99999999999999
1312,82.4707,81.00000000000001
1313,80.02894,80.0
1314,79.35947,78.99999999999999
1315,78.38603,78.0
1316,78.03081,78.0
1317,77.80477,76.0
1318,76.15191,76.0
1319,76.21949,74.99999999999999
1320,74.689705,74.0
1321,73.61782,73.00000000000001
1322,72.00294,72.0
1323,70.0294,70.0
1324,68.97874,68.0
1325,67.034966,81.00000000000001
1326,81.13242,81.00000000000001
1327,80.73485,82.0
1328,81.90946,82.99999999999999
1329,81.78796,82.99999999999999
1330,83.35121,84.0
1331,85.39452,84.0
1332,85.51119,84.0
1333,85.27916,84.0
1334,84.37254,86.0
1335,86.988655,85.00000000000001
1336,85.640144,82.99999999999999
1337,83.3889,86.0
1338,87.743835,85.00000000000001
1339,86.35994,85.00000000000001
1340,85.391136,85.00000000000001
1341,85.4051,86.0
1342,86.32148,89.00000000000001
1343,89.5581,88.0
1344,86.57223,88.0
1345,86.52759,88.0
1346,87.13979,86.0
1347,84.76806,85.00000000000001
1348,84.38486,84.0
1349,83.78315,82.0
1350,80.35075,80.0
1351,78.692245,78.0
1352,78.086525,76.0
1353,75.10172,73.00000000000001
1354,71.84658,70.99999999999999
1355,69.992966,70.0
1356,69.47786,68.0
1357,67.419044,66.99999999999999
1358,66.81088,65.0
1359,65.19413,65.0
1360,66.39828,65.0
1361,63.33641,65.0
1362,64.909615,63.0
1363,62.85533,63.0
1364,62.35735,62.0
1365,60.746166,62.0
1366,60.94093,62.0
1367,62.145897,61.0
1368,61.597576,60.0
1369,59.27979,59.0
1370,59.32889,59.0
1371,60.2554,58.0
1372,58.629982,57.0
1373,57.621105,64.0
1374,64.08321,64.0
1375,64.221085,62.0
1376,62.284393,62.0
1377,62.17007,61.0
1378,61.27503,60.0
1379,60.264072,61.0
1380,61.29014,61.0
1381,61.20275,62.0
1382,62.17273,62.0
1383,61.702015,63.0
1384,63.10074,63.0
1385,62.89699,63.0
1386,63.272263,63.0
1387,62.919815,64.0
1388,64.43688,65.0
1389,65.120155,65.0
1390,64.4562,66.0
1391,66.412636,66.99999999999999
1392,67.4609,66.99999999999999
1393,67.46248,68.0
1394,68.47779,68.0
1395,68.23727,69.00000000000001
1396,69.77887,70.99999999999999
1397,72.26435,70.0
1398,70.206726,69.00000000000001
1399,69.14112,69.00000000000001
1400,68.8379,69.00000000000001
1401,68.978355,69.00000000000001
1402,68.889465,69.00000000000001
1403,68.95114,70.0
1404,69.484924,70.0
1405,69.761314,70.0
1406,69.589035,70.0
1407,69.642334,69.00000000000001
1408,68.416725,69.00000000000001
1409,68.68095,68.0
1410,67.973595,68.0
1411,68.06141,66.99999999999999
1412,66.72967,66.99999999999999
1413,67.19277,66.99999999999999
1414,66.951515,66.99999999999999
1415,66.81064,65.0
1416,64.85761,65.0
1417,64.72208,65.0
1418,64.38691,65.0
1419,64.62334,65.0
1420,64.650764,65.0
1421,65.89677,66.0
1422,65.46745,66.0
1423,66.041794,66.99999999999999
1424,66.50721,66.99999999999999
1425,66.74114,66.99999999999999
1426,66.421814,66.99999999999999
1427,66.54921,66.99999999999999
1428,66.82312,66.0
1429,65.519875,66.0
1430,65.930855,66.0
1431,66.22127,66.0
1432,66.05218,66.0
1433,66.2586,66.99999999999999
1434,67.42578,66.99999999999999
1435,67.24149,66.99999999999999
1436,67.19171,66.0
1437,65.966125,66.0
1438,66.74756,66.0
1439,66.45773,66.0
1440,66.02513,66.0
1441,65.62301,65.0
1442,64.806465,66.0
1443,65.82833,66.0
1444,65.93828,66.0
1445,66.82028,66.99999999999999
1446,65.86489,66.99999999999999
1447,66.22147,66.99999999999999
1448,66.30897,66.99999999999999
1449,66.51644,66.99999999999999
1450,67.143135,66.99999999999999
1451,66.70799,66.99999999999999
1452,67.08115,66.99999999999999
1453,66.98487,66.99999999999999
1454,67.42986,69.00000000000001
1455,69.7381,70.0
1456,70.58602,70.99999999999999
1457,70.61667,70.99999999999999
1458,71.07456,72.0
1459,72.72526,70.99999999999999
1460,71.27807,72.0
1461,71.93694,73.00000000000001
1462,72.89946,73.00000000000001
1463,72.54294,73.00000000000001
1464,72.8528,73.00000000000001
1465,73.20626,74.0
1466,73.983185,74.0
1467,74.21467,74.0
1468,73.6007,74.99999999999999
1469,74.84195,77.00000000000001
1470,77.458496,78.0
1471,77.048546,78.99999999999999
1472,79.22442,81.00000000000001
1473,82.218025,82.99999999999999
1474,83.62827,82.99999999999999
1475,83.80369,85.00000000000001
1476,86.912415,85.00000000000001
1477,84.92341,84.0
1478,83.29633,82.0
1479,81.7597,80.0
1480,79.81226,80.0
1481,79.69749,80.0
1482,79.80763,78.99999999999999
1483,79.88843,78.99999999999999
1484,79.5696,78.99999999999999
1485,79.036194,78.0
1486,78.158325,77.00000000000001
1487,76.995735,76.0
1488,75.88696,74.99999999999999
1489,74.607895,74.99999999999999
1490,74.74828,74.0
1491,73.56142,74.0
1492,72.6199,73.00000000000001
1493,69.82408,72.0
1494,69.32735,70.0
1495,67.86144,69.00000000000001
1496,67.00356,66.99999999999999
1497,65.98364,66.0
1498,65.54585,66.0
1499,65.740944,65.0
1500,65.63092,66.0
1501,66.32081,65.0
1502,65.190384,64.0
1503,64.179344,64.0
1504,63.981842,66.99999999999999
1505,68.03874,66.99999999999999
1506,67.41753,66.99999999999999
1507,67.38763,68.0
1508,68.635765,68.0
1509,68.87528,68.0
1510,68.89983,69.00000000000001
1511,69.56246,69.00000000000001
1512,69.47817,69.00000000000001
1513,68.76906,69.00000000000001
1514,68.59252,70.0
1515,68.921036,69.00000000000001
1516,67.95646,68.0
1517,66.86139,68.0
1518,67.461685,68.0
1519,67.34518,68.0
1520,67.04773,66.99999999999999
1521,65.687325,66.0
1522,66.0619,64.0
1523,63.80709,62.0
1524,61.34625,62.0
1525,61.810326,64.0
1526,64.164764,65.0
1527,65.02614,66.0
1528,64.34236,64.0
1529,63.783382,63.0
1530,62.707256,63.0
1531,62.54917,63.0
1532,62.536785,63.0
1533,62.55234,62.0
1534,61.704285,62.0
1535,61.774216,61.0
1536,61.115932,61.0
1537,60.937904,61.0
1538,60.882217,60.0
1539,59.741814,59.0
1540,58.843613,59.0
1541,58.394806,58.0
1542,57.5236,57.0
1543,56.690544,57.0
1544,57.271023,58.0
1545,58.90016,59.0
1546,60.310226,60.0
1547,60.89245,61.0
1548,61.881325,62.0
1549,62.4544,64.0
1550,64.187805,64.0
1551,63.67209,64.0
1552,63.574886,63.0
1553,62.474216,62.0
1554,61.607407,62.0
1555,61.949936,62.0
1556,62.07892,62.0
1557,62.07474,62.0
1558,62.141968,62.0
1559,62.206673,62.0
1560,62.06336,63.0
1561,63.14133,63.0
1562,63.072346,63.0
1563,62.805065,63.0
1564,62.904728,64.0
1565,64.81576,65.0
1566,65.428795,66.0
1567,66.04384,66.0
1568,66.0526,66.99999999999999
1569,66.68948,66.0
1570,65.697235,66.0
1571,65.67334,66.0
1572,65.44924,65.0
1573,63.757267,62.0
1574,61.295864,61.0
1575,60.66898,61.0
1576,60.72957,61.0
1577,60.636505,61.0
1578,60.499878,61.0
1579,60.63188,61.0
1580,60.57968,61.0
1581,60.724827,62.0
1582,61.896748,62.0
1583,62.051495,61.0
1584,60.846905,61.0
1585,60.996048,61.0
1586,61.071884,60.0
1587,60.02994,60.0
1588,59.837738,59.0
1589,58.693607,59.0
1590,58.63901,58.0
1591,57.945335,58.0
1592,57.963055,57.0
1593,56.98161,56.0
1594,55.33932,55.0
1595,54.506092,54.0
1596,53.465794,53.0
1597,52.310246,52.0
1598,51.317783,52.0
1599,52.074493,51.0
1600,51.519512,50.0
1601,50.77442,51.0
1602,51.11653,49.0
1603,49.107933,49.0
1604,49.20856,48.0
1605,47.98352,47.0
1606,46.692593,47.0
1607,46.930237,48.0
1608,47.870327,48.0
1609,47.970562,49.0
1610,49.32684,53.0
1611,53.743763,55.0
1612,55.571957,56.0
1613,56.59214,57.0
1614,58.08719,57.0
1615,58.37984,58.0
1616,59.39049,59.0
1617,60.65834,61.0
1618,62.112465,61.0
1619,61.849445,62.0
1620,62.750572,63.0
1621,63.54172,64.0
1622,64.25723,64.0
1623,63.693157,63.0
1624,62.864014,64.0
1625,63.66317,64.0
1626,63.768272,65.0
1627,64.409744,64.0
1628,63.74234,65.0
1629,64.70771,65.0
1630,64.54772,65.0
1631,64.74683,65.0
1632,64.942986,65.0
1633,64.82444,65.0
1634,63.84478,62.0
1635,61.28878,61.0
1636,60.119194,60.0
1637,59.547695,59.0
1638,58.673073,58.0
1639,57.79668,58.0
1640,57.424526,56.0
1641,55.809208,56.0
1642,56.092865,57.0
1643,57.56747,57.0
1644,57.480633,57.0
1645,57.533943,57.0
1646,57.384727,57.0
1647,56.862965,57.0
1648,56.909946,56.0
1649,55.827007,56.0
1650,55.828583,56.0
1651,55.844715,55.0
1652,54.825653,55.0
1653,54.92704,55.0
1654,54.80763,55.0
1655,54.802143,55.0
1656,54.92348,54.0
1657,54.002666,54.0
1658,54.074997,55.0
1659,55.12737,55.0
1660,55.300583,55.0
1661,55.625294,56.0
1662,57.02925,57.0
1663,58.28828,58.0
1664,59.029987,59.0
1665,59.609547,59.0
1666,59.50746,59.0
1667,59.48901,59.0
1668,59.50487,59.0
1669,59.22096,60.0
1670,60.988644,61.0
1671,61.390068,62.0
1672,61.8569,62.0
1673,62.065094,62.0
1674,62.05507,63.0
1675,63.012947,63.0
1676,62.89314,66.99999999999999
1677,67.82966,68.0
1678,68.80045,68.0
1679,68.62549,68.0
1680,68.49347,69.00000000000001
1681,69.182465,69.00000000000001
1682,69.26483,70.0
1683,70.26663,70.0
1684,70.02193,70.0
1685,69.719666,70.0
1686,69.203186,70.0
1687,69.43152,70.99999999999999
1688,70.696175,70.99999999999999
1689,71.07519,70.99999999999999
1690,70.88095,72.0
1691,72.20666,72.0
1692,72.21886,70.99999999999999
1693,70.45051,70.0
1694,70.154625,70.0
1695,70.34367,70.0
1696,70.067245,70.0
1697,70.20338,70.0
1698,69.95096,70.0
1699,69.703255,69.00000000000001
1700,67.17044,66.0
1701,65.607574,65.0
1702,65.01885,64.0
1703,64.16836,65.0
1704,65.056915,65.0
1705,65.076385,65.0
1706,64.93569,64.0
1707,63.660088,64.0
1708,63.551006,64.0
1709,63.580063,64.0
1710,63.47303,63.0
1711,62.768948,62.0
1712,61.190746,61.0
1713,61.15638,61.0
1714,61.440376,61.0
1715,61.696083,62.0
1716,62.99982,63.0
1717,63.943214,64.0
1718,64.670784,65.0
1719,65.44547,65.0
1720,65.31067,65.0
1721,65.46127,65.0
1722,65.43023,66.0
1723,66.67652,66.99999999999999
1724,67.43927,66.99999999999999
1725,67.21904,66.99999999999999
1726,67.279526,66.99999999999999
1727,67.34104,66.99999999999999
1728,67.2373,66.99999999999999
1729,66.94619,68.0
1730,67.71043,68.0
1731,67.84068,68.0
1732,68.20261,68.0
1733,68.53408,69.00000000000001
1734,68.35877,70.0
1735,69.88356,70.0
1736,70.29905,70.0
1737,70.3136,69.00000000000001
1738,68.84027,68.0
1739,67.66456,66.99999999999999
1740,67.195244,66.0
1741,65.48191,66.0
1742,65.79996,66.0
1743,66.05113,66.99999999999999
1744,67.05082,66.99999999999999
1745,66.795616,66.0
1746,65.37848,66.0
1747,65.489235,65.0
1748,65.12419,65.0
1749,65.034775,65.0
1750,64.912895,65.0
1751,64.93241,65.0
1752,64.550865,64.0
1753,63.781597,64.0
1754,64.31544,65.0
1755,65.34761,66.0
1756,65.47228,66.0
1757,65.477356,66.0
1758,65.30828,66.0
1759,65.27562,66.0
1760,65.6471,66.99999999999999
1761,66.90591,66.99999999999999
1762,66.79833,68.0
1763,68.17412,68.0
1764,68.14666,68.0
1765,67.48046,66.99999999999999
1766,66.39505,66.0
1767,65.625626,66.0
1768,66.00062,66.0
1769,66.4114,66.0
1770,65.78812,66.0
1771,65.96616,66.0
1772,65.94514,66.0
1773,65.96451,66.99999999999999
1774,67.36141,68.0
1775,68.51708,68.0
1776,68.12185,68.0
1777,67.927956,68.0
1778,67.92143,69.00000000000001
1779,69.27586,70.0
1780,69.40567,69.00000000000001
1781,67.90163,69.00000000000001
1782,67.784874,69.00000000000001
1783,68.74237,68.0
1784,67.28811,68.0
1785,68.16634,68.0
1786,67.72713,66.99999999999999
1787,67.54466,66.99999999999999
1788,67.712425,66.99999999999999
1789,67.23683,66.99999999999999
1790,66.51903,66.99999999999999
1791,66.8812,66.99999999999999
1792,66.791794,66.99999999999999
1793,67.30633,68.0
1794,67.98737,68.0
1795,68.16703,68.0
1796,68.22898,68.0
1797,67.68733,68.0
1798,67.603516,66.0
1799,66.627914,66.99999999999999
1800,67.22331,66.99999999999999
1801,66.89985,66.0
1802,65.3499,65.0
1803,64.16408,64.0
1804,63.60645,64.0
1805,63.538918,64.0
1806,63.340275,64.0
1807,64.0283,65.0
1808,64.779594,65.0
1809,64.93957,65.0
1810,66.037704,66.99999999999999
1811,67.56215,66.99999999999999
1812,67.29393,66.99999999999999
1813,67.70835,68.0
1814,68.44308,68.0
1815,68.31394,68.0
1816,68.03608,68.0
1817,68.21811,69.00000000000001
1818,69.05049,68.0
1819,68.16805,68.0
1820,68.28345,68.0
1821,68.50966,69.00000000000001
1822,69.43859,69.00000000000001
1823,69.298676,68.0
1824,68.46815,68.0
1825,68.253494,68.0
1826,68.16489,68.0
1827,67.76403,68.0
1828,67.465355,68.0
1829,65.75676,68.0
1830,67.12159,66.99999999999999
1831,66.082214,66.99999999999999
1832,66.482475,66.99999999999999
1833,65.58504,65.0
1834,63.770416,63.0
1835,62.47806,62.0
1836,61.582428,60.0
1837,58.93475,59.0
1838,58.554913,60.0
1839,59.615986,59.0
1840,59.058697,58.0
1841,58.473087,59.0
1842,59.355385,59.0
1843,59.582394,60.0
1844,60.613663,60.0
1845,60.274635,60.0
1846,60.34466,60.0
1847,60.527782,61.0
1848,61.530037,61.0
1849,61.438007,61.0
1850,61.172523,62.0
1851,61.44224,62.0
1852,61.60014,63.0
1853,62.526558,69.00000000000001
1854,69.06265,69.00000000000001
1855,69.199936,69.00000000000001
1856,69.23468,69.00000000000001
1857,69.49074,70.0
1858,70.86606,70.0
1859,70.90382,69.00000000000001
1860,69.83775,69.00000000000001
1861,69.17362,70.0
1862,69.919395,70.99999999999999
1863,71.47883,70.99999999999999
1864,70.68926,72.0
1865,71.51815,72.0
1866,71.55367,72.0
1867,71.65641,72.0
1868,71.81169,72.0
1869,72.099915,70.99999999999999
1870,70.749084,72.0
1871,72.15878,72.0
1872,72.10444,72.0
1873,71.80977,72.0
1874,71.32864,72.0
1875,71.01991,72.0
1876,71.311584,70.99999999999999
1877,70.85833,66.99999999999999
1878,67.1804,66.0
1879,66.2891,65.0
1880,65.1703,63.0
1881,61.832508,61.0
1882,59.594006,60.0
1883,58.979076,59.0
1884,57.801765,56.0
1885,55.029408,55.0
1886,53.669186,53.0
1887,52.209217,52.0
1888,52.059982,51.0
1889,51.500374,50.0
1890,50.095367,49.0
1891,49.32913,47.0
1892,47.49443,47.0
1893,47.542816,46.0
1894,46.293377,44.0
1895,44.602055,43.0
1896,43.701202,42.0
1897,43.26393,44.0
1898,45.359436,47.0
1899,48.168713,49.0
1900,49.873726,50.0
1901,50.387394,60.0
1902,59.40616,58.0
1903,58.094387,58.0
1904,58.422184,57.0
1905,57.520973,57.0
1906,57.421253,56.0
1907,56.413708,56.0
1908,56.54354,55.0
1909,55.12735,56.0
1910,56.133854,56.0
1911,55.87853,56.0
1912,55.690113,57.0
1913,56.659645,58.0
1914,58.00495,58.0
1915,58.085007,59.0
1916,58.972786,59.0
1917,59.177467,59.0
1918,58.92663,61.0
1919,61.70092,62.0
1920,62.313885,62.0
1921,62.29906,62.0
1922,62.479565,63.0
1923,63.321815,64.0
1924,64.92347,65.0
1925,67.01763,59.0
1926,59.478275,59.0
1927,58.839485,59.0
1928,59.155476,59.0
1929,59.688255,59.0
1930,59.92832,61.0
1931,61.877155,62.0
1932,62.41637,62.0
1933,62.488785,63.0
1934,63.377377,63.0
1935,63.163773,61.0
1936,60.909252,60.0
1937,59.664,60.0
1938,59.693283,60.0
1939,59.807472,59.0
1940,58.655083,59.0
1941,59.005142,59.0
1942,58.399895,59.0
1943,58.647873,60.0
1944,59.826035,61.0
1945,60.953213,61.0
1946,61.34669,61.0
1947,61.704185,61.0
1948,61.032127,61.0
1949,61.253498,62.0
1950,62.117744,61.0
1951,61.790554,62.0
1952,62.644886,61.0
1953,61.62028,61.0
1954,61.32807,61.0
1955,61.085747,60.0
1956,60.304924,60.0
1957,60.11912,59.0
1958,59.432297,61.0
1959,60.87084,61.0
1960,60.701756,61.0
1961,60.935295,61.0
1962,60.805267,61.0
1963,60.840702,61.0
1964,60.975956,61.0
1965,60.72017,61.0
1966,61.007305,61.0
1967,61.024204,61.0
1968,60.86604,61.0
1969,60.847958,62.0
1970,62.611233,63.0
1971,63.9739,64.0
1972,64.77215,63.0
1973,62.275738,63.0
1974,62.904926,64.0
1975,63.05207,64.0
1976,63.545162,65.0
1977,64.65655,65.0
1978,64.81265,65.0
1979,64.88706,65.0
1980,64.9147,66.0
1981,65.37974,65.0
1982,64.70378,66.0
1983,66.413895,66.0
1984,66.97512,66.99999999999999
1985,67.60362,66.99999999999999
1986,66.96133,66.99999999999999
1987,66.61107,66.99999999999999
1988,66.75534,66.0
1989,65.850876,65.0
1990,64.83352,63.0
1991,63.127777,62.0
1992,61.92746,62.0
1993,61.996452,60.0
1994,59.929684,60.0
1995,59.673275,60.0
1996,59.93986,59.0
1997,58.74522,46.0
1998,47.325764,43.0
1999,43.47902,43.0
2000,43.426105,45.0
2001,45.567142,47.0
2002,48.441353,48.0
2003,49.216698,50.0
2004,50.974876,51.0
2005,52.01764,51.0
2006,51.55952,52.0
2007,52.41002,53.0
2008,53.37291,54.0
2009,54.42516,55.0
2010,55.463776,56.0
2011,56.267868,56.0
2012,56.190685,57.0
2013,57.382915,57.0
2014,57.370686,58.0
2015,58.49651,58.0
2016,57.641132,58.0
2017,58.947643,58.0
2018,58.177074,58.0
2019,57.40057,57.0
2020,56.89321,58.0
2021,58.221592,62.0
2022,61.75051,62.0
2023,62.492615,62.0
2024,62.507378,63.0
2025,63.433163,62.0
2026,61.70826,61.0
2027,60.518967,61.0
2028,60.789017,60.0
2029,59.53411,60.0
2030,59.201675,60.0
2031,59.378345,59.0
2032,58.329224,59.0
2033,58.596344,58.0
2034,57.382774,58.0
2035,57.962105,59.0
2036,58.972797,59.0
2037,59.002174,59.0
2038,58.99213,60.0
2039,60.45997,60.0
2040,60.529373,60.0
2041,60.808697,61.0
2042,61.915604,61.0
2043,61.846905,60.0
2044,61.61819,62.0
2045,63.46169,66.0
2046,65.31834,64.0
2047,64.73242,62.0
2048,61.49939,59.0
2049,59.23316,57.0
2050,57.487232,55.0
2051,55.384132,55.0
2052,55.270233,55.0
2053,55.050896,55.0
2054,54.70423,55.0
2055,54.543087,54.0
2056,53.61579,56.0
2057,55.760323,56.0
2058,55.629604,55.0
2059,54.603474,56.0
2060,55.69149,56.0
2061,55.81933,55.0
2062,54.703754,55.0
2063,54.729748,54.0
2064,53.675518,53.0
2065,52.81724,54.0
2066,54.36915,54.0
2067,54.71951,54.0
2068,54.445244,54.0
2069,55.068954,85.00000000000001
2070,85.05301,85.00000000000001
2071,86.43545,85.00000000000001
2072,85.84103,85.00000000000001
2073,85.722885,85.00000000000001
2074,86.21575,85.00000000000001
2075,86.064926,85.00000000000001
2076,86.25099,86.0
2077,87.38488,88.0
2078,89.48962,86.99999999999999
2079,87.56833,86.0
2080,85.58601,88.0
2081,88.19859,86.99999999999999
2082,88.31229,88.0
2083,88.449326,88.0
2084,88.336685,86.99999999999999
2085,87.63129,86.0
2086,86.41602,82.0
2087,81.62675,82.0
2088,82.60186,82.0
2089,81.35664,82.0
2090,81.21733,82.99999999999999
2091,81.65297,82.99999999999999
2092,80.92032,82.99999999999999
2093,80.41844,57.0
2094,56.835117,58.0
2095,58.07031,58.0
2096,58.457664,58.0
2097,58.04434,59.0
2098,59.278225,60.0
2099,60.053417,60.0
2100,59.899002,61.0
2101,60.6046,62.0
2102,62.915215,64.0
2103,64.96019,63.0
2104,63.504242,64.0
2105,62.875023,63.0
2106,62.060833,63.0
2107,62.633682,63.0
2108,62.917732,64.0
2109,63.73768,64.0
2110,64.53076,63.0
2111,62.809395,63.0
2112,63.27328,63.0
2113,62.189518,63.0
2114,62.08458,62.0
2115,61.208706,62.0
2116,60.872055,62.0
2117,61.142628,70.99999999999999
2118,70.61296,72.0
2119,72.11899,73.00000000000001
2120,73.13052,73.00000000000001
2121,72.08932,72.0
2122,71.21416,70.99999999999999
2123,70.1952,70.0
2124,69.10154,69.00000000000001
2125,68.562004,69.00000000000001
2126,68.29435,69.00000000000001
2127,67.80687,69.00000000000001
2128,67.35059,68.0
2129,67.175995,68.0
2130,67.49979,68.0
2131,67.2481,66.99999999999999
2132,66.517395,66.0
2133,65.27772,66.0
2134,66.14645,65.0
2135,64.8373,64.0
2136,64.081215,62.0
2137,61.706318,61.0
2138,60.281647,59.0
2139,58.559566,58.0
2140,58.316578,56.0
2141,55.816303,55.0
2142,54.731808,54.0
2143,53.812805,53.0
2144,53.40912,52.0
2145,52.4216,53.0
2146,53.386436,54.0
2147,54.535774,54.0
2148,54.5109,55.0
2149,55.306473,56.0
2150,56.361877,58.0
2151,58.6404,58.0
2152,58.515087,59.0
2153,59.29245,59.0
2154,59.367405,59.0
2155,59.18759,60.0
2156,60.39163,59.0
2157,59.11182,60.0
2158,60.610355,60.0
2159,60.583385,60.0
2160,60.779797,60.0
2161,60.607113,60.0
2162,61.07377,61.0
2163,61.95914,61.0
2164,61.601143,63.0
2165,63.35775,63.0
2166,63.384426,64.0
2167,64.44408,64.0
2168,64.48816,64.0
2169,64.21382,64.0
2170,63.53767,63.0
2171,62.765343,63.0
2172,62.987232,63.0
2173,63.015373,61.0
2174,60.915874,60.0
2175,60.28337,60.0
2176,60.154663,60.0
2177,60.143322,59.0
2178,58.94785,60.0
2179,60.33674,60.0
2180,60.37504,61.0
2181,61.245396,61.0
2182,61.089077,61.0
2183,61.18978,60.0
2184,60.086544,60.0
2185,59.57175,59.0
2186,58.74715,58.0
2187,58.139786,58.0
2188,57.898773,57.0
2189,57.651108,58.0
2190,58.489517,58.0
2191,58.714146,58.0
2192,59.078796,60.0
2193,61.164265,61.0
2194,62.214355,63.0
2195,64.370255,65.0
2196,66.31482,66.0
2197,67.13899,66.99999999999999
2198,67.54341,66.99999999999999
2199,66.82781,66.99999999999999
2200,66.90456,66.99999999999999
2201,67.08716,68.0
2202,67.881836,68.0
2203,67.91758,66.99999999999999
2204,66.950386,66.99999999999999
2205,67.68631,66.99999999999999
2206,67.45617,66.99999999999999
2207,67.75476,66.99999999999999
2208,67.61239,66.99999999999999
2209,67.30954,68.0
2210,68.4661,68.0
2211,68.05331,69.00000000000001
2212,69.32569,70.0
2213,70.02099,70.0
2214,69.68141,70.0
2215,69.36406,69.00000000000001
2216,69.05109,70.0
2217,70.45175,70.0
2218,70.522026,70.0
2219,70.80012,70.99999999999999
2220,71.57084,70.0
2221,70.09375,70.0
2222,70.366356,72.0
2223,72.21497,72.0
2224,72.312996,72.0
2225,71.751976,72.0
2226,72.19245,72.0
2227,72.44451,72.0
2228,72.223206,72.0
2229,72.39755,72.0
2230,72.47653,72.0
2231,72.441,72.0
2232,72.66968,73.00000000000001
2233,72.53812,70.99999999999999
2234,71.154175,72.0
2235,71.93098,72.0
2236,71.33784,72.0
2237,70.71835,70.99999999999999
2238,69.92877,70.99999999999999
2239,70.65965,70.99999999999999
2240,70.508675,70.99999999999999
2241,70.50553,70.0
2242,69.9843,69.00000000000001
2243,68.78314,69.00000000000001
2244,69.22224,69.00000000000001
2245,69.251884,70.0
2246,69.86803,69.00000000000001
2247,68.80195,69.00000000000001
2248,68.9153,69.00000000000001
2249,68.770096,68.0
2250,67.96552,68.0
2251,68.10074,68.0
2252,68.10161,68.0
2253,68.27127,66.99999999999999
2254,67.15976,66.99999999999999
2255,67.262276,66.99999999999999
2256,67.653694,66.0
2257,66.64956,66.99999999999999
2258,67.235916,66.0
2259,66.24781,66.0
2260,65.793205,66.0
2261,65.44398,66.0
2262,65.62103,66.99999999999999
2263,66.71146,66.99999999999999
2264,66.2676,66.0
2265,65.34587,65.0
2266,64.7843,64.0
2267,64.02138,63.0
2268,62.902874,63.0
2269,62.86476,62.0
2270,61.964832,63.0
2271,62.73158,63.0
2272,63.04109,64.0
2273,64.42201,65.0
2274,65.14754,65.0
2275,65.12044,66.0
2276,66.115295,66.0
2277,66.24716,66.0
2278,66.22783,66.99999999999999
2279,67.59839,66.99999999999999
2280,67.786156,68.0
2281,68.5654,69.00000000000001
2282,68.9518,70.0
2283,69.30855,69.00000000000001
2284,68.070404,70.0
2285,69.65564,70.0
2286,68.43733,69.00000000000001
2287,68.47173,70.0
2288,71.03471,72.0
2289,72.93652,73.00000000000001
2290,74.04808,74.0
2291,74.6641,76.0
2292,76.80338,78.0
2293,78.54757,78.99999999999999
2294,79.49613,81.00000000000001
2295,81.02188,82.99999999999999
2296,82.68945,81.00000000000001
2297,80.72195,81.00000000000001
2298,82.06519,82.0
2299,83.01501,82.0
2300,82.30811,82.0
2301,82.5426,92.0
2302,96.394516,133.0
2303,141.50305,145.0
2304,145.46992,165.0
2305,185.08192,165.99999999999997
2306,167.1411,165.99999999999997
2307,175.35963,165.99999999999997
2308,162.16156,165.99999999999997
2309,113.147415,167.0
2310,129.55841,167.0
2311,161.25363,165.99999999999997
2312,160.78978,167.0
2313,163.14172,167.0
2314,166.96167,167.0
2315,162.37912,168.0
2316,152.98465,167.0
2317,148.6663,167.0
2318,156.7652,165.99999999999997
2319,157.82501,165.0
2320,162.28256,165.0
2321,164.76846,165.0
2322,164.93288,165.0
2323,163.36745,164.0
2324,163.13438,164.0
2325,146.9244,161.0
2326,142.35806,156.0
2327,158.26892,156.0
2328,140.49896,84.0
2329,73.67001,82.0
2330,93.20642,81.00000000000001
2331,87.30497,81.00000000000001
2332,83.22512,80.0
2333,83.85045,78.0
2334,78.81821,77.00000000000001
2335,76.64361,76.0
2336,75.135475,74.99999999999999
2337,78.30519,74.0
2338,77.985695,74.0
2339,73.370834,73.00000000000001
2340,73.55803,73.00000000000001
2341,73.10614,73.00000000000001
2342,73.974686,74.99999999999999
2343,76.09699,74.99999999999999
2344,76.0779,76.0
2345,77.42088,76.0
2346,77.35967,76.0
2347,77.989944,76.0
2348,77.4169,76.0
2349,77.34277,76.0
2350,77.291145,74.99999999999999
2351,75.949615,74.99999999999999
2352,75.06247,74.99999999999999
2353,74.878716,77.00000000000001
2354,76.50264,78.0
2355,77.73913,78.0
2356,76.96288,78.99999999999999
2357,78.33825,78.99999999999999
2358,77.859795,80.0
2359,80.51361,81.00000000000001
2360,80.3713,81.00000000000001
2361,80.116776,82.0
2362,81.72051,82.0
2363,81.16426,81.00000000000001
2364,80.486145,81.00000000000001
2365,79.59833,80.0
2366,79.221146,80.0
2367,80.259186,82.0
2368,82.08609,82.0
2369,81.42099,82.0
2370,81.51497,82.0
2371,82.06436,82.0
2372,82.35813,82.0
2373,82.34216,82.99999999999999
2374,83.66121,82.99999999999999
2375,82.74919,82.0
2376,82.42547,81.00000000000001
2377,80.64497,80.0
2378,80.38129,78.99999999999999
2379,79.08701,78.99999999999999
2380,77.120384,78.99999999999999
2381,77.92378,78.0
2382,75.95089,77.00000000000001
2383,76.529045,77.00000000000001
2384,76.40553,78.0
2385,76.668495,78.0
2386,76.48392,78.0
2387,78.04184,78.99999999999999
2388,79.83509,80.0
2389,80.64208,80.0
2390,80.28499,78.99999999999999
2391,78.81653,78.0
2392,77.97828,78.99999999999999
2393,78.90433,78.99999999999999
2394,78.869484,78.99999999999999
2395,78.57728,78.99999999999999
2396,78.98835,78.0
2397,77.740555,77.00000000000001
2398,77.00098,77.00000000000001
2399,76.90963,152.0
2400,152.18784,153.0
2401,160.69652,153.0
2402,164.97656,153.0
2403,163.11249,153.0
2404,115.52507,153.0
2405,72.63212,153.0
2406,133.48833,153.0
2407,156.81113,153.0
2408,145.75578,152.0
2409,147.43318,152.0
2410,144.1958,151.0
2411,136.84334,143.0
2412,125.8524,131.0
2413,117.93876,124.0
2414,116.54825,125.00000000000001
2415,119.97357,126.0
2416,118.22888,121.00000000000001
2417,115.243454,114.99999999999999
2418,111.28988,112.0
2419,110.7048,109.00000000000001
2420,108.951706,114.99999999999999
2421,115.6362,109.00000000000001
2422,103.82208,102.99999999999999
2423,83.60706,69.00000000000001
2424,74.3673,66.0
2425,71.359505,65.0
2426,68.99126,64.0
2427,66.70671,64.0
2428,63.691345,64.0
2429,64.17645,64.0
2430,64.847496,64.0
2431,65.07189,66.0
2432,67.9011,68.0
2433,69.63689,69.00000000000001
2434,69.84889,70.0
2435,70.28899,70.99999999999999
2436,71.703224,72.0
2437,73.09333,74.0
2438,74.61358,73.00000000000001
2439,73.25825,72.0
2440,71.96009,70.99999999999999
2441,71.2551,70.0
2442,70.136246,70.0
2443,70.34505,69.00000000000001
2444,68.68531,69.00000000000001
2445,69.34786,68.0
2446,68.134346,69.00000000000001
2447,68.972694,68.0
2448,67.22163,68.0
2449,67.83034,68.0
2450,67.763756,69.00000000000001
2451,68.670395,70.0
2452,69.757774,70.99999999999999
2453,71.03832,70.99999999999999
2454,70.1291,70.99999999999999
2455,69.81117,70.0
2456,70.141884,69.00000000000001
2457,68.622765,66.99999999999999
2458,66.36007,66.0
2459,65.4106,64.0
2460,63.19822,63.0
2461,61.95815,61.0
2462,60.46866,60.0
2463,59.998817,61.0
2464,60.864216,61.0
2465,61.242184,61.0
2466,60.99531,63.0
2467,63.229507,63.0
2468,62.70539,64.0
2469,63.730022,64.0
2470,63.218117,63.0
2471,62.873417,63.0
2472,62.67138,63.0
2473,62.417675,63.0
2474,62.44662,62.0
2475,61.406437,60.0
2476,59.777443,59.0
2477,59.343983,58.0
2478,58.438637,59.0
2479,59.09034,59.0
2480,59.533512,59.0
2481,59.148895,59.0
2482,59.708244,60.0
2483,61.413918,61.0
2484,62.100155,62.0
2485,62.793705,63.0
2486,63.348625,63.0
2487,63.913857,64.0
2488,64.06379,64.0
2489,63.696793,64.0
2490,62.727497,63.0
2491,62.76692,63.0
2492,62.66027,63.0
2493,62.954338,63.0
2494,62.68923,63.0
2495,62.789005,63.0
2496,62.99205,62.0
2497,61.712692,62.0
2498,62.086407,62.0
2499,62.039906,61.0
2500,60.734028,61.0
2501,60.661045,60.0
2502,59.249584,59.0
2503,58.473534,58.0
2504,58.183613,57.0
2505,57.118576,56.0
2506,55.62032,56.0
2507,55.649517,56.0
2508,56.266567,56.0
2509,56.386963,56.0
2510,56.414127,56.0
2511,55.941277,55.0
2512,54.805065,54.0
2513,53.86385,54.0
2514,53.707928,54.0
2515,53.685383,54.0
2516,53.635944,53.0
2517,52.726936,53.0
2518,53.065514,54.0
2519,53.962524,54.0
2520,54.321728,54.0
2521,53.97219,54.0
2522,54.073242,54.0
2523,54.202896,54.0
2524,54.32052,55.0
2525,55.23923,56.0
2526,56.45591,57.0
2527,57.86449,57.0
2528,58.17291,58.0
2529,59.042282,59.0
2530,59.76818,60.0
2531,60.56705,59.0
2532,58.99158,59.0
2533,58.61451,58.0
2534,57.384037,57.0
2535,57.528347,57.0
2536,57.234394,57.0
2537,56.746376,58.0
2538,57.84651,57.0
2539,56.82179,57.0
2540,56.845657,57.0
2541,56.76123,57.0
2542,56.830368,57.0
2543,56.815514,57.0
2544,56.86649,57.0
2545,57.042374,57.0
2546,57.016457,58.0
2547,57.98658,58.0
2548,58.01111,58.0
2549,57.479595,56.0
2550,55.997658,56.0
2551,56.559082,55.0
2552,55.36989,55.0
2553,55.05072,54.0
2554,53.749744,53.0
2555,52.918198,52.0
2556,52.05436,52.0
2557,52.193363,52.0
2558,51.905396,50.0
2559,49.995296,50.0
2560,50.279816,50.0
2561,50.016823,51.0
2562,50.953384,51.0
2563,51.33048,52.0
2564,52.03826,52.0
2565,52.194305,52.0
2566,52.178753,52.0
2567,52.26418,52.0
2568,51.843933,52.0
2569,51.885223,53.0
2570,53.163258,53.0
2571,53.14813,53.0
2572,53.14919,54.0
2573,54.227966,73.00000000000001
2574,72.73971,72.0
2575,72.04169,73.00000000000001
2576,72.46219,72.0
2577,71.707,72.0
2578,73.524864,72.0
2579,72.96939,70.99999999999999
2580,70.692024,70.0
2581,70.40071,69.00000000000001
2582,70.084145,68.0
2583,68.46202,68.0
2584,67.66435,68.0
2585,67.5234,68.0
2586,67.38579,66.99999999999999
2587,66.673965,66.99999999999999
2588,66.67839,66.0
2589,65.49662,66.0
2590,65.52473,66.0
2591,65.87549,65.0
2592,64.83775,65.0
2593,64.459854,64.0
2594,63.267345,63.0
2595,62.706417,63.0
2596,62.63993,63.0
2597,62.479225,51.0
2598,51.969955,52.0
2599,52.560165,52.0
2600,52.774857,53.0
2601,53.42862,54.0
2602,54.804688,55.0
2603,55.483566,56.0
2604,56.220592,58.0
2605,59.083313,59.0
2606,58.983715,60.0
2607,60.1481,61.0
2608,60.789093,61.0
2609,61.088737,61.0
2610,61.230446,62.0
2611,62.17827,61.0
2612,61.156216,61.0
2613,60.95079,61.0
2614,60.794537,61.0
2615,60.79206,61.0
2616,61.184372,61.0
2617,61.377853,61.0
2618,61.452835,62.0
2619,62.15681,63.0
2620,63.14525,63.0
2621,63.077255,66.99999999999999
2622,67.7016,68.0
2623,68.365364,68.0
2624,68.35541,69.00000000000001
2625,69.25629,69.00000000000001
2626,69.33249,70.0
2627,70.43133,70.99999999999999
2628,71.414825,70.99999999999999
2629,71.46005,72.0
2630,72.19079,72.0
2631,71.65712,70.99999999999999
2632,70.71916,72.0
2633,71.55359,70.99999999999999
2634,70.76061,70.99999999999999
2635,71.323006,72.0
2636,73.371704,72.0
2637,73.15642,73.00000000000001
2638,73.33054,70.0
2639,70.61782,69.00000000000001
2640,70.104935,69.00000000000001
2641,69.93317,69.00000000000001
2642,69.50525,69.00000000000001
2643,68.74573,70.0
2644,69.09192,69.00000000000001
2645,68.64725,62.0
2646,61.366455,62.0
2647,61.572056,63.0
2648,62.534637,62.0
2649,61.72991,62.0
2650,61.490067,62.0
2651,61.97225,62.0
2652,62.17748,62.0
2653,62.37142,62.0
2654,62.434868,63.0
2655,63.33228,63.0
2656,62.684563,63.0
2657,63.1352,63.0
2658,62.829475,63.0
2659,62.784096,63.0
2660,62.763947,63.0
2661,62.959602,63.0
2662,62.969597,64.0
2663,64.39628,64.0
2664,64.54815,64.0
2665,63.72391,64.0
2666,64.25354,64.0
2667,64.320465,64.0
2668,64.10765,63.0
2669,62.947887,62.0
2670,61.039555,61.0
2671,60.118042,59.0
2672,58.569622,58.0
2673,57.531826,56.0
2674,55.374302,56.0
2675,55.554035,54.0
2676,53.286644,54.0
2677,53.142147,53.0
2678,52.365234,51.0
2679,50.667286,51.0
2680,50.836277,48.0
2681,47.839348,48.0
2682,47.823616,50.0
2683,49.968163,49.0
2684,48.832348,49.0
2685,48.769474,48.0
2686,47.884426,46.0
2687,46.101814,47.0
2688,46.763847,45.0
2689,44.94008,41.0
2690,41.563232,38.0
2691,39.55608,37.0
2692,39.666275,36.0
2693,40.916855,59.0
2694,63.494274,59.0
2695,64.03764,60.0
2696,62.83666,61.0
2697,62.382336,62.0
2698,62.87969,63.0
2699,63.836937,63.0
2700,63.288124,63.0
2701,62.696293,63.0
2702,62.848335,62.0
2703,61.94226,61.0
2704,60.848675,61.0
2705,60.77693,61.0
2706,61.105602,61.0
2707,61.380405,62.0
2708,62.272453,62.0
2709,62.358776,63.0
2710,63.40439,63.0
2711,63.394455,63.0
2712,63.63129,64.0
2713,64.740204,64.0
2714,64.05967,65.0
2715,64.7395,65.0
2716,65.06883,66.0
2717,65.78541,57.0
2718,57.624825,58.0
2719,57.985554,59.0
2720,58.99805,59.0
2721,59.266743,59.0
2722,59.0044,60.0
2723,60.250637,60.0
2724,60.275143,61.0
2725,61.5192,61.0
2726,61.443737,62.0
2727,61.998104,61.0
2728,60.99148,61.0
2729,60.519733,60.0
2730,59.874287,59.0
2731,58.8402,58.0
2732,57.62993,58.0
2733,57.736664,57.0
2734,56.918625,56.0
2735,55.81069,57.0
2736,56.64119,57.0
2737,56.638924,56.0
2738,55.840675,56.0
2739,56.56401,57.0
2740,56.89795,57.0
2741,57.409565,61.0
2742,61.172005,62.0
2743,63.016243,63.0
2744,64.09723,64.0
2745,64.77542,66.0
2746,66.32066,66.99999999999999
2747,67.6774,69.00000000000001
2748,69.833466,70.99999999999999
2749,71.56115,73.00000000000001
2750,73.91915,74.99999999999999
2751,76.16083,77.00000000000001
2752,77.63486,78.0
2753,78.53591,78.99999999999999
2754,79.46282,78.99999999999999
2755,80.03166,80.0
2756,80.399765,80.0
2757,80.520645,81.00000000000001
2758,82.06072,81.00000000000001
2759,81.866486,82.0
2760,83.335556,82.0
2761,83.20413,81.00000000000001
2762,81.94031,81.00000000000001
2763,81.78018,81.00000000000001
2764,80.286125,81.00000000000001
2765,78.85173,54.0
2766,53.629818,54.0
2767,54.023453,56.0
2768,56.306206,57.0
2769,56.915493,58.0
2770,57.97171,59.0
2771,59.02785,59.0
2772,59.5517,60.0
2773,60.443794,61.0
2774,62.038296,63.0
2775,64.10545,65.0
2776,66.167854,66.0
2777,66.38194,65.0
2778,64.069695,66.0
2779,64.85693,65.0
2780,64.079445,66.0
2781,65.621544,66.99999999999999
2782,67.16008,66.99999999999999
2783,67.06442,66.99999999999999
2784,67.46003,68.0
2785,68.52955,68.0
2786,68.28284,66.99999999999999
2787,67.020386,66.99999999999999
2788,67.054214,68.0
2789,68.11538,82.99999999999999
2790,83.48418,82.0
2791,81.3248,82.99999999999999
2792,82.21406,82.0
2793,81.71814,81.00000000000001
2794,81.12102,81.00000000000001
2795,81.20948,80.0
2796,80.891785,80.0
2797,80.36625,78.99999999999999
2798,78.727745,81.00000000000001
2799,81.44407,81.00000000000001
2800,79.88795,81.00000000000001
2801,81.25776,81.00000000000001
2802,81.97027,81.00000000000001
2803,82.06188,82.99999999999999
2804,84.50886,85.00000000000001
2805,86.290054,85.00000000000001
2806,86.19151,86.0
2807,87.12987,86.99999999999999
2808,88.46664,90.0
2809,92.36035,90.99999999999999
2810,92.411606,90.0
2811,90.38701,92.0
2812,93.49774,92.0
2813,91.98211,61.0
2814,59.29651,61.0
2815,60.497704,61.0
2816,61.198444,61.0
2817,61.09892,60.0
2818,60.26366,60.0
2819,59.901775,60.0
2820,59.9198,60.0
2821,59.79961,60.0
2822,59.379322,59.0
2823,59.518578,59.0
2824,59.268314,59.0
2825,58.55633,59.0
2826,58.13442,59.0
2827,57.65853,59.0
2828,58.365795,59.0
2829,58.938915,58.0
2830,57.689285,59.0
2831,58.68368,59.0
2832,58.65319,59.0
2833,58.267998,59.0
2834,59.093716,59.0
2835,58.902725,58.0
2836,57.212757,58.0
2837,58.157402,55.0
2838,55.64916,55.0
2839,54.967903,54.0
2840,54.19523,54.0
2841,54.1705,55.0
2842,55.077656,56.0
2843,56.10498,57.0
2844,57.35511,58.0
2845,58.14042,59.0
2846,58.864456,60.0
2847,59.914967,62.0
2848,61.825294,64.0
2849,64.3918,65.0
2850,65.44153,66.0
2851,66.10225,66.0
2852,65.98854,66.99999999999999
2853,67.16258,66.0
2854,66.02333,66.0
2855,65.97662,66.99999999999999
2856,66.963684,66.99999999999999
2857,66.83121,66.99999999999999
2858,67.06078,66.99999999999999
2859,67.618,66.99999999999999
2860,68.0846,66.99999999999999
2861,67.50961,62.0
2862,61.504425,63.0
2863,62.573483,65.0
2864,65.414764,65.0
2865,65.380615,64.0
2866,64.28556,65.0
2867,64.945015,64.0
2868,64.29349,65.0
2869,64.65113,64.0
2870,63.268528,65.0
2871,64.06913,66.0
2872,65.57078,66.0
2873,65.71493,66.0
2874,65.496994,66.99999999999999
2875,66.305084,66.99999999999999
2876,66.50792,66.99999999999999
2877,66.68058,66.99999999999999
2878,66.87157,66.99999999999999
2879,66.9009,66.99999999999999
2880,66.841125,66.0
2881,65.97189,66.0
2882,66.13981,66.99999999999999
2883,67.22972,66.99999999999999
2884,66.84052,66.99999999999999
2885,66.165344,66.99999999999999
2886,66.286446,66.0
2887,65.36589,65.0
2888,65.10416,65.0
2889,65.03524,65.0
2890,65.28658,66.0
2891,65.98511,64.0
2892,63.62949,64.0
2893,64.221825,63.0
2894,62.659115,63.0
2895,62.625027,63.0
2896,62.5082,62.0
2897,61.383648,62.0
2898,61.593647,62.0
2899,61.701923,61.0
2900,60.33824,61.0
2901,60.58593,60.0
2902,59.217957,60.0
2903,60.157246,60.0
2904,60.001392,60.0
2905,59.82151,59.0
2906,59.115494,59.0
2907,58.852276,59.0
2908,59.168716,58.0
2909,57.623505,58.0
2910,57.427948,58.0
2911,57.722076,59.0
2912,59.84338,60.0
2913,61.463017,60.0
2914,60.650898,60.0
2915,61.019783,61.0
2916,62.075024,63.0
2917,64.9266,66.99999999999999
2918,70.314384,69.00000000000001
2919,71.45697,70.99999999999999
2920,72.30234,73.00000000000001
2921,73.38711,73.00000000000001
2922,72.76581,73.00000000000001
2923,73.257545,73.00000000000001
2924,73.00224,74.0
2925,74.40676,74.0
2926,73.207405,74.0
2927,73.53628,74.0
2928,74.2988,74.0
2929,74.3533,74.0
2930,74.6789,74.0
2931,74.510345,74.0
2932,73.864944,74.0
2933,73.049484,74.0
2934,72.10026,74.0
2935,72.317085,74.0
2936,72.623,74.0
2937,73.267845,74.99999999999999
2938,75.4839,74.99999999999999
2939,75.20103,76.0
2940,76.01815,74.99999999999999
2941,74.18025,72.0
2942,71.90309,72.0
2943,72.56087,70.99999999999999
2944,70.72888,69.00000000000001
2945,69.32168,69.00000000000001
2946,69.12215,69.00000000000001
2947,69.44335,69.00000000000001
2948,69.38319,69.00000000000001
2949,69.53897,69.00000000000001
2950,69.53675,70.0
2951,71.07162,70.0
2952,71.1634,70.99999999999999
2953,71.542755,70.99999999999999
2954,71.422325,72.0
2955,72.02266,72.0
2956,71.15139,72.0
2957,71.94286,72.0
2958,71.06051,74.0
2959,73.58378,74.99999999999999
2960,75.047455,76.0
2961,75.85941,76.0
2962,76.87976,77.00000000000001
2963,78.35308,78.0
2964,79.550804,80.0
2965,81.812744,82.0
2966,83.47917,82.0
2967,82.60692,81.00000000000001
2968,81.34625,81.00000000000001
2969,82.16169,82.0
2970,82.972115,82.0
2971,83.15886,82.0
2972,82.67532,82.0
2973,82.80436,82.0
2974,82.644,82.0
2975,82.64164,82.0
2976,82.950745,82.0
2977,82.455025,82.0
2978,81.95533,82.0
2979,81.70231,82.0
2980,80.16634,82.0
2981,78.131996,81.00000000000001
2982,75.25017,78.99999999999999
2983,76.4736,77.00000000000001
2984,75.85341,74.99999999999999
2985,73.12544,72.0
2986,70.74005,69.00000000000001
2987,67.221405,66.0
2988,64.41427,63.0
2989,61.296528,60.0
2990,58.501293,57.0
2991,56.234997,56.0
2992,55.484413,56.0
2993,55.706367,56.0
2994,56.09857,55.0
2995,54.738308,54.0
2996,53.86537,54.0
2997,53.68942,53.0
2998,52.801785,53.0
2999,52.98759,53.0
3000,52.85689,53.0
3001,52.632183,52.0
3002,52.29414,52.0
3003,52.131504,52.0
3004,52.259117,49.0
3005,49.942013,50.0
3006,50.344234,46.0
3007,46.539814,44.0
3008,44.50476,45.0
3009,45.369102,46.0
3010,46.221165,46.0
3011,46.38984,46.0
3012,46.25338,47.0
3013,47.125736,49.0
3014,49.2607,50.0
3015,50.380745,51.0
3016,51.598824,52.0
3017,52.380898,52.0
3018,52.60081,53.0
3019,53.321022,54.0
3020,54.24149,55.0
3021,55.437744,56.0
3022,56.10938,56.0
3023,55.853134,57.0
3024,57.36226,57.0
3025,56.80495,56.0
3026,56.1182,55.0
3027,54.601254,55.0
3028,55.01094,55.0
3029,55.10745,55.0
3030,55.513557,56.0
3031,56.359997,56.0
3032,55.850746,56.0
3033,56.22007,57.0
3034,56.930687,57.0
3035,56.93674,57.0
3036,56.66801,57.0
3037,56.2272,56.0
3038,55.45759,56.0
3039,55.19174,56.0
3040,55.475918,55.0
3041,54.31137,55.0
3042,54.330215,54.0
3043,53.379475,53.0
3044,52.422947,53.0
3045,52.681496,52.0
3046,51.99997,52.0
3047,51.950832,50.0
3048,50.212654,51.0
3049,50.93726,48.0
3050,48.371716,49.0
3051,49.52322,50.0
3052,51.162025,50.0
3053,51.02855,50.0
3054,50.962006,50.0
3055,50.712322,50.0
3056,50.55316,51.0
3057,51.33701,51.0
3058,51.300323,51.0
3059,51.329212,52.0
3060,52.45694,53.0
3061,53.430138,53.0
3062,53.312836,54.0
3063,54.184784,54.0
3064,54.33176,55.0
3065,55.0264,55.0
3066,54.86482,55.0
3067,54.90799,55.0
3068,54.746784,55.0
3069,55.004677,55.0
3070,54.994205,55.0
3071,55.074482,56.0
3072,56.226006,56.0
3073,56.454144,57.0
3074,57.25537,58.0
3075,57.988228,57.0
3076,57.56412,57.0
3077,57.754593,58.0
3078,58.90703,58.0
3079,58.83608,59.0
3080,59.972088,59.0
3081,59.599304,59.0
3082,59.13949,59.0
3083,58.88103,59.0
3084,59.04194,59.0
3085,59.353497,60.0
3086,60.350582,59.0
3087,58.94405,58.0
3088,57.80716,58.0
3089,57.924164,59.0
3090,58.667736,59.0
3091,58.777985,59.0
3092,58.505123,59.0
3093,58.778587,59.0
3094,58.708145,59.0
3095,58.967987,60.0
3096,60.372253,60.0
3097,60.23471,60.0
3098,60.06782,61.0
3099,62.03095,61.0
3100,62.093506,63.0
3101,63.335056,62.0
3102,62.157585,63.0
3103,63.053574,63.0
3104,63.151043,63.0
3105,62.989807,63.0
3106,63.373226,63.0
3107,63.368065,64.0
3108,63.838028,63.0
3109,62.59648,63.0
3110,63.097557,63.0
3111,63.379974,64.0
3112,63.96224,64.0
3113,63.717823,63.0
3114,62.765423,63.0
3115,63.048996,63.0
3116,62.95958,64.0
3117,64.05894,64.0
3118,64.01149,64.0
3119,64.19275,66.0
3120,66.78718,66.0
3121,66.10115,66.99999999999999
3122,66.64686,66.99999999999999
3123,67.82471,66.99999999999999
3124,66.45032,66.0
3125,66.07572,66.99999999999999
3126,67.28495,68.0
3127,67.878555,68.0
3128,68.18945,69.00000000000001
3129,69.33035,69.00000000000001
3130,69.54528,69.00000000000001
3131,68.980484,70.0
3132,70.0859,70.0
3133,70.209236,70.0
3134,70.2091,70.99999999999999
3135,71.110886,72.0
3136,72.16376,72.0
3137,72.083664,72.0
3138,71.744194,73.00000000000001
3139,72.98482,73.00000000000001
3140,73.03884,73.00000000000001
3141,73.312744,73.00000000000001
3142,72.99755,72.0
3143,71.13338,69.00000000000001
3144,69.16361,69.00000000000001
3145,69.31492,66.99999999999999
3146,67.45605,66.0
3147,66.562225,66.0
3148,66.17281,66.0
3149,65.08691,65.0
3150,63.400955,64.0
3151,63.124725,63.0
3152,62.47578,62.0
3153,61.873642,62.0
3154,62.010864,61.0
3155,61.119293,60.0
3156,60.028885,60.0
3157,60.196907,59.0
3158,58.952995,59.0
3159,59.173817,58.0
3160,58.20621,58.0
3161,58.25219,58.0
3162,58.181892,58.0
3163,58.5456,58.0
3164,58.231277,58.0
3165,58.369717,58.0
3166,58.33534,58.0
3167,58.293415,58.0
3168,58.076733,58.0
3169,58.228027,59.0
3170,59.55547,59.0
3171,59.85432,60.0
3172,59.618168,60.0
3173,60.97058,61.0
3174,62.52796,62.0
3175,63.596096,64.0
3176,65.22889,65.0
3177,66.379944,66.0
3178,67.57189,66.99999999999999
3179,67.990204,66.99999999999999
3180,67.68116,66.99999999999999
3181,67.08462,68.0
3182,67.9231,66.0
3183,66.01261,66.0
3184,65.87021,66.0
3185,65.81064,65.0
3186,64.6592,65.0
3187,65.10165,65.0
3188,64.957344,64.0
3189,63.961258,64.0
3190,64.27832,64.0
3191,64.59105,65.0
3192,65.47518,65.0
3193,65.00343,65.0
3194,65.051315,65.0
3195,65.06565,65.0
3196,64.68501,65.0
3197,65.02936,66.0
3198,65.436424,66.99999999999999
3199,66.06632,68.0
3200,68.89833,69.00000000000001
3201,70.33055,69.00000000000001
3202,70.340706,70.0
3203,71.430244,70.0
3204,71.27927,70.99999999999999
3205,71.8504,72.0
3206,73.404854,74.0
3207,74.9297,74.99999999999999
3208,75.67224,76.0
3209,76.76339,76.0
3210,76.21514,76.0
3211,76.369644,76.0
3212,76.479355,77.00000000000001
3213,77.51363,77.00000000000001
3214,77.51584,77.00000000000001
3215,77.55363,77.00000000000001
3216,77.687416,77.00000000000001
3217,77.338356,77.00000000000001
3218,76.83323,77.00000000000001
3219,77.14343,77.00000000000001
3220,76.3023,78.0
3221,76.10498,77.00000000000001
3222,75.46393,76.0
3223,73.50749,74.99999999999999
3224,73.54943,74.0
3225,74.06714,74.0
3226,74.10696,74.99999999999999
3227,75.57008,74.99999999999999
3228,76.077835,76.0
3229,76.7574,76.0
3230,76.50459,78.0
3231,78.95747,78.0
3232,78.53315,78.99999999999999
3233,79.64599,80.0
3234,81.39309,81.00000000000001
3235,81.69033,82.0
3236,82.82783,82.0
3237,82.8566,82.0
3238,83.05284,82.99999999999999
3239,84.161896,82.99999999999999
3240,84.15519,82.99999999999999
3241,83.64866,84.0
3242,84.50781,84.0
3243,84.40404,85.00000000000001
3244,82.88513,84.0
3245,81.408806,84.0
3246,80.776115,85.00000000000001
3247,82.534065,85.00000000000001
3248,83.66585,85.00000000000001
3249,84.978134,86.0
3250,86.15287,86.0
3251,86.57947,85.00000000000001
3252,84.57353,85.00000000000001
3253,84.79209,85.00000000000001
3254,84.22531,82.99999999999999
3255,82.77574,84.0
3256,84.60811,85.00000000000001
3257,85.22491,84.0
3258,84.08464,84.0
3259,84.448204,84.0
3260,85.2597,85.00000000000001
3261,86.08479,84.0
3262,85.05861,84.0
3263,84.829834,85.00000000000001
3264,85.89452,86.0
3265,86.10288,85.00000000000001
3266,84.762314,84.0
3267,83.073906,82.99999999999999
3268,81.178185,82.0
3269,79.47887,82.0
3270,79.828735,82.0
3271,80.26717,81.00000000000001
3272,79.45998,80.0
3273,78.4356,78.0
3274,76.86531,76.0
3275,75.29165,74.99999999999999
3276,74.426025,74.0
3277,73.39966,74.0
3278,73.51487,72.0
3279,71.08849,70.99999999999999
3280,70.23727,70.0
3281,69.92303,70.0
3282,70.445404,70.99999999999999
3283,71.3022,70.99999999999999
3284,70.90491,70.0
3285,70.25763,70.0
3286,70.44049,70.0
3287,70.3047,70.0
3288,70.490746,70.0
3289,70.71535,70.0
3290,70.86555,70.99999999999999
3291,71.38381,72.0
3292,71.8692,72.0
3293,71.29032,70.0
3294,69.003494,69.00000000000001
3295,68.14209,68.0
3296,67.66179,66.99999999999999
3297,66.59973,66.0
3298,65.827385,66.0
3299,65.720375,65.0
3300,64.857544,65.0
3301,64.2609,63.0
3302,62.88621,63.0
3303,62.477238,63.0
3304,62.244762,62.0
3305,61.503662,62.0
3306,61.674576,62.0
3307,61.94056,62.0
3308,62.06123,62.0
3309,61.968636,62.0
3310,61.74152,62.0
3311,61.7656,61.0
3312,60.626663,61.0
3313,60.345497,62.0
3314,61.844185,62.0
3315,62.005306,62.0
3316,62.190166,61.0
3317,60.865665,61.0
3318,61.284126,61.0
3319,61.987793,60.0
3320,61.270927,61.0
3321,62.48399,61.0
3322,61.337368,62.0
3323,62.46335,62.0
3324,62.638386,62.0
3325,62.06322,62.0
3326,61.886383,62.0
3327,61.790356,61.0
3328,60.636204,60.0
3329,59.526447,60.0
3330,59.678146,60.0
3331,59.78625,60.0
3332,59.517895,60.0
3333,59.256752,60.0
3334,59.530396,61.0
3335,60.738197,61.0
3336,60.685402,61.0
3337,60.358727,61.0
3338,60.559628,62.0
3339,61.78293,61.0
3340,61.109478,61.0
3341,61.48981,64.0
3342,66.224915,65.0
3343,66.21615,66.0
3344,66.41202,66.0
3345,66.18293,66.99999999999999
3346,67.43609,66.99999999999999
3347,67.608345,66.99999999999999
3348,67.48249,66.0
3349,65.892685,66.0
3350,66.02497,66.0
3351,66.00649,66.0
3352,66.53963,66.0
3353,65.931496,66.0
3354,66.00736,65.0
3355,65.37294,65.0
3356,65.28394,66.0
3357,66.18769,66.0
3358,66.392456,66.99999999999999
3359,67.61279,66.99999999999999
3360,67.58352,68.0
3361,68.80021,66.99999999999999
3362,67.417435,66.99999999999999
3363,67.2121,66.0
3364,65.94534,65.0
3365,65.39635,68.0
3366,68.24209,68.0
3367,68.78692,68.0
3368,68.41416,69.00000000000001
3369,69.447075,70.0
3370,70.898735,70.0
3371,70.76206,70.0
3372,70.74684,70.99999999999999
3373,71.78228,70.99999999999999
3374,71.358826,70.0
3375,69.92821,70.99999999999999
3376,71.044365,70.0
3377,70.03175,70.99999999999999
3378,70.91994,70.0
3379,70.059975,70.0
3380,70.774086,70.0
3381,70.85536,70.99999999999999
3382,70.962494,70.99999999999999
3383,71.477425,70.99999999999999
3384,71.06773,70.99999999999999
3385,72.20719,70.99999999999999
3386,70.75846,72.0
3387,70.368484,73.00000000000001
3388,71.23634,73.00000000000001
3389,72.5082,62.0
3390,61.79192,62.0
3391,61.5345,61.0
3392,60.04512,61.0
3393,60.421238,61.0
3394,60.77076,61.0
3395,60.428062,61.0
3396,61.05195,61.0
3397,61.246048,61.0
3398,61.121704,60.0
3399,60.115807,61.0
3400,61.160328,61.0
3401,60.902664,61.0
3402,61.192677,61.0
3403,61.154896,61.0
3404,60.659008,61.0
3405,60.810543,61.0
3406,60.72025,61.0
3407,61.468727,61.0
3408,61.50604,62.0
3409,62.247482,62.0
3410,61.639774,62.0
3411,61.34361,62.0
3412,62.293114,63.0
3413,63.62515,37.0
3414,42.25287,38.0
3415,39.8925,41.0
3416,42.038475,44.0
3417,44.889767,45.0
3418,45.840702,46.0
3419,46.636936,47.0
3420,47.46376,49.0
3421,49.30318,51.0
3422,51.337032,51.0
3423,51.281986,51.0
3424,51.24161,52.0
3425,52.019573,51.0
3426,51.179546,50.0
3427,50.402622,51.0
3428,50.78851,50.0
3429,50.12763,50.0
3430,49.563034,51.0
3431,50.685413,51.0
3432,50.873585,51.0
3433,51.053436,53.0
3434,53.39078,54.0
3435,54.43173,53.0
3436,53.958168,52.0
3437,52.95407,66.0
3438,66.34149,66.0
3439,67.073364,66.0
3440,65.97706,65.0
3441,64.62707,63.0
3442,62.781452,62.0
3443,62.006855,62.0
3444,62.04457,62.0
3445,61.745132,65.0
3446,65.670654,66.0
3447,66.05303,66.0
3448,66.141075,66.0
3449,66.176926,65.0
3450,65.25042,65.0
3451,65.44764,65.0
3452,65.38035,65.0
3453,65.62691,65.0
3454,65.47843,65.0
3455,65.56204,65.0
3456,65.3114,65.0
3457,64.826904,66.0
3458,65.77694,66.0
3459,66.07987,66.0
3460,66.640076,65.0
3461,64.70658,56.0
3462,55.643982,57.0
3463,56.75084,57.0
3464,57.661015,56.0
3465,56.503765,56.0
3466,56.336246,55.0
3467,55.278435,55.0
3468,55.18772,54.0
3469,53.384888,53.0
3470,52.76289,51.0
3471,51.28683,50.0
3472,50.323887,50.0
3473,50.926506,51.0
3474,51.399086,51.0
3475,51.28922,52.0
3476,52.213543,53.0
3477,53.51959,53.0
3478,53.540348,54.0
3479,54.776867,54.0
3480,54.488377,54.0
3481,54.16306,55.0
3482,54.875603,55.0
3483,55.147854,57.0
3484,57.712967,57.0
3485,58.73739,82.99999999999999
3486,84.841576,82.99999999999999
3487,83.7965,82.99999999999999
3488,84.3008,82.99999999999999
3489,84.07503,82.99999999999999
3490,83.91396,82.99999999999999
3491,84.01599,82.99999999999999
3492,83.95416,84.0
3493,85.38563,84.0
3494,85.23818,84.0
3495,84.77818,86.0
3496,86.48405,85.00000000000001
3497,84.77941,84.0
3498,84.327156,82.99999999999999
3499,82.89976,82.0
3500,81.634254,81.00000000000001
3501,80.418434,81.00000000000001
3502,80.98733,82.0
3503,82.23977,81.00000000000001
3504,81.447975,81.00000000000001
3505,80.25575,81.00000000000001
3506,78.77171,80.0
3507,76.868744,80.0
3508,77.933556,80.0
3509,76.5326,69.00000000000001
3510,67.252785,70.0
3511,69.98611,70.99999999999999
3512,70.65913,70.99999999999999
3513,70.96821,72.0
3514,72.16643,72.0
3515,71.97181,73.00000000000001
3516,73.534325,74.99999999999999
3517,75.58384,76.0
3518,77.434654,76.0
3519,76.69086,76.0
3520,77.22996,76.0
3521,77.04104,77.00000000000001
3522,77.88476,78.0
3523,79.09992,78.99999999999999
3524,79.86721,78.0
3525,77.99986,78.0
3526,78.243355,78.0
3527,77.643456,78.0
3528,77.8217,78.0
3529,77.80017,77.00000000000001
3530,76.00936,76.0
3531,74.81408,74.99999999999999
3532,74.62672,74.0
3533,73.16655,93.00000000000001
3534,93.278786,93.00000000000001
3535,92.82055,94.0
3536,93.7893,94.0
3537,94.08123,94.0
3538,92.86284,94.0
3539,93.11639,94.99999999999999
3540,95.92152,96.0
3541,97.11222,97.00000000000001
3542,98.078926,96.0
3543,95.91217,96.0
3544,96.19682,98.99999999999999
3545,101.916115,102.99999999999999
3546,105.9304,118.0
3547,120.74567,124.0
3548,127.30984,125.00000000000001
3549,125.47701,139.0
3550,143.05367,143.0
3551,143.64014,139.0
3552,138.32654,135.0
3553,135.06424,122.0
3554,121.10678,122.99999999999999
3555,126.81002,114.0
3556,114.50106,106.99999999999999
3557,104.092354,58.0
3558,60.586063,58.0
3559,61.301456,58.0
3560,59.813652,59.0
3561,59.48333,59.0
3562,58.9932,59.0
3563,58.351723,59.0
3564,58.326744,58.0
3565,57.100986,58.0
3566,57.537758,58.0
3567,58.101746,58.0
3568,56.79358,58.0
3569,56.97025,59.0
3570,57.760098,59.0
3571,57.44599,59.0
3572,58.3128,58.0
3573,57.45247,58.0
3574,57.805164,58.0
3575,58.28457,58.0
3576,57.77824,58.0
3577,58.033363,57.0
3578,56.865604,57.0
3579,56.989822,57.0
3580,57.51101,59.0
3581,59.938427,66.99999999999999
3582,67.01252,66.0
3583,65.611244,66.99999999999999
3584,66.72345,66.99999999999999
3585,66.78714,66.99999999999999
3586,66.61555,66.99999999999999
3587,66.477844,66.0
3588,65.39624,65.0
3589,64.18283,65.0
3590,64.39787,64.0
3591,64.14336,63.0
3592,62.8436,62.0
3593,61.482727,61.0
3594,61.219368,60.0
3595,59.956974,60.0
3596,60.24465,60.0
3597,60.198414,60.0
3598,59.97279,60.0
3599,59.91611,60.0
3600,59.92484,60.0
3601,60.07406,60.0
3602,59.58814,60.0
3603,59.442684,60.0
3604,59.48828,59.0
3605,59.35337,68.0
3606,68.386894,64.0
3607,63.860134,62.0
3608,61.69967,62.0
3609,62.454895,62.0
3610,63.390293,62.0
3611,62.338108,61.0
3612,61.113533,60.0
3613,60.28759,61.0
3614,61.282795,61.0
3615,60.544872,61.0
3616,60.547997,61.0
3617,60.4885,62.0
3618,62.20485,63.0
3619,62.868073,62.0
3620,62.21279,62.0
3621,62.138966,63.0
3622,63.626125,63.0
3623,63.47059,64.0
3624,64.39581,66.0
3625,66.67408,68.0
3626,68.52463,69.00000000000001
3627,69.74497,70.0
3628,71.20607,72.0
3629,73.84636,74.99999999999999
3630,76.821205,76.0
3631,76.786835,77.00000000000001
3632,77.36504,76.0
3633,75.9354,74.0
3634,73.34183,72.0
3635,71.34321,70.99999999999999
3636,70.940125,70.99999999999999
3637,70.72843,70.0
3638,69.80649,70.0
3639,69.9168,70.99999999999999
3640,70.93765,72.0
3641,71.43332,70.99999999999999
3642,70.36327,70.0
3643,69.60796,69.00000000000001
3644,68.28896,69.00000000000001
3645,68.44973,68.0
3646,66.964584,66.99999999999999
3647,65.95578,65.0
3648,64.00862,64.0
3649,62.963947,63.0
3650,61.768482,62.0
3651,61.75362,60.0
3652,59.75459,57.0
3653,56.584362,54.0
3654,54.003506,53.0
3655,52.61189,51.0
3656,51.047863,47.0
3657,47.786232,47.0
3658,47.366493,50.0
3659,50.380966,52.0
3660,52.736603,53.0
3661,53.735966,55.0
3662,56.16142,56.0
3663,56.261612,56.0
3664,56.634907,56.0
3665,56.734467,58.0
3666,58.74502,59.0
3667,59.827126,60.0
3668,60.3419,60.0
3669,60.248707,60.0
3670,60.200607,60.0
3671,60.367474,61.0
3672,61.331104,61.0
3673,60.914562,61.0
3674,60.99746,61.0
3675,61.301964,62.0
3676,62.232616,62.0
3677,62.539364,63.0
3678,64.20149,64.0
3679,64.58845,65.0
3680,65.59598,66.99999999999999
3681,67.53054,69.00000000000001
3682,69.37409,69.00000000000001
3683,69.41901,70.0
3684,69.885956,69.00000000000001
3685,68.54971,68.0
3686,67.426094,66.0
3687,65.05661,65.0
3688,64.37149,64.0
3689,63.402214,63.0
3690,62.410217,62.0
3691,61.97489,62.0
3692,62.21651,63.0
3693,63.412243,63.0
3694,63.35803,64.0
3695,64.160255,63.0
3696,63.26668,64.0
3697,63.905663,64.0
3698,63.671978,64.0
3699,63.414448,64.0
3700,63.709316,64.0
3701,63.720547,64.0
3702,63.35758,64.0
3703,63.53059,64.0
3704,63.147102,63.0
3705,62.53524,62.0
3706,61.983974,62.0
3707,61.952736,62.0
3708,62.120472,62.0
3709,61.674,61.0
3710,60.745308,61.0
3711,60.550842,61.0
3712,60.95643,60.0
3713,60.023636,61.0
3714,60.912907,62.0
3715,61.77159,62.0
3716,61.521397,61.0
3717,60.52752,60.0
3718,59.392136,60.0
3719,59.68692,60.0
3720,59.371696,59.0
3721,58.950443,59.0
3722,58.60549,58.0
3723,57.74156,58.0
3724,57.83502,58.0
3725,57.93877,58.0
3726,58.225815,58.0
3727,58.399082,58.0
3728,58.291252,58.0
3729,58.343395,58.0
3730,58.37272,58.0
3731,57.955135,57.0
3732,57.16247,56.0
3733,56.526752,57.0
3734,57.32487,59.0
3735,59.008545,60.0
3736,59.990734,60.0
3737,60.725025,61.0
3738,60.765934,60.0
3739,59.61651,59.0
3740,58.838474,60.0
3741,59.760357,59.0
3742,58.69539,59.0
3743,58.676308,59.0
3744,58.836304,59.0
3745,59.121933,60.0
3746,60.06171,60.0
3747,60.00318,60.0
3748,60.410713,60.0
3749,60.075836,59.0
3750,59.11079,58.0
3751,58.14075,58.0
3752,57.99684,58.0
3753,57.856964,59.0
3754,59.197723,58.0
3755,57.990868,57.0
3756,57.85543,57.0
3757,57.14068,58.0
3758,57.948013,58.0
3759,57.90097,57.0
3760,56.566402,57.0
3761,56.80039,57.0
3762,56.818943,56.0
3763,55.717815,56.0
3764,55.668255,56.0
3765,56.188747,56.0
3766,56.05951,56.0
3767,55.97314,56.0
3768,55.885292,56.0
3769,55.79787,56.0
3770,56.263912,56.0
3771,56.066204,56.0
3772,56.38367,57.0
3773,57.11619,57.0
3774,57.127327,56.0
3775,56.300743,56.0
3776,55.90839,55.0
3777,54.220295,53.0
3778,53.003185,53.0
3779,53.701298,53.0
3780,53.57548,53.0
3781,52.556908,51.0
3782,50.557693,45.0
3783,44.79462,41.0
3784,41.54886,40.0
3785,40.00583,40.0
3786,40.08364,42.0
3787,41.757496,43.0
3788,42.77235,41.0
3789,40.85167,40.0
3790,39.68648,40.0
3791,39.169037,38.0
3792,37.27516,36.0
3793,35.082043,33.0
3794,32.367023,38.0
3795,38.565662,42.0
3796,43.30628,45.0
3797,49.351555,44.0
3798,48.072636,46.0
3799,48.822334,46.0
3800,47.826736,49.0
3801,50.21383,52.0
3802,52.685074,53.0
3803,53.333225,54.0
3804,54.467487,55.0
3805,55.154785,55.0
3806,55.511757,56.0
3807,56.13483,57.0
3808,56.61582,56.0
3809,55.87522,56.0
3810,55.8503,56.0
3811,55.723854,56.0
3812,55.812428,56.0
3813,55.983013,57.0
3814,57.084797,58.0
3815,58.06475,59.0
3816,59.094284,59.0
3817,59.053352,59.0
3818,58.59701,59.0
3819,58.417442,58.0
3820,57.597828,58.0
3821,57.916172,58.0
3822,57.943893,58.0
3823,58.338203,58.0
3824,57.6651,57.0
3825,56.98493,57.0
3826,57.239265,57.0
3827,57.48126,57.0
3828,57.340096,57.0
3829,57.27055,58.0
3830,58.312233,58.0
3831,58.292934,59.0
3832,58.92094,59.0
3833,59.118816,60.0
3834,60.32786,61.0
3835,61.307747,62.0
3836,62.17192,63.0
3837,63.099125,63.0
3838,63.49811,64.0
3839,64.57658,65.0
3840,65.72554,66.0
3841,66.34595,68.0
3842,67.73158,68.0
3843,70.15941,69.00000000000001
3844,69.04647,70.0
3845,71.80203,70.99999999999999
3846,72.58069,72.0
3847,73.61556,73.00000000000001
3848,73.632484,74.0
3849,74.783714,74.99999999999999
3850,75.456856,74.99999999999999
3851,75.354805,76.0
3852,75.94838,76.0
3853,75.60971,76.0
3854,75.824234,77.00000000000001
3855,76.615715,76.0
3856,75.62783,76.0
3857,75.73753,76.0
3858,75.67346,76.0
3859,75.90653,74.99999999999999
3860,75.04145,74.99999999999999
3861,74.616585,74.99999999999999
3862,74.268936,74.99999999999999
3863,74.21571,74.99999999999999
3864,74.19754,74.0
3865,73.31643,74.0
3866,73.825386,73.00000000000001
3867,72.842224,73.00000000000001
3868,72.53013,72.0
3869,70.63042,72.0
3870,71.086784,72.0
3871,71.89556,73.00000000000001
3872,73.01216,73.00000000000001
3873,73.02473,73.00000000000001
3874,73.311554,73.00000000000001
3875,73.28325,74.0
3876,74.391365,74.0
3877,75.35682,74.99999999999999
3878,77.28485,77.00000000000001
3879,79.84101,78.99999999999999
3880,79.426155,80.0
3881,80.00764,78.99999999999999
3882,78.94414,78.99999999999999
3883,79.367874,80.0
3884,80.47285,80.0
3885,80.22714,78.99999999999999
3886,79.11855,82.99999999999999
3887,85.28645,82.99999999999999
3888,83.67617,82.99999999999999
3889,83.40713,98.0
3890,103.98996,100.0
3891,100.30726,100.0
3892,101.498344,110.0
3893,110.18123,117.00000000000001
3894,112.588806,118.99999999999999
3895,114.1145,116.0
3896,112.24536,112.0
3897,110.15543,112.0
3898,111.84603,110.99999999999999
3899,111.045525,110.99999999999999
3900,111.70994,114.99999999999999
3901,113.75007,110.99999999999999
3902,105.67446,100.0
3903,96.41562,101.00000000000001
3904,98.8902,108.0
3905,107.50944,110.99999999999999
3906,111.11384,118.0
3907,118.3923,126.0
3908,124.81041,135.0
3909,139.88681,144.0
3910,138.67825,114.0
3911,105.02204,116.0
3912,113.313644,114.99999999999999
3913,94.99892,86.99999999999999
3914,80.8578,89.00000000000001
3915,88.83348,89.00000000000001
3916,85.57285,89.00000000000001
3917,88.98585,89.00000000000001
3918,91.815994,88.0
3919,88.392235,88.0
3920,88.95882,89.00000000000001
3921,90.02048,90.0
3922,90.90735,90.0
3923,90.40813,90.0
3924,90.10067,89.00000000000001
3925,90.375206,90.99999999999999
3926,91.49953,90.0
3927,88.5306,86.99999999999999
3928,85.68503,85.00000000000001
3929,84.62879,84.0
3930,83.1414,82.99999999999999
3931,82.04884,81.00000000000001
3932,80.28845,80.0
3933,80.08803,78.99999999999999
3934,79.09184,78.0
3935,77.93307,77.00000000000001
3936,76.75955,76.0
3937,75.32093,76.0
3938,73.65204,73.00000000000001
3939,72.073265,74.0
3940,73.358154,74.0
3941,72.89809,74.99999999999999
3942,75.63945,76.0
3943,75.85117,74.99999999999999
3944,74.68789,74.99999999999999
3945,75.29893,74.0
3946,74.50465,73.00000000000001
3947,73.769066,73.00000000000001
3948,73.00092,72.0
3949,71.36096,70.99999999999999
3950,71.028496,70.99999999999999
3951,71.428314,72.0
3952,72.27749,73.00000000000001
3953,73.41396,74.99999999999999
3954,76.00741,76.0
3955,76.79349,77.00000000000001
3956,77.59671,77.00000000000001
3957,77.411385,78.0
3958,78.779366,78.0
3959,78.75631,78.99999999999999
3960,80.03493,80.0
3961,80.48203,80.0
3962,78.77435,78.99999999999999
3963,76.514435,78.0
3964,76.30291,78.0
3965,76.21976,76.0
3966,74.00743,74.99999999999999
3967,74.97871,74.99999999999999
3968,74.98521,74.99999999999999
3969,74.93409,74.99999999999999
3970,75.04772,74.99999999999999
3971,75.320076,76.0
3972,76.22939,76.0
3973,75.45184,74.99999999999999
3974,74.73587,74.99999999999999
3975,74.720116,76.0
3976,75.59807,76.0
3977,75.26396,74.99999999999999
3978,74.172104,74.0
3979,73.46625,73.00000000000001
3980,72.88963,73.00000000000001
3981,72.90225,72.0
3982,71.91067,72.0
3983,71.57144,70.99999999999999
3984,70.2397,70.99999999999999
3985,70.57513,70.99999999999999
3986,69.99504,70.0
3987,68.86418,69.00000000000001
3988,68.00961,69.00000000000001
3989,68.007866,68.0
3990,67.035446,66.99999999999999
3991,65.830574,65.0
3992,64.24792,65.0
3993,64.42274,65.0
3994,64.35181,64.0
3995,63.674988,64.0
3996,63.89009,64.0
3997,63.672375,64.0
3998,63.419205,64.0
3999,63.60097,63.0
4000,62.144943,62.0
4001,61.746647,62.0
4002,62.130093,63.0
4003,62.992455,63.0
4004,63.019794,62.0
4005,61.71076,61.0
4006,60.574825,62.0
4007,61.865704,62.0
4008,61.89612,62.0
4009,61.530647,63.0
4010,62.534157,64.0
4011,63.941017,65.0
4012,65.022514,65.0
4013,65.375626,66.0
4014,66.490524,66.0
4015,65.09388,66.0
4016,64.8948,64.0
4017,63.227383,63.0
4018,62.27656,61.0
4019,60.32823,60.0
4020,59.725716,60.0
4021,60.176254,59.0
4022,58.324997,58.0
4023,57.834106,59.0
4024,58.706997,59.0
4025,58.641155,59.0
4026,58.618248,58.0
4027,57.931805,58.0
4028,58.45885,59.0
4029,59.114464,59.0
4030,58.779808,59.0
4031,58.834988,59.0
4032,58.94646,59.0
4033,58.80786,58.0
4034,57.961967,57.0
4035,57.263145,58.0
4036,59.381874,58.0
4037,58.41853,56.0
4038,57.559746,57.0
4039,57.795708,57.0
4040,57.31118,58.0
4041,58.14821,58.0
4042,57.940125,58.0
4043,57.82983,58.0
4044,57.870987,57.0
4045,56.876293,57.0
4046,56.40961,57.0
4047,56.15635,56.0
4048,55.58951,55.0
4049,54.83613,55.0
4050,54.957912,56.0
4051,55.74984,56.0
4052,56.16355,56.0
4053,56.005386,56.0
4054,56.130283,56.0
4055,56.189453,57.0
4056,57.239742,56.0
4057,56.227055,57.0
4058,57.129955,56.0
4059,56.11907,56.0
4060,56.316525,56.0
4061,56.785862,62.0
4062,62.52021,62.0
4063,62.443066,62.0
4064,62.439438,62.0
4065,63.285603,61.0
4066,61.717896,61.0
4067,61.13174,62.0
4068,63.038662,63.0
4069,64.289536,64.0
4070,64.71821,64.0
4071,64.24569,64.0
4072,63.931854,65.0
4073,64.8744,65.0
4074,64.79687,65.0
4075,64.4662,65.0
4076,64.62081,66.0
4077,65.78036,66.0
4078,65.79354,66.0
4079,65.57253,66.0
4080,65.80846,65.0
4081,64.6174,65.0
4082,64.59398,65.0
4083,64.75172,66.0
4084,65.66074,66.0
4085,65.66517,64.0
4086,63.449837,63.0
4087,62.273136,61.0
4088,60.429157,59.0
4089,58.50709,58.0
4090,57.358402,58.0
4091,57.72978,58.0
4092,57.761196,58.0
4093,57.402866,57.0
4094,56.394352,56.0
4095,55.393513,55.0
4096,54.427338,55.0
4097,54.543846,55.0
4098,54.672928,55.0
4099,54.96824,55.0
4100,55.4641,55.0
4101,55.412216,55.0
4102,55.279385,55.0
4103,55.123676,54.0
4104,54.327236,54.0
4105,54.071537,54.0
4106,54.43444,53.0
4107,54.347683,53.0
4108,54.411575,54.0
4109,55.539604,74.0
4110,75.20302,74.99999999999999
4111,76.684654,74.99999999999999
4112,75.65359,74.99999999999999
4113,75.51968,74.99999999999999
4114,75.54811,74.99999999999999
4115,75.73914,74.0
4116,74.558334,73.00000000000001
4117,73.81174,73.00000000000001
4118,73.16811,72.0
4119,71.93303,72.0
4120,71.84243,72.0
4121,71.97654,72.0
4122,71.61743,70.99999999999999
4123,70.665794,70.99999999999999
4124,71.49937,70.99999999999999
4125,71.34179,70.0
4126,70.23972,69.00000000000001
4127,69.48221,70.0
4128,70.20448,70.0
4129,70.32865,69.00000000000001
4130,69.05173,68.0
4131,67.59052,66.99999999999999
4132,66.54372,66.0
4133,65.76964,63.0
4134,62.282448,63.0
4135,62.801777,64.0
4136,63.7523,65.0
4137,65.31206,66.0
4138,65.48336,66.0
4139,65.579575,65.0
4140,64.619675,65.0
4141,65.24408,65.0
4142,65.38632,64.0
4143,63.973427,64.0
4144,63.698456,64.0
4145,64.14001,64.0
4146,64.06017,64.0
4147,64.10878,63.0
4148,62.64992,63.0
4149,62.90607,63.0
4150,63.003506,62.0
4151,62.02746,62.0
4152,62.257187,62.0
4153,62.295013,62.0
4154,61.91684,62.0
4155,62.15473,62.0
4156,62.300076,62.0
4157,61.81153,52.0
4158,52.176937,52.0
4159,52.26484,52.0
4160,51.8639,51.0
4161,51.21449,50.0
4162,50.23397,49.0
4163,49.436325,48.0
4164,48.55236,46.0
4165,46.434055,45.0
4166,45.73316,46.0
4167,46.655792,45.0
4168,45.670788,46.0
4169,46.37703,45.0
4170,45.141464,44.0
4171,44.197784,44.0
4172,43.897404,45.0
4173,44.9138,45.0
4174,44.902664,45.0
4175,44.83893,45.0
4176,44.73978,46.0
4177,46.11044,41.0
4178,41.44598,39.0
4179,40.04284,40.0
4180,43.667713,43.0
4181,46.38818,65.0
4182,65.81157,65.0
4183,67.092064,65.0
4184,66.15371,66.99999999999999
4185,67.20403,68.0
4186,68.166534,70.0
4187,70.57229,70.99999999999999
4188,71.8083,73.00000000000001
4189,73.294464,74.0
4190,74.74353,74.0
4191,74.0031,74.0
4192,74.25794,74.99999999999999
4193,75.45536,74.99999999999999
4194,75.7871,74.99999999999999
4195,75.29689,74.99999999999999
4196,75.59397,74.99999999999999
4197,75.82686,76.0
4198,76.69129,76.0
4199,76.477425,77.00000000000001
4200,78.06552,82.0
4201,83.25182,84.0
4202,82.559326,88.0
4203,86.45769,86.99999999999999
4204,80.75385,88.0
4205,87.63985,57.0
4206,59.582752,57.0
4207,57.484455,58.0
4208,58.541847,59.0
4209,59.62766,60.0
4210,60.34465,61.0
4211,61.61981,61.0
4212,61.175385,60.0
4213,58.080833,60.0
4214,59.66532,60.0
4215,59.858437,60.0
4216,59.466465,60.0
4217,59.680347,59.0
4218,59.033955,59.0
4219,59.060753,59.0
4220,58.617867,59.0
4221,59.18613,58.0
4222,57.79135,58.0
4223,57.814236,58.0
4224,56.09203,58.0
4225,58.701954,58.0
4226,58.04833,57.0
4227,56.86403,57.0
4228,56.873535,57.0
4229,57.815754,77.00000000000001
4230,76.69538,76.0
4231,75.50702,74.99999999999999
4232,73.673515,73.00000000000001
4233,71.87396,73.00000000000001
4234,72.04519,72.0
4235,71.72478,72.0
4236,72.0831,72.0
4237,72.490685,70.99999999999999
4238,71.59383,70.0
4239,70.282,68.0
4240,68.06735,68.0
4241,67.87593,68.0
4242,68.04564,69.00000000000001
4243,69.42912,69.00000000000001
4244,69.145,69.00000000000001
4245,69.09827,68.0
4246,68.31253,66.99999999999999
4247,66.92635,66.99999999999999
4248,67.4922,66.0
4249,66.57042,66.99999999999999
4250,66.98734,69.00000000000001
4251,68.43212,69.00000000000001
4252,66.9718,69.00000000000001
4253,68.24471,72.0
4254,71.35731,70.99999999999999
4255,71.42914,70.0
4256,70.137276,69.00000000000001
4257,68.8229,69.00000000000001
4258,68.55662,68.0
4259,67.53245,66.99999999999999
4260,66.69033,66.0
4261,65.81108,65.0
4262,66.921745,64.0
4263,64.87004,64.0
4264,64.584694,62.0
4265,62.558414,62.0
4266,61.572044,62.0
4267,61.777363,62.0
4268,63.102455,63.0
4269,63.48508,63.0
4270,63.30427,63.0
4271,62.83523,62.0
4272,61.82932,62.0
4273,62.00468,62.0
4274,61.51542,62.0
4275,62.490925,62.0
4276,62.364746,62.0
4277,62.336857,112.0
4278,112.139206,122.99999999999999
4279,120.167015,126.99999999999999
4280,122.1984,138.00000000000003
4281,132.98419,147.0
4282,141.60248,152.0
4283,153.87248,152.0
4284,152.32957,153.0
4285,153.72792,154.00000000000003
4286,153.76259,154.00000000000003
4287,147.25368,155.0
4288,149.60551,155.0
4289,144.90567,155.0
4290,150.14368,154.00000000000003
4291,151.90463,153.0
4292,154.13446,153.0
4293,155.49364,152.0
4294,151.18373,152.0
4295,149.96907,152.0
4296,153.51784,152.0
4297,154.29645,153.0
4298,160.96619,153.0
4299,152.04721,153.0
4300,153.8271,154.00000000000003
4301,155.71587,59.0
4302,56.303688,59.0
4303,69.350426,60.0
4304,63.005283,61.0
4305,62.562275,61.0
4306,63.307514,62.0
4307,64.8626,63.0
4308,67.3916,63.0
4309,68.49037,62.0
4310,65.57351,60.0
4311,59.379917,60.0
4312,60.211502,59.0
4313,58.604553,58.0
4314,57.738346,58.0
4315,57.694347,58.0
4316,57.735317,57.0
4317,57.01272,58.0
4318,58.238667,57.0
4319,56.94249,58.0
4320,58.006897,57.0
4321,56.85179,58.0
4322,58.195423,58.0
4323,58.81822,57.0
4324,57.671257,57.0
4325,57.29221,60.0
4326,59.688263,60.0
4327,59.756573,59.0
4328,58.92624,59.0
4329,59.22825,59.0
4330,59.4801,59.0
4331,58.992603,60.0
4332,60.0389,60.0
4333,60.337475,60.0
4334,61.120167,60.0
4335,60.887634,60.0
4336,60.374718,60.0
4337,60.250126,60.0
4338,60.812202,61.0
4339,61.21052,60.0
4340,60.28362,60.0
4341,59.97049,60.0
4342,60.063995,61.0
4343,61.247368,60.0
4344,59.767166,61.0
4345,61.96513,61.0
4346,61.17255,62.0
4347,62.20845,62.0
4348,62.11068,64.0
4349,63.787724,78.99999999999999
4350,78.26017,80.0
4351,80.175316,78.99999999999999
4352,78.73033,78.99999999999999
4353,78.23325,78.99999999999999
4354,78.7241,77.00000000000001
4355,76.5478,77.00000000000001
4356,76.81981,76.0
4357,75.527885,77.00000000000001
4358,76.95122,77.00000000000001
4359,76.8361,74.99999999999999
4360,74.62432,74.0
4361,73.13334,74.0
4362,73.90875,74.99999999999999
4363,74.7226,74.0
4364,73.95177,74.0
4365,74.09357,73.00000000000001
4366,73.08228,72.0
4367,72.60989,69.00000000000001
4368,68.81911,70.0
4369,70.03098,69.00000000000001
4370,69.33036,69.00000000000001
4371,68.79616,69.00000000000001
4372,68.20178,68.0
4373,67.14961,66.99999999999999
4374,66.60352,66.0
4375,65.787605,66.0
4376,65.70602,66.0
4377,65.52011,65.0
4378,65.2072,65.0
4379,64.81738,65.0
4380,64.95238,66.0
4381,65.5732,65.0
4382,64.021286,64.0
4383,63.641994,64.0
4384,64.1731,64.0
4385,63.530052,64.0
4386,63.47009,62.0
4387,62.143436,63.0
4388,63.291645,63.0
4389,63.37683,63.0
4390,63.700573,63.0
4391,63.870605,65.0
4392,65.95925,65.0
4393,65.254364,65.0
4394,65.674995,65.0
4395,65.50165,64.0
4396,64.48305,65.0
4397,65.358665,66.0
4398,66.01343,66.0
4399,65.969635,66.99999999999999
4400,67.49946,68.0
4401,68.15446,68.0
4402,68.257545,69.00000000000001
4403,69.390236,70.0
4404,70.317314,70.99999999999999
4405,71.57983,72.0
4406,72.048065,73.00000000000001
4407,72.81443,72.0
4408,71.98919,73.00000000000001
4409,72.56863,73.00000000000001
4410,73.211464,74.0
4411,74.13459,73.00000000000001
4412,73.647156,74.0
4413,74.32398,73.00000000000001
4414,73.663895,74.0
4415,74.28804,73.00000000000001
4416,73.78662,73.00000000000001
4417,72.47962,73.00000000000001
4418,73.12408,73.00000000000001
4419,73.141426,74.0
4420,73.45082,74.99999999999999
4421,74.00707,74.0
4422,73.37847,74.99999999999999
4423,74.81795,74.0
4424,73.728165,74.99999999999999
4425,75.257706,76.0
4426,77.04952,76.0
4427,76.86606,76.0
4428,76.233536,74.99999999999999
4429,75.1189,74.0
4430,73.17749,73.00000000000001
4431,72.29275,73.00000000000001
4432,72.45069,72.0
4433,71.40858,72.0
4434,71.73222,72.0
4435,71.85755,70.99999999999999
4436,71.17006,70.99999999999999
4437,71.00093,70.99999999999999
4438,71.170654,70.0
4439,69.96672,70.0
4440,70.67096,70.0
4441,69.86547,70.0
4442,70.55646,69.00000000000001
4443,68.75355,69.00000000000001
4444,68.543755,68.0
4445,68.09273,70.0
4446,69.25739,70.99999999999999
4447,70.767365,70.99999999999999
4448,70.58665,70.99999999999999
4449,70.71131,70.0
4450,69.23848,69.00000000000001
4451,68.18576,68.0
4452,67.41803,66.0
4453,65.76106,66.0
4454,66.27331,66.0
4455,66.039314,66.0
4456,66.06957,65.0
4457,64.7988,65.0
4458,65.0326,65.0
4459,64.97445,66.0
4460,66.507256,66.0
4461,66.4561,66.0
4462,66.71577,66.99999999999999
4463,67.512886,66.99999999999999
4464,67.893005,68.0
4465,67.69886,66.99999999999999
4466,66.97805,68.0
4467,68.350464,68.0
4468,67.37544,69.00000000000001
4469,68.03433,69.00000000000001
4470,69.39008,68.0
4471,67.87494,66.99999999999999
4472,66.117386,66.0
4473,65.353676,64.0
4474,63.72314,64.0
4475,64.42685,64.0
4476,64.32331,64.0
4477,64.38412,64.0
4478,64.58233,64.0
4479,64.14095,64.0
4480,64.495895,65.0
4481,65.3714,65.0
4482,65.3803,65.0
4483,64.68721,64.0
4484,63.863415,64.0
4485,63.952457,63.0
4486,62.74037,62.0
4487,61.899853,62.0
4488,61.555405,62.0
4489,61.867695,61.0
4490,59.93837,59.0
4491,58.3795,57.0
4492,56.62796,56.0
4493,55.609177,55.0
4494,56.12602,55.0
4495,55.64567,55.0
4496,56.025578,56.0
4497,57.078815,57.0
4498,58.071598,57.0
4499,58.079453,59.0
4500,59.55088,60.0
4501,60.49919,60.0
4502,61.46734,63.0
4503,63.682926,63.0
4504,63.14519,63.0
4505,63.714752,63.0
4506,63.39039,63.0
4507,62.99516,64.0
4508,64.29701,63.0
4509,63.590656,66.0
4510,66.86144,65.0
4511,65.41513,64.0
4512,64.22356,65.0
4513,65.3859,64.0
4514,63.635765,65.0
4515,65.21542,65.0
4516,64.55079,65.0
4517,63.594288,64.0
4518,63.259624,64.0
4519,63.04946,63.0
4520,62.38097,63.0
4521,62.34418,62.0
4522,61.61076,61.0
4523,60.167816,61.0
4524,60.281597,59.0
4525,58.11695,59.0
4526,58.25382,57.0
4527,56.67761,58.0
4528,57.24909,56.0
4529,55.936623,56.0
4530,55.708576,55.0
4531,54.64302,55.0
4532,54.9468,55.0
4533,54.404854,53.0
4534,53.14734,54.0
4535,54.20331,55.0
4536,55.42779,54.0
4537,55.294212,55.0
4538,56.592106,55.0
4539,56.019325,55.0
4540,54.814236,54.0
4541,53.482582,53.0
4542,53.40417,53.0
4543,53.378933,53.0
4544,53.5992,53.0
4545,53.12272,52.0
4546,51.953938,52.0
4547,51.776245,52.0
4548,52.258755,53.0
4549,53.253796,53.0
4550,53.118576,53.0
4551,52.978584,53.0
4552,53.027298,53.0
4553,52.73474,53.0
4554,52.653282,53.0
4555,52.730095,53.0
4556,52.63736,52.0
4557,51.745403,53.0
4558,52.437916,52.0
4559,51.95333,53.0
4560,53.198753,53.0
4561,52.919426,53.0
4562,53.26668,52.0
4563,52.590004,53.0
4564,54.803707,54.0
4565,55.28832,54.0
4566,55.16351,54.0
4567,54.858925,55.0
4568,55.76474,55.0
4569,55.266888,55.0
4570,55.165104,56.0
4571,55.688744,55.0
4572,54.192646,54.0
4573,53.192616,54.0
4574,53.51078,53.0
4575,52.205856,52.0
4576,52.427704,52.0
4577,52.516205,52.0
4578,52.308617,52.0
4579,52.55296,53.0
4580,53.46654,54.0
4581,54.523846,55.0
4582,54.86646,54.0
4583,53.544346,54.0
4584,53.769573,54.0
4585,54.133633,55.0
4586,55.263397,56.0
4587,56.34516,57.0
4588,58.120045,57.0
4589,57.461174,57.0
4590,57.9602,58.0
4591,58.56134,57.0
4592,57.004635,57.0
4593,56.931705,57.0
4594,57.156548,56.0
4595,56.353886,57.0
4596,57.070843,57.0
4597,56.954315,57.0
4598,56.978947,59.0
4599,58.722446,59.0
4600,58.802982,59.0
4601,58.720566,59.0
4602,58.127914,58.0
4603,57.448,58.0
4604,57.51344,58.0
4605,57.676056,57.0
4606,56.8334,57.0
4607,56.683765,57.0
4608,56.74148,57.0
4609,56.805614,56.0
4610,55.907597,56.0
4611,56.34325,55.0
4612,55.86436,55.0
4613,55.29339,55.0
4614,55.72907,54.0
4615,54.28194,54.0
4616,54.3924,54.0
4617,54.15823,54.0
4618,53.951927,55.0
4619,55.40253,54.0
4620,54.57709,53.0
4621,52.737312,53.0
4622,53.67618,53.0
4623,54.26044,52.0
4624,51.486202,52.0
4625,51.532696,52.0
4626,51.584553,53.0
4627,52.68772,53.0
4628,52.674843,53.0
4629,52.761612,54.0
4630,53.836773,54.0
4631,53.98847,53.0
4632,53.110424,54.0
4633,55.7988,55.0
4634,55.628696,53.0
4635,54.449535,53.0
4636,53.22771,53.0
4637,52.325665,52.0
4638,52.85025,54.0
4639,55.071815,55.0
4640,55.660854,54.0
4641,54.753902,55.0
4642,55.24832,55.0
4643,54.90602,55.0
4644,54.957542,55.0
4645,54.898026,55.0
4646,54.91791,54.0
4647,54.429382,55.0
4648,54.92411,56.0
4649,55.840168,56.0
4650,55.85302,55.0
4651,54.800728,55.0
4652,54.912453,57.0
4653,56.91968,58.0
4654,58.519955,58.0
4655,58.42464,59.0
4656,59.164856,59.0
4657,59.085922,59.0
4658,59.358543,61.0
4659,61.190826,61.0
4660,62.03679,62.0
4661,63.17097,63.0
4662,63.295612,62.0
4663,62.472645,62.0
4664,63.230537,63.0
4665,62.983894,62.0
4666,61.5182,61.0
4667,61.267483,62.0
4668,62.432724,62.0
4669,62.320305,62.0
4670,62.13584,63.0
4671,62.3806,63.0
4672,62.396835,63.0
4673,62.51274,62.0
4674,61.54712,62.0
4675,61.44514,63.0
4676,62.11527,61.0
4677,60.130623,59.0
4678,58.947933,61.0
4679,61.308815,60.0
4680,60.39935,61.0
4681,61.709488,62.0
4682,61.697407,61.0
4683,61.158886,62.0
4684,63.072975,62.0
4685,63.062756,64.0
4686,64.689026,66.0
4687,66.95541,66.99999999999999
4688,67.7841,68.0
4689,69.06659,69.00000000000001
4690,69.725945,72.0
4691,72.93982,74.0
4692,74.97418,74.99999999999999
4693,75.74538,78.0
4694,79.15097,78.99999999999999
4695,79.4199,80.0
4696,79.56197,80.0
4697,80.63884,81.00000000000001
4698,81.63096,82.0
4699,82.65328,82.0
4700,82.92142,82.99999999999999
4701,84.22361,84.0
4702,84.601715,84.0
4703,84.953926,85.00000000000001
4704,85.331795,86.0
4705,86.8461,86.0
4706,85.95426,88.0
4707,87.62889,86.99999999999999
4708,84.68669,86.0
4709,82.57806,85.00000000000001
4710,82.61558,84.0
4711,82.28808,84.0
4712,81.87689,82.99999999999999
4713,81.68625,82.0
4714,80.385666,81.00000000000001
4715,80.09917,81.00000000000001
4716,79.98298,80.0
4717,78.76991,80.0
4718,79.83813,80.0
4719,80.23726,78.99999999999999
4720,78.591125,78.99999999999999
4721,79.45637,78.99999999999999
4722,79.02748,78.99999999999999
4723,79.79782,80.0
4724,80.85615,80.0
4725,80.52851,80.0
4726,80.93157,81.00000000000001
4727,81.87351,82.0
4728,82.53618,80.0
4729,80.554474,82.0
4730,82.85724,82.0
4731,83.33609,82.99999999999999
4732,83.50563,82.99999999999999
4733,81.67133,82.99999999999999
4734,82.5203,82.99999999999999
4735,82.273125,82.99999999999999
4736,82.44262,84.0
4737,83.68407,85.00000000000001
4738,84.714516,86.0
4739,86.859406,85.00000000000001
4740,85.44587,85.00000000000001
4741,85.13606,86.0
4742,86.016525,85.00000000000001
4743,84.76455,86.0
4744,86.07897,86.0
4745,86.71053,86.99999999999999
4746,87.69501,86.99999999999999
4747,87.24887,86.99999999999999
4748,87.906334,88.0
4749,88.78545,88.0
4750,88.456085,88.0
4751,87.73265,86.99999999999999
4752,88.00011,88.0
4753,87.70465,86.0
4754,85.811134,86.0
4755,86.07695,86.99999999999999
4756,87.04431,88.0
4757,87.00458,88.0
4758,87.79369,89.00000000000001
4759,90.09804,88.0
4760,88.566574,86.99999999999999
4761,87.803185,86.0
4762,84.91239,85.00000000000001
4763,83.091896,84.0
4764,83.144295,82.0
4765,80.54771,81.00000000000001
4766,81.17355,81.00000000000001
4767,81.03469,78.99999999999999
4768,78.172874,78.0
4769,76.9844,78.99999999999999
4770,79.02398,80.0
4771,79.939,81.00000000000001
4772,81.005486,81.00000000000001
4773,81.019554,80.0
4774,80.60669,81.00000000000001
4775,81.21848,81.00000000000001
4776,80.348976,78.99999999999999
4777,80.29686,78.99999999999999
4778,78.01833,77.00000000000001
4779,74.21359,77.00000000000001
4780,74.37628,76.0
4781,73.651726,66.0
4782,65.217804,66.0
4783,66.58024,66.0
4784,66.8214,66.99999999999999
4785,68.34366,66.0
4786,67.11815,66.99999999999999
4787,68.170006,66.0
4788,67.16811,65.0
4789,65.26369,65.0
4790,64.9356,65.0
4791,65.484535,66.0
4792,66.331566,66.0
4793,65.21613,65.0
4794,64.34873,65.0
4795,63.82706,65.0
4796,64.15914,64.0
4797,63.336926,64.0
4798,63.04205,64.0
4799,63.19205,65.0
4800,65.2162,65.0
4801,64.38635,65.0
4802,64.95701,66.0
4803,65.538574,66.99999999999999
4804,66.14309,68.0
4805,68.52435,54.0
4806,53.4272,54.0
4807,54.357544,54.0
4808,54.80244,55.0
4809,55.149597,54.0
4810,53.907852,54.0
4811,53.948982,54.0
4812,54.246307,54.0
4813,54.06301,55.0
4814,54.7407,56.0
4815,55.54139,57.0
4816,56.603237,57.0
4817,56.74486,57.0
4818,56.855255,57.0
4819,56.81921,57.0
4820,56.71224,57.0
4821,56.842537,56.0
4822,56.18896,56.0
4823,55.691204,57.0
4824,56.927834,57.0
4825,56.360996,57.0
4826,56.267143,57.0
4827,57.84088,57.0
4828,57.984535,57.0
4829,59.076706,65.0
4830,65.84718,64.0
4831,64.5036,62.0
4832,62.4404,61.0
4833,61.013336,60.0
4834,60.147232,60.0
4835,60.75522,59.0
4836,59.394096,60.0
4837,60.649292,61.0
4838,61.24917,62.0
4839,62.59438,64.0
4840,64.700584,64.0
4841,64.23696,65.0
4842,65.14623,66.0
4843,66.60322,65.0
4844,65.445946,66.0
4845,66.6297,66.0
4846,66.59625,66.99999999999999
4847,67.50026,66.0
4848,66.15615,66.99999999999999
4849,67.22837,66.99999999999999
4850,67.42632,66.0
4851,65.879456,66.0
4852,65.27485,66.0
4853,65.313896,63.0
4854,63.632397,62.0
4855,61.84092,61.0
4856,60.95861,60.0
4857,60.14972,60.0
4858,59.60607,60.0
4859,59.724415,61.0
4860,61.055485,63.0
4861,63.62041,64.0
4862,64.35767,65.0
4863,64.62737,65.0
4864,65.205475,65.0
4865,65.12177,65.0
4866,65.27248,66.0
4867,66.6662,66.99999999999999
4868,67.22687,66.99999999999999
4869,67.61046,69.00000000000001
4870,69.75585,70.0
4871,70.995476,70.99999999999999
4872,72.09463,70.99999999999999
4873,72.25987,72.0
4874,73.43801,72.0
4875,73.29497,73.00000000000001
4876,74.71267,73.00000000000001
4877,73.08091,45.0
4878,48.310947,46.0
4879,46.86029,48.0
4880,48.59528,50.0
4881,51.27175,52.0
4882,53.119606,53.0
4883,53.69731,53.0
4884,53.484356,54.0
4885,53.93223,54.0
4886,54.381973,54.0
4887,54.409775,55.0
4888,55.537857,55.0
4889,55.19199,55.0
4890,54.918793,56.0
4891,55.819195,56.0
4892,55.854446,57.0
4893,56.865288,57.0
4894,57.084923,58.0
4895,58.025547,58.0
4896,58.3577,59.0
4897,59.39564,59.0
4898,59.486702,61.0
4899,61.182747,61.0
4900,61.30724,61.0
4901,61.409786,88.0
4902,85.64368,88.0
4903,86.753334,86.99999999999999
4904,85.133896,86.0
4905,84.17409,85.00000000000001
4906,84.71351,84.0
4907,83.7028,84.0
4908,83.93061,82.99999999999999
4909,82.411255,81.00000000000001
4910,80.535194,80.0
4911,79.157265,78.99999999999999
4912,78.04874,78.0
4913,77.15521,78.0
4914,77.56144,78.0
4915,77.825836,78.0
4916,77.88355,77.00000000000001
4917,76.79265,77.00000000000001
4918,77.25057,77.00000000000001
4919,77.06132,82.0
4920,83.95413,76.0
4921,75.2895,74.0
4922,73.50106,70.0
4923,69.34917,70.0
4924,69.29205,68.0
4925,67.352,59.0
4926,58.770252,60.0
4927,60.164173,61.0
4928,62.530655,62.0
4929,63.163578,60.0
4930,59.782326,59.0
4931,58.700703,58.0
4932,57.93559,59.0
4933,58.456264,59.0
4934,58.881332,59.0
4935,59.22999,59.0
4936,59.319233,59.0
4937,58.98708,59.0
4938,59.12367,58.0
4939,57.798416,58.0
4940,57.94949,58.0
4941,57.931564,58.0
4942,57.97106,58.0
4943,56.188053,57.0
4944,57.30572,57.0
4945,56.875618,57.0
4946,57.00193,56.0
4947,55.8964,56.0
4948,56.57581,56.0
4949,55.817715,69.00000000000001
4950,67.74858,70.0
4951,69.532455,70.0
4952,69.38125,70.0
4953,70.55688,70.0
4954,70.486885,69.00000000000001
4955,68.7679,68.0
4956,67.63292,66.0
4957,65.56822,65.0
4958,64.80661,64.0
4959,63.592648,63.0
4960,62.773212,63.0
4961,62.716335,63.0
4962,63.098324,63.0
4963,62.971012,63.0
4964,63.15852,62.0
4965,61.835243,63.0
4966,62.63885,64.0
4967,64.57872,64.0
4968,64.74889,65.0
4969,65.38143,65.0
4970,64.9209,64.0
4971,63.668427,64.0
4972,63.899414,64.0
4973,64.8117,63.0
4974,63.64589,62.0
4975,62.562634,62.0
4976,62.5287,62.0
4977,62.595802,62.0
4978,62.64413,63.0
4979,64.53922,63.0
4980,64.79855,62.0
4981,62.784447,62.0
4982,62.668884,62.0
4983,62.359806,61.0
4984,61.275883,62.0
4985,62.273964,64.0
4986,64.49145,63.0
4987,63.16464,61.0
4988,61.220985,61.0
4989,61.000393,61.0
4990,60.76062,61.0
4991,61.201992,62.0
4992,61.93895,63.0
4993,62.12526,64.0
4994,64.015114,64.0
4995,63.749775,66.0
4996,65.832275,66.99999999999999
4997,66.993286,154.00000000000003
4998,151.6479,153.0
4999,153.90314,153.0
5000,153.77396,152.0
5001,152.34601,152.0
5002,145.83228,141.0
5003,126.075325,133.99999999999997
5004,124.86985,110.99999999999999
5005,103.22012,105.00000000000001
5006,105.93818,98.99999999999999
5007,100.45574,97.00000000000001
5008,98.206345,96.0
5009,96.306335,92.0
5010,92.77726,92.0
5011,93.66325,90.0
5012,90.1126,90.0
5013,90.29886,88.0
5014,87.39089,90.0
5015,90.612076,90.0
5016,90.511345,88.0
5017,87.360085,86.0
5018,85.43738,86.0
5019,85.183495,85.00000000000001
5020,83.251564,82.99999999999999
5021,82.71822,57.0
5022,57.14633,56.0
5023,56.682446,56.0
5024,57.404514,55.0
5025,55.826447,55.0
5026,56.138187,55.0
5027,55.265965,54.0
5028,54.87408,55.0
5029,55.291733,55.0
5030,55.10407,55.0
5031,54.790573,55.0
5032,55.2696,55.0
5033,55.745064,57.0
5034,56.894802,57.0
5035,57.28743,57.0
5036,56.598568,57.0
5037,57.141155,57.0
5038,56.416195,57.0
5039,56.41571,58.0
5040,58.096073,58.0
5041,58.186127,59.0
5042,58.818188,59.0
5043,58.880947,59.0
5044,59.385117,58.0
5045,57.851707,64.0
5046,63.926605,66.0
5047,66.23126,66.99999999999999
5048,68.09469,68.0
5049,68.79541,69.00000000000001
5050,70.04654,70.0
5051,71.18742,70.99999999999999
5052,71.551155,70.99999999999999
5053,71.43695,70.99999999999999
5054,71.636406,70.99999999999999
5055,71.245766,72.0
5056,72.05988,72.0
5057,71.07264,73.00000000000001
5058,73.16946,73.00000000000001
5059,72.82413,73.00000000000001
5060,73.23488,73.00000000000001
5061,73.05912,73.00000000000001
5062,73.445984,72.0
5063,72.2393,73.00000000000001
5064,73.09011,73.00000000000001
5065,72.74482,73.00000000000001
5066,72.465034,74.99999999999999
5067,75.57556,76.0
5068,76.56729,74.99999999999999
5069,74.285416,82.0
5070,82.35084,84.0
5071,84.51897,84.0
5072,83.98747,84.0
5073,83.923904,84.0
5074,84.05683,85.00000000000001
5075,86.191345,86.99999999999999
5076,88.33189,88.0
5077,88.72107,88.0
5078,88.54183,89.00000000000001
5079,89.26485,89.00000000000001
5080,89.61514,90.0
5081,90.12217,92.0
5082,93.04542,92.0
5083,94.21899,92.0
5084,94.183655,93.00000000000001
5085,94.07815,93.00000000000001
5086,95.10617,90.99999999999999
5087,92.191025,90.0
5088,90.89513,90.99999999999999
5089,91.35582,90.0
5090,89.69994,90.99999999999999
5091,89.00921,92.0
5092,91.37412,93.00000000000001
5093,91.94605,94.0
5094,92.82645,94.0
5095,94.652176,94.0
5096,94.61378,94.0
5097,94.57645,94.99999999999999
5098,96.348785,96.0
5099,97.50113,94.99999999999999
5100,95.60633,94.99999999999999
5101,95.27943,94.99999999999999
5102,95.424545,94.0
5103,93.336365,94.0
5104,92.7473,92.0
5105,91.08862,90.99999999999999
5106,89.60571,90.0
5107,90.7915,90.99999999999999
5108,92.79388,90.99999999999999
5109,91.54184,90.0
5110,91.10518,90.0
5111,90.29476,90.99999999999999
5112,92.46065,90.99999999999999
5113,90.78164,90.0
5114,89.62417,90.0
5115,88.98451,89.00000000000001
5116,87.91411,88.0
5117,88.11802,86.99999999999999
5118,86.45425,88.0
5119,88.56614,89.00000000000001
5120,89.16899,89.00000000000001
5121,88.98749,88.0
5122,85.91807,85.00000000000001
5123,83.382614,84.0
5124,83.03267,84.0
5125,84.88649,82.0
5126,82.94749,82.0
5127,82.47523,80.0
5128,80.689804,81.00000000000001
5129,83.12072,82.99999999999999
5130,84.08942,82.0
5131,81.00254,81.00000000000001
5132,81.14749,82.99999999999999
5133,83.235085,82.0
5134,82.41366,82.0
5135,82.156395,81.00000000000001
5136,81.63396,82.0
5137,82.62995,81.00000000000001
5138,80.44237,81.00000000000001
5139,80.43144,81.00000000000001
5140,80.38093,80.0
5141,78.7939,80.0
5142,78.18122,78.0
5143,76.618965,77.00000000000001
5144,76.845505,76.0
5145,75.92345,76.0
5146,75.52224,77.00000000000001
5147,77.19826,77.00000000000001
5148,76.68064,76.0
5149,75.739105,76.0
5150,75.52217,74.99999999999999
5151,75.08755,74.99999999999999
5152,73.655174,73.00000000000001
5153,71.74725,72.0
5154,70.97767,70.99999999999999
5155,70.0555,70.99999999999999
5156,70.50402,70.0
5157,70.05444,70.0
5158,70.68427,70.0
5159,70.552216,70.99999999999999
5160,70.8539,70.99999999999999
5161,70.95425,70.99999999999999
5162,70.3855,70.99999999999999
5163,69.1129,70.0
5164,69.7529,72.0
5165,71.938774,74.0
5166,74.89562,74.99999999999999
5167,75.843994,76.0
5168,77.25049,78.0
5169,79.72647,78.99999999999999
5170,79.95135,78.99999999999999
5171,79.73609,80.0
5172,81.137115,81.00000000000001
5173,81.73478,82.99999999999999
5174,84.99027,84.0
5175,85.20552,86.0
5176,86.6838,86.0
5177,85.962654,86.99999999999999
5178,86.989975,89.00000000000001
5179,89.087845,90.0
5180,90.838295,90.99999999999999
5181,91.88784,92.0
5182,93.53463,92.0
5183,93.09179,92.0
5184,92.893234,93.00000000000001
5185,93.695,94.0
5186,95.19278,96.0
5187,97.92097,97.00000000000001
5188,96.91802,98.99999999999999
5189,96.974434,98.99999999999999
5190,98.36112,102.99999999999999
5191,102.363335,114.99999999999999
5192,115.97345,125.00000000000001
5193,128.35748,135.0
5194,136.49463,149.0
5195,155.26839,152.0
5196,157.85747,153.0
5197,158.85379,154.00000000000003
5198,160.12447,155.0
5199,153.09813,155.0
5200,151.05972,157.0
5201,149.5113,157.0
5202,151.671,157.99999999999997
5203,158.92772,159.0
5204,161.24829,159.0
5205,158.27171,159.0
5206,159.73651,159.0
5207,160.56413,159.0
5208,164.35281,159.0
5209,161.35487,159.0
5210,160.54245,159.0
5211,154.85231,159.0
5212,151.17656,159.0
5213,152.0838,157.99999999999997
5214,150.47557,157.99999999999997
5215,151.29291,157.99999999999997
5216,155.7305,157.0
5217,154.16495,157.0
5218,157.81696,156.0
5219,155.50188,156.0
5220,157.75716,155.0
5221,157.36917,154.00000000000003
5222,157.00658,154.00000000000003
5223,153.16147,154.00000000000003
5224,142.7139,153.0
5225,147.30173,153.0
5226,145.40536,153.0
5227,151.77777,152.0
5228,154.38474,153.0
5229,157.6179,155.0
5230,159.95015,156.0
5231,157.40732,155.0
5232,154.15083,156.0
5233,158.71361,157.0
5234,159.72217,157.0
5235,161.82841,157.99999999999997
5236,161.37747,157.99999999999997
5237,160.26527,157.99999999999997
5238,160.36324,157.0
5239,158.95857,157.0
5240,159.28015,157.0
5241,159.7182,157.0
5242,158.79105,157.0
5243,157.01611,157.0
5244,158.1111,157.0
5245,158.3886,157.0
5246,155.87138,156.0
5247,150.95657,156.0
5248,154.095,155.0
5249,153.49391,155.0
5250,150.95616,154.00000000000003
5251,153.52359,153.0
5252,147.38864,153.0
5253,150.41356,149.99999999999997
5254,144.63882,133.0
5255,131.33315,136.0
5256,136.70534,124.0
5257,123.76834,101.00000000000001
5258,100.09636,98.99999999999999
5259,100.94719,94.99999999999999
5260,92.17356,93.00000000000001
5261,89.82508,90.99999999999999
5262,92.89677,90.99999999999999
5263,92.53432,90.99999999999999
5264,93.26127,90.0
5265,93.19232,90.0
5266,92.02193,90.0
5267,90.98963,90.0
5268,90.762985,90.0
5269,90.18879,90.0
5270,91.574905,90.99999999999999
5271,92.26686,94.0
5272,96.0257,93.00000000000001
5273,93.484055,93.00000000000001
5274,93.10581,90.99999999999999
5275,92.74403,93.00000000000001
5276,94.801865,92.0
5277,93.73191,90.99999999999999
5278,90.01878,88.0
5279,86.909225,86.99999999999999
5280,85.90597,86.0
5281,86.23217,85.00000000000001
5282,84.34403,85.00000000000001
5283,85.3117,90.99999999999999
5284,92.13097,93.00000000000001
5285,92.94893,94.0
5286,94.33039,96.0
5287,96.81342,98.0
5288,99.252594,98.99999999999999
5289,100.938484,98.99999999999999
5290,100.668144,104.0
5291,106.44585,100.0
5292,100.401794,100.0
5293,99.203156,98.99999999999999
5294,98.77284,98.99999999999999
5295,97.7319,94.0
5296,94.715034,94.0
5297,94.74024,94.99999999999999
5298,96.00227,96.0
5299,96.96112,94.99999999999999
5300,96.183784,94.0
5301,95.60693,94.99999999999999
5302,97.072395,97.00000000000001
5303,98.00771,98.99999999999999
5304,99.58027,98.99999999999999
5305,101.07397,102.0
5306,101.46436,98.99999999999999
5307,96.177666,97.00000000000001
5308,96.904785,98.0
5309,96.53506,97.00000000000001
5310,94.740265,96.0
5311,94.90996,93.00000000000001
5312,92.96492,90.99999999999999
5313,91.15459,89.00000000000001
5314,89.7359,88.0
5315,88.89527,88.0
5316,87.53329,86.99999999999999
5317,86.87765,88.0
5318,88.82248,86.0
5319,87.10209,89.00000000000001
5320,89.46717,90.0
5321,89.65921,86.99999999999999
5322,86.279396,86.0
5323,86.24098,86.0
5324,87.04545,86.99999999999999
5325,87.55318,88.0
5326,88.18635,88.0
5327,87.31413,86.99999999999999
5328,86.83343,84.0
5329,84.425674,82.99999999999999
5330,83.70121,84.0
5331,82.50899,82.0
5332,79.83993,80.0
5333,78.70076,80.0
5334,78.615555,80.0
5335,80.325836,81.00000000000001
5336,81.226,82.99999999999999
5337,83.323616,85.00000000000001
5338,85.44344,84.0
5339,84.13763,82.99999999999999
5340,83.32288,82.99999999999999
5341,82.705635,82.99999999999999
5342,83.7615,84.0
5343,84.05879,84.0
5344,83.9637,84.0
5345,84.8528,86.99999999999999
5346,88.24679,89.00000000000001
5347,90.13133,90.0
5348,90.66298,90.0
5349,90.92102,88.0
5350,89.575325,86.99999999999999
5351,87.85239,85.00000000000001
5352,85.94151,86.99999999999999
5353,87.08665,86.0
5354,85.25662,85.00000000000001
5355,83.99154,82.99999999999999
5356,82.05221,82.0
5357,80.545006,81.00000000000001
5358,79.46868,78.99999999999999
5359,78.0021,77.00000000000001
5360,75.52585,74.99999999999999
5361,72.990204,72.0
5362,71.26445,70.99999999999999
5363,70.12075,70.99999999999999
5364,70.10725,70.0
5365,68.753685,69.00000000000001
5366,67.81083,68.0
5367,66.81937,66.0
5368,64.850845,65.0
5369,63.928207,62.0
5370,60.529846,59.0
5371,57.811935,57.0
5372,56.380127,56.0
5373,56.068577,56.0
5374,56.01793,55.0
5375,54.90877,54.0
5376,53.789864,54.0
5377,54.20235,54.0
5378,53.989822,54.0
5379,55.789318,55.0
5380,57.130653,56.0
5381,57.474655,56.0
5382,57.04862,56.0
5383,56.503395,57.0
5384,57.508022,57.0
5385,57.102764,57.0
5386,57.276478,58.0
5387,58.05571,59.0
5388,59.459152,61.0
5389,61.46692,61.0
5390,61.187744,61.0
5391,61.247124,61.0
5392,61.092884,60.0
5393,59.69695,59.0
5394,59.02803,59.0
5395,59.076595,59.0
5396,58.915676,60.0
5397,59.79762,60.0
5398,60.051033,60.0
5399,60.090275,60.0
5400,59.910564,60.0
5401,60.005062,60.0
5402,60.137997,60.0
5403,60.39713,60.0
5404,60.922707,61.0
5405,61.4952,62.0
5406,62.942314,62.0
5407,62.495224,63.0
5408,63.227505,63.0
5409,63.049435,64.0
5410,63.896545,65.0
5411,64.93168,66.0
5412,66.1804,66.0
5413,66.822945,66.99999999999999
5414,69.041855,69.00000000000001
5415,71.494606,70.99999999999999
5416,73.49748,72.0
5417,73.24267,74.0
5418,74.14816,74.99999999999999
5419,75.45193,76.0
5420,76.127754,77.00000000000001
5421,77.42865,77.00000000000001
5422,77.739555,78.99999999999999
5423,79.80988,78.99999999999999
5424,80.096924,80.0
5425,79.757965,81.00000000000001
5426,81.521194,82.0
5427,81.61317,82.99999999999999
5428,82.79298,84.0
5429,81.60383,84.0
5430,83.68269,86.0
5431,86.76118,86.99999999999999
5432,87.80242,88.0
5433,88.17356,88.0
5434,88.29363,88.0
5435,87.53214,88.0
5436,87.95469,86.99999999999999
5437,86.71038,86.99999999999999
5438,85.81624,86.99999999999999
5439,86.027214,85.00000000000001
5440,85.19701,85.00000000000001
5441,84.86105,86.0
5442,86.51171,86.0
5443,86.450035,86.0
5444,86.28246,86.0
5445,86.33504,86.99999999999999
5446,87.97532,86.99999999999999
5447,88.094376,88.0
5448,87.32566,89.00000000000001
5449,87.559105,89.00000000000001
5450,87.43543,86.99999999999999
5451,85.966866,85.00000000000001
5452,85.074936,84.0
5453,83.52549,82.99999999999999
5454,82.02499,82.0
5455,81.91715,81.00000000000001
5456,79.91379,80.0
5457,78.44846,78.99999999999999
5458,77.55102,78.0
5459,76.709816,78.0
5460,76.39243,77.00000000000001
5461,75.36503,76.0
5462,75.13834,74.99999999999999
5463,75.40091,74.99999999999999
5464,75.75382,76.0
5465,76.01387,74.99999999999999
5466,74.802925,74.0
5467,73.64259,74.0
5468,74.65732,74.0
5469,73.801445,74.0
5470,74.07975,73.00000000000001
5471,73.135956,72.0
5472,72.15193,70.0
5473,69.5157,69.00000000000001
5474,68.40499,69.00000000000001
5475,69.00481,70.0
5476,70.72105,69.00000000000001
5477,70.16211,68.0
5478,68.32492,66.99999999999999
5479,67.25244,66.99999999999999
5480,67.42408,66.0
5481,66.428535,66.0
5482,66.02413,64.0
5483,63.57928,63.0
5484,62.60449,63.0
5485,62.61178,63.0
5486,62.2009,62.0
5487,61.65715,60.0
5488,59.466934,60.0
5489,59.604195,59.0
5490,58.533134,58.0
5491,57.377586,57.0
5492,56.665886,56.0
5493,55.590153,55.0
5494,55.03817,55.0
5495,54.797245,54.0
5496,53.703026,54.0
5497,53.68209,53.0
5498,53.483692,54.0
5499,55.248486,54.0
5500,55.402554,55.0
5501,56.42897,56.0
5502,56.563934,57.0
5503,57.81365,58.0
5504,58.817253,59.0
5505,59.995636,60.0
5506,61.105118,61.0
5507,61.58032,62.0
5508,62.617035,62.0
5509,62.1588,63.0
5510,63.760994,64.0
5511,64.98879,65.0
5512,64.48795,65.0
5513,65.717415,66.0
5514,66.312485,66.99999999999999
5515,67.3418,68.0
5516,68.83079,70.0
5517,70.86582,70.99999999999999
5518,71.68157,72.0
5519,73.07455,74.0
5520,73.40838,74.0
5521,73.22638,74.0
5522,73.203094,73.00000000000001
5523,72.88185,73.00000000000001
5524,71.87046,72.0
5525,71.706665,69.00000000000001
5526,69.7729,69.00000000000001
5527,69.518005,69.00000000000001
5528,69.241356,69.00000000000001
5529,69.231735,70.0
5530,70.64984,70.0
5531,70.60275,70.99999999999999
5532,71.120026,70.99999999999999
5533,70.4296,70.99999999999999
5534,70.37037,70.0
5535,69.603134,70.0
5536,69.768234,69.00000000000001
5537,68.16426,70.0
5538,69.26878,70.0
5539,68.988976,70.99999999999999
5540,70.107635,70.99999999999999
5541,70.526634,70.99999999999999
5542,70.247025,72.0
5543,71.10886,70.99999999999999
5544,70.68525,70.99999999999999
5545,71.30529,70.99999999999999
5546,71.089584,70.0
5547,69.89346,69.00000000000001
5548,69.04588,68.0
5549,67.152664,59.0
5550,59.099297,60.0
5551,60.294567,62.0
5552,62.876095,64.0
5553,63.567085,63.0
5554,62.2838,63.0
5555,62.53376,62.0
5556,61.69696,62.0
5557,61.96162,61.0
5558,60.631817,61.0
5559,60.66969,60.0
5560,59.91971,61.0
5561,60.63634,61.0
5562,60.78316,61.0
5563,60.780777,61.0
5564,60.678223,62.0
5565,61.56628,61.0
5566,61.022285,62.0
5567,62.327606,61.0
5568,60.788002,68.0
5569,70.24683,68.0
5570,67.72394,66.99999999999999
5571,67.30907,66.99999999999999
5572,67.58574,66.0
5573,65.82066,65.0
5574,64.03961,65.0
5575,64.59772,65.0
5576,64.72218,65.0
5577,65.328545,65.0
5578,65.18983,64.0
5579,64.26427,64.0
5580,64.02292,62.0
5581,61.985237,61.0
5582,60.747547,60.0
5583,59.629906,58.0
5584,57.649376,58.0
5585,57.55877,57.0
5586,56.495533,56.0
5587,55.731514,56.0
5588,55.914345,55.0
5589,55.23749,56.0
5590,56.552784,55.0
5591,55.62346,56.0
5592,54.33281,56.0
5593,56.146004,56.0
5594,55.867756,56.0
5595,56.474003,57.0
5596,58.314808,57.0
5597,57.80807,74.0
5598,76.15158,77.00000000000001
5599,78.010895,78.99999999999999
5600,78.78315,81.00000000000001
5601,81.78501,82.99999999999999
5602,84.21188,84.0
5603,85.13151,85.00000000000001
5604,86.634056,85.00000000000001
5605,86.617744,85.00000000000001
5606,86.633705,86.0
5607,87.52067,86.99999999999999
5608,88.50345,88.0
5609,89.06267,89.00000000000001
5610,90.24079,89.00000000000001
5611,90.02697,89.00000000000001
5612,89.93685,90.0
5613,90.6804,89.00000000000001
5614,89.61753,88.0
5615,88.00822,86.99999999999999
5616,87.85837,86.99999999999999
5617,87.91417,86.99999999999999
5618,87.85694,86.0
5619,86.82659,86.0
5620,87.40154,86.0
5621,85.508835,61.0
5622,59.960243,62.0
5623,62.2462,62.0
5624,61.3655,62.0
5625,61.73523,63.0
5626,62.951565,63.0
5627,62.72827,65.0
5628,65.23341,66.0
5629,66.54651,68.0
5630,68.84251,70.0
5631,70.52718,70.99999999999999
5632,71.086075,72.0
5633,71.95591,72.0
5634,72.05146,73.00000000000001
5635,73.90439,74.0
5636,74.36352,74.0
5637,74.6093,74.0
5638,75.09344,74.0
5639,75.16713,74.99999999999999
5640,75.99622,74.99999999999999
5641,75.85034,74.99999999999999
5642,75.75864,74.0
5643,74.306694,74.0
5644,73.42295,74.0
5645,71.82733,69.00000000000001
5646,67.922745,68.0
5647,67.04558,66.99999999999999
5648,66.404655,66.99999999999999
5649,66.734764,66.99999999999999
5650,66.883896,66.0
5651,65.485016,66.0
5652,65.594635,65.0
5653,65.04435,64.0
5654,65.10429,64.0
5655,63.042778,65.0
5656,64.24423,65.0
5657,64.47133,65.0
5658,64.40415,66.0
5659,65.862564,66.0
5660,65.92308,66.0
5661,65.83033,65.0
5662,64.715034,65.0
5663,64.69236,60.0
5664,60.304173,60.0
5665,60.419178,59.0
5666,59.292747,59.0
5667,58.576946,59.0
5668,59.102844,59.0
5669,59.077705,54.0
5670,53.725227,52.0
5671,51.992485,45.0
5672,45.235657,37.0
5673,37.686966,37.0
5674,37.099205,37.0
5675,37.034245,37.0
5676,37.37979,37.0
5677,37.455467,35.0
5678,36.21149,36.0
5679,37.530865,37.0
5680,39.724613,36.0
5681,37.80284,36.0
5682,36.658993,37.0
5683,37.478783,37.0
5684,37.67746,36.0
5685,36.748997,35.0
5686,35.351814,33.0
5687,33.11998,34.0
5688,33.640144,36.0
5689,35.003036,35.0
5690,34.31526,38.0
5691,39.957508,37.0
5692,42.315304,37.0
5693,43.05185,65.0
5694,67.03385,65.0
5695,66.88186,66.0
5696,66.7706,66.0
5697,66.6885,66.0
5698,66.648,66.99999999999999
5699,67.51174,68.0
5700,68.36565,70.0
5701,70.45647,70.99999999999999
5702,71.35863,73.00000000000001
5703,72.95335,73.00000000000001
5704,73.0731,73.00000000000001
5705,73.17366,73.00000000000001
5706,72.94684,73.00000000000001
5707,72.92356,72.0
5708,72.05241,73.00000000000001
5709,73.36015,73.00000000000001
5710,73.0523,72.0
5711,71.98797,72.0
5712,72.02832,70.0
5713,70.27132,70.0
5714,70.29314,70.0
5715,69.95233,70.0
5716,69.78072,70.99999999999999
5717,70.13982,68.0
5718,65.70796,69.00000000000001
5719,67.83913,69.00000000000001
5720,68.54114,68.0
5721,67.44213,66.99999999999999
5722,66.44328,66.99999999999999
5723,66.504715,65.0
5724,64.24613,66.0
5725,64.975105,65.0
5726,64.16787,64.0
5727,63.75929,65.0
5728,64.6828,64.0
5729,64.1965,64.0
5730,64.352585,65.0
5731,65.74435,65.0
5732,65.19152,66.99999999999999
5733,68.06246,66.99999999999999
5734,67.75537,66.99999999999999
5735,67.89692,68.0
5736,69.24231,68.0
5737,68.09753,69.00000000000001
5738,68.67202,69.00000000000001
5739,68.60483,68.0
5740,67.38928,66.99999999999999
5741,66.9309,82.0
5742,82.41207,81.00000000000001
5743,81.438934,78.99999999999999
5744,79.13388,78.0
5745,78.145584,77.00000000000001
5746,77.6664,77.00000000000001
5747,78.2622,74.99999999999999
5748,75.58779,76.0
5749,77.39683,74.99999999999999
5750,75.69202,74.0
5751,74.08863,73.00000000000001
5752,72.50966,74.99999999999999
5753,74.5907,77.00000000000001
5754,76.6786,78.0
5755,78.85846,78.99999999999999
5756,78.52084,78.99999999999999
5757,79.452736,78.99999999999999
5758,78.80085,78.0
5759,77.19119,77.00000000000001
5760,77.255394,78.0
5761,77.59051,78.99999999999999
5762,79.01236,77.00000000000001
5763,76.40915,77.00000000000001
5764,76.37035,80.0
5765,80.5905,57.0
5766,56.828476,57.0
5767,57.28926,56.0
5768,56.28285,56.0
5769,56.05154,55.0
5770,55.06613,55.0
5771,55.399475,55.0
5772,55.335434,55.0
5773,54.44643,55.0
5774,54.430172,55.0
5775,54.369324,54.0
5776,53.92691,54.0
5777,53.95905,53.0
5778,52.3363,53.0
5779,52.485218,53.0
5780,52.7111,53.0
5781,52.76923,53.0
5782,52.60653,53.0
5783,52.422646,53.0
5784,52.799118,52.0
5785,51.515076,52.0
5786,52.144833,50.0
5787,49.880585,51.0
5788,51.131443,52.0
5789,53.761917,74.99999999999999
5790,76.48813,73.00000000000001
5791,73.68643,72.0
5792,72.232376,70.99999999999999
5793,70.81791,70.0
5794,69.1551,69.00000000000001
5795,68.60436,69.00000000000001
5796,68.52805,69.00000000000001
5797,69.39869,69.00000000000001
5798,69.709404,70.0
5799,70.85433,70.99999999999999
5800,71.68152,70.99999999999999
5801,71.034515,70.0
5802,70.254265,70.0
5803,70.07018,70.0
5804,69.9931,70.0
5805,70.06051,70.99999999999999
5806,71.56913,70.99999999999999
5807,71.16117,70.99999999999999
5808,71.189545,70.99999999999999
5809,70.53542,70.0
5810,69.37733,66.99999999999999
5811,65.87393,65.0
5812,64.23029,65.0
5813,64.73978,66.0
5814,66.70206,64.0
5815,64.45188,64.0
5816,64.67328,66.0
5817,67.89861,69.00000000000001
5818,70.69648,72.0
5819,73.55716,74.99999999999999
5820,76.5515,77.00000000000001
5821,78.02032,78.99999999999999
5822,79.30227,80.0
5823,79.683105,80.0
5824,80.02094,81.00000000000001
5825,81.360535,81.00000000000001
5826,81.07491,82.0
5827,82.53964,82.0
5828,82.093414,84.0
5829,84.074715,82.99999999999999
5830,83.60397,82.99999999999999
5831,83.290405,84.0
5832,83.34447,82.0
5833,81.32916,82.99999999999999
5834,82.66419,82.99999999999999
5835,82.942314,82.99999999999999
5836,82.372734,82.0
5837,79.922585,80.0
5838,78.61605,80.0
5839,79.9234,78.99999999999999
5840,77.86487,76.0
5841,74.968155,74.0
5842,73.07224,72.0
5843,71.37724,70.99999999999999
5844,70.32666,68.0
5845,67.00623,66.99999999999999
5846,66.53617,66.0
5847,65.73618,66.0
5848,65.58894,66.0
5849,65.81603,65.0
5850,64.743645,65.0
5851,64.26933,64.0
5852,63.433426,63.0
5853,62.747364,63.0
5854,62.7481,62.0
5855,61.763844,62.0
5856,61.879208,61.0
5857,60.504562,61.0
5858,60.38417,59.0
5859,58.302567,58.0
5860,57.644455,57.0
5861,57.37443,57.0
5862,56.852875,56.0
5863,56.3176,55.0
5864,55.40906,55.0
5865,55.074005,54.0
5866,54.254295,54.0
5867,54.194977,54.0
5868,54.50359,54.0
5869,54.656574,55.0
5870,55.673172,55.0
5871,55.314865,55.0
5872,54.79928,55.0
5873,54.831093,55.0
5874,55.063396,55.0
5875,54.78152,55.0
5876,55.045,55.0
5877,55.029938,55.0
5878,55.444942,55.0
5879,54.973446,56.0
5880,56.04989,56.0
5881,55.832954,56.0
5882,56.29879,57.0
5883,57.445255,57.0
5884,57.694798,56.0
5885,56.36869,56.0
5886,56.600212,56.0
5887,56.261497,56.0
5888,56.23342,56.0
5889,56.064453,56.0
5890,56.17331,56.0
5891,56.234325,57.0
5892,56.996372,57.0
5893,56.941353,57.0
5894,56.96775,57.0
5895,56.829998,58.0
5896,57.979446,59.0
5897,58.57173,59.0
5898,58.94325,60.0
5899,60.035244,61.0
5900,61.246532,62.0
5901,61.99956,63.0
5902,63.4865,64.0
5903,63.993702,65.0
5904,65.09119,65.0
5905,64.6729,65.0
5906,65.34854,65.0
5907,65.213005,66.0
5908,66.43401,66.99999999999999
5909,67.11412,66.99999999999999
5910,67.098465,66.0
5911,65.83128,66.99999999999999
5912,67.0471,66.99999999999999
5913,67.314545,68.0
5914,67.57722,66.99999999999999
5915,66.5239,66.99999999999999
5916,66.75163,66.99999999999999
5917,66.616425,66.99999999999999
5918,66.64288,68.0
5919,67.06715,66.99999999999999
5920,65.94892,66.0
5921,64.984665,66.0
5922,65.05784,65.0
5923,64.13358,64.0
5924,63.463715,64.0
5925,63.275143,63.0
5926,62.462887,62.0
5927,61.351418,61.0
5928,60.777016,61.0
5929,60.92851,61.0
5930,60.85723,61.0
5931,59.895912,60.0
5932,59.634796,60.0
5933,60.073498,59.0
5934,59.12957,59.0
5935,59.631912,59.0
5936,59.54949,59.0
5937,59.40157,59.0
5938,59.14793,59.0
5939,59.022182,59.0
5940,59.382774,60.0
5941,60.474052,59.0
5942,59.409527,59.0
5943,59.047806,59.0
5944,59.129387,60.0
5945,60.328583,60.0
5946,60.06661,61.0
5947,61.360905,62.0
5948,62.163437,63.0
5949,63.16194,63.0
5950,63.059925,63.0
5951,62.99351,64.0
5952,64.0446,64.0
5953,63.887066,65.0
5954,65.113235,65.0
5955,64.36293,66.99999999999999
5956,67.2422,68.0
5957,68.909386,72.0
5958,73.00612,73.00000000000001
5959,73.80914,74.0
5960,74.623856,74.99999999999999
5961,75.78547,77.00000000000001
5962,77.94831,77.00000000000001
5963,77.07676,78.0
5964,78.63078,78.99999999999999
5965,79.571365,80.0
5966,80.29166,82.0
5967,83.11365,84.0
5968,84.82499,84.0
5969,83.666084,84.0
5970,83.38992,84.0
5971,83.79191,82.99999999999999
5972,82.75309,82.0
5973,81.98826,82.0
5974,82.262856,82.0
5975,82.462906,82.0
5976,81.93045,82.0
5977,81.30679,81.00000000000001
5978,79.93225,80.0
5979,78.04136,78.0
5980,75.49716,77.00000000000001
5981,74.3648,74.99999999999999
5982,71.93792,73.00000000000001
5983,71.04543,72.0
5984,70.602646,70.99999999999999
5985,69.77765,70.0
5986,69.94056,70.0
5987,69.97529,69.00000000000001
5988,68.785774,69.00000000000001
5989,68.33327,68.0
5990,67.680336,66.0
5991,66.39391,64.0
5992,63.58481,64.0
5993,63.773087,63.0
5994,62.46801,63.0
5995,62.729786,63.0
5996,62.86366,63.0
5997,62.801968,63.0
5998,62.93701,63.0
5999,63.174213,63.0
6000,63.31212,64.0
6001,64.66665,65.0
6002,65.7302,66.0
6003,66.60055,66.0
6004,66.54146,66.0
6005,66.401794,66.0
6006,66.51347,66.99999999999999
6007,66.33596,68.0
6008,68.288864,68.0
6009,67.92005,68.0
6010,68.16268,68.0
6011,68.461136,68.0
6012,68.94302,70.0
6013,70.60262,70.99999999999999
6014,71.61185,72.0
6015,72.92686,73.00000000000001
6016,74.02857,74.0
6017,74.724075,74.99999999999999
6018,74.81577,74.99999999999999
6019,74.96973,74.99999999999999
6020,74.818825,74.99999999999999
6021,74.6159,74.0
6022,73.439545,74.0
6023,73.457115,74.0
6024,73.18897,73.00000000000001
6025,71.428085,73.00000000000001
6026,71.129875,73.00000000000001
6027,71.70085,72.0
6028,71.78425,72.0
6029,70.90847,70.99999999999999
6030,69.61803,70.0
6031,68.33561,69.00000000000001
6032,67.8581,68.0
6033,67.09039,66.99999999999999
6034,66.267845,66.0
6035,64.56595,65.0
6036,63.9532,62.0
6037,61.142242,61.0
6038,59.940826,58.0
6039,57.1787,57.0
6040,55.89189,55.0
6041,54.607544,55.0
6042,54.37309,54.0
6043,53.370552,54.0
6044,53.718075,54.0
6045,53.48406,54.0
6046,53.637207,54.0
6047,53.38698,53.0
6048,52.82326,53.0
6049,53.519573,53.0
6050,54.356785,53.0
6051,54.37669,53.0
6052,54.00697,54.0
6053,54.53717,54.0
6054,54.34986,54.0
6055,54.14661,54.0
6056,54.10813,54.0
6057,53.943855,55.0
6058,55.759644,55.0
6059,55.315163,56.0
6060,56.07804,56.0
6061,56.315674,56.0
6062,56.57699,58.0
6063,59.310894,60.0
6064,61.133583,61.0
6065,62.37315,61.0
6066,61.11983,61.0
6067,60.95196,61.0
6068,60.980827,61.0
6069,60.630257,62.0
6070,61.710648,61.0
6071,60.624184,61.0
6072,60.674343,61.0
6073,60.49811,61.0
6074,60.283184,60.0
6075,59.445328,59.0
6076,58.45846,58.0
6077,57.705753,57.0
6078,56.550846,57.0
6079,56.470627,56.0
6080,55.566128,56.0
6081,55.09058,55.0
6082,54.3197,55.0
6083,54.442097,54.0
6084,53.61457,54.0
6085,53.784264,54.0
6086,54.007526,54.0
6087,54.068054,53.0
6088,53.482616,53.0
6089,53.579433,53.0
6090,53.024815,53.0
6091,53.038227,54.0
6092,54.091343,55.0
6093,55.065647,55.0
6094,55.273705,55.0
6095,54.879738,54.0
6096,54.003994,55.0
6097,54.929607,55.0
6098,55.089058,55.0
6099,56.077732,56.0
6100,58.078262,57.0
6101,59.25777,58.0
6102,59.033344,58.0
6103,58.717606,58.0
6104,58.675564,58.0
6105,58.335854,58.0
6106,57.76197,58.0
6107,57.505375,59.0
6108,58.59419,59.0
6109,58.998615,59.0
6110,58.894054,60.0
6111,59.31277,59.0
6112,58.862167,59.0
6113,59.265446,59.0
6114,58.591705,58.0
6115,57.501656,58.0
6116,57.64112,57.0
6117,57.097454,57.0
6118,57.126072,58.0
6119,57.912952,58.0
6120,57.634106,58.0
6121,57.738018,58.0
6122,58.021786,58.0
6123,57.955425,58.0
6124,57.724472,58.0
6125,58.128567,57.0
6126,56.997894,57.0
6127,57.306526,57.0
6128,57.399117,57.0
6129,56.814957,58.0
6130,59.054546,58.0
6131,58.54682,59.0
6132,59.46093,59.0
6133,59.052235,58.0
6134,58.383144,59.0
6135,59.726974,59.0
6136,59.183434,58.0
6137,58.481182,58.0
6138,58.31278,59.0
6139,58.87801,58.0
6140,57.943398,58.0
6141,57.61184,58.0
6142,57.787388,58.0
6143,57.895153,58.0
6144,57.948917,58.0
6145,57.88728,58.0
6146,58.167313,58.0
6147,58.47311,58.0
6148,58.841213,57.0
6149,58.246906,57.0
6150,58.171227,58.0
6151,58.88898,58.0
6152,58.488388,58.0
6153,58.26834,58.0
6154,57.95593,57.0
6155,56.71061,57.0
6156,56.593113,56.0
6157,55.73961,57.0
6158,56.472,56.0
6159,56.18877,56.0
6160,56.20392,56.0
6161,55.591496,55.0
6162,54.918293,55.0
6163,54.744976,56.0
6164,55.788986,56.0
6165,55.410206,56.0
6166,55.693398,56.0
6167,55.526222,56.0
6168,55.910923,56.0
6169,56.041714,56.0
6170,55.87426,57.0
6171,57.365833,57.0
6172,57.912292,58.0
6173,58.916935,58.0
6174,58.769527,59.0
6175,59.44486,61.0
6176,61.277676,62.0
6177,62.5735,63.0
6178,63.144554,63.0
6179,62.91108,64.0
6180,63.85226,64.0
6181,64.16626,65.0
6182,64.93309,65.0
6183,64.87882,65.0
6184,64.91517,65.0
6185,64.63322,65.0
6186,65.12735,65.0
6187,64.90241,65.0
6188,65.20267,65.0
6189,64.98871,65.0
6190,65.14098,66.0
6191,65.84107,66.99999999999999
6192,67.40687,66.99999999999999
6193,65.64195,66.99999999999999
6194,66.24557,66.99999999999999
6195,66.854454,66.99999999999999
6196,67.09274,68.0
6197,68.457466,68.0
6198,68.12,68.0
6199,67.52112,68.0
6200,67.172356,66.99999999999999
6201,66.51952,66.0
6202,66.63015,66.99999999999999
6203,67.621605,68.0
6204,68.175354,66.99999999999999
6205,66.77703,66.99999999999999
6206,66.931885,66.0
6207,65.67512,66.0
6208,65.64013,66.0
6209,65.51001,65.0
6210,64.816246,66.0
6211,65.88722,66.99999999999999
6212,66.57254,66.0
6213,66.01175,66.99999999999999
6214,66.94695,66.0
6215,65.91107,66.0
6216,66.164764,66.0
6217,66.549805,66.99999999999999
6218,66.5815,66.99999999999999
6219,66.39956,66.0
6220,64.68965,65.0
6221,64.737976,65.0
6222,65.64527,64.0
6223,64.02659,63.0
6224,63.49919,62.0
6225,62.60877,62.0
6226,61.529053,61.0
6227,60.533188,60.0
6228,59.73974,61.0
6229,60.471313,61.0
6230,61.552017,63.0
6231,64.355095,64.0
6232,65.15179,66.0
6233,67.246956,66.0
6234,66.28312,66.0
6235,66.25345,66.0
6236,66.16845,65.0
6237,64.44495,65.0
6238,64.800514,65.0
6239,64.48348,65.0
6240,64.49624,64.0
6241,63.387722,64.0
6242,62.898785,63.0
6243,62.739784,63.0
6244,62.71996,64.0
6245,63.235386,68.0
6246,67.77827,68.0
6247,68.7859,69.00000000000001
6248,69.93942,69.00000000000001
6249,69.50905,68.0
6250,68.19422,69.00000000000001
6251,69.33396,68.0
6252,68.11088,69.00000000000001
6253,69.088844,70.0
6254,70.50733,72.0
6255,71.95681,73.00000000000001
6256,72.59953,74.0
6257,73.94219,74.0
6258,74.03866,74.0
6259,73.96425,74.99999999999999
6260,75.807755,74.99999999999999
6261,75.581116,74.99999999999999
6262,76.06565,74.99999999999999
6263,75.96371,76.0
6264,76.89858,77.00000000000001
6265,78.02614,78.0
6266,79.024345,80.0
6267,80.49107,82.0
6268,82.70991,85.00000000000001
6269,86.40154,65.0
6270,65.37731,64.0
6271,64.44521,62.0
6272,62.24099,61.0
6273,60.95549,61.0
6274,60.58867,61.0
6275,60.755215,62.0
6276,61.53216,63.0
6277,62.413044,63.0
6278,62.408688,64.0
6279,63.656956,64.0
6280,63.68054,65.0
6281,64.77096,65.0
6282,64.9873,64.0
6283,64.00437,64.0
6284,63.602398,65.0
6285,65.03929,65.0
6286,65.05933,65.0
6287,64.89849,66.0
6288,65.91804,59.0
6289,58.260765,60.0
6290,58.89577,60.0
6291,59.08632,59.0
6292,58.04448,59.0
6293,58.9573,56.0
6294,56.256817,56.0
6295,55.92595,56.0
6296,55.70718,56.0
6297,56.075897,55.0
6298,54.598675,55.0
6299,54.455257,54.0
6300,53.457947,53.0
6301,52.62145,53.0
6302,52.347477,53.0
6303,52.481415,53.0
6304,52.77318,53.0
6305,53.00233,53.0
6306,53.059856,52.0
6307,52.14594,52.0
6308,51.80638,52.0
6309,51.982334,50.0
6310,50.519276,50.0
6311,49.77239,47.0
6312,46.91209,48.0
6313,48.64191,46.0
6314,49.245502,44.0
6315,47.752563,44.0
6316,47.459297,48.0
6317,49.84731,86.0
6318,84.19212,85.00000000000001
6319,85.69715,84.0
6320,83.78724,82.99999999999999
6321,83.17178,82.99999999999999
6322,83.52038,82.0
6323,82.75428,81.00000000000001
6324,82.54975,81.00000000000001
6325,82.77468,81.00000000000001
6326,83.01243,81.00000000000001
6327,82.32873,81.00000000000001
6328,81.348785,80.0
6329,80.43724,80.0
6330,81.05456,80.0
6331,80.85663,80.0
6332,80.29772,80.0
6333,80.5288,80.0
6334,80.4747,80.0
6335,80.40916,80.0
6336,80.5643,80.0
6337,80.479256,80.0
6338,80.476685,80.0
6339,80.03259,80.0
6340,79.86719,80.0
6341,79.38019,74.0
6342,71.88854,74.0
6343,72.21047,73.00000000000001
6344,71.519196,73.00000000000001
6345,71.917366,73.00000000000001
6346,72.78665,73.00000000000001
6347,72.02531,72.0
6348,71.28095,70.99999999999999
6349,70.31164,70.0
6350,69.13318,69.00000000000001
6351,68.5517,68.0
6352,67.931366,68.0
6353,68.064995,68.0
6354,68.12694,68.0
6355,68.49376,69.00000000000001
6356,68.70736,69.00000000000001
6357,69.21042,69.00000000000001
6358,69.6702,69.00000000000001
6359,69.49894,70.0
6360,71.55833,70.99999999999999
6361,71.633934,70.99999999999999
6362,71.42566,70.99999999999999
6363,70.9646,70.0
6364,69.1405,70.0
6365,69.109795,59.0
6366,60.64225,59.0
6367,59.514954,60.0
6368,61.22439,61.0
6369,61.3512,60.0
6370,59.602474,60.0
6371,59.271553,59.0
6372,58.309685,59.0
6373,58.77127,58.0
6374,57.66786,57.0
6375,56.814266,56.0
6376,55.452396,56.0
6377,55.874092,56.0
6378,56.168102,56.0
6379,56.0647,56.0
6380,56.140774,56.0
6381,56.245747,56.0
6382,56.032295,56.0
6383,55.470604,56.0
6384,56.144703,56.0
6385,56.374844,57.0
6386,57.729225,57.0
6387,57.615116,56.0
6388,56.67993,56.0
6389,56.488148,40.0
6390,42.09277,43.0
6391,43.674454,45.0
6392,46.40754,49.0
6393,51.01783,52.0
6394,53.459335,53.0
6395,54.215378,55.0
6396,55.606915,56.0
6397,56.446594,57.0
6398,57.50983,57.0
6399,57.295746,57.0
6400,56.747078,57.0
6401,56.76004,58.0
6402,57.705273,58.0
6403,57.528458,58.0
6404,57.501446,58.0
6405,57.848553,58.0
6406,58.215263,59.0
6407,58.643127,59.0
6408,58.861008,60.0
6409,59.40236,61.0
6410,61.11576,60.0
6411,60.91175,60.0
6412,60.683716,61.0
6413,61.161945,72.0
6414,72.01405,73.00000000000001
6415,74.70416,74.99999999999999
6416,75.900345,76.0
6417,76.781555,76.0
6418,76.96831,76.0
6419,76.76598,77.00000000000001
6420,78.20176,77.00000000000001
6421,77.59125,74.99999999999999
6422,74.79874,74.0
6423,74.10884,74.0
6424,74.01939,74.0
6425,73.62301,73.00000000000001
6426,72.89598,73.00000000000001
6427,73.241,74.0
6428,74.101295,73.00000000000001
6429,72.9267,73.00000000000001
6430,72.93896,74.0
6431,74.25063,73.00000000000001
6432,72.790855,73.00000000000001
6433,72.896645,72.0
6434,71.82517,70.99999999999999
6435,70.667404,70.0
6436,68.99592,69.00000000000001
6437,68.61544,66.0
6438,64.278,66.0
6439,64.9306,66.99999999999999
6440,66.59826,68.0
6441,67.52965,69.00000000000001
6442,68.78297,70.0
6443,69.70652,72.0
6444,72.09025,72.0
6445,72.61725,73.00000000000001
6446,73.67812,74.0
6447,74.92557,76.0
6448,76.53868,76.0
6449,76.5979,76.0
6450,76.86429,74.99999999999999
6451,75.79189,76.0
6452,77.25831,74.99999999999999
6453,76.109985,76.0
6454,77.09231,76.0
6455,76.92326,77.00000000000001
6456,78.89093,76.0
6457,76.96333,76.0
6458,76.89701,77.00000000000001
6459,77.72271,78.0
6460,77.61092,78.0
6461,77.96005,78.99999999999999
6462,79.05597,78.0
6463,77.39591,78.99999999999999
6464,78.87321,78.99999999999999
6465,77.47412,78.99999999999999
6466,78.10832,78.99999999999999
6467,78.39988,78.99999999999999
6468,79.68911,80.0
6469,80.64932,78.99999999999999
6470,78.728264,80.0
6471,78.83427,81.00000000000001
6472,80.42357,80.0
6473,80.16115,78.99999999999999
6474,78.97369,80.0
6475,79.901665,78.99999999999999
6476,78.36926,78.99999999999999
6477,78.39278,80.0
6478,80.33006,81.00000000000001
6479,80.88536,82.0
6480,81.75847,80.0
6481,77.92183,81.00000000000001
6482,79.35235,82.0
6483,80.10737,82.99999999999999
6484,83.13671,81.00000000000001
6485,81.49137,53.0
6486,54.13966,57.0
6487,58.61171,58.0
6488,59.755802,60.0
6489,60.681175,60.0
6490,59.890316,59.0
6491,59.000427,58.0
6492,58.28343,57.0
6493,56.94638,58.0
6494,58.363556,58.0
6495,57.267223,58.0
6496,57.241993,58.0
6497,57.698944,57.0
6498,55.59668,57.0
6499,56.157646,57.0
6500,56.765415,56.0
6501,55.147015,57.0
6502,56.28188,58.0
6503,57.157017,57.0
6504,57.055374,59.0
6505,58.76984,59.0
6506,59.12737,60.0
6507,59.667484,61.0
6508,61.862568,63.0
6509,64.63735,65.0
6510,63.82576,66.0
6511,65.708626,66.0
6512,65.18559,66.0
6513,65.94189,66.0
6514,66.234245,66.0
6515,66.45135,66.0
6516,66.29271,66.0
6517,66.09206,65.0
6518,64.8547,63.0
6519,62.729786,60.0
6520,59.940826,60.0
6521,59.80919,59.0
6522,58.867165,58.0
6523,57.39919,59.0
6524,59.042866,58.0
6525,58.020546,57.0
6526,57.362446,58.0
6527,58.93112,59.0
6528,59.591846,60.0
6529,60.943634,61.0
6530,61.117233,61.0
6531,61.049046,62.0
6532,61.77895,63.0
6533,62.925343,63.0
6534,63.038353,64.0
6535,63.944054,64.0
6536,63.677208,65.0
6537,65.12241,64.0
6538,64.05731,64.0
6539,64.407295,64.0
6540,64.62594,63.0
6541,64.07847,64.0
6542,65.48886,66.0
6543,67.09012,66.99999999999999
6544,67.35097,66.99999999999999
6545,67.25465,68.0
6546,68.075356,66.99999999999999
6547,66.61384,68.0
6548,68.13791,70.0
6549,70.40748,70.0
6550,69.87631,70.0
6551,69.471344,69.00000000000001
6552,68.54625,69.00000000000001
6553,69.001335,69.00000000000001
6554,68.1798,69.00000000000001
6555,68.76766,68.0
6556,68.31566,66.99999999999999
6557,67.30444,66.99999999999999
6558,66.71686,66.0
6559,65.78259,66.0
6560,65.955284,65.0
6561,65.184845,65.0
6562,65.30568,64.0
6563,63.702927,63.0
6564,62.774277,64.0
6565,64.13646,64.0
6566,63.35522,63.0
6567,62.215607,62.0
6568,61.402046,62.0
6569,61.679905,62.0
6570,61.701294,62.0
6571,61.22423,61.0
6572,60.32389,59.0
6573,58.602573,59.0
6574,58.953064,58.0
6575,57.706604,58.0
6576,57.724934,57.0
6577,56.777775,57.0
6578,57.2881,57.0
6579,57.697304,57.0
6580,57.75172,57.0
6581,57.769943,58.0
6582,58.231956,58.0
6583,57.797646,58.0
6584,58.162323,58.0
6585,58.58749,59.0
6586,59.564365,60.0
6587,60.135254,61.0
6588,61.203026,61.0
6589,61.16116,61.0
6590,61.676407,62.0
6591,62.760506,62.0
6592,61.655754,62.0
6593,62.199444,63.0
6594,62.84774,62.0
6595,61.81283,63.0
6596,62.880592,63.0
6597,62.795746,62.0
6598,62.099915,63.0
6599,63.07164,63.0
6600,63.039654,64.0
6601,64.30038,65.0
6602,65.137955,65.0
6603,65.25219,66.0
6604,66.500465,68.0
6605,69.01139,69.00000000000001
6606,69.67158,69.00000000000001
6607,69.297325,69.00000000000001
6608,69.55076,68.0
6609,68.27732,68.0
6610,67.82649,68.0
6611,67.17869,66.99999999999999
6612,66.03908,66.0
6613,65.1898,66.0
6614,65.28341,68.0
6615,68.295815,70.99999999999999
6616,71.52614,70.99999999999999
6617,71.065094,70.99999999999999
6618,71.452965,70.99999999999999
6619,70.87816,70.99999999999999
6620,70.930435,72.0
6621,72.612366,73.00000000000001
6622,73.147545,74.0
6623,74.327736,73.00000000000001
6624,73.041794,74.0
6625,73.88086,73.00000000000001
6626,72.296165,70.99999999999999
6627,70.77118,70.99999999999999
6628,70.82923,70.0
6629,70.07473,70.0
6630,69.770226,70.0
6631,69.3305,70.99999999999999
6632,71.64487,70.99999999999999
6633,71.45336,72.0
6634,72.77861,73.00000000000001
6635,73.60136,73.00000000000001
6636,73.660255,73.00000000000001
6637,72.30379,73.00000000000001
6638,71.65008,72.0
6639,70.76702,70.0
6640,69.989624,70.99999999999999
6641,70.82172,70.0
6642,70.19694,70.99999999999999
6643,71.19079,72.0
6644,71.39381,70.0
6645,70.27623,70.0
6646,70.37606,70.0
6647,70.572426,70.99999999999999
6648,70.803986,70.0
6649,70.40277,70.99999999999999
6650,70.87007,70.99999999999999
6651,69.78508,70.99999999999999
6652,70.350685,72.0
6653,72.004105,73.00000000000001
6654,73.49306,74.0
6655,74.22029,74.0
6656,74.35794,74.0
6657,74.54896,74.0
6658,74.200035,74.0
6659,73.978676,74.99999999999999
6660,75.56593,74.99999999999999
6661,75.67864,76.0
6662,76.506516,76.0
6663,75.89637,76.0
6664,75.166855,76.0
6665,75.849495,77.00000000000001
6666,76.10606,76.0
6667,75.18186,76.0
6668,75.63172,76.0
6669,75.66629,74.99999999999999
6670,74.65893,74.0
6671,73.67474,73.00000000000001
6672,72.71188,73.00000000000001
6673,72.8914,73.00000000000001
6674,72.4144,73.00000000000001
6675,71.942665,72.0
6676,70.412,70.99999999999999
6677,69.52567,69.00000000000001
6678,67.64272,68.0
6679,66.52752,66.99999999999999
6680,66.35431,66.0
6681,65.45364,65.0
6682,64.38911,65.0
6683,64.30159,64.0
6684,62.96195,63.0
6685,61.969013,61.0
6686,60.090126,61.0
6687,60.768005,62.0
6688,61.954197,62.0
6689,62.399952,64.0
6690,64.91583,64.0
6691,63.67381,64.0
6692,63.77375,63.0
6693,63.374783,64.0
6694,64.45392,65.0
6695,65.12212,65.0
6696,64.79299,65.0
6697,64.95488,65.0
6698,64.89596,66.0
6699,66.094826,66.99999999999999
6700,67.13682,68.0
6701,68.18148,68.0
6702,68.11896,68.0
6703,67.300934,68.0
6704,68.17553,69.00000000000001
6705,69.09234,69.00000000000001
6706,68.75082,69.00000000000001
6707,68.844,69.00000000000001
6708,68.99917,69.00000000000001
6709,68.65228,69.00000000000001
6710,68.63119,69.00000000000001
6711,68.57404,69.00000000000001
6712,69.391464,69.00000000000001
6713,67.55184,66.99999999999999
6714,66.50339,68.0
6715,67.869194,68.0
6716,67.87987,69.00000000000001
6717,68.724045,68.0
6718,68.110725,66.99999999999999
6719,66.8508,66.99999999999999
6720,66.96544,66.99999999999999
6721,66.99497,66.99999999999999
6722,66.90559,68.0
6723,68.17578,68.0
6724,67.87065,68.0
6725,68.37923,69.00000000000001
6726,69.360275,70.0
6727,69.98435,69.00000000000001
6728,69.37474,70.0
6729,71.05303,70.99999999999999
6730,72.11517,72.0
6731,72.804924,73.00000000000001
6732,72.956116,74.0
6733,74.245476,74.0
6734,74.72056,74.0
6735,74.21012,74.99999999999999
6736,75.510376,74.0
6737,74.15193,74.0
6738,73.77047,73.00000000000001
6739,72.79679,73.00000000000001
6740,72.87353,73.00000000000001
6741,73.27557,74.0
6742,74.56461,74.99999999999999
6743,75.6592,74.99999999999999
6744,74.24679,76.0
6745,74.99016,76.0
6746,74.92777,74.99999999999999
6747,73.029594,74.0
6748,72.30872,73.00000000000001
6749,72.57262,72.0
6750,71.285164,72.0
6751,71.4339,72.0
6752,71.62544,70.99999999999999
6753,70.84839,70.99999999999999
6754,70.155334,69.00000000000001
6755,68.262924,69.00000000000001
6756,68.79397,69.00000000000001
6757,68.934235,69.00000000000001
6758,68.86061,69.00000000000001
6759,69.68359,69.00000000000001
6760,68.95301,69.00000000000001
6761,68.63635,69.00000000000001
6762,68.38294,68.0
6763,67.55963,68.0
6764,67.58489,68.0
6765,67.84026,68.0
6766,67.70558,68.0
6767,68.05093,68.0
6768,68.0352,68.0
6769,67.82312,68.0
6770,67.61783,68.0
6771,67.718796,69.00000000000001
6772,69.266396,70.0
6773,69.966896,70.99999999999999
6774,71.23168,72.0
6775,72.876976,73.00000000000001
6776,74.56175,74.99999999999999
6777,76.48551,74.99999999999999
6778,75.47481,74.99999999999999
6779,75.432655,74.99999999999999
6780,74.95512,74.99999999999999
6781,74.56147,74.99999999999999
6782,74.47255,74.99999999999999
6783,74.10866,73.00000000000001
6784,72.74958,73.00000000000001
6785,72.8326,73.00000000000001
6786,72.64229,73.00000000000001
6787,72.736046,74.0
6788,74.12801,74.0
6789,73.762146,73.00000000000001
6790,73.12286,73.00000000000001
6791,72.87909,77.00000000000001
6792,77.944855,77.00000000000001
6793,75.63948,76.0
6794,75.01648,76.0
6795,75.78488,74.99999999999999
6796,75.19777,74.0
6797,73.502716,73.00000000000001
6798,72.59186,72.0
6799,71.05068,70.0
6800,69.09861,69.00000000000001
6801,68.80373,68.0
6802,67.92433,68.0
6803,67.868835,68.0
6804,67.81925,68.0
6805,67.283165,66.99999999999999
6806,65.9517,66.0
6807,65.198654,66.0
6808,65.68796,65.0
6809,64.49065,65.0
6810,64.83204,66.0
6811,65.60972,65.0
6812,65.192604,65.0
6813,65.0671,66.99999999999999
6814,66.793304,66.99999999999999
6815,64.99428,64.0
6816,64.20932,65.0
6817,65.2084,66.0
6818,66.06167,66.0
6819,66.42716,66.99999999999999
6820,67.41753,68.0
6821,69.17673,70.0
6822,71.308174,73.00000000000001
6823,74.51347,74.99999999999999
6824,76.19944,76.0
6825,76.84371,78.0
6826,79.43427,78.99999999999999
6827,80.35981,80.0
6828,80.49242,80.0
6829,80.330215,81.00000000000001
6830,81.26497,82.0
6831,82.66482,82.99999999999999
6832,83.71486,84.0
6833,84.837074,85.00000000000001
6834,86.021935,86.0
6835,86.34168,88.0
6836,89.34973,88.0
6837,88.08657,88.0
6838,88.8493,88.0
6839,87.215256,86.99999999999999
6840,86.70725,86.0
6841,85.14394,86.0
6842,83.82358,86.0
6843,82.83035,86.0
6844,83.16799,85.00000000000001
6845,81.67061,85.00000000000001
6846,80.75016,84.0
6847,81.953705,84.0
6848,82.72807,82.99999999999999
6849,81.78186,82.0
6850,81.763756,81.00000000000001
6851,80.80157,80.0
6852,79.869316,78.99999999999999
6853,78.8052,78.99999999999999
6854,78.70113,78.0
6855,77.89669,78.0
6856,77.32717,76.0
6857,75.22403,74.99999999999999
6858,74.176025,74.0
6859,72.450905,72.0
6860,71.36144,70.99999999999999
6861,70.43131,70.99999999999999
6862,70.40805,70.0
6863,69.24829,70.0
6864,69.12318,69.00000000000001
6865,67.542366,69.00000000000001
6866,67.461815,68.0
6867,67.37965,66.99999999999999
6868,66.526886,66.0
6869,65.28059,65.0
6870,63.749447,62.0
6871,60.4106,61.0
6872,60.635136,60.0
6873,60.54435,60.0
6874,61.32481,60.0
6875,60.708206,60.0
6876,60.321476,61.0
6877,60.948723,61.0
6878,60.781937,61.0
6879,61.123184,61.0
6880,61.343792,62.0
6881,62.11045,63.0
6882,63.10516,64.0
6883,63.928986,65.0
6884,64.9185,65.0
6885,64.69687,66.0
6886,66.1537,66.0
6887,66.06593,66.0
6888,67.15738,66.0
6889,65.91627,70.0
6890,70.05839,84.0
6891,88.391846,85.00000000000001
6892,85.9885,86.0
6893,87.65773,86.99999999999999
6894,88.46199,89.00000000000001
6895,90.65493,90.0
6896,91.38193,90.99999999999999
6897,91.71542,92.0
6898,92.80731,92.0
6899,91.89438,92.0
6900,92.16752,93.00000000000001
6901,93.2305,94.0
6902,94.59591,96.0
6903,95.99955,96.0
6904,95.61075,96.0
6905,95.617805,94.99999999999999
6906,95.00587,94.0
6907,93.641495,94.0
6908,93.88085,94.0
6909,93.63131,94.0
6910,93.397316,94.0
6911,92.95686,94.0
6912,92.92422,93.00000000000001
6913,87.826294,89.00000000000001
6914,77.18033,74.99999999999999
6915,72.96784,74.99999999999999
6916,72.970894,74.0
6917,72.74233,73.00000000000001
6918,71.551315,70.99999999999999
6919,69.72378,70.99999999999999
6920,70.218575,70.0
6921,69.28051,69.00000000000001
6922,69.08202,69.00000000000001
6923,69.09858,68.0
6924,67.67533,66.99999999999999
6925,66.331604,66.99999999999999
6926,66.304375,66.99999999999999
6927,67.95131,69.00000000000001
6928,69.216576,69.00000000000001
6929,69.436005,70.0
6930,70.22088,70.0
6931,69.852005,70.0
6932,70.0574,69.00000000000001
6933,68.82118,69.00000000000001
6934,68.65833,69.00000000000001
6935,68.73574,68.0
6936,68.76506,69.00000000000001
6937,69.374344,70.0
6938,69.99633,70.0
6939,69.643585,70.0
6940,69.50777,70.0
6941,69.720634,70.0
6942,69.32641,70.0
6943,69.38294,70.0
6944,69.79458,70.0
6945,69.33328,70.0
6946,69.884186,70.0
6947,70.26883,70.0
6948,69.63471,70.0
6949,69.191826,69.00000000000001
6950,67.64293,66.99999999999999
6951,65.68245,66.0
6952,65.562515,66.0
6953,65.18124,66.0
6954,65.48334,65.0
6955,64.55922,64.0
6956,63.561024,64.0
6957,63.5352,64.0
6958,63.96773,64.0
6959,64.003044,64.0
6960,63.97416,65.0
6961,64.82614,65.0
6962,65.272964,64.0
6963,63.47656,64.0
6964,62.983578,64.0
6965,63.453465,64.0
6966,64.04974,64.0
6967,63.49378,64.0
6968,64.22126,65.0
6969,66.28452,65.0
6970,65.239624,65.0
6971,65.03334,65.0
6972,65.17448,65.0
6973,65.005806,65.0
6974,65.01575,66.0
6975,66.3411,65.0
6976,65.60889,64.0
6977,63.705826,64.0
6978,64.053276,64.0
6979,64.01891,65.0
6980,64.88406,65.0
6981,64.651825,65.0
6982,64.915985,65.0
6983,65.00149,65.0
6984,65.24128,65.0
6985,65.2568,65.0
6986,65.15486,66.0
6987,65.884415,66.0
6988,65.915924,68.0
