,prediction,actual
0,60.462315,60.0
1,60.721004,60.0
2,60.678616,58.99999999999999
3,60.4387,57.99999999999999
4,59.863186,57.99999999999999
5,59.034935,57.99999999999999
6,58.356987,57.99999999999999
7,58.068813,57.99999999999999
8,58.006775,58.99999999999999
9,58.068058,57.99999999999999
10,58.49089,57.99999999999999
11,58.5832,57.99999999999999
12,58.44609,57.99999999999999
13,58.228504,57.99999999999999
14,58.043568,57.99999999999999
15,57.980602,57.99999999999999
16,57.959934,57.99999999999999
17,57.91181,57.99999999999999
18,57.85846,58.99999999999999
19,57.89789,57.99999999999999
20,58.38601,57.99999999999999
21,58.513866,57.99999999999999
22,58.502823,57.99999999999999
23,58.55087,57.99999999999999
24,58.708607,57.99999999999999
25,58.777542,57.99999999999999
26,58.579247,57.99999999999999
27,58.37092,58.99999999999999
28,58.075714,58.99999999999999
29,58.258255,58.99999999999999
30,58.63518,57.99999999999999
31,58.949226,57.99999999999999
32,58.781822,57.00000000000001
33,58.341568,57.00000000000001
34,57.514267,57.00000000000001
35,56.78643,57.00000000000001
36,56.41826,57.00000000000001
37,56.24704,57.00000000000001
38,56.33908,57.00000000000001
39,56.514404,57.00000000000001
40,56.51501,57.00000000000001
41,56.236935,56.0
42,55.836464,56.0
43,55.104393,56.0
44,54.53709,56.0
45,54.38768,56.0
46,54.540657,56.0
47,54.74226,56.0
48,54.887184,56.0
49,54.919685,56.0
50,54.823116,56.0
51,54.568367,54.99999999999999
52,54.2994,57.00000000000001
53,53.81071,57.99999999999999
54,54.015797,57.99999999999999
55,54.78853,58.99999999999999
56,55.53817,58.99999999999999
57,56.350266,58.99999999999999
58,56.909008,58.99999999999999
59,57.137737,58.99999999999999
60,57.159912,58.99999999999999
61,57.123634,58.99999999999999
62,57.102386,58.99999999999999
63,57.18824,58.99999999999999
64,57.26039,58.99999999999999
65,57.24085,58.99999999999999
66,57.158566,58.99999999999999
67,57.020412,58.99999999999999
68,56.95094,58.99999999999999
69,56.96065,58.99999999999999
70,57.005733,60.0
71,57.0292,60.0
72,57.348133,60.0
73,57.60037,60.0
74,57.72407,60.0
75,57.680172,58.99999999999999
76,57.56562,57.00000000000001
77,57.15909,57.00000000000001
78,56.181873,57.00000000000001
79,55.404137,57.00000000000001
80,55.05335,57.00000000000001
81,55.10965,57.00000000000001
82,55.39203,57.00000000000001
83,55.66707,57.00000000000001
84,55.836964,57.00000000000001
85,55.946266,57.00000000000001
86,55.942398,57.00000000000001
87,55.84202,57.00000000000001
88,55.62936,57.00000000000001
89,55.348495,57.00000000000001
90,55.19492,57.00000000000001
91,55.027756,57.00000000000001
92,54.8993,57.99999999999999
93,54.974205,57.99999999999999
94,55.461433,57.00000000000001
95,55.753387,57.00000000000001
96,55.53535,58.99999999999999
97,55.18948,61.99999999999999
98,55.38599,65.99999999999999
99,56.409504,69.0
100,58.592545,69.99999999999999
101,61.801155,71.0
102,64.48672,71.0
103,66.21992,71.0
104,66.70101,71.0
105,66.316444,71.0
106,65.60058,71.0
107,64.945656,71.0
108,64.675415,71.0
109,64.72331,71.0
110,64.985664,71.0
111,65.16629,71.0
112,64.96152,72.0
113,64.38514,72.0
114,63.887115,72.0
115,63.181255,72.0
116,62.562283,72.0
117,62.407715,69.99999999999999
118,62.20304,71.0
119,60.992115,69.99999999999999
120,60.567844,69.0
121,60.40519,65.0
122,59.83174,60.0
123,57.83017,57.00000000000001
124,54.67629,54.99999999999999
125,51.535477,54.0
126,49.214237,53.00000000000001
127,48.17595,53.00000000000001
128,47.861507,54.0
129,48.32187,54.0
130,49.40366,54.0
131,50.592537,54.0
132,51.46406,54.0
133,52.01955,54.0
134,51.99946,54.0
135,51.45278,54.0
136,50.67811,54.0
137,49.984173,53.00000000000001
138,49.723286,53.00000000000001
139,49.12556,52.0
140,48.49713,50.99999999999999
141,47.645443,50.99999999999999
142,46.774918,50.99999999999999
143,46.437492,50.0
144,46.71285,50.99999999999999
145,46.864967,50.99999999999999
146,47.315094,53.00000000000001
147,47.728123,54.0
148,48.679134,54.99999999999999
149,49.8672,56.0
150,51.133602,57.00000000000001
151,52.252487,57.00000000000001
152,53.223263,56.0
153,53.838768,56.0
154,53.646313,57.00000000000001
155,53.240158,57.00000000000001
156,53.28826,57.00000000000001
157,53.568096,57.99999999999999
158,53.881096,58.99999999999999
159,54.454437,60.0
160,55.221523,60.0
161,56.062653,61.00000000000001
162,56.47748,61.99999999999999
163,56.629154,61.99999999999999
164,56.775963,62.99999999999999
165,56.605362,62.99999999999999
166,56.485275,62.99999999999999
167,56.431763,62.99999999999999
168,56.27694,61.99999999999999
169,56.269028,61.99999999999999
170,56.04822,61.00000000000001
171,55.943104,58.99999999999999
172,55.70482,58.99999999999999
173,55.226795,58.99999999999999
174,54.984097,58.99999999999999
175,55.050068,58.99999999999999
176,55.375507,60.0
177,55.80791,61.00000000000001
178,56.46167,61.00000000000001
179,57.28064,61.99999999999999
180,57.963608,61.99999999999999
181,58.61651,61.99999999999999
182,58.969048,61.99999999999999
183,58.84166,61.99999999999999
184,58.296417,61.99999999999999
185,57.70563,62.99999999999999
186,57.324547,64.0
187,57.463097,65.0
188,58.045963,65.0
189,59.10127,65.0
190,60.151077,67.0
191,60.747272,67.0
192,61.466064,68.0
193,62.05406,67.0
194,62.851006,68.0
195,63.026814,68.0
196,63.465668,68.0
197,63.94535,68.0
198,64.36015,68.0
199,64.61522,68.0
200,64.86806,67.0
201,65.20677,67.0
202,65.15411,67.0
203,64.98883,65.99999999999999
204,64.80892,65.99999999999999
205,64.3473,65.99999999999999
206,63.91412,67.0
207,63.309803,67.0
208,63.08086,67.0
209,62.915695,65.99999999999999
210,62.670795,65.99999999999999
211,61.971355,65.99999999999999
212,61.23969,65.0
213,60.590363,65.0
214,59.77903,65.0
215,59.36898,64.0
216,59.33165,62.99999999999999
217,59.22573,62.99999999999999
218,58.866177,64.0
219,58.724342,64.0
220,59.10809,62.99999999999999
221,59.73385,64.0
222,60.015343,62.99999999999999
223,60.443638,62.99999999999999
224,60.616474,62.99999999999999
225,60.6534,62.99999999999999
226,60.67994,62.99999999999999
227,60.701393,62.99999999999999
228,60.740692,62.99999999999999
229,60.610214,61.00000000000001
230,60.404514,58.99999999999999
231,59.344135,57.00000000000001
232,57.44901,57.00000000000001
233,55.174236,56.0
234,54.023876,54.0
235,53.698624,54.0
236,53.360905,54.0
237,53.313858,53.00000000000001
238,53.462093,53.00000000000001
239,53.363014,53.00000000000001
240,53.194004,52.0
241,52.976616,52.0
242,52.33965,52.0
243,51.638466,50.99999999999999
244,51.054424,50.0
245,50.307888,48.0
246,49.34657,46.0
247,47.863125,45.00000000000001
248,45.90314,41.00000000000001
249,44.125305,38.0
250,41.747356,36.0
251,39.158104,34.0
252,37.000843,34.0
253,35.439384,35.0
254,35.01264,35.0
255,36.00082,36.0
256,37.231003,36.0
257,38.62584,35.0
258,39.580547,37.00000000000001
259,39.496883,36.0
260,39.514,37.00000000000001
261,39.311153,42.0
262,39.52388,46.0
263,41.550785,46.99999999999999
264,44.841686,46.99999999999999
265,47.31113,44.0
266,48.092808,38.99999999999999
267,46.907227,37.00000000000001
268,44.11408,38.0
269,40.381397,38.0
270,38.062878,38.99999999999999
271,37.159676,42.0
272,37.43733,45.00000000000001
273,38.90009,48.0
274,41.47919,50.0
275,45.033142,52.0
276,48.418083,52.0
277,50.943108,53.00000000000001
278,51.936172,53.00000000000001
279,52.01089,54.0
280,51.32095,54.0
281,50.77207,54.99999999999999
282,50.51437,54.99999999999999
283,50.962746,54.99999999999999
284,51.556202,54.99999999999999
285,52.04776,56.0
286,52.390705,56.0
287,52.87627,57.00000000000001
288,53.220367,57.00000000000001
289,53.697056,57.00000000000001
290,53.970005,57.99999999999999
291,54.07456,57.99999999999999
292,54.406418,57.99999999999999
293,54.8542,58.99999999999999
294,55.07977,58.99999999999999
295,55.45841,58.99999999999999
296,55.805794,58.99999999999999
297,56.077393,58.99999999999999
298,56.231007,58.99999999999999
299,56.338844,58.99999999999999
300,56.39278,57.99999999999999
301,56.425144,57.99999999999999
302,56.122543,57.99999999999999
303,55.74169,57.00000000000001
304,55.41517,57.00000000000001
305,54.88364,56.0
306,54.540527,56.0
307,54.205658,56.0
308,54.145878,54.99999999999999
309,54.290367,54.99999999999999
310,54.38338,54.99999999999999
311,54.545937,54.99999999999999
312,54.68785,54.0
313,54.573788,54.0
314,54.056366,54.0
315,53.58568,54.99999999999999
316,53.2697,54.99999999999999
317,53.315643,54.99999999999999
318,53.408936,54.99999999999999
319,53.429386,54.99999999999999
320,53.418247,56.0
321,53.396255,56.0
322,53.733322,56.0
323,54.124897,57.00000000000001
324,54.386864,57.00000000000001
325,54.800953,57.99999999999999
326,55.125126,57.99999999999999
327,55.579006,58.99999999999999
328,55.839615,60.0
329,56.204124,60.0
330,56.73997,60.0
331,56.990116,61.00000000000001
332,57.08966,61.99999999999999
333,57.40833,61.99999999999999
334,58.007412,62.99999999999999
335,58.41221,62.99999999999999
336,58.822628,62.99999999999999
337,59.159622,62.99999999999999
338,59.226242,64.0
339,59.1643,64.0
340,59.50629,64.0
341,59.866356,64.0
342,60.21036,64.0
343,60.358295,64.0
344,60.438587,62.99999999999999
345,60.52957,62.99999999999999
346,60.296318,62.99999999999999
347,60.103806,62.99999999999999
348,60.02967,62.99999999999999
349,60.032516,62.99999999999999
350,60.041565,62.99999999999999
351,60.01107,64.0
352,59.828117,64.0
353,59.744755,64.0
354,59.75437,64.0
355,59.559017,64.0
356,59.240803,64.0
357,58.84124,64.0
358,58.402412,62.99999999999999
359,58.036674,62.99999999999999
360,58.009453,61.99999999999999
361,58.145954,61.99999999999999
362,58.005173,61.00000000000001
363,57.872746,61.00000000000001
364,57.666798,61.00000000000001
365,57.618908,60.0
366,57.767433,60.0
367,57.76057,58.99999999999999
368,57.673862,58.99999999999999
369,57.29352,58.99999999999999
370,56.94171,58.99999999999999
371,56.756,58.99999999999999
372,56.733868,58.99999999999999
373,56.784843,58.99999999999999
374,56.887,58.99999999999999
375,56.81977,58.99999999999999
376,56.579563,58.99999999999999
377,56.24632,58.99999999999999
378,55.88372,58.99999999999999
379,55.59749,58.99999999999999
380,55.391502,58.99999999999999
381,55.40677,60.0
382,55.583664,60.0
383,56.16731,61.00000000000001
384,56.613167,61.99999999999999
385,57.12407,62.99999999999999
386,57.793064,62.99999999999999
387,58.613094,64.0
388,59.15975,69.0
389,59.873768,69.0
390,62.236355,68.0
391,64.452255,65.99999999999999
392,65.468025,65.0
393,64.93916,64.0
394,63.794933,61.99999999999999
395,62.52066,60.0
396,61.188995,58.99999999999999
397,59.818256,57.00000000000001
398,58.794376,56.0
399,57.732887,56.0
400,56.99107,54.99999999999999
401,56.791027,54.99999999999999
402,56.691364,54.99999999999999
403,56.742916,54.0
404,56.92104,54.0
405,56.76773,54.0
406,56.360508,54.0
407,55.99797,54.0
408,55.65276,54.0
409,55.41031,53.00000000000001
410,55.148964,53.00000000000001
411,54.563034,52.0
412,54.03858,61.00000000000001
413,53.269024,61.00000000000001
414,55.55812,61.00000000000001
415,58.33935,60.0
416,60.22008,60.0
417,60.67107,60.0
418,60.23684,60.0
419,59.474983,58.99999999999999
420,58.817192,58.99999999999999
421,58.01395,57.99999999999999
422,57.40849,57.00000000000001
423,56.69488,56.0
424,55.707783,56.0
425,54.650967,54.99999999999999
426,54.07619,54.99999999999999
427,53.576817,54.0
428,53.41542,54.99999999999999
429,53.118317,54.99999999999999
430,53.056362,56.0
431,53.031677,56.0
432,53.25843,57.00000000000001
433,53.29309,56.0
434,53.403675,56.0
435,53.238564,57.00000000000001
436,52.94154,28.0
437,53.040394,28.0
438,48.884518,27.0
439,43.236866,26.0
440,37.80157,25.0
441,33.811165,25.0
442,31.30475,26.0
443,30.216724,26.0
444,30.368639,26.0
445,30.953407,26.0
446,31.53155,28.0
447,31.901186,29.0
448,32.837288,30.0
449,33.87494,30.0
450,34.781116,31.0
451,35.09258,32.0
452,35.13041,33.0
453,35.257545,34.0
454,35.773655,34.0
455,36.523075,35.0
456,36.828125,36.0
457,37.151592,37.00000000000001
458,37.671608,38.99999999999999
459,38.340015,41.00000000000001
460,39.481678,52.0
461,40.936127,52.0
462,45.89427,53.00000000000001
463,50.350952,53.00000000000001
464,53.299507,54.0
465,54.484467,54.99999999999999
466,54.655437,56.0
467,54.40057,56.0
468,54.15759,57.00000000000001
469,53.874508,57.00000000000001
470,53.88094,57.99999999999999
471,53.993694,57.99999999999999
472,54.451874,57.99999999999999
473,54.936043,57.99999999999999
474,55.218056,57.99999999999999
475,55.222927,57.99999999999999
476,55.137054,57.99999999999999
477,55.001698,57.99999999999999
478,54.980453,57.00000000000001
479,55.046524,57.00000000000001
480,54.820435,57.00000000000001
481,54.70248,57.99999999999999
482,54.762867,57.99999999999999
483,55.235752,57.99999999999999
484,55.773,61.99999999999999
485,56.158943,61.00000000000001
486,57.645542,60.0
487,58.6757,60.0
488,58.789917,60.0
489,58.475273,60.0
490,58.066456,60.0
491,57.749996,60.0
492,57.58279,60.0
493,57.536263,58.99999999999999
494,57.44658,57.99999999999999
495,56.90672,58.99999999999999
496,55.870865,57.99999999999999
497,55.08454,57.99999999999999
498,54.30833,57.00000000000001
499,53.751274,57.00000000000001
500,52.985683,57.00000000000001
501,52.301907,57.99999999999999
502,51.86227,57.99999999999999
503,52.048996,57.99999999999999
504,52.77667,57.99999999999999
505,53.38463,57.99999999999999
506,53.76408,58.99999999999999
507,53.90603,60.0
508,54.2132,82.00000000000001
509,54.73818,82.00000000000001
510,63.834526,82.00000000000001
511,72.809074,81.0
512,78.32089,79.0
513,80.020195,77.99999999999999
514,79.06954,77.0
515,77.08309,76.0
516,74.566,75.0
517,72.309746,74.00000000000001
518,70.796036,73.0
519,70.05011,73.0
520,69.62919,72.0
521,69.50871,72.0
522,69.01681,71.0
523,68.36729,71.0
524,67.47131,69.99999999999999
525,66.689545,69.99999999999999
526,65.83014,69.99999999999999
527,65.16393,68.0
528,64.7286,67.0
529,63.803886,65.0
530,62.781437,64.0
531,61.38857,62.99999999999999
532,60.174244,61.99999999999999
533,59.211327,62.99999999999999
534,58.495037,62.99999999999999
535,58.522682,61.99999999999999
536,58.93023,61.99999999999999
537,59.12422,61.99999999999999
538,59.19492,61.99999999999999
539,59.25376,61.99999999999999
540,59.289536,61.99999999999999
541,59.283886,61.99999999999999
542,59.24046,61.99999999999999
543,59.153828,62.99999999999999
544,58.960148,62.99999999999999
545,59.098156,62.99999999999999
546,59.207672,62.99999999999999
547,59.10727,62.99999999999999
548,58.938347,62.99999999999999
549,58.721497,62.99999999999999
550,58.573692,62.99999999999999
551,58.509518,64.0
552,58.595455,62.99999999999999
553,59.374855,61.99999999999999
554,59.597923,61.99999999999999
555,59.413357,61.00000000000001
556,59.12017,65.99999999999999
557,58.553226,65.0
558,59.805664,62.99999999999999
559,61.10967,61.99999999999999
560,61.262943,61.00000000000001
561,60.585247,61.00000000000001
562,59.44644,61.00000000000001
563,58.44481,61.00000000000001
564,57.87916,61.00000000000001
565,57.706352,61.99999999999999
566,57.70961,61.00000000000001
567,57.964108,61.00000000000001
568,57.770546,61.00000000000001
569,57.15163,61.99999999999999
570,56.398838,61.99999999999999
571,56.234936,61.00000000000001
572,56.126553,61.00000000000001
573,55.547337,61.00000000000001
574,54.881718,61.00000000000001
575,54.425392,60.0
576,54.424023,60.0
577,54.318974,61.00000000000001
578,54.41889,61.99999999999999
579,54.949585,61.99999999999999
580,55.891712,99.0
581,56.815765,98.00000000000001
582,71.50583,98.00000000000001
583,85.96897,97.0
584,94.21987,96.0
585,96.66822,93.99999999999999
586,95.86324,92.0
587,93.555695,90.00000000000001
588,90.50109,88.0
589,87.22999,85.99999999999999
590,84.55305,85.0
591,82.62893,84.0
592,81.451675,83.0
593,80.6343,83.0
594,79.87148,83.0
595,79.36463,82.00000000000001
596,78.911255,82.00000000000001
597,77.99352,82.00000000000001
598,76.98565,82.00000000000001
599,76.05461,81.0
600,75.224815,81.0
601,74.25812,80.0
602,73.50645,80.0
603,72.768036,79.0
604,72.16438,85.0
605,71.63498,84.0
606,74.12177,83.0
607,76.28961,82.00000000000001
608,77.23357,81.0
609,76.799416,80.0
610,75.570465,80.0
611,74.22945,79.0
612,73.27173,77.99999999999999
613,72.48147,76.0
614,71.73424,75.0
615,70.485306,76.0
616,69.077065,77.0
617,68.44106,77.0
618,68.735146,77.99999999999999
619,69.02795,77.99999999999999
620,69.53451,79.0
621,69.55384,81.0
622,69.457344,82.00000000000001
623,70.031944,83.0
624,70.97799,84.0
625,71.885254,85.0
626,72.781845,85.99999999999999
627,74.13851,85.99999999999999
628,75.7594,65.99999999999999
629,76.74631,65.99999999999999
630,73.98252,65.99999999999999
631,69.66231,65.99999999999999
632,66.538345,65.99999999999999
633,65.42577,67.0
634,65.88034,67.0
635,67.25275,67.0
636,68.57039,67.0
637,69.57069,67.0
638,70.134514,68.0
639,70.17283,68.0
640,70.24046,68.0
641,70.27921,69.0
642,70.38703,69.99999999999999
643,70.86553,71.0
644,71.7351,72.0
645,72.9067,73.0
646,73.99397,73.0
647,74.951675,72.0
648,75.23729,72.0
649,74.74473,72.0
650,74.02436,72.0
651,73.487404,72.0
652,73.124886,57.99999999999999
653,72.983475,57.99999999999999
654,70.83598,57.99999999999999
655,67.62246,57.99999999999999
656,65.325745,57.99999999999999
657,64.59503,57.99999999999999
658,64.670456,57.99999999999999
659,65.05439,57.99999999999999
660,65.61254,57.99999999999999
661,66.00249,57.00000000000001
662,66.047646,57.00000000000001
663,65.37869,57.00000000000001
664,64.638466,57.99999999999999
665,64.76349,57.99999999999999
666,65.72645,57.00000000000001
667,66.68079,57.00000000000001
668,67.16483,56.0
669,67.36833,57.00000000000001
670,66.94424,57.00000000000001
671,66.702805,57.00000000000001
672,66.117935,57.00000000000001
673,65.95879,57.00000000000001
674,65.456505,57.00000000000001
675,64.82585,56.0
676,64.05389,89.0
677,62.71944,89.0
678,71.806786,89.0
679,82.74158,89.0
680,89.315994,89.0
681,91.031075,89.0
682,90.01932,89.0
683,87.66147,89.0
684,85.2886,89.0
685,83.564865,89.0
686,82.63212,90.00000000000001
687,82.13817,89.0
688,82.127884,88.0
689,81.324005,87.0
690,79.41344,87.0
691,76.523476,85.99999999999999
692,74.45743,85.99999999999999
693,73.004265,85.99999999999999
694,72.77721,87.0
695,73.19119,87.0
696,74.21657,88.0
697,75.078896,87.0
698,76.469154,88.0
699,76.85886,89.0
700,77.008835,89.0
701,77.63719,88.0
702,78.3945,88.0
703,78.296555,88.0
704,78.00726,88.0
705,77.87692,88.0
706,77.77774,87.0
707,78.039536,87.0
708,77.937805,87.0
709,77.47877,87.0
710,76.8951,87.0
711,76.18572,85.99999999999999
712,75.4867,87.0
713,73.8375,87.0
714,72.713264,88.0
715,71.723694,88.0
716,71.545944,88.0
717,71.1777,88.0
718,70.41873,88.0
719,70.09607,89.0
720,70.02516,90.00000000000001
721,71.136314,92.0
722,73.04354,93.0
723,75.786766,93.0
724,78.28177,93.0
725,80.08078,93.0
726,80.7075,93.99999999999999
727,80.69618,93.99999999999999
728,81.07137,93.99999999999999
729,81.51843,93.99999999999999
730,82.06848,95.0
731,82.51912,95.0
732,83.30923,95.0
733,83.58462,96.0
734,83.23217,95.0
735,83.07972,96.0
736,82.03309,96.0
737,80.69259,96.0
738,79.26888,96.0
739,77.9773,96.0
740,76.692406,96.0
741,75.8108,96.0
742,74.43184,95.0
743,72.80497,95.0
744,70.59437,93.0
745,68.5991,91.0
746,67.21076,90.00000000000001
747,66.16079,90.00000000000001
748,66.09493,91.0
749,67.69856,92.0
750,70.28191,91.0
751,73.43423,91.0
752,75.52575,91.0
753,76.6556,90.00000000000001
754,77.08625,90.00000000000001
755,76.92471,89.0
756,76.87914,88.0
757,75.679665,87.0
758,74.33747,85.99999999999999
759,73.2879,85.0
760,71.2487,85.0
761,69.103,85.0
762,67.72168,85.0
763,67.04098,85.0
764,66.78755,85.0
765,66.6137,85.99999999999999
766,66.33666,85.99999999999999
767,66.582436,85.99999999999999
768,67.39204,85.99999999999999
769,67.986244,85.99999999999999
770,68.26535,85.0
771,68.64473,84.0
772,68.54838,83.0
773,68.2655,81.0
774,68.16415,81.0
775,67.72156,80.0
776,67.21456,79.0
777,67.071915,77.0
778,67.46113,75.0
779,67.309654,75.0
780,66.62601,74.00000000000001
781,66.603424,74.00000000000001
782,66.45686,74.00000000000001
783,66.30703,74.00000000000001
784,65.94073,73.0
785,65.34464,74.00000000000001
786,64.25648,75.0
787,63.343536,75.0
788,63.311863,76.0
789,63.488262,76.0
790,64.06435,76.0
791,64.52083,77.0
792,64.74905,77.0
793,65.31262,77.99999999999999
794,65.80386,80.0
795,66.97938,80.0
796,69.0275,80.0
797,70.80917,81.0
798,71.96489,81.0
799,72.89603,81.0
800,73.30117,83.0
801,73.50641,84.0
802,74.57462,85.0
803,76.14538,85.99999999999999
804,77.32092,88.0
805,78.432785,89.0
806,79.70086,90.00000000000001
807,80.50802,91.0
808,80.847664,92.0
809,80.630615,91.0
810,80.16968,91.0
811,78.356,90.00000000000001
812,76.18702,90.00000000000001
813,73.98207,90.00000000000001
814,72.715996,90.00000000000001
815,72.49855,90.00000000000001
816,72.899536,90.00000000000001
817,73.61349,88.0
818,74.32673,87.0
819,74.121376,85.99999999999999
820,73.31194,85.99999999999999
821,72.744286,84.0
822,73.34897,84.0
823,73.42815,84.0
824,73.593,83.0
825,74.13188,83.0
826,74.35849,82.00000000000001
827,74.77075,82.00000000000001
828,74.48787,81.0
829,74.21229,81.0
830,73.309906,82.00000000000001
831,71.84653,81.0
832,70.92937,81.0
833,69.778984,82.00000000000001
834,68.88954,82.00000000000001
835,68.56667,81.0
836,68.27564,81.0
837,67.12829,81.0
838,65.926575,81.0
839,65.39888,81.0
840,65.18998,81.0
841,65.97386,83.0
842,66.8984,84.0
843,69.51204,87.0
844,72.18319,90.00000000000001
845,75.33517,93.99999999999999
846,78.93088,97.0
847,83.14143,98.00000000000001
848,87.1523,103.0
849,89.43317,116.0
850,92.118416,116.0
851,99.84436,112.0
852,105.493004,105.0
853,106.633316,99.0
854,103.22283,96.0
855,99.24634,96.0
856,95.047806,93.99999999999999
857,93.55751,93.0
858,93.72802,92.0
859,94.540436,92.0
860,95.30889,92.0
861,95.99392,92.0
862,96.79239,91.0
863,97.903046,90.00000000000001
864,98.72081,89.0
865,98.942764,88.0
866,99.012695,88.0
867,99.23062,85.99999999999999
868,99.735176,84.0
869,99.7801,81.0
870,99.27699,79.0
871,97.80734,80.0
872,96.30585,80.0
873,95.97636,80.0
874,95.965454,81.0
875,96.262886,82.00000000000001
876,97.064415,85.0
877,98.0894,87.0
878,100.28862,90.00000000000001
879,103.21628,90.00000000000001
880,107.192505,90.00000000000001
881,111.04715,91.0
882,114.36011,91.0
883,118.38522,91.0
884,123.91504,90.00000000000001
885,130.63998,89.0
886,138.10161,89.0
887,146.54173,88.0
888,156.17924,88.0
889,167.30182,88.0
890,180.18312,88.0
891,194.25858,87.0
892,210.50761,87.0
893,226.37503,88.0
894,241.6848,90.00000000000001
895,261.01187,89.0
896,287.10016,88.0
897,316.31888,87.0
898,352.9604,85.99999999999999
899,399.01166,85.0
900,459.03134,84.0
901,540.15857,84.0
902,664.2931,82.00000000000001
903,857.97424,82.00000000000001
904,1166.8658,82.00000000000001
905,1672.9446,81.0
906,2515.9214,80.0
907,3904.0293,82.00000000000001
908,6156.3745,83.0
909,9752.582,83.0
910,15382.303,84.0
911,24134.164,84.0
912,37755.7,84.0
913,58986.02,83.0
914,92054.984,84.0
915,143528.73,85.0
916,223672.25,85.99999999999999
917,348503.94,85.0
918,542959.25,83.0
919,845867.8,83.0
920,1317715.9,83.0
921,2052732.5,83.0
922,3197698.0,83.0
923,4981255.5,82.00000000000001
924,7759574.0,82.00000000000001
925,12087467.0,82.00000000000001
926,18829194.0,82.00000000000001
927,29331048.0,81.0
928,45690190.0,81.0
929,71173464.0,81.0
930,110869750.0,81.0
931,172706200.0,81.0
932,269031300.0,80.0
933,419080580.0,79.0
934,652818200.0,79.0
935,1016920400.0,77.99999999999999
936,1584096600.0,79.0
937,2467609000.0,77.99999999999999
938,3843890400.0,77.0
939,5987777000.0,75.0
940,9327394000.0,73.0
941,14529640000.0,72.0
942,22633388000.0,69.99999999999999
943,35256910000.0,68.0
944,54921060000.0,67.0
945,85552660000.0,65.99999999999999
946,133268710000.0,65.0
947,207597810000.0,64.0
948,323383160000.0,64.0
949,503746460000.0,61.99999999999999
950,784705450000.0,61.99999999999999
951,1222366200000.0,61.00000000000001
952,1904127400000.0,61.00000000000001
953,2966133400000.0,61.00000000000001
954,4620461000000.0,61.00000000000001
955,7197472000000.0,61.00000000000001
956,11211781000000.0,60.0
957,17465027000000.0,61.00000000000001
958,27205957000000.0,61.99999999999999
959,42379776000000.0,61.99999999999999
960,66016625000000.0,61.99999999999999
961,102836670000000.0,61.99999999999999
962,160192670000000.0,61.99999999999999
963,249538340000000.0,61.00000000000001
964,388715550000000.0,61.00000000000001
965,605517240000000.0,61.99999999999999
966,943237770000000.0,61.00000000000001
967,1469318000000000.0,60.0
968,2288813600000000.0,60.0
969,3565373700000000.0,61.00000000000001
970,5553921000000000.0,60.0
971,8651557700000000.0,60.0
972,1.3476868e+16,60.0
973,2.0993442e+16,60.0
974,3.2702302e+16,60.0
975,5.094164e+16,60.0
976,7.935377e+16,60.0
977,1.2361244e+17,60.0
978,1.9255586e+17,60.0
979,2.9995172e+17,60.0
980,4.6724643e+17,60.0
981,7.2784804e+17,60.0
982,1.1337971e+18,57.99999999999999
983,1.7661598e+18,57.99999999999999
984,2.7512153e+18,57.00000000000001
985,4.2856748e+18,57.00000000000001
986,6.675963e+18,56.0
987,1.0399406e+19,56.0
988,1.6199558e+19,56.0
989,2.5234682e+19,56.0
990,3.930904e+19,57.00000000000001
991,6.123322e+19,56.0
992,9.538537e+19,57.00000000000001
993,1.4858547e+20,57.00000000000001
994,2.3145733e+20,57.00000000000001
995,3.6055006e+20,57.00000000000001
996,5.616429e+20,57.00000000000001
997,8.74893e+20,57.00000000000001
998,1.3628548e+21,56.0
999,2.1229718e+21,56.0
1000,3.307035e+21,56.0
1001,5.151497e+21,56.0
1002,8.0246866e+21,56.0
1003,1.2500367e+22,56.0
1004,1.9472306e+22,56.0
1005,3.033277e+22,54.99999999999999
1006,4.725053e+22,54.99999999999999
1007,7.360399e+22,56.0
1008,1.146558e+23,56.0
1009,1.7860379e+23,57.00000000000001
1010,2.7821805e+23,57.00000000000001
1011,4.3339105e+23,56.0
1012,6.7511005e+23,56.0
1013,1.0516451e+24,57.00000000000001
1014,1.6381886e+24,57.00000000000001
1015,2.5518698e+24,57.99999999999999
1016,3.9751465e+24,57.99999999999999
1017,6.1922394e+24,57.99999999999999
1018,9.645892e+24,57.99999999999999
1019,1.5025782e+25,57.99999999999999
1020,2.3406243e+25,57.99999999999999
1021,3.6460808e+25,57.99999999999999
1022,5.679643e+25,58.99999999999999
1023,8.847401e+25,58.99999999999999
1024,1.3781941e+26,57.99999999999999
1025,2.1468662e+26,57.99999999999999
1026,3.344257e+26,57.99999999999999
1027,5.2094797e+26,57.99999999999999
1028,8.115008e+26,57.00000000000001
1029,1.2641065e+27,56.0
1030,1.9691477e+27,57.00000000000001
1031,3.067418e+27,56.0
1032,4.7782362e+27,56.0
1033,7.443245e+27,54.99999999999999
1034,1.159463e+28,54.99999999999999
1035,1.8061408e+28,54.99999999999999
1036,2.8134958e+28,54.99999999999999
1037,4.3826914e+28,54.99999999999999
1038,6.827088e+28,54.99999999999999
1039,1.063482e+29,53.00000000000001
1040,1.6566273e+29,53.00000000000001
1041,2.5805927e+29,53.00000000000001
1042,4.0198895e+29,53.00000000000001
1043,6.2619377e+29,54.0
1044,9.7544635e+29,54.0
1045,1.5194906e+30,54.0
1046,2.3669696e+30,54.0
1047,3.6871204e+30,54.0
1048,5.743571e+30,54.99999999999999
1049,8.946984e+30,56.0
1050,1.3937063e+31,56.0
1051,2.1710298e+31,56.0
1052,3.3818974e+31,56.0
1053,5.2681133e+31,56.0
1054,8.206344e+31,56.0
1055,1.2783343e+32,56.0
1056,1.9913109e+32,57.00000000000001
1057,3.1019425e+32,57.00000000000001
1058,4.8320165e+32,57.00000000000001
1059,7.52702e+32,57.00000000000001
1060,1.1725132e+33,57.00000000000001
1061,1.8264696e+33,57.99999999999999
1062,2.8451625e+33,57.99999999999999
1063,4.4320206e+33,57.99999999999999
1064,6.90393e+33,57.99999999999999
1065,1.0754519e+34,57.99999999999999
1066,1.675273e+34,57.99999999999999
1067,2.6096378e+34,57.99999999999999
1068,4.0651344e+34,57.00000000000001
1069,6.332418e+34,57.00000000000001
1070,9.864253e+34,57.99999999999999
1071,1.536593e+35,57.99999999999999
1072,2.3936105e+35,57.00000000000001
1073,3.7286203e+35,57.99999999999999
1074,5.808217e+35,57.99999999999999
1075,9.047685e+35,57.99999999999999
1076,1.409393e+36,58.99999999999999
1077,2.195466e+36,57.99999999999999
1078,3.419963e+36,58.99999999999999
1079,5.327409e+36,58.99999999999999
1080,8.298713e+36,60.0
1081,1.2927227e+37,60.0
1082,2.0137242e+37,61.00000000000001
1083,3.1368567e+37,61.00000000000001
1084,4.8864036e+37,61.99999999999999
1085,7.611741e+37,61.99999999999999
1086,1.1857104e+38,61.99999999999999
1087,1.847027e+38,62.99999999999999
1088,2.8771858e+38,62.99999999999999
1089,inf,62.99999999999999
1090,inf,64.0
1091,inf,64.0
1092,inf,64.0
1093,inf,65.0
1094,inf,65.0
1095,inf,65.99999999999999
1096,inf,67.0
1097,inf,67.0
1098,inf,67.0
1099,inf,67.0
1100,19.0,67.0
1101,19.0,67.0
1102,19.0,65.99999999999999
1103,19.0,65.99999999999999
1104,19.0,65.99999999999999
1105,19.0,65.99999999999999
1106,19.0,65.99999999999999
1107,19.0,65.0
1108,19.0,52.0
1109,19.0,50.0
1110,19.0,48.0
1111,19.0,49.00000000000001
1112,19.0,49.00000000000001
1113,19.0,50.0
1114,19.0,52.0
1115,19.0,52.0
1116,19.0,52.0
1117,19.0,52.0
1118,19.0,52.0
1119,19.0,52.0
1120,19.0,52.0
1121,19.0,50.0
1122,19.0,48.0
1123,19.0,49.00000000000001
1124,19.0,50.0
1125,19.0,49.00000000000001
1126,19.0,49.00000000000001
1127,19.0,49.00000000000001
1128,19.0,50.99999999999999
1129,19.0,52.0
1130,19.0,53.00000000000001
1131,19.0,53.00000000000001
1132,19.0,56.0
1133,19.0,57.00000000000001
1134,19.0,57.00000000000001
1135,19.0,57.99999999999999
1136,19.0,57.99999999999999
1137,19.0,57.99999999999999
1138,19.0,57.99999999999999
1139,19.0,57.99999999999999
1140,19.0,57.99999999999999
1141,19.0,58.99999999999999
1142,19.0,58.99999999999999
1143,19.0,60.0
1144,19.0,60.0
1145,19.0,60.0
1146,19.0,60.0
1147,19.0,61.00000000000001
1148,19.0,60.0
1149,19.0,60.0
1150,19.0,60.0
1151,19.0,58.99999999999999
1152,19.0,61.00000000000001
1153,19.0,61.00000000000001
1154,19.0,61.99999999999999
1155,19.0,61.99999999999999
1156,19.0,44.0
1157,19.0,46.0
1158,19.0,48.0
1159,19.0,49.00000000000001
1160,19.0,50.0
1161,19.0,52.0
1162,19.0,50.99999999999999
1163,19.0,50.99999999999999
1164,19.0,52.0
1165,19.0,52.0
1166,19.0,52.0
1167,19.0,52.0
1168,19.0,52.0
1169,19.0,52.0
1170,19.0,52.0
1171,19.0,52.0
1172,19.0,52.0
1173,19.0,53.00000000000001
1174,19.0,53.00000000000001
1175,19.0,53.00000000000001
1176,19.0,53.00000000000001
1177,19.0,53.00000000000001
1178,19.0,53.00000000000001
1179,19.0,53.00000000000001
1180,19.0,58.99999999999999
1181,19.0,58.99999999999999
1182,19.0,58.99999999999999
1183,19.0,57.99999999999999
1184,19.0,57.99999999999999
1185,19.0,57.00000000000001
1186,19.0,57.00000000000001
1187,19.0,56.0
1188,19.0,54.99999999999999
1189,19.0,54.99999999999999
1190,19.0,54.99999999999999
1191,19.0,54.99999999999999
1192,19.0,54.99999999999999
1193,19.0,54.99999999999999
1194,19.0,54.0
1195,19.0,54.0
1196,19.0,54.0
1197,19.0,54.99999999999999
1198,19.0,54.99999999999999
1199,19.0,54.99999999999999
1200,19.0,56.0
1201,19.0,56.0
1202,19.0,56.0
1203,19.0,56.0
1204,19.0,61.00000000000001
1205,19.0,61.99999999999999
1206,19.0,62.99999999999999
1207,19.0,62.99999999999999
1208,19.0,64.0
1209,19.0,64.0
1210,19.0,64.0
1211,19.0,65.0
1212,19.0,65.0
1213,19.0,65.0
1214,19.0,65.99999999999999
1215,19.0,65.99999999999999
1216,19.0,67.0
1217,19.0,68.0
1218,19.0,68.0
1219,19.0,68.0
1220,19.0,68.0
1221,19.0,67.0
1222,19.0,67.0
1223,19.0,65.99999999999999
1224,19.0,67.0
1225,19.0,65.99999999999999
1226,19.0,65.99999999999999
1227,19.0,65.0
1228,19.0,62.99999999999999
1229,19.0,62.99999999999999
1230,19.0,61.99999999999999
1231,19.0,61.99999999999999
1232,19.0,61.00000000000001
1233,19.0,61.00000000000001
1234,19.0,61.00000000000001
1235,19.0,61.00000000000001
1236,19.0,61.00000000000001
1237,19.0,61.00000000000001
1238,19.0,61.00000000000001
1239,19.0,61.00000000000001
1240,19.0,61.99999999999999
1241,19.0,61.00000000000001
1242,19.0,61.00000000000001
1243,19.0,61.00000000000001
1244,19.0,61.00000000000001
1245,19.0,61.00000000000001
1246,19.0,61.00000000000001
1247,19.0,61.00000000000001
1248,19.0,61.00000000000001
1249,19.0,61.00000000000001
1250,19.0,61.00000000000001
1251,19.0,61.00000000000001
1252,19.0,61.00000000000001
1253,19.0,60.0
1254,19.0,60.0
1255,19.0,58.99999999999999
1256,19.0,58.99999999999999
1257,19.0,57.99999999999999
1258,19.0,57.99999999999999
1259,19.0,57.00000000000001
1260,19.0,56.0
1261,19.0,54.99999999999999
1262,19.0,54.99999999999999
1263,19.0,54.0
1264,19.0,54.0
1265,19.0,53.00000000000001
1266,19.0,53.00000000000001
1267,19.0,53.00000000000001
1268,19.0,53.00000000000001
1269,19.0,53.00000000000001
1270,19.0,52.0
1271,19.0,52.0
1272,19.0,52.0
1273,19.0,52.0
1274,19.0,52.0
1275,19.0,53.00000000000001
1276,19.0,62.99999999999999
1277,19.0,62.99999999999999
1278,19.0,62.99999999999999
1279,19.0,62.99999999999999
1280,19.0,62.99999999999999
1281,19.0,62.99999999999999
1282,19.0,61.99999999999999
1283,19.0,61.99999999999999
1284,19.0,61.99999999999999
1285,19.0,61.00000000000001
1286,19.0,61.99999999999999
1287,19.0,61.99999999999999
1288,19.0,61.99999999999999
1289,19.0,62.99999999999999
1290,19.0,62.99999999999999
1291,19.0,62.99999999999999
1292,19.0,62.99999999999999
1293,19.0,64.0
1294,19.0,64.0
1295,19.0,64.0
1296,19.0,65.0
1297,19.0,65.0
1298,19.0,65.99999999999999
1299,19.0,65.99999999999999
1300,19.0,80.0
1301,19.0,80.0
1302,19.0,80.0
1303,19.0,80.0
1304,19.0,81.0
1305,19.0,83.0
1306,19.0,84.0
1307,19.0,83.0
1308,19.0,84.0
1309,19.0,83.0
1310,19.0,83.0
1311,19.0,82.00000000000001
1312,19.0,81.0
1313,19.0,81.0
1314,19.0,80.0
1315,19.0,79.0
1316,19.0,77.0
1317,19.0,77.0
1318,19.0,77.0
1319,19.0,76.0
1320,19.0,77.0
1321,19.0,77.0
1322,19.0,77.0
1323,19.0,77.0
1324,19.0,87.0
1325,19.0,87.0
1326,19.0,88.0
1327,19.0,88.0
1328,19.0,88.0
1329,19.0,88.0
1330,19.0,88.0
1331,19.0,88.0
1332,19.0,89.0
1333,19.0,90.00000000000001
1334,19.0,90.00000000000001
1335,19.0,90.00000000000001
1336,19.0,91.0
1337,19.0,92.0
1338,19.0,93.0
1339,19.0,95.0
1340,19.0,95.0
1341,19.0,96.0
1342,19.0,96.0
1343,19.0,96.0
1344,19.0,96.0
1345,19.0,96.0
1346,19.0,96.0
1347,19.0,96.0
1348,19.0,72.0
1349,19.0,72.0
1350,19.0,72.0
1351,19.0,69.99999999999999
1352,19.0,69.0
1353,19.0,68.0
1354,19.0,67.0
1355,19.0,65.99999999999999
1356,19.0,65.0
1357,19.0,64.0
1358,19.0,62.99999999999999
1359,19.0,61.99999999999999
1360,19.0,61.00000000000001
1361,19.0,60.0
1362,19.0,58.99999999999999
1363,19.0,57.00000000000001
1364,19.0,56.0
1365,19.0,54.99999999999999
1366,19.0,54.99999999999999
1367,19.0,54.99999999999999
1368,19.0,54.99999999999999
1369,19.0,54.0
1370,19.0,54.0
1371,19.0,54.0
1372,19.0,56.0
1373,19.0,56.0
1374,19.0,57.00000000000001
1375,19.0,57.00000000000001
1376,19.0,57.00000000000001
1377,19.0,57.00000000000001
1378,19.0,57.00000000000001
1379,19.0,57.00000000000001
1380,19.0,57.99999999999999
1381,19.0,57.99999999999999
1382,19.0,57.99999999999999
1383,19.0,57.99999999999999
1384,19.0,57.99999999999999
1385,19.0,57.99999999999999
1386,19.0,58.99999999999999
1387,19.0,57.99999999999999
1388,19.0,58.99999999999999
1389,19.0,58.99999999999999
1390,19.0,58.99999999999999
1391,19.0,58.99999999999999
1392,19.0,58.99999999999999
1393,19.0,60.0
1394,19.0,60.0
1395,19.0,60.0
1396,19.0,67.0
1397,19.0,67.0
1398,19.0,67.0
1399,19.0,67.0
1400,19.0,67.0
1401,19.0,68.0
1402,19.0,68.0
1403,19.0,67.0
1404,19.0,67.0
1405,19.0,67.0
1406,19.0,67.0
1407,19.0,67.0
1408,19.0,67.0
1409,19.0,67.0
1410,19.0,68.0
1411,19.0,68.0
1412,19.0,69.0
1413,19.0,69.0
1414,19.0,69.0
1415,19.0,69.99999999999999
1416,19.0,69.0
1417,19.0,69.0
1418,19.0,69.0
1419,19.0,69.0
1420,19.0,69.0
1421,19.0,68.0
1422,19.0,68.0
1423,19.0,67.0
1424,19.0,67.0
1425,19.0,65.99999999999999
1426,19.0,65.99999999999999
1427,19.0,67.0
1428,19.0,65.99999999999999
1429,19.0,67.0
1430,19.0,67.0
1431,19.0,68.0
1432,19.0,68.0
1433,19.0,68.0
1434,19.0,68.0
1435,19.0,67.0
1436,19.0,67.0
1437,19.0,67.0
1438,19.0,65.99999999999999
1439,19.0,65.99999999999999
1440,19.0,67.0
1441,19.0,67.0
1442,19.0,67.0
1443,19.0,67.0
1444,19.0,67.0
1445,19.0,67.0
1446,19.0,67.0
1447,19.0,67.0
1448,19.0,67.0
1449,19.0,67.0
1450,19.0,67.0
1451,19.0,67.0
1452,19.0,68.0
1453,19.0,68.0
1454,19.0,68.0
1455,19.0,68.0
1456,19.0,68.0
1457,19.0,69.0
1458,19.0,69.0
1459,19.0,69.0
1460,19.0,69.99999999999999
1461,19.0,69.99999999999999
1462,19.0,71.0
1463,19.0,72.0
1464,19.0,72.0
1465,19.0,72.0
1466,19.0,73.0
1467,19.0,74.00000000000001
1468,19.0,74.00000000000001
1469,19.0,75.0
1470,19.0,76.0
1471,19.0,76.0
1472,19.0,76.0
1473,19.0,76.0
1474,19.0,75.0
1475,19.0,74.00000000000001
1476,19.0,73.0
1477,19.0,72.0
1478,19.0,72.0
1479,19.0,71.0
1480,19.0,71.0
1481,19.0,69.0
1482,19.0,69.0
1483,19.0,69.0
1484,19.0,68.0
1485,19.0,67.0
1486,19.0,65.0
1487,19.0,64.0
1488,19.0,65.0
1489,19.0,65.99999999999999
1490,19.0,65.99999999999999
1491,19.0,65.0
1492,19.0,65.0
1493,19.0,64.0
1494,19.0,64.0
1495,19.0,62.99999999999999
1496,19.0,64.0
1497,19.0,65.0
1498,19.0,65.99999999999999
1499,19.0,67.0
1500,19.0,68.0
1501,19.0,69.0
1502,19.0,69.0
1503,19.0,69.99999999999999
1504,19.0,71.0
1505,19.0,72.0
1506,19.0,73.0
1507,19.0,74.00000000000001
1508,19.0,74.00000000000001
1509,19.0,75.0
1510,19.0,77.0
1511,19.0,77.0
1512,19.0,77.0
1513,19.0,77.0
1514,19.0,77.99999999999999
1515,19.0,79.0
1516,19.0,80.0
1517,19.0,81.0
1518,19.0,82.00000000000001
1519,19.0,81.0
1520,19.0,80.0
1521,19.0,79.0
1522,19.0,77.99999999999999
1523,19.0,76.0
1524,19.0,75.0
1525,19.0,74.00000000000001
1526,19.0,75.0
1527,19.0,74.00000000000001
1528,19.0,73.0
1529,19.0,72.0
1530,19.0,72.0
1531,19.0,71.0
1532,19.0,71.0
1533,19.0,69.99999999999999
1534,19.0,69.0
1535,19.0,68.0
1536,19.0,67.0
1537,19.0,65.99999999999999
1538,19.0,65.0
1539,19.0,62.99999999999999
1540,19.0,61.99999999999999
1541,19.0,61.00000000000001
1542,19.0,60.0
1543,19.0,60.0
1544,19.0,60.0
1545,19.0,61.00000000000001
1546,19.0,61.99999999999999
1547,19.0,62.99999999999999
1548,19.0,64.0
1549,19.0,65.0
1550,19.0,64.0
1551,19.0,65.0
1552,19.0,64.0
1553,19.0,64.0
1554,19.0,64.0
1555,19.0,62.99999999999999
1556,19.0,62.99999999999999
1557,19.0,62.99999999999999
1558,19.0,62.99999999999999
1559,19.0,62.99999999999999
1560,19.0,61.99999999999999
1561,19.0,61.99999999999999
1562,19.0,61.99999999999999
1563,19.0,61.00000000000001
1564,19.0,61.00000000000001
1565,19.0,60.0
1566,19.0,60.0
1567,19.0,58.99999999999999
1568,19.0,58.99999999999999
1569,19.0,58.99999999999999
1570,19.0,57.99999999999999
1571,19.0,57.00000000000001
1572,19.0,57.00000000000001
1573,19.0,56.0
1574,19.0,54.99999999999999
1575,19.0,54.99999999999999
1576,19.0,54.99999999999999
1577,19.0,54.99999999999999
1578,19.0,54.99999999999999
1579,19.0,56.0
1580,19.0,54.99999999999999
1581,19.0,56.0
1582,19.0,56.0
1583,19.0,56.0
1584,19.0,57.00000000000001
1585,19.0,57.00000000000001
1586,19.0,57.00000000000001
1587,19.0,57.00000000000001
1588,19.0,57.99999999999999
1589,19.0,58.99999999999999
1590,19.0,58.99999999999999
1591,19.0,60.0
1592,19.0,60.0
1593,19.0,60.0
1594,19.0,60.0
1595,19.0,58.99999999999999
1596,19.0,58.99999999999999
1597,19.0,57.99999999999999
1598,19.0,57.00000000000001
1599,19.0,56.0
1600,19.0,56.0
1601,19.0,56.0
1602,19.0,56.0
1603,19.0,54.99999999999999
1604,19.0,54.99999999999999
1605,19.0,54.99999999999999
1606,19.0,54.99999999999999
1607,19.0,54.99999999999999
1608,19.0,56.0
1609,19.0,57.00000000000001
1610,19.0,60.0
1611,19.0,60.0
1612,19.0,60.0
1613,19.0,60.0
1614,19.0,60.0
1615,19.0,60.0
1616,19.0,60.0
1617,19.0,61.00000000000001
1618,19.0,61.00000000000001
1619,19.0,61.99999999999999
1620,19.0,62.99999999999999
1621,19.0,64.0
1622,19.0,65.0
1623,19.0,65.99999999999999
1624,19.0,65.99999999999999
1625,19.0,65.99999999999999
1626,19.0,67.0
1627,19.0,67.0
1628,19.0,67.0
1629,19.0,68.0
1630,19.0,67.0
1631,19.0,67.0
1632,19.0,65.99999999999999
1633,19.0,65.99999999999999
1634,19.0,64.0
1635,19.0,64.0
1636,19.0,64.0
1637,19.0,64.0
1638,19.0,64.0
1639,19.0,65.0
1640,19.0,65.0
1641,19.0,65.0
1642,19.0,65.99999999999999
1643,19.0,65.99999999999999
1644,19.0,67.0
1645,19.0,65.99999999999999
1646,19.0,65.0
1647,19.0,65.99999999999999
1648,19.0,65.99999999999999
1649,19.0,65.99999999999999
1650,19.0,65.99999999999999
1651,19.0,65.0
1652,19.0,65.0
1653,19.0,65.0
1654,19.0,65.0
1655,19.0,65.0
1656,19.0,65.0
1657,19.0,64.0
1658,19.0,64.0
1659,19.0,65.0
1660,19.0,65.0
1661,19.0,64.0
1662,19.0,64.0
1663,19.0,62.99999999999999
1664,19.0,62.99999999999999
1665,19.0,62.99999999999999
1666,19.0,62.99999999999999
1667,19.0,62.99999999999999
1668,19.0,64.0
1669,19.0,64.0
1670,19.0,65.99999999999999
1671,19.0,65.99999999999999
1672,19.0,65.99999999999999
1673,19.0,65.99999999999999
1674,19.0,65.99999999999999
1675,19.0,65.99999999999999
1676,19.0,67.0
1677,19.0,67.0
1678,19.0,68.0
1679,19.0,68.0
1680,19.0,69.0
1681,19.0,69.99999999999999
1682,19.0,69.99999999999999
1683,19.0,69.99999999999999
1684,19.0,69.99999999999999
1685,19.0,69.99999999999999
1686,19.0,71.0
1687,19.0,71.0
1688,19.0,71.0
1689,19.0,72.0
1690,19.0,72.0
1691,19.0,73.0
1692,19.0,73.0
1693,19.0,73.0
1694,19.0,72.0
1695,19.0,72.0
1696,19.0,69.99999999999999
1697,19.0,69.99999999999999
1698,19.0,69.99999999999999
1699,19.0,69.99999999999999
1700,19.0,69.99999999999999
1701,19.0,69.99999999999999
1702,19.0,69.99999999999999
1703,19.0,71.0
1704,19.0,71.0
1705,19.0,72.0
1706,19.0,75.0
1707,19.0,77.0
1708,19.0,77.0
1709,19.0,77.99999999999999
1710,19.0,77.99999999999999
1711,19.0,77.99999999999999
1712,19.0,77.99999999999999
1713,19.0,77.0
1714,19.0,77.0
1715,19.0,76.0
1716,19.0,76.0
1717,19.0,74.00000000000001
1718,19.0,74.00000000000001
1719,19.0,74.00000000000001
1720,19.0,75.0
1721,19.0,74.00000000000001
1722,19.0,75.0
1723,19.0,75.0
1724,19.0,75.0
1725,19.0,75.0
1726,19.0,74.00000000000001
1727,19.0,75.0
1728,19.0,74.00000000000001
1729,19.0,72.0
1730,19.0,69.99999999999999
1731,19.0,68.0
1732,19.0,68.0
1733,19.0,67.0
1734,19.0,67.0
1735,19.0,65.99999999999999
1736,19.0,65.99999999999999
1737,19.0,65.99999999999999
1738,19.0,65.99999999999999
1739,19.0,65.0
1740,19.0,65.99999999999999
1741,19.0,65.99999999999999
1742,19.0,68.0
1743,19.0,69.0
1744,19.0,69.99999999999999
1745,19.0,71.0
1746,19.0,71.0
1747,19.0,71.0
1748,19.0,71.0
1749,19.0,72.0
1750,19.0,71.0
1751,19.0,69.99999999999999
1752,19.0,69.99999999999999
1753,19.0,69.99999999999999
1754,19.0,69.99999999999999
1755,19.0,71.0
1756,19.0,71.0
1757,19.0,72.0
1758,19.0,72.0
1759,19.0,73.0
1760,19.0,74.00000000000001
1761,19.0,74.00000000000001
1762,19.0,74.00000000000001
1763,19.0,75.0
1764,19.0,75.0
1765,19.0,75.0
1766,19.0,75.0
1767,19.0,74.00000000000001
1768,19.0,74.00000000000001
1769,19.0,74.00000000000001
1770,19.0,74.00000000000001
1771,19.0,74.00000000000001
1772,19.0,74.00000000000001
1773,19.0,73.0
1774,19.0,73.0
1775,19.0,73.0
1776,19.0,74.00000000000001
1777,19.0,73.0
1778,19.0,73.0
1779,19.0,71.0
1780,19.0,71.0
1781,19.0,69.99999999999999
1782,19.0,69.0
1783,19.0,69.0
1784,19.0,68.0
1785,19.0,67.0
1786,19.0,67.0
1787,19.0,67.0
1788,19.0,67.0
1789,19.0,65.0
1790,19.0,65.0
1791,19.0,64.0
1792,19.0,62.99999999999999
1793,19.0,62.99999999999999
1794,19.0,62.99999999999999
1795,19.0,62.99999999999999
1796,19.0,62.99999999999999
1797,19.0,62.99999999999999
1798,19.0,62.99999999999999
1799,19.0,62.99999999999999
1800,19.0,62.99999999999999
1801,19.0,64.0
1802,19.0,62.99999999999999
1803,19.0,65.0
1804,19.0,67.0
1805,19.0,69.99999999999999
1806,19.0,71.0
1807,19.0,72.0
1808,19.0,73.0
1809,19.0,74.00000000000001
1810,19.0,74.00000000000001
1811,19.0,75.0
1812,19.0,77.0
1813,19.0,77.99999999999999
1814,19.0,79.0
1815,19.0,79.0
1816,19.0,80.0
1817,19.0,80.0
1818,19.0,80.0
1819,19.0,80.0
1820,19.0,80.0
1821,19.0,80.0
1822,19.0,81.0
1823,19.0,82.00000000000001
1824,19.0,83.0
1825,19.0,84.0
1826,19.0,87.0
1827,19.0,88.0
1828,19.0,87.0
1829,19.0,85.0
1830,19.0,84.0
1831,19.0,84.0
1832,19.0,82.00000000000001
1833,19.0,81.0
1834,19.0,79.0
1835,19.0,77.0
1836,19.0,75.0
1837,19.0,73.0
1838,19.0,72.0
1839,19.0,72.0
1840,19.0,72.0
1841,19.0,72.0
1842,19.0,72.0
1843,19.0,72.0
1844,19.0,71.0
1845,19.0,72.0
1846,19.0,72.0
1847,19.0,71.0
1848,19.0,69.0
1849,19.0,68.0
1850,19.0,65.0
1851,19.0,64.0
1852,19.0,54.0
1853,19.0,54.0
1854,19.0,54.0
1855,19.0,54.99999999999999
1856,19.0,54.99999999999999
1857,19.0,54.99999999999999
1858,19.0,56.0
1859,19.0,56.0
1860,19.0,57.00000000000001
1861,19.0,57.99999999999999
1862,19.0,58.99999999999999
1863,19.0,58.99999999999999
1864,19.0,57.99999999999999
1865,19.0,58.99999999999999
1866,19.0,60.0
1867,19.0,60.0
1868,19.0,58.99999999999999
1869,19.0,58.99999999999999
1870,19.0,60.0
1871,19.0,60.0
1872,19.0,58.99999999999999
1873,19.0,58.99999999999999
1874,19.0,57.99999999999999
1875,19.0,57.99999999999999
1876,19.0,62.99999999999999
1877,19.0,61.99999999999999
1878,19.0,65.0
1879,19.0,62.99999999999999
1880,19.0,62.99999999999999
1881,19.0,61.99999999999999
1882,19.0,62.99999999999999
1883,19.0,62.99999999999999
1884,19.0,64.0
1885,19.0,62.99999999999999
1886,19.0,61.99999999999999
1887,19.0,61.00000000000001
1888,19.0,61.00000000000001
1889,19.0,61.99999999999999
1890,19.0,61.00000000000001
1891,19.0,62.99999999999999
1892,19.0,62.99999999999999
1893,19.0,62.99999999999999
1894,19.0,62.99999999999999
1895,19.0,62.99999999999999
1896,19.0,61.00000000000001
1897,19.0,61.00000000000001
1898,19.0,61.00000000000001
1899,19.0,61.00000000000001
1900,19.0,53.00000000000001
1901,19.0,52.0
1902,19.0,52.0
1903,19.0,53.00000000000001
1904,19.0,53.00000000000001
1905,19.0,53.00000000000001
1906,19.0,53.00000000000001
1907,19.0,53.00000000000001
1908,19.0,53.00000000000001
1909,19.0,54.0
1910,19.0,54.0
1911,19.0,54.0
1912,19.0,54.0
1913,19.0,54.0
1914,19.0,54.99999999999999
1915,19.0,54.99999999999999
1916,19.0,56.0
1917,19.0,56.0
1918,19.0,56.0
1919,19.0,56.0
1920,19.0,57.00000000000001
1921,19.0,57.99999999999999
1922,19.0,57.99999999999999
1923,19.0,58.99999999999999
1924,19.0,56.0
1925,19.0,54.99999999999999
1926,19.0,54.99999999999999
1927,19.0,54.99999999999999
1928,19.0,54.99999999999999
1929,19.0,54.99999999999999
1930,19.0,54.99999999999999
1931,19.0,56.0
1932,19.0,57.00000000000001
1933,19.0,57.99999999999999
1934,19.0,57.99999999999999
1935,19.0,57.99999999999999
1936,19.0,57.99999999999999
1937,19.0,58.99999999999999
1938,19.0,58.99999999999999
1939,19.0,58.99999999999999
1940,19.0,58.99999999999999
1941,19.0,57.99999999999999
1942,19.0,57.00000000000001
1943,19.0,57.00000000000001
1944,19.0,56.0
1945,19.0,56.0
1946,19.0,56.0
1947,19.0,56.0
1948,19.0,64.0
1949,19.0,64.0
1950,19.0,64.0
1951,19.0,64.0
1952,19.0,64.0
1953,19.0,64.0
1954,19.0,64.0
1955,19.0,64.0
1956,19.0,62.99999999999999
1957,19.0,62.99999999999999
1958,19.0,62.99999999999999
1959,19.0,62.99999999999999
1960,19.0,61.99999999999999
1961,19.0,61.99999999999999
1962,19.0,61.00000000000001
1963,19.0,61.00000000000001
1964,19.0,60.0
1965,19.0,61.00000000000001
1966,19.0,61.00000000000001
1967,19.0,61.00000000000001
1968,19.0,60.0
1969,19.0,60.0
1970,19.0,58.99999999999999
1971,19.0,58.99999999999999
1972,19.0,61.99999999999999
1973,19.0,61.99999999999999
1974,19.0,62.99999999999999
1975,19.0,64.0
1976,19.0,64.0
1977,19.0,64.0
1978,19.0,64.0
1979,19.0,64.0
1980,19.0,64.0
1981,19.0,64.0
1982,19.0,64.0
1983,19.0,64.0
1984,19.0,64.0
1985,19.0,64.0
1986,19.0,64.0
1987,19.0,62.99999999999999
1988,19.0,62.99999999999999
1989,19.0,62.99999999999999
1990,19.0,62.99999999999999
1991,19.0,62.99999999999999
1992,19.0,62.99999999999999
1993,19.0,64.0
1994,19.0,64.0
1995,19.0,64.0
1996,19.0,53.00000000000001
1997,19.0,53.00000000000001
1998,19.0,54.0
1999,19.0,54.0
2000,19.0,54.99999999999999
2001,19.0,54.99999999999999
2002,19.0,54.99999999999999
2003,19.0,56.0
2004,19.0,56.0
2005,19.0,57.00000000000001
2006,19.0,58.99999999999999
2007,19.0,60.0
2008,19.0,61.00000000000001
2009,19.0,61.99999999999999
2010,19.0,61.99999999999999
2011,19.0,62.99999999999999
2012,19.0,62.99999999999999
2013,19.0,62.99999999999999
2014,19.0,62.99999999999999
2015,19.0,62.99999999999999
2016,19.0,61.99999999999999
2017,19.0,62.99999999999999
2018,19.0,62.99999999999999
2019,19.0,62.99999999999999
2020,19.0,67.0
2021,19.0,67.0
2022,19.0,67.0
2023,19.0,65.99999999999999
2024,19.0,65.99999999999999
2025,19.0,65.99999999999999
2026,19.0,65.99999999999999
2027,19.0,65.99999999999999
2028,19.0,65.0
2029,19.0,65.0
2030,19.0,64.0
2031,19.0,62.99999999999999
2032,19.0,64.0
2033,19.0,62.99999999999999
2034,19.0,62.99999999999999
2035,19.0,62.99999999999999
2036,19.0,62.99999999999999
2037,19.0,62.99999999999999
2038,19.0,62.99999999999999
2039,19.0,64.0
2040,19.0,64.0
2041,19.0,64.0
2042,19.0,65.0
2043,19.0,65.0
2044,19.0,75.0
2045,19.0,73.0
2046,19.0,69.99999999999999
2047,19.0,69.0
2048,19.0,67.0
2049,19.0,65.0
2050,19.0,64.0
2051,19.0,62.99999999999999
2052,19.0,62.99999999999999
2053,19.0,62.99999999999999
2054,19.0,61.99999999999999
2055,19.0,61.99999999999999
2056,19.0,61.99999999999999
2057,19.0,61.00000000000001
2058,19.0,61.00000000000001
2059,19.0,61.00000000000001
2060,19.0,60.0
2061,19.0,58.99999999999999
2062,19.0,57.99999999999999
2063,19.0,57.99999999999999
2064,19.0,57.00000000000001
2065,19.0,54.99999999999999
2066,19.0,54.0
2067,19.0,52.0
2068,19.0,95.0
2069,19.0,95.0
2070,19.0,95.0
2071,19.0,95.0
2072,19.0,95.0
2073,19.0,95.0
2074,19.0,96.0
2075,19.0,96.0
2076,19.0,97.0
2077,19.0,97.0
2078,19.0,97.0
2079,19.0,97.0
2080,19.0,97.0
2081,19.0,96.0
2082,19.0,95.0
2083,19.0,93.99999999999999
2084,19.0,93.99999999999999
2085,19.0,93.0
2086,19.0,93.0
2087,19.0,93.0
2088,19.0,91.0
2089,19.0,90.00000000000001
2090,19.0,89.0
2091,19.0,88.0
2092,19.0,53.00000000000001
2093,19.0,53.00000000000001
2094,19.0,53.00000000000001
2095,19.0,54.0
2096,19.0,54.99999999999999
2097,19.0,56.0
2098,19.0,57.00000000000001
2099,19.0,57.00000000000001
2100,19.0,57.99999999999999
2101,19.0,57.99999999999999
2102,19.0,58.99999999999999
2103,19.0,60.0
2104,19.0,60.0
2105,19.0,60.0
2106,19.0,61.00000000000001
2107,19.0,61.00000000000001
2108,19.0,61.00000000000001
2109,19.0,61.00000000000001
2110,19.0,60.0
2111,19.0,60.0
2112,19.0,60.0
2113,19.0,60.0
2114,19.0,60.0
2115,19.0,61.00000000000001
2116,19.0,61.00000000000001
2117,19.0,61.00000000000001
2118,19.0,61.00000000000001
2119,19.0,61.00000000000001
2120,19.0,61.99999999999999
2121,19.0,61.00000000000001
2122,19.0,61.00000000000001
2123,19.0,61.00000000000001
2124,19.0,60.0
2125,19.0,60.0
2126,19.0,60.0
2127,19.0,61.00000000000001
2128,19.0,61.00000000000001
2129,19.0,61.00000000000001
2130,19.0,61.00000000000001
2131,19.0,60.0
2132,19.0,61.00000000000001
2133,19.0,60.0
2134,19.0,60.0
2135,19.0,60.0
2136,19.0,60.0
2137,19.0,58.99999999999999
2138,19.0,57.99999999999999
2139,19.0,57.00000000000001
2140,19.0,61.00000000000001
2141,19.0,61.00000000000001
2142,19.0,60.0
2143,19.0,58.99999999999999
2144,19.0,60.0
2145,19.0,60.0
2146,19.0,60.0
2147,19.0,61.00000000000001
2148,19.0,61.00000000000001
2149,19.0,61.99999999999999
2150,19.0,62.99999999999999
2151,19.0,64.0
2152,19.0,64.0
2153,19.0,64.0
2154,19.0,65.0
2155,19.0,65.0
2156,19.0,65.0
2157,19.0,65.0
2158,19.0,65.0
2159,19.0,65.99999999999999
2160,19.0,65.99999999999999
2161,19.0,67.0
2162,19.0,65.99999999999999
2163,19.0,65.99999999999999
2164,19.0,68.0
2165,19.0,68.0
2166,19.0,68.0
2167,19.0,69.0
2168,19.0,69.99999999999999
2169,19.0,69.0
2170,19.0,69.0
2171,19.0,68.0
2172,19.0,68.0
2173,19.0,65.99999999999999
2174,19.0,65.99999999999999
2175,19.0,65.0
2176,19.0,65.0
2177,19.0,65.0
2178,19.0,65.0
2179,19.0,65.0
2180,19.0,65.0
2181,19.0,65.0
2182,19.0,64.0
2183,19.0,62.99999999999999
2184,19.0,62.99999999999999
2185,19.0,64.0
2186,19.0,62.99999999999999
2187,19.0,62.99999999999999
2188,19.0,61.00000000000001
2189,19.0,61.00000000000001
2190,19.0,61.00000000000001
2191,19.0,58.99999999999999
2192,19.0,58.99999999999999
2193,19.0,60.0
2194,19.0,61.00000000000001
2195,19.0,61.99999999999999
2196,19.0,64.0
2197,19.0,64.0
2198,19.0,64.0
2199,19.0,64.0
2200,19.0,64.0
2201,19.0,64.0
2202,19.0,64.0
2203,19.0,64.0
2204,19.0,64.0
2205,19.0,64.0
2206,19.0,65.0
2207,19.0,65.99999999999999
2208,19.0,67.0
2209,19.0,67.0
2210,19.0,67.0
2211,19.0,68.0
2212,19.0,68.0
2213,19.0,69.0
2214,19.0,69.0
2215,19.0,69.99999999999999
2216,19.0,71.0
2217,19.0,72.0
2218,19.0,73.0
2219,19.0,74.00000000000001
2220,19.0,74.00000000000001
2221,19.0,74.00000000000001
2222,19.0,74.00000000000001
2223,19.0,75.0
2224,19.0,75.0
2225,19.0,75.0
2226,19.0,75.0
2227,19.0,75.0
2228,19.0,75.0
2229,19.0,75.0
2230,19.0,75.0
2231,19.0,75.0
2232,19.0,75.0
2233,19.0,76.0
2234,19.0,77.0
2235,19.0,77.0
2236,19.0,77.0
2237,19.0,77.0
2238,19.0,77.0
2239,19.0,76.0
2240,19.0,76.0
2241,19.0,75.0
2242,19.0,75.0
2243,19.0,74.00000000000001
2244,19.0,74.00000000000001
2245,19.0,76.0
2246,19.0,77.0
2247,19.0,77.0
2248,19.0,77.0
2249,19.0,76.0
2250,19.0,76.0
2251,19.0,75.0
2252,19.0,74.00000000000001
2253,19.0,75.0
2254,19.0,75.0
2255,19.0,75.0
2256,19.0,74.00000000000001
2257,19.0,74.00000000000001
2258,19.0,75.0
2259,19.0,76.0
2260,19.0,76.0
2261,19.0,76.0
2262,19.0,76.0
2263,19.0,76.0
2264,19.0,75.0
2265,19.0,75.0
2266,19.0,74.00000000000001
2267,19.0,73.0
2268,19.0,73.0
2269,19.0,72.0
2270,19.0,71.0
2271,19.0,71.0
2272,19.0,72.0
2273,19.0,72.0
2274,19.0,73.0
2275,19.0,73.0
2276,19.0,74.00000000000001
2277,19.0,74.00000000000001
2278,19.0,75.0
2279,19.0,75.0
2280,19.0,75.0
2281,19.0,74.00000000000001
2282,19.0,73.0
2283,19.0,71.0
2284,19.0,71.0
2285,19.0,69.99999999999999
2286,19.0,71.0
2287,19.0,71.0
2288,19.0,71.0
2289,19.0,71.0
2290,19.0,72.0
2291,19.0,73.0
2292,19.0,73.0
2293,19.0,74.00000000000001
2294,19.0,79.0
2295,19.0,79.0
2296,19.0,79.0
2297,19.0,80.0
2298,19.0,80.0
2299,19.0,79.0
2300,19.0,80.0
2301,19.0,79.0
2302,19.0,79.0
2303,19.0,79.0
2304,19.0,81.0
2305,19.0,82.00000000000001
2306,19.0,83.0
2307,19.0,83.0
2308,19.0,83.0
2309,19.0,83.0
2310,19.0,82.00000000000001
2311,19.0,82.00000000000001
2312,19.0,82.00000000000001
2313,19.0,82.00000000000001
2314,19.0,82.00000000000001
2315,19.0,82.00000000000001
2316,19.0,82.00000000000001
2317,19.0,81.0
2318,19.0,76.0
2319,19.0,75.0
2320,19.0,75.0
2321,19.0,75.0
2322,19.0,75.0
2323,19.0,76.0
2324,19.0,77.0
2325,19.0,77.0
2326,19.0,77.0
2327,19.0,77.0
2328,19.0,76.0
2329,19.0,76.0
2330,19.0,75.0
2331,19.0,75.0
2332,19.0,76.0
2333,19.0,77.0
2334,19.0,77.99999999999999
2335,19.0,79.0
2336,19.0,79.0
2337,19.0,79.0
2338,19.0,79.0
2339,19.0,80.0
2340,19.0,80.0
2341,19.0,81.0
2342,19.0,82.00000000000001
2343,19.0,83.0
2344,19.0,82.00000000000001
2345,19.0,82.00000000000001
2346,19.0,82.00000000000001
2347,19.0,81.0
2348,19.0,81.0
2349,19.0,80.0
2350,19.0,80.0
2351,19.0,80.0
2352,19.0,80.0
2353,19.0,79.0
2354,19.0,79.0
2355,19.0,79.0
2356,19.0,77.99999999999999
2357,19.0,77.99999999999999
2358,19.0,77.99999999999999
2359,19.0,77.99999999999999
2360,19.0,77.99999999999999
2361,19.0,77.99999999999999
2362,19.0,77.99999999999999
2363,19.0,77.0
2364,19.0,77.0
2365,19.0,77.0
2366,19.0,76.0
2367,19.0,76.0
2368,19.0,77.0
2369,19.0,77.0
2370,19.0,77.0
2371,19.0,77.0
2372,19.0,77.0
2373,19.0,77.0
2374,19.0,77.0
2375,19.0,77.0
2376,19.0,77.0
2377,19.0,77.0
2378,19.0,76.0
2379,19.0,75.0
2380,19.0,74.00000000000001
2381,19.0,73.0
2382,19.0,72.0
2383,19.0,71.0
2384,19.0,69.0
2385,19.0,69.0
2386,19.0,69.0
2387,19.0,69.0
2388,19.0,69.0
2389,19.0,69.0
2390,19.0,68.0
2391,19.0,68.0
2392,19.0,68.0
2393,19.0,68.0
2394,19.0,68.0
2395,19.0,68.0
2396,19.0,68.0
2397,19.0,69.0
2398,19.0,69.0
2399,19.0,69.0
2400,19.0,68.0
2401,19.0,68.0
2402,19.0,69.0
2403,19.0,69.0
2404,19.0,69.99999999999999
2405,19.0,72.0
2406,19.0,73.0
2407,19.0,74.00000000000001
2408,19.0,75.0
2409,19.0,76.0
2410,19.0,76.0
2411,19.0,76.0
2412,19.0,76.0
2413,19.0,77.0
2414,19.0,77.0
2415,19.0,77.0
2416,19.0,77.0
2417,19.0,77.0
2418,19.0,77.0
2419,19.0,77.0
2420,19.0,76.0
2421,19.0,75.0
2422,19.0,75.0
2423,19.0,74.00000000000001
2424,19.0,74.00000000000001
2425,19.0,74.00000000000001
2426,19.0,74.00000000000001
2427,19.0,73.0
2428,19.0,72.0
2429,19.0,72.0
2430,19.0,72.0
2431,19.0,71.0
2432,19.0,69.99999999999999
2433,19.0,69.99999999999999
2434,19.0,69.99999999999999
2435,19.0,69.0
2436,19.0,69.0
2437,19.0,67.0
2438,19.0,65.99999999999999
2439,19.0,65.0
2440,19.0,65.0
2441,19.0,64.0
2442,19.0,64.0
2443,19.0,64.0
2444,19.0,64.0
2445,19.0,64.0
2446,19.0,62.99999999999999
2447,19.0,62.99999999999999
2448,19.0,62.99999999999999
2449,19.0,64.0
2450,19.0,64.0
2451,19.0,62.99999999999999
2452,19.0,62.99999999999999
2453,19.0,62.99999999999999
2454,19.0,62.99999999999999
2455,19.0,62.99999999999999
2456,19.0,64.0
2457,19.0,64.0
2458,19.0,64.0
2459,19.0,64.0
2460,19.0,62.99999999999999
2461,19.0,61.99999999999999
2462,19.0,61.99999999999999
2463,19.0,61.99999999999999
2464,19.0,61.99999999999999
2465,19.0,61.99999999999999
2466,19.0,61.00000000000001
2467,19.0,61.00000000000001
2468,19.0,60.0
2469,19.0,60.0
2470,19.0,60.0
2471,19.0,60.0
2472,19.0,58.99999999999999
2473,19.0,57.99999999999999
2474,19.0,57.00000000000001
2475,19.0,57.00000000000001
2476,19.0,57.00000000000001
2477,19.0,56.0
2478,19.0,56.0
2479,19.0,54.99999999999999
2480,19.0,54.0
2481,19.0,53.00000000000001
2482,19.0,53.00000000000001
2483,19.0,54.0
2484,19.0,54.99999999999999
2485,19.0,56.0
2486,19.0,57.00000000000001
2487,19.0,57.00000000000001
2488,19.0,57.99999999999999
2489,19.0,57.99999999999999
2490,19.0,57.99999999999999
2491,19.0,58.99999999999999
2492,19.0,58.99999999999999
2493,19.0,58.99999999999999
2494,19.0,58.99999999999999
2495,19.0,58.99999999999999
2496,19.0,58.99999999999999
2497,19.0,58.99999999999999
2498,19.0,58.99999999999999
2499,19.0,60.0
2500,19.0,60.0
2501,19.0,60.0
2502,19.0,61.00000000000001
2503,19.0,61.00000000000001
2504,19.0,61.99999999999999
2505,19.0,61.99999999999999
2506,19.0,61.99999999999999
2507,19.0,61.99999999999999
2508,19.0,61.99999999999999
2509,19.0,62.99999999999999
2510,19.0,61.99999999999999
2511,19.0,61.99999999999999
2512,19.0,61.00000000000001
2513,19.0,61.00000000000001
2514,19.0,61.00000000000001
2515,19.0,60.0
2516,19.0,60.0
2517,19.0,58.99999999999999
2518,19.0,58.99999999999999
2519,19.0,60.0
2520,19.0,60.0
2521,19.0,60.0
2522,19.0,60.0
2523,19.0,61.00000000000001
2524,19.0,61.00000000000001
2525,19.0,61.00000000000001
2526,19.0,61.99999999999999
2527,19.0,62.99999999999999
2528,19.0,62.99999999999999
2529,19.0,62.99999999999999
2530,19.0,61.99999999999999
2531,19.0,61.99999999999999
2532,19.0,61.00000000000001
2533,19.0,60.0
2534,19.0,60.0
2535,19.0,60.0
2536,19.0,61.00000000000001
2537,19.0,61.00000000000001
2538,19.0,61.00000000000001
2539,19.0,61.00000000000001
2540,19.0,61.99999999999999
2541,19.0,61.99999999999999
2542,19.0,61.99999999999999
2543,19.0,61.99999999999999
2544,19.0,61.99999999999999
2545,19.0,61.99999999999999
2546,19.0,61.99999999999999
2547,19.0,61.99999999999999
2548,19.0,61.99999999999999
2549,19.0,62.99999999999999
2550,19.0,61.99999999999999
2551,19.0,61.00000000000001
2552,19.0,61.00000000000001
2553,19.0,60.0
2554,19.0,60.0
2555,19.0,58.99999999999999
2556,19.0,58.99999999999999
2557,19.0,57.99999999999999
2558,19.0,57.00000000000001
2559,19.0,57.00000000000001
2560,19.0,57.00000000000001
2561,19.0,57.00000000000001
2562,19.0,56.0
2563,19.0,56.0
2564,19.0,56.0
2565,19.0,56.0
2566,19.0,56.0
2567,19.0,56.0
2568,19.0,57.00000000000001
2569,19.0,60.0
2570,19.0,61.00000000000001
2571,19.0,60.0
2572,19.0,57.99999999999999
2573,19.0,57.99999999999999
2574,19.0,57.00000000000001
2575,19.0,57.00000000000001
2576,19.0,56.0
2577,19.0,56.0
2578,19.0,56.0
2579,19.0,54.99999999999999
2580,19.0,54.0
2581,19.0,54.0
2582,19.0,53.00000000000001
2583,19.0,54.0
2584,19.0,54.99999999999999
2585,19.0,54.99999999999999
2586,19.0,54.99999999999999
2587,19.0,54.0
2588,19.0,54.0
2589,19.0,54.0
2590,19.0,53.00000000000001
2591,19.0,53.00000000000001
2592,19.0,53.00000000000001
2593,19.0,53.00000000000001
2594,19.0,53.00000000000001
2595,19.0,53.00000000000001
2596,19.0,60.0
2597,19.0,61.00000000000001
2598,19.0,58.99999999999999
2599,19.0,58.99999999999999
2600,19.0,58.99999999999999
2601,19.0,60.0
2602,19.0,60.0
2603,19.0,60.0
2604,19.0,58.99999999999999
2605,19.0,60.0
2606,19.0,62.99999999999999
2607,19.0,65.0
2608,19.0,64.0
2609,19.0,64.0
2610,19.0,65.0
2611,19.0,62.99999999999999
2612,19.0,62.99999999999999
2613,19.0,64.0
2614,19.0,64.0
2615,19.0,62.99999999999999
2616,19.0,64.0
2617,19.0,64.0
2618,19.0,64.0
2619,19.0,64.0
2620,19.0,60.0
2621,19.0,60.0
2622,19.0,61.00000000000001
2623,19.0,61.99999999999999
2624,19.0,62.99999999999999
2625,19.0,64.0
2626,19.0,64.0
2627,19.0,64.0
2628,19.0,64.0
2629,19.0,64.0
2630,19.0,62.99999999999999
2631,19.0,62.99999999999999
2632,19.0,62.99999999999999
2633,19.0,62.99999999999999
2634,19.0,64.0
2635,19.0,64.0
2636,19.0,62.99999999999999
2637,19.0,64.0
2638,19.0,62.99999999999999
2639,19.0,64.0
2640,19.0,67.0
2641,19.0,62.99999999999999
2642,19.0,62.99999999999999
2643,19.0,64.0
2644,19.0,56.0
2645,19.0,57.00000000000001
2646,19.0,57.00000000000001
2647,19.0,57.99999999999999
2648,19.0,58.99999999999999
2649,19.0,58.99999999999999
2650,19.0,60.0
2651,19.0,60.0
2652,19.0,61.00000000000001
2653,19.0,60.0
2654,19.0,60.0
2655,19.0,61.00000000000001
2656,19.0,61.00000000000001
2657,19.0,60.0
2658,19.0,61.00000000000001
2659,19.0,61.00000000000001
2660,19.0,61.00000000000001
2661,19.0,61.99999999999999
2662,19.0,61.99999999999999
2663,19.0,61.99999999999999
2664,19.0,61.00000000000001
2665,19.0,61.00000000000001
2666,19.0,61.00000000000001
2667,19.0,61.00000000000001
2668,19.0,57.99999999999999
2669,19.0,57.99999999999999
2670,19.0,57.00000000000001
2671,19.0,56.0
2672,19.0,54.99999999999999
2673,19.0,54.0
2674,19.0,53.00000000000001
2675,19.0,52.0
2676,19.0,50.99999999999999
2677,19.0,46.99999999999999
2678,19.0,42.99999999999999
2679,19.0,40.0
2680,19.0,40.0
2681,19.0,38.99999999999999
2682,19.0,37.00000000000001
2683,19.0,37.00000000000001
2684,19.0,35.0
2685,19.0,34.0
2686,19.0,34.0
2687,19.0,34.0
2688,19.0,34.0
2689,19.0,37.00000000000001
2690,19.0,38.0
2691,19.0,38.99999999999999
2692,19.0,65.0
2693,19.0,64.0
2694,19.0,65.0
2695,19.0,65.99999999999999
2696,19.0,68.0
2697,19.0,69.0
2698,19.0,69.0
2699,19.0,69.0
2700,19.0,69.0
2701,19.0,69.0
2702,19.0,68.0
2703,19.0,68.0
2704,19.0,69.0
2705,19.0,69.0
2706,19.0,69.99999999999999
2707,19.0,71.0
2708,19.0,72.0
2709,19.0,72.0
2710,19.0,72.0
2711,19.0,73.0
2712,19.0,73.0
2713,19.0,72.0
2714,19.0,72.0
2715,19.0,72.0
2716,19.0,61.99999999999999
2717,19.0,61.99999999999999
2718,19.0,61.99999999999999
2719,19.0,61.99999999999999
2720,19.0,61.99999999999999
2721,19.0,61.99999999999999
2722,19.0,61.99999999999999
2723,19.0,61.99999999999999
2724,19.0,61.99999999999999
2725,19.0,61.99999999999999
2726,19.0,61.99999999999999
2727,19.0,61.00000000000001
2728,19.0,60.0
2729,19.0,58.99999999999999
2730,19.0,58.99999999999999
2731,19.0,57.99999999999999
2732,19.0,57.99999999999999
2733,19.0,57.99999999999999
2734,19.0,57.99999999999999
2735,19.0,57.99999999999999
2736,19.0,58.99999999999999
2737,19.0,58.99999999999999
2738,19.0,58.99999999999999
2739,19.0,60.0
2740,19.0,65.0
2741,19.0,67.0
2742,19.0,68.0
2743,19.0,69.0
2744,19.0,69.99999999999999
2745,19.0,71.0
2746,19.0,72.0
2747,19.0,73.0
2748,19.0,73.0
2749,19.0,74.00000000000001
2750,19.0,76.0
2751,19.0,77.0
2752,19.0,77.99999999999999
2753,19.0,77.99999999999999
2754,19.0,77.99999999999999
2755,19.0,79.0
2756,19.0,77.99999999999999
2757,19.0,77.99999999999999
2758,19.0,77.99999999999999
2759,19.0,77.99999999999999
2760,19.0,77.99999999999999
2761,19.0,77.99999999999999
2762,19.0,77.99999999999999
2763,19.0,77.99999999999999
2764,19.0,52.0
2765,19.0,52.0
2766,19.0,52.0
2767,19.0,53.00000000000001
2768,19.0,54.0
2769,19.0,54.0
2770,19.0,54.99999999999999
2771,19.0,54.99999999999999
2772,19.0,56.0
2773,19.0,57.00000000000001
2774,19.0,57.99999999999999
2775,19.0,57.99999999999999
2776,19.0,57.99999999999999
2777,19.0,57.99999999999999
2778,19.0,57.99999999999999
2779,19.0,58.99999999999999
2780,19.0,60.0
2781,19.0,61.00000000000001
2782,19.0,61.99999999999999
2783,19.0,61.99999999999999
2784,19.0,62.99999999999999
2785,19.0,62.99999999999999
2786,19.0,64.0
2787,19.0,64.0
2788,19.0,88.0
2789,19.0,88.0
2790,19.0,89.0
2791,19.0,89.0
2792,19.0,89.0
2793,19.0,89.0
2794,19.0,90.00000000000001
2795,19.0,90.00000000000001
2796,19.0,90.00000000000001
2797,19.0,90.00000000000001
2798,19.0,89.0
2799,19.0,89.0
2800,19.0,88.0
2801,19.0,89.0
2802,19.0,89.0
2803,19.0,90.00000000000001
2804,19.0,91.0
2805,19.0,92.0
2806,19.0,93.0
2807,19.0,93.99999999999999
2808,19.0,96.0
2809,19.0,99.0
2810,19.0,105.0
2811,19.0,108.0
2812,19.0,61.00000000000001
2813,19.0,61.00000000000001
2814,19.0,60.0
2815,19.0,60.0
2816,19.0,60.0
2817,19.0,60.0
2818,19.0,60.0
2819,19.0,58.99999999999999
2820,19.0,58.99999999999999
2821,19.0,58.99999999999999
2822,19.0,58.99999999999999
2823,19.0,57.99999999999999
2824,19.0,57.99999999999999
2825,19.0,57.99999999999999
2826,19.0,57.99999999999999
2827,19.0,57.00000000000001
2828,19.0,57.00000000000001
2829,19.0,57.00000000000001
2830,19.0,57.99999999999999
2831,19.0,57.99999999999999
2832,19.0,57.99999999999999
2833,19.0,57.99999999999999
2834,19.0,57.99999999999999
2835,19.0,57.99999999999999
2836,19.0,56.0
2837,19.0,56.0
2838,19.0,56.0
2839,19.0,56.0
2840,19.0,54.99999999999999
2841,19.0,54.99999999999999
2842,19.0,54.99999999999999
2843,19.0,54.99999999999999
2844,19.0,54.99999999999999
2845,19.0,54.99999999999999
2846,19.0,56.0
2847,19.0,56.0
2848,19.0,54.99999999999999
2849,19.0,54.99999999999999
2850,19.0,56.0
2851,19.0,57.00000000000001
2852,19.0,56.0
2853,19.0,57.00000000000001
2854,19.0,56.0
2855,19.0,56.0
2856,19.0,56.0
2857,19.0,56.0
2858,19.0,56.0
2859,19.0,56.0
2860,19.0,54.99999999999999
2861,19.0,54.99999999999999
2862,19.0,56.0
2863,19.0,57.00000000000001
2864,19.0,57.00000000000001
2865,19.0,57.99999999999999
2866,19.0,58.99999999999999
2867,19.0,58.99999999999999
2868,19.0,58.99999999999999
2869,19.0,57.99999999999999
2870,19.0,57.99999999999999
2871,19.0,57.99999999999999
2872,19.0,57.99999999999999
2873,19.0,58.99999999999999
2874,19.0,58.99999999999999
2875,19.0,58.99999999999999
2876,19.0,57.99999999999999
2877,19.0,57.99999999999999
2878,19.0,57.99999999999999
2879,19.0,57.99999999999999
2880,19.0,57.00000000000001
2881,19.0,57.00000000000001
2882,19.0,57.99999999999999
2883,19.0,58.99999999999999
2884,19.0,58.99999999999999
2885,19.0,58.99999999999999
2886,19.0,60.0
2887,19.0,60.0
2888,19.0,60.0
2889,19.0,58.99999999999999
2890,19.0,57.99999999999999
2891,19.0,57.00000000000001
2892,19.0,57.00000000000001
2893,19.0,57.00000000000001
2894,19.0,57.00000000000001
2895,19.0,57.00000000000001
2896,19.0,57.00000000000001
2897,19.0,57.00000000000001
2898,19.0,56.0
2899,19.0,56.0
2900,19.0,56.0
2901,19.0,56.0
2902,19.0,57.00000000000001
2903,19.0,56.0
2904,19.0,56.0
2905,19.0,57.00000000000001
2906,19.0,57.99999999999999
2907,19.0,57.99999999999999
2908,19.0,57.00000000000001
2909,19.0,56.0
2910,19.0,56.0
2911,19.0,54.99999999999999
2912,19.0,54.99999999999999
2913,19.0,56.0
2914,19.0,57.00000000000001
2915,19.0,57.00000000000001
2916,19.0,57.99999999999999
2917,19.0,58.99999999999999
2918,19.0,60.0
2919,19.0,60.0
2920,19.0,61.00000000000001
2921,19.0,61.00000000000001
2922,19.0,61.99999999999999
2923,19.0,62.99999999999999
2924,19.0,62.99999999999999
2925,19.0,64.0
2926,19.0,64.0
2927,19.0,64.0
2928,19.0,65.99999999999999
2929,19.0,65.99999999999999
2930,19.0,67.0
2931,19.0,67.0
2932,19.0,69.0
2933,19.0,69.99999999999999
2934,19.0,71.0
2935,19.0,71.0
2936,19.0,71.0
2937,19.0,72.0
2938,19.0,72.0
2939,19.0,73.0
2940,19.0,72.0
2941,19.0,72.0
2942,19.0,73.0
2943,19.0,73.0
2944,19.0,73.0
2945,19.0,73.0
2946,19.0,73.0
2947,19.0,73.0
2948,19.0,73.0
2949,19.0,74.00000000000001
2950,19.0,74.00000000000001
2951,19.0,74.00000000000001
2952,19.0,73.0
2953,19.0,72.0
2954,19.0,73.0
2955,19.0,73.0
2956,19.0,73.0
2957,19.0,74.00000000000001
2958,19.0,75.0
2959,19.0,77.0
2960,19.0,77.0
2961,19.0,77.0
2962,19.0,77.99999999999999
2963,19.0,79.0
2964,19.0,79.0
2965,19.0,80.0
2966,19.0,81.0
2967,19.0,81.0
2968,19.0,81.0
2969,19.0,80.0
2970,19.0,81.0
2971,19.0,80.0
2972,19.0,80.0
2973,19.0,79.0
2974,19.0,79.0
2975,19.0,77.99999999999999
2976,19.0,77.99999999999999
2977,19.0,77.99999999999999
2978,19.0,77.0
2979,19.0,76.0
2980,19.0,76.0
2981,19.0,75.0
2982,19.0,73.0
2983,19.0,71.0
2984,19.0,69.0
2985,19.0,67.0
2986,19.0,65.0
2987,19.0,64.0
2988,19.0,62.99999999999999
2989,19.0,61.99999999999999
2990,19.0,60.0
2991,19.0,58.99999999999999
2992,19.0,58.99999999999999
2993,19.0,57.99999999999999
2994,19.0,57.00000000000001
2995,19.0,57.00000000000001
2996,19.0,57.00000000000001
2997,19.0,57.00000000000001
2998,19.0,57.00000000000001
2999,19.0,57.99999999999999
3000,19.0,58.99999999999999
3001,19.0,58.99999999999999
3002,19.0,61.00000000000001
3003,19.0,61.00000000000001
3004,19.0,58.99999999999999
3005,19.0,57.99999999999999
3006,19.0,57.99999999999999
3007,19.0,57.99999999999999
3008,19.0,57.99999999999999
3009,19.0,58.99999999999999
3010,19.0,60.0
3011,19.0,60.0
3012,19.0,60.0
3013,19.0,61.00000000000001
3014,19.0,61.00000000000001
3015,19.0,61.00000000000001
3016,19.0,61.99999999999999
3017,19.0,62.99999999999999
3018,19.0,64.0
3019,19.0,65.0
3020,19.0,65.0
3021,19.0,65.99999999999999
3022,19.0,65.99999999999999
3023,19.0,65.99999999999999
3024,19.0,65.0
3025,19.0,64.0
3026,19.0,61.99999999999999
3027,19.0,61.00000000000001
3028,19.0,61.99999999999999
3029,19.0,61.00000000000001
3030,19.0,61.00000000000001
3031,19.0,61.00000000000001
3032,19.0,61.99999999999999
3033,19.0,61.00000000000001
3034,19.0,60.0
3035,19.0,60.0
3036,19.0,60.0
3037,19.0,58.99999999999999
3038,19.0,57.99999999999999
3039,19.0,57.99999999999999
3040,19.0,57.99999999999999
3041,19.0,57.00000000000001
3042,19.0,56.0
3043,19.0,54.99999999999999
3044,19.0,54.99999999999999
3045,19.0,54.0
3046,19.0,54.0
3047,19.0,53.00000000000001
3048,19.0,53.00000000000001
3049,19.0,54.0
3050,19.0,54.0
3051,19.0,54.0
3052,19.0,54.0
3053,19.0,54.99999999999999
3054,19.0,54.99999999999999
3055,19.0,56.0
3056,19.0,56.0
3057,19.0,57.99999999999999
3058,19.0,57.99999999999999
3059,19.0,58.99999999999999
3060,19.0,60.0
3061,19.0,60.0
3062,19.0,61.00000000000001
3063,19.0,61.99999999999999
3064,19.0,61.99999999999999
3065,19.0,61.99999999999999
3066,19.0,61.99999999999999
3067,19.0,61.99999999999999
3068,19.0,61.99999999999999
3069,19.0,62.99999999999999
3070,19.0,62.99999999999999
3071,19.0,62.99999999999999
3072,19.0,64.0
3073,19.0,64.0
3074,19.0,64.0
3075,19.0,64.0
3076,19.0,65.0
3077,19.0,65.99999999999999
3078,19.0,65.99999999999999
3079,19.0,67.0
3080,19.0,68.0
3081,19.0,67.0
3082,19.0,67.0
3083,19.0,67.0
3084,19.0,67.0
3085,19.0,67.0
3086,19.0,67.0
3087,19.0,67.0
3088,19.0,65.99999999999999
3089,19.0,65.99999999999999
3090,19.0,65.99999999999999
3091,19.0,67.0
3092,19.0,68.0
3093,19.0,68.0
3094,19.0,68.0
3095,19.0,68.0
3096,19.0,69.0
3097,19.0,69.0
3098,19.0,69.99999999999999
3099,19.0,69.99999999999999
3100,19.0,69.99999999999999
3101,19.0,69.99999999999999
3102,19.0,69.99999999999999
3103,19.0,69.0
3104,19.0,69.0
3105,19.0,69.0
3106,19.0,69.0
3107,19.0,69.0
3108,19.0,69.0
3109,19.0,69.0
3110,19.0,69.0
3111,19.0,69.0
3112,19.0,69.0
3113,19.0,69.0
3114,19.0,68.0
3115,19.0,68.0
3116,19.0,68.0
3117,19.0,68.0
3118,19.0,67.0
3119,19.0,67.0
3120,19.0,67.0
3121,19.0,67.0
3122,19.0,65.99999999999999
3123,19.0,65.99999999999999
3124,19.0,65.99999999999999
3125,19.0,65.99999999999999
3126,19.0,65.99999999999999
3127,19.0,65.0
3128,19.0,65.0
3129,19.0,65.0
3130,19.0,64.0
3131,19.0,64.0
3132,19.0,64.0
3133,19.0,65.0
3134,19.0,65.99999999999999
3135,19.0,65.99999999999999
3136,19.0,67.0
3137,19.0,67.0
3138,19.0,67.0
3139,19.0,67.0
3140,19.0,67.0
3141,19.0,65.99999999999999
3142,19.0,65.99999999999999
3143,19.0,65.99999999999999
3144,19.0,68.0
3145,19.0,72.0
3146,19.0,74.00000000000001
3147,19.0,74.00000000000001
3148,19.0,74.00000000000001
3149,19.0,74.00000000000001
3150,19.0,73.0
3151,19.0,73.0
3152,19.0,73.0
3153,19.0,73.0
3154,19.0,73.0
3155,19.0,73.0
3156,19.0,74.00000000000001
3157,19.0,74.00000000000001
3158,19.0,74.00000000000001
3159,19.0,74.00000000000001
3160,19.0,74.00000000000001
3161,19.0,74.00000000000001
3162,19.0,74.00000000000001
3163,19.0,74.00000000000001
3164,19.0,74.00000000000001
3165,19.0,74.00000000000001
3166,19.0,74.00000000000001
3167,19.0,74.00000000000001
3168,19.0,73.0
3169,19.0,69.99999999999999
3170,19.0,69.99999999999999
3171,19.0,71.0
3172,19.0,73.0
3173,19.0,73.0
3174,19.0,73.0
3175,19.0,74.00000000000001
3176,19.0,74.00000000000001
3177,19.0,74.00000000000001
3178,19.0,75.0
3179,19.0,74.00000000000001
3180,19.0,74.00000000000001
3181,19.0,74.00000000000001
3182,19.0,74.00000000000001
3183,19.0,75.0
3184,19.0,75.0
3185,19.0,75.0
3186,19.0,75.0
3187,19.0,75.0
3188,19.0,75.0
3189,19.0,76.0
3190,19.0,76.0
3191,19.0,77.0
3192,19.0,80.0
3193,19.0,85.0
3194,19.0,85.0
3195,19.0,85.99999999999999
3196,19.0,89.0
3197,19.0,92.0
3198,19.0,93.0
3199,19.0,95.0
3200,19.0,96.0
3201,19.0,99.0
3202,19.0,100.0
3203,19.0,104.0
3204,19.0,108.0
3205,19.0,107.0
3206,19.0,100.0
3207,19.0,99.0
3208,19.0,100.0
3209,19.0,100.0
3210,19.0,100.0
3211,19.0,100.0
3212,19.0,100.0
3213,19.0,99.0
3214,19.0,99.0
3215,19.0,98.00000000000001
3216,19.0,95.0
3217,19.0,90.00000000000001
3218,19.0,91.0
3219,19.0,89.0
3220,19.0,85.0
3221,19.0,83.0
3222,19.0,82.00000000000001
3223,19.0,81.0
3224,19.0,80.0
3225,19.0,77.99999999999999
3226,19.0,77.0
3227,19.0,77.0
3228,19.0,77.0
3229,19.0,77.0
3230,19.0,77.99999999999999
3231,19.0,79.0
3232,19.0,79.0
3233,19.0,80.0
3234,19.0,80.0
3235,19.0,80.0
3236,19.0,80.0
3237,19.0,80.0
3238,19.0,80.0
3239,19.0,81.0
3240,19.0,82.00000000000001
3241,19.0,82.00000000000001
3242,19.0,83.0
3243,19.0,83.0
3244,19.0,83.0
3245,19.0,83.0
3246,19.0,83.0
3247,19.0,84.0
3248,19.0,84.0
3249,19.0,84.0
3250,19.0,84.0
3251,19.0,85.0
3252,19.0,85.0
3253,19.0,85.99999999999999
3254,19.0,87.0
3255,19.0,85.99999999999999
3256,19.0,85.99999999999999
3257,19.0,85.99999999999999
3258,19.0,85.0
3259,19.0,85.0
3260,19.0,85.99999999999999
3261,19.0,85.99999999999999
3262,19.0,87.0
3263,19.0,87.0
3264,19.0,87.0
3265,19.0,85.99999999999999
3266,19.0,84.0
3267,19.0,83.0
3268,19.0,83.0
3269,19.0,83.0
3270,19.0,82.00000000000001
3271,19.0,81.0
3272,19.0,81.0
3273,19.0,80.0
3274,19.0,79.0
3275,19.0,77.99999999999999
3276,19.0,77.0
3277,19.0,75.0
3278,19.0,74.00000000000001
3279,19.0,74.00000000000001
3280,19.0,74.00000000000001
3281,19.0,75.0
3282,19.0,76.0
3283,19.0,76.0
3284,19.0,76.0
3285,19.0,75.0
3286,19.0,75.0
3287,19.0,74.00000000000001
3288,19.0,74.00000000000001
3289,19.0,74.00000000000001
3290,19.0,73.0
3291,19.0,72.0
3292,19.0,71.0
3293,19.0,69.0
3294,19.0,68.0
3295,19.0,68.0
3296,19.0,68.0
3297,19.0,67.0
3298,19.0,67.0
3299,19.0,65.99999999999999
3300,19.0,67.0
3301,19.0,67.0
3302,19.0,65.99999999999999
3303,19.0,65.99999999999999
3304,19.0,65.99999999999999
3305,19.0,65.0
3306,19.0,65.99999999999999
3307,19.0,65.0
3308,19.0,65.0
3309,19.0,65.0
3310,19.0,65.0
3311,19.0,65.0
3312,19.0,64.0
3313,19.0,64.0
3314,19.0,64.0
3315,19.0,64.0
3316,19.0,54.0
3317,19.0,54.0
3318,19.0,54.99999999999999
3319,19.0,54.99999999999999
3320,19.0,56.0
3321,19.0,56.0
3322,19.0,57.00000000000001
3323,19.0,57.00000000000001
3324,19.0,57.99999999999999
3325,19.0,57.00000000000001
3326,19.0,57.00000000000001
3327,19.0,56.0
3328,19.0,56.0
3329,19.0,54.99999999999999
3330,19.0,54.99999999999999
3331,19.0,54.99999999999999
3332,19.0,54.99999999999999
3333,19.0,54.99999999999999
3334,19.0,54.99999999999999
3335,19.0,54.99999999999999
3336,19.0,54.99999999999999
3337,19.0,54.0
3338,19.0,54.0
3339,19.0,54.0
3340,19.0,64.0
3341,19.0,64.0
3342,19.0,65.0
3343,19.0,65.99999999999999
3344,19.0,68.0
3345,19.0,68.0
3346,19.0,69.0
3347,19.0,69.0
3348,19.0,68.0
3349,19.0,68.0
3350,19.0,65.0
3351,19.0,64.0
3352,19.0,65.0
3353,19.0,65.99999999999999
3354,19.0,65.99999999999999
3355,19.0,65.99999999999999
3356,19.0,67.0
3357,19.0,67.0
3358,19.0,67.0
3359,19.0,69.0
3360,19.0,68.0
3361,19.0,69.0
3362,19.0,69.0
3363,19.0,68.0
3364,19.0,64.0
3365,19.0,65.0
3366,19.0,65.0
3367,19.0,65.0
3368,19.0,65.0
3369,19.0,64.0
3370,19.0,64.0
3371,19.0,64.0
3372,19.0,64.0
3373,19.0,64.0
3374,19.0,64.0
3375,19.0,64.0
3376,19.0,65.0
3377,19.0,65.0
3378,19.0,64.0
3379,19.0,64.0
3380,19.0,65.0
3381,19.0,65.0
3382,19.0,65.0
3383,19.0,65.99999999999999
3384,19.0,71.0
3385,19.0,68.0
3386,19.0,69.0
3387,19.0,69.0
3388,19.0,61.00000000000001
3389,19.0,61.00000000000001
3390,19.0,60.0
3391,19.0,60.0
3392,19.0,60.0
3393,19.0,58.99999999999999
3394,19.0,58.99999999999999
3395,19.0,57.99999999999999
3396,19.0,57.99999999999999
3397,19.0,57.99999999999999
3398,19.0,57.00000000000001
3399,19.0,57.00000000000001
3400,19.0,57.00000000000001
3401,19.0,57.00000000000001
3402,19.0,56.0
3403,19.0,56.0
3404,19.0,56.0
3405,19.0,56.0
3406,19.0,56.0
3407,19.0,56.0
3408,19.0,56.0
3409,19.0,56.0
3410,19.0,56.0
3411,19.0,56.0
3412,19.0,41.00000000000001
3413,19.0,42.99999999999999
3414,19.0,45.00000000000001
3415,19.0,46.0
3416,19.0,48.0
3417,19.0,49.00000000000001
3418,19.0,50.0
3419,19.0,50.99999999999999
3420,19.0,52.0
3421,19.0,52.0
3422,19.0,53.00000000000001
3423,19.0,53.00000000000001
3424,19.0,53.00000000000001
3425,19.0,53.00000000000001
3426,19.0,53.00000000000001
3427,19.0,53.00000000000001
3428,19.0,53.00000000000001
3429,19.0,54.0
3430,19.0,54.0
3431,19.0,54.0
3432,19.0,54.0
3433,19.0,53.00000000000001
3434,19.0,53.00000000000001
3435,19.0,53.00000000000001
3436,19.0,71.0
3437,19.0,71.0
3438,19.0,69.99999999999999
3439,19.0,68.0
3440,19.0,65.99999999999999
3441,19.0,65.0
3442,19.0,65.0
3443,19.0,65.99999999999999
3444,19.0,65.0
3445,19.0,65.0
3446,19.0,65.0
3447,19.0,65.0
3448,19.0,65.0
3449,19.0,65.0
3450,19.0,64.0
3451,19.0,65.0
3452,19.0,64.0
3453,19.0,64.0
3454,19.0,64.0
3455,19.0,65.0
3456,19.0,65.0
3457,19.0,65.99999999999999
3458,19.0,65.99999999999999
3459,19.0,65.99999999999999
3460,19.0,60.0
3461,19.0,60.0
3462,19.0,60.0
3463,19.0,60.0
3464,19.0,60.0
3465,19.0,60.0
3466,19.0,60.0
3467,19.0,60.0
3468,19.0,60.0
3469,19.0,58.99999999999999
3470,19.0,58.99999999999999
3471,19.0,58.99999999999999
3472,19.0,58.99999999999999
3473,19.0,60.0
3474,19.0,60.0
3475,19.0,60.0
3476,19.0,61.00000000000001
3477,19.0,61.00000000000001
3478,19.0,61.00000000000001
3479,19.0,61.00000000000001
3480,19.0,61.99999999999999
3481,19.0,64.0
3482,19.0,64.0
3483,19.0,65.0
3484,19.0,79.0
3485,19.0,79.0
3486,19.0,80.0
3487,19.0,81.0
3488,19.0,82.00000000000001
3489,19.0,83.0
3490,19.0,83.0
3491,19.0,84.0
3492,19.0,84.0
3493,19.0,85.0
3494,19.0,85.0
3495,19.0,84.0
3496,19.0,83.0
3497,19.0,83.0
3498,19.0,82.00000000000001
3499,19.0,82.00000000000001
3500,19.0,82.00000000000001
3501,19.0,82.00000000000001
3502,19.0,82.00000000000001
3503,19.0,82.00000000000001
3504,19.0,82.00000000000001
3505,19.0,81.0
3506,19.0,81.0
3507,19.0,80.0
3508,19.0,65.0
3509,19.0,65.0
3510,19.0,65.99999999999999
3511,19.0,67.0
3512,19.0,67.0
3513,19.0,68.0
3514,19.0,69.0
3515,19.0,69.0
3516,19.0,71.0
3517,19.0,72.0
3518,19.0,74.00000000000001
3519,19.0,73.0
3520,19.0,74.00000000000001
3521,19.0,74.00000000000001
3522,19.0,74.00000000000001
3523,19.0,74.00000000000001
3524,19.0,74.00000000000001
3525,19.0,73.0
3526,19.0,72.0
3527,19.0,71.0
3528,19.0,69.99999999999999
3529,19.0,69.0
3530,19.0,69.0
3531,19.0,68.0
3532,19.0,114.00000000000001
3533,19.0,115.0
3534,19.0,114.00000000000001
3535,19.0,114.00000000000001
3536,19.0,115.0
3537,19.0,117.0
3538,19.0,117.0
3539,19.0,116.0
3540,19.0,115.0
3541,19.0,127.0
3542,19.0,141.0
3543,19.0,151.0
3544,19.0,152.0
3545,19.0,152.0
3546,19.0,152.0
3547,19.0,152.0
3548,19.0,152.0
3549,19.0,152.0
3550,19.0,151.0
3551,19.0,151.0
3552,19.0,151.0
3553,19.0,152.0
3554,19.0,153.0
3555,19.0,154.0
3556,19.0,57.99999999999999
3557,19.0,57.99999999999999
3558,19.0,57.99999999999999
3559,19.0,57.99999999999999
3560,19.0,57.99999999999999
3561,19.0,57.99999999999999
3562,19.0,57.99999999999999
3563,19.0,57.99999999999999
3564,19.0,57.99999999999999
3565,19.0,58.99999999999999
3566,19.0,58.99999999999999
3567,19.0,58.99999999999999
3568,19.0,58.99999999999999
3569,19.0,58.99999999999999
3570,19.0,60.0
3571,19.0,60.0
3572,19.0,60.0
3573,19.0,61.00000000000001
3574,19.0,61.00000000000001
3575,19.0,61.99999999999999
3576,19.0,62.99999999999999
3577,19.0,64.0
3578,19.0,65.0
3579,19.0,65.99999999999999
3580,19.0,56.0
3581,19.0,56.0
3582,19.0,56.0
3583,19.0,56.0
3584,19.0,56.0
3585,19.0,57.00000000000001
3586,19.0,57.00000000000001
3587,19.0,57.00000000000001
3588,19.0,57.00000000000001
3589,19.0,57.00000000000001
3590,19.0,57.00000000000001
3591,19.0,56.0
3592,19.0,56.0
3593,19.0,56.0
3594,19.0,54.99999999999999
3595,19.0,54.99999999999999
3596,19.0,56.0
3597,19.0,56.0
3598,19.0,57.00000000000001
3599,19.0,57.99999999999999
3600,19.0,57.99999999999999
3601,19.0,57.99999999999999
3602,19.0,58.99999999999999
3603,19.0,58.99999999999999
3604,19.0,65.0
3605,19.0,65.0
3606,19.0,64.0
3607,19.0,62.99999999999999
3608,19.0,62.99999999999999
3609,19.0,62.99999999999999
3610,19.0,62.99999999999999
3611,19.0,62.99999999999999
3612,19.0,62.99999999999999
3613,19.0,62.99999999999999
3614,19.0,65.0
3615,19.0,65.0
3616,19.0,65.99999999999999
3617,19.0,67.0
3618,19.0,68.0
3619,19.0,68.0
3620,19.0,69.0
3621,19.0,69.99999999999999
3622,19.0,71.0
3623,19.0,72.0
3624,19.0,74.00000000000001
3625,19.0,75.0
3626,19.0,76.0
3627,19.0,77.0
3628,19.0,77.99999999999999
3629,19.0,79.0
3630,19.0,79.0
3631,19.0,77.99999999999999
3632,19.0,77.0
3633,19.0,77.0
3634,19.0,75.0
3635,19.0,75.0
3636,19.0,74.00000000000001
3637,19.0,73.0
3638,19.0,73.0
3639,19.0,72.0
3640,19.0,71.0
3641,19.0,69.99999999999999
3642,19.0,69.0
3643,19.0,68.0
3644,19.0,67.0
3645,19.0,65.99999999999999
3646,19.0,65.0
3647,19.0,62.99999999999999
3648,19.0,61.99999999999999
3649,19.0,60.0
3650,19.0,57.99999999999999
3651,19.0,56.0
3652,19.0,54.0
3653,19.0,53.00000000000001
3654,19.0,52.0
3655,19.0,52.0
3656,19.0,52.0
3657,19.0,52.0
3658,19.0,53.00000000000001
3659,19.0,53.00000000000001
3660,19.0,54.0
3661,19.0,54.0
3662,19.0,54.0
3663,19.0,53.00000000000001
3664,19.0,54.0
3665,19.0,54.0
3666,19.0,54.0
3667,19.0,54.99999999999999
3668,19.0,54.99999999999999
3669,19.0,56.0
3670,19.0,56.0
3671,19.0,56.0
3672,19.0,57.00000000000001
3673,19.0,57.99999999999999
3674,19.0,58.99999999999999
3675,19.0,60.0
3676,19.0,61.00000000000001
3677,19.0,61.99999999999999
3678,19.0,62.99999999999999
3679,19.0,64.0
3680,19.0,65.0
3681,19.0,65.99999999999999
3682,19.0,67.0
3683,19.0,68.0
3684,19.0,69.0
3685,19.0,69.0
3686,19.0,69.0
3687,19.0,69.99999999999999
3688,19.0,69.99999999999999
3689,19.0,69.99999999999999
3690,19.0,69.99999999999999
3691,19.0,71.0
3692,19.0,71.0
3693,19.0,71.0
3694,19.0,71.0
3695,19.0,72.0
3696,19.0,72.0
3697,19.0,72.0
3698,19.0,71.0
3699,19.0,71.0
3700,19.0,71.0
3701,19.0,72.0
3702,19.0,72.0
3703,19.0,72.0
3704,19.0,71.0
3705,19.0,71.0
3706,19.0,71.0
3707,19.0,71.0
3708,19.0,69.99999999999999
3709,19.0,69.0
3710,19.0,69.0
3711,19.0,68.0
3712,19.0,68.0
3713,19.0,68.0
3714,19.0,67.0
3715,19.0,67.0
3716,19.0,67.0
3717,19.0,67.0
3718,19.0,65.99999999999999
3719,19.0,65.0
3720,19.0,65.99999999999999
3721,19.0,65.99999999999999
3722,19.0,65.99999999999999
3723,19.0,65.0
3724,19.0,64.0
3725,19.0,64.0
3726,19.0,62.99999999999999
3727,19.0,62.99999999999999
3728,19.0,62.99999999999999
3729,19.0,61.99999999999999
3730,19.0,61.99999999999999
3731,19.0,61.99999999999999
3732,19.0,61.99999999999999
3733,19.0,61.99999999999999
3734,19.0,61.99999999999999
3735,19.0,62.99999999999999
3736,19.0,62.99999999999999
3737,19.0,62.99999999999999
3738,19.0,64.0
3739,19.0,62.99999999999999
3740,19.0,62.99999999999999
3741,19.0,64.0
3742,19.0,64.0
3743,19.0,64.0
3744,19.0,64.0
3745,19.0,64.0
3746,19.0,65.0
3747,19.0,65.99999999999999
3748,19.0,68.0
3749,19.0,69.99999999999999
3750,19.0,71.0
3751,19.0,71.0
3752,19.0,72.0
3753,19.0,73.0
3754,19.0,72.0
3755,19.0,71.0
3756,19.0,69.99999999999999
3757,19.0,71.0
3758,19.0,72.0
3759,19.0,71.0
3760,19.0,71.0
3761,19.0,71.0
3762,19.0,69.99999999999999
3763,19.0,69.99999999999999
3764,19.0,69.0
3765,19.0,68.0
3766,19.0,68.0
3767,19.0,68.0
3768,19.0,68.0
3769,19.0,69.0
3770,19.0,68.0
3771,19.0,65.99999999999999
3772,19.0,65.0
3773,19.0,64.0
3774,19.0,62.99999999999999
3775,19.0,61.99999999999999
3776,19.0,61.00000000000001
3777,19.0,58.99999999999999
3778,19.0,58.99999999999999
3779,19.0,58.99999999999999
3780,19.0,58.99999999999999
3781,19.0,57.99999999999999
3782,19.0,57.99999999999999
3783,19.0,57.00000000000001
3784,19.0,57.00000000000001
3785,19.0,57.00000000000001
3786,19.0,57.99999999999999
3787,19.0,57.99999999999999
3788,19.0,57.99999999999999
3789,19.0,58.99999999999999
3790,19.0,57.99999999999999
3791,19.0,57.99999999999999
3792,19.0,57.99999999999999
3793,19.0,57.99999999999999
3794,19.0,57.99999999999999
3795,19.0,58.99999999999999
3796,19.0,57.99999999999999
3797,19.0,58.99999999999999
3798,19.0,58.99999999999999
3799,19.0,60.0
3800,19.0,61.00000000000001
3801,19.0,61.00000000000001
3802,19.0,61.00000000000001
3803,19.0,61.99999999999999
3804,19.0,61.99999999999999
3805,19.0,62.99999999999999
3806,19.0,62.99999999999999
3807,19.0,64.0
3808,19.0,64.0
3809,19.0,64.0
3810,19.0,64.0
3811,19.0,64.0
3812,19.0,64.0
3813,19.0,65.0
3814,19.0,65.0
3815,19.0,64.0
3816,19.0,64.0
3817,19.0,62.99999999999999
3818,19.0,62.99999999999999
3819,19.0,62.99999999999999
3820,19.0,62.99999999999999
3821,19.0,61.99999999999999
3822,19.0,61.99999999999999
3823,19.0,61.99999999999999
3824,19.0,61.00000000000001
3825,19.0,61.99999999999999
3826,19.0,61.99999999999999
3827,19.0,62.99999999999999
3828,19.0,62.99999999999999
3829,19.0,62.99999999999999
3830,19.0,62.99999999999999
3831,19.0,61.99999999999999
3832,19.0,62.99999999999999
3833,19.0,64.0
3834,19.0,65.0
3835,19.0,65.99999999999999
3836,19.0,67.0
3837,19.0,68.0
3838,19.0,69.0
3839,19.0,69.99999999999999
3840,19.0,71.0
3841,19.0,71.0
3842,19.0,72.0
3843,19.0,73.0
3844,19.0,74.00000000000001
3845,19.0,74.00000000000001
3846,19.0,75.0
3847,19.0,75.0
3848,19.0,75.0
3849,19.0,76.0
3850,19.0,76.0
3851,19.0,76.0
3852,19.0,77.0
3853,19.0,77.99999999999999
3854,19.0,79.0
3855,19.0,79.0
3856,19.0,79.0
3857,19.0,77.99999999999999
3858,19.0,77.99999999999999
3859,19.0,77.0
3860,19.0,76.0
3861,19.0,75.0
3862,19.0,75.0
3863,19.0,75.0
3864,19.0,75.0
3865,19.0,75.0
3866,19.0,76.0
3867,19.0,76.0
3868,19.0,77.0
3869,19.0,77.0
3870,19.0,77.99999999999999
3871,19.0,77.99999999999999
3872,19.0,77.99999999999999
3873,19.0,77.99999999999999
3874,19.0,79.0
3875,19.0,79.0
3876,19.0,79.0
3877,19.0,79.0
3878,19.0,80.0
3879,19.0,81.0
3880,19.0,81.0
3881,19.0,82.00000000000001
3882,19.0,82.00000000000001
3883,19.0,83.0
3884,19.0,83.0
3885,19.0,83.0
3886,19.0,83.0
3887,19.0,83.0
3888,19.0,83.0
3889,19.0,83.0
3890,19.0,83.0
3891,19.0,83.0
3892,19.0,83.0
3893,19.0,83.0
3894,19.0,84.0
3895,19.0,85.0
3896,19.0,85.99999999999999
3897,19.0,85.99999999999999
3898,19.0,85.99999999999999
3899,19.0,85.99999999999999
3900,19.0,87.0
3901,19.0,88.0
3902,19.0,90.00000000000001
3903,19.0,90.00000000000001
3904,19.0,90.00000000000001
3905,19.0,90.00000000000001
3906,19.0,90.00000000000001
3907,19.0,91.0
3908,19.0,90.00000000000001
3909,19.0,90.00000000000001
3910,19.0,89.0
3911,19.0,88.0
3912,19.0,88.0
3913,19.0,88.0
3914,19.0,87.0
3915,19.0,85.99999999999999
3916,19.0,85.99999999999999
3917,19.0,85.0
3918,19.0,84.0
3919,19.0,83.0
3920,19.0,82.00000000000001
3921,19.0,82.00000000000001
3922,19.0,81.0
3923,19.0,81.0
3924,19.0,80.0
3925,19.0,79.0
3926,19.0,75.0
3927,19.0,73.0
3928,19.0,73.0
3929,19.0,71.0
3930,19.0,69.99999999999999
3931,19.0,69.0
3932,19.0,69.0
3933,19.0,69.0
3934,19.0,69.99999999999999
3935,19.0,69.99999999999999
3936,19.0,69.0
3937,19.0,68.0
3938,19.0,68.0
3939,19.0,68.0
3940,19.0,68.0
3941,19.0,67.0
3942,19.0,67.0
3943,19.0,67.0
3944,19.0,67.0
3945,19.0,67.0
3946,19.0,68.0
3947,19.0,68.0
3948,19.0,68.0
3949,19.0,69.99999999999999
3950,19.0,72.0
3951,19.0,73.0
3952,19.0,74.00000000000001
3953,19.0,75.0
3954,19.0,75.0
3955,19.0,75.0
3956,19.0,75.0
3957,19.0,75.0
3958,19.0,75.0
3959,19.0,75.0
3960,19.0,76.0
3961,19.0,76.0
3962,19.0,77.0
3963,19.0,76.0
3964,19.0,75.0
3965,19.0,75.0
3966,19.0,74.00000000000001
3967,19.0,75.0
3968,19.0,75.0
3969,19.0,74.00000000000001
3970,19.0,74.00000000000001
3971,19.0,73.0
3972,19.0,73.0
3973,19.0,71.0
3974,19.0,69.99999999999999
3975,19.0,69.99999999999999
3976,19.0,69.0
3977,19.0,69.0
3978,19.0,69.0
3979,19.0,69.0
3980,19.0,69.0
3981,19.0,69.0
3982,19.0,69.0
3983,19.0,68.0
3984,19.0,67.0
3985,19.0,67.0
3986,19.0,67.0
3987,19.0,67.0
3988,19.0,67.0
3989,19.0,68.0
3990,19.0,68.0
3991,19.0,67.0
3992,19.0,67.0
3993,19.0,67.0
3994,19.0,67.0
3995,19.0,67.0
3996,19.0,67.0
3997,19.0,67.0
3998,19.0,68.0
3999,19.0,69.0
4000,19.0,68.0
4001,19.0,68.0
4002,19.0,68.0
4003,19.0,68.0
4004,19.0,68.0
4005,19.0,68.0
4006,19.0,68.0
4007,19.0,69.0
4008,19.0,69.0
4009,19.0,69.99999999999999
4010,19.0,71.0
4011,19.0,71.0
4012,19.0,71.0
4013,19.0,69.99999999999999
4014,19.0,69.0
4015,19.0,69.0
4016,19.0,68.0
4017,19.0,67.0
4018,19.0,65.99999999999999
4019,19.0,65.0
4020,19.0,64.0
4021,19.0,62.99999999999999
4022,19.0,61.99999999999999
4023,19.0,60.0
4024,19.0,60.0
4025,19.0,60.0
4026,19.0,60.0
4027,19.0,61.00000000000001
4028,19.0,61.99999999999999
4029,19.0,61.99999999999999
4030,19.0,61.99999999999999
4031,19.0,61.99999999999999
4032,19.0,62.99999999999999
4033,19.0,61.99999999999999
4034,19.0,61.00000000000001
4035,19.0,61.00000000000001
4036,19.0,61.00000000000001
4037,19.0,61.99999999999999
4038,19.0,65.0
4039,19.0,65.0
4040,19.0,65.0
4041,19.0,65.0
4042,19.0,65.0
4043,19.0,65.0
4044,19.0,65.99999999999999
4045,19.0,65.99999999999999
4046,19.0,65.99999999999999
4047,19.0,65.99999999999999
4048,19.0,67.0
4049,19.0,68.0
4050,19.0,68.0
4051,19.0,67.0
4052,19.0,67.0
4053,19.0,67.0
4054,19.0,67.0
4055,19.0,67.0
4056,19.0,67.0
4057,19.0,67.0
4058,19.0,65.99999999999999
4059,19.0,67.0
4060,19.0,54.0
4061,19.0,54.0
4062,19.0,54.0
4063,19.0,54.0
4064,19.0,54.0
4065,19.0,53.00000000000001
4066,19.0,53.00000000000001
4067,19.0,53.00000000000001
4068,19.0,53.00000000000001
4069,19.0,53.00000000000001
4070,19.0,54.0
4071,19.0,54.0
4072,19.0,54.0
4073,19.0,54.0
4074,19.0,54.0
4075,19.0,54.0
4076,19.0,54.99999999999999
4077,19.0,54.99999999999999
4078,19.0,54.99999999999999
4079,19.0,56.0
4080,19.0,56.0
4081,19.0,57.00000000000001
4082,19.0,57.99999999999999
4083,19.0,57.99999999999999
4084,19.0,69.0
4085,19.0,68.0
4086,19.0,68.0
4087,19.0,67.0
4088,19.0,65.99999999999999
4089,19.0,65.99999999999999
4090,19.0,68.0
4091,19.0,71.0
4092,19.0,71.0
4093,19.0,72.0
4094,19.0,73.0
4095,19.0,71.0
4096,19.0,71.0
4097,19.0,69.0
4098,19.0,69.0
4099,19.0,68.0
4100,19.0,68.0
4101,19.0,67.0
4102,19.0,67.0
4103,19.0,65.99999999999999
4104,19.0,67.0
4105,19.0,68.0
4106,19.0,69.0
4107,19.0,74.00000000000001
4108,19.0,69.0
4109,19.0,68.0
4110,19.0,65.99999999999999
4111,19.0,65.0
4112,19.0,64.0
4113,19.0,64.0
4114,19.0,64.0
4115,19.0,62.99999999999999
4116,19.0,62.99999999999999
4117,19.0,62.99999999999999
4118,19.0,62.99999999999999
4119,19.0,62.99999999999999
4120,19.0,61.99999999999999
4121,19.0,61.00000000000001
4122,19.0,61.00000000000001
4123,19.0,61.00000000000001
4124,19.0,60.0
4125,19.0,58.99999999999999
4126,19.0,57.99999999999999
4127,19.0,57.00000000000001
4128,19.0,56.0
4129,19.0,54.0
4130,19.0,52.0
4131,19.0,50.99999999999999
4132,19.0,56.0
4133,19.0,56.0
4134,19.0,56.0
4135,19.0,54.99999999999999
4136,19.0,54.99999999999999
4137,19.0,54.99999999999999
4138,19.0,54.99999999999999
4139,19.0,54.99999999999999
4140,19.0,54.99999999999999
4141,19.0,54.99999999999999
4142,19.0,54.99999999999999
4143,19.0,54.0
4144,19.0,54.0
4145,19.0,53.00000000000001
4146,19.0,53.00000000000001
4147,19.0,53.00000000000001
4148,19.0,52.0
4149,19.0,52.0
4150,19.0,52.0
4151,19.0,52.0
4152,19.0,52.0
4153,19.0,52.0
4154,19.0,52.0
4155,19.0,53.00000000000001
4156,19.0,52.0
4157,19.0,52.0
4158,19.0,52.0
4159,19.0,50.99999999999999
4160,19.0,50.0
4161,19.0,49.00000000000001
4162,19.0,50.0
4163,19.0,49.00000000000001
4164,19.0,49.00000000000001
4165,19.0,49.00000000000001
4166,19.0,48.0
4167,19.0,48.0
4168,19.0,48.0
4169,19.0,48.0
4170,19.0,48.0
4171,19.0,48.0
4172,19.0,49.00000000000001
4173,19.0,49.00000000000001
4174,19.0,50.0
4175,19.0,50.0
4176,19.0,53.00000000000001
4177,19.0,54.0
4178,19.0,54.99999999999999
4179,19.0,56.0
4180,19.0,65.99999999999999
4181,19.0,67.0
4182,19.0,68.0
4183,19.0,69.0
4184,19.0,71.0
4185,19.0,72.0
4186,19.0,74.00000000000001
4187,19.0,75.0
4188,19.0,76.0
4189,19.0,76.0
4190,19.0,77.0
4191,19.0,77.0
4192,19.0,77.99999999999999
4193,19.0,77.99999999999999
4194,19.0,77.0
4195,19.0,77.0
4196,19.0,76.0
4197,19.0,76.0
4198,19.0,76.0
4199,19.0,76.0
4200,19.0,75.0
4201,19.0,74.00000000000001
4202,19.0,74.00000000000001
4203,19.0,73.0
4204,19.0,65.0
4205,19.0,65.99999999999999
4206,19.0,67.0
4207,19.0,67.0
4208,19.0,67.0
4209,19.0,68.0
4210,19.0,68.0
4211,19.0,67.0
4212,19.0,65.99999999999999
4213,19.0,65.99999999999999
4214,19.0,65.0
4215,19.0,64.0
4216,19.0,64.0
4217,19.0,64.0
4218,19.0,62.99999999999999
4219,19.0,61.99999999999999
4220,19.0,61.99999999999999
4221,19.0,61.00000000000001
4222,19.0,61.00000000000001
4223,19.0,61.00000000000001
4224,19.0,60.0
4225,19.0,60.0
4226,19.0,60.0
4227,19.0,60.0
4228,19.0,79.0
4229,19.0,77.99999999999999
4230,19.0,77.0
4231,19.0,76.0
4232,19.0,75.0
4233,19.0,74.00000000000001
4234,19.0,73.0
4235,19.0,72.0
4236,19.0,73.0
4237,19.0,72.0
4238,19.0,72.0
4239,19.0,73.0
4240,19.0,73.0
4241,19.0,73.0
4242,19.0,73.0
4243,19.0,73.0
4244,19.0,73.0
4245,19.0,73.0
4246,19.0,72.0
4247,19.0,72.0
4248,19.0,72.0
4249,19.0,72.0
4250,19.0,73.0
4251,19.0,74.00000000000001
4252,19.0,67.0
4253,19.0,67.0
4254,19.0,65.99999999999999
4255,19.0,65.99999999999999
4256,19.0,65.0
4257,19.0,64.0
4258,19.0,62.99999999999999
4259,19.0,62.99999999999999
4260,19.0,61.99999999999999
4261,19.0,60.0
4262,19.0,58.99999999999999
4263,19.0,58.99999999999999
4264,19.0,60.0
4265,19.0,60.0
4266,19.0,60.0
4267,19.0,60.0
4268,19.0,60.0
4269,19.0,60.0
4270,19.0,60.0
4271,19.0,60.0
4272,19.0,60.0
4273,19.0,58.99999999999999
4274,19.0,58.99999999999999
4275,19.0,58.99999999999999
4276,19.0,154.0
4277,19.0,155.0
4278,19.0,155.99999999999997
4279,19.0,155.99999999999997
4280,19.0,155.99999999999997
4281,19.0,155.99999999999997
4282,19.0,157.0
4283,19.0,157.0
4284,19.0,157.0
4285,19.0,157.0
4286,19.0,155.99999999999997
4287,19.0,155.99999999999997
4288,19.0,155.99999999999997
4289,19.0,155.99999999999997
4290,19.0,155.99999999999997
4291,19.0,155.0
4292,19.0,155.0
4293,19.0,155.0
4294,19.0,155.99999999999997
4295,19.0,155.99999999999997
4296,19.0,155.99999999999997
4297,19.0,155.0
4298,19.0,153.0
4299,19.0,151.0
4300,19.0,67.0
4301,19.0,68.0
4302,19.0,69.0
4303,19.0,69.0
4304,19.0,69.0
4305,19.0,69.99999999999999
4306,19.0,69.99999999999999
4307,19.0,69.99999999999999
4308,19.0,71.0
4309,19.0,69.99999999999999
4310,19.0,69.0
4311,19.0,69.0
4312,19.0,68.0
4313,19.0,68.0
4314,19.0,68.0
4315,19.0,67.0
4316,19.0,67.0
4317,19.0,67.0
4318,19.0,65.99999999999999
4319,19.0,65.0
4320,19.0,62.99999999999999
4321,19.0,61.99999999999999
4322,19.0,61.99999999999999
4323,19.0,61.00000000000001
4324,19.0,58.99999999999999
4325,19.0,60.0
4326,19.0,60.0
4327,19.0,60.0
4328,19.0,61.00000000000001
4329,19.0,61.00000000000001
4330,19.0,61.00000000000001
4331,19.0,61.00000000000001
4332,19.0,61.00000000000001
4333,19.0,61.99999999999999
4334,19.0,61.99999999999999
4335,19.0,62.99999999999999
4336,19.0,62.99999999999999
4337,19.0,64.0
4338,19.0,64.0
4339,19.0,64.0
4340,19.0,62.99999999999999
4341,19.0,62.99999999999999
4342,19.0,61.99999999999999
4343,19.0,61.99999999999999
4344,19.0,61.00000000000001
4345,19.0,61.00000000000001
4346,19.0,61.00000000000001
4347,19.0,61.00000000000001
4348,19.0,81.0
4349,19.0,81.0
4350,19.0,81.0
4351,19.0,81.0
4352,19.0,80.0
4353,19.0,80.0
4354,19.0,79.0
4355,19.0,77.99999999999999
4356,19.0,77.99999999999999
4357,19.0,77.99999999999999
4358,19.0,77.99999999999999
4359,19.0,77.0
4360,19.0,76.0
4361,19.0,76.0
4362,19.0,75.0
4363,19.0,74.00000000000001
4364,19.0,73.0
4365,19.0,72.0
4366,19.0,71.0
4367,19.0,69.99999999999999
4368,19.0,69.0
4369,19.0,69.0
4370,19.0,68.0
4371,19.0,68.0
4372,19.0,67.0
4373,19.0,67.0
4374,19.0,67.0
4375,19.0,67.0
4376,19.0,65.99999999999999
4377,19.0,67.0
4378,19.0,67.0
4379,19.0,68.0
4380,19.0,68.0
4381,19.0,68.0
4382,19.0,68.0
4383,19.0,68.0
4384,19.0,68.0
4385,19.0,67.0
4386,19.0,67.0
4387,19.0,68.0
4388,19.0,68.0
4389,19.0,68.0
4390,19.0,69.0
4391,19.0,69.99999999999999
4392,19.0,71.0
4393,19.0,72.0
4394,19.0,72.0
4395,19.0,73.0
4396,19.0,74.00000000000001
4397,19.0,74.00000000000001
4398,19.0,74.00000000000001
4399,19.0,75.0
4400,19.0,75.0
4401,19.0,76.0
4402,19.0,76.0
4403,19.0,77.0
4404,19.0,77.0
4405,19.0,77.99999999999999
4406,19.0,80.0
4407,19.0,80.0
4408,19.0,80.0
4409,19.0,80.0
4410,19.0,81.0
4411,19.0,81.0
4412,19.0,82.00000000000001
4413,19.0,82.00000000000001
4414,19.0,82.00000000000001
4415,19.0,82.00000000000001
4416,19.0,80.0
4417,19.0,80.0
4418,19.0,80.0
4419,19.0,79.0
4420,19.0,77.99999999999999
4421,19.0,77.99999999999999
4422,19.0,77.99999999999999
4423,19.0,77.99999999999999
4424,19.0,79.0
4425,19.0,79.0
4426,19.0,79.0
4427,19.0,77.99999999999999
4428,19.0,77.99999999999999
4429,19.0,77.0
4430,19.0,75.0
4431,19.0,75.0
4432,19.0,75.0
4433,19.0,75.0
4434,19.0,75.0
4435,19.0,74.00000000000001
4436,19.0,73.0
4437,19.0,73.0
4438,19.0,73.0
4439,19.0,73.0
4440,19.0,74.00000000000001
4441,19.0,75.0
4442,19.0,76.0
4443,19.0,77.0
4444,19.0,77.99999999999999
4445,19.0,80.0
4446,19.0,82.00000000000001
4447,19.0,83.0
4448,19.0,83.0
4449,19.0,83.0
4450,19.0,83.0
4451,19.0,83.0
4452,19.0,82.00000000000001
4453,19.0,81.0
4454,19.0,81.0
4455,19.0,81.0
4456,19.0,81.0
4457,19.0,81.0
4458,19.0,82.00000000000001
4459,19.0,82.00000000000001
4460,19.0,82.00000000000001
4461,19.0,82.00000000000001
4462,19.0,81.0
4463,19.0,82.00000000000001
4464,19.0,82.00000000000001
4465,19.0,82.00000000000001
4466,19.0,83.0
4467,19.0,83.0
4468,19.0,82.00000000000001
4469,19.0,81.0
4470,19.0,79.0
4471,19.0,77.0
4472,19.0,75.0
4473,19.0,74.00000000000001
4474,19.0,72.0
4475,19.0,71.0
4476,19.0,71.0
4477,19.0,71.0
4478,19.0,71.0
4479,19.0,72.0
4480,19.0,72.0
4481,19.0,72.0
4482,19.0,72.0
4483,19.0,72.0
4484,19.0,72.0
4485,19.0,72.0
4486,19.0,71.0
4487,19.0,71.0
4488,19.0,69.0
4489,19.0,67.0
4490,19.0,65.0
4491,19.0,64.0
4492,19.0,64.0
4493,19.0,62.99999999999999
4494,19.0,62.99999999999999
4495,19.0,64.0
4496,19.0,65.0
4497,19.0,65.0
4498,19.0,65.99999999999999
4499,19.0,67.0
4500,19.0,67.0
4501,19.0,68.0
4502,19.0,68.0
4503,19.0,68.0
4504,19.0,67.0
4505,19.0,65.99999999999999
4506,19.0,65.99999999999999
4507,19.0,65.99999999999999
4508,19.0,67.0
4509,19.0,67.0
4510,19.0,68.0
4511,19.0,68.0
4512,19.0,68.0
4513,19.0,68.0
4514,19.0,68.0
4515,19.0,67.0
4516,19.0,65.99999999999999
4517,19.0,65.0
4518,19.0,64.0
4519,19.0,64.0
4520,19.0,62.99999999999999
4521,19.0,61.99999999999999
4522,19.0,61.99999999999999
4523,19.0,61.00000000000001
4524,19.0,61.00000000000001
4525,19.0,61.00000000000001
4526,19.0,61.00000000000001
4527,19.0,61.00000000000001
4528,19.0,61.00000000000001
4529,19.0,60.0
4530,19.0,60.0
4531,19.0,60.0
4532,19.0,58.99999999999999
4533,19.0,57.99999999999999
4534,19.0,57.99999999999999
4535,19.0,57.99999999999999
4536,19.0,57.99999999999999
4537,19.0,57.00000000000001
4538,19.0,56.0
4539,19.0,57.00000000000001
4540,19.0,56.0
4541,19.0,56.0
4542,19.0,56.0
4543,19.0,56.0
4544,19.0,56.0
4545,19.0,54.99999999999999
4546,19.0,54.99999999999999
4547,19.0,56.0
4548,19.0,56.0
4549,19.0,54.99999999999999
4550,19.0,54.0
4551,19.0,54.0
4552,19.0,54.0
4553,19.0,54.0
4554,19.0,53.00000000000001
4555,19.0,53.00000000000001
4556,19.0,53.00000000000001
4557,19.0,53.00000000000001
4558,19.0,53.00000000000001
4559,19.0,53.00000000000001
4560,19.0,53.00000000000001
4561,19.0,53.00000000000001
4562,19.0,53.00000000000001
4563,19.0,53.00000000000001
4564,19.0,53.00000000000001
4565,19.0,53.00000000000001
4566,19.0,53.00000000000001
4567,19.0,53.00000000000001
4568,19.0,54.0
4569,19.0,54.0
4570,19.0,53.00000000000001
4571,19.0,53.00000000000001
4572,19.0,53.00000000000001
4573,19.0,52.0
4574,19.0,52.0
4575,19.0,50.99999999999999
4576,19.0,50.99999999999999
4577,19.0,50.99999999999999
4578,19.0,50.99999999999999
4579,19.0,50.99999999999999
4580,19.0,50.99999999999999
4581,19.0,50.99999999999999
4582,19.0,50.0
4583,19.0,46.99999999999999
4584,19.0,46.99999999999999
4585,19.0,46.99999999999999
4586,19.0,46.99999999999999
4587,19.0,50.0
4588,19.0,52.0
4589,19.0,53.00000000000001
4590,19.0,52.0
4591,19.0,52.0
4592,19.0,52.0
4593,19.0,50.99999999999999
4594,19.0,50.99999999999999
4595,19.0,52.0
4596,19.0,52.0
4597,19.0,52.0
4598,19.0,54.0
4599,19.0,54.99999999999999
4600,19.0,54.99999999999999
4601,19.0,54.99999999999999
4602,19.0,56.0
4603,19.0,57.00000000000001
4604,19.0,57.00000000000001
4605,19.0,57.00000000000001
4606,19.0,57.99999999999999
4607,19.0,58.99999999999999
4608,19.0,58.99999999999999
4609,19.0,60.0
4610,19.0,60.0
4611,19.0,60.0
4612,19.0,58.99999999999999
4613,19.0,57.99999999999999
4614,19.0,58.99999999999999
4615,19.0,60.0
4616,19.0,60.0
4617,19.0,61.00000000000001
4618,19.0,61.00000000000001
4619,19.0,61.00000000000001
4620,19.0,61.00000000000001
4621,19.0,61.00000000000001
4622,19.0,60.0
4623,19.0,58.99999999999999
4624,19.0,57.99999999999999
4625,19.0,57.99999999999999
4626,19.0,57.00000000000001
4627,19.0,56.0
4628,19.0,56.0
4629,19.0,54.99999999999999
4630,19.0,54.99999999999999
4631,19.0,54.99999999999999
4632,19.0,54.0
4633,19.0,54.0
4634,19.0,54.0
4635,19.0,54.0
4636,19.0,54.99999999999999
4637,19.0,54.99999999999999
4638,19.0,56.0
4639,19.0,56.0
4640,19.0,57.00000000000001
4641,19.0,56.0
4642,19.0,56.0
4643,19.0,56.0
4644,19.0,56.0
4645,19.0,56.0
4646,19.0,56.0
4647,19.0,56.0
4648,19.0,57.00000000000001
4649,19.0,57.00000000000001
4650,19.0,57.99999999999999
4651,19.0,57.99999999999999
4652,19.0,58.99999999999999
4653,19.0,60.0
4654,19.0,60.0
4655,19.0,61.00000000000001
4656,19.0,61.99999999999999
4657,19.0,62.99999999999999
4658,19.0,64.0
4659,19.0,65.0
4660,19.0,65.99999999999999
4661,19.0,67.0
4662,19.0,67.0
4663,19.0,67.0
4664,19.0,68.0
4665,19.0,69.0
4666,19.0,69.99999999999999
4667,19.0,71.0
4668,19.0,72.0
4669,19.0,72.0
4670,19.0,73.0
4671,19.0,74.00000000000001
4672,19.0,74.00000000000001
4673,19.0,75.0
4674,19.0,75.0
4675,19.0,75.0
4676,19.0,76.0
4677,19.0,76.0
4678,19.0,76.0
4679,19.0,76.0
4680,19.0,76.0
4681,19.0,77.0
4682,19.0,77.0
4683,19.0,77.99999999999999
4684,19.0,79.0
4685,19.0,80.0
4686,19.0,81.0
4687,19.0,83.0
4688,19.0,84.0
4689,19.0,85.0
4690,19.0,85.0
4691,19.0,85.0
4692,19.0,85.0
4693,19.0,88.0
4694,19.0,89.0
4695,19.0,90.00000000000001
4696,19.0,90.00000000000001
4697,19.0,91.0
4698,19.0,91.0
4699,19.0,92.0
4700,19.0,93.0
4701,19.0,93.0
4702,19.0,93.99999999999999
4703,19.0,93.99999999999999
4704,19.0,93.99999999999999
4705,19.0,95.0
4706,19.0,95.0
4707,19.0,93.99999999999999
4708,19.0,93.99999999999999
4709,19.0,93.0
4710,19.0,92.0
4711,19.0,91.0
4712,19.0,90.00000000000001
4713,19.0,89.0
4714,19.0,88.0
4715,19.0,88.0
4716,19.0,87.0
4717,19.0,85.99999999999999
4718,19.0,84.0
4719,19.0,84.0
4720,19.0,84.0
4721,19.0,83.0
4722,19.0,83.0
4723,19.0,83.0
4724,19.0,83.0
4725,19.0,83.0
4726,19.0,85.0
4727,19.0,87.0
4728,19.0,88.0
4729,19.0,88.0
4730,19.0,87.0
4731,19.0,87.0
4732,19.0,87.0
4733,19.0,87.0
4734,19.0,88.0
4735,19.0,88.0
4736,19.0,89.0
4737,19.0,89.0
4738,19.0,90.00000000000001
4739,19.0,90.00000000000001
4740,19.0,91.0
4741,19.0,92.0
4742,19.0,93.0
4743,19.0,93.99999999999999
4744,19.0,95.0
4745,19.0,97.0
4746,19.0,97.0
4747,19.0,98.00000000000001
4748,19.0,98.00000000000001
4749,19.0,99.0
4750,19.0,99.0
4751,19.0,98.00000000000001
4752,19.0,97.0
4753,19.0,98.00000000000001
4754,19.0,98.00000000000001
4755,19.0,99.0
4756,19.0,99.0
4757,19.0,99.0
4758,19.0,100.0
4759,19.0,105.0
4760,19.0,113.0
4761,19.0,113.0
4762,19.0,105.0
4763,19.0,100.0
4764,19.0,98.00000000000001
4765,19.0,97.0
4766,19.0,96.0
4767,19.0,95.0
4768,19.0,93.99999999999999
4769,19.0,93.0
4770,19.0,92.0
4771,19.0,92.0
4772,19.0,92.0
4773,19.0,92.0
4774,19.0,91.0
4775,19.0,90.00000000000001
4776,19.0,91.0
4777,19.0,91.0
4778,19.0,91.0
4779,19.0,92.0
4780,19.0,57.99999999999999
4781,19.0,58.99999999999999
4782,19.0,58.99999999999999
4783,19.0,58.99999999999999
4784,19.0,58.99999999999999
4785,19.0,58.99999999999999
4786,19.0,58.99999999999999
4787,19.0,60.0
4788,19.0,60.0
4789,19.0,60.0
4790,19.0,61.00000000000001
4791,19.0,61.00000000000001
4792,19.0,61.99999999999999
4793,19.0,61.99999999999999
4794,19.0,61.99999999999999
4795,19.0,61.00000000000001
4796,19.0,61.00000000000001
4797,19.0,60.0
4798,19.0,60.0
4799,19.0,60.0
4800,19.0,60.0
4801,19.0,60.0
4802,19.0,58.99999999999999
4803,19.0,58.99999999999999
4804,19.0,75.0
4805,19.0,74.00000000000001
4806,19.0,75.0
4807,19.0,75.0
4808,19.0,76.0
4809,19.0,76.0
4810,19.0,74.00000000000001
4811,19.0,74.00000000000001
4812,19.0,74.00000000000001
4813,19.0,72.0
4814,19.0,75.0
4815,19.0,76.0
4816,19.0,77.0
4817,19.0,77.99999999999999
4818,19.0,79.0
4819,19.0,80.0
4820,19.0,80.0
4821,19.0,79.0
4822,19.0,77.99999999999999
4823,19.0,77.99999999999999
4824,19.0,79.0
4825,19.0,77.0
4826,19.0,76.0
4827,19.0,71.0
4828,19.0,46.0
4829,19.0,45.00000000000001
4830,19.0,44.0
4831,19.0,44.0
4832,19.0,45.00000000000001
4833,19.0,45.00000000000001
4834,19.0,46.0
4835,19.0,46.0
4836,19.0,46.0
4837,19.0,48.0
4838,19.0,48.0
4839,19.0,48.0
4840,19.0,46.99999999999999
4841,19.0,46.99999999999999
4842,19.0,46.99999999999999
4843,19.0,46.99999999999999
4844,19.0,49.00000000000001
4845,19.0,50.0
4846,19.0,50.99999999999999
4847,19.0,49.00000000000001
4848,19.0,50.99999999999999
4849,19.0,52.0
4850,19.0,52.0
4851,19.0,53.00000000000001
4852,19.0,53.00000000000001
4853,19.0,54.0
4854,19.0,54.0
4855,19.0,54.99999999999999
4856,19.0,54.99999999999999
4857,19.0,56.0
4858,19.0,56.0
4859,19.0,56.0
4860,19.0,56.0
4861,19.0,56.0
4862,19.0,56.0
4863,19.0,57.00000000000001
4864,19.0,57.99999999999999
4865,19.0,57.99999999999999
4866,19.0,57.99999999999999
4867,19.0,58.99999999999999
4868,19.0,58.99999999999999
4869,19.0,60.0
4870,19.0,61.00000000000001
4871,19.0,61.00000000000001
4872,19.0,61.00000000000001
4873,19.0,61.99999999999999
4874,19.0,64.0
4875,19.0,65.0
4876,19.0,57.00000000000001
4877,19.0,57.99999999999999
4878,19.0,57.99999999999999
4879,19.0,58.99999999999999
4880,19.0,60.0
4881,19.0,61.00000000000001
4882,19.0,61.99999999999999
4883,19.0,62.99999999999999
4884,19.0,64.0
4885,19.0,65.0
4886,19.0,65.99999999999999
4887,19.0,67.0
4888,19.0,65.99999999999999
4889,19.0,67.0
4890,19.0,67.0
4891,19.0,68.0
4892,19.0,68.0
4893,19.0,68.0
4894,19.0,68.0
4895,19.0,69.0
4896,19.0,68.0
4897,19.0,68.0
4898,19.0,69.0
4899,19.0,69.0
4900,19.0,73.0
4901,19.0,73.0
4902,19.0,72.0
4903,19.0,72.0
4904,19.0,71.0
4905,19.0,69.99999999999999
4906,19.0,69.0
4907,19.0,68.0
4908,19.0,67.0
4909,19.0,67.0
4910,19.0,68.0
4911,19.0,67.0
4912,19.0,65.99999999999999
4913,19.0,65.0
4914,19.0,65.0
4915,19.0,65.0
4916,19.0,65.0
4917,19.0,65.0
4918,19.0,64.0
4919,19.0,64.0
4920,19.0,62.99999999999999
4921,19.0,62.99999999999999
4922,19.0,61.99999999999999
4923,19.0,61.00000000000001
4924,19.0,60.0
4925,19.0,60.0
4926,19.0,60.0
4927,19.0,60.0
4928,19.0,58.99999999999999
4929,19.0,57.99999999999999
4930,19.0,57.00000000000001
4931,19.0,57.00000000000001
4932,19.0,57.00000000000001
4933,19.0,57.99999999999999
4934,19.0,57.99999999999999
4935,19.0,57.99999999999999
4936,19.0,57.99999999999999
4937,19.0,57.00000000000001
4938,19.0,57.00000000000001
4939,19.0,57.00000000000001
4940,19.0,57.00000000000001
4941,19.0,57.00000000000001
4942,19.0,56.0
4943,19.0,56.0
4944,19.0,54.99999999999999
4945,19.0,54.99999999999999
4946,19.0,54.0
4947,19.0,54.0
4948,19.0,74.00000000000001
4949,19.0,74.00000000000001
4950,19.0,74.00000000000001
4951,19.0,74.00000000000001
4952,19.0,74.00000000000001
4953,19.0,74.00000000000001
4954,19.0,73.0
4955,19.0,72.0
4956,19.0,71.0
4957,19.0,69.0
4958,19.0,67.0
4959,19.0,67.0
4960,19.0,67.0
4961,19.0,65.99999999999999
4962,19.0,65.99999999999999
4963,19.0,65.99999999999999
4964,19.0,65.99999999999999
4965,19.0,65.99999999999999
4966,19.0,65.99999999999999
4967,19.0,65.99999999999999
4968,19.0,65.0
4969,19.0,65.0
4970,19.0,62.99999999999999
4971,19.0,61.99999999999999
4972,19.0,60.0
4973,19.0,58.99999999999999
4974,19.0,58.99999999999999
4975,19.0,58.99999999999999
4976,19.0,58.99999999999999
4977,19.0,58.99999999999999
4978,19.0,58.99999999999999
4979,19.0,57.99999999999999
4980,19.0,57.99999999999999
4981,19.0,57.00000000000001
4982,19.0,57.00000000000001
4983,19.0,57.00000000000001
4984,19.0,56.0
4985,19.0,56.0
4986,19.0,56.0
4987,19.0,56.0
4988,19.0,56.0
4989,19.0,56.0
4990,19.0,56.0
4991,19.0,57.99999999999999
4992,19.0,58.99999999999999
4993,19.0,61.99999999999999
4994,19.0,65.99999999999999
4995,19.0,69.0
4996,19.0,125.99999999999999
4997,19.0,104.0
4998,19.0,99.0
4999,19.0,97.0
5000,19.0,95.0
5001,19.0,93.99999999999999
5002,19.0,93.0
5003,19.0,92.0
5004,19.0,91.0
5005,19.0,90.00000000000001
5006,19.0,88.0
5007,19.0,85.99999999999999
5008,19.0,85.99999999999999
5009,19.0,85.0
5010,19.0,84.0
5011,19.0,84.0
5012,19.0,83.0
5013,19.0,82.00000000000001
5014,19.0,82.00000000000001
5015,19.0,83.0
5016,19.0,83.0
5017,19.0,81.0
5018,19.0,82.00000000000001
5019,19.0,82.00000000000001
5020,19.0,60.0
5021,19.0,58.99999999999999
5022,19.0,57.99999999999999
5023,19.0,57.00000000000001
5024,19.0,56.0
5025,19.0,54.99999999999999
5026,19.0,54.99999999999999
5027,19.0,54.0
5028,19.0,53.00000000000001
5029,19.0,53.00000000000001
5030,19.0,54.0
5031,19.0,54.0
5032,19.0,54.99999999999999
5033,19.0,56.0
5034,19.0,56.0
5035,19.0,57.00000000000001
5036,19.0,57.99999999999999
5037,19.0,57.99999999999999
5038,19.0,57.99999999999999
5039,19.0,58.99999999999999
5040,19.0,58.99999999999999
5041,19.0,60.0
5042,19.0,61.00000000000001
5043,19.0,61.99999999999999
5044,19.0,61.99999999999999
5045,19.0,61.99999999999999
5046,19.0,61.99999999999999
5047,19.0,61.99999999999999
5048,19.0,61.99999999999999
5049,19.0,61.00000000000001
5050,19.0,61.00000000000001
5051,19.0,61.00000000000001
5052,19.0,61.99999999999999
5053,19.0,61.00000000000001
5054,19.0,61.00000000000001
5055,19.0,61.00000000000001
5056,19.0,61.99999999999999
5057,19.0,61.00000000000001
5058,19.0,61.00000000000001
5059,19.0,61.99999999999999
5060,19.0,61.99999999999999
5061,19.0,61.99999999999999
5062,19.0,61.99999999999999
5063,19.0,62.99999999999999
5064,19.0,64.0
5065,19.0,65.0
5066,19.0,65.99999999999999
5067,19.0,67.0
5068,19.0,82.00000000000001
5069,19.0,83.0
5070,19.0,84.0
5071,19.0,84.0
5072,19.0,84.0
5073,19.0,84.0
5074,19.0,84.0
5075,19.0,85.0
5076,19.0,85.0
5077,19.0,85.99999999999999
5078,19.0,87.0
5079,19.0,89.0
5080,19.0,89.0
5081,19.0,89.0
5082,19.0,90.00000000000001
5083,19.0,90.00000000000001
5084,19.0,89.0
5085,19.0,88.0
5086,19.0,88.0
5087,19.0,89.0
5088,19.0,90.00000000000001
5089,19.0,90.00000000000001
5090,19.0,91.0
5091,19.0,91.0
5092,19.0,91.0
5093,19.0,91.0
5094,19.0,92.0
5095,19.0,92.0
5096,19.0,93.0
5097,19.0,93.0
5098,19.0,93.99999999999999
5099,19.0,95.0
5100,19.0,96.0
5101,19.0,98.00000000000001
5102,19.0,98.00000000000001
5103,19.0,97.0
5104,19.0,97.0
5105,19.0,97.0
5106,19.0,96.0
5107,19.0,95.0
5108,19.0,95.0
5109,19.0,93.99999999999999
5110,19.0,93.0
5111,19.0,91.0
5112,19.0,90.00000000000001
5113,19.0,90.00000000000001
5114,19.0,89.0
5115,19.0,88.0
5116,19.0,87.0
5117,19.0,85.99999999999999
5118,19.0,85.0
5119,19.0,84.0
5120,19.0,83.0
5121,19.0,82.00000000000001
5122,19.0,82.00000000000001
5123,19.0,81.0
5124,19.0,79.0
5125,19.0,76.0
5126,19.0,75.0
5127,19.0,74.00000000000001
5128,19.0,74.00000000000001
5129,19.0,74.00000000000001
5130,19.0,74.00000000000001
5131,19.0,74.00000000000001
5132,19.0,74.00000000000001
5133,19.0,74.00000000000001
5134,19.0,74.00000000000001
5135,19.0,75.0
5136,19.0,75.0
5137,19.0,75.0
5138,19.0,75.0
5139,19.0,75.0
5140,19.0,76.0
5141,19.0,76.0
5142,19.0,76.0
5143,19.0,77.0
5144,19.0,76.0
5145,19.0,75.0
5146,19.0,74.00000000000001
5147,19.0,73.0
5148,19.0,73.0
5149,19.0,72.0
5150,19.0,72.0
5151,19.0,69.99999999999999
5152,19.0,69.99999999999999
5153,19.0,69.0
5154,19.0,69.0
5155,19.0,69.0
5156,19.0,69.0
5157,19.0,69.99999999999999
5158,19.0,69.99999999999999
5159,19.0,69.99999999999999
5160,19.0,71.0
5161,19.0,71.0
5162,19.0,71.0
5163,19.0,72.0
5164,19.0,73.0
5165,19.0,74.00000000000001
5166,19.0,74.00000000000001
5167,19.0,75.0
5168,19.0,76.0
5169,19.0,77.99999999999999
5170,19.0,77.99999999999999
5171,19.0,79.0
5172,19.0,80.0
5173,19.0,81.0
5174,19.0,82.00000000000001
5175,19.0,84.0
5176,19.0,85.99999999999999
5177,19.0,87.0
5178,19.0,88.0
5179,19.0,89.0
5180,19.0,88.0
5181,19.0,88.0
5182,19.0,89.0
5183,19.0,89.0
5184,19.0,90.00000000000001
5185,19.0,91.0
5186,19.0,92.0
5187,19.0,92.0
5188,19.0,93.0
5189,19.0,93.0
5190,19.0,93.0
5191,19.0,93.0
5192,19.0,93.0
5193,19.0,93.99999999999999
5194,19.0,93.99999999999999
5195,19.0,93.99999999999999
5196,19.0,95.0
5197,19.0,96.0
5198,19.0,96.0
5199,19.0,98.00000000000001
5200,19.0,99.0
5201,19.0,100.0
5202,19.0,101.0
5203,19.0,112.0
5204,19.0,122.00000000000001
5205,19.0,133.0
5206,19.0,134.0
5207,19.0,131.0
5208,19.0,127.0
5209,19.0,121.0
5210,19.0,108.0
5211,19.0,101.99999999999999
5212,19.0,99.0
5213,19.0,99.0
5214,19.0,98.00000000000001
5215,19.0,97.0
5216,19.0,97.0
5217,19.0,96.0
5218,19.0,96.0
5219,19.0,96.0
5220,19.0,96.0
5221,19.0,95.0
5222,19.0,96.0
5223,19.0,95.0
5224,19.0,95.0
5225,19.0,93.99999999999999
5226,19.0,93.0
5227,19.0,91.0
5228,19.0,90.00000000000001
5229,19.0,89.0
5230,19.0,88.0
5231,19.0,88.0
5232,19.0,88.0
5233,19.0,88.0
5234,19.0,89.0
5235,19.0,90.00000000000001
5236,19.0,90.00000000000001
5237,19.0,89.0
5238,19.0,89.0
5239,19.0,89.0
5240,19.0,88.0
5241,19.0,89.0
5242,19.0,89.0
5243,19.0,89.0
5244,19.0,89.0
5245,19.0,89.0
5246,19.0,85.99999999999999
5247,19.0,84.0
5248,19.0,81.0
5249,19.0,79.0
5250,19.0,77.99999999999999
5251,19.0,77.99999999999999
5252,19.0,77.0
5253,19.0,77.0
5254,19.0,76.0
5255,19.0,75.0
5256,19.0,74.00000000000001
5257,19.0,74.00000000000001
5258,19.0,73.0
5259,19.0,72.0
5260,19.0,71.0
5261,19.0,71.0
5262,19.0,69.99999999999999
5263,19.0,69.99999999999999
5264,19.0,69.0
5265,19.0,69.0
5266,19.0,68.0
5267,19.0,68.0
5268,19.0,68.0
5269,19.0,67.0
5270,19.0,67.0
5271,19.0,67.0
5272,19.0,68.0
5273,19.0,68.0
5274,19.0,69.0
5275,19.0,68.0
5276,19.0,69.0
5277,19.0,68.0
5278,19.0,67.0
5279,19.0,67.0
5280,19.0,67.0
5281,19.0,67.0
5282,19.0,67.0
5283,19.0,68.0
5284,19.0,68.0
5285,19.0,69.0
5286,19.0,69.99999999999999
5287,19.0,69.99999999999999
5288,19.0,71.0
5289,19.0,71.0
5290,19.0,72.0
5291,19.0,72.0
5292,19.0,71.0
5293,19.0,69.99999999999999
5294,19.0,69.0
5295,19.0,69.0
5296,19.0,69.0
5297,19.0,69.0
5298,19.0,69.0
5299,19.0,69.0
5300,19.0,69.0
5301,19.0,69.0
5302,19.0,69.0
5303,19.0,69.0
5304,19.0,69.99999999999999
5305,19.0,69.0
5306,19.0,68.0
5307,19.0,68.0
5308,19.0,68.0
5309,19.0,67.0
5310,19.0,65.99999999999999
5311,19.0,65.0
5312,19.0,65.0
5313,19.0,64.0
5314,19.0,62.99999999999999
5315,19.0,62.99999999999999
5316,19.0,62.99999999999999
5317,19.0,64.0
5318,19.0,65.0
5319,19.0,65.0
5320,19.0,65.99999999999999
5321,19.0,65.99999999999999
5322,19.0,65.99999999999999
5323,19.0,67.0
5324,19.0,68.0
5325,19.0,68.0
5326,19.0,68.0
5327,19.0,69.0
5328,19.0,68.0
5329,19.0,68.0
5330,19.0,67.0
5331,19.0,67.0
5332,19.0,67.0
5333,19.0,67.0
5334,19.0,67.0
5335,19.0,68.0
5336,19.0,68.0
5337,19.0,68.0
5338,19.0,68.0
5339,19.0,69.0
5340,19.0,69.0
5341,19.0,69.99999999999999
5342,19.0,72.0
5343,19.0,71.0
5344,19.0,71.0
5345,19.0,72.0
5346,19.0,72.0
5347,19.0,72.0
5348,19.0,69.99999999999999
5349,19.0,69.0
5350,19.0,69.0
5351,19.0,68.0
5352,19.0,69.0
5353,19.0,69.0
5354,19.0,69.99999999999999
5355,19.0,69.99999999999999
5356,19.0,69.99999999999999
5357,19.0,69.99999999999999
5358,19.0,69.99999999999999
5359,19.0,69.99999999999999
5360,19.0,69.0
5361,19.0,69.0
5362,19.0,68.0
5363,19.0,68.0
5364,19.0,68.0
5365,19.0,67.0
5366,19.0,65.99999999999999
5367,19.0,65.0
5368,19.0,65.99999999999999
5369,19.0,65.99999999999999
5370,19.0,65.99999999999999
5371,19.0,65.99999999999999
5372,19.0,67.0
5373,19.0,67.0
5374,19.0,67.0
5375,19.0,68.0
5376,19.0,68.0
5377,19.0,68.0
5378,19.0,68.0
5379,19.0,69.0
5380,19.0,69.0
5381,19.0,69.99999999999999
5382,19.0,71.0
5383,19.0,71.0
5384,19.0,72.0
5385,19.0,73.0
5386,19.0,74.00000000000001
5387,19.0,75.0
5388,19.0,75.0
5389,19.0,76.0
5390,19.0,76.0
5391,19.0,76.0
5392,19.0,76.0
5393,19.0,76.0
5394,19.0,76.0
5395,19.0,76.0
5396,19.0,75.0
5397,19.0,76.0
5398,19.0,76.0
5399,19.0,76.0
5400,19.0,76.0
5401,19.0,77.0
5402,19.0,77.99999999999999
5403,19.0,77.99999999999999
5404,19.0,79.0
5405,19.0,79.0
5406,19.0,77.99999999999999
5407,19.0,77.99999999999999
5408,19.0,77.99999999999999
5409,19.0,77.99999999999999
5410,19.0,77.99999999999999
5411,19.0,77.99999999999999
5412,19.0,77.99999999999999
5413,19.0,79.0
5414,19.0,79.0
5415,19.0,80.0
5416,19.0,79.0
5417,19.0,79.0
5418,19.0,80.0
5419,19.0,81.0
5420,19.0,82.00000000000001
5421,19.0,82.00000000000001
5422,19.0,83.0
5423,19.0,84.0
5424,19.0,85.0
5425,19.0,84.0
5426,19.0,84.0
5427,19.0,84.0
5428,19.0,84.0
5429,19.0,85.0
5430,19.0,85.99999999999999
5431,19.0,87.0
5432,19.0,87.0
5433,19.0,88.0
5434,19.0,89.0
5435,19.0,90.00000000000001
5436,19.0,91.0
5437,19.0,91.0
5438,19.0,93.0
5439,19.0,93.99999999999999
5440,19.0,93.99999999999999
5441,19.0,95.0
5442,19.0,96.0
5443,19.0,96.0
5444,19.0,97.0
5445,19.0,97.0
5446,19.0,97.0
5447,19.0,96.0
5448,19.0,95.0
5449,19.0,93.99999999999999
5450,19.0,93.0
5451,19.0,92.0
5452,19.0,91.0
5453,19.0,90.00000000000001
5454,19.0,89.0
5455,19.0,88.0
5456,19.0,87.0
5457,19.0,85.99999999999999
5458,19.0,85.0
5459,19.0,84.0
5460,19.0,83.0
5461,19.0,81.0
5462,19.0,79.0
5463,19.0,79.0
5464,19.0,77.99999999999999
5465,19.0,77.99999999999999
5466,19.0,77.0
5467,19.0,76.0
5468,19.0,75.0
5469,19.0,74.00000000000001
5470,19.0,74.00000000000001
5471,19.0,74.00000000000001
5472,19.0,74.00000000000001
5473,19.0,74.00000000000001
5474,19.0,74.00000000000001
5475,19.0,74.00000000000001
5476,19.0,73.0
5477,19.0,73.0
5478,19.0,72.0
5479,19.0,72.0
5480,19.0,72.0
5481,19.0,71.0
5482,19.0,71.0
5483,19.0,71.0
5484,19.0,71.0
5485,19.0,71.0
5486,19.0,69.99999999999999
5487,19.0,69.99999999999999
5488,19.0,69.0
5489,19.0,69.0
5490,19.0,69.0
5491,19.0,67.0
5492,19.0,67.0
5493,19.0,68.0
5494,19.0,67.0
5495,19.0,68.0
5496,19.0,68.0
5497,19.0,67.0
5498,19.0,68.0
5499,19.0,68.0
5500,19.0,69.0
5501,19.0,69.0
5502,19.0,69.0
5503,19.0,69.99999999999999
5504,19.0,69.99999999999999
5505,19.0,69.99999999999999
5506,19.0,71.0
5507,19.0,71.0
5508,19.0,72.0
5509,19.0,72.0
5510,19.0,72.0
5511,19.0,73.0
5512,19.0,73.0
5513,19.0,74.00000000000001
5514,19.0,76.0
5515,19.0,77.99999999999999
5516,19.0,80.0
5517,19.0,80.0
5518,19.0,81.0
5519,19.0,82.00000000000001
5520,19.0,82.00000000000001
5521,19.0,82.00000000000001
5522,19.0,81.0
5523,19.0,81.0
5524,19.0,58.99999999999999
5525,19.0,58.99999999999999
5526,19.0,60.0
5527,19.0,60.0
5528,19.0,60.0
5529,19.0,60.0
5530,19.0,60.0
5531,19.0,60.0
5532,19.0,58.99999999999999
5533,19.0,57.99999999999999
5534,19.0,57.00000000000001
5535,19.0,54.99999999999999
5536,19.0,54.99999999999999
5537,19.0,54.99999999999999
5538,19.0,54.99999999999999
5539,19.0,54.99999999999999
5540,19.0,54.99999999999999
5541,19.0,54.0
5542,19.0,54.0
5543,19.0,54.0
5544,19.0,54.99999999999999
5545,19.0,54.99999999999999
5546,19.0,54.99999999999999
5547,19.0,54.99999999999999
5548,19.0,71.0
5549,19.0,72.0
5550,19.0,72.0
5551,19.0,72.0
5552,19.0,71.0
5553,19.0,69.0
5554,19.0,68.0
5555,19.0,67.0
5556,19.0,65.0
5557,19.0,65.0
5558,19.0,61.99999999999999
5559,19.0,61.00000000000001
5560,19.0,60.0
5561,19.0,60.0
5562,19.0,58.99999999999999
5563,19.0,57.99999999999999
5564,19.0,57.99999999999999
5565,19.0,58.99999999999999
5566,19.0,58.99999999999999
5567,19.0,57.99999999999999
5568,19.0,57.99999999999999
5569,19.0,57.99999999999999
5570,19.0,57.99999999999999
5571,19.0,57.99999999999999
5572,19.0,54.0
5573,19.0,54.0
5574,19.0,54.0
5575,19.0,54.0
5576,19.0,54.0
5577,19.0,54.0
5578,19.0,54.0
5579,19.0,54.0
5580,19.0,54.0
5581,19.0,54.0
5582,19.0,53.00000000000001
5583,19.0,54.0
5584,19.0,54.0
5585,19.0,54.0
5586,19.0,54.0
5587,19.0,54.0
5588,19.0,54.0
5589,19.0,54.0
5590,19.0,54.0
5591,19.0,54.99999999999999
5592,19.0,54.99999999999999
5593,19.0,54.0
5594,19.0,53.00000000000001
5595,19.0,53.00000000000001
5596,19.0,65.99999999999999
5597,19.0,67.0
5598,19.0,68.0
5599,19.0,69.0
5600,19.0,69.99999999999999
5601,19.0,71.0
5602,19.0,72.0
5603,19.0,74.00000000000001
5604,19.0,75.0
5605,19.0,76.0
5606,19.0,77.99999999999999
5607,19.0,77.99999999999999
5608,19.0,80.0
5609,19.0,81.0
5610,19.0,82.00000000000001
5611,19.0,83.0
5612,19.0,84.0
5613,19.0,85.0
5614,19.0,90.00000000000001
5615,19.0,87.0
5616,19.0,85.0
5617,19.0,85.99999999999999
5618,19.0,85.0
5619,19.0,85.99999999999999
5620,19.0,69.99999999999999
5621,19.0,69.99999999999999
5622,19.0,69.99999999999999
5623,19.0,71.0
5624,19.0,71.0
5625,19.0,72.0
5626,19.0,72.0
5627,19.0,72.0
5628,19.0,72.0
5629,19.0,73.0
5630,19.0,74.00000000000001
5631,19.0,73.0
5632,19.0,74.00000000000001
5633,19.0,74.00000000000001
5634,19.0,76.0
5635,19.0,77.0
5636,19.0,77.0
5637,19.0,77.99999999999999
5638,19.0,77.99999999999999
5639,19.0,77.99999999999999
5640,19.0,77.0
5641,19.0,76.0
5642,19.0,75.0
5643,19.0,74.00000000000001
5644,19.0,60.0
5645,19.0,58.99999999999999
5646,19.0,58.99999999999999
5647,19.0,57.99999999999999
5648,19.0,57.99999999999999
5649,19.0,57.99999999999999
5650,19.0,57.00000000000001
5651,19.0,57.00000000000001
5652,19.0,57.00000000000001
5653,19.0,57.99999999999999
5654,19.0,57.00000000000001
5655,19.0,57.00000000000001
5656,19.0,57.99999999999999
5657,19.0,57.99999999999999
5658,19.0,57.99999999999999
5659,19.0,58.99999999999999
5660,19.0,57.99999999999999
5661,19.0,57.99999999999999
5662,19.0,57.99999999999999
5663,19.0,57.99999999999999
5664,19.0,58.99999999999999
5665,19.0,60.0
5666,19.0,61.00000000000001
5667,19.0,61.99999999999999
5668,19.0,52.0
5669,19.0,52.0
5670,19.0,48.0
5671,19.0,45.00000000000001
5672,19.0,45.00000000000001
5673,19.0,46.0
5674,19.0,46.99999999999999
5675,19.0,48.0
5676,19.0,46.99999999999999
5677,19.0,46.0
5678,19.0,46.0
5679,19.0,46.99999999999999
5680,19.0,46.99999999999999
5681,19.0,48.0
5682,19.0,49.00000000000001
5683,19.0,50.0
5684,19.0,50.99999999999999
5685,19.0,50.99999999999999
5686,19.0,52.0
5687,19.0,52.0
5688,19.0,53.00000000000001
5689,19.0,52.0
5690,19.0,52.0
5691,19.0,53.00000000000001
5692,19.0,61.00000000000001
5693,19.0,61.00000000000001
5694,19.0,61.00000000000001
5695,19.0,61.00000000000001
5696,19.0,61.00000000000001
5697,19.0,61.00000000000001
5698,19.0,61.00000000000001
5699,19.0,61.99999999999999
5700,19.0,64.0
5701,19.0,65.0
5702,19.0,65.0
5703,19.0,65.0
5704,19.0,65.0
5705,19.0,65.99999999999999
5706,19.0,65.99999999999999
5707,19.0,65.99999999999999
5708,19.0,65.99999999999999
5709,19.0,67.0
5710,19.0,67.0
5711,19.0,68.0
5712,19.0,68.0
5713,19.0,69.0
5714,19.0,69.99999999999999
5715,19.0,71.0
5716,19.0,69.0
5717,19.0,69.0
5718,19.0,69.0
5719,19.0,69.0
5720,19.0,69.0
5721,19.0,68.0
5722,19.0,68.0
5723,19.0,68.0
5724,19.0,69.0
5725,19.0,69.0
5726,19.0,68.0
5727,19.0,68.0
5728,19.0,68.0
5729,19.0,68.0
5730,19.0,69.0
5731,19.0,69.0
5732,19.0,69.99999999999999
5733,19.0,69.99999999999999
5734,19.0,69.99999999999999
5735,19.0,69.99999999999999
5736,19.0,68.0
5737,19.0,65.99999999999999
5738,19.0,62.99999999999999
5739,19.0,61.00000000000001
5740,19.0,82.00000000000001
5741,19.0,81.0
5742,19.0,81.0
5743,19.0,81.0
5744,19.0,81.0
5745,19.0,80.0
5746,19.0,79.0
5747,19.0,79.0
5748,19.0,77.99999999999999
5749,19.0,79.0
5750,19.0,79.0
5751,19.0,79.0
5752,19.0,77.99999999999999
5753,19.0,77.0
5754,19.0,77.0
5755,19.0,77.0
5756,19.0,76.0
5757,19.0,76.0
5758,19.0,75.0
5759,19.0,75.0
5760,19.0,75.0
5761,19.0,74.00000000000001
5762,19.0,74.00000000000001
5763,19.0,74.00000000000001
5764,19.0,62.99999999999999
5765,19.0,64.0
5766,19.0,64.0
5767,19.0,64.0
5768,19.0,64.0
5769,19.0,64.0
5770,19.0,64.0
5771,19.0,65.0
5772,19.0,65.0
5773,19.0,65.0
5774,19.0,64.0
5775,19.0,64.0
5776,19.0,62.99999999999999
5777,19.0,62.99999999999999
5778,19.0,61.99999999999999
5779,19.0,61.00000000000001
5780,19.0,61.00000000000001
5781,19.0,60.0
5782,19.0,60.0
5783,19.0,60.0
5784,19.0,58.99999999999999
5785,19.0,57.99999999999999
5786,19.0,57.00000000000001
5787,19.0,56.0
5788,19.0,67.0
5789,19.0,67.0
5790,19.0,67.0
5791,19.0,67.0
5792,19.0,68.0
5793,19.0,68.0
5794,19.0,69.0
5795,19.0,69.0
5796,19.0,69.0
5797,19.0,69.0
5798,19.0,71.0
5799,19.0,71.0
5800,19.0,72.0
5801,19.0,72.0
5802,19.0,72.0
5803,19.0,73.0
5804,19.0,73.0
5805,19.0,73.0
5806,19.0,73.0
5807,19.0,72.0
5808,19.0,71.0
5809,19.0,69.99999999999999
5810,19.0,69.0
5811,19.0,68.0
5812,19.0,58.99999999999999
5813,19.0,61.00000000000001
5814,19.0,61.99999999999999
5815,19.0,61.00000000000001
5816,19.0,61.99999999999999
5817,19.0,62.99999999999999
5818,19.0,62.99999999999999
5819,19.0,64.0
5820,19.0,65.0
5821,19.0,67.0
5822,19.0,68.0
5823,19.0,68.0
5824,19.0,69.0
5825,19.0,69.0
5826,19.0,69.0
5827,19.0,69.99999999999999
5828,19.0,69.99999999999999
5829,19.0,69.99999999999999
5830,19.0,69.99999999999999
5831,19.0,69.99999999999999
5832,19.0,69.99999999999999
5833,19.0,69.0
5834,19.0,69.0
5835,19.0,69.0
5836,19.0,68.0
5837,19.0,67.0
5838,19.0,65.0
5839,19.0,65.0
5840,19.0,64.0
5841,19.0,64.0
5842,19.0,65.0
5843,19.0,64.0
5844,19.0,64.0
5845,19.0,61.00000000000001
5846,19.0,61.00000000000001
5847,19.0,60.0
5848,19.0,60.0
5849,19.0,58.99999999999999
5850,19.0,58.99999999999999
5851,19.0,57.99999999999999
5852,19.0,57.99999999999999
5853,19.0,57.00000000000001
5854,19.0,57.00000000000001
5855,19.0,57.99999999999999
5856,19.0,57.99999999999999
5857,19.0,57.00000000000001
5858,19.0,57.00000000000001
5859,19.0,57.00000000000001
5860,19.0,57.00000000000001
5861,19.0,56.0
5862,19.0,56.0
5863,19.0,56.0
5864,19.0,56.0
5865,19.0,54.99999999999999
5866,19.0,54.99999999999999
5867,19.0,54.99999999999999
5868,19.0,54.99999999999999
5869,19.0,56.0
5870,19.0,56.0
5871,19.0,56.0
5872,19.0,56.0
5873,19.0,56.0
5874,19.0,57.00000000000001
5875,19.0,57.00000000000001
5876,19.0,57.00000000000001
5877,19.0,57.00000000000001
5878,19.0,57.00000000000001
5879,19.0,56.0
5880,19.0,57.00000000000001
5881,19.0,57.99999999999999
5882,19.0,57.99999999999999
5883,19.0,57.99999999999999
5884,19.0,58.99999999999999
5885,19.0,58.99999999999999
5886,19.0,58.99999999999999
5887,19.0,58.99999999999999
5888,19.0,60.0
5889,19.0,60.0
5890,19.0,58.99999999999999
5891,19.0,60.0
5892,19.0,60.0
5893,19.0,60.0
5894,19.0,60.0
5895,19.0,60.0
5896,19.0,61.00000000000001
5897,19.0,61.00000000000001
5898,19.0,61.00000000000001
5899,19.0,61.00000000000001
5900,19.0,61.99999999999999
5901,19.0,61.99999999999999
5902,19.0,61.99999999999999
5903,19.0,62.99999999999999
5904,19.0,61.99999999999999
5905,19.0,61.00000000000001
5906,19.0,60.0
5907,19.0,60.0
5908,19.0,60.0
5909,19.0,60.0
5910,19.0,61.00000000000001
5911,19.0,61.00000000000001
5912,19.0,61.00000000000001
5913,19.0,61.99999999999999
5914,19.0,62.99999999999999
5915,19.0,62.99999999999999
5916,19.0,62.99999999999999
5917,19.0,64.0
5918,19.0,65.0
5919,19.0,65.0
5920,19.0,65.0
5921,19.0,65.0
5922,19.0,65.0
5923,19.0,65.0
5924,19.0,65.0
5925,19.0,65.0
5926,19.0,65.0
5927,19.0,64.0
5928,19.0,64.0
5929,19.0,65.0
5930,19.0,65.0
5931,19.0,65.99999999999999
5932,19.0,65.99999999999999
5933,19.0,65.99999999999999
5934,19.0,65.99999999999999
5935,19.0,65.0
5936,19.0,65.0
5937,19.0,65.0
5938,19.0,64.0
5939,19.0,62.99999999999999
5940,19.0,62.99999999999999
5941,19.0,61.99999999999999
5942,19.0,61.99999999999999
5943,19.0,61.00000000000001
5944,19.0,61.00000000000001
5945,19.0,60.0
5946,19.0,60.0
5947,19.0,60.0
5948,19.0,60.0
5949,19.0,60.0
5950,19.0,58.99999999999999
5951,19.0,58.99999999999999
5952,19.0,61.99999999999999
5953,19.0,62.99999999999999
5954,19.0,64.0
5955,19.0,65.0
5956,19.0,65.0
5957,19.0,65.0
5958,19.0,64.0
5959,19.0,64.0
5960,19.0,62.99999999999999
5961,19.0,62.99999999999999
5962,19.0,62.99999999999999
5963,19.0,62.99999999999999
5964,19.0,61.99999999999999
5965,19.0,61.99999999999999
5966,19.0,61.99999999999999
5967,19.0,61.99999999999999
5968,19.0,61.99999999999999
5969,19.0,62.99999999999999
5970,19.0,62.99999999999999
5971,19.0,62.99999999999999
5972,19.0,62.99999999999999
5973,19.0,64.0
5974,19.0,62.99999999999999
5975,19.0,62.99999999999999
5976,19.0,62.99999999999999
5977,19.0,61.99999999999999
5978,19.0,61.00000000000001
5979,19.0,61.00000000000001
5980,19.0,61.00000000000001
5981,19.0,61.00000000000001
5982,19.0,61.99999999999999
5983,19.0,62.99999999999999
5984,19.0,62.99999999999999
5985,19.0,64.0
5986,19.0,64.0
5987,19.0,65.0
5988,19.0,65.99999999999999
5989,19.0,65.99999999999999
5990,19.0,65.99999999999999
5991,19.0,65.99999999999999
5992,19.0,65.99999999999999
5993,19.0,65.99999999999999
5994,19.0,65.99999999999999
5995,19.0,65.99999999999999
5996,19.0,65.99999999999999
5997,19.0,65.99999999999999
5998,19.0,67.0
5999,19.0,67.0
6000,19.0,65.99999999999999
6001,19.0,65.0
6002,19.0,64.0
6003,19.0,64.0
6004,19.0,64.0
6005,19.0,62.99999999999999
6006,19.0,62.99999999999999
6007,19.0,61.99999999999999
6008,19.0,61.99999999999999
6009,19.0,61.00000000000001
6010,19.0,61.00000000000001
6011,19.0,60.0
6012,19.0,60.0
6013,19.0,61.00000000000001
6014,19.0,61.99999999999999
6015,19.0,62.99999999999999
6016,19.0,62.99999999999999
6017,19.0,64.0
6018,19.0,64.0
6019,19.0,64.0
6020,19.0,64.0
6021,19.0,64.0
6022,19.0,64.0
6023,19.0,64.0
6024,19.0,64.0
6025,19.0,64.0
6026,19.0,64.0
6027,19.0,64.0
6028,19.0,64.0
6029,19.0,64.0
6030,19.0,64.0
6031,19.0,64.0
6032,19.0,64.0
6033,19.0,64.0
6034,19.0,64.0
6035,19.0,62.99999999999999
6036,19.0,62.99999999999999
6037,19.0,61.99999999999999
6038,19.0,61.00000000000001
6039,19.0,61.00000000000001
6040,19.0,60.0
6041,19.0,57.99999999999999
6042,19.0,57.99999999999999
6043,19.0,57.99999999999999
6044,19.0,57.99999999999999
6045,19.0,57.99999999999999
6046,19.0,57.00000000000001
6047,19.0,57.00000000000001
6048,19.0,57.00000000000001
6049,19.0,57.00000000000001
6050,19.0,57.99999999999999
6051,19.0,57.99999999999999
6052,19.0,57.99999999999999
6053,19.0,57.99999999999999
6054,19.0,57.00000000000001
6055,19.0,57.00000000000001
6056,19.0,57.00000000000001
6057,19.0,56.0
6058,19.0,56.0
6059,19.0,56.0
6060,19.0,56.0
6061,19.0,56.0
6062,19.0,56.0
6063,19.0,56.0
6064,19.0,56.0
6065,19.0,56.0
6066,19.0,56.0
6067,19.0,57.00000000000001
6068,19.0,57.99999999999999
6069,19.0,57.99999999999999
6070,19.0,57.99999999999999
6071,19.0,57.99999999999999
6072,19.0,57.99999999999999
6073,19.0,57.00000000000001
6074,19.0,57.00000000000001
6075,19.0,56.0
6076,19.0,56.0
6077,19.0,54.99999999999999
6078,19.0,54.99999999999999
6079,19.0,54.99999999999999
6080,19.0,54.99999999999999
6081,19.0,56.0
6082,19.0,56.0
6083,19.0,56.0
6084,19.0,56.0
6085,19.0,56.0
6086,19.0,56.0
6087,19.0,56.0
6088,19.0,56.0
6089,19.0,57.00000000000001
6090,19.0,57.00000000000001
6091,19.0,56.0
6092,19.0,56.0
6093,19.0,56.0
6094,19.0,56.0
6095,19.0,56.0
6096,19.0,56.0
6097,19.0,56.0
6098,19.0,56.0
6099,19.0,56.0
6100,19.0,57.00000000000001
6101,19.0,57.00000000000001
6102,19.0,57.00000000000001
6103,19.0,57.00000000000001
6104,19.0,57.00000000000001
6105,19.0,57.00000000000001
6106,19.0,57.00000000000001
6107,19.0,57.00000000000001
6108,19.0,57.00000000000001
6109,19.0,57.00000000000001
6110,19.0,57.99999999999999
6111,19.0,57.99999999999999
6112,19.0,57.99999999999999
6113,19.0,57.99999999999999
6114,19.0,57.00000000000001
6115,19.0,57.00000000000001
6116,19.0,56.0
6117,19.0,57.00000000000001
6118,19.0,57.00000000000001
6119,19.0,57.00000000000001
6120,19.0,57.00000000000001
6121,19.0,57.00000000000001
6122,19.0,57.00000000000001
6123,19.0,57.00000000000001
6124,19.0,57.99999999999999
6125,19.0,57.99999999999999
6126,19.0,57.99999999999999
6127,19.0,57.99999999999999
6128,19.0,57.99999999999999
6129,19.0,57.99999999999999
6130,19.0,57.99999999999999
6131,19.0,57.99999999999999
6132,19.0,58.99999999999999
6133,19.0,57.99999999999999
6134,19.0,57.00000000000001
6135,19.0,57.00000000000001
6136,19.0,57.00000000000001
6137,19.0,57.00000000000001
6138,19.0,57.00000000000001
6139,19.0,57.00000000000001
6140,19.0,57.99999999999999
6141,19.0,57.99999999999999
6142,19.0,57.99999999999999
6143,19.0,57.99999999999999
6144,19.0,57.00000000000001
6145,19.0,57.00000000000001
6146,19.0,57.00000000000001
6147,19.0,57.00000000000001
6148,19.0,57.00000000000001
6149,19.0,57.00000000000001
6150,19.0,57.99999999999999
6151,19.0,57.99999999999999
6152,19.0,57.99999999999999
6153,19.0,57.99999999999999
6154,19.0,58.99999999999999
6155,19.0,57.99999999999999
6156,19.0,57.99999999999999
6157,19.0,57.99999999999999
6158,19.0,60.0
6159,19.0,61.00000000000001
6160,19.0,61.00000000000001
6161,19.0,61.99999999999999
6162,19.0,61.99999999999999
6163,19.0,61.99999999999999
6164,19.0,61.99999999999999
6165,19.0,61.99999999999999
6166,19.0,61.99999999999999
6167,19.0,61.99999999999999
6168,19.0,61.99999999999999
6169,19.0,61.99999999999999
6170,19.0,61.99999999999999
6171,19.0,62.99999999999999
6172,19.0,62.99999999999999
6173,19.0,62.99999999999999
6174,19.0,61.99999999999999
6175,19.0,61.99999999999999
6176,19.0,61.99999999999999
6177,19.0,61.99999999999999
6178,19.0,61.99999999999999
6179,19.0,61.99999999999999
6180,19.0,61.99999999999999
6181,19.0,61.99999999999999
6182,19.0,58.99999999999999
6183,19.0,57.99999999999999
6184,19.0,57.99999999999999
6185,19.0,57.00000000000001
6186,19.0,57.00000000000001
6187,19.0,57.00000000000001
6188,19.0,57.00000000000001
6189,19.0,57.00000000000001
6190,19.0,57.00000000000001
6191,19.0,57.00000000000001
6192,19.0,57.00000000000001
6193,19.0,57.00000000000001
6194,19.0,56.0
6195,19.0,56.0
6196,19.0,54.99999999999999
6197,19.0,54.0
6198,19.0,54.0
6199,19.0,53.00000000000001
6200,19.0,53.00000000000001
6201,19.0,53.00000000000001
6202,19.0,52.0
6203,19.0,52.0
6204,19.0,53.00000000000001
6205,19.0,53.00000000000001
6206,19.0,54.0
6207,19.0,54.0
6208,19.0,54.0
6209,19.0,54.99999999999999
6210,19.0,54.99999999999999
6211,19.0,54.99999999999999
6212,19.0,54.99999999999999
6213,19.0,54.99999999999999
6214,19.0,54.99999999999999
6215,19.0,56.0
6216,19.0,57.00000000000001
6217,19.0,58.99999999999999
6218,19.0,60.0
6219,19.0,61.00000000000001
6220,19.0,61.99999999999999
6221,19.0,62.99999999999999
6222,19.0,64.0
6223,19.0,64.0
6224,19.0,65.0
6225,19.0,65.0
6226,19.0,65.0
6227,19.0,65.0
6228,19.0,65.99999999999999
6229,19.0,65.99999999999999
6230,19.0,65.0
6231,19.0,65.99999999999999
6232,19.0,67.0
6233,19.0,67.0
6234,19.0,68.0
6235,19.0,69.0
6236,19.0,69.0
6237,19.0,69.0
6238,19.0,68.0
6239,19.0,67.0
6240,19.0,65.99999999999999
6241,19.0,65.0
6242,19.0,64.0
6243,19.0,62.99999999999999
6244,19.0,56.0
6245,19.0,57.00000000000001
6246,19.0,57.99999999999999
6247,19.0,58.99999999999999
6248,19.0,60.0
6249,19.0,61.00000000000001
6250,19.0,61.00000000000001
6251,19.0,61.99999999999999
6252,19.0,62.99999999999999
6253,19.0,65.0
6254,19.0,65.99999999999999
6255,19.0,67.0
6256,19.0,67.0
6257,19.0,68.0
6258,19.0,68.0
6259,19.0,68.0
6260,19.0,69.0
6261,19.0,69.0
6262,19.0,69.99999999999999
6263,19.0,71.0
6264,19.0,73.0
6265,19.0,76.0
6266,19.0,79.0
6267,19.0,82.00000000000001
6268,19.0,57.99999999999999
6269,19.0,57.00000000000001
6270,19.0,57.00000000000001
6271,19.0,56.0
6272,19.0,57.00000000000001
6273,19.0,57.00000000000001
6274,19.0,57.00000000000001
6275,19.0,57.00000000000001
6276,19.0,57.99999999999999
6277,19.0,57.99999999999999
6278,19.0,57.99999999999999
6279,19.0,57.99999999999999
6280,19.0,57.99999999999999
6281,19.0,57.99999999999999
6282,19.0,57.00000000000001
6283,19.0,57.00000000000001
6284,19.0,57.99999999999999
6285,19.0,57.99999999999999
6286,19.0,57.99999999999999
6287,19.0,57.99999999999999
6288,19.0,57.00000000000001
6289,19.0,57.00000000000001
6290,19.0,56.0
6291,19.0,54.99999999999999
6292,19.0,52.0
6293,19.0,52.0
6294,19.0,52.0
6295,19.0,52.0
6296,19.0,52.0
6297,19.0,52.0
6298,19.0,52.0
6299,19.0,50.99999999999999
6300,19.0,50.99999999999999
6301,19.0,50.0
6302,19.0,50.0
6303,19.0,50.99999999999999
6304,19.0,50.99999999999999
6305,19.0,50.99999999999999
6306,19.0,50.99999999999999
6307,19.0,52.0
6308,19.0,50.99999999999999
6309,19.0,50.0
6310,19.0,46.99999999999999
6311,19.0,46.0
6312,19.0,46.0
6313,19.0,46.99999999999999
6314,19.0,46.0
6315,19.0,46.99999999999999
6316,19.0,87.0
6317,19.0,87.0
6318,19.0,88.0
6319,19.0,89.0
6320,19.0,89.0
6321,19.0,89.0
6322,19.0,90.00000000000001
6323,19.0,90.00000000000001
6324,19.0,90.00000000000001
6325,19.0,90.00000000000001
6326,19.0,90.00000000000001
6327,19.0,90.00000000000001
6328,19.0,91.0
6329,19.0,92.0
6330,19.0,92.0
6331,19.0,92.0
6332,19.0,92.0
6333,19.0,92.0
6334,19.0,92.0
6335,19.0,92.0
6336,19.0,92.0
6337,19.0,91.0
6338,19.0,91.0
6339,19.0,90.00000000000001
6340,19.0,74.00000000000001
6341,19.0,74.00000000000001
6342,19.0,74.00000000000001
6343,19.0,74.00000000000001
6344,19.0,73.0
6345,19.0,73.0
6346,19.0,73.0
6347,19.0,72.0
6348,19.0,72.0
6349,19.0,71.0
6350,19.0,69.99999999999999
6351,19.0,69.99999999999999
6352,19.0,69.0
6353,19.0,69.0
6354,19.0,68.0
6355,19.0,67.0
6356,19.0,67.0
6357,19.0,65.99999999999999
6358,19.0,65.99999999999999
6359,19.0,65.99999999999999
6360,19.0,65.99999999999999
6361,19.0,65.99999999999999
6362,19.0,65.99999999999999
6363,19.0,67.0
6364,19.0,62.99999999999999
6365,19.0,64.0
6366,19.0,65.0
6367,19.0,65.99999999999999
6368,19.0,65.0
6369,19.0,65.0
6370,19.0,65.0
6371,19.0,64.0
6372,19.0,64.0
6373,19.0,62.99999999999999
6374,19.0,61.99999999999999
6375,19.0,61.99999999999999
6376,19.0,61.99999999999999
6377,19.0,61.99999999999999
6378,19.0,62.99999999999999
6379,19.0,62.99999999999999
6380,19.0,62.99999999999999
6381,19.0,62.99999999999999
6382,19.0,62.99999999999999
6383,19.0,64.0
6384,19.0,61.99999999999999
6385,19.0,61.00000000000001
6386,19.0,61.99999999999999
6387,19.0,61.00000000000001
6388,19.0,54.0
6389,19.0,54.0
6390,19.0,54.99999999999999
6391,19.0,54.99999999999999
6392,19.0,54.99999999999999
6393,19.0,54.99999999999999
6394,19.0,54.99999999999999
6395,19.0,54.99999999999999
6396,19.0,56.0
6397,19.0,56.0
6398,19.0,56.0
6399,19.0,56.0
6400,19.0,56.0
6401,19.0,56.0
6402,19.0,56.0
6403,19.0,56.0
6404,19.0,56.0
6405,19.0,56.0
6406,19.0,56.0
6407,19.0,56.0
6408,19.0,56.0
6409,19.0,56.0
6410,19.0,54.99999999999999
6411,19.0,54.99999999999999
6412,19.0,73.0
6413,19.0,73.0
6414,19.0,74.00000000000001
6415,19.0,74.00000000000001
6416,19.0,74.00000000000001
6417,19.0,75.0
6418,19.0,75.0
6419,19.0,75.0
6420,19.0,74.00000000000001
6421,19.0,73.0
6422,19.0,73.0
6423,19.0,73.0
6424,19.0,73.0
6425,19.0,72.0
6426,19.0,72.0
6427,19.0,72.0
6428,19.0,72.0
6429,19.0,71.0
6430,19.0,71.0
6431,19.0,69.99999999999999
6432,19.0,69.0
6433,19.0,68.0
6434,19.0,67.0
6435,19.0,65.99999999999999
6436,19.0,61.00000000000001
6437,19.0,61.99999999999999
6438,19.0,62.99999999999999
6439,19.0,64.0
6440,19.0,65.0
6441,19.0,65.99999999999999
6442,19.0,67.0
6443,19.0,68.0
6444,19.0,69.0
6445,19.0,69.99999999999999
6446,19.0,71.0
6447,19.0,72.0
6448,19.0,73.0
6449,19.0,74.00000000000001
6450,19.0,74.00000000000001
6451,19.0,75.0
6452,19.0,76.0
6453,19.0,77.0
6454,19.0,77.0
6455,19.0,77.99999999999999
6456,19.0,77.99999999999999
6457,19.0,79.0
6458,19.0,80.0
6459,19.0,80.0
6460,19.0,74.00000000000001
6461,19.0,75.0
6462,19.0,75.0
6463,19.0,75.0
6464,19.0,75.0
6465,19.0,75.0
6466,19.0,75.0
6467,19.0,75.0
6468,19.0,75.0
6469,19.0,74.00000000000001
6470,19.0,73.0
6471,19.0,73.0
6472,19.0,74.00000000000001
6473,19.0,74.00000000000001
6474,19.0,75.0
6475,19.0,76.0
6476,19.0,77.0
6477,19.0,77.99999999999999
6478,19.0,79.0
6479,19.0,79.0
6480,19.0,79.0
6481,19.0,80.0
6482,19.0,81.0
6483,19.0,82.00000000000001
6484,19.0,54.99999999999999
6485,19.0,54.0
6486,19.0,54.99999999999999
6487,19.0,57.00000000000001
6488,19.0,57.00000000000001
6489,19.0,57.00000000000001
6490,19.0,57.00000000000001
6491,19.0,56.0
6492,19.0,56.0
6493,19.0,56.0
6494,19.0,54.99999999999999
6495,19.0,56.0
6496,19.0,54.99999999999999
6497,19.0,54.99999999999999
6498,19.0,54.99999999999999
6499,19.0,54.99999999999999
6500,19.0,54.99999999999999
6501,19.0,54.99999999999999
6502,19.0,56.0
6503,19.0,56.0
6504,19.0,56.0
6505,19.0,57.00000000000001
6506,19.0,57.00000000000001
6507,19.0,57.99999999999999
6508,19.0,68.0
6509,19.0,68.0
6510,19.0,68.0
6511,19.0,67.0
6512,19.0,67.0
6513,19.0,65.99999999999999
6514,19.0,65.0
6515,19.0,65.0
6516,19.0,65.0
6517,19.0,64.0
6518,19.0,62.99999999999999
6519,19.0,61.99999999999999
6520,19.0,61.99999999999999
6521,19.0,61.99999999999999
6522,19.0,61.99999999999999
6523,19.0,60.0
6524,19.0,60.0
6525,19.0,60.0
6526,19.0,58.99999999999999
6527,19.0,58.99999999999999
6528,19.0,58.99999999999999
6529,19.0,58.99999999999999
6530,19.0,58.99999999999999
6531,19.0,57.99999999999999
6532,19.0,57.99999999999999
6533,19.0,57.99999999999999
6534,19.0,57.00000000000001
6535,19.0,57.00000000000001
6536,19.0,57.99999999999999
6537,19.0,57.99999999999999
6538,19.0,57.99999999999999
6539,19.0,57.99999999999999
6540,19.0,58.99999999999999
6541,19.0,58.99999999999999
6542,19.0,57.99999999999999
6543,19.0,57.99999999999999
6544,19.0,57.00000000000001
6545,19.0,57.00000000000001
6546,19.0,57.00000000000001
6547,19.0,57.00000000000001
6548,19.0,57.99999999999999
6549,19.0,57.99999999999999
6550,19.0,57.99999999999999
6551,19.0,58.99999999999999
6552,19.0,58.99999999999999
6553,19.0,58.99999999999999
6554,19.0,58.99999999999999
6555,19.0,60.0
6556,19.0,60.0
6557,19.0,61.00000000000001
6558,19.0,61.00000000000001
6559,19.0,61.00000000000001
6560,19.0,61.00000000000001
6561,19.0,61.00000000000001
6562,19.0,61.00000000000001
6563,19.0,61.00000000000001
6564,19.0,61.00000000000001
6565,19.0,61.99999999999999
6566,19.0,61.99999999999999
6567,19.0,61.99999999999999
6568,19.0,62.99999999999999
6569,19.0,62.99999999999999
6570,19.0,62.99999999999999
6571,19.0,62.99999999999999
6572,19.0,62.99999999999999
6573,19.0,64.0
6574,19.0,64.0
6575,19.0,64.0
6576,19.0,64.0
6577,19.0,65.0
6578,19.0,65.0
6579,19.0,65.0
6580,19.0,64.0
6581,19.0,64.0
6582,19.0,65.0
6583,19.0,65.0
6584,19.0,64.0
6585,19.0,64.0
6586,19.0,64.0
6587,19.0,64.0
6588,19.0,62.99999999999999
6589,19.0,62.99999999999999
6590,19.0,61.99999999999999
6591,19.0,61.00000000000001
6592,19.0,61.00000000000001
6593,19.0,61.00000000000001
6594,19.0,61.00000000000001
6595,19.0,60.0
6596,19.0,60.0
6597,19.0,60.0
6598,19.0,60.0
6599,19.0,60.0
6600,19.0,60.0
6601,19.0,58.99999999999999
6602,19.0,58.99999999999999
6603,19.0,58.99999999999999
6604,19.0,58.99999999999999
6605,19.0,58.99999999999999
6606,19.0,60.0
6607,19.0,60.0
6608,19.0,60.0
6609,19.0,61.00000000000001
6610,19.0,61.00000000000001
6611,19.0,61.00000000000001
6612,19.0,61.00000000000001
6613,19.0,61.99999999999999
6614,19.0,62.99999999999999
6615,19.0,64.0
6616,19.0,65.0
6617,19.0,65.0
6618,19.0,65.0
6619,19.0,65.0
6620,19.0,65.0
6621,19.0,65.99999999999999
6622,19.0,65.99999999999999
6623,19.0,67.0
6624,19.0,67.0
6625,19.0,65.99999999999999
6626,19.0,65.99999999999999
6627,19.0,65.99999999999999
6628,19.0,65.0
6629,19.0,64.0
6630,19.0,64.0
6631,19.0,64.0
6632,19.0,64.0
6633,19.0,64.0
6634,19.0,64.0
6635,19.0,64.0
6636,19.0,64.0
6637,19.0,62.99999999999999
6638,19.0,62.99999999999999
6639,19.0,61.99999999999999
6640,19.0,61.99999999999999
6641,19.0,61.99999999999999
6642,19.0,61.00000000000001
6643,19.0,61.00000000000001
6644,19.0,61.00000000000001
6645,19.0,61.00000000000001
6646,19.0,61.00000000000001
6647,19.0,60.0
6648,19.0,60.0
6649,19.0,60.0
6650,19.0,61.99999999999999
6651,19.0,61.99999999999999
6652,19.0,61.99999999999999
6653,19.0,62.99999999999999
6654,19.0,62.99999999999999
6655,19.0,61.99999999999999
6656,19.0,61.99999999999999
6657,19.0,61.99999999999999
6658,19.0,61.99999999999999
6659,19.0,61.00000000000001
6660,19.0,60.0
6661,19.0,60.0
6662,19.0,58.99999999999999
6663,19.0,58.99999999999999
6664,19.0,58.99999999999999
6665,19.0,58.99999999999999
6666,19.0,58.99999999999999
6667,19.0,60.0
6668,19.0,60.0
6669,19.0,61.00000000000001
6670,19.0,61.00000000000001
6671,19.0,61.00000000000001
6672,19.0,61.00000000000001
6673,19.0,60.0
6674,19.0,58.99999999999999
6675,19.0,57.99999999999999
6676,19.0,57.99999999999999
6677,19.0,57.00000000000001
6678,19.0,57.00000000000001
6679,19.0,57.00000000000001
6680,19.0,57.00000000000001
6681,19.0,57.00000000000001
6682,19.0,57.00000000000001
6683,19.0,57.99999999999999
6684,19.0,57.99999999999999
6685,19.0,57.99999999999999
6686,19.0,58.99999999999999
6687,19.0,60.0
6688,19.0,60.0
6689,19.0,60.0
6690,19.0,60.0
6691,19.0,60.0
6692,19.0,58.99999999999999
6693,19.0,57.99999999999999
6694,19.0,57.99999999999999
6695,19.0,57.99999999999999
6696,19.0,57.99999999999999
6697,19.0,57.99999999999999
6698,19.0,57.99999999999999
6699,19.0,58.99999999999999
6700,19.0,60.0
6701,19.0,60.0
6702,19.0,61.00000000000001
6703,19.0,61.00000000000001
6704,19.0,61.00000000000001
6705,19.0,61.00000000000001
6706,19.0,61.00000000000001
6707,19.0,61.00000000000001
6708,19.0,61.00000000000001
6709,19.0,61.00000000000001
6710,19.0,61.00000000000001
6711,19.0,61.00000000000001
6712,19.0,61.00000000000001
6713,19.0,61.00000000000001
6714,19.0,61.00000000000001
6715,19.0,61.00000000000001
6716,19.0,61.00000000000001
6717,19.0,61.00000000000001
6718,19.0,61.99999999999999
6719,19.0,61.99999999999999
6720,19.0,61.99999999999999
6721,19.0,61.99999999999999
6722,19.0,61.99999999999999
6723,19.0,61.99999999999999
6724,19.0,61.99999999999999
6725,19.0,62.99999999999999
6726,19.0,64.0
6727,19.0,64.0
6728,19.0,64.0
6729,19.0,65.0
6730,19.0,65.0
6731,19.0,65.0
6732,19.0,65.99999999999999
6733,19.0,65.99999999999999
6734,19.0,65.99999999999999
6735,19.0,67.0
6736,19.0,67.0
6737,19.0,67.0
6738,19.0,67.0
6739,19.0,67.0
6740,19.0,68.0
6741,19.0,68.0
6742,19.0,68.0
6743,19.0,68.0
6744,19.0,69.0
6745,19.0,69.0
6746,19.0,69.0
6747,19.0,69.0
6748,19.0,69.0
6749,19.0,69.0
6750,19.0,68.0
6751,19.0,68.0
6752,19.0,68.0
6753,19.0,68.0
6754,19.0,67.0
6755,19.0,67.0
6756,19.0,68.0
6757,19.0,68.0
6758,19.0,68.0
6759,19.0,68.0
6760,19.0,68.0
6761,19.0,68.0
6762,19.0,68.0
6763,19.0,67.0
6764,19.0,67.0
6765,19.0,67.0
6766,19.0,67.0
6767,19.0,67.0
6768,19.0,67.0
6769,19.0,67.0
6770,19.0,67.0
6771,19.0,67.0
6772,19.0,67.0
6773,19.0,67.0
6774,19.0,67.0
6775,19.0,67.0
6776,19.0,67.0
6777,19.0,67.0
6778,19.0,67.0
6779,19.0,67.0
6780,19.0,67.0
6781,19.0,67.0
6782,19.0,67.0
6783,19.0,67.0
6784,19.0,67.0
6785,19.0,67.0
6786,19.0,67.0
6787,19.0,67.0
6788,19.0,67.0
6789,19.0,67.0
6790,19.0,67.0
6791,19.0,67.0
6792,19.0,65.99999999999999
6793,19.0,65.0
6794,19.0,65.0
6795,19.0,64.0
6796,19.0,62.99999999999999
6797,19.0,61.99999999999999
6798,19.0,61.99999999999999
6799,19.0,61.00000000000001
6800,19.0,60.0
6801,19.0,60.0
6802,19.0,58.99999999999999
6803,19.0,58.99999999999999
6804,19.0,57.99999999999999
6805,19.0,57.00000000000001
6806,19.0,56.0
6807,19.0,56.0
6808,19.0,56.0
6809,19.0,56.0
6810,19.0,54.99999999999999
6811,19.0,54.0
6812,19.0,54.0
6813,19.0,54.0
6814,19.0,54.0
6815,19.0,54.0
6816,19.0,54.0
6817,19.0,54.99999999999999
6818,19.0,54.99999999999999
6819,19.0,56.0
6820,19.0,57.00000000000001
6821,19.0,57.00000000000001
6822,19.0,57.00000000000001
6823,19.0,57.00000000000001
6824,19.0,56.0
6825,19.0,56.0
6826,19.0,56.0
6827,19.0,54.99999999999999
6828,19.0,54.99999999999999
6829,19.0,54.99999999999999
6830,19.0,54.99999999999999
6831,19.0,54.99999999999999
6832,19.0,54.99999999999999
6833,19.0,54.99999999999999
6834,19.0,56.0
6835,19.0,56.0
6836,19.0,57.00000000000001
6837,19.0,57.00000000000001
6838,19.0,57.00000000000001
6839,19.0,57.00000000000001
6840,19.0,56.0
6841,19.0,56.0
6842,19.0,56.0
6843,19.0,56.0
6844,19.0,57.00000000000001
6845,19.0,57.00000000000001
6846,19.0,57.99999999999999
6847,19.0,58.99999999999999
6848,19.0,58.99999999999999
6849,19.0,60.0
6850,19.0,60.0
6851,19.0,60.0
6852,19.0,61.00000000000001
6853,19.0,61.00000000000001
6854,19.0,61.00000000000001
6855,19.0,61.99999999999999
6856,19.0,61.99999999999999
6857,19.0,61.99999999999999
6858,19.0,61.99999999999999
6859,19.0,61.99999999999999
6860,19.0,61.99999999999999
6861,19.0,61.99999999999999
6862,19.0,61.99999999999999
6863,19.0,61.00000000000001
6864,19.0,61.00000000000001
6865,19.0,61.00000000000001
6866,19.0,61.00000000000001
6867,19.0,60.0
6868,19.0,58.99999999999999
6869,19.0,58.99999999999999
6870,19.0,57.99999999999999
6871,19.0,57.99999999999999
6872,19.0,57.99999999999999
6873,19.0,58.99999999999999
6874,19.0,58.99999999999999
6875,19.0,58.99999999999999
6876,19.0,57.99999999999999
6877,19.0,58.99999999999999
6878,19.0,58.99999999999999
6879,19.0,58.99999999999999
6880,19.0,58.99999999999999
6881,19.0,58.99999999999999
6882,19.0,57.99999999999999
6883,19.0,58.99999999999999
6884,19.0,58.99999999999999
6885,19.0,57.99999999999999
6886,19.0,57.99999999999999
6887,19.0,57.99999999999999
6888,19.0,57.99999999999999
6889,19.0,57.99999999999999
6890,19.0,57.99999999999999
6891,19.0,57.99999999999999
6892,19.0,57.99999999999999
6893,19.0,57.99999999999999
6894,19.0,58.99999999999999
6895,19.0,57.99999999999999
6896,19.0,57.99999999999999
6897,19.0,57.99999999999999
6898,19.0,57.99999999999999
6899,19.0,58.99999999999999
6900,19.0,57.99999999999999
6901,19.0,57.99999999999999
6902,19.0,57.99999999999999
6903,19.0,58.99999999999999
6904,19.0,58.99999999999999
6905,19.0,58.99999999999999
6906,19.0,58.99999999999999
6907,19.0,58.99999999999999
6908,19.0,58.99999999999999
6909,19.0,60.0
6910,19.0,60.0
6911,19.0,61.00000000000001
6912,19.0,61.00000000000001
6913,19.0,61.00000000000001
6914,19.0,60.0
6915,19.0,60.0
6916,19.0,58.99999999999999
6917,19.0,58.99999999999999
6918,19.0,58.99999999999999
6919,19.0,58.99999999999999
6920,19.0,58.99999999999999
6921,19.0,57.99999999999999
6922,19.0,57.99999999999999
6923,19.0,57.00000000000001
6924,19.0,57.00000000000001
6925,19.0,57.00000000000001
6926,19.0,56.0
6927,19.0,56.0
6928,19.0,54.99999999999999
6929,19.0,54.99999999999999
6930,19.0,56.0
6931,19.0,54.99999999999999
6932,19.0,54.99999999999999
6933,19.0,54.99999999999999
6934,19.0,54.99999999999999
6935,19.0,54.99999999999999
6936,19.0,54.0
6937,19.0,54.0
6938,19.0,54.0
6939,19.0,54.0
6940,19.0,54.0
6941,19.0,54.0
6942,19.0,54.0
6943,19.0,54.0
6944,19.0,54.0
6945,19.0,54.0
6946,19.0,54.0
6947,19.0,54.0
6948,19.0,54.0
6949,19.0,54.99999999999999
6950,19.0,56.0
6951,19.0,54.99999999999999
6952,19.0,56.0
6953,19.0,56.0
6954,19.0,56.0
6955,19.0,56.0
6956,19.0,56.0
6957,19.0,56.0
6958,19.0,56.0
6959,19.0,56.0
6960,19.0,57.00000000000001
6961,19.0,57.00000000000001
6962,19.0,57.00000000000001
6963,19.0,57.00000000000001
6964,19.0,57.00000000000001
6965,19.0,57.99999999999999
6966,19.0,57.99999999999999
6967,19.0,57.99999999999999
6968,19.0,57.99999999999999
6969,19.0,57.99999999999999
6970,19.0,57.99999999999999
6971,19.0,57.99999999999999
6972,19.0,57.99999999999999
6973,19.0,58.99999999999999
6974,19.0,57.99999999999999
6975,19.0,57.99999999999999
6976,19.0,57.99999999999999
6977,19.0,57.99999999999999
6978,19.0,57.99999999999999
6979,19.0,57.99999999999999
6980,19.0,57.99999999999999
6981,19.0,58.99999999999999
6982,19.0,58.99999999999999
6983,19.0,58.99999999999999
6984,19.0,60.0
6985,19.0,60.0
6986,19.0,60.0
6987,19.0,60.0
