,prediction,actual
0,66.044716,65.0
1,66.84437,65.0
2,67.2429,66.0
3,67.076,67.0
4,67.082,67.0
5,67.32869,66.0
6,67.5249,66.0
7,67.27436,66.0
8,66.88686,66.0
9,66.574036,66.0
10,66.39495,66.0
11,66.306274,66.0
12,66.27287,66.0
13,66.27769,65.0
14,66.27756,63.0
15,65.99119,63.0
16,64.95514,63.0
17,63.956017,63.0
18,63.30234,63.0
19,63.161274,64.0
20,63.384758,64.0
21,64.154015,64.0
22,64.845764,63.0
23,65.22945,63.0
24,64.93912,63.0
25,64.325096,64.0
26,64.01096,64.0
27,64.21969,65.0
28,64.54232,65.0
29,65.11611,66.0
30,65.53829,66.0
31,66.04354,66.0
32,66.314804,67.0
33,66.39057,67.0
34,66.61871,67.0
35,66.831856,67.0
36,67.017395,67.0
37,67.1158,68.0
38,67.14612,69.0
39,67.5593,69.0
40,68.20041,69.0
41,68.70672,69.0
42,69.05765,69.0
43,69.26527,69.0
44,69.326004,68.0
45,69.20464,68.0
46,68.679184,68.0
47,68.19121,68.0
48,67.88257,69.0
49,68.00551,69.0
50,68.69698,67.0
51,69.3588,65.0
52,68.89415,64.0
53,67.39349,63.0
54,65.59494,64.0
55,63.99667,64.0
56,63.413696,64.0
57,63.413128,64.0
58,63.760967,64.0
59,64.136566,65.0
60,64.377075,65.0
61,64.75704,64.0
62,65.11874,61.99999999999999
63,64.97036,63.0
64,64.03584,63.0
65,63.308044,64.0
66,62.975956,64.0
67,63.229496,64.0
68,63.671394,64.0
69,64.12252,64.0
70,64.29535,64.0
71,64.32038,63.0
72,64.19877,61.99999999999999
73,63.782764,63.0
74,63.109966,64.0
75,63.013386,66.0
76,63.50374,66.0
77,64.65111,67.0
78,65.71515,67.0
79,66.76137,67.0
80,67.47,66.0
81,67.75178,66.0
82,67.428665,66.0
83,66.85763,66.0
84,66.37342,66.0
85,66.07186,66.0
86,65.90938,66.0
87,65.84658,66.0
88,65.87405,66.0
89,65.9957,66.0
90,66.119705,66.0
91,66.19412,65.0
92,66.25721,65.0
93,65.96053,64.0
94,65.49858,65.0
95,64.940544,67.0
96,65.00392,67.0
97,66.15299,66.0
98,67.33414,68.0
99,67.828835,67.0
100,68.39214,69.0
101,68.329666,68.0
102,68.68682,68.0
103,68.66332,68.0
104,68.40509,69.0
105,68.13063,69.0
106,68.17068,69.0
107,68.28945,69.0
108,68.504555,68.0
109,68.60326,70.0
110,68.39003,70.0
111,68.66239,71.0
112,69.13361,71.0
113,69.878525,71.0
114,70.394806,71.0
115,70.66076,72.0
116,70.829994,73.0
117,71.0802,74.0
118,71.50664,73.0
119,72.35686,72.0
120,72.60875,72.0
121,72.10654,72.0
122,71.37772,71.0
123,70.79893,70.0
124,70.22582,68.0
125,69.51859,68.0
126,68.432594,67.0
127,67.6151,67.0
128,66.90486,66.0
129,66.56183,66.0
130,66.23101,66.0
131,66.004425,65.0
132,65.98519,67.0
133,65.78053,66.0
134,66.14106,67.0
135,66.403656,66.0
136,66.76797,65.0
137,66.751564,66.0
138,66.309944,66.0
139,66.137115,67.0
140,66.15762,66.0
141,66.52344,66.0
142,66.59188,66.0
143,66.585655,67.0
144,66.48157,67.0
145,66.60225,67.0
146,66.81226,67.0
147,66.96775,68.0
148,66.95993,69.0
149,67.21479,70.0
150,67.88439,71.0
151,68.90512,71.0
152,70.1602,71.0
153,71.102715,71.0
154,71.592476,71.0
155,71.70258,72.0
156,71.65171,70.0
157,71.802124,72.0
158,71.47192,70.0
159,71.553154,72.0
160,71.255356,73.0
161,71.54456,72.0
162,72.25377,72.0
163,72.59592,72.0
164,72.69409,72.0
165,72.45638,73.0
166,71.966576,72.0
167,71.98323,71.0
168,72.008865,72.0
169,71.72113,71.0
170,71.77959,70.0
171,71.5343,69.0
172,70.94519,69.0
173,69.92027,69.0
174,69.26954,69.0
175,68.953064,69.0
176,68.891884,69.0
177,68.91006,69.0
178,69.025085,69.0
179,69.11693,69.0
180,69.21025,69.0
181,69.20637,68.0
182,69.153465,70.0
183,68.870255,70.0
184,69.16706,70.0
185,69.61893,70.0
186,69.97009,70.0
187,70.216576,71.0
188,70.308105,71.0
189,70.523705,71.0
190,70.73106,71.0
191,70.77613,69.0
192,70.826385,70.0
193,70.00247,70.0
194,69.6297,71.0
195,69.71745,71.0
196,70.3377,71.0
197,70.907555,70.0
198,71.2993,70.0
199,71.25461,71.0
200,71.00199,71.0
201,71.06079,70.0
202,71.3173,70.0
203,71.28712,69.0
204,71.14553,70.0
205,70.71332,69.0
206,70.52301,68.0
207,70.096054,67.0
208,69.34963,67.0
209,68.45198,67.0
210,67.70381,66.0
211,67.373665,66.0
212,66.94503,65.0
213,66.554146,65.0
214,65.93891,65.0
215,65.50334,66.0
216,65.36842,65.0
217,65.75137,65.0
218,65.9206,64.0
219,65.9579,65.0
220,65.6375,65.0
221,65.45369,65.0
222,65.34659,66.0
223,65.36701,66.0
224,65.80714,67.0
225,66.286514,67.0
226,66.88014,67.0
227,67.40413,67.0
228,67.76111,66.0
229,67.757545,68.0
230,67.345085,67.0
231,67.39522,67.0
232,67.3166,67.0
233,67.224144,65.0
234,67.17202,65.0
235,66.4128,64.0
236,65.62042,64.0
237,64.76848,63.0
238,64.15073,63.0
239,63.71943,63.0
240,63.63912,63.0
241,63.70244,63.0
242,63.901768,63.0
243,64.138664,61.99999999999999
244,64.24851,61.99999999999999
245,63.9215,61.0
246,63.48432,60.0
247,62.781143,60.0
248,61.83485,59.0
249,61.026627,59.0
250,60.214523,58.0
251,59.57417,58.0
252,58.927097,59.0
253,58.445927,58.0
254,58.402576,58.0
255,58.30788,58.0
256,58.22985,58.0
257,58.29236,60.0
258,58.381695,60.0
259,59.123707,61.0
260,59.918312,61.0
261,60.910694,61.0
262,61.596592,63.0
263,61.953033,108.99999999999999
264,62.842194,101.0
265,72.91872,90.0
266,85.3081,77.0
267,89.24776,63.0
268,82.24666,61.99999999999999
269,65.90104,61.99999999999999
270,52.23953,63.0
271,47.194332,61.99999999999999
272,48.16405,61.99999999999999
273,51.99828,61.99999999999999
274,55.87464,61.99999999999999
275,58.894787,64.0
276,61.032326,64.0
277,62.796856,63.0
278,63.570736,63.0
279,63.02135,63.0
280,62.224228,63.0
281,61.77926,63.0
282,61.85618,63.0
283,62.39661,63.0
284,62.83934,63.0
285,62.938835,63.0
286,62.942585,63.0
287,62.99298,64.0
288,63.14954,63.0
289,63.669785,66.0
290,63.95483,67.0
291,65.042656,68.0
292,66.38467,68.0
293,67.72281,68.0
294,68.37888,68.0
295,68.508896,70.0
296,68.249405,71.0
297,68.56097,72.0
298,69.3103,72.0
299,70.355225,72.0
300,71.293396,73.0
301,71.84381,73.0
302,72.33281,74.0
303,72.67356,74.0
304,73.10251,73.0
305,73.420296,73.0
306,73.18863,73.0
307,72.591095,73.0
308,72.123055,72.0
309,71.82361,73.0
310,71.44054,72.0
311,71.63847,71.0
312,71.510056,71.0
313,71.13186,71.0
314,70.835014,69.0
315,70.777084,68.0
316,70.32989,69.0
317,69.40262,69.0
318,69.02922,70.0
319,69.033455,70.0
320,69.55997,69.0
321,70.09372,69.0
322,70.14444,69.0
323,69.91471,68.0
324,69.556595,68.0
325,68.92498,70.0
326,68.365364,69.0
327,68.47376,71.0
328,68.62243,72.0
329,69.35588,72.0
330,70.47784,71.0
331,71.277016,72.0
332,71.01572,72.0
333,70.69402,72.0
334,70.71867,87.0
335,70.8904,111.0
336,74.53365,119.0
337,85.19057,114.0
338,99.145584,101.0
339,106.58804,77.0
340,102.43887,77.0
341,85.71389,77.0
342,70.52424,78.0
343,64.51116,78.0
344,64.85559,77.0
345,67.98094,76.0
346,71.710464,76.0
347,74.070465,76.0
348,75.41249,75.0
349,75.83675,73.0
350,75.14521,73.0
351,73.76615,72.0
352,72.59682,72.0
353,72.06039,72.0
354,71.914734,73.0
355,72.55107,73.0
356,72.62222,73.0
357,71.83771,74.0
358,71.48922,74.0
359,71.64345,84.0
360,72.01367,87.0
361,74.6995,84.0
362,79.01307,72.0
363,81.288506,73.0
364,78.2977,72.0
365,73.19305,72.0
366,68.9757,71.0
367,66.9382,70.0
368,66.487595,71.0
369,66.9367,72.0
370,67.99256,72.0
371,69.510216,72.0
372,70.86099,73.0
373,71.97594,75.0
374,73.0002,74.0
375,74.03394,74.0
376,74.49284,74.0
377,74.53408,73.0
378,74.259735,73.0
379,73.31871,73.0
380,72.27601,73.0
381,71.80918,72.0
382,71.85129,73.0
383,71.850525,72.0
384,72.20352,71.0
385,72.41256,72.0
386,72.06355,73.0
387,71.98732,74.0
388,72.437805,74.0
389,73.34891,63.0
390,74.19228,61.99999999999999
391,71.2723,61.0
392,66.90847,60.0
393,62.98355,59.0
394,60.433918,59.0
395,59.11549,58.0
396,58.715046,57.0
397,58.455482,57.0
398,58.109653,57.0
399,57.868042,56.0
400,57.771572,55.0
401,57.541573,54.0
402,56.811832,53.0
403,55.709984,53.0
404,54.812927,54.0
405,54.476635,54.0
406,55.01871,54.0
407,55.7502,54.0
408,56.39199,55.0
409,56.69235,54.0
410,57.076057,54.0
411,56.784084,54.0
412,56.251396,54.0
413,55.596195,57.0
414,55.20485,57.0
415,55.826317,57.0
416,56.68941,56.0
417,57.396793,56.0
418,57.476803,56.0
419,57.23531,55.0
420,56.886402,55.0
421,56.26128,55.0
422,55.730064,54.0
423,55.3727,54.0
424,54.909695,55.0
425,54.599987,55.0
426,54.825527,55.0
427,55.33665,55.0
428,55.681202,54.0
429,55.73313,54.0
430,55.238445,54.0
431,54.75669,56.0
432,54.5852,56.0
433,55.020515,55.0
434,55.614174,55.0
435,55.819145,55.0
436,55.77584,55.0
437,55.602203,46.99999999999999
438,55.574596,46.0
439,52.861275,44.0
440,49.555077,41.0
441,46.48492,41.0
442,43.400143,40.0
443,42.164806,39.0
444,42.101017,38.0
445,42.36588,38.0
446,42.345192,38.0
447,42.294273,38.0
448,42.376995,37.0
449,42.471935,37.0
450,42.144978,38.0
451,41.64574,39.0
452,41.6908,40.0
453,42.436764,42.0
454,43.80896,43.0
455,45.617893,44.0
456,47.018898,43.0
457,48.095463,45.0
458,48.107265,45.0
459,48.233093,45.0
460,48.055428,46.99999999999999
461,47.62454,63.0
462,48.044712,63.0
463,52.230083,65.0
464,57.767925,66.0
465,62.723274,67.0
466,66.13472,67.0
467,67.80835,68.0
468,67.81851,67.0
469,67.01467,67.0
470,65.601265,68.0
471,64.47304,70.0
472,64.267944,69.0
473,65.36068,69.0
474,66.46477,69.0
475,67.27005,69.0
476,67.55088,69.0
477,67.62684,69.0
478,67.597824,70.0
479,67.584625,70.0
480,68.11704,69.0
481,68.82731,70.0
482,69.251816,68.0
483,69.53925,67.0
484,69.02863,67.0
485,68.03657,60.0
486,67.240845,60.0
487,64.330376,59.0
488,61.550705,59.0
489,59.52134,58.0
490,58.62598,59.0
491,58.229626,58.0
492,58.375687,58.0
493,58.439552,57.0
494,58.493576,57.0
495,58.253822,56.0
496,57.997055,56.0
497,57.52657,56.0
498,57.232193,56.0
499,56.91647,56.0
500,56.933945,55.0
501,57.1705,54.0
502,57.19388,54.0
503,56.61394,54.0
504,55.99274,53.0
505,55.583862,53.0
506,54.970398,54.0
507,54.507122,55.0
508,54.582085,56.0
509,55.183247,73.0
510,56.08422,73.0
511,60.84965,74.0
512,66.91185,75.0
513,71.64488,75.0
514,74.55573,75.0
515,75.603775,74.0
516,75.32908,74.0
517,74.12144,73.0
518,72.87245,72.0
519,71.69347,72.0
520,70.62748,72.0
521,70.09163,71.0
522,70.40639,71.0
523,70.59695,70.0
524,70.51605,69.0
525,70.13148,69.0
526,69.47769,67.0
527,68.78361,67.0
528,67.73435,65.0
529,66.86928,64.0
530,65.81429,63.0
531,64.760895,61.99999999999999
532,63.68656,60.0
533,62.63551,57.0
534,61.204212,57.0
535,59.164585,57.0
536,57.549038,57.0
537,56.700577,57.0
538,56.48347,57.0
539,56.621883,56.0
540,56.89653,57.0
541,56.938717,57.0
542,57.14797,57.0
543,57.34959,58.0
544,57.577957,58.0
545,58.089035,58.0
546,58.43029,59.0
547,58.699303,59.0
548,59.073425,59.0
549,59.260426,60.0
550,59.275135,59.0
551,59.525192,59.0
552,59.445896,59.0
553,59.20162,59.0
554,58.954163,58.0
555,58.76895,58.0
556,58.35506,58.0
557,58.086308,55.0
558,58.00791,55.0
559,56.99126,56.0
560,55.96229,56.0
561,55.686394,56.0
562,55.892403,56.0
563,56.207813,56.0
564,56.552917,56.0
565,56.86485,56.0
566,57.041813,56.0
567,57.093872,55.0
568,57.063614,55.0
569,56.68711,55.0
570,56.216576,56.0
571,55.795723,55.0
572,55.905922,55.0
573,55.990437,56.0
574,55.991917,55.0
575,56.328358,55.0
576,56.28854,55.0
577,56.118855,54.0
578,55.87399,54.0
579,55.26457,54.0
580,54.704956,54.0
581,54.379032,139.0
582,54.229664,137.0
583,71.96522,136.0
584,99.765785,138.0
585,118.28398,138.0
586,118.45496,136.0
587,104.49755,127.0
588,86.06502,113.0
589,69.57433,103.0
590,57.611526,99.0
591,51.77128,98.0
592,51.81485,98.0
593,55.768063,97.0
594,61.462475,96.0
595,67.48613,96.0
596,72.305176,95.0
597,76.81448,93.99999999999999
598,79.53434,93.99999999999999
599,80.90155,93.99999999999999
600,81.69246,93.99999999999999
601,82.437,93.0
602,83.11952,92.0
603,83.76099,91.0
604,83.97628,90.0
605,83.750084,143.0
606,82.89204,132.0
607,94.62434,118.0
608,107.743805,105.0
609,111.25628,99.0
610,103.73541,97.0
611,91.418724,96.0
612,82.12505,93.99999999999999
613,77.86036,92.0
614,77.31405,89.0
615,78.23431,87.0
616,79.13088,86.0
617,79.13558,86.0
618,78.391235,86.0
619,78.02182,86.0
620,77.83711,85.0
621,77.991104,85.0
622,78.26817,85.0
623,78.922615,86.0
624,79.47677,86.0
625,80.30936,86.0
626,81.06279,87.0
627,81.52856,88.0
628,81.6777,88.0
629,82.51605,69.0
630,83.56262,70.0
631,79.49052,70.0
632,73.87199,71.0
633,69.720116,71.0
634,68.13943,71.0
635,68.05882,71.0
636,68.661194,72.0
637,69.56608,72.0
638,70.621216,72.0
639,71.51574,72.0
640,72.13149,72.0
641,72.459816,72.0
642,72.4306,72.0
643,72.02819,71.0
644,71.9348,71.0
645,71.575516,70.0
646,71.265594,70.0
647,70.77217,70.0
648,70.631035,70.0
649,70.63296,70.0
650,70.77996,70.0
651,70.89245,71.0
652,70.986244,72.0
653,71.4254,57.0
654,72.10466,56.0
655,68.23688,56.0
656,62.49194,56.0
657,58.053055,55.0
658,55.96987,54.0
659,55.177784,54.0
660,54.869953,53.0
661,54.860573,53.0
662,54.739056,53.0
663,54.53729,52.0
664,54.399483,53.0
665,54.329674,53.0
666,54.396152,53.0
667,54.69366,54.0
668,55.148716,53.0
669,55.749077,53.0
670,55.98277,53.0
671,55.90684,53.0
672,55.697826,53.0
673,55.582226,52.0
674,55.425808,52.0
675,54.804924,52.0
676,54.162857,50.0
677,53.626907,86.0
678,52.62962,86.0
679,59.07206,86.0
680,69.42803,86.0
681,78.66004,86.0
682,83.502495,87.0
683,83.49203,85.0
684,80.67871,86.0
685,76.72193,86.0
686,74.23826,87.0
687,73.31524,87.0
688,74.102585,86.0
689,75.71892,85.0
690,76.903114,85.0
691,77.14144,85.0
692,76.8526,85.0
693,76.36581,86.0
694,76.035095,86.0
695,76.646034,87.0
696,78.14262,86.0
697,80.25092,86.0
698,81.10857,86.0
699,81.28246,86.0
700,81.274155,86.0
701,81.27032,86.0
702,81.46726,87.0
703,81.82775,87.0
704,82.541016,87.0
705,83.36522,88.0
706,84.01227,89.0
707,84.71495,89.0
708,85.62895,90.0
709,86.393234,91.0
710,87.102585,91.0
711,87.6399,91.0
712,87.9655,92.0
713,88.00675,93.99999999999999
714,88.06974,93.99999999999999
715,88.35383,95.0
716,88.386894,96.0
717,88.20578,96.0
718,88.713486,97.0
719,88.75416,97.0
720,88.863625,99.0
721,89.156136,99.0
722,89.854355,104.0
723,90.3451,114.0
724,92.14655,126.0
725,96.59192,129.0
726,104.77961,128.0
727,112.60085,130.0
728,115.83582,132.0
729,115.609314,138.0
730,113.774185,142.0
731,113.69648,146.0
732,115.71962,149.0
733,118.57421,151.00000000000003
734,120.99838,151.00000000000003
735,121.22184,151.00000000000003
736,119.149796,150.0
737,115.8331,151.00000000000003
738,111.34876,151.00000000000003
739,107.4298,151.00000000000003
740,104.079704,151.00000000000003
741,100.34183,147.0
742,97.00322,150.0
743,92.14586,148.0
744,88.408714,142.0
745,84.55768,139.0
746,80.07032,133.0
747,76.01452,130.0
748,72.273926,128.0
749,69.39602,129.0
750,68.6676,123.99999999999999
751,70.27075,119.0
752,71.295334,117.00000000000001
753,71.707886,113.0
754,71.942055,108.0
755,72.272545,103.0
756,72.6659,100.0
757,72.8528,100.0
758,73.168594,100.0
759,74.16198,100.0
760,76.034386,103.0
761,78.6036,107.0
762,81.99074,108.0
763,85.87937,106.0
764,89.51987,106.0
765,90.614914,106.0
766,90.04516,110.0
767,89.42251,115.0
768,91.250374,118.0
769,94.76436,120.0
770,99.00383,123.0
771,102.54927,125.0
772,105.12647,125.0
773,106.846596,130.0
774,107.06126,141.0
775,108.19031,147.0
776,112.21542,151.00000000000003
777,117.615105,151.00000000000003
778,122.49431,151.00000000000003
779,124.4822,151.00000000000003
780,123.11194,151.00000000000003
781,120.33311,151.00000000000003
782,117.202995,151.00000000000003
783,113.8715,151.00000000000003
784,110.38934,151.00000000000003
785,107.05706,152.0
786,104.29081,151.00000000000003
787,102.08854,140.0
788,97.78884,132.0
789,90.839645,126.0
790,82.12156,111.0
791,74.897995,100.0
792,69.205444,99.0
793,66.10596,97.0
794,64.64102,95.0
795,65.18033,93.0
796,66.96678,91.0
797,69.06934,89.0
798,70.89496,87.0
799,71.972664,85.0
800,72.49296,83.0
801,72.54281,80.0
802,72.21868,78.99999999999999
803,71.42808,78.0
804,70.95871,77.0
805,70.8828,76.0
806,70.94462,75.0
807,70.93487,74.0
808,70.864555,72.0
809,70.67718,70.0
810,70.1104,69.0
811,69.01232,69.0
812,67.74511,69.0
813,67.133804,69.0
814,67.33036,69.0
815,68.26633,70.0
816,69.423805,70.0
817,70.43203,70.0
818,71.056816,69.0
819,71.31502,69.0
820,70.79739,69.0
821,70.078575,69.0
822,69.49946,69.0
823,69.10532,70.0
824,68.96963,72.0
825,69.38542,73.0
826,70.57577,74.0
827,72.14245,74.0
828,73.63488,74.0
829,74.57384,74.0
830,75.008804,73.0
831,74.984566,73.0
832,74.28476,74.0
833,73.54339,74.0
834,73.32029,74.0
835,73.569244,75.0
836,73.97245,76.0
837,74.628784,76.0
838,75.6031,76.0
839,76.2495,76.0
840,76.5496,77.0
841,76.41044,78.99999999999999
842,76.41227,80.0
843,77.254364,82.0
844,78.55831,83.0
845,80.30897,84.0
846,81.92285,85.0
847,83.26849,85.0
848,84.34763,86.0
849,84.94699,86.0
850,85.48729,87.0
851,85.77991,87.0
852,86.03335,87.0
853,86.394005,87.0
854,86.54296,87.0
855,86.41077,85.0
856,86.103966,83.0
857,84.933876,82.0
858,82.97373,82.0
859,81.049095,81.0
860,79.92623,80.0
861,79.22384,78.99999999999999
862,78.9052,78.99999999999999
863,78.66659,77.0
864,78.5778,77.0
865,77.965675,76.0
866,77.49632,74.0
867,77.01769,73.0
868,75.89636,73.0
869,74.65366,73.0
870,73.893364,73.0
871,73.63305,73.0
872,73.61427,73.0
873,73.60134,73.0
874,73.59384,72.0
875,73.495094,72.0
876,72.99232,72.0
877,72.39491,72.0
878,71.927376,73.0
879,71.58691,74.0
880,71.6615,75.0
881,72.24729,74.0
882,73.11616,74.0
883,73.52738,73.0
884,73.55,73.0
885,73.038574,73.0
886,72.42279,73.0
887,72.001175,74.0
888,71.90728,74.0
889,72.514435,73.0
890,73.24076,73.0
891,73.651596,73.0
892,73.85046,72.0
893,73.91206,72.0
894,73.48018,72.0
895,73.030945,72.0
896,72.77406,72.0
897,72.61146,71.0
898,72.54811,71.0
899,72.14906,70.0
900,71.64906,70.0
901,70.91022,69.0
902,70.21162,69.0
903,69.39031,68.0
904,68.74833,68.0
905,68.06939,68.0
906,67.57558,68.0
907,67.43628,68.0
908,67.49971,68.0
909,67.56706,68.0
910,67.741264,68.0
911,67.909294,67.0
912,68.17562,67.0
913,67.75812,67.0
914,67.29439,66.0
915,67.112724,66.0
916,66.82343,67.0
917,66.618904,66.0
918,66.87602,66.0
919,66.92628,66.0
920,66.85594,65.0
921,66.7384,64.0
922,66.25549,64.0
923,65.394714,64.0
924,64.593445,64.0
925,64.01706,64.0
926,63.717613,65.0
927,63.581245,65.0
928,63.83925,66.0
929,64.34599,67.0
930,65.18596,67.0
931,66.22141,68.0
932,67.021454,68.0
933,67.74275,67.0
934,68.31972,67.0
935,68.254166,66.0
936,67.865746,67.0
937,67.115036,68.0
938,66.92449,68.0
939,67.554184,67.0
940,68.28775,66.0
941,68.517815,65.0
942,68.09286,64.0
943,67.15751,61.0
944,65.92188,60.0
945,63.81708,59.0
946,61.829487,58.0
947,60.13439,58.0
948,58.890778,57.0
949,58.20475,56.0
950,57.64157,56.0
951,57.076828,55.0
952,56.82216,54.0
953,56.45774,54.0
954,55.803432,54.0
955,55.259544,54.0
956,54.984436,55.0
957,54.94767,55.0
958,55.465355,56.0
959,56.11398,56.0
960,56.908833,57.0
961,57.42828,56.0
962,57.801987,56.0
963,57.46654,56.0
964,56.852226,56.0
965,56.44336,56.0
966,56.226383,56.0
967,56.201843,57.0
968,56.263836,57.0
969,56.775864,58.0
970,57.402504,57.0
971,58.144215,58.0
972,58.395565,58.0
973,58.720425,58.0
974,58.958965,58.0
975,59.056595,58.0
976,59.224197,58.0
977,59.09339,57.0
978,58.80617,56.0
979,58.178837,56.0
980,57.275974,55.0
981,56.551975,55.0
982,55.8456,54.0
983,55.598396,55.0
984,55.463154,53.0
985,55.603798,54.0
986,55.31606,54.0
987,55.364853,54.0
988,55.54105,53.0
989,55.69676,53.0
990,55.35748,53.0
991,54.840893,53.0
992,54.363224,52.0
993,54.0057,52.0
994,53.50287,53.0
995,53.03145,53.0
996,53.0221,53.0
997,53.162518,53.0
998,53.339108,52.0
999,53.51085,52.0
1000,53.351826,51.00000000000001
1001,53.098995,51.00000000000001
1002,52.50853,51.00000000000001
1003,51.876442,52.0
1004,51.542713,52.0
1005,51.997196,52.0
1006,52.694702,61.0
1007,53.477867,52.0
1008,56.959614,52.0
1009,57.385372,53.0
1010,55.901054,53.0
1011,54.328445,53.0
1012,53.219795,53.0
1013,52.819958,53.0
1014,52.891876,53.0
1015,53.248447,53.0
1016,53.646664,54.0
1017,53.854095,54.0
1018,54.24635,54.0
1019,54.621243,54.0
1020,54.889774,55.0
1021,55.01156,55.0
1022,55.349976,56.0
1023,55.70206,56.0
1024,56.274128,55.0
1025,56.687588,55.0
1026,56.455574,54.0
1027,55.915504,54.0
1028,54.980064,53.0
1029,54.264297,53.0
1030,53.590137,52.0
1031,53.37843,52.0
1032,53.06836,52.0
1033,52.972256,51.00000000000001
1034,53.045235,51.00000000000001
1035,52.907513,49.0
1036,52.785744,50.0
1037,51.955975,48.0
1038,51.51083,45.0
1039,50.600834,46.0
1040,48.641453,45.0
1041,47.449554,41.0
1042,46.77071,39.0
1043,45.001984,39.0
1044,42.66531,37.0
1045,41.157295,38.0
1046,39.90617,37.0
1047,39.97814,39.0
1048,40.449368,40.0
1049,41.992546,40.0
1050,43.798836,41.0
1051,45.075546,41.0
1052,45.960598,43.0
1053,46.158043,43.0
1054,46.80847,42.0
1055,47.393982,41.0
1056,47.114933,42.0
1057,46.041317,43.0
1058,45.438232,44.0
1059,45.783985,44.0
1060,46.824764,46.0
1061,47.679443,49.0
1062,48.715443,50.0
1063,50.325745,50.0
1064,51.78981,49.0
1065,52.63236,49.0
1066,52.559376,52.0
1067,51.893726,51.00000000000001
1068,52.055473,51.00000000000001
1069,52.136414,51.00000000000001
1070,52.052906,51.00000000000001
1071,51.981983,50.0
1072,52.031307,50.0
1073,51.796516,51.00000000000001
1074,51.47513,51.00000000000001
1075,51.59743,52.0
1076,52.110622,52.0
1077,53.053562,52.0
1078,53.938267,52.0
1079,54.427654,52.0
1080,54.60067,52.0
1081,54.42606,52.0
1082,54.13327,52.0
1083,53.79676,53.0
1084,53.49363,53.0
1085,53.52554,53.0
1086,53.733116,54.0
1087,53.90022,54.0
1088,54.276043,54.0
1089,54.56446,54.0
1090,54.7355,55.0
1091,54.806328,55.0
1092,55.107353,55.0
1093,55.395096,55.0
1094,55.594738,56.0
1095,55.72119,56.0
1096,56.130547,56.0
1097,56.543728,56.0
1098,56.870106,56.0
1099,57.02373,56.0
1100,57.1682,56.0
1101,57.55846,55.0
1102,57.714928,56.0
1103,57.378048,56.0
1104,57.40591,56.0
1105,57.56665,56.0
1106,57.816315,56.0
1107,57.92134,56.0
1108,57.841305,56.0
1109,57.656536,54.0
1110,57.469,54.0
1111,56.585045,54.0
1112,55.67445,53.0
1113,55.024597,53.0
1114,54.459946,53.0
1115,54.090313,53.0
1116,53.830925,52.0
1117,53.702534,52.0
1118,53.39186,52.0
1119,53.051792,52.0
1120,52.81933,52.0
1121,52.75253,52.0
1122,52.731583,52.0
1123,52.769024,52.0
1124,52.76032,52.0
1125,52.660088,49.0
1126,52.438263,46.0
1127,51.086246,46.0
1128,48.54619,45.0
1129,46.587067,46.0
1130,45.611206,46.99999999999999
1131,46.137623,48.0
1132,47.615448,49.0
1133,49.344753,55.0
1134,50.761723,55.0
1135,53.42337,55.0
1136,55.74346,55.0
1137,57.109592,54.0
1138,57.514355,55.0
1139,56.94331,55.0
1140,56.240383,55.0
1141,55.64364,55.0
1142,55.237324,55.0
1143,55.023453,55.0
1144,54.96007,54.0
1145,55.06933,54.0
1146,54.871357,54.0
1147,54.623848,55.0
1148,54.4178,56.0
1149,54.74746,57.0
1150,55.69619,57.0
1151,56.952915,54.0
1152,57.89051,54.0
1153,57.17664,54.0
1154,55.82613,54.0
1155,54.700146,54.0
1156,54.03043,54.0
1157,53.88593,46.99999999999999
1158,53.925705,46.99999999999999
1159,51.554707,46.99999999999999
1160,48.86203,48.0
1161,47.094982,46.99999999999999
1162,47.037853,46.0
1163,47.405952,46.0
1164,47.66788,50.0
1165,47.723003,50.0
1166,49.093147,50.0
1167,50.498867,50.0
1168,51.53795,49.0
1169,51.944424,52.0
1170,51.488472,52.0
1171,51.430107,52.0
1172,51.701122,52.0
1173,51.953377,52.0
1174,52.073944,51.00000000000001
1175,52.062675,51.00000000000001
1176,51.65843,51.00000000000001
1177,51.21413,50.0
1178,50.90856,51.00000000000001
1179,50.54951,51.00000000000001
1180,50.854893,51.00000000000001
1181,51.40364,67.0
1182,51.90919,67.0
1183,55.791805,66.0
1184,61.198967,65.0
1185,65.06718,64.0
1186,66.727234,64.0
1187,66.3041,65.0
1188,64.900734,66.0
1189,63.620724,65.0
1190,63.16504,63.0
1191,63.064983,63.0
1192,62.552307,63.0
1193,62.19761,63.0
1194,61.87051,64.0
1195,61.820404,65.0
1196,62.29418,65.0
1197,63.2343,65.0
1198,63.970192,65.0
1199,64.46827,65.0
1200,64.74542,65.0
1201,64.76372,64.0
1202,64.625755,65.0
1203,64.13416,65.0
1204,63.97807,65.0
1205,64.01911,57.0
1206,64.23772,57.0
1207,62.088062,58.0
1208,59.4601,59.0
1209,58.024067,60.0
1210,57.94051,61.0
1211,58.927525,61.99999999999999
1212,60.41618,61.99999999999999
1213,62.107803,63.0
1214,63.328083,64.0
1215,64.26624,64.0
1216,65.02395,64.0
1217,65.41132,65.0
1218,65.48929,65.0
1219,65.685326,65.0
1220,65.97411,66.0
1221,66.21096,65.0
1222,66.65454,65.0
1223,66.66189,66.0
1224,66.45048,66.0
1225,66.52939,66.0
1226,66.68165,65.0
1227,66.87869,64.0
1228,66.70027,63.0
1229,66.0754,59.0
1230,65.08252,58.0
1231,62.69643,57.0
1232,60.251747,57.0
1233,58.43221,56.0
1234,57.50438,57.0
1235,56.926346,57.0
1236,56.98654,58.0
1237,57.230797,59.0
1238,57.864067,60.0
1239,58.73502,60.0
1240,59.746708,60.0
1241,60.511993,59.0
1242,60.788628,59.0
1243,60.561665,59.0
1244,60.104527,60.0
1245,59.70292,59.0
1246,59.84991,59.0
1247,59.78248,58.0
1248,59.613926,58.0
1249,59.26979,58.0
1250,59.012592,58.0
1251,58.91521,58.0
1252,58.94654,58.0
1253,59.025864,58.0
1254,59.00858,58.0
1255,59.02339,57.0
1256,59.042656,56.0
1257,58.682777,56.0
1258,57.939114,55.0
1259,57.17172,55.0
1260,56.281944,54.0
1261,55.628952,53.0
1262,54.925026,53.0
1263,54.140038,52.0
1264,53.62053,51.00000000000001
1265,53.066216,50.0
1266,52.291897,49.0
1267,51.40336,50.0
1268,50.545,51.00000000000001
1269,50.287556,51.00000000000001
1270,50.85902,51.00000000000001
1271,51.72437,51.00000000000001
1272,52.52215,50.0
1273,52.968964,50.0
1274,52.50135,49.0
1275,51.685658,48.0
1276,50.55957,46.99999999999999
1277,49.240246,54.0
1278,48.01396,54.0
1279,49.734722,53.0
1280,52.190357,53.0
1281,53.836185,52.0
1282,54.634033,52.0
1283,54.509125,52.0
1284,54.00015,52.0
1285,53.408585,52.0
1286,52.88851,52.0
1287,52.56366,52.0
1288,52.400322,52.0
1289,52.35996,52.0
1290,52.5709,52.0
1291,52.74574,52.0
1292,52.652237,53.0
1293,52.585354,53.0
1294,53.05964,53.0
1295,53.58139,54.0
1296,54.01459,54.0
1297,54.648735,55.0
1298,55.046024,55.0
1299,55.521717,55.0
1300,55.760967,55.0
1301,55.730965,88.0
1302,55.595192,87.0
1303,62.795887,85.0
1304,72.503944,84.0
1305,79.67669,82.0
1306,82.41564,80.0
1307,81.14127,80.0
1308,77.63813,81.0
1309,74.11772,81.0
1310,72.38817,82.0
1311,72.16628,82.0
1312,73.25092,81.0
1313,74.90736,81.0
1314,75.94871,81.0
1315,76.20085,80.0
1316,75.62446,78.99999999999999
1317,74.408554,77.0
1318,73.03853,76.0
1319,71.768326,74.0
1320,70.85995,73.0
1321,69.96355,72.0
1322,69.51116,71.0
1323,69.18826,71.0
1324,68.97144,71.0
1325,69.00651,89.0
1326,69.04467,89.0
1327,73.07886,90.0
1328,78.577705,90.0
1329,83.757706,91.0
1330,86.72958,91.0
1331,87.86704,91.0
1332,87.51654,91.0
1333,86.50258,91.0
1334,85.416176,92.0
1335,84.525696,92.0
1336,84.24895,93.0
1337,84.306366,93.99999999999999
1338,84.69727,93.99999999999999
1339,85.560585,95.0
1340,85.91993,97.0
1341,86.11428,98.0
1342,87.06325,105.0
1343,88.66278,113.0
1344,92.24653,113.0
1345,97.56052,110.0
1346,102.31202,104.0
1347,103.65309,99.0
1348,100.673256,99.0
1349,96.32913,72.0
1350,92.29989,72.0
1351,83.237144,71.0
1352,74.664696,71.0
1353,69.546165,70.0
1354,67.69077,70.0
1355,67.61814,69.0
1356,68.25011,68.0
1357,68.72023,67.0
1358,68.991104,66.0
1359,68.80165,66.0
1360,68.22382,65.0
1361,67.37567,65.0
1362,66.73014,65.0
1363,66.97443,65.0
1364,67.68311,64.0
1365,68.43711,64.0
1366,68.73751,63.0
1367,68.682884,63.0
1368,67.79627,63.0
1369,66.38397,61.99999999999999
1370,65.541595,61.0
1371,64.63578,60.0
1372,63.568947,59.0
1373,62.326515,50.0
1374,60.983227,49.0
1375,56.59432,49.0
1376,51.852165,51.00000000000001
1377,49.030746,52.0
1378,48.988766,52.0
1379,50.339657,52.0
1380,51.961426,53.0
1381,53.26319,53.0
1382,54.329197,53.0
1383,54.943893,52.0
1384,55.16729,52.0
1385,54.903755,52.0
1386,53.93093,52.0
1387,53.210335,52.0
1388,53.139645,53.0
1389,53.42016,54.0
1390,53.937286,53.0
1391,54.94519,54.0
1392,55.61425,54.0
1393,56.24005,55.0
1394,56.491966,56.0
1395,56.77418,56.0
1396,57.21626,57.0
1397,57.453915,61.0
1398,57.769238,61.0
1399,59.23134,61.0
1400,60.629723,61.99999999999999
1401,61.478737,61.99999999999999
1402,62.05076,61.99999999999999
1403,62.25056,61.99999999999999
1404,62.169514,63.0
1405,61.987625,63.0
1406,62.086285,63.0
1407,62.26718,63.0
1408,62.494793,63.0
1409,62.66774,64.0
1410,62.850296,65.0
1411,63.542118,65.0
1412,64.75408,66.0
1413,65.9238,66.0
1414,66.93313,66.0
1415,67.52087,66.0
1416,67.65187,66.0
1417,67.51183,66.0
1418,67.255905,66.0
1419,67.025,65.0
1420,66.905594,66.0
1421,66.54836,65.0
1422,66.57256,65.0
1423,66.420815,65.0
1424,66.16352,65.0
1425,65.92049,65.0
1426,65.73624,64.0
1427,65.5966,64.0
1428,65.22969,64.0
1429,64.86633,64.0
1430,64.68315,64.0
1431,64.53942,64.0
1432,64.43833,64.0
1433,64.50347,64.0
1434,64.652405,64.0
1435,64.63099,64.0
1436,64.69692,61.99999999999999
1437,64.836624,61.99999999999999
1438,64.09046,61.99999999999999
1439,63.24718,61.0
1440,62.643562,61.0
1441,62.070557,61.0
1442,61.75971,61.0
1443,61.77592,61.0
1444,61.967056,61.0
1445,62.148876,61.0
1446,62.268944,61.0
1447,62.277847,60.0
1448,62.19326,60.0
1449,61.749043,60.0
1450,61.250618,59.0
1451,60.827465,59.0
1452,60.25389,59.0
1453,59.686935,60.0
1454,59.337208,60.0
1455,59.4617,60.0
1456,59.79785,60.0
1457,60.210617,60.0
1458,60.56568,60.0
1459,60.746967,60.0
1460,60.879303,60.0
1461,60.812862,60.0
1462,60.885643,61.0
1463,61.012955,61.99999999999999
1464,61.35944,61.99999999999999
1465,62.069614,63.0
1466,62.6791,63.0
1467,63.37278,64.0
1468,63.794125,64.0
1469,64.27897,64.0
1470,64.6114,65.0
1471,64.731865,66.0
1472,65.06779,67.0
1473,65.69266,67.0
1474,66.52165,69.0
1475,67.20152,69.0
1476,68.15052,70.0
1477,68.9634,70.0
1478,69.73594,69.0
1479,70.248695,69.0
1480,70.08735,69.0
1481,69.613655,69.0
1482,69.11099,69.0
1483,68.822754,68.0
1484,68.710556,68.0
1485,68.490585,67.0
1486,68.352104,67.0
1487,68.04383,67.0
1488,67.86693,67.0
1489,67.86957,65.0
1490,68.115135,65.0
1491,67.76678,64.0
1492,67.287895,61.99999999999999
1493,66.519875,61.0
1494,65.092094,61.0
1495,63.545654,60.0
1496,62.52803,59.0
1497,61.686382,59.0
1498,60.827324,58.0
1499,60.1917,57.0
1500,59.516228,56.0
1501,58.61698,56.0
1502,57.61557,57.0
1503,56.875202,57.0
1504,56.773556,59.0
1505,57.11011,60.0
1506,58.218628,61.0
1507,59.758186,63.0
1508,61.280586,63.0
1509,62.925343,64.0
1510,63.887344,63.0
1511,64.353905,64.0
1512,64.02097,64.0
1513,63.629288,64.0
1514,63.374832,65.0
1515,63.274887,65.0
1516,63.740646,66.0
1517,64.322914,67.0
1518,65.08378,67.0
1519,66.00055,67.0
1520,66.72002,67.0
1521,67.17922,67.0
1522,67.68441,67.0
1523,67.97554,67.0
1524,68.030045,67.0
1525,67.90995,67.0
1526,67.83815,66.0
1527,67.77251,65.0
1528,67.41229,64.0
1529,66.658936,63.0
1530,65.67953,63.0
1531,64.65937,63.0
1532,64.04535,63.0
1533,63.68136,63.0
1534,63.668983,63.0
1535,63.9924,63.0
1536,64.302734,61.99999999999999
1537,64.36779,61.99999999999999
1538,63.802616,61.99999999999999
1539,63.101463,61.0
1540,62.577114,61.0
1541,61.90867,60.0
1542,61.385193,61.0
1543,60.795616,61.0
1544,60.71159,61.99999999999999
1545,60.87571,61.0
1546,61.433422,61.0
1547,61.77316,61.99999999999999
1548,61.918877,61.99999999999999
1549,62.248253,61.99999999999999
1550,62.560867,63.0
1551,62.781986,63.0
1552,63.14236,61.99999999999999
1553,63.37885,61.99999999999999
1554,63.086727,61.0
1555,62.68078,60.0
1556,62.032978,59.0
1557,61.220806,59.0
1558,60.226948,59.0
1559,59.68031,59.0
1560,59.77128,58.0
1561,60.04752,58.0
1562,59.922043,57.0
1563,59.735806,56.0
1564,59.1119,56.0
1565,58.1655,56.0
1566,57.382576,55.0
1567,56.937973,54.0
1568,56.435833,53.0
1569,55.70165,53.0
1570,54.754704,53.0
1571,54.002777,53.0
1572,53.496128,52.0
1573,53.217533,52.0
1574,52.85098,52.0
1575,52.52116,52.0
1576,52.34408,51.00000000000001
1577,52.33923,51.00000000000001
1578,52.08847,52.0
1579,51.77571,52.0
1580,51.93354,51.00000000000001
1581,52.15418,52.0
1582,52.085773,52.0
1583,52.33673,51.00000000000001
1584,52.681,51.00000000000001
1585,52.609325,52.0
1586,52.432182,52.0
1587,52.593685,52.0
1588,52.955307,52.0
1589,53.326317,52.0
1590,53.52551,52.0
1591,53.58839,52.0
1592,53.501038,52.0
1593,53.32626,52.0
1594,53.139816,52.0
1595,53.142174,53.0
1596,53.03898,53.0
1597,53.215332,53.0
1598,53.405643,52.0
1599,53.6114,50.0
1600,53.455994,49.0
1601,52.49367,48.0
1602,51.13583,46.99999999999999
1603,49.59448,46.0
1604,48.25489,46.0
1605,47.374233,46.0
1606,47.23418,44.0
1607,47.686256,44.0
1608,47.722523,43.0
1609,47.576233,43.0
1610,47.116077,44.0
1611,46.750336,43.0
1612,47.057335,44.0
1613,47.177937,45.0
1614,47.5377,44.0
1615,48.13681,45.0
1616,48.10563,46.99999999999999
1617,47.97873,48.0
1618,48.395824,43.0
1619,49.046425,41.0
1620,47.615013,41.0
1621,44.7176,42.0
1622,42.264896,43.0
1623,41.50032,46.0
1624,42.467304,49.0
1625,44.813698,51.00000000000001
1626,47.948742,52.0
1627,51.143402,52.0
1628,53.75215,52.0
1629,55.2066,52.0
1630,55.45158,53.0
1631,54.829823,52.0
1632,54.185036,53.0
1633,53.34886,53.0
1634,53.154408,53.0
1635,53.453056,53.0
1636,53.860947,53.0
1637,54.12829,54.0
1638,54.225056,54.0
1639,54.549564,54.0
1640,54.788765,54.0
1641,54.874893,54.0
1642,54.861355,56.0
1643,54.87821,56.0
1644,55.44002,56.0
1645,56.060165,57.0
1646,56.52573,57.0
1647,57.07912,57.0
1648,57.5417,57.0
1649,57.73909,57.0
1650,57.745094,57.0
1651,57.68712,57.0
1652,57.561134,56.0
1653,57.409443,56.0
1654,57.189995,56.0
1655,56.96451,56.0
1656,56.94371,57.0
1657,57.116978,57.0
1658,57.666176,56.0
1659,58.185604,57.0
1660,58.236233,56.0
1661,58.30828,56.0
1662,57.982174,56.0
1663,57.51061,56.0
1664,57.060745,56.0
1665,56.78054,55.0
1666,56.616035,55.0
1667,56.219147,54.0
1668,55.75518,54.0
1669,55.140224,55.0
1670,54.676243,55.0
1671,54.694622,55.0
1672,54.91305,55.0
1673,55.23889,56.0
1674,55.53675,55.0
1675,56.015923,56.0
1676,56.29227,57.0
1677,56.52376,57.0
1678,57.160126,58.0
1679,57.76469,59.0
1680,58.608303,60.0
1681,59.597584,60.0
1682,60.553627,61.0
1683,61.19794,61.0
1684,61.764492,61.0
1685,61.97847,61.0
1686,61.87489,61.99999999999999
1687,61.548336,63.0
1688,61.64053,63.0
1689,62.162766,64.0
1690,62.716652,64.0
1691,63.479122,64.0
1692,64.147964,65.0
1693,64.62442,65.0
1694,65.16499,65.0
1695,65.53313,66.0
1696,65.66394,66.0
1697,66.0864,66.0
1698,66.34879,66.0
1699,66.45734,66.0
1700,66.332634,66.0
1701,66.0759,65.0
1702,66.010376,65.0
1703,65.758575,64.0
1704,65.542046,63.0
1705,65.13111,61.99999999999999
1706,64.43152,61.99999999999999
1707,63.640053,61.99999999999999
1708,63.224632,61.99999999999999
1709,63.105816,61.99999999999999
1710,63.22427,61.99999999999999
1711,63.369217,61.0
1712,63.51127,60.0
1713,63.258656,60.0
1714,62.507553,60.0
1715,61.706795,59.0
1716,61.05855,59.0
1717,60.309982,59.0
1718,59.77281,59.0
1719,59.436436,58.0
1720,59.268856,59.0
1721,58.914803,59.0
1722,58.99934,60.0
1723,59.28656,60.0
1724,59.879185,60.0
1725,60.535442,60.0
1726,60.854828,61.0
1727,60.876526,61.0
1728,61.068066,61.99999999999999
1729,61.179855,63.0
1730,61.66923,63.0
1731,62.488106,63.0
1732,63.147926,63.0
1733,63.524044,63.0
1734,63.66492,63.0
1735,63.667446,63.0
1736,63.613747,63.0
1737,63.57644,63.0
1738,63.533733,63.0
1739,63.630512,63.0
1740,63.73202,63.0
1741,63.75257,61.99999999999999
1742,63.753273,61.99999999999999
1743,63.413208,61.99999999999999
1744,63.08134,61.0
1745,62.720833,60.0
1746,62.205345,59.0
1747,61.411476,60.0
1748,60.320786,59.0
1749,59.950275,59.0
1750,59.720684,59.0
1751,59.57602,58.0
1752,59.643333,57.0
1753,59.541065,57.0
1754,58.993645,57.0
1755,58.435406,57.0
1756,57.990532,57.0
1757,57.843365,57.0
1758,57.83988,57.0
1759,57.917667,57.0
1760,57.908764,57.0
1761,57.819176,58.0
1762,57.6836,57.0
1763,57.85645,57.0
1764,57.78947,58.0
1765,57.6193,58.0
1766,57.76695,58.0
1767,58.032207,58.0
1768,58.25667,58.0
1769,58.410763,58.0
1770,58.37918,58.0
1771,58.362934,58.0
1772,58.334324,58.0
1773,58.438534,57.0
1774,58.54733,58.0
1775,58.379227,58.0
1776,58.506126,57.0
1777,58.718742,57.0
1778,58.592426,57.0
1779,58.33071,56.0
1780,58.148415,56.0
1781,57.701572,56.0
1782,57.261066,56.0
1783,56.940556,56.0
1784,56.81795,57.0
1785,56.830437,56.0
1786,57.156612,56.0
1787,57.131763,56.0
1788,56.914776,56.0
1789,56.709663,56.0
1790,56.570805,55.0
1791,56.45801,55.0
1792,56.092262,56.0
1793,55.770466,56.0
1794,55.850746,56.0
1795,56.132824,57.0
1796,56.515858,57.0
1797,57.26629,58.0
1798,57.93055,58.0
1799,58.766865,58.0
1800,59.38109,59.0
1801,59.623135,59.0
1802,59.944614,60.0
1803,60.07078,60.0
1804,60.346928,61.0
1805,60.489365,61.0
1806,60.924618,61.0
1807,61.411488,61.0
1808,61.7192,60.0
1809,61.813583,60.0
1810,61.420322,61.99999999999999
1811,61.02916,61.99999999999999
1812,61.30843,63.0
1813,61.845352,63.0
1814,62.657093,63.0
1815,63.332764,63.0
1816,63.70201,64.0
1817,63.85008,63.0
1818,64.1917,64.0
1819,63.808655,63.0
1820,63.71217,63.0
1821,63.460884,63.0
1822,63.0928,61.99999999999999
1823,62.822968,63.0
1824,62.38933,61.99999999999999
1825,62.42416,61.99999999999999
1826,62.511143,61.0
1827,62.67255,61.0
1828,62.565403,61.0
1829,62.3879,61.0
1830,62.28761,61.99999999999999
1831,62.269924,61.99999999999999
1832,62.53432,63.0
1833,62.86705,63.0
1834,63.328217,61.0
1835,63.61158,61.0
1836,63.08092,60.0
1837,62.321033,60.0
1838,61.288437,60.0
1839,60.460148,59.0
1840,59.92025,59.0
1841,59.377857,59.0
1842,59.082165,59.0
1843,58.98198,59.0
1844,59.15551,60.0
1845,59.42236,60.0
1846,60.052753,60.0
1847,60.749836,61.0
1848,61.208744,61.0
1849,61.756405,61.99999999999999
1850,62.14232,61.99999999999999
1851,62.590748,63.0
1852,62.889355,63.0
1853,63.246567,51.00000000000001
1854,63.40586,52.0
1855,59.696583,53.0
1856,55.239235,53.0
1857,52.910538,53.0
1858,52.474415,54.0
1859,52.938683,54.0
1860,53.821075,54.0
1861,54.62087,54.0
1862,55.190327,55.0
1863,55.521725,55.0
1864,55.9492,55.0
1865,56.441067,55.0
1866,56.760223,55.0
1867,56.868668,55.0
1868,56.73191,55.0
1869,56.638683,56.0
1870,56.6347,56.0
1871,57.115387,57.0
1872,57.61397,57.0
1873,58.29096,56.0
1874,58.793915,56.0
1875,58.5497,55.0
1876,58.06148,54.0
1877,57.204945,54.0
1878,56.15349,54.0
1879,55.285694,54.0
1880,54.749928,54.0
1881,54.55435,54.0
1882,54.53817,54.0
1883,54.63305,53.0
1884,54.710064,53.0
1885,54.45203,53.0
1886,54.107845,52.0
1887,53.817112,52.0
1888,53.34338,51.00000000000001
1889,52.90664,51.00000000000001
1890,52.323895,51.00000000000001
1891,51.917625,48.0
1892,51.882843,44.0
1893,50.697613,45.0
1894,47.714783,40.0
1895,45.517384,40.0
1896,42.530865,38.0
1897,40.64039,37.0
1898,39.21179,38.0
1899,38.44466,39.0
1900,38.878723,39.0
1901,40.301838,49.0
1902,41.828594,51.00000000000001
1903,45.700504,52.0
1904,50.12835,52.0
1905,53.4245,52.0
1906,55.1108,52.0
1907,55.30062,52.0
1908,54.43899,51.00000000000001
1909,53.20244,52.0
1910,51.74617,52.0
1911,51.08483,52.0
1912,50.872993,52.0
1913,51.049835,51.00000000000001
1914,51.34714,53.0
1915,51.26319,52.0
1916,51.688095,53.0
1917,51.971436,55.0
1918,52.500988,56.0
1919,53.560997,57.0
1920,54.99435,58.0
1921,56.49969,58.0
1922,57.878994,58.0
1923,58.591507,59.0
1924,58.675102,60.0
1925,58.718338,64.0
1926,59.21365,64.0
1927,60.74986,65.0
1928,62.36625,65.0
1929,63.85878,65.0
1930,64.86077,65.0
1931,65.37988,64.0
1932,65.46826,64.0
1933,65.06044,65.0
1934,64.58226,65.0
1935,64.51225,64.0
1936,64.760704,64.0
1937,64.95636,65.0
1938,65.000626,64.0
1939,65.22194,63.0
1940,65.073296,64.0
1941,64.369026,64.0
1942,64.06315,64.0
1943,63.996258,65.0
1944,64.27166,66.0
1945,65.04149,67.0
1946,66.07143,67.0
1947,67.22017,66.0
1948,67.94237,66.0
1949,67.798546,63.0
1950,67.22616,61.99999999999999
1951,65.51927,61.99999999999999
1952,63.56441,61.0
1953,62.241024,60.0
1954,61.330128,57.0
1955,60.598625,57.0
1956,59.250362,56.0
1957,58.11713,56.0
1958,57.223522,56.0
1959,56.674225,56.0
1960,56.47984,56.0
1961,56.567993,55.0
1962,56.79503,55.0
1963,56.86935,55.0
1964,56.67149,55.0
1965,56.238922,54.0
1966,55.86272,54.0
1967,55.199966,54.0
1968,54.607452,53.0
1969,54.193474,53.0
1970,53.67174,53.0
1971,53.33839,53.0
1972,53.314003,53.0
1973,53.45735,58.0
1974,53.68064,58.0
1975,55.18766,58.0
1976,56.92898,57.0
1977,58.286503,57.0
1978,58.746315,57.0
1979,58.55202,57.0
1980,58.12397,57.0
1981,57.60839,57.0
1982,57.157974,56.0
1983,56.84142,55.0
1984,56.50344,55.0
1985,55.859344,55.0
1986,55.302082,55.0
1987,55.1484,55.0
1988,55.155983,55.0
1989,55.369667,56.0
1990,55.698757,56.0
1991,56.368465,56.0
1992,56.971462,56.0
1993,57.42061,56.0
1994,57.551914,56.0
1995,57.508907,56.0
1996,57.371944,56.0
1997,57.18423,46.99999999999999
1998,56.89526,48.0
1999,53.48396,49.0
2000,50.198936,49.0
2001,48.792652,51.00000000000001
2002,48.884514,52.0
2003,50.25137,52.0
2004,52.046425,52.0
2005,53.408337,53.0
2006,54.179077,53.0
2007,54.77435,53.0
2008,55.06201,54.0
2009,55.08298,55.0
2010,55.13138,55.0
2011,55.433468,55.0
2012,55.772594,55.0
2013,56.017544,55.0
2014,55.99959,54.0
2015,55.773415,54.0
2016,55.370724,54.0
2017,54.966454,54.0
2018,54.714867,54.0
2019,54.56345,54.0
2020,54.55873,54.0
2021,54.60357,56.0
2022,54.613274,56.0
2023,55.23977,57.0
2024,55.928165,58.0
2025,56.76659,59.0
2026,57.7178,59.0
2027,58.80006,60.0
2028,59.61955,60.0
2029,60.360374,60.0
2030,60.810753,59.0
2031,60.944683,59.0
2032,60.51801,59.0
2033,59.893047,59.0
2034,59.317566,58.0
2035,59.039272,58.0
2036,58.653435,58.0
2037,58.48637,58.0
2038,58.54461,58.0
2039,58.867584,58.0
2040,59.19658,59.0
2041,59.38263,59.0
2042,59.797092,59.0
2043,60.192905,59.0
2044,60.316147,59.0
2045,60.160683,69.0
2046,59.86405,68.0
2047,61.910866,67.0
2048,64.50956,66.0
2049,66.40972,65.0
2050,66.77481,65.0
2051,65.99571,65.0
2052,64.884926,64.0
2053,64.02741,61.99999999999999
2054,63.248913,60.0
2055,62.14071,58.0
2056,60.59279,57.0
2057,58.80547,56.0
2058,57.147232,54.0
2059,55.84748,52.0
2060,54.68946,52.0
2061,53.343113,52.0
2062,52.607494,51.00000000000001
2063,52.514572,51.00000000000001
2064,52.390156,50.0
2065,52.346947,50.0
2066,51.980316,51.00000000000001
2067,51.595615,52.0
2068,51.649918,52.0
2069,52.201416,99.0
2070,52.902065,98.0
2071,64.28981,97.0
2072,79.77458,97.0
2073,91.16401,97.0
2074,95.31073,97.0
2075,92.9273,96.0
2076,87.326294,96.0
2077,81.43686,96.0
2078,78.06783,96.0
2079,77.33419,95.0
2080,78.26732,96.0
2081,79.802826,96.0
2082,81.875496,95.0
2083,83.87011,95.0
2084,84.91262,93.99999999999999
2085,85.303696,93.0
2086,84.897934,90.0
2087,84.31469,89.0
2088,83.43619,87.0
2089,82.49218,87.0
2090,81.06554,86.0
2091,80.4765,86.0
2092,80.49153,86.0
2093,80.4943,59.0
2094,80.22161,59.0
2095,73.44229,59.0
2096,64.94483,59.0
2097,59.217438,60.0
2098,57.108505,61.0
2099,57.36599,61.99999999999999
2100,58.732883,61.99999999999999
2101,60.640198,63.0
2102,62.464157,64.0
2103,64.10771,65.0
2104,65.4587,66.0
2105,66.47573,65.0
2106,67.2418,65.0
2107,67.00226,64.0
2108,66.56141,64.0
2109,65.6524,65.0
2110,64.923096,64.0
2111,64.81917,64.0
2112,64.766716,65.0
2113,64.82675,65.0
2114,65.18374,65.0
2115,65.4895,65.0
2116,65.773056,64.0
2117,65.951035,57.0
2118,65.57386,57.0
2119,62.50072,56.0
2120,59.311733,56.0
2121,56.908314,55.0
2122,55.7946,55.0
2123,55.238365,55.0
2124,55.138584,54.0
2125,55.305405,53.0
2126,55.29653,53.0
2127,54.953957,54.0
2128,54.590828,53.0
2129,54.640278,53.0
2130,54.389713,53.0
2131,54.1312,54.0
2132,54.035984,54.0
2133,54.442562,54.0
2134,55.053265,54.0
2135,55.26432,54.0
2136,55.281574,54.0
2137,55.07239,53.0
2138,54.828564,52.0
2139,54.182823,49.0
2140,53.170208,44.0
2141,51.182835,56.0
2142,47.592197,55.0
2143,48.441692,55.0
2144,51.014874,56.0
2145,53.506805,56.0
2146,55.560665,56.0
2147,56.877533,57.0
2148,57.453342,57.0
2149,57.787354,58.0
2150,57.899002,59.0
2151,58.084972,60.0
2152,58.39283,60.0
2153,59.11447,61.0
2154,59.842583,61.0
2155,60.697235,61.0
2156,61.132313,61.0
2157,61.286804,61.0
2158,61.187473,61.99999999999999
2159,60.992214,61.99999999999999
2160,61.136665,63.0
2161,61.46542,63.0
2162,62.183,63.0
2163,62.893787,64.0
2164,63.382313,64.0
2165,63.85869,65.0
2166,64.234276,65.0
2167,64.68233,67.0
2168,65.108376,68.0
2169,66.08823,71.0
2170,67.33188,73.0
2171,69.33098,75.0
2172,71.697624,76.0
2173,74.07434,77.0
2174,76.02157,77.0
2175,77.480934,78.99999999999999
2176,78.23619,80.0
2177,78.9115,81.0
2178,79.49929,83.0
2179,80.09441,85.0
2180,81.08423,88.0
2181,82.414856,90.0
2182,84.288506,92.0
2183,86.340836,93.99999999999999
2184,88.115486,96.0
2185,89.45789,98.0
2186,91.057594,99.0
2187,93.59606,117.00000000000001
2188,94.46636,135.0
2189,99.979546,149.0
2190,111.52832,152.0
2191,125.21262,153.0
2192,133.6291,153.0
2193,133.72954,153.0
2194,128.64987,153.0
2195,123.00218,153.0
2196,118.73841,154.0
2197,116.24452,155.0
2198,115.30214,155.0
2199,115.38356,156.0
2200,116.15654,156.0
2201,115.76138,156.0
2202,112.82994,155.0
2203,107.508804,154.0
2204,100.07981,153.0
2205,92.15992,153.0
2206,85.07953,152.0
2207,78.24653,151.00000000000003
2208,70.37533,142.0
2209,60.614212,120.0
2210,49.893654,103.0
2211,37.309437,97.0
2212,26.144398,95.0
2213,22.209108,92.0
2214,24.908484,89.0
2215,32.03805,86.0
2216,39.37703,83.0
2217,46.0961,78.99999999999999
2218,51.349213,78.0
2219,54.656326,76.0
2220,57.174183,73.0
2221,59.07966,70.0
2222,59.90183,67.0
2223,59.954197,65.0
2224,58.975098,61.99999999999999
2225,58.01018,61.0
2226,56.975357,61.99999999999999
2227,56.576866,61.99999999999999
2228,57.082962,61.0
2229,58.171696,61.0
2230,59.011536,61.0
2231,59.564796,61.0
2232,59.97783,61.0
2233,60.54821,61.0
2234,60.791946,61.0
2235,60.66968,61.0
2236,60.386158,61.99999999999999
2237,60.02616,61.99999999999999
2238,60.32501,61.99999999999999
2239,60.927605,61.99999999999999
2240,61.433903,61.99999999999999
2241,61.73961,63.0
2242,61.85374,63.0
2243,62.204617,63.0
2244,62.56718,63.0
2245,62.787056,63.0
2246,62.900333,63.0
2247,62.978176,63.0
2248,62.938766,63.0
2249,62.985947,63.0
2250,63.070225,63.0
2251,63.17037,63.0
2252,63.290615,63.0
2253,63.40019,63.0
2254,63.476673,61.99999999999999
2255,63.493523,61.99999999999999
2256,63.13363,61.0
2257,62.712246,61.0
2258,61.990856,61.0
2259,61.478592,61.0
2260,61.23771,61.0
2261,61.226303,61.0
2262,61.399796,61.0
2263,61.552204,61.0
2264,61.64488,61.0
2265,61.669155,61.0
2266,61.64743,61.0
2267,61.578712,61.0
2268,61.47885,61.0
2269,61.35611,61.0
2270,61.28853,61.0
2271,61.215107,60.0
2272,61.14902,60.0
2273,60.808144,61.0
2274,60.58717,61.0
2275,60.806057,61.0
2276,61.217052,61.99999999999999
2277,61.548244,61.99999999999999
2278,62.029,61.99999999999999
2279,62.438267,61.99999999999999
2280,62.607777,63.0
2281,62.583904,63.0
2282,62.83474,63.0
2283,63.022697,65.0
2284,63.20073,66.0
2285,64.00818,66.0
2286,65.13204,67.0
2287,66.08,68.0
2288,66.891884,69.0
2289,67.60212,70.0
2290,68.29472,71.0
2291,69.067406,72.0
2292,69.87984,73.0
2293,70.78015,73.0
2294,71.78384,74.0
2295,72.46496,75.0
2296,73.057014,75.0
2297,73.624306,75.0
2298,73.98485,75.0
2299,74.02661,74.0
2300,73.82348,74.0
2301,73.22827,74.0
2302,72.82545,74.0
2303,72.72948,90.0
2304,73.13399,101.0
2305,77.20136,106.0
2306,85.41662,100.0
2307,95.56726,84.0
2308,99.06728,74.0
2309,93.36184,73.0
2310,80.73444,72.0
2311,70.03317,71.0
2312,65.34396,70.0
2313,64.89055,70.0
2314,66.30122,69.0
2315,68.00309,69.0
2316,69.06877,69.0
2317,69.560486,69.0
2318,69.821396,69.0
2319,69.82366,69.0
2320,69.60067,70.0
2321,69.27961,71.0
2322,69.29816,71.0
2323,70.03378,72.0
2324,70.53571,72.0
2325,70.96759,72.0
2326,71.16779,80.0
2327,71.30355,104.0
2328,73.45915,108.99999999999999
2329,81.895676,106.0
2330,93.244865,100.0
2331,99.688515,80.0
2332,97.81714,74.0
2333,86.473366,73.0
2334,72.40778,73.0
2335,64.07106,72.0
2336,62.186905,72.0
2337,63.40407,71.0
2338,66.18172,71.0
2339,68.63317,71.0
2340,70.28092,70.0
2341,71.137856,69.0
2342,71.266426,69.0
2343,70.53411,69.0
2344,69.31312,68.0
2345,68.93073,68.0
2346,69.2452,69.0
2347,69.51521,69.0
2348,69.71742,69.0
2349,69.397484,69.0
2350,69.02962,68.0
2351,68.53842,67.0
2352,67.93931,66.0
2353,66.89692,65.0
2354,65.679115,66.0
2355,64.48905,66.0
2356,64.248,67.0
2357,64.52771,67.0
2358,65.34294,67.0
2359,66.16891,67.0
2360,66.790634,67.0
2361,67.14033,67.0
2362,67.275116,67.0
2363,67.289444,67.0
2364,67.24929,67.0
2365,67.21578,67.0
2366,67.22957,67.0
2367,67.18844,67.0
2368,67.20533,66.0
2369,67.184845,66.0
2370,66.72805,65.0
2371,66.14561,64.0
2372,65.33989,64.0
2373,64.41369,64.0
2374,63.858734,64.0
2375,63.782013,65.0
2376,63.862183,65.0
2377,64.55449,65.0
2378,65.16967,65.0
2379,65.51253,64.0
2380,65.57758,64.0
2381,65.14586,64.0
2382,64.62756,64.0
2383,64.24801,64.0
2384,64.056625,64.0
2385,64.05789,64.0
2386,64.18487,64.0
2387,64.3076,65.0
2388,64.35855,65.0
2389,64.65638,65.0
2390,64.99004,65.0
2391,65.25698,65.0
2392,65.35653,66.0
2393,65.330055,67.0
2394,65.64232,68.0
2395,66.30168,68.0
2396,67.29431,69.0
2397,67.86116,69.0
2398,68.24069,69.0
2399,68.31642,68.0
2400,68.22,68.0
2401,67.71837,69.0
2402,67.22391,69.0
2403,67.37205,70.0
2404,67.766106,71.0
2405,68.51235,71.0
2406,69.581276,71.0
2407,70.477615,72.0
2408,71.047005,72.0
2409,71.623436,72.0
2410,72.008965,72.0
2411,72.160934,72.0
2412,72.18282,71.0
2413,72.11303,71.0
2414,71.72295,71.0
2415,71.264175,71.0
2416,70.96501,71.0
2417,70.825424,70.0
2418,70.83254,70.0
2419,70.52354,69.0
2420,70.13605,68.0
2421,69.50119,68.0
2422,68.68582,67.0
2423,68.00714,67.0
2424,67.44008,66.0
2425,67.23198,65.0
2426,66.962456,65.0
2427,66.4573,65.0
2428,66.066284,64.0
2429,65.88149,64.0
2430,65.49918,64.0
2431,65.112305,63.0
2432,64.77239,61.99999999999999
2433,64.222626,61.99999999999999
2434,63.405132,61.99999999999999
2435,62.717926,61.99999999999999
2436,62.269505,61.99999999999999
2437,62.009274,61.99999999999999
2438,61.92106,61.99999999999999
2439,61.93276,61.0
2440,61.990196,61.0
2441,61.74174,61.0
2442,61.472775,60.0
2443,61.217697,59.0
2444,60.73715,59.0
2445,60.025528,59.0
2446,59.47504,59.0
2447,59.270374,59.0
2448,59.371048,59.0
2449,59.58652,58.0
2450,59.80274,57.0
2451,59.577515,56.0
2452,58.800674,56.0
2453,57.67805,56.0
2454,56.877098,56.0
2455,56.50963,56.0
2456,56.474052,56.0
2457,56.583233,56.0
2458,56.704388,56.0
2459,56.755894,56.0
2460,56.739857,56.0
2461,56.73348,55.0
2462,56.68676,54.0
2463,56.28389,53.0
2464,55.5233,53.0
2465,54.517555,52.0
2466,53.697216,52.0
2467,52.970135,53.0
2468,52.54112,53.0
2469,52.730602,53.0
2470,53.33077,54.0
2471,54.004066,54.0
2472,54.764553,54.0
2473,55.32559,54.0
2474,55.548286,54.0
2475,55.403812,54.0
2476,54.99716,54.0
2477,54.61711,53.0
2478,54.323315,53.0
2479,53.813255,52.0
2480,53.349995,52.0
2481,52.702457,51.00000000000001
2482,52.22946,51.00000000000001
2483,51.655552,51.00000000000001
2484,51.23498,50.0
2485,51.04017,51.00000000000001
2486,50.77821,52.0
2487,50.878372,53.0
2488,51.44147,53.0
2489,52.342014,52.0
2490,53.17475,52.0
2491,53.49349,51.00000000000001
2492,53.3328,50.0
2493,52.58178,46.99999999999999
2494,51.36669,45.0
2495,49.24268,45.0
2496,46.75287,46.0
2497,45.298637,46.0
2498,45.752426,46.0
2499,47.1209,46.0
2500,48.510857,46.99999999999999
2501,49.363953,46.99999999999999
2502,50.01524,46.99999999999999
2503,50.255108,46.99999999999999
2504,50.037514,46.0
2505,49.533585,45.0
2506,48.596752,45.0
2507,47.31183,45.0
2508,46.354946,44.0
2509,45.997276,43.0
2510,45.72426,44.0
2511,45.260895,44.0
2512,45.413277,45.0
2513,45.856365,45.0
2514,46.632034,46.0
2515,47.432606,48.0
2516,48.268005,48.0
2517,49.44763,49.0
2518,50.341896,50.0
2519,51.097786,49.0
2520,51.7103,49.0
2521,51.53432,49.0
2522,50.89058,49.0
2523,50.196377,50.0
2524,49.75074,49.0
2525,49.96635,49.0
2526,50.100212,50.0
2527,50.135612,50.0
2528,50.545315,51.00000000000001
2529,50.95711,51.00000000000001
2530,51.599926,51.00000000000001
2531,52.061302,51.00000000000001
2532,52.28773,52.0
2533,52.299915,52.0
2534,52.5259,52.0
2535,52.73767,52.0
2536,52.90343,52.0
2537,53.010227,52.0
2538,52.989918,52.0
2539,52.978073,52.0
2540,52.920326,52.0
2541,52.843212,52.0
2542,52.84301,52.0
2543,52.89054,52.0
2544,52.92246,52.0
2545,52.97413,52.0
2546,53.1095,52.0
2547,53.200512,53.0
2548,53.194958,53.0
2549,53.479782,54.0
2550,53.818577,54.0
2551,54.384914,54.0
2552,54.817772,54.0
2553,55.02407,55.0
2554,55.01728,55.0
2555,55.192875,56.0
2556,55.3621,56.0
2557,55.80657,55.0
2558,56.21383,54.0
2559,56.171314,54.0
2560,55.587723,54.0
2561,55.031017,54.0
2562,54.58035,54.0
2563,54.51571,54.0
2564,54.69388,54.0
2565,54.966568,54.0
2566,55.29241,53.0
2567,55.57901,54.0
2568,55.4402,54.0
2569,55.489727,53.0
2570,55.638836,53.0
2571,55.383545,53.0
2572,54.982704,53.0
2573,54.60056,54.0
2574,54.163624,53.0
2575,54.177006,52.0
2576,54.082417,51.00000000000001
2577,53.649506,51.00000000000001
2578,52.786194,50.0
2579,52.023552,48.0
2580,51.15526,46.99999999999999
2581,49.786022,46.0
2582,48.3317,46.0
2583,47.056187,46.0
2584,46.475258,46.0
2585,46.510525,48.0
2586,47.024967,51.00000000000001
2587,48.33608,51.00000000000001
2588,50.43742,51.00000000000001
2589,52.517124,50.0
2590,53.59654,48.0
2591,53.362106,46.99999999999999
2592,51.597202,46.99999999999999
2593,49.253437,48.0
2594,47.44724,49.0
2595,47.269154,50.0
2596,48.41843,51.00000000000001
2597,49.9812,39.0
2598,51.49025,39.0
2599,48.927933,38.0
2600,44.677982,38.0
2601,40.79379,39.0
2602,39.013203,39.0
2603,39.393112,40.0
2604,40.898144,40.0
2605,42.860012,41.0
2606,44.27556,42.0
2607,45.278275,43.0
2608,45.999763,45.0
2609,46.453064,45.0
2610,47.195023,44.0
2611,47.76001,44.0
2612,47.710976,44.0
2613,47.225117,46.99999999999999
2614,46.781864,51.00000000000001
2615,47.71821,51.00000000000001
2616,50.850975,52.0
2617,53.69381,53.0
2618,55.63105,53.0
2619,56.405666,53.0
2620,56.061714,54.0
2621,55.074722,61.99999999999999
2622,54.277096,61.99999999999999
2623,56.2908,64.0
2624,58.919605,64.0
2625,61.562263,64.0
2626,63.363083,64.0
2627,64.22001,64.0
2628,64.373,65.0
2629,63.98352,65.0
2630,63.673794,65.0
2631,63.70888,65.0
2632,64.010345,65.0
2633,64.39775,65.0
2634,64.793335,65.0
2635,64.93043,64.0
2636,64.029015,64.0
2637,62.53999,63.0
2638,61.808422,64.0
2639,61.32752,64.0
2640,61.577946,71.0
2641,62.387074,71.0
2642,65.47258,66.0
2643,68.84321,65.0
2644,69.30055,65.0
2645,67.982544,65.0
2646,66.164566,66.0
2647,64.727844,65.0
2648,64.242714,65.0
2649,64.05403,64.0
2650,64.020134,64.0
2651,63.795517,66.0
2652,63.75627,65.0
2653,64.31503,66.0
2654,64.71123,67.0
2655,65.319084,68.0
2656,66.11459,68.0
2657,67.05262,67.0
2658,67.751045,67.0
2659,67.49793,68.0
2660,66.40612,68.0
2661,65.86287,68.0
2662,65.70048,69.0
2663,65.72283,68.0
2664,66.25348,69.0
2665,66.75334,67.0
2666,67.41148,68.0
2667,67.164665,69.0
2668,67.029724,70.0
2669,67.368164,53.0
2670,68.15099,53.0
2671,64.49815,52.0
2672,58.723812,52.0
2673,53.925163,52.0
2674,51.57017,52.0
2675,51.31716,51.00000000000001
2676,52.00842,49.0
2677,52.61449,46.99999999999999
2678,52.3977,43.0
2679,51.165123,41.0
2680,48.294292,38.0
2681,44.972656,37.0
2682,41.75874,35.0
2683,40.129765,32.0
2684,39.42844,32.0
2685,38.58311,30.999999999999996
2686,38.483242,32.0
2687,38.708607,35.0
2688,39.77136,36.0
2689,42.2244,35.0
2690,44.81976,32.0
2691,45.958214,30.0
2692,43.991856,29.0
2693,39.689907,56.0
2694,35.522064,57.0
2695,40.972057,57.0
2696,50.098927,57.0
2697,57.29609,58.0
2698,61.17406,59.0
2699,62.224007,60.0
2700,61.557114,60.0
2701,60.212646,61.0
2702,58.946484,61.0
2703,58.44075,61.99999999999999
2704,58.421413,63.0
2705,58.937218,63.0
2706,59.87849,63.0
2707,60.879803,64.0
2708,61.740494,64.0
2709,62.72731,66.0
2710,63.552155,66.0
2711,64.707016,67.0
2712,65.76297,67.0
2713,66.94009,67.0
2714,67.73905,68.0
2715,68.04003,70.0
2716,68.34484,70.0
2717,69.339806,54.0
2718,70.386795,54.0
2719,66.38608,55.0
2720,60.498695,55.0
2721,56.55959,55.0
2722,55.157204,56.0
2723,55.17973,56.0
2724,55.931484,56.0
2725,56.751934,56.0
2726,57.35441,56.0
2727,57.71077,56.0
2728,57.99289,56.0
2729,58.159134,56.0
2730,58.235783,56.0
2731,58.096107,55.0
2732,57.91407,55.0
2733,57.49292,55.0
2734,57.129086,56.0
2735,57.098812,56.0
2736,57.557755,56.0
2737,58.095684,56.0
2738,58.48883,55.0
2739,58.5265,55.0
2740,57.999485,55.0
2741,57.17647,59.0
2742,56.606747,59.0
2743,57.517963,59.0
2744,58.77801,59.0
2745,59.740215,59.0
2746,60.25321,59.0
2747,60.424576,59.0
2748,60.287094,60.0
2749,60.005516,60.0
2750,59.99606,61.0
2751,60.127766,61.99999999999999
2752,60.58381,63.0
2753,61.28347,64.0
2754,62.273914,65.0
2755,63.3408,65.0
2756,64.3796,66.0
2757,65.18318,66.0
2758,65.75018,66.0
2759,65.88678,66.0
2760,65.7814,67.0
2761,65.62405,67.0
2762,65.87312,67.0
2763,66.2866,68.0
2764,66.58373,68.0
2765,67.028725,53.0
2766,67.54732,55.0
2767,63.32557,56.0
2768,58.720154,57.0
2769,56.104637,59.0
2770,55.598087,59.0
2771,56.809963,60.0
2772,58.35243,61.99999999999999
2773,59.972996,63.0
2774,61.798763,64.0
2775,63.508297,66.0
2776,64.92931,68.0
2777,66.33733,70.0
2778,67.9035,72.0
2779,69.64857,74.0
2780,71.49677,76.0
2781,73.268745,78.0
2782,74.83827,80.0
2783,76.01978,81.0
2784,77.090805,87.0
2785,77.80151,97.0
2786,79.70319,93.0
2787,84.198654,86.0
2788,86.95573,87.0
2789,85.08141,86.0
2790,81.69713,86.0
2791,78.64048,86.0
2792,77.10192,86.0
2793,76.900345,86.0
2794,77.709435,86.0
2795,79.00409,87.0
2796,80.34484,87.0
2797,81.97347,87.0
2798,83.11149,87.0
2799,83.49818,88.0
2800,83.54717,89.0
2801,83.9367,89.0
2802,84.46948,90.0
2803,84.86056,90.0
2804,85.061874,92.0
2805,84.4967,93.0
2806,84.27129,95.0
2807,84.696205,98.0
2808,86.09025,108.99999999999999
2809,88.64738,111.0
2810,94.663284,125.0
2811,100.49546,132.0
2812,108.03816,139.0
2813,115.98114,64.0
2814,123.07407,63.0
2815,104.567444,61.99999999999999
2816,80.47095,61.99999999999999
2817,65.399734,61.0
2818,61.058434,60.0
2819,62.845383,60.0
2820,66.26026,59.0
2821,68.846565,58.0
2822,69.242805,58.0
2823,68.374344,57.0
2824,66.46751,57.0
2825,64.15525,56.0
2826,62.981804,56.0
2827,63.684887,57.0
2828,65.37779,57.0
2829,67.01968,57.0
2830,67.95698,57.0
2831,67.669914,57.0
2832,66.66862,57.0
2833,65.088554,57.0
2834,63.241116,57.0
2835,61.42599,57.0
2836,60.14739,58.0
2837,59.445663,41.0
2838,59.242462,42.0
2839,53.991386,42.0
2840,47.839634,42.0
2841,43.69237,42.0
2842,42.34212,43.0
2843,42.923935,43.0
2844,44.44663,44.0
2845,45.80749,45.0
2846,47.003365,45.0
2847,48.129368,46.0
2848,48.84019,46.0
2849,49.432236,45.0
2850,49.347134,45.0
2851,48.759663,44.0
2852,48.186363,43.0
2853,47.159096,42.0
2854,46.1437,42.0
2855,45.095123,41.0
2856,44.727573,40.0
2857,44.499332,40.0
2858,44.1217,40.0
2859,43.956573,40.0
2860,43.92815,42.0
2861,43.939217,46.0
2862,44.860153,46.99999999999999
2863,46.986855,48.0
2864,49.13628,49.0
2865,50.798565,49.0
2866,51.90744,50.0
2867,52.226006,51.00000000000001
2868,52.214943,51.00000000000001
2869,52.242126,52.0
2870,52.14732,52.0
2871,52.270313,52.0
2872,52.46367,52.0
2873,52.611794,52.0
2874,52.64304,52.0
2875,52.541424,53.0
2876,52.512856,53.0
2877,52.868176,53.0
2878,53.28275,54.0
2879,53.673805,54.0
2880,54.382515,54.0
2881,54.765522,55.0
2882,55.017033,55.0
2883,55.426487,56.0
2884,55.718746,56.0
2885,56.190166,57.0
2886,56.60963,57.0
2887,57.16538,57.0
2888,57.49063,58.0
2889,57.58342,57.0
2890,57.832054,57.0
2891,57.76381,57.0
2892,57.577072,57.0
2893,57.399067,56.0
2894,57.326378,56.0
2895,57.05409,56.0
2896,56.774403,55.0
2897,56.60643,55.0
2898,56.31246,56.0
2899,56.140083,56.0
2900,56.378227,55.0
2901,56.74024,55.0
2902,56.67442,55.0
2903,56.410805,54.0
2904,56.085476,54.0
2905,55.49295,54.0
2906,54.820076,53.0
2907,54.38709,53.0
2908,53.88698,52.0
2909,53.544586,51.00000000000001
2910,52.99923,51.00000000000001
2911,52.219307,50.0
2912,51.590675,49.0
2913,50.86745,49.0
2914,49.992474,48.0
2915,49.362263,46.99999999999999
2916,48.73061,49.0
2917,47.975098,49.0
2918,48.22801,50.0
2919,48.842228,51.00000000000001
2920,49.789433,52.0
2921,51.103405,52.0
2922,52.27809,52.0
2923,53.06574,52.0
2924,53.4754,53.0
2925,53.432667,52.0
2926,53.46684,53.0
2927,53.082394,53.0
2928,53.021,53.0
2929,53.15954,53.0
2930,53.3744,53.0
2931,53.51185,53.0
2932,53.526054,53.0
2933,53.404594,54.0
2934,53.32504,54.0
2935,53.617752,54.0
2936,54.016136,55.0
2937,54.302155,55.0
2938,54.777065,56.0
2939,55.212532,56.0
2940,55.87184,57.0
2941,56.399174,57.0
2942,57.026825,58.0
2943,57.502876,58.0
2944,58.097725,59.0
2945,58.481636,58.0
2946,58.906418,59.0
2947,58.9013,58.0
2948,59.075584,58.0
2949,58.96276,59.0
2950,58.82995,59.0
2951,59.135643,60.0
2952,59.513695,60.0
2953,60.15451,61.0
2954,60.784176,61.99999999999999
2955,61.514126,61.99999999999999
2956,62.413895,63.0
2957,62.962563,64.0
2958,63.511047,65.0
2959,64.144615,65.0
2960,64.86217,65.0
2961,65.33432,65.0
2962,65.53666,66.0
2963,65.54136,66.0
2964,65.75557,66.0
2965,65.95785,66.0
2966,66.07956,66.0
2967,66.079,66.0
2968,66.01337,66.0
2969,65.91528,67.0
2970,65.85938,67.0
2971,66.16927,67.0
2972,66.59751,67.0
2973,66.88476,68.0
2974,67.14013,67.0
2975,67.59358,67.0
2976,67.740685,67.0
2977,67.64534,66.0
2978,67.66869,66.0
2979,67.4016,66.0
2980,67.08357,65.0
2981,66.84942,65.0
2982,66.37787,64.0
2983,65.95499,63.0
2984,65.34648,63.0
2985,64.4888,61.99999999999999
2986,63.81714,61.0
2987,63.1467,60.0
2988,62.232063,59.0
2989,61.262745,58.0
2990,60.2446,57.0
2991,59.158062,56.0
2992,58.075935,55.0
2993,57.12766,55.0
2994,56.225212,54.0
2995,55.737774,53.0
2996,55.26915,53.0
2997,54.722115,52.0
2998,54.27342,52.0
2999,53.797295,52.0
3000,53.47962,51.00000000000001
3001,53.443348,49.0
3002,53.204353,49.0
3003,52.195454,49.0
3004,51.157158,49.0
3005,50.548107,50.0
3006,50.302017,50.0
3007,50.601536,49.0
3008,51.11032,49.0
3009,51.045807,48.0
3010,50.705315,48.0
3011,49.959785,49.0
3012,49.23022,49.0
3013,49.128033,51.00000000000001
3014,49.33586,51.00000000000001
3015,50.344463,52.0
3016,51.330463,52.0
3017,52.358433,52.0
3018,53.04777,53.0
3019,53.41578,53.0
3020,53.820168,55.0
3021,54.192024,56.0
3022,54.92238,55.0
3023,55.921577,56.0
3024,56.239708,56.0
3025,56.492863,55.0
3026,56.518894,55.0
3027,56.07658,55.0
3028,55.511776,54.0
3029,55.064064,53.0
3030,54.49854,53.0
3031,53.700546,53.0
3032,53.11722,52.0
3033,52.83473,52.0
3034,52.524273,53.0
3035,52.322784,53.0
3036,52.612556,53.0
3037,53.014263,54.0
3038,53.43301,54.0
3039,54.05157,53.0
3040,54.54806,52.0
3041,54.504414,52.0
3042,53.81832,52.0
3043,53.02979,50.0
3044,52.4166,45.0
3045,51.333576,42.0
3046,48.395653,42.0
3047,44.420353,43.0
3048,41.81785,43.0
3049,41.731712,44.0
3050,43.314823,45.0
3051,45.66374,46.0
3052,47.84622,46.0
3053,49.537006,46.99999999999999
3054,50.126526,46.99999999999999
3055,50.175343,48.0
3056,49.776363,50.0
3057,49.482784,51.00000000000001
3058,49.96704,52.0
3059,50.890335,52.0
3060,51.922623,52.0
3061,52.608692,52.0
3062,52.90629,53.0
3063,52.914913,53.0
3064,53.124348,53.0
3065,53.322716,54.0
3066,53.46656,54.0
3067,53.91563,54.0
3068,54.455093,55.0
3069,54.890774,55.0
3070,55.55728,56.0
3071,56.083252,56.0
3072,56.72049,56.0
3073,57.123158,56.0
3074,57.263138,55.0
3075,57.252384,56.0
3076,56.80502,56.0
3077,56.627743,56.0
3078,56.670784,56.0
3079,56.781826,56.0
3080,56.920498,56.0
3081,57.000168,57.0
3082,56.98465,57.0
3083,57.188038,57.0
3084,57.41428,57.0
3085,57.5852,56.0
3086,57.6239,57.0
3087,57.37256,57.0
3088,57.335056,57.0
3089,57.431416,57.0
3090,57.48876,56.0
3091,57.54796,56.0
3092,57.2767,56.0
3093,56.919025,55.0
3094,56.639977,55.0
3095,56.267097,56.0
3096,55.98322,56.0
3097,56.169136,57.0
3098,56.60574,57.0
3099,57.348362,58.0
3100,57.932144,58.0
3101,58.563507,58.0
3102,58.97134,58.0
3103,59.075787,59.0
3104,58.905643,59.0
3105,58.921066,58.0
3106,58.996468,58.0
3107,58.735508,58.0
3108,58.354233,59.0
3109,58.05927,59.0
3110,58.210262,58.0
3111,58.546818,59.0
3112,58.529564,60.0
3113,58.685307,60.0
3114,59.16324,61.0
3115,59.727337,60.0
3116,60.65615,61.0
3117,61.042652,61.0
3118,61.18208,61.0
3119,61.172935,61.99999999999999
3120,60.971382,61.99999999999999
3121,61.07107,61.99999999999999
3122,61.23506,61.99999999999999
3123,61.418808,63.0
3124,61.508083,63.0
3125,61.92581,64.0
3126,62.418972,63.0
3127,63.111336,63.0
3128,63.392452,63.0
3129,63.324688,64.0
3130,63.10754,64.0
3131,63.193035,63.0
3132,63.396492,63.0
3133,63.269897,63.0
3134,63.04873,63.0
3135,62.792053,61.99999999999999
3136,62.554123,61.99999999999999
3137,62.117817,61.99999999999999
3138,61.829678,61.99999999999999
3139,61.781654,63.0
3140,61.92476,63.0
3141,62.48192,64.0
3142,63.170364,63.0
3143,64.0033,61.99999999999999
3144,64.101746,61.0
3145,63.2403,61.0
3146,61.871006,59.0
3147,60.806,59.0
3148,59.540333,58.0
3149,58.70398,58.0
3150,58.067154,57.0
3151,57.892933,58.0
3152,57.603745,57.0
3153,57.83275,57.0
3154,57.85445,57.0
3155,57.710045,57.0
3156,57.5546,57.0
3157,57.406937,56.0
3158,57.30631,57.0
3159,56.95633,57.0
3160,56.864132,57.0
3161,56.840523,56.0
3162,56.984894,55.0
3163,56.90358,55.0
3164,56.314667,55.0
3165,55.69911,55.0
3166,55.389698,55.0
3167,55.28078,55.0
3168,55.393044,56.0
3169,55.65217,56.0
3170,56.37454,57.0
3171,57.00561,57.0
3172,57.76146,57.0
3173,58.18915,57.0
3174,58.211937,59.0
3175,58.017117,58.0
3176,58.45598,59.0
3177,58.64863,59.0
3178,58.991707,59.0
3179,59.242435,59.0
3180,59.29605,60.0
3181,59.252773,60.0
3182,59.504776,61.0
3183,59.754177,60.0
3184,60.277496,61.0
3185,60.358673,61.0
3186,60.57736,61.99999999999999
3187,60.933815,61.99999999999999
3188,61.566307,61.0
3189,61.937912,61.0
3190,61.844715,61.0
3191,61.50149,60.0
3192,61.129852,60.0
3193,60.531265,60.0
3194,60.086784,60.0
3195,59.964664,60.0
3196,60.061672,59.0
3197,60.274624,59.0
3198,60.110966,59.0
3199,59.852657,58.0
3200,59.648525,59.0
3201,59.23494,58.0
3202,59.201153,59.0
3203,58.99362,59.0
3204,59.025673,59.0
3205,59.12752,59.0
3206,59.261654,58.0
3207,59.38439,59.0
3208,59.013615,59.0
3209,58.88356,60.0
3210,58.93627,60.0
3211,59.370285,61.0
3212,60.01355,61.0
3213,60.83636,61.99999999999999
3214,61.522106,61.99999999999999
3215,62.160927,61.99999999999999
3216,62.53623,61.99999999999999
3217,62.641865,61.99999999999999
3218,62.463108,61.99999999999999
3219,62.183807,63.0
3220,61.975105,63.0
3221,62.239082,63.0
3222,62.66737,63.0
3223,62.978027,63.0
3224,63.146996,64.0
3225,63.26502,64.0
3226,63.674763,64.0
3227,64.067276,64.0
3228,64.30641,64.0
3229,64.36556,65.0
3230,64.36027,65.0
3231,64.589714,65.0
3232,64.871605,65.0
3233,65.08153,65.0
3234,65.15244,66.0
3235,65.199905,66.0
3236,65.60757,66.0
3237,66.00969,66.0
3238,66.15491,66.0
3239,66.20837,67.0
3240,66.199005,68.0
3241,66.51743,68.0
3242,67.20331,68.0
3243,67.82513,68.0
3244,68.12726,69.0
3245,68.10235,69.0
3246,68.25208,69.0
3247,68.394745,69.0
3248,68.53984,70.0
3249,68.67494,71.0
3250,69.05813,71.0
3251,69.69172,71.0
3252,70.30704,72.0
3253,70.70046,72.0
3254,71.2106,72.0
3255,71.571304,72.0
3256,71.69873,73.0
3257,71.5677,73.0
3258,71.74588,72.0
3259,72.058655,72.0
3260,71.99944,72.0
3261,71.695244,72.0
3262,71.36234,72.0
3263,71.23648,72.0
3264,71.30909,73.0
3265,71.429184,73.0
3266,71.973946,73.0
3267,72.57443,74.0
3268,72.98987,74.0
3269,73.53523,73.0
3270,73.94342,73.0
3271,73.79429,73.0
3272,73.39993,72.0
3273,73.0554,72.0
3274,72.555,71.0
3275,72.15027,71.0
3276,71.55017,71.0
3277,71.06151,70.0
3278,70.76702,70.0
3279,70.29743,70.0
3280,69.81096,69.0
3281,69.535225,70.0
3282,69.16676,70.0
3283,69.29652,71.0
3284,69.60584,71.0
3285,70.246925,71.0
3286,70.881805,70.0
3287,71.17905,70.0
3288,70.82083,70.0
3289,70.186195,70.0
3290,69.64537,70.0
3291,69.40042,69.0
3292,69.39545,70.0
3293,69.173775,70.0
3294,69.27932,69.0
3295,69.44024,69.0
3296,69.28362,69.0
3297,69.05294,69.0
3298,68.86219,69.0
3299,68.75488,68.0
3300,68.72039,68.0
3301,68.42888,68.0
3302,68.13936,67.0
3303,67.95125,67.0
3304,67.512695,66.0
3305,67.04195,65.0
3306,66.514946,65.0
3307,65.91244,64.0
3308,65.33867,65.0
3309,64.857506,65.0
3310,65.054214,65.0
3311,65.53447,65.0
3312,66.11009,65.0
3313,66.43655,64.0
3314,66.4487,64.0
3315,65.81466,64.0
3316,65.057915,63.0
3317,64.43,52.0
3318,63.676773,52.0
3319,59.63942,52.0
3320,55.12656,53.0
3321,52.36262,53.0
3322,51.846016,53.0
3323,52.395775,53.0
3324,53.202282,53.0
3325,53.852646,53.0
3326,54.242996,53.0
3327,54.407665,53.0
3328,54.480698,52.0
3329,54.561314,52.0
3330,54.24299,52.0
3331,53.97528,53.0
3332,53.745743,52.0
3333,53.987926,53.0
3334,54.18621,53.0
3335,54.571846,53.0
3336,54.85647,52.0
3337,54.962982,53.0
3338,54.521126,52.0
3339,54.2752,52.0
3340,53.70169,52.0
3341,53.26247,54.0
3342,53.04525,54.0
3343,53.625816,55.0
3344,54.33536,55.0
3345,55.220413,55.0
3346,55.91062,55.0
3347,56.276714,56.0
3348,56.410503,56.0
3349,56.59646,56.0
3350,56.755978,57.0
3351,56.81487,57.0
3352,57.21706,57.0
3353,57.533104,58.0
3354,57.63183,58.0
3355,57.93875,57.0
3356,58.1516,57.0
3357,57.93547,56.0
3358,57.617096,55.0
3359,56.939453,55.0
3360,55.853226,55.0
3361,55.30646,56.0
3362,55.157383,56.0
3363,55.749157,56.0
3364,56.404446,56.0
3365,56.94431,65.0
3366,57.14441,64.0
3367,59.59538,63.0
3368,61.833557,63.0
3369,63.26606,63.0
3370,63.885075,63.0
3371,63.91606,63.0
3372,63.579865,63.0
3373,63.181908,63.0
3374,62.87676,63.0
3375,62.728455,63.0
3376,62.418404,63.0
3377,62.24292,63.0
3378,62.33841,61.99999999999999
3379,62.489,63.0
3380,62.15838,63.0
3381,62.297634,61.99999999999999
3382,62.468674,60.0
3383,62.209053,60.0
3384,61.343353,59.0
3385,60.656963,61.0
3386,60.024254,63.0
3387,60.459442,63.0
3388,62.037937,64.0
3389,63.574673,71.0
3390,64.94921,71.0
3391,67.164085,71.0
3392,69.44177,72.0
3393,70.96352,73.0
3394,71.83667,73.0
3395,72.41962,71.0
3396,72.512184,72.0
3397,71.738335,72.0
3398,71.14556,71.0
3399,70.59914,71.0
3400,70.029274,71.0
3401,69.724335,72.0
3402,69.58156,72.0
3403,69.93644,72.0
3404,70.35086,72.0
3405,70.78203,73.0
3406,71.08852,71.0
3407,71.54566,71.0
3408,70.93643,70.0
3409,70.253914,72.0
3410,69.57077,72.0
3411,69.91767,71.0
3412,70.740776,70.0
3413,70.97564,29.0
3414,70.80191,30.0
3415,58.35806,30.0
3416,43.80003,30.999999999999996
3417,33.772293,32.0
3418,30.826675,32.0
3419,31.725626,34.0
3420,34.31358,34.0
3421,37.889256,36.0
3422,40.68495,36.0
3423,42.759727,38.0
3424,43.76241,39.0
3425,44.48411,38.0
3426,45.173893,39.0
3427,45.42949,40.0
3428,45.854595,40.0
3429,46.572586,40.0
3430,47.104202,39.0
3431,47.560627,39.0
3432,47.43954,39.0
3433,47.120125,39.0
3434,46.790596,40.0
3435,46.52317,39.0
3436,46.668026,39.0
3437,46.361107,71.0
3438,45.974117,71.0
3439,53.13112,72.0
3440,63.156475,73.0
3441,71.21562,73.0
3442,75.45924,73.0
3443,75.75424,73.0
3444,73.319885,72.0
3445,69.852234,72.0
3446,66.8375,71.0
3447,65.25155,72.0
3448,64.71162,72.0
3449,65.30572,71.0
3450,66.41834,72.0
3451,67.048615,71.0
3452,67.54238,71.0
3453,67.61891,70.0
3454,67.55011,70.0
3455,67.317215,70.0
3456,67.28636,70.0
3457,67.48504,70.0
3458,67.94895,70.0
3459,68.55259,69.0
3460,69.15399,69.0
3461,69.25148,55.0
3462,69.1627,55.0
3463,64.706215,55.0
3464,59.20697,54.0
3465,55.50055,54.0
3466,53.756508,54.0
3467,53.528503,53.0
3468,53.987873,53.0
3469,54.26037,53.0
3470,54.650414,53.0
3471,55.008553,53.0
3472,54.828037,53.0
3473,54.833206,53.0
3474,54.826763,53.0
3475,54.77852,53.0
3476,54.700882,53.0
3477,54.601143,53.0
3478,54.451008,54.0
3479,54.558926,54.0
3480,54.9892,54.0
3481,55.551727,54.0
3482,55.91344,55.0
3483,55.924446,55.0
3484,56.060898,56.0
3485,56.136333,69.0
3486,56.480915,69.0
3487,59.902763,69.0
3488,64.29605,70.0
3489,67.66146,70.0
3490,69.7782,70.0
3491,70.62537,70.0
3492,70.50681,70.0
3493,69.90585,71.0
3494,69.26542,71.0
3495,69.113434,72.0
3496,69.14769,73.0
3497,69.74529,73.0
3498,70.85094,73.0
3499,71.75175,73.0
3500,72.14968,73.0
3501,72.02628,73.0
3502,71.80608,73.0
3503,71.56156,73.0
3504,71.31644,72.0
3505,71.38947,72.0
3506,71.38476,71.0
3507,71.38251,70.0
3508,71.10199,70.0
3509,70.47595,87.0
3510,69.79712,88.0
3511,73.0077,89.0
3512,78.56736,90.0
3513,83.68855,91.0
3514,86.74961,93.0
3515,87.75057,93.99999999999999
3516,87.2537,95.0
3517,86.36665,97.0
3518,85.962585,99.0
3519,86.467186,102.00000000000001
3520,87.56909,106.0
3521,89.94931,108.99999999999999
3522,93.35268,114.0
3523,96.91766,115.0
3524,100.42545,114.0
3525,102.3697,108.99999999999999
3526,102.06867,106.0
3527,98.88105,100.0
3528,94.539406,99.0
3529,89.87194,98.0
3530,86.938156,96.0
3531,85.874016,93.99999999999999
3532,85.676125,92.0
3533,85.62866,138.0
3534,85.299034,143.0
3535,96.141975,151.00000000000003
3536,112.18354,151.00000000000003
3537,125.96105,152.0
3538,129.82773,152.0
3539,124.16261,153.0
3540,114.09677,153.0
3541,105.144356,153.0
3542,97.69284,154.0
3543,90.70771,154.0
3544,84.6309,154.0
3545,79.74495,155.0
3546,74.363625,155.0
3547,67.33876,155.0
3548,59.34702,155.0
3549,50.966904,155.0
3550,41.423508,155.0
3551,31.814945,154.0
3552,20.056103,153.0
3553,5.8045816,154.0
3554,-10.076481,154.0
3555,-26.755539,154.0
3556,-45.796356,154.0
3557,-67.60299,59.0
3558,-93.76237,59.0
3559,-134.60362,60.0
3560,-159.1801,60.0
3561,-164.35983,60.0
3562,-151.16129,60.0
3563,-127.975945,61.0
3564,-100.758675,61.0
3565,-73.34196,61.0
3566,-49.411575,61.0
3567,-32.687653,61.0
3568,-21.589115,60.0
3569,-11.304482,61.0
3570,-1.147828,61.0
3571,7.8137517,61.0
3572,16.486172,61.0
3573,21.85826,60.0
3574,25.403597,60.0
3575,29.512554,60.0
3576,32.452374,61.0
3577,35.426186,61.0
3578,39.457874,61.99999999999999
3579,44.160133,61.99999999999999
3580,48.649372,63.0
3581,52.22414,43.0
3582,55.163284,42.0
3583,51.661133,41.0
3584,45.386314,42.0
3585,40.30328,42.0
3586,38.62609,42.0
3587,39.53956,41.0
3588,41.628338,40.0
3589,43.328266,39.0
3590,44.003212,38.0
3591,43.698544,36.0
3592,42.94021,35.0
3593,41.52238,34.0
3594,39.58123,34.0
3595,38.25018,32.0
3596,38.01961,32.0
3597,37.77737,32.0
3598,38.060524,36.0
3599,38.518673,35.0
3600,41.22448,34.0
3601,42.73863,34.0
3602,42.59897,34.0
3603,41.828392,33.0
3604,40.41072,32.0
3605,38.38172,61.0
3606,36.61586,61.0
3607,43.210308,61.0
3608,52.82963,60.0
3609,60.514698,60.0
3610,64.10614,60.0
3611,64.24398,59.0
3612,62.23583,59.0
3613,59.291378,59.0
3614,56.91346,58.0
3615,55.682384,57.0
3616,55.11737,56.0
3617,54.86926,57.0
3618,54.80299,56.0
3619,55.207996,56.0
3620,55.349556,57.0
3621,55.31389,57.0
3622,55.702564,57.0
3623,56.332275,58.0
3624,56.85214,58.0
3625,57.516132,59.0
3626,58.004982,59.0
3627,58.499496,60.0
3628,58.782093,60.0
3629,59.209133,60.0
3630,59.54963,60.0
3631,59.761776,60.0
3632,59.832516,60.0
3633,59.84742,61.0
3634,59.830677,61.0
3635,60.106644,60.0
3636,60.516438,60.0
3637,60.61061,59.0
3638,60.58401,59.0
3639,60.11148,59.0
3640,59.591938,59.0
3641,59.2895,58.0
3642,59.23013,58.0
3643,59.127216,58.0
3644,59.056934,57.0
3645,59.07149,56.0
3646,58.764935,55.0
3647,58.17853,55.0
3648,57.22222,54.0
3649,56.36722,53.0
3650,55.3674,53.0
3651,54.431236,52.0
3652,53.82402,49.0
3653,53.189175,45.0
3654,51.596558,43.0
3655,48.48984,41.0
3656,45.102543,39.0
3657,42.25633,36.0
3658,40.12841,34.0
3659,38.18905,34.0
3660,36.571354,34.0
3661,35.943626,34.0
3662,36.118816,34.0
3663,36.788918,34.0
3664,37.558807,33.0
3665,38.29265,30.999999999999996
3666,38.171066,30.999999999999996
3667,36.730015,30.999999999999996
3668,35.17079,30.999999999999996
3669,34.218,32.0
3670,34.191795,42.0
3671,35.175694,49.0
3672,40.454227,51.00000000000001
3673,48.5753,49.0
3674,55.461704,50.0
3675,57.94583,52.0
3676,56.953686,54.0
3677,54.710964,55.0
3678,53.16907,57.0
3679,52.6767,58.0
3680,53.567883,59.0
3681,55.008713,60.0
3682,56.59505,61.0
3683,58.11618,61.99999999999999
3684,59.4598,63.0
3685,60.534428,65.0
3686,61.206165,66.0
3687,62.44768,67.0
3688,63.98682,68.0
3689,65.7384,69.0
3690,67.28681,70.0
3691,68.00336,70.0
3692,67.93042,71.0
3693,67.17194,71.0
3694,66.89349,70.0
3695,66.92614,69.0
3696,66.96099,68.0
3697,66.71486,67.0
3698,66.22573,66.0
3699,65.78443,65.0
3700,65.33264,64.0
3701,64.93053,63.0
3702,64.42734,61.99999999999999
3703,63.77809,61.99999999999999
3704,63.012974,61.0
3705,62.519226,61.0
3706,61.966408,60.0
3707,61.582184,60.0
3708,61.01495,59.0
3709,60.58378,58.0
3710,60.01889,57.0
3711,59.242607,56.0
3712,58.208065,55.0
3713,57.056416,54.0
3714,55.97634,54.0
3715,55.07312,53.0
3716,54.6457,53.0
3717,54.254322,54.0
3718,54.16955,56.0
3719,54.754723,57.0
3720,56.187016,58.0
3721,57.905735,58.0
3722,59.566868,58.0
3723,60.46855,58.0
3724,60.48539,57.0
3725,59.940205,57.0
3726,58.83744,57.0
3727,57.76372,57.0
3728,57.02248,57.0
3729,56.74301,57.0
3730,56.76451,57.0
3731,56.878143,57.0
3732,56.96676,57.0
3733,57.054512,57.0
3734,57.154484,58.0
3735,57.27684,59.0
3736,57.70757,60.0
3737,58.4991,61.0
3738,59.5061,61.0
3739,60.55604,61.0
3740,61.25147,60.0
3741,61.412262,60.0
3742,60.799335,59.0
3743,60.00915,59.0
3744,59.243484,59.0
3745,58.77588,59.0
3746,58.721516,59.0
3747,58.941063,59.0
3748,59.243153,60.0
3749,59.45935,60.0
3750,60.0194,60.0
3751,60.503353,60.0
3752,60.763863,59.0
3753,60.84795,59.0
3754,60.5395,58.0
3755,60.090225,58.0
3756,59.404003,58.0
3757,58.82454,58.0
3758,58.449467,58.0
3759,58.251766,58.0
3760,58.172222,58.0
3761,58.23923,57.0
3762,58.280155,56.0
3763,58.0284,56.0
3764,57.453434,57.0
3765,56.673615,56.0
3766,56.50317,56.0
3767,56.404934,55.0
3768,56.44118,54.0
3769,56.194633,53.0
3770,55.47545,53.0
3771,54.444813,53.0
3772,53.6554,53.0
3773,53.3,53.0
3774,53.37426,53.0
3775,53.63255,53.0
3776,53.940857,53.0
3777,54.1336,53.0
3778,54.215042,53.0
3779,54.18919,53.0
3780,54.121723,53.0
3781,53.996666,52.0
3782,53.85716,52.0
3783,53.41507,51.00000000000001
3784,52.916935,48.0
3785,52.28317,46.99999999999999
3786,50.64888,48.0
3787,48.79887,46.99999999999999
3788,48.095768,46.99999999999999
3789,48.146538,45.0
3790,48.44427,45.0
3791,48.116512,45.0
3792,47.735584,44.0
3793,47.572765,46.0
3794,47.140656,46.99999999999999
3795,47.696987,46.99999999999999
3796,48.78846,46.99999999999999
3797,49.555214,48.0
3798,49.853825,46.99999999999999
3799,50.00196,48.0
3800,49.560257,46.99999999999999
3801,49.28134,48.0
3802,48.731197,46.99999999999999
3803,48.601913,46.99999999999999
3804,48.31351,48.0
3805,48.028183,49.0
3806,48.213013,48.0
3807,48.867725,46.99999999999999
3808,49.214405,46.99999999999999
3809,48.963226,48.0
3810,48.535255,48.0
3811,48.53679,48.0
3812,48.79735,46.99999999999999
3813,49.190346,46.99999999999999
3814,48.99013,46.99999999999999
3815,48.70608,46.99999999999999
3816,48.55401,48.0
3817,48.593838,48.0
3818,49.125546,49.0
3819,49.660183,51.00000000000001
3820,50.301376,51.00000000000001
3821,51.44468,51.00000000000001
3822,52.387936,51.00000000000001
3823,52.80224,51.00000000000001
3824,52.727657,51.00000000000001
3825,52.388737,51.00000000000001
3826,51.968975,51.00000000000001
3827,51.58804,51.00000000000001
3828,51.37637,49.0
3829,51.272846,48.0
3830,50.569057,49.0
3831,49.460773,50.0
3832,49.006287,51.00000000000001
3833,49.43543,52.0
3834,50.524803,52.0
3835,51.92868,53.0
3836,53.04945,54.0
3837,53.853794,55.0
3838,54.61458,56.0
3839,55.41866,58.0
3840,56.33019,58.0
3841,57.546116,60.0
3842,58.358036,60.0
3843,59.241608,61.0
3844,59.795765,61.99999999999999
3845,60.27539,63.0
3846,60.83474,64.0
3847,61.592556,65.0
3848,62.47017,65.0
3849,63.43029,66.0
3850,64.16685,67.0
3851,64.920494,68.0
3852,65.79551,68.0
3853,66.76993,69.0
3854,67.53564,69.0
3855,68.26337,70.0
3856,68.723015,70.0
3857,69.26061,71.0
3858,69.6365,70.0
3859,70.22238,70.0
3860,70.513306,70.0
3861,70.39134,70.0
3862,70.20908,70.0
3863,70.11631,70.0
3864,70.1038,70.0
3865,70.146416,70.0
3866,70.31049,69.0
3867,70.47894,69.0
3868,70.20601,69.0
3869,69.79977,69.0
3870,69.536255,69.0
3871,69.410095,70.0
3872,69.35423,69.0
3873,69.667175,69.0
3874,69.71797,69.0
3875,69.68505,70.0
3876,69.5847,69.0
3877,69.74111,69.0
3878,69.592224,69.0
3879,69.34406,69.0
3880,69.14538,69.0
3881,69.03354,69.0
3882,68.87941,69.0
3883,68.780594,70.0
3884,68.79004,70.0
3885,69.19947,70.0
3886,69.74078,69.0
3887,70.01082,68.0
3888,69.65217,68.0
3889,68.80192,68.0
3890,68.16416,68.0
3891,67.83254,68.0
3892,67.77591,67.0
3893,67.63641,67.0
3894,67.194725,67.0
3895,66.83277,66.0
3896,66.57107,67.0
3897,66.09998,67.0
3898,66.034454,66.0
3899,66.3839,66.0
3900,66.36353,67.0
3901,66.141365,67.0
3902,66.28505,67.0
3903,66.54521,68.0
3904,66.75901,67.0
3905,67.14389,67.0
3906,67.23911,67.0
3907,67.26736,67.0
3908,67.116486,66.0
3909,67.12875,66.0
3910,66.83874,67.0
3911,66.59101,67.0
3912,66.80371,67.0
3913,67.39309,67.0
3914,68.079575,67.0
3915,68.513504,67.0
3916,68.707115,68.0
3917,68.7267,67.0
3918,68.94231,67.0
3919,68.62562,66.0
3920,68.19925,66.0
3921,67.49463,65.0
3922,66.814224,65.0
3923,65.96276,65.0
3924,65.29667,65.0
3925,64.86598,64.0
3926,64.74691,63.0
3927,64.46461,63.0
3928,63.965633,64.0
3929,63.5745,63.0
3930,63.647274,63.0
3931,63.665573,61.99999999999999
3932,63.67431,61.0
3933,63.299625,61.0
3934,62.491013,61.99999999999999
3935,61.73242,61.0
3936,61.71422,61.0
3937,61.92233,61.0
3938,62.092213,61.0
3939,62.045753,60.0
3940,61.964592,60.0
3941,61.47281,60.0
3942,60.98037,60.0
3943,60.667088,59.0
3944,60.51716,59.0
3945,60.150276,59.0
3946,59.786945,58.0
3947,59.476345,58.0
3948,59.01906,58.0
3949,58.55144,58.0
3950,58.200092,58.0
3951,58.03066,57.0
3952,57.96491,56.0
3953,57.7567,57.0
3954,57.318516,57.0
3955,57.207535,58.0
3956,57.286686,58.0
3957,57.87207,59.0
3958,58.749275,58.0
3959,59.703342,57.0
3960,59.809612,56.0
3961,59.13733,56.0
3962,57.89367,57.0
3963,56.801273,57.0
3964,56.517117,57.0
3965,56.71908,57.0
3966,57.09929,57.0
3967,57.396774,57.0
3968,57.555016,57.0
3969,57.5786,57.0
3970,57.54224,57.0
3971,57.46799,57.0
3972,57.38277,57.0
3973,57.338364,57.0
3974,57.28505,57.0
3975,57.25536,57.0
3976,57.279797,57.0
3977,57.331917,57.0
3978,57.414356,57.0
3979,57.426624,57.0
3980,57.403973,56.0
3981,57.522644,55.0
3982,57.31841,55.0
3983,56.576977,55.0
3984,55.975063,55.0
3985,55.711906,54.0
3986,55.69657,53.0
3987,55.43094,53.0
3988,54.78323,52.0
3989,54.214527,52.0
3990,53.50372,52.0
3991,52.941944,52.0
3992,52.60075,52.0
3993,52.457924,51.00000000000001
3994,52.47598,51.00000000000001
3995,52.208042,51.00000000000001
3996,51.90022,50.0
3997,51.633797,49.0
3998,51.142303,46.99999999999999
3999,50.34973,45.0
4000,48.94506,46.0
4001,47.069237,45.0
4002,46.218975,44.0
4003,45.996082,43.0
4004,45.93067,44.0
4005,45.837337,44.0
4006,46.174076,46.99999999999999
4007,46.975437,48.0
4008,48.83378,49.0
4009,50.845963,51.00000000000001
4010,52.53727,53.0
4011,54.02628,54.0
4012,55.233215,55.0
4013,55.984116,56.0
4014,56.42882,57.0
4015,56.851208,57.0
4016,57.347225,56.0
4017,57.42755,56.0
4018,56.90675,56.0
4019,56.338024,56.0
4020,55.879147,56.0
4021,55.71916,56.0
4022,55.709427,56.0
4023,55.79174,57.0
4024,55.96684,57.0
4025,56.504242,57.0
4026,57.120964,56.0
4027,57.586937,56.0
4028,57.42188,56.0
4029,56.835606,56.0
4030,56.15514,56.0
4031,55.723312,56.0
4032,55.63431,56.0
4033,55.879406,55.0
4034,56.1781,55.0
4035,56.030518,54.0
4036,55.654564,53.0
4037,54.855877,52.0
4038,53.779655,53.0
4039,52.600826,54.0
4040,52.189144,56.0
4041,52.644356,55.0
4042,54.02671,55.0
4043,55.05001,55.0
4044,55.68675,55.0
4045,55.92677,56.0
4046,55.88406,55.0
4047,56.020042,55.0
4048,55.87021,55.0
4049,55.661434,55.0
4050,55.504738,55.0
4051,55.614197,56.0
4052,55.805626,57.0
4053,56.421776,58.0
4054,57.262264,59.0
4055,58.339527,59.0
4056,59.652016,59.0
4057,60.567528,59.0
4058,60.86431,60.0
4059,60.60287,60.0
4060,60.395138,60.0
4061,60.206,52.0
4062,60.069767,53.0
4063,57.27718,52.0
4064,54.450985,53.0
4065,52.34202,52.0
4066,51.83617,53.0
4067,51.821377,53.0
4068,52.328472,53.0
4069,52.910503,53.0
4070,53.419746,53.0
4071,53.80444,53.0
4072,54.20277,53.0
4073,54.59959,53.0
4074,54.696148,52.0
4075,54.698414,53.0
4076,54.37642,52.0
4077,54.35938,52.0
4078,54.252213,52.0
4079,54.168785,53.0
4080,54.17637,53.0
4081,54.587723,53.0
4082,55.03757,54.0
4083,55.27433,54.0
4084,55.663845,54.0
4085,55.840637,56.0
4086,55.826103,55.0
4087,56.273655,55.0
4088,56.390427,55.0
4089,56.24047,55.0
4090,56.005665,55.0
4091,55.76424,55.0
4092,55.52091,55.0
4093,55.393925,55.0
4094,55.412758,54.0
4095,55.37014,54.0
4096,55.048347,55.0
4097,54.689495,55.0
4098,54.826385,56.0
4099,55.313942,57.0
4100,55.905647,57.0
4101,56.794846,57.0
4102,57.540394,58.0
4103,58.009068,58.0
4104,58.398502,58.0
4105,58.533104,58.0
4106,58.558083,58.0
4107,58.450836,58.0
4108,58.283222,58.0
4109,58.183163,63.0
4110,58.11212,63.0
4111,59.637676,63.0
4112,61.300255,61.99999999999999
4113,62.563976,61.99999999999999
4114,62.994305,61.0
4115,62.960293,61.0
4116,62.47283,61.0
4117,61.829823,61.0
4118,61.369385,61.0
4119,61.157364,61.0
4120,61.111877,61.0
4121,61.121475,60.0
4122,61.201878,61.0
4123,60.850742,60.0
4124,60.59397,60.0
4125,60.079838,60.0
4126,59.755318,61.0
4127,59.509,60.0
4128,59.768063,59.0
4129,59.80034,56.0
4130,59.33123,55.0
4131,57.741394,54.0
4132,55.801468,53.0
4133,54.164886,70.0
4134,52.996246,70.0
4135,56.16333,70.0
4136,61.36377,70.0
4137,66.0119,70.0
4138,68.99599,70.0
4139,70.27745,70.0
4140,70.21666,69.0
4141,69.48259,68.0
4142,68.19646,68.0
4143,66.844505,68.0
4144,65.90994,67.0
4145,65.57251,66.0
4146,65.33346,65.0
4147,64.92193,64.0
4148,64.32182,64.0
4149,63.692,63.0
4150,63.296238,64.0
4151,62.99752,64.0
4152,63.333134,64.0
4153,64.107056,64.0
4154,64.744576,63.0
4155,64.987175,63.0
4156,64.56241,63.0
4157,64.00758,38.0
4158,63.477463,37.0
4159,55.077843,36.0
4160,44.429485,35.0
4161,37.2796,33.0
4162,34.274025,32.0
4163,33.532963,33.0
4164,33.914467,32.0
4165,35.420757,30.999999999999996
4166,36.588936,30.999999999999996
4167,36.907097,30.999999999999996
4168,36.857178,32.0
4169,36.763844,33.0
4170,37.264763,32.0
4171,38.361633,33.0
4172,39.05265,34.0
4173,39.819405,35.0
4174,40.79066,37.0
4175,41.955143,37.0
4176,43.71328,39.0
4177,45.05573,40.0
4178,46.417118,40.0
4179,47.43231,41.0
4180,47.599655,43.0
4181,47.341873,69.0
4182,47.591568,69.0
4183,53.9033,69.0
4184,62.302135,69.0
4185,68.768715,68.0
4186,71.63643,69.0
4187,71.01427,69.0
4188,68.90576,70.0
4189,66.64299,70.0
4190,65.4899,71.0
4191,65.383415,70.0
4192,66.08046,70.0
4193,66.72582,71.0
4194,67.3026,72.0
4195,68.031425,72.0
4196,68.96172,71.0
4197,69.62826,72.0
4198,69.86136,72.0
4199,70.237686,71.0
4200,70.76131,71.0
4201,70.96864,72.0
4202,70.93781,71.0
4203,71.31489,70.0
4204,71.500435,70.0
4205,71.148926,56.0
4206,70.74433,57.0
4207,66.22143,58.0
4208,61.29435,58.0
4209,58.57735,59.0
4210,57.834785,59.0
4211,58.574673,60.0
4212,59.62283,61.0
4213,60.876514,61.0
4214,62.208733,60.0
4215,63.01209,60.0
4216,63.021236,60.0
4217,62.55391,60.0
4218,61.843792,60.0
4219,61.20898,59.0
4220,60.735844,59.0
4221,60.21649,58.0
4222,59.80803,58.0
4223,59.39865,57.0
4224,59.163113,57.0
4225,58.75234,57.0
4226,58.408096,58.0
4227,58.212746,58.0
4228,58.544743,58.0
4229,58.97536,69.0
4230,59.29644,68.0
4231,61.820107,68.0
4232,64.82594,67.0
4233,67.07007,67.0
4234,67.918015,66.0
4235,67.8063,66.0
4236,66.87377,65.0
4237,65.827324,65.0
4238,64.69779,65.0
4239,63.834576,64.0
4240,63.3862,63.0
4241,63.017365,61.99999999999999
4242,62.436756,61.0
4243,61.672596,61.0
4244,60.824097,60.0
4245,60.300632,59.0
4246,59.845974,59.0
4247,59.46952,59.0
4248,59.39967,59.0
4249,59.432095,59.0
4250,59.608864,59.0
4251,59.77451,59.0
4252,59.90027,59.0
4253,59.840916,90.0
4254,59.83121,88.0
4255,66.43816,87.0
4256,75.62172,85.0
4257,82.56647,82.0
4258,84.88767,80.0
4259,82.85337,78.0
4260,78.33713,75.0
4261,73.59694,73.0
4262,69.61279,70.0
4263,66.85379,67.0
4264,64.96298,66.0
4265,63.372128,64.0
4266,62.680897,63.0
4267,61.95048,61.99999999999999
4268,60.849724,59.0
4269,59.82975,58.0
4270,58.459297,56.0
4271,57.10042,55.0
4272,55.74027,54.0
4273,54.410187,53.0
4274,53.452293,52.0
4275,52.81234,52.0
4276,52.30714,52.0
4277,52.15232,155.0
4278,52.399323,155.0
4279,74.94527,155.0
4280,110.21991,156.0
4281,129.77876,156.0
4282,122.31155,156.0
4283,94.43587,156.0
4284,62.52186,157.0
4285,39.169685,157.0
4286,24.86312,157.0
4287,12.77781,157.0
4288,-1.2363058,157.0
4289,-19.325436,157.0
4290,-42.86767,157.99999999999997
4291,-69.87998,159.0
4292,-98.99605,160.0
4293,-129.9439,161.0
4294,-167.17358,162.0
4295,-213.44643,163.0
4296,-272.5392,164.0
4297,-353.4519,164.99999999999997
4298,-467.98682,164.99999999999997
4299,-640.7014,166.0
4300,-909.4209,166.0
4301,-1327.5016,63.0
4302,-1950.8387,63.0
4303,-2851.6697,63.0
4304,-4065.6782,64.0
4305,-5685.1187,64.0
4306,-7838.017,64.0
4307,-10718.619,64.0
4308,-14593.18,64.0
4309,-19821.92,64.0
4310,-26886.512,65.0
4311,-36446.668,66.0
4312,-49380.496,67.0
4313,-66875.97,66.0
4314,-90539.64,66.0
4315,-122554.67,67.0
4316,-165863.48,68.0
4317,-224446.12,68.0
4318,-303709.3,68.0
4319,-410965.44,67.0
4320,-556102.44,67.0
4321,-752497.8,67.0
4322,-1018241.0,67.0
4323,-1377804.6,66.0
4324,-1864312.0,65.0
4325,-2522579.0,30.999999999999996
4326,-3413245.2,30.999999999999996
4327,-4618373.0,30.0
4328,-6248970.0,30.0
4329,-8455239.0,29.0
4330,-11440418.0,36.0
4331,-15479500.0,37.0
4332,-20944560.0,39.0
4333,-28339034.0,40.0
4334,-38344104.0,41.0
4335,-51881430.0,43.0
4336,-70198070.0,43.0
4337,-94981350.0,46.0
4338,-128514270.0,46.99999999999999
4339,-173885870.0,49.0
4340,-235275800.0,49.0
4341,-318339230.0,51.00000000000001
4342,-430727970.0,51.00000000000001
4343,-582795200.0,52.0
4344,-788549250.0,54.0
4345,-1066944060.0,55.0
4346,-1443625500.0,57.0
4347,-1953292800.0,58.0
4348,-2642896600.0,60.0
4349,-3575962600.0,90.0
4350,-4838445000.0,89.0
4351,-6546642400.0,88.0
4352,-8857913000.0,87.0
4353,-11985172000.0,87.0
4354,-16216500000.0,86.0
4355,-21941684000.0,85.0
4356,-29688125000.0,85.0
4357,-40169420000.0,84.0
4358,-54351106000.0,83.0
4359,-73539580000.0,82.0
4360,-99502510000.0,82.0
4361,-134631550000.0,81.0
4362,-182162780000.0,80.0
4363,-246474770000.0,78.99999999999999
4364,-333491900000.0,78.0
4365,-451230140000.0,77.0
4366,-610535500000.0,77.0
4367,-826083100000.0,76.0
4368,-1117729000000.0,75.0
4369,-1512339800000.0,74.0
4370,-2046266600000.0,74.0
4371,-2768694400000.0,73.0
4372,-3746172800000.0,72.0
4373,-5068747000000.0,71.0
4374,-6858252000000.0,71.0
4375,-9279537000000.0,70.0
4376,-12555647000000.0,69.0
4377,-16988377000000.0,69.0
4378,-22986074000000.0,68.0
4379,-31101232000000.0,68.0
4380,-42081420000000.0,67.0
4381,-56938126000000.0,67.0
4382,-77039950000000.0,66.0
4383,-104238655000000.0,64.0
4384,-141039780000000.0,61.99999999999999
4385,-190833430000000.0,61.0
4386,-258206560000000.0,61.0
4387,-349365600000000.0,60.0
4388,-472708000000000.0,60.0
4389,-639596000000000.0,60.0
4390,-865403300000000.0,60.0
4391,-1170931200000000.0,60.0
4392,-1584324600000000.0,60.0
4393,-2143665600000000.0,60.0
4394,-2900480000000000.0,60.0
4395,-3924485300000000.0,61.0
4396,-5310012500000000.0,61.0
4397,-7184695400000000.0,61.0
4398,-9721229000000000.0,61.99999999999999
4399,-1.3153277e+16,63.0
4400,-1.7797e+16,63.0
4401,-2.4080174e+16,63.0
4402,-3.2581607e+16,63.0
4403,-4.4084438e+16,63.0
4404,-5.9648317e+16,63.0
4405,-8.070696e+16,63.0
4406,-1.0920028e+17,64.0
4407,-1.477531e+17,65.0
4408,-1.9991686e+17,65.0
4409,-2.704969e+17,66.0
4410,-3.6599502e+17,67.0
4411,-4.9520832e+17,67.0
4412,-6.700401e+17,68.0
4413,-9.0659565e+17,69.0
4414,-1.2266663e+18,70.0
4415,-1.6597371e+18,71.0
4416,-2.2457019e+18,71.0
4417,-3.0385402e+18,72.0
4418,-4.1112873e+18,72.0
4419,-5.5627636e+18,73.0
4420,-7.52668e+18,74.0
4421,-1.018395e+19,75.0
4422,-1.3779362e+19,76.0
4423,-1.8644124e+19,77.0
4424,-2.522637e+19,78.0
4425,-3.4132463e+19,78.99999999999999
4426,-4.6182818e+19,81.0
4427,-6.248751e+19,83.0
4428,-8.454852e+19,84.0
4429,-1.14398116e+20,86.0
4430,-1.54786e+20,87.0
4431,-2.0943272e+20,87.0
4432,-2.8337226e+20,88.0
4433,-3.8341596e+20,88.0
4434,-5.1877977e+20,89.0
4435,-7.0193336e+20,90.0
4436,-9.497487e+20,91.0
4437,-1.2850546e+21,91.0
4438,-1.7387392e+21,92.0
4439,-2.3525956e+21,92.0
4440,-3.183172e+21,93.0
4441,-4.306981e+21,93.99999999999999
4442,-5.8275465e+21,95.0
4443,-7.884944e+21,96.0
4444,-1.0668697e+22,97.0
4445,-1.4435246e+22,97.0
4446,-1.9531562e+22,97.0
4447,-2.6427116e+22,97.0
4448,-3.5757122e+22,97.0
4449,-4.838106e+22,97.0
4450,-6.546184e+22,97.0
4451,-8.857292e+22,96.0
4452,-1.1984332e+23,96.0
4453,-1.6215362e+23,95.0
4454,-2.1940143e+23,96.0
4455,-2.9686039e+23,97.0
4456,-4.01666e+23,97.0
4457,-5.4347286e+23,97.0
4458,-7.3534414e+23,97.0
4459,-9.949551e+23,97.0
4460,-1.3462209e+24,96.0
4461,-1.8214998e+24,96.0
4462,-2.4645746e+24,95.0
4463,-3.3346845e+24,95.0
4464,-4.5119842e+24,93.99999999999999
4465,-6.1049263e+24,93.0
4466,-8.260251e+24,93.0
4467,-1.1176508e+25,92.0
4468,-1.5122339e+25,91.0
4469,-2.046123e+25,90.0
4470,-2.7685e+25,88.0
4471,-3.7459102e+25,88.0
4472,-5.068392e+25,86.0
4473,-6.8577713e+25,84.0
4474,-9.278887e+25,82.0
4475,-1.2554766e+26,81.0
4476,-1.6987188e+26,78.99999999999999
4477,-2.298446e+26,77.0
4478,-3.109905e+26,75.0
4479,-4.207847e+26,73.0
4480,-5.6934138e+26,72.0
4481,-7.7034555e+26,71.0
4482,-1.04231365e+27,70.0
4483,-1.410299e+27,69.0
4484,-1.9082007e+27,68.0
4485,-2.5818848e+27,69.0
4486,-3.493411e+27,69.0
4487,-4.7267485e+27,68.0
4488,-6.3955116e+27,68.0
4489,-8.653427e+27,68.0
4490,-1.1708493e+28,66.0
4491,-1.5842138e+28,66.0
4492,-2.1435154e+28,64.0
4493,-2.9002766e+28,64.0
4494,-3.92421e+28,64.0
4495,-5.30964e+28,63.0
4496,-7.184192e+28,64.0
4497,-9.7205475e+28,65.0
4498,-1.31523545e+29,66.0
4499,-1.779575e+29,66.0
4500,-2.4078482e+29,66.0
4501,-3.2579315e+29,67.0
4502,-4.408134e+29,68.0
4503,-5.9644112e+29,69.0
4504,-8.070128e+29,69.0
4505,-1.09192605e+30,70.0
4506,-1.4774272e+30,71.0
4507,-1.9990282e+30,70.0
4508,-2.7047784e+30,70.0
4509,-3.6596917e+30,70.0
4510,-4.9517336e+30,70.0
4511,-6.6999273e+30,70.0
4512,-9.065315e+30,70.0
4513,-1.2265796e+31,70.0
4514,-1.6596195e+31,70.0
4515,-2.245543e+31,70.0
4516,-3.0383244e+31,70.0
4517,-4.110995e+31,70.0
4518,-5.5623683e+31,69.0
4519,-7.5261445e+31,69.0
4520,-1.0183225e+32,68.0
4521,-1.377838e+32,68.0
4522,-1.8642793e+32,68.0
4523,-2.5224572e+32,67.0
4524,-3.4130026e+32,67.0
4525,-4.617952e+32,67.0
4526,-6.2483047e+32,66.0
4527,-8.454249e+32,65.0
4528,-1.1438996e+33,65.0
4529,-1.5477497e+33,65.0
4530,-2.0941778e+33,64.0
4531,-2.8335203e+33,65.0
4532,-3.833886e+33,64.0
4533,-5.187427e+33,64.0
4534,-7.0188316e+33,64.0
4535,-9.496807e+33,64.0
4536,-1.2849623e+34,64.0
4537,-1.738614e+34,64.0
4538,-2.3524263e+34,64.0
4539,-3.1829427e+34,64.0
4540,-4.30667e+34,65.0
4541,-5.8271254e+34,65.0
4542,-7.884374e+34,66.0
4543,-1.0667927e+35,66.0
4544,-1.4434207e+35,66.0
4545,-1.9530156e+35,67.0
4546,-2.6425215e+35,67.0
4547,-3.5754553e+35,68.0
4548,-4.837758e+35,68.0
4549,-6.5457123e+35,69.0
4550,-8.856656e+35,69.0
4551,-1.198347e+36,69.0
4552,-1.6214197e+36,69.0
4553,-2.1938568e+36,69.0
4554,-2.968391e+36,68.0
4555,-4.0163716e+36,67.0
4556,-5.434339e+36,67.0
4557,-7.3529154e+36,67.0
4558,-9.948839e+36,66.0
4559,-1.3461244e+37,66.0
4560,-1.8213694e+37,66.0
4561,-2.4643985e+37,65.0
4562,-3.3344466e+37,64.0
4563,-4.511663e+37,64.0
4564,-6.104491e+37,63.0
4565,-8.2596625e+37,61.99999999999999
4566,-1.117571e+38,61.99999999999999
4567,-1.5121258e+38,61.99999999999999
4568,-2.0459771e+38,61.99999999999999
4569,-2.7683027e+38,61.0
4570,-inf,61.0
4571,-inf,60.0
4572,-inf,60.0
4573,-inf,59.0
4574,-inf,58.0
4575,-inf,57.0
4576,-inf,58.0
4577,-inf,57.0
4578,-inf,57.0
4579,-inf,57.0
4580,-inf,57.0
4581,-inf,57.0
4582,-inf,57.0
4583,-inf,56.0
4584,-inf,56.0
4585,-inf,56.0
4586,-inf,56.0
4587,22.0,56.0
4588,22.0,56.0
4589,22.0,56.0
4590,22.0,57.0
4591,22.0,58.0
4592,22.0,59.0
4593,22.0,59.0
4594,22.0,60.0
4595,22.0,60.0
4596,22.0,60.0
4597,22.0,60.0
4598,22.0,61.0
4599,22.0,61.99999999999999
4600,22.0,61.99999999999999
4601,22.0,61.99999999999999
4602,22.0,63.0
4603,22.0,63.0
4604,22.0,64.0
4605,22.0,64.0
4606,22.0,65.0
4607,22.0,65.0
4608,22.0,65.0
4609,22.0,66.0
4610,22.0,66.0
4611,22.0,66.0
4612,22.0,66.0
4613,22.0,66.0
4614,22.0,65.0
4615,22.0,64.0
4616,22.0,64.0
4617,22.0,64.0
4618,22.0,65.0
4619,22.0,67.0
4620,22.0,68.0
4621,22.0,68.0
4622,22.0,68.0
4623,22.0,67.0
4624,22.0,67.0
4625,22.0,67.0
4626,22.0,66.0
4627,22.0,66.0
4628,22.0,65.0
4629,22.0,65.0
4630,22.0,64.0
4631,22.0,64.0
4632,22.0,64.0
4633,22.0,64.0
4634,22.0,64.0
4635,22.0,64.0
4636,22.0,64.0
4637,22.0,64.0
4638,22.0,65.0
4639,22.0,66.0
4640,22.0,66.0
4641,22.0,66.0
4642,22.0,65.0
4643,22.0,65.0
4644,22.0,64.0
4645,22.0,64.0
4646,22.0,63.0
4647,22.0,64.0
4648,22.0,64.0
4649,22.0,64.0
4650,22.0,64.0
4651,22.0,65.0
4652,22.0,65.0
4653,22.0,65.0
4654,22.0,67.0
4655,22.0,67.0
4656,22.0,68.0
4657,22.0,69.0
4658,22.0,70.0
4659,22.0,70.0
4660,22.0,71.0
4661,22.0,72.0
4662,22.0,72.0
4663,22.0,72.0
4664,22.0,72.0
4665,22.0,72.0
4666,22.0,72.0
4667,22.0,72.0
4668,22.0,72.0
4669,22.0,73.0
4670,22.0,74.0
4671,22.0,75.0
4672,22.0,75.0
4673,22.0,76.0
4674,22.0,77.0
4675,22.0,78.0
4676,22.0,78.99999999999999
4677,22.0,80.0
4678,22.0,81.0
4679,22.0,82.0
4680,22.0,83.0
4681,22.0,84.0
4682,22.0,85.0
4683,22.0,86.0
4684,22.0,87.0
4685,22.0,88.0
4686,22.0,90.0
4687,22.0,90.0
4688,22.0,91.0
4689,22.0,92.0
4690,22.0,93.0
4691,22.0,93.0
4692,22.0,93.99999999999999
4693,22.0,95.0
4694,22.0,96.0
4695,22.0,96.0
4696,22.0,97.0
4697,22.0,97.0
4698,22.0,98.0
4699,22.0,99.0
4700,22.0,99.0
4701,22.0,99.0
4702,22.0,100.0
4703,22.0,102.00000000000001
4704,22.0,104.0
4705,22.0,100.0
4706,22.0,100.0
4707,22.0,100.0
4708,22.0,99.0
4709,22.0,99.0
4710,22.0,98.0
4711,22.0,98.0
4712,22.0,98.0
4713,22.0,98.0
4714,22.0,97.0
4715,22.0,97.0
4716,22.0,97.0
4717,22.0,96.0
4718,22.0,95.0
4719,22.0,95.0
4720,22.0,95.0
4721,22.0,95.0
4722,22.0,95.0
4723,22.0,95.0
4724,22.0,95.0
4725,22.0,95.0
4726,22.0,95.0
4727,22.0,95.0
4728,22.0,96.0
4729,22.0,97.0
4730,22.0,99.0
4731,22.0,99.0
4732,22.0,100.0
4733,22.0,101.0
4734,22.0,100.0
4735,22.0,105.0
4736,22.0,110.0
4737,22.0,120.0
4738,22.0,130.0
4739,22.0,141.0
4740,22.0,151.00000000000003
4741,22.0,151.00000000000003
4742,22.0,152.0
4743,22.0,152.0
4744,22.0,153.0
4745,22.0,153.0
4746,22.0,154.0
4747,22.0,154.0
4748,22.0,154.0
4749,22.0,154.0
4750,22.0,155.0
4751,22.0,155.0
4752,22.0,155.0
4753,22.0,155.0
4754,22.0,154.0
4755,22.0,154.0
4756,22.0,155.0
4757,22.0,155.0
4758,22.0,155.0
4759,22.0,155.0
4760,22.0,154.0
4761,22.0,154.0
4762,22.0,154.0
4763,22.0,153.0
4764,22.0,153.0
4765,22.0,152.0
4766,22.0,152.0
4767,22.0,151.00000000000003
4768,22.0,149.0
4769,22.0,136.0
4770,22.0,129.0
4771,22.0,128.0
4772,22.0,119.0
4773,22.0,107.0
4774,22.0,100.0
4775,22.0,99.0
4776,22.0,98.0
4777,22.0,97.0
4778,22.0,96.0
4779,22.0,95.0
4780,22.0,95.0
4781,22.0,53.0
4782,22.0,53.0
4783,22.0,54.0
4784,22.0,54.0
4785,22.0,54.0
4786,22.0,54.0
4787,22.0,54.0
4788,22.0,54.0
4789,22.0,54.0
4790,22.0,55.0
4791,22.0,55.0
4792,22.0,55.0
4793,22.0,55.0
4794,22.0,56.0
4795,22.0,56.0
4796,22.0,56.0
4797,22.0,56.0
4798,22.0,56.0
4799,22.0,55.0
4800,22.0,55.0
4801,22.0,57.0
4802,22.0,57.0
4803,22.0,58.0
4804,22.0,58.0
4805,22.0,58.0
4806,22.0,57.0
4807,22.0,57.0
4808,22.0,57.0
4809,22.0,57.0
4810,22.0,57.0
4811,22.0,58.0
4812,22.0,58.0
4813,22.0,58.0
4814,22.0,58.0
4815,22.0,58.0
4816,22.0,58.0
4817,22.0,58.0
4818,22.0,56.0
4819,22.0,56.0
4820,22.0,56.0
4821,22.0,56.0
4822,22.0,56.0
4823,22.0,57.0
4824,22.0,57.0
4825,22.0,58.0
4826,22.0,58.0
4827,22.0,59.0
4828,22.0,59.0
4829,22.0,53.0
4830,22.0,54.0
4831,22.0,54.0
4832,22.0,54.0
4833,22.0,55.0
4834,22.0,55.0
4835,22.0,55.0
4836,22.0,55.0
4837,22.0,55.0
4838,22.0,55.0
4839,22.0,55.0
4840,22.0,55.0
4841,22.0,55.0
4842,22.0,54.0
4843,22.0,55.0
4844,22.0,55.0
4845,22.0,56.0
4846,22.0,57.0
4847,22.0,57.0
4848,22.0,59.0
4849,22.0,60.0
4850,22.0,61.99999999999999
4851,22.0,63.0
4852,22.0,64.0
4853,22.0,63.0
4854,22.0,63.0
4855,22.0,63.0
4856,22.0,64.0
4857,22.0,64.0
4858,22.0,64.0
4859,22.0,64.0
4860,22.0,66.0
4861,22.0,66.0
4862,22.0,66.0
4863,22.0,67.0
4864,22.0,67.0
4865,22.0,68.0
4866,22.0,68.0
4867,22.0,69.0
4868,22.0,70.0
4869,22.0,69.0
4870,22.0,70.0
4871,22.0,71.0
4872,22.0,106.0
4873,22.0,100.0
4874,22.0,87.0
4875,22.0,78.0
4876,22.0,85.0
4877,22.0,44.0
4878,22.0,46.99999999999999
4879,22.0,49.0
4880,22.0,50.0
4881,22.0,51.00000000000001
4882,22.0,52.0
4883,22.0,52.0
4884,22.0,53.0
4885,22.0,53.0
4886,22.0,53.0
4887,22.0,54.0
4888,22.0,54.0
4889,22.0,55.0
4890,22.0,55.0
4891,22.0,55.0
4892,22.0,56.0
4893,22.0,56.0
4894,22.0,56.0
4895,22.0,56.0
4896,22.0,57.0
4897,22.0,57.0
4898,22.0,57.0
4899,22.0,57.0
4900,22.0,57.0
4901,22.0,68.0
4902,22.0,67.0
4903,22.0,66.0
4904,22.0,65.0
4905,22.0,65.0
4906,22.0,64.0
4907,22.0,63.0
4908,22.0,63.0
4909,22.0,61.99999999999999
4910,22.0,61.0
4911,22.0,61.99999999999999
4912,22.0,61.99999999999999
4913,22.0,60.0
4914,22.0,59.0
4915,22.0,59.0
4916,22.0,59.0
4917,22.0,59.0
4918,22.0,60.0
4919,22.0,59.0
4920,22.0,59.0
4921,22.0,58.0
4922,22.0,58.0
4923,22.0,58.0
4924,22.0,58.0
4925,22.0,58.0
4926,22.0,58.0
4927,22.0,60.0
4928,22.0,61.0
4929,22.0,61.0
4930,22.0,60.0
4931,22.0,59.0
4932,22.0,58.0
4933,22.0,58.0
4934,22.0,57.0
4935,22.0,57.0
4936,22.0,57.0
4937,22.0,56.0
4938,22.0,56.0
4939,22.0,56.0
4940,22.0,55.0
4941,22.0,55.0
4942,22.0,55.0
4943,22.0,55.0
4944,22.0,55.0
4945,22.0,54.0
4946,22.0,53.0
4947,22.0,52.0
4948,22.0,51.00000000000001
4949,22.0,59.0
4950,22.0,58.0
4951,22.0,59.0
4952,22.0,59.0
4953,22.0,58.0
4954,22.0,58.0
4955,22.0,58.0
4956,22.0,58.0
4957,22.0,57.0
4958,22.0,56.0
4959,22.0,55.0
4960,22.0,54.0
4961,22.0,54.0
4962,22.0,54.0
4963,22.0,54.0
4964,22.0,54.0
4965,22.0,54.0
4966,22.0,54.0
4967,22.0,54.0
4968,22.0,55.0
4969,22.0,55.0
4970,22.0,54.0
4971,22.0,55.0
4972,22.0,55.0
4973,22.0,50.0
4974,22.0,48.0
4975,22.0,48.0
4976,22.0,46.0
4977,22.0,46.99999999999999
4978,22.0,44.0
4979,22.0,43.0
4980,22.0,44.0
4981,22.0,43.0
4982,22.0,41.0
4983,22.0,39.0
4984,22.0,35.0
4985,22.0,35.0
4986,22.0,33.0
4987,22.0,33.0
4988,22.0,35.0
4989,22.0,38.0
4990,22.0,42.0
4991,22.0,42.0
4992,22.0,45.0
4993,22.0,49.0
4994,22.0,53.0
4995,22.0,54.0
4996,22.0,56.0
4997,22.0,167.0
4998,22.0,167.0
4999,22.0,167.99999999999997
5000,22.0,167.99999999999997
5001,22.0,167.99999999999997
5002,22.0,167.99999999999997
5003,22.0,167.99999999999997
5004,22.0,167.99999999999997
5005,22.0,167.99999999999997
5006,22.0,168.99999999999997
5007,22.0,168.99999999999997
5008,22.0,167.99999999999997
5009,22.0,167.0
5010,22.0,166.0
5011,22.0,164.0
5012,22.0,162.0
5013,22.0,160.0
5014,22.0,157.99999999999997
5015,22.0,156.0
5016,22.0,155.0
5017,22.0,153.0
5018,22.0,152.0
5019,22.0,149.0
5020,22.0,116.0
5021,22.0,64.0
5022,22.0,64.0
5023,22.0,64.0
5024,22.0,63.0
5025,22.0,63.0
5026,22.0,63.0
5027,22.0,63.0
5028,22.0,63.0
5029,22.0,61.99999999999999
5030,22.0,61.99999999999999
5031,22.0,61.0
5032,22.0,60.0
5033,22.0,61.0
5034,22.0,61.99999999999999
5035,22.0,60.0
5036,22.0,59.0
5037,22.0,59.0
5038,22.0,59.0
5039,22.0,59.0
5040,22.0,59.0
5041,22.0,59.0
5042,22.0,59.0
5043,22.0,59.0
5044,22.0,59.0
5045,22.0,61.99999999999999
5046,22.0,65.0
5047,22.0,67.0
5048,22.0,69.0
5049,22.0,71.0
5050,22.0,71.0
5051,22.0,73.0
5052,22.0,74.0
5053,22.0,75.0
5054,22.0,76.0
5055,22.0,77.0
5056,22.0,78.0
5057,22.0,80.0
5058,22.0,81.0
5059,22.0,81.0
5060,22.0,82.0
5061,22.0,83.0
5062,22.0,83.0
5063,22.0,83.0
5064,22.0,84.0
5065,22.0,84.0
5066,22.0,85.0
5067,22.0,86.0
5068,22.0,86.0
5069,22.0,61.99999999999999
5070,22.0,61.99999999999999
5071,22.0,63.0
5072,22.0,64.0
5073,22.0,64.0
5074,22.0,65.0
5075,22.0,65.0
5076,22.0,66.0
5077,22.0,67.0
5078,22.0,67.0
5079,22.0,68.0
5080,22.0,69.0
5081,22.0,70.0
5082,22.0,71.0
5083,22.0,70.0
5084,22.0,71.0
5085,22.0,71.0
5086,22.0,73.0
5087,22.0,90.0
5088,22.0,97.0
5089,22.0,90.0
5090,22.0,78.0
5091,22.0,78.99999999999999
5092,22.0,78.99999999999999
5093,22.0,80.0
5094,22.0,81.0
5095,22.0,82.0
5096,22.0,83.0
5097,22.0,84.0
5098,22.0,86.0
5099,22.0,87.0
5100,22.0,89.0
5101,22.0,90.0
5102,22.0,91.0
5103,22.0,92.0
5104,22.0,92.0
5105,22.0,92.0
5106,22.0,93.0
5107,22.0,93.99999999999999
5108,22.0,93.99999999999999
5109,22.0,93.99999999999999
5110,22.0,93.0
5111,22.0,92.0
5112,22.0,92.0
5113,22.0,91.0
5114,22.0,91.0
5115,22.0,91.0
5116,22.0,91.0
5117,22.0,90.0
5118,22.0,90.0
5119,22.0,90.0
5120,22.0,89.0
5121,22.0,88.0
5122,22.0,87.0
5123,22.0,86.0
5124,22.0,85.0
5125,22.0,84.0
5126,22.0,82.0
5127,22.0,81.0
5128,22.0,80.0
5129,22.0,80.0
5130,22.0,78.0
5131,22.0,77.0
5132,22.0,77.0
5133,22.0,76.0
5134,22.0,76.0
5135,22.0,76.0
5136,22.0,75.0
5137,22.0,75.0
5138,22.0,74.0
5139,22.0,73.0
5140,22.0,73.0
5141,22.0,73.0
5142,22.0,73.0
5143,22.0,72.0
5144,22.0,72.0
5145,22.0,72.0
5146,22.0,71.0
5147,22.0,70.0
5148,22.0,69.0
5149,22.0,69.0
5150,22.0,68.0
5151,22.0,67.0
5152,22.0,66.0
5153,22.0,65.0
5154,22.0,64.0
5155,22.0,63.0
5156,22.0,63.0
5157,22.0,63.0
5158,22.0,63.0
5159,22.0,63.0
5160,22.0,63.0
5161,22.0,64.0
5162,22.0,66.0
5163,22.0,67.0
5164,22.0,68.0
5165,22.0,68.0
5166,22.0,68.0
5167,22.0,68.0
5168,22.0,68.0
5169,22.0,69.0
5170,22.0,70.0
5171,22.0,71.0
5172,22.0,73.0
5173,22.0,73.0
5174,22.0,73.0
5175,22.0,74.0
5176,22.0,75.0
5177,22.0,76.0
5178,22.0,78.0
5179,22.0,78.99999999999999
5180,22.0,80.0
5181,22.0,81.0
5182,22.0,82.0
5183,22.0,83.0
5184,22.0,83.0
5185,22.0,83.0
5186,22.0,84.0
5187,22.0,84.0
5188,22.0,85.0
5189,22.0,86.0
5190,22.0,88.0
5191,22.0,89.0
5192,22.0,91.0
5193,22.0,92.0
5194,22.0,93.0
5195,22.0,93.99999999999999
5196,22.0,93.99999999999999
5197,22.0,96.0
5198,22.0,98.0
5199,22.0,100.0
5200,22.0,114.0
5201,22.0,127.0
5202,22.0,137.0
5203,22.0,143.0
5204,22.0,151.00000000000003
5205,22.0,151.00000000000003
5206,22.0,146.0
5207,22.0,134.0
5208,22.0,123.99999999999999
5209,22.0,113.0
5210,22.0,103.0
5211,22.0,99.0
5212,22.0,98.0
5213,22.0,97.0
5214,22.0,95.0
5215,22.0,93.0
5216,22.0,91.0
5217,22.0,90.0
5218,22.0,89.0
5219,22.0,88.0
5220,22.0,87.0
5221,22.0,86.0
5222,22.0,85.0
5223,22.0,85.0
5224,22.0,84.0
5225,22.0,83.0
5226,22.0,82.0
5227,22.0,81.0
5228,22.0,80.0
5229,22.0,80.0
5230,22.0,81.0
5231,22.0,82.0
5232,22.0,82.0
5233,22.0,82.0
5234,22.0,82.0
5235,22.0,83.0
5236,22.0,83.0
5237,22.0,84.0
5238,22.0,83.0
5239,22.0,84.0
5240,22.0,84.0
5241,22.0,84.0
5242,22.0,83.0
5243,22.0,83.0
5244,22.0,83.0
5245,22.0,82.0
5246,22.0,81.0
5247,22.0,81.0
5248,22.0,80.0
5249,22.0,78.0
5250,22.0,77.0
5251,22.0,76.0
5252,22.0,75.0
5253,22.0,73.0
5254,22.0,71.0
5255,22.0,72.0
5256,22.0,72.0
5257,22.0,71.0
5258,22.0,71.0
5259,22.0,71.0
5260,22.0,69.0
5261,22.0,68.0
5262,22.0,68.0
5263,22.0,66.0
5264,22.0,66.0
5265,22.0,65.0
5266,22.0,65.0
5267,22.0,64.0
5268,22.0,64.0
5269,22.0,63.0
5270,22.0,61.99999999999999
5271,22.0,61.99999999999999
5272,22.0,61.0
5273,22.0,61.99999999999999
5274,22.0,61.0
5275,22.0,61.0
5276,22.0,61.0
5277,22.0,61.0
5278,22.0,60.0
5279,22.0,60.0
5280,22.0,59.0
5281,22.0,59.0
5282,22.0,60.0
5283,22.0,60.0
5284,22.0,61.0
5285,22.0,61.0
5286,22.0,61.99999999999999
5287,22.0,61.99999999999999
5288,22.0,61.99999999999999
5289,22.0,61.99999999999999
5290,22.0,63.0
5291,22.0,63.0
5292,22.0,63.0
5293,22.0,63.0
5294,22.0,63.0
5295,22.0,61.99999999999999
5296,22.0,61.0
5297,22.0,61.0
5298,22.0,61.0
5299,22.0,61.0
5300,22.0,61.0
5301,22.0,61.0
5302,22.0,61.0
5303,22.0,61.0
5304,22.0,61.0
5305,22.0,61.0
5306,22.0,60.0
5307,22.0,60.0
5308,22.0,59.0
5309,22.0,59.0
5310,22.0,58.0
5311,22.0,57.0
5312,22.0,57.0
5313,22.0,56.0
5314,22.0,56.0
5315,22.0,56.0
5316,22.0,56.0
5317,22.0,55.0
5318,22.0,55.0
5319,22.0,56.0
5320,22.0,56.0
5321,22.0,56.0
5322,22.0,57.0
5323,22.0,57.0
5324,22.0,57.0
5325,22.0,58.0
5326,22.0,58.0
5327,22.0,57.0
5328,22.0,57.0
5329,22.0,56.0
5330,22.0,56.0
5331,22.0,56.0
5332,22.0,56.0
5333,22.0,56.0
5334,22.0,57.0
5335,22.0,57.0
5336,22.0,58.0
5337,22.0,58.0
5338,22.0,57.0
5339,22.0,57.0
5340,22.0,57.0
5341,22.0,57.0
5342,22.0,58.0
5343,22.0,57.0
5344,22.0,58.0
5345,22.0,58.0
5346,22.0,58.0
5347,22.0,58.0
5348,22.0,58.0
5349,22.0,56.0
5350,22.0,56.0
5351,22.0,56.0
5352,22.0,56.0
5353,22.0,57.0
5354,22.0,57.0
5355,22.0,57.0
5356,22.0,57.0
5357,22.0,57.0
5358,22.0,57.0
5359,22.0,57.0
5360,22.0,57.0
5361,22.0,57.0
5362,22.0,57.0
5363,22.0,57.0
5364,22.0,57.0
5365,22.0,57.0
5366,22.0,57.0
5367,22.0,58.0
5368,22.0,58.0
5369,22.0,58.0
5370,22.0,57.0
5371,22.0,56.0
5372,22.0,56.0
5373,22.0,56.0
5374,22.0,56.0
5375,22.0,57.0
5376,22.0,57.0
5377,22.0,57.0
5378,22.0,57.0
5379,22.0,58.0
5380,22.0,58.0
5381,22.0,58.0
5382,22.0,58.0
5383,22.0,58.0
5384,22.0,58.0
5385,22.0,58.0
5386,22.0,58.0
5387,22.0,58.0
5388,22.0,58.0
5389,22.0,58.0
5390,22.0,57.0
5391,22.0,57.0
5392,22.0,56.0
5393,22.0,57.0
5394,22.0,57.0
5395,22.0,58.0
5396,22.0,57.0
5397,22.0,57.0
5398,22.0,57.0
5399,22.0,57.0
5400,22.0,57.0
5401,22.0,56.0
5402,22.0,57.0
5403,22.0,56.0
5404,22.0,56.0
5405,22.0,56.0
5406,22.0,57.0
5407,22.0,57.0
5408,22.0,57.0
5409,22.0,57.0
5410,22.0,57.0
5411,22.0,57.0
5412,22.0,58.0
5413,22.0,58.0
5414,22.0,58.0
5415,22.0,59.0
5416,22.0,59.0
5417,22.0,60.0
5418,22.0,60.0
5419,22.0,61.0
5420,22.0,61.99999999999999
5421,22.0,63.0
5422,22.0,64.0
5423,22.0,66.0
5424,22.0,67.0
5425,22.0,68.0
5426,22.0,68.0
5427,22.0,69.0
5428,22.0,70.0
5429,22.0,71.0
5430,22.0,71.0
5431,22.0,72.0
5432,22.0,73.0
5433,22.0,74.0
5434,22.0,74.0
5435,22.0,75.0
5436,22.0,76.0
5437,22.0,77.0
5438,22.0,78.0
5439,22.0,78.0
5440,22.0,78.0
5441,22.0,78.0
5442,22.0,78.99999999999999
5443,22.0,78.0
5444,22.0,78.99999999999999
5445,22.0,78.99999999999999
5446,22.0,78.0
5447,22.0,77.0
5448,22.0,77.0
5449,22.0,77.0
5450,22.0,76.0
5451,22.0,76.0
5452,22.0,75.0
5453,22.0,75.0
5454,22.0,74.0
5455,22.0,74.0
5456,22.0,73.0
5457,22.0,72.0
5458,22.0,72.0
5459,22.0,71.0
5460,22.0,70.0
5461,22.0,69.0
5462,22.0,68.0
5463,22.0,67.0
5464,22.0,67.0
5465,22.0,67.0
5466,22.0,65.0
5467,22.0,65.0
5468,22.0,63.0
5469,22.0,64.0
5470,22.0,64.0
5471,22.0,63.0
5472,22.0,63.0
5473,22.0,61.99999999999999
5474,22.0,61.99999999999999
5475,22.0,61.99999999999999
5476,22.0,61.99999999999999
5477,22.0,61.0
5478,22.0,60.0
5479,22.0,60.0
5480,22.0,60.0
5481,22.0,60.0
5482,22.0,60.0
5483,22.0,60.0
5484,22.0,60.0
5485,22.0,59.0
5486,22.0,59.0
5487,22.0,59.0
5488,22.0,58.0
5489,22.0,58.0
5490,22.0,58.0
5491,22.0,58.0
5492,22.0,59.0
5493,22.0,58.0
5494,22.0,58.0
5495,22.0,58.0
5496,22.0,58.0
5497,22.0,58.0
5498,22.0,58.0
5499,22.0,58.0
5500,22.0,58.0
5501,22.0,58.0
5502,22.0,58.0
5503,22.0,59.0
5504,22.0,59.0
5505,22.0,59.0
5506,22.0,60.0
5507,22.0,60.0
5508,22.0,60.0
5509,22.0,60.0
5510,22.0,61.0
5511,22.0,61.99999999999999
5512,22.0,61.99999999999999
5513,22.0,61.99999999999999
5514,22.0,61.99999999999999
5515,22.0,61.99999999999999
5516,22.0,63.0
5517,22.0,63.0
5518,22.0,64.0
5519,22.0,66.0
5520,22.0,67.0
5521,22.0,67.0
5522,22.0,66.0
5523,22.0,66.0
5524,22.0,66.0
5525,22.0,59.0
5526,22.0,59.0
5527,22.0,59.0
5528,22.0,59.0
5529,22.0,59.0
5530,22.0,59.0
5531,22.0,59.0
5532,22.0,58.0
5533,22.0,58.0
5534,22.0,58.0
5535,22.0,59.0
5536,22.0,59.0
5537,22.0,59.0
5538,22.0,59.0
5539,22.0,59.0
5540,22.0,59.0
5541,22.0,59.0
5542,22.0,60.0
5543,22.0,60.0
5544,22.0,60.0
5545,22.0,58.0
5546,22.0,58.0
5547,22.0,58.0
5548,22.0,57.0
5549,22.0,60.0
5550,22.0,61.0
5551,22.0,61.99999999999999
5552,22.0,61.99999999999999
5553,22.0,61.99999999999999
5554,22.0,61.99999999999999
5555,22.0,61.99999999999999
5556,22.0,61.99999999999999
5557,22.0,61.0
5558,22.0,61.0
5559,22.0,61.0
5560,22.0,60.0
5561,22.0,60.0
5562,22.0,60.0
5563,22.0,61.0
5564,22.0,60.0
5565,22.0,60.0
5566,22.0,60.0
5567,22.0,59.0
5568,22.0,58.0
5569,22.0,56.0
5570,22.0,56.0
5571,22.0,55.0
5572,22.0,55.0
5573,22.0,66.0
5574,22.0,67.0
5575,22.0,68.0
5576,22.0,69.0
5577,22.0,70.0
5578,22.0,70.0
5579,22.0,70.0
5580,22.0,71.0
5581,22.0,73.0
5582,22.0,73.0
5583,22.0,73.0
5584,22.0,73.0
5585,22.0,73.0
5586,22.0,74.0
5587,22.0,75.0
5588,22.0,76.0
5589,22.0,76.0
5590,22.0,77.0
5591,22.0,77.0
5592,22.0,75.0
5593,22.0,74.0
5594,22.0,73.0
5595,22.0,74.0
5596,22.0,72.0
5597,22.0,87.0
5598,22.0,88.0
5599,22.0,90.0
5600,22.0,91.0
5601,22.0,92.0
5602,22.0,93.0
5603,22.0,93.99999999999999
5604,22.0,93.99999999999999
5605,22.0,95.0
5606,22.0,95.0
5607,22.0,95.0
5608,22.0,96.0
5609,22.0,98.0
5610,22.0,99.0
5611,22.0,100.0
5612,22.0,114.0
5613,22.0,123.99999999999999
5614,22.0,151.00000000000003
5615,22.0,161.0
5616,22.0,154.0
5617,22.0,140.0
5618,22.0,116.0
5619,22.0,99.0
5620,22.0,95.0
5621,22.0,58.0
5622,22.0,58.0
5623,22.0,58.0
5624,22.0,59.0
5625,22.0,59.0
5626,22.0,59.0
5627,22.0,60.0
5628,22.0,60.0
5629,22.0,61.0
5630,22.0,61.0
5631,22.0,61.0
5632,22.0,61.99999999999999
5633,22.0,61.99999999999999
5634,22.0,61.99999999999999
5635,22.0,61.99999999999999
5636,22.0,61.99999999999999
5637,22.0,63.0
5638,22.0,63.0
5639,22.0,63.0
5640,22.0,63.0
5641,22.0,63.0
5642,22.0,63.0
5643,22.0,64.0
5644,22.0,64.0
5645,22.0,58.0
5646,22.0,59.0
5647,22.0,60.0
5648,22.0,60.0
5649,22.0,61.0
5650,22.0,60.0
5651,22.0,61.0
5652,22.0,61.0
5653,22.0,61.0
5654,22.0,61.0
5655,22.0,61.0
5656,22.0,61.99999999999999
5657,22.0,63.0
5658,22.0,64.0
5659,22.0,64.0
5660,22.0,64.0
5661,22.0,64.0
5662,22.0,64.0
5663,22.0,65.0
5664,22.0,65.0
5665,22.0,66.0
5666,22.0,67.0
5667,22.0,67.0
5668,22.0,68.0
5669,22.0,49.0
5670,22.0,45.0
5671,22.0,38.0
5672,22.0,30.999999999999996
5673,22.0,27.0
5674,22.0,28.0
5675,22.0,27.0
5676,22.0,27.0
5677,22.0,27.0
5678,22.0,28.0
5679,22.0,27.0
5680,22.0,27.0
5681,22.0,27.0
5682,22.0,27.0
5683,22.0,29.0
5684,22.0,28.0
5685,22.0,30.999999999999996
5686,22.0,33.0
5687,22.0,38.0
5688,22.0,41.0
5689,22.0,42.0
5690,22.0,42.0
5691,22.0,40.0
5692,22.0,37.0
5693,22.0,56.0
5694,22.0,56.0
5695,22.0,56.0
5696,22.0,57.0
5697,22.0,57.0
5698,22.0,58.0
5699,22.0,58.0
5700,22.0,58.0
5701,22.0,59.0
5702,22.0,60.0
5703,22.0,61.0
5704,22.0,61.99999999999999
5705,22.0,61.99999999999999
5706,22.0,63.0
5707,22.0,63.0
5708,22.0,63.0
5709,22.0,64.0
5710,22.0,63.0
5711,22.0,63.0
5712,22.0,64.0
5713,22.0,64.0
5714,22.0,64.0
5715,22.0,64.0
5716,22.0,64.0
5717,22.0,57.0
5718,22.0,58.0
5719,22.0,59.0
5720,22.0,61.0
5721,22.0,61.99999999999999
5722,22.0,63.0
5723,22.0,65.0
5724,22.0,66.0
5725,22.0,67.0
5726,22.0,68.0
5727,22.0,70.0
5728,22.0,72.0
5729,22.0,73.0
5730,22.0,74.0
5731,22.0,75.0
5732,22.0,76.0
5733,22.0,77.0
5734,22.0,78.0
5735,22.0,80.0
5736,22.0,82.0
5737,22.0,83.0
5738,22.0,82.0
5739,22.0,83.0
5740,22.0,84.0
5741,22.0,98.0
5742,22.0,93.99999999999999
5743,22.0,90.0
5744,22.0,86.0
5745,22.0,83.0
5746,22.0,81.0
5747,22.0,78.0
5748,22.0,75.0
5749,22.0,72.0
5750,22.0,68.0
5751,22.0,66.0
5752,22.0,63.0
5753,22.0,61.99999999999999
5754,22.0,61.0
5755,22.0,60.0
5756,22.0,60.0
5757,22.0,60.0
5758,22.0,84.0
5759,22.0,104.0
5760,22.0,84.0
5761,22.0,64.0
5762,22.0,60.0
5763,22.0,60.0
5764,22.0,60.0
5765,22.0,59.0
5766,22.0,58.0
5767,22.0,58.0
5768,22.0,58.0
5769,22.0,58.0
5770,22.0,58.0
5771,22.0,58.0
5772,22.0,58.0
5773,22.0,58.0
5774,22.0,58.0
5775,22.0,57.0
5776,22.0,57.0
5777,22.0,56.0
5778,22.0,55.0
5779,22.0,55.0
5780,22.0,56.0
5781,22.0,56.0
5782,22.0,55.0
5783,22.0,55.0
5784,22.0,56.0
5785,22.0,55.0
5786,22.0,55.0
5787,22.0,54.0
5788,22.0,54.0
5789,22.0,86.0
5790,22.0,86.0
5791,22.0,86.0
5792,22.0,86.0
5793,22.0,85.0
5794,22.0,85.0
5795,22.0,85.0
5796,22.0,85.0
5797,22.0,85.0
5798,22.0,85.0
5799,22.0,86.0
5800,22.0,86.0
5801,22.0,85.0
5802,22.0,85.0
5803,22.0,86.0
5804,22.0,86.0
5805,22.0,87.0
5806,22.0,87.0
5807,22.0,87.0
5808,22.0,86.0
5809,22.0,86.0
5810,22.0,85.0
5811,22.0,84.0
5812,22.0,83.0
5813,22.0,61.99999999999999
5814,22.0,61.99999999999999
5815,22.0,61.99999999999999
5816,22.0,61.99999999999999
5817,22.0,61.0
5818,22.0,63.0
5819,22.0,63.0
5820,22.0,63.0
5821,22.0,64.0
5822,22.0,64.0
5823,22.0,65.0
5824,22.0,65.0
5825,22.0,65.0
5826,22.0,64.0
5827,22.0,64.0
5828,22.0,65.0
5829,22.0,65.0
5830,22.0,65.0
5831,22.0,65.0
5832,22.0,64.0
5833,22.0,65.0
5834,22.0,65.0
5835,22.0,65.0
5836,22.0,63.0
5837,22.0,63.0
5838,22.0,61.99999999999999
5839,22.0,61.0
5840,22.0,60.0
5841,22.0,60.0
5842,22.0,59.0
5843,22.0,59.0
5844,22.0,59.0
5845,22.0,59.0
5846,22.0,59.0
5847,22.0,60.0
5848,22.0,60.0
5849,22.0,59.0
5850,22.0,59.0
5851,22.0,58.0
5852,22.0,57.0
5853,22.0,57.0
5854,22.0,58.0
5855,22.0,58.0
5856,22.0,59.0
5857,22.0,60.0
5858,22.0,59.0
5859,22.0,59.0
5860,22.0,59.0
5861,22.0,59.0
5862,22.0,59.0
5863,22.0,58.0
5864,22.0,58.0
5865,22.0,57.0
5866,22.0,57.0
5867,22.0,57.0
5868,22.0,57.0
5869,22.0,56.0
5870,22.0,56.0
5871,22.0,55.0
5872,22.0,54.0
5873,22.0,55.0
5874,22.0,55.0
5875,22.0,56.0
5876,22.0,56.0
5877,22.0,56.0
5878,22.0,56.0
5879,22.0,55.0
5880,22.0,55.0
5881,22.0,54.0
5882,22.0,54.0
5883,22.0,53.0
5884,22.0,52.0
5885,22.0,51.00000000000001
5886,22.0,51.00000000000001
5887,22.0,51.00000000000001
5888,22.0,51.00000000000001
5889,22.0,52.0
5890,22.0,51.00000000000001
5891,22.0,50.0
5892,22.0,48.0
5893,22.0,48.0
5894,22.0,48.0
5895,22.0,46.0
5896,22.0,46.0
5897,22.0,46.99999999999999
5898,22.0,48.0
5899,22.0,46.99999999999999
5900,22.0,49.0
5901,22.0,52.0
5902,22.0,53.0
5903,22.0,53.0
5904,22.0,53.0
5905,22.0,53.0
5906,22.0,54.0
5907,22.0,54.0
5908,22.0,55.0
5909,22.0,55.0
5910,22.0,55.0
5911,22.0,57.0
5912,22.0,58.0
5913,22.0,58.0
5914,22.0,59.0
5915,22.0,60.0
5916,22.0,61.0
5917,22.0,61.99999999999999
5918,22.0,63.0
5919,22.0,65.0
5920,22.0,65.0
5921,22.0,66.0
5922,22.0,66.0
5923,22.0,66.0
5924,22.0,67.0
5925,22.0,66.0
5926,22.0,66.0
5927,22.0,67.0
5928,22.0,67.0
5929,22.0,66.0
5930,22.0,66.0
5931,22.0,66.0
5932,22.0,65.0
5933,22.0,65.0
5934,22.0,65.0
5935,22.0,64.0
5936,22.0,64.0
5937,22.0,63.0
5938,22.0,61.0
5939,22.0,61.0
5940,22.0,61.0
5941,22.0,60.0
5942,22.0,59.0
5943,22.0,58.0
5944,22.0,57.0
5945,22.0,57.0
5946,22.0,56.0
5947,22.0,56.0
5948,22.0,55.0
5949,22.0,54.0
5950,22.0,54.0
5951,22.0,54.0
5952,22.0,53.0
5953,22.0,54.0
5954,22.0,54.0
5955,22.0,55.0
5956,22.0,54.0
5957,22.0,54.0
5958,22.0,55.0
5959,22.0,55.0
5960,22.0,55.0
5961,22.0,55.0
5962,22.0,55.0
5963,22.0,55.0
5964,22.0,55.0
5965,22.0,55.0
5966,22.0,55.0
5967,22.0,55.0
5968,22.0,56.0
5969,22.0,56.0
5970,22.0,56.0
5971,22.0,56.0
5972,22.0,57.0
5973,22.0,56.0
5974,22.0,56.0
5975,22.0,55.0
5976,22.0,55.0
5977,22.0,54.0
5978,22.0,54.0
5979,22.0,54.0
5980,22.0,55.0
5981,22.0,55.0
5982,22.0,55.0
5983,22.0,55.0
5984,22.0,56.0
5985,22.0,56.0
5986,22.0,56.0
5987,22.0,56.0
5988,22.0,56.0
5989,22.0,56.0
5990,22.0,56.0
5991,22.0,57.0
5992,22.0,56.0
5993,22.0,55.0
5994,22.0,55.0
5995,22.0,55.0
5996,22.0,56.0
5997,22.0,56.0
5998,22.0,57.0
5999,22.0,57.0
6000,22.0,57.0
6001,22.0,57.0
6002,22.0,57.0
6003,22.0,58.0
6004,22.0,57.0
6005,22.0,57.0
6006,22.0,57.0
6007,22.0,57.0
6008,22.0,57.0
6009,22.0,56.0
6010,22.0,56.0
6011,22.0,57.0
6012,22.0,57.0
6013,22.0,57.0
6014,22.0,57.0
6015,22.0,57.0
6016,22.0,57.0
6017,22.0,57.0
6018,22.0,58.0
6019,22.0,58.0
6020,22.0,58.0
6021,22.0,58.0
6022,22.0,58.0
6023,22.0,58.0
6024,22.0,59.0
6025,22.0,59.0
6026,22.0,58.0
6027,22.0,58.0
6028,22.0,58.0
6029,22.0,58.0
6030,22.0,58.0
6031,22.0,58.0
6032,22.0,57.0
6033,22.0,57.0
6034,22.0,56.0
6035,22.0,56.0
6036,22.0,55.0
6037,22.0,55.0
6038,22.0,54.0
6039,22.0,54.0
6040,22.0,54.0
6041,22.0,54.0
6042,22.0,55.0
6043,22.0,55.0
6044,22.0,55.0
6045,22.0,56.0
6046,22.0,55.0
6047,22.0,55.0
6048,22.0,55.0
6049,22.0,54.0
6050,22.0,55.0
6051,22.0,55.0
6052,22.0,54.0
6053,22.0,54.0
6054,22.0,54.0
6055,22.0,53.0
6056,22.0,54.0
6057,22.0,54.0
6058,22.0,54.0
6059,22.0,54.0
6060,22.0,54.0
6061,22.0,54.0
6062,22.0,54.0
6063,22.0,54.0
6064,22.0,55.0
6065,22.0,55.0
6066,22.0,54.0
6067,22.0,53.0
6068,22.0,53.0
6069,22.0,53.0
6070,22.0,53.0
6071,22.0,53.0
6072,22.0,52.0
6073,22.0,52.0
6074,22.0,52.0
6075,22.0,51.00000000000001
6076,22.0,51.00000000000001
6077,22.0,52.0
6078,22.0,52.0
6079,22.0,52.0
6080,22.0,52.0
6081,22.0,52.0
6082,22.0,52.0
6083,22.0,52.0
6084,22.0,52.0
6085,22.0,52.0
6086,22.0,53.0
6087,22.0,53.0
6088,22.0,53.0
6089,22.0,54.0
6090,22.0,55.0
6091,22.0,55.0
6092,22.0,55.0
6093,22.0,54.0
6094,22.0,54.0
6095,22.0,54.0
6096,22.0,55.0
6097,22.0,56.0
6098,22.0,56.0
6099,22.0,57.0
6100,22.0,58.0
6101,22.0,58.0
6102,22.0,59.0
6103,22.0,59.0
6104,22.0,59.0
6105,22.0,59.0
6106,22.0,59.0
6107,22.0,59.0
6108,22.0,59.0
6109,22.0,59.0
6110,22.0,59.0
6111,22.0,59.0
6112,22.0,59.0
6113,22.0,58.0
6114,22.0,58.0
6115,22.0,58.0
6116,22.0,58.0
6117,22.0,58.0
6118,22.0,59.0
6119,22.0,59.0
6120,22.0,59.0
6121,22.0,58.0
6122,22.0,58.0
6123,22.0,58.0
6124,22.0,57.0
6125,22.0,57.0
6126,22.0,56.0
6127,22.0,56.0
6128,22.0,56.0
6129,22.0,56.0
6130,22.0,56.0
6131,22.0,56.0
6132,22.0,56.0
6133,22.0,56.0
6134,22.0,55.0
6135,22.0,54.0
6136,22.0,53.0
6137,22.0,53.0
6138,22.0,52.0
6139,22.0,51.00000000000001
6140,22.0,49.0
6141,22.0,48.0
6142,22.0,46.99999999999999
6143,22.0,44.0
6144,22.0,43.0
6145,22.0,42.0
6146,22.0,40.0
6147,22.0,39.0
6148,22.0,39.0
6149,22.0,37.0
6150,22.0,38.0
6151,22.0,37.0
6152,22.0,36.0
6153,22.0,33.0
6154,22.0,30.999999999999996
6155,22.0,32.0
6156,22.0,32.0
6157,22.0,30.0
6158,22.0,30.999999999999996
6159,22.0,32.0
6160,22.0,32.0
6161,22.0,32.0
6162,22.0,32.0
6163,22.0,35.0
6164,22.0,37.0
6165,22.0,38.0
6166,22.0,40.0
6167,22.0,41.0
6168,22.0,42.0
6169,22.0,45.0
6170,22.0,46.99999999999999
6171,22.0,49.0
6172,22.0,51.00000000000001
6173,22.0,52.0
6174,22.0,52.0
6175,22.0,52.0
6176,22.0,52.0
6177,22.0,52.0
6178,22.0,52.0
6179,22.0,52.0
6180,22.0,53.0
6181,22.0,53.0
6182,22.0,53.0
6183,22.0,53.0
6184,22.0,53.0
6185,22.0,53.0
6186,22.0,53.0
6187,22.0,52.0
6188,22.0,52.0
6189,22.0,51.00000000000001
6190,22.0,46.99999999999999
6191,22.0,46.99999999999999
6192,22.0,48.0
6193,22.0,44.0
6194,22.0,42.0
6195,22.0,39.0
6196,22.0,36.0
6197,22.0,36.0
6198,22.0,34.0
6199,22.0,33.0
6200,22.0,32.0
6201,22.0,32.0
6202,22.0,33.0
6203,22.0,32.0
6204,22.0,32.0
6205,22.0,32.0
6206,22.0,30.999999999999996
6207,22.0,32.0
6208,22.0,30.999999999999996
6209,22.0,30.999999999999996
6210,22.0,33.0
6211,22.0,34.0
6212,22.0,33.0
6213,22.0,35.0
6214,22.0,36.0
6215,22.0,36.0
6216,22.0,38.0
6217,22.0,36.0
6218,22.0,37.0
6219,22.0,36.0
6220,22.0,37.0
6221,22.0,38.0
6222,22.0,39.0
6223,22.0,42.0
6224,22.0,44.0
6225,22.0,44.0
6226,22.0,44.0
6227,22.0,46.99999999999999
6228,22.0,50.0
6229,22.0,52.0
6230,22.0,52.0
6231,22.0,53.0
6232,22.0,55.0
6233,22.0,55.0
6234,22.0,55.0
6235,22.0,54.0
6236,22.0,54.0
6237,22.0,55.0
6238,22.0,54.0
6239,22.0,54.0
6240,22.0,54.0
6241,22.0,55.0
6242,22.0,55.0
6243,22.0,55.0
6244,22.0,55.0
6245,22.0,57.0
6246,22.0,57.0
6247,22.0,57.0
6248,22.0,57.0
6249,22.0,57.0
6250,22.0,57.0
6251,22.0,57.0
6252,22.0,58.0
6253,22.0,58.0
6254,22.0,57.0
6255,22.0,57.0
6256,22.0,56.0
6257,22.0,56.0
6258,22.0,56.0
6259,22.0,57.0
6260,22.0,57.0
6261,22.0,57.0
6262,22.0,57.0
6263,22.0,57.0
6264,22.0,57.0
6265,22.0,57.0
6266,22.0,58.0
6267,22.0,58.0
6268,22.0,59.0
6269,22.0,55.0
6270,22.0,54.0
6271,22.0,54.0
6272,22.0,53.0
6273,22.0,53.0
6274,22.0,53.0
6275,22.0,53.0
6276,22.0,52.0
6277,22.0,52.0
6278,22.0,52.0
6279,22.0,52.0
6280,22.0,52.0
6281,22.0,52.0
6282,22.0,52.0
6283,22.0,51.00000000000001
6284,22.0,51.00000000000001
6285,22.0,52.0
6286,22.0,52.0
6287,22.0,52.0
6288,22.0,52.0
6289,22.0,52.0
6290,22.0,51.00000000000001
6291,22.0,49.0
6292,22.0,48.0
6293,22.0,70.0
6294,22.0,68.0
6295,22.0,68.0
6296,22.0,67.0
6297,22.0,66.0
6298,22.0,66.0
6299,22.0,66.0
6300,22.0,65.0
6301,22.0,64.0
6302,22.0,64.0
6303,22.0,63.0
6304,22.0,63.0
6305,22.0,61.99999999999999
6306,22.0,63.0
6307,22.0,61.0
6308,22.0,60.0
6309,22.0,59.0
6310,22.0,58.0
6311,22.0,58.0
6312,22.0,58.0
6313,22.0,57.0
6314,22.0,57.0
6315,22.0,56.0
6316,22.0,57.0
6317,22.0,93.99999999999999
6318,22.0,93.99999999999999
6319,22.0,92.0
6320,22.0,92.0
6321,22.0,91.0
6322,22.0,91.0
6323,22.0,92.0
6324,22.0,90.0
6325,22.0,90.0
6326,22.0,90.0
6327,22.0,90.0
6328,22.0,91.0
6329,22.0,90.0
6330,22.0,90.0
6331,22.0,90.0
6332,22.0,90.0
6333,22.0,90.0
6334,22.0,89.0
6335,22.0,89.0
6336,22.0,88.0
6337,22.0,88.0
6338,22.0,88.0
6339,22.0,88.0
6340,22.0,87.0
6341,22.0,64.0
6342,22.0,64.0
6343,22.0,64.0
6344,22.0,64.0
6345,22.0,64.0
6346,22.0,64.0
6347,22.0,64.0
6348,22.0,64.0
6349,22.0,63.0
6350,22.0,63.0
6351,22.0,63.0
6352,22.0,61.99999999999999
6353,22.0,61.99999999999999
6354,22.0,61.0
6355,22.0,61.0
6356,22.0,61.0
6357,22.0,61.0
6358,22.0,60.0
6359,22.0,60.0
6360,22.0,60.0
6361,22.0,61.0
6362,22.0,61.0
6363,22.0,61.0
6364,22.0,61.0
6365,22.0,68.0
6366,22.0,68.0
6367,22.0,68.0
6368,22.0,67.0
6369,22.0,66.0
6370,22.0,66.0
6371,22.0,65.0
6372,22.0,64.0
6373,22.0,64.0
6374,22.0,64.0
6375,22.0,63.0
6376,22.0,61.99999999999999
6377,22.0,61.0
6378,22.0,60.0
6379,22.0,61.0
6380,22.0,61.0
6381,22.0,61.0
6382,22.0,60.0
6383,22.0,59.0
6384,22.0,59.0
6385,22.0,58.0
6386,22.0,57.0
6387,22.0,57.0
6388,22.0,56.0
6389,22.0,37.0
6390,22.0,37.0
6391,22.0,38.0
6392,22.0,39.0
6393,22.0,40.0
6394,22.0,41.0
6395,22.0,41.0
6396,22.0,43.0
6397,22.0,44.0
6398,22.0,45.0
6399,22.0,46.99999999999999
6400,22.0,49.0
6401,22.0,50.0
6402,22.0,49.0
6403,22.0,46.99999999999999
6404,22.0,46.99999999999999
6405,22.0,45.0
6406,22.0,44.0
6407,22.0,42.0
6408,22.0,40.0
6409,22.0,40.0
6410,22.0,41.0
6411,22.0,42.0
6412,22.0,44.0
6413,22.0,64.0
6414,22.0,64.0
6415,22.0,64.0
6416,22.0,64.0
6417,22.0,63.0
6418,22.0,63.0
6419,22.0,63.0
6420,22.0,63.0
6421,22.0,63.0
6422,22.0,63.0
6423,22.0,64.0
6424,22.0,64.0
6425,22.0,63.0
6426,22.0,64.0
6427,22.0,64.0
6428,22.0,64.0
6429,22.0,63.0
6430,22.0,63.0
6431,22.0,61.99999999999999
6432,22.0,61.0
6433,22.0,61.0
6434,22.0,61.0
6435,22.0,61.0
6436,22.0,61.0
6437,22.0,85.0
6438,22.0,87.0
6439,22.0,88.0
6440,22.0,88.0
6441,22.0,89.0
6442,22.0,89.0
6443,22.0,90.0
6444,22.0,91.0
6445,22.0,91.0
6446,22.0,92.0
6447,22.0,93.0
6448,22.0,93.99999999999999
6449,22.0,95.0
6450,22.0,96.0
6451,22.0,96.0
6452,22.0,96.0
6453,22.0,96.0
6454,22.0,95.0
6455,22.0,93.99999999999999
6456,22.0,93.99999999999999
6457,22.0,93.0
6458,22.0,93.0
6459,22.0,92.0
6460,22.0,91.0
6461,22.0,60.0
6462,22.0,60.0
6463,22.0,60.0
6464,22.0,60.0
6465,22.0,59.0
6466,22.0,58.0
6467,22.0,58.0
6468,22.0,57.0
6469,22.0,57.0
6470,22.0,57.0
6471,22.0,57.0
6472,22.0,58.0
6473,22.0,58.0
6474,22.0,58.0
6475,22.0,59.0
6476,22.0,59.0
6477,22.0,60.0
6478,22.0,60.0
6479,22.0,60.0
6480,22.0,61.0
6481,22.0,61.0
6482,22.0,61.0
6483,22.0,61.0
6484,22.0,61.99999999999999
6485,22.0,55.0
6486,22.0,56.0
6487,22.0,58.0
6488,22.0,59.0
6489,22.0,60.0
6490,22.0,60.0
6491,22.0,60.0
6492,22.0,59.0
6493,22.0,60.0
6494,22.0,59.0
6495,22.0,59.0
6496,22.0,59.0
6497,22.0,59.0
6498,22.0,61.0
6499,22.0,61.0
6500,22.0,60.0
6501,22.0,60.0
6502,22.0,60.0
6503,22.0,59.0
6504,22.0,59.0
6505,22.0,59.0
6506,22.0,59.0
6507,22.0,60.0
6508,22.0,61.99999999999999
6509,22.0,81.0
6510,22.0,80.0
6511,22.0,78.99999999999999
6512,22.0,78.99999999999999
6513,22.0,78.0
6514,22.0,77.0
6515,22.0,77.0
6516,22.0,77.0
6517,22.0,77.0
6518,22.0,76.0
6519,22.0,76.0
6520,22.0,76.0
6521,22.0,77.0
6522,22.0,77.0
6523,22.0,77.0
6524,22.0,76.0
6525,22.0,75.0
6526,22.0,75.0
6527,22.0,74.0
6528,22.0,73.0
6529,22.0,73.0
6530,22.0,73.0
6531,22.0,73.0
6532,22.0,72.0
6533,22.0,73.0
6534,22.0,73.0
6535,22.0,74.0
6536,22.0,74.0
6537,22.0,74.0
6538,22.0,72.0
6539,22.0,72.0
6540,22.0,72.0
6541,22.0,72.0
6542,22.0,71.0
6543,22.0,72.0
6544,22.0,71.0
6545,22.0,69.0
6546,22.0,68.0
6547,22.0,69.0
6548,22.0,68.0
6549,22.0,68.0
6550,22.0,68.0
6551,22.0,68.0
6552,22.0,68.0
6553,22.0,68.0
6554,22.0,68.0
6555,22.0,67.0
6556,22.0,68.0
6557,22.0,66.0
6558,22.0,66.0
6559,22.0,65.0
6560,22.0,65.0
6561,22.0,64.0
6562,22.0,64.0
6563,22.0,63.0
6564,22.0,61.99999999999999
6565,22.0,61.0
6566,22.0,60.0
6567,22.0,59.0
6568,22.0,58.0
6569,22.0,58.0
6570,22.0,58.0
6571,22.0,57.0
6572,22.0,57.0
6573,22.0,57.0
6574,22.0,57.0
6575,22.0,57.0
6576,22.0,56.0
6577,22.0,56.0
6578,22.0,55.0
6579,22.0,55.0
6580,22.0,54.0
6581,22.0,56.0
6582,22.0,54.0
6583,22.0,54.0
6584,22.0,53.0
6585,22.0,53.0
6586,22.0,53.0
6587,22.0,53.0
6588,22.0,53.0
6589,22.0,53.0
6590,22.0,54.0
6591,22.0,54.0
6592,22.0,54.0
6593,22.0,54.0
6594,22.0,54.0
6595,22.0,53.0
6596,22.0,53.0
6597,22.0,53.0
6598,22.0,51.00000000000001
6599,22.0,49.0
6600,22.0,50.0
6601,22.0,49.0
6602,22.0,50.0
6603,22.0,52.0
6604,22.0,51.00000000000001
6605,22.0,46.0
6606,22.0,46.99999999999999
6607,22.0,44.0
6608,22.0,46.0
6609,22.0,46.0
6610,22.0,45.0
6611,22.0,45.0
6612,22.0,44.0
6613,22.0,44.0
6614,22.0,43.0
6615,22.0,42.0
6616,22.0,40.0
6617,22.0,38.0
6618,22.0,35.0
6619,22.0,34.0
6620,22.0,40.0
6621,22.0,39.0
6622,22.0,42.0
6623,22.0,43.0
6624,22.0,46.0
6625,22.0,51.00000000000001
6626,22.0,52.0
6627,22.0,53.0
6628,22.0,55.0
6629,22.0,58.0
6630,22.0,60.0
6631,22.0,61.99999999999999
6632,22.0,64.0
6633,22.0,66.0
6634,22.0,68.0
6635,22.0,69.0
6636,22.0,71.0
6637,22.0,72.0
6638,22.0,74.0
6639,22.0,75.0
6640,22.0,77.0
6641,22.0,78.0
6642,22.0,78.0
6643,22.0,80.0
6644,22.0,78.99999999999999
6645,22.0,80.0
6646,22.0,80.0
6647,22.0,80.0
6648,22.0,80.0
6649,22.0,78.99999999999999
6650,22.0,78.0
6651,22.0,78.0
6652,22.0,77.0
6653,22.0,76.0
6654,22.0,75.0
6655,22.0,74.0
6656,22.0,73.0
6657,22.0,72.0
6658,22.0,71.0
6659,22.0,71.0
6660,22.0,71.0
6661,22.0,71.0
6662,22.0,72.0
6663,22.0,72.0
6664,22.0,72.0
6665,22.0,72.0
6666,22.0,72.0
6667,22.0,73.0
6668,22.0,73.0
6669,22.0,74.0
6670,22.0,74.0
6671,22.0,75.0
6672,22.0,75.0
6673,22.0,76.0
6674,22.0,76.0
6675,22.0,76.0
6676,22.0,76.0
6677,22.0,75.0
6678,22.0,77.0
6679,22.0,77.0
6680,22.0,76.0
6681,22.0,77.0
6682,22.0,77.0
6683,22.0,77.0
6684,22.0,77.0
6685,22.0,77.0
6686,22.0,76.0
6687,22.0,75.0
6688,22.0,75.0
6689,22.0,75.0
6690,22.0,74.0
6691,22.0,73.0
6692,22.0,74.0
6693,22.0,73.0
6694,22.0,73.0
6695,22.0,72.0
6696,22.0,72.0
6697,22.0,72.0
6698,22.0,72.0
6699,22.0,72.0
6700,22.0,71.0
6701,22.0,71.0
6702,22.0,70.0
6703,22.0,70.0
6704,22.0,69.0
6705,22.0,68.0
6706,22.0,67.0
6707,22.0,67.0
6708,22.0,66.0
6709,22.0,66.0
6710,22.0,65.0
6711,22.0,66.0
6712,22.0,65.0
6713,22.0,65.0
6714,22.0,65.0
6715,22.0,65.0
6716,22.0,65.0
6717,22.0,65.0
6718,22.0,65.0
6719,22.0,65.0
6720,22.0,64.0
6721,22.0,64.0
6722,22.0,63.0
6723,22.0,63.0
6724,22.0,63.0
6725,22.0,63.0
6726,22.0,65.0
6727,22.0,65.0
6728,22.0,65.0
6729,22.0,65.0
6730,22.0,64.0
6731,22.0,64.0
6732,22.0,63.0
6733,22.0,63.0
6734,22.0,61.99999999999999
6735,22.0,61.99999999999999
6736,22.0,61.99999999999999
6737,22.0,61.99999999999999
6738,22.0,61.99999999999999
6739,22.0,61.99999999999999
6740,22.0,61.99999999999999
6741,22.0,61.0
6742,22.0,61.0
6743,22.0,61.0
6744,22.0,60.0
6745,22.0,60.0
6746,22.0,59.0
6747,22.0,59.0
6748,22.0,59.0
6749,22.0,58.0
6750,22.0,56.0
6751,22.0,56.0
6752,22.0,55.0
6753,22.0,55.0
6754,22.0,56.0
6755,22.0,56.0
6756,22.0,55.0
6757,22.0,56.0
6758,22.0,56.0
6759,22.0,56.0
6760,22.0,56.0
6761,22.0,55.0
6762,22.0,55.0
6763,22.0,53.0
6764,22.0,54.0
6765,22.0,55.0
6766,22.0,54.0
6767,22.0,54.0
6768,22.0,54.0
6769,22.0,54.0
6770,22.0,54.0
6771,22.0,53.0
6772,22.0,53.0
6773,22.0,54.0
6774,22.0,53.0
6775,22.0,53.0
6776,22.0,53.0
6777,22.0,53.0
6778,22.0,53.0
6779,22.0,53.0
6780,22.0,53.0
6781,22.0,54.0
6782,22.0,54.0
6783,22.0,54.0
6784,22.0,53.0
6785,22.0,53.0
6786,22.0,54.0
6787,22.0,54.0
6788,22.0,53.0
6789,22.0,52.0
6790,22.0,53.0
6791,22.0,52.0
6792,22.0,52.0
6793,22.0,52.0
6794,22.0,52.0
6795,22.0,52.0
6796,22.0,52.0
6797,22.0,52.0
6798,22.0,52.0
6799,22.0,52.0
6800,22.0,53.0
6801,22.0,53.0
6802,22.0,54.0
6803,22.0,55.0
6804,22.0,56.0
6805,22.0,56.0
6806,22.0,56.0
6807,22.0,57.0
6808,22.0,59.0
6809,22.0,59.0
6810,22.0,61.0
6811,22.0,63.0
6812,22.0,63.0
6813,22.0,63.0
6814,22.0,64.0
6815,22.0,65.0
6816,22.0,66.0
6817,22.0,67.0
6818,22.0,69.0
6819,22.0,70.0
6820,22.0,71.0
6821,22.0,73.0
6822,22.0,74.0
6823,22.0,75.0
6824,22.0,76.0
6825,22.0,77.0
6826,22.0,78.0
6827,22.0,78.0
6828,22.0,78.99999999999999
6829,22.0,78.99999999999999
6830,22.0,78.99999999999999
6831,22.0,81.0
6832,22.0,81.0
6833,22.0,82.0
6834,22.0,82.0
6835,22.0,81.0
6836,22.0,81.0
6837,22.0,81.0
6838,22.0,81.0
6839,22.0,81.0
6840,22.0,81.0
6841,22.0,80.0
6842,22.0,78.99999999999999
6843,22.0,78.0
6844,22.0,78.0
6845,22.0,77.0
6846,22.0,76.0
6847,22.0,75.0
6848,22.0,74.0
6849,22.0,73.0
6850,22.0,73.0
6851,22.0,72.0
6852,22.0,72.0
6853,22.0,72.0
6854,22.0,71.0
6855,22.0,71.0
6856,22.0,70.0
6857,22.0,70.0
6858,22.0,68.0
6859,22.0,68.0
6860,22.0,69.0
6861,22.0,70.0
6862,22.0,70.0
6863,22.0,70.0
6864,22.0,69.0
6865,22.0,69.0
6866,22.0,70.0
6867,22.0,70.0
6868,22.0,71.0
6869,22.0,70.0
6870,22.0,70.0
6871,22.0,71.0
6872,22.0,72.0
6873,22.0,72.0
6874,22.0,73.0
6875,22.0,72.0
6876,22.0,72.0
6877,22.0,71.0
6878,22.0,71.0
6879,22.0,70.0
6880,22.0,70.0
6881,22.0,69.0
6882,22.0,69.0
6883,22.0,69.0
6884,22.0,68.0
6885,22.0,67.0
6886,22.0,66.0
6887,22.0,66.0
6888,22.0,65.0
6889,22.0,64.0
6890,22.0,63.0
6891,22.0,61.0
6892,22.0,60.0
6893,22.0,59.0
6894,22.0,59.0
6895,22.0,57.0
6896,22.0,56.0
6897,22.0,55.0
6898,22.0,54.0
6899,22.0,53.0
6900,22.0,52.0
6901,22.0,52.0
6902,22.0,50.0
6903,22.0,46.99999999999999
6904,22.0,43.0
6905,22.0,41.0
6906,22.0,41.0
6907,22.0,37.0
6908,22.0,37.0
6909,22.0,33.0
6910,22.0,34.0
6911,22.0,32.0
6912,22.0,33.0
6913,22.0,33.0
6914,22.0,34.0
6915,22.0,34.0
6916,22.0,33.0
6917,22.0,33.0
6918,22.0,33.0
6919,22.0,35.0
6920,22.0,36.0
6921,22.0,34.0
6922,22.0,33.0
6923,22.0,33.0
6924,22.0,34.0
6925,22.0,34.0
6926,22.0,34.0
6927,22.0,36.0
6928,22.0,36.0
6929,22.0,34.0
6930,22.0,33.0
6931,22.0,36.0
6932,22.0,38.0
6933,22.0,38.0
6934,22.0,41.0
6935,22.0,42.0
6936,22.0,43.0
6937,22.0,44.0
6938,22.0,43.0
6939,22.0,43.0
6940,22.0,43.0
6941,22.0,42.0
6942,22.0,42.0
6943,22.0,40.0
6944,22.0,38.0
6945,22.0,39.0
6946,22.0,40.0
6947,22.0,40.0
6948,22.0,41.0
6949,22.0,42.0
6950,22.0,42.0
6951,22.0,41.0
6952,22.0,43.0
6953,22.0,46.99999999999999
6954,22.0,51.00000000000001
6955,22.0,49.0
6956,22.0,48.0
6957,22.0,48.0
6958,22.0,46.0
6959,22.0,45.0
6960,22.0,43.0
6961,22.0,41.0
6962,22.0,41.0
6963,22.0,43.0
6964,22.0,43.0
6965,22.0,45.0
6966,22.0,45.0
6967,22.0,46.0
6968,22.0,48.0
6969,22.0,48.0
6970,22.0,49.0
6971,22.0,48.0
6972,22.0,46.99999999999999
6973,22.0,46.99999999999999
6974,22.0,46.99999999999999
6975,22.0,45.0
6976,22.0,44.0
6977,22.0,42.0
6978,22.0,40.0
6979,22.0,42.0
6980,22.0,44.0
6981,22.0,45.0
6982,22.0,46.0
6983,22.0,48.0
6984,22.0,50.0
6985,22.0,52.0
6986,22.0,52.0
6987,22.0,52.0
6988,22.0,53.0
