,prediction,actual
0,66.044716,65.0
1,65.98015,65.0
2,65.631546,66.0
3,65.95676,67.0
4,67.01476,67.0
5,67.262184,66.0
6,66.38199,66.0
7,65.953224,66.0
8,65.784096,66.0
9,65.81132,66.0
10,65.92369,66.0
11,65.992805,66.0
12,66.03041,66.0
13,66.06212,65.0
14,65.26211,63.0
15,63.284336,63.0
16,62.470455,63.0
17,62.357285,63.0
18,62.541294,63.0
19,62.90078,64.0
20,64.10405,64.0
21,64.688705,64.0
22,64.707275,63.0
23,63.57633,63.0
24,62.961617,63.0
25,62.577328,64.0
26,63.71631,64.0
27,64.20988,65.0
28,65.23737,65.0
29,65.49158,66.0
30,66.25869,66.0
31,66.413185,66.0
32,66.280045,67.0
33,66.93745,67.0
34,67.10457,67.0
35,67.13564,67.0
36,67.15113,67.0
37,67.101974,68.0
38,67.8524,69.0
39,69.04913,69.0
40,69.36699,69.0
41,69.35764,69.0
42,69.29805,69.0
43,69.217636,69.0
44,69.08643,68.0
45,67.98331,68.0
46,67.58784,68.0
47,67.574585,68.0
48,67.70433,69.0
49,69.06202,69.0
50,69.6099,67.0
51,67.814064,65.0
52,65.07845,64.0
53,63.201313,63.0
54,61.888763,64.0
55,62.665394,64.0
56,63.416286,64.0
57,63.87007,64.0
58,64.217995,64.0
59,64.323105,65.0
60,65.05156,65.0
61,65.24523,64.0
62,64.5216,61.99999999999999
63,62.52467,63.0
64,62.472015,63.0
65,62.49854,64.0
66,63.526268,64.0
67,64.047195,64.0
68,64.299225,64.0
69,64.390755,64.0
70,64.19586,64.0
71,64.08027,63.0
72,63.01273,61.99999999999999
73,61.77372,63.0
74,62.40328,64.0
75,63.80862,66.0
76,65.91385,66.0
77,66.67709,67.0
78,67.61085,67.0
79,67.79953,67.0
80,67.66293,66.0
81,66.55927,66.0
82,65.962776,66.0
83,65.713875,66.0
84,65.69595,66.0
85,65.77731,66.0
86,65.85244,66.0
87,65.919,66.0
88,65.99776,66.0
89,66.09765,66.0
90,66.1232,66.0
91,66.09635,65.0
92,65.28193,65.0
93,64.851166,64.0
94,63.738224,65.0
95,64.48561,67.0
96,66.90619,67.0
97,67.99147,66.0
98,67.19411,68.0
99,68.4365,67.0
100,67.65265,69.0
101,68.871185,68.0
102,68.41336,68.0
103,68.08288,68.0
104,67.821785,69.0
105,68.61112,69.0
106,68.87178,69.0
107,68.95609,69.0
108,69.075584,68.0
109,68.196266,70.0
110,69.518936,70.0
111,69.978325,71.0
112,71.04464,71.0
113,71.41588,71.0
114,71.33007,71.0
115,71.16933,72.0
116,71.95952,73.0
117,73.07264,74.0
118,74.34148,73.0
119,73.80705,72.0
120,72.26858,72.0
121,71.528015,72.0
122,71.28509,71.0
123,70.455345,70.0
124,69.51669,68.0
125,67.68493,68.0
126,67.11259,67.0
127,66.432976,67.0
128,66.415115,66.0
129,65.848495,66.0
130,65.790504,66.0
131,65.823685,65.0
132,65.20101,67.0
133,66.57618,66.0
134,66.31581,67.0
135,67.08297,66.0
136,66.44511,65.0
137,65.33518,66.0
138,65.70694,66.0
139,65.85913,67.0
140,66.93613,66.0
141,66.38177,66.0
142,66.11513,66.0
143,66.03583,67.0
144,66.86528,67.0
145,67.08025,67.0
146,67.17077,67.0
147,67.12414,68.0
148,67.836914,69.0
149,68.879944,70.0
150,70.14735,71.0
151,71.446815,71.0
152,71.87113,71.0
153,71.79342,71.0
154,71.508354,71.0
155,71.219246,72.0
156,71.89415,70.0
157,70.450226,72.0
158,71.63328,70.0
159,70.34349,72.0
160,71.620964,73.0
161,72.977715,72.0
162,72.63544,72.0
163,72.38181,72.0
164,72.187325,72.0
165,71.79884,73.0
166,72.49506,72.0
167,72.01583,71.0
168,71.05473,72.0
169,71.7128,71.0
170,71.11798,70.0
171,69.9245,69.0
172,68.69311,69.0
173,68.38748,69.0
174,68.518875,69.0
175,68.73305,69.0
176,68.93013,69.0
177,68.99768,69.0
178,69.09719,69.0
179,69.09682,69.0
180,69.116936,69.0
181,69.03858,68.0
182,68.19294,70.0
183,69.5581,70.0
184,70.09451,70.0
185,70.31755,70.0
186,70.28885,70.0
187,70.24429,71.0
188,71.037796,71.0
189,71.1762,71.0
190,71.17699,71.0
191,71.02708,69.0
192,69.19677,70.0
193,69.26567,70.0
194,69.627464,71.0
195,70.93584,71.0
196,71.40652,71.0
197,71.45985,70.0
198,70.55025,70.0
199,70.195076,71.0
200,70.79571,71.0
201,71.05918,70.0
202,70.458405,70.0
203,70.2272,69.0
204,69.30128,70.0
205,69.7795,69.0
206,69.11082,68.0
207,68.03624,67.0
208,66.81661,67.0
209,66.506775,67.0
210,66.44173,66.0
211,65.83259,66.0
212,65.68206,65.0
213,64.77674,65.0
214,64.55365,65.0
215,64.673935,66.0
216,65.81863,65.0
217,65.44635,65.0
218,65.3074,64.0
219,64.30727,65.0
220,64.808205,65.0
221,64.93565,65.0
222,64.98368,66.0
223,65.88834,66.0
224,66.30975,67.0
225,67.2348,67.0
226,67.447296,67.0
227,67.499176,67.0
228,67.44098,66.0
229,66.36285,68.0
230,67.53677,67.0
231,67.12113,67.0
232,67.000916,67.0
233,66.96889,65.0
234,65.29767,65.0
235,64.5108,64.0
236,63.51882,64.0
237,63.374928,63.0
238,62.69623,63.0
239,62.78895,63.0
240,63.057438,63.0
241,63.1958,63.0
242,63.34216,63.0
243,63.42137,61.99999999999999
244,62.554,61.99999999999999
245,62.15285,61.0
246,61.158714,60.0
247,60.017746,60.0
248,59.642094,59.0
249,58.797367,59.0
250,58.629993,58.0
251,57.860126,58.0
252,57.711643,59.0
253,58.50045,58.0
254,58.067554,58.0
255,58.004353,58.0
256,57.99458,58.0
257,58.106274,60.0
258,59.757893,60.0
259,60.451256,61.0
260,61.64943,61.0
261,61.922203,61.0
262,61.68067,63.0
263,63.291725,108.99999999999999
264,102.8698,101.0
265,111.022514,90.0
266,102.45423,77.0
267,81.64997,63.0
268,55.965477,61.99999999999999
269,46.595543,61.99999999999999
270,48.872234,63.0
271,55.896545,61.99999999999999
272,60.283478,61.99999999999999
273,62.75937,61.99999999999999
274,63.5758,61.99999999999999
275,63.640514,64.0
276,65.001625,64.0
277,65.1894,63.0
278,63.749027,63.0
279,62.46144,63.0
280,62.203423,63.0
281,62.476208,63.0
282,62.95422,63.0
283,63.495663,63.0
284,63.414783,63.0
285,63.091564,63.0
286,62.9981,63.0
287,63.044437,64.0
288,64.04548,63.0
289,63.53477,66.0
290,66.0405,67.0
291,67.71046,68.0
292,68.930664,68.0
293,69.06053,68.0
294,68.61338,68.0
295,68.177734,70.0
296,69.48929,71.0
297,70.773674,72.0
298,72.09333,72.0
299,72.55415,72.0
300,72.635826,73.0
301,73.244415,73.0
302,73.28664,74.0
303,74.05632,74.0
304,74.222595,73.0
305,73.33318,73.0
306,72.79648,73.0
307,72.41427,73.0
308,72.51808,72.0
309,71.70338,73.0
310,72.590836,72.0
311,72.17652,71.0
312,70.88745,71.0
313,70.65087,71.0
314,70.72199,69.0
315,69.2081,68.0
316,67.83578,69.0
317,68.23542,69.0
318,68.69822,70.0
319,69.82824,70.0
320,70.35806,69.0
321,69.63359,69.0
322,69.253784,69.0
323,68.98671,68.0
324,68.01753,68.0
325,67.70443,70.0
326,69.18385,69.0
327,68.99148,71.0
328,70.68689,72.0
329,72.170334,72.0
330,72.7155,71.0
331,71.76005,72.0
332,71.70077,72.0
333,71.63763,72.0
334,71.96289,87.0
335,84.50441,111.0
336,110.8028,119.0
337,128.97925,114.0
338,127.9872,101.0
339,108.36993,77.0
340,71.39292,77.0
341,59.28575,77.0
342,62.412346,78.0
343,70.21228,78.0
344,75.869,77.0
345,78.236084,76.0
346,78.319496,76.0
347,77.68975,76.0
348,77.0319,75.0
349,75.45851,73.0
350,72.39416,73.0
351,71.6383,72.0
352,70.94127,72.0
353,71.48469,72.0
354,71.861786,73.0
355,73.60888,73.0
356,73.082664,73.0
357,72.22675,74.0
358,73.67416,74.0
359,74.10221,84.0
360,83.13701,87.0
361,88.36714,84.0
362,87.30427,72.0
363,75.417725,73.0
364,70.81935,72.0
365,67.91716,72.0
366,68.04888,71.0
367,68.60454,70.0
368,69.02111,71.0
369,70.51808,72.0
370,72.037605,72.0
371,72.75197,72.0
372,72.87607,73.0
373,73.7284,75.0
374,75.549034,74.0
375,74.88399,74.0
376,74.46433,74.0
377,74.1155,73.0
378,72.84907,73.0
379,72.09934,73.0
380,71.96278,73.0
381,72.514626,72.0
382,72.03327,73.0
383,72.938675,72.0
384,72.34451,71.0
385,71.303,72.0
386,71.68279,73.0
387,72.839066,74.0
388,74.169266,74.0
389,74.67939,63.0
390,65.97907,61.99999999999999
391,61.641235,61.0
392,59.045258,60.0
393,57.902607,59.0
394,57.59259,59.0
395,58.16942,58.0
396,57.903664,57.0
397,57.20676,57.0
398,57.04923,57.0
399,57.04581,56.0
400,56.375164,55.0
401,55.444027,54.0
402,53.86879,53.0
403,52.077484,53.0
404,52.178684,54.0
405,53.70819,54.0
406,54.560028,54.0
407,54.790142,54.0
408,54.752487,55.0
409,55.416042,54.0
410,54.787315,54.0
411,54.202637,54.0
412,53.952477,54.0
413,53.778713,57.0
414,56.197807,57.0
415,57.206974,57.0
416,57.58846,56.0
417,56.869614,56.0
418,56.42426,56.0
419,56.12875,55.0
420,55.225227,55.0
421,54.878033,55.0
422,54.804577,54.0
423,54.092754,54.0
424,53.884136,55.0
425,54.667694,55.0
426,55.13259,55.0
427,55.473934,55.0
428,55.37907,54.0
429,54.195194,54.0
430,53.6716,54.0
431,53.646683,56.0
432,55.67527,56.0
433,56.23652,55.0
434,55.596355,55.0
435,55.285496,55.0
436,55.072166,55.0
437,54.941303,46.99999999999999
438,48.582462,46.0
439,45.07716,44.0
440,42.246056,41.0
441,39.19622,41.0
442,38.93994,40.0
443,39.081932,39.0
444,39.236534,38.0
445,38.74128,38.0
446,38.521835,38.0
447,38.526047,38.0
448,38.662327,37.0
449,37.793045,37.0
450,37.27363,38.0
451,37.89289,39.0
452,39.167614,40.0
453,40.828903,42.0
454,43.39098,43.0
455,44.900764,44.0
456,45.61109,43.0
457,44.629883,45.0
458,45.41813,45.0
459,45.563366,45.0
460,45.257988,46.99999999999999
461,46.756355,63.0
462,59.287483,63.0
463,64.73597,65.0
464,68.6142,66.0
465,69.78961,67.0
466,69.8576,67.0
467,68.58858,68.0
468,67.99026,67.0
469,66.2798,67.0
470,65.58826,68.0
471,66.57929,70.0
472,68.96231,69.0
473,69.34358,69.0
474,69.54611,69.0
475,69.44125,69.0
476,69.112206,69.0
477,68.92353,69.0
478,68.845375,70.0
479,69.74361,70.0
480,70.31615,69.0
481,69.629906,70.0
482,70.3004,68.0
483,68.420815,67.0
484,66.799965,67.0
485,66.261444,60.0
486,60.56677,60.0
487,58.751385,59.0
488,57.565865,59.0
489,57.68436,58.0
490,57.50785,59.0
491,58.4993,58.0
492,58.20662,58.0
493,58.165318,57.0
494,57.433025,57.0
495,57.153973,56.0
496,56.321266,56.0
497,56.03692,56.0
498,56.06009,56.0
499,55.81526,56.0
500,56.09304,55.0
501,55.379845,54.0
502,54.306248,54.0
503,53.734055,54.0
504,53.63981,53.0
505,52.92444,53.0
506,52.79785,54.0
507,53.69392,55.0
508,54.98343,56.0
509,56.252144,73.0
510,68.97177,73.0
511,74.68554,74.0
512,77.81031,75.0
513,78.59219,75.0
514,77.4654,75.0
515,76.014656,74.0
516,73.99965,74.0
517,72.9271,73.0
518,71.883514,72.0
519,70.93206,72.0
520,70.87706,72.0
521,71.19097,71.0
522,71.14431,71.0
523,71.11059,70.0
524,69.975296,69.0
525,68.75163,69.0
526,68.3755,67.0
527,66.26473,67.0
528,65.93028,65.0
529,64.1329,64.0
530,63.062492,63.0
531,62.12782,61.99999999999999
532,61.164856,60.0
533,59.338737,57.0
534,56.351604,57.0
535,55.629074,57.0
536,55.769318,57.0
537,56.28253,57.0
538,56.70728,57.0
539,57.006046,56.0
540,56.432674,57.0
541,57.015373,57.0
542,57.194077,57.0
543,57.236485,58.0
544,58.068653,58.0
545,58.41338,58.0
546,58.36262,59.0
547,59.152023,59.0
548,59.339314,59.0
549,59.191708,60.0
550,59.958965,59.0
551,59.268623,59.0
552,58.973244,59.0
553,58.80858,59.0
554,58.78116,58.0
555,57.958652,58.0
556,57.70939,58.0
557,57.79418,55.0
558,55.498592,55.0
559,54.611675,56.0
560,55.215183,56.0
561,55.71325,56.0
562,56.122383,56.0
563,56.28666,56.0
564,56.400284,56.0
565,56.457375,56.0
566,56.40051,56.0
567,56.328617,55.0
568,55.511086,55.0
569,55.149868,55.0
570,54.818775,56.0
571,55.603073,55.0
572,55.188385,55.0
573,55.175575,56.0
574,56.000435,55.0
575,55.43959,55.0
576,55.11936,55.0
577,55.024426,54.0
578,54.079258,54.0
579,53.68998,54.0
580,53.65609,54.0
581,53.80866,139.0
582,125.20971,137.0
583,159.3386,136.0
584,170.60661,138.0
585,160.54285,138.0
586,142.57703,136.0
587,125.75462,127.0
588,112.06236,113.0
589,98.634735,103.0
590,91.14503,99.0
591,90.43409,98.0
592,92.621445,98.0
593,95.44135,97.0
594,96.66322,96.0
595,96.61424,96.0
596,96.237114,95.0
597,95.11773,93.99999999999999
598,93.20072,93.99999999999999
599,92.6193,93.99999999999999
600,92.52191,93.99999999999999
601,92.60536,93.0
602,92.15238,92.0
603,91.03944,91.0
604,89.65299,90.0
605,88.50765,143.0
606,137.37848,132.0
607,143.45363,118.0
608,130.66573,105.0
609,108.3059,99.0
610,90.82356,97.0
611,84.61727,96.0
612,86.12308,93.99999999999999
613,88.21886,92.0
614,89.42528,89.0
615,88.243515,87.0
616,86.8495,86.0
617,85.48934,86.0
618,84.91357,86.0
619,85.11018,86.0
620,85.30628,85.0
621,84.78432,85.0
622,84.81905,85.0
623,85.16811,86.0
624,86.120895,86.0
625,86.42139,86.0
626,86.266266,87.0
627,86.780754,88.0
628,87.46928,88.0
629,87.904274,69.0
630,72.77112,70.0
631,68.16076,70.0
632,66.45642,71.0
633,67.64739,71.0
634,69.0218,71.0
635,70.18492,71.0
636,70.999115,72.0
637,72.214676,72.0
638,72.57586,72.0
639,72.63336,72.0
640,72.530624,72.0
641,72.34963,72.0
642,72.042984,72.0
643,71.62174,71.0
644,70.9425,71.0
645,70.689514,70.0
646,69.79695,70.0
647,69.60268,70.0
648,69.91164,70.0
649,70.051315,70.0
650,70.20462,70.0
651,70.21569,71.0
652,71.07661,72.0
653,72.283394,57.0
654,60.731655,56.0
655,55.083935,56.0
656,52.99323,56.0
657,53.34326,55.0
658,53.733406,54.0
659,53.768208,54.0
660,54.037605,53.0
661,53.530346,53.0
662,53.412712,53.0
663,53.27853,52.0
664,52.566185,53.0
665,53.129436,53.0
666,53.172874,53.0
667,53.388832,54.0
668,54.495876,53.0
669,53.776768,53.0
670,53.354774,53.0
671,53.04856,53.0
672,52.911472,53.0
673,52.98986,52.0
674,52.169987,52.0
675,51.786385,52.0
676,51.744373,50.0
677,50.071453,86.0
678,76.1998,86.0
679,87.663795,86.0
680,93.371765,86.0
681,93.463295,86.0
682,90.18231,87.0
683,86.79455,85.0
684,82.17739,86.0
685,81.797615,86.0
686,82.65832,87.0
687,84.71608,87.0
688,86.153534,86.0
689,86.05375,85.0
690,85.128845,85.0
691,84.62111,85.0
692,84.204094,85.0
693,84.08977,86.0
694,85.213356,86.0
695,85.911545,87.0
696,87.538216,86.0
697,87.26615,86.0
698,86.53236,86.0
699,85.96658,86.0
700,85.760124,86.0
701,85.728714,86.0
702,85.871765,87.0
703,86.88052,87.0
704,87.22217,87.0
705,87.37001,88.0
706,88.1264,89.0
707,89.14797,89.0
708,89.46332,90.0
709,90.3116,91.0
710,91.25216,91.0
711,91.19141,91.0
712,91.04145,92.0
713,91.74492,93.99999999999999
714,93.799934,93.99999999999999
715,94.404335,95.0
716,95.34434,96.0
717,96.11052,96.0
718,96.41981,97.0
719,97.046036,97.0
720,96.98762,99.0
721,98.799,99.0
722,99.138985,104.0
723,103.55749,114.0
724,113.81398,126.0
725,129.29509,129.0
726,136.54448,128.0
727,135.38818,130.0
728,132.63826,132.0
729,130.97775,138.0
730,135.48613,142.0
731,141.3219,146.0
732,147.63316,149.0
733,151.36668,151.00000000000003
734,152.76154,151.00000000000003
735,150.42976,151.00000000000003
736,148.59024,150.0
737,146.07336,151.00000000000003
738,146.836,151.00000000000003
739,147.7715,151.00000000000003
740,148.63484,151.00000000000003
741,148.34346,147.0
742,144.2814,150.0
743,146.2928,148.0
744,145.57109,142.0
745,139.44853,139.0
746,134.6038,133.0
747,128.17215,130.0
748,124.09336,128.0
749,121.75523,129.0
750,124.25956,123.99999999999999
751,121.41782,119.0
752,115.92578,117.00000000000001
753,112.871864,113.0
754,108.51607,108.0
755,103.37803,103.0
756,98.414375,100.0
757,95.20971,100.0
758,95.1153,100.0
759,96.10942,100.0
760,97.48641,103.0
761,101.134384,107.0
762,106.66447,108.0
763,109.0801,106.0
764,107.515625,106.0
765,105.42563,106.0
766,104.00493,110.0
767,107.64026,115.0
768,114.58106,118.0
769,119.356895,120.0
770,122.59275,123.0
771,125.20647,125.0
772,126.27279,125.0
773,125.159966,130.0
774,128.94,141.0
775,141.01186,147.0
776,150.72867,151.00000000000003
777,156.58708,151.00000000000003
778,155.36624,151.00000000000003
779,152.30652,151.00000000000003
780,149.05052,151.00000000000003
781,147.38664,151.00000000000003
782,146.85826,151.00000000000003
783,147.0679,151.00000000000003
784,147.4243,151.00000000000003
785,148.06837,152.0
786,149.72002,151.00000000000003
787,149.17216,140.0
788,137.75015,132.0
789,126.76956,126.0
790,118.29701,111.0
791,103.734146,100.0
792,93.1266,99.0
793,91.18284,97.0
794,90.12636,95.0
795,89.71789,93.0
796,89.106155,91.0
797,88.07464,89.0
798,86.42011,87.0
799,84.429344,85.0
800,82.416046,83.0
801,80.47006,80.0
802,78.13051,78.99999999999999
803,76.97454,78.0
804,76.24249,77.0
805,75.64115,76.0
806,75.11487,75.0
807,74.27762,74.0
808,73.3758,72.0
809,71.60993,70.0
810,69.52154,69.0
811,68.028336,69.0
812,67.73389,69.0
813,68.29051,69.0
814,69.070496,69.0
815,69.815704,70.0
816,70.96457,70.0
817,70.95093,70.0
818,70.669365,69.0
819,69.479645,69.0
820,68.8207,69.0
821,68.57387,69.0
822,68.627815,69.0
823,68.706,70.0
824,69.68789,72.0
825,71.814224,73.0
826,73.5289,74.0
827,74.95445,74.0
828,75.17065,74.0
829,74.87715,74.0
830,74.5319,73.0
831,73.30589,73.0
832,72.62029,74.0
833,73.299034,74.0
834,73.74856,74.0
835,74.21459,75.0
836,75.358475,76.0
837,76.60718,76.0
838,76.93101,76.0
839,76.63564,76.0
840,76.313896,77.0
841,76.82973,78.99999999999999
842,78.759026,80.0
843,80.444725,82.0
844,82.7618,83.0
845,84.24889,84.0
846,85.22359,85.0
847,86.03441,85.0
848,85.904015,86.0
849,86.42673,86.0
850,86.42807,87.0
851,87.1285,87.0
852,87.124825,87.0
853,87.17055,87.0
854,87.02453,87.0
855,86.79773,85.0
856,84.8719,83.0
857,82.25754,82.0
858,80.519394,82.0
859,80.22773,81.0
860,79.884674,80.0
861,79.28476,78.99999999999999
862,78.697495,78.99999999999999
863,78.75596,77.0
864,77.00261,77.0
865,76.47343,76.0
866,75.6482,74.0
867,73.76497,73.0
868,72.326225,73.0
869,72.145485,73.0
870,72.50033,73.0
871,72.881454,73.0
872,73.08167,73.0
873,73.08616,73.0
874,73.09336,72.0
875,72.17785,72.0
876,71.764404,72.0
877,71.58415,72.0
878,71.60626,73.0
879,72.46341,74.0
880,73.66522,75.0
881,75.04536,74.0
882,74.59673,74.0
883,74.2755,73.0
884,73.10302,73.0
885,72.55597,73.0
886,72.38887,73.0
887,72.487206,74.0
888,73.59829,74.0
889,74.32626,73.0
890,73.6797,73.0
891,73.43487,73.0
892,73.266945,72.0
893,72.28238,72.0
894,71.86413,72.0
895,71.82825,72.0
896,71.93073,72.0
897,71.98561,71.0
898,71.23566,71.0
899,70.89343,70.0
900,69.91926,70.0
901,69.59186,69.0
902,68.69312,69.0
903,68.42807,68.0
904,67.63822,68.0
905,67.46528,68.0
906,67.51903,68.0
907,67.79089,68.0
908,67.99509,68.0
909,68.02291,68.0
910,68.13757,68.0
911,68.144684,67.0
912,67.37409,67.0
913,66.84437,67.0
914,66.63505,66.0
915,65.97128,66.0
916,65.846695,67.0
917,66.76293,66.0
918,66.37765,66.0
919,66.22349,66.0
920,66.11557,65.0
921,65.261375,64.0
922,64.10746,64.0
923,63.647335,64.0
924,63.524536,64.0
925,63.562763,64.0
926,63.704594,65.0
927,64.56599,65.0
928,64.94186,66.0
929,66.107895,67.0
930,67.372505,67.0
931,67.776794,68.0
932,68.610306,68.0
933,68.632744,67.0
934,67.66379,67.0
935,67.10804,66.0
936,65.874016,67.0
937,66.35736,68.0
938,67.69517,68.0
939,68.43959,67.0
940,67.80443,66.0
941,66.54726,65.0
942,65.10756,64.0
943,63.76012,61.0
944,60.87358,60.0
945,59.15735,59.0
946,58.057495,58.0
947,57.498158,58.0
948,57.323307,57.0
949,56.795177,56.0
950,55.997982,56.0
951,55.840427,55.0
952,55.099476,54.0
953,53.937717,54.0
954,53.58693,54.0
955,53.617012,54.0
956,53.83904,55.0
957,54.96189,55.0
958,55.513386,56.0
959,56.601418,56.0
960,56.804077,57.0
961,57.511833,56.0
962,56.606747,56.0
963,56.01845,56.0
964,55.700356,56.0
965,55.76174,56.0
966,55.870567,56.0
967,56.023464,57.0
968,56.868187,57.0
969,57.32408,58.0
970,58.305084,57.0
971,57.85069,58.0
972,58.28976,58.0
973,58.428715,58.0
974,58.42523,58.0
975,58.329357,58.0
976,58.391113,58.0
977,58.02782,57.0
978,56.912487,56.0
979,55.687695,56.0
980,55.31106,55.0
981,54.462757,55.0
982,54.42233,54.0
983,53.90401,55.0
984,54.957737,53.0
985,53.460228,54.0
986,53.96319,54.0
987,54.260376,54.0
988,54.406315,53.0
989,53.59759,53.0
990,53.16421,53.0
991,52.98474,53.0
992,52.953632,52.0
993,52.251083,52.0
994,51.991013,53.0
995,52.662495,53.0
996,52.999092,53.0
997,53.146435,53.0
998,53.218346,52.0
999,52.484715,52.0
1000,52.179745,51.00000000000001
1001,51.085606,51.00000000000001
1002,50.67213,51.00000000000001
1003,50.542732,52.0
1004,51.653915,52.0
1005,52.419792,52.0
1006,52.697315,61.0
1007,60.708145,52.0
1008,55.590954,52.0
1009,52.820507,53.0
1010,52.044132,53.0
1011,51.81721,53.0
1012,52.07483,53.0
1013,52.632183,53.0
1014,53.0405,53.0
1015,53.336727,53.0
1016,53.446766,54.0
1017,54.11374,54.0
1018,54.353333,54.0
1019,54.440998,54.0
1020,54.43486,55.0
1021,55.091557,55.0
1022,55.341553,56.0
1023,56.191086,56.0
1024,56.49689,55.0
1025,55.731518,55.0
1026,55.062206,54.0
1027,53.641933,54.0
1028,53.15862,53.0
1029,52.30268,53.0
1030,52.43671,52.0
1031,51.93406,52.0
1032,51.840412,52.0
1033,52.03835,51.00000000000001
1034,51.43364,51.00000000000001
1035,51.246685,49.0
1036,49.639893,50.0
1037,49.7059,48.0
1038,48.1607,45.0
1039,44.850777,46.0
1040,44.636135,45.0
1041,44.267365,41.0
1042,41.055107,39.0
1043,37.959217,39.0
1044,37.286343,37.0
1045,36.058174,38.0
1046,37.07007,37.0
1047,37.35352,39.0
1048,39.540955,40.0
1049,41.611088,40.0
1050,42.10482,41.0
1051,42.574955,41.0
1052,42.183334,43.0
1053,43.414467,43.0
1054,43.86596,42.0
1055,42.880947,41.0
1056,41.015427,42.0
1057,41.230247,43.0
1058,42.70881,44.0
1059,44.585632,44.0
1060,45.348007,46.0
1061,47.035305,49.0
1062,49.67717,50.0
1063,51.27061,50.0
1064,51.550938,49.0
1065,50.569706,49.0
1066,49.779278,52.0
1067,51.487038,51.00000000000001
1068,51.409393,51.00000000000001
1069,51.372116,51.00000000000001
1070,51.194595,51.00000000000001
1071,51.154102,50.0
1072,50.346584,50.0
1073,50.02628,51.00000000000001
1074,50.770016,51.00000000000001
1075,51.172775,52.0
1076,52.47348,52.0
1077,52.951633,52.0
1078,52.977356,52.0
1079,52.664326,52.0
1080,52.411415,52.0
1081,52.153126,52.0
1082,52.05024,52.0
1083,52.062206,53.0
1084,52.840633,53.0
1085,53.159256,53.0
1086,53.3378,54.0
1087,54.097176,54.0
1088,54.34956,54.0
1089,54.36052,54.0
1090,54.325256,55.0
1091,55.000843,55.0
1092,55.251095,55.0
1093,55.315254,55.0
1094,55.30274,56.0
1095,56.030983,56.0
1096,56.340443,56.0
1097,56.438637,56.0
1098,56.38419,56.0
1099,56.2301,56.0
1100,56.233078,56.0
1101,56.514122,55.0
1102,55.483223,56.0
1103,55.91824,56.0
1104,56.234,56.0
1105,56.37819,56.0
1106,56.49576,56.0
1107,56.454746,56.0
1108,56.354004,56.0
1109,56.2638,54.0
1110,54.597626,54.0
1111,53.936367,54.0
1112,53.68957,53.0
1113,52.994263,53.0
1114,52.931095,53.0
1115,53.011665,53.0
1116,53.047024,52.0
1117,52.37524,52.0
1118,52.123512,52.0
1119,52.03439,52.0
1120,52.01614,52.0
1121,52.07157,52.0
1122,52.067364,52.0
1123,52.113167,52.0
1124,52.068905,52.0
1125,51.96562,49.0
1126,48.962227,46.0
1127,44.739586,46.0
1128,43.42374,45.0
1129,43.116478,46.0
1130,45.04816,46.99999999999999
1131,47.302265,48.0
1132,49.01168,49.0
1133,50.377098,55.0
1134,54.975212,55.0
1135,56.610603,55.0
1136,56.944057,55.0
1137,56.540028,54.0
1138,55.05811,55.0
1139,54.902348,55.0
1140,54.68774,55.0
1141,54.663555,55.0
1142,54.735012,55.0
1143,54.84424,55.0
1144,54.942432,54.0
1145,54.329365,54.0
1146,53.986694,54.0
1147,53.86158,55.0
1148,54.752705,56.0
1149,56.187584,57.0
1150,57.780064,57.0
1151,58.166367,54.0
1152,55.156136,54.0
1153,53.69616,54.0
1154,53.160706,54.0
1155,53.16801,54.0
1156,53.457275,54.0
1157,53.861164,46.99999999999999
1158,48.192863,46.99999999999999
1159,45.56229,46.99999999999999
1160,44.86046,48.0
1161,46.417114,46.99999999999999
1162,46.961445,46.0
1163,46.625244,46.0
1164,46.57018,50.0
1165,49.395008,50.0
1166,50.766987,50.0
1167,51.160797,50.0
1168,51.160957,49.0
1169,49.925034,52.0
1170,51.53815,52.0
1171,51.89149,52.0
1172,52.22437,52.0
1173,52.21109,52.0
1174,52.114357,51.00000000000001
1175,51.120144,51.00000000000001
1176,50.72661,51.00000000000001
1177,50.639442,50.0
1178,49.86192,51.00000000000001
1179,50.627068,51.00000000000001
1180,51.23437,51.00000000000001
1181,51.52368,67.0
1182,62.910175,67.0
1183,67.850586,66.0
1184,69.29756,65.0
1185,68.2186,64.0
1186,65.774185,64.0
1187,63.894627,65.0
1188,63.765347,66.0
1189,64.56362,65.0
1190,64.3605,63.0
1191,62.923283,63.0
1192,62.496452,63.0
1193,62.576305,63.0
1194,62.50397,64.0
1195,63.51253,65.0
1196,64.85425,65.0
1197,65.40127,65.0
1198,65.41046,65.0
1199,65.31465,65.0
1200,65.21697,65.0
1201,64.988945,64.0
1202,63.951195,65.0
1203,64.46596,65.0
1204,64.6845,65.0
1205,64.84091,57.0
1206,58.566544,57.0
1207,56.140453,58.0
1208,56.152428,59.0
1209,57.66873,60.0
1210,59.41744,61.0
1211,61.22672,61.99999999999999
1212,62.76833,61.99999999999999
1213,63.330395,63.0
1214,64.02365,64.0
1215,64.80361,64.0
1216,64.8077,64.0
1217,64.585846,65.0
1218,65.150955,65.0
1219,65.28262,65.0
1220,65.41176,66.0
1221,66.232475,65.0
1222,65.63274,65.0
1223,65.253975,66.0
1224,65.88901,66.0
1225,66.15243,66.0
1226,66.24613,65.0
1227,65.44619,64.0
1228,64.21687,63.0
1229,62.859627,59.0
1230,59.010124,58.0
1231,56.8832,57.0
1232,55.731693,57.0
1233,55.927094,56.0
1234,55.69062,57.0
1235,56.550858,57.0
1236,57.041782,58.0
1237,57.979424,59.0
1238,59.18316,60.0
1239,60.351116,60.0
1240,60.72126,60.0
1241,60.710464,59.0
1242,59.588924,59.0
1243,59.080395,59.0
1244,58.739815,60.0
1245,59.611217,59.0
1246,59.239456,59.0
1247,59.07594,58.0
1248,58.137566,58.0
1249,57.924786,58.0
1250,57.958004,58.0
1251,58.068382,58.0
1252,58.211693,58.0
1253,58.299923,58.0
1254,58.237038,58.0
1255,58.223137,57.0
1256,57.411465,56.0
1257,56.239113,56.0
1258,55.7896,55.0
1259,54.836266,55.0
1260,54.588806,54.0
1261,53.857872,53.0
1262,52.853218,53.0
1263,52.60342,52.0
1264,51.88671,51.00000000000001
1265,50.82935,50.0
1266,49.545113,49.0
1267,48.419884,50.0
1268,49.268417,51.00000000000001
1269,50.705597,51.00000000000001
1270,51.5241,51.00000000000001
1271,51.856415,51.00000000000001
1272,51.844215,50.0
1273,50.609188,50.0
1274,49.7879,49.0
1275,48.566185,48.0
1276,47.19504,46.99999999999999
1277,46.00111,54.0
1278,51.685856,54.0
1279,54.252396,53.0
1280,54.628155,53.0
1281,54.44068,52.0
1282,53.26026,52.0
1283,52.514713,52.0
1284,52.092587,52.0
1285,51.925022,52.0
1286,51.8674,52.0
1287,51.91262,52.0
1288,51.98453,52.0
1289,52.064407,52.0
1290,52.266674,52.0
1291,52.235092,52.0
1292,51.961994,53.0
1293,52.902878,53.0
1294,53.436085,53.0
1295,53.526817,54.0
1296,54.392517,54.0
1297,54.635555,55.0
1298,55.356407,55.0
1299,55.48167,55.0
1300,55.31435,55.0
1301,55.089268,88.0
1302,79.26607,87.0
1303,88.647934,85.0
1304,91.36572,84.0
1305,89.54924,82.0
1306,84.44593,80.0
1307,78.97948,80.0
1308,76.573326,81.0
1309,77.19368,81.0
1310,78.59034,82.0
1311,80.5844,82.0
1312,81.78495,81.0
1313,81.638756,81.0
1314,81.520996,81.0
1315,80.99081,80.0
1316,79.169685,78.99999999999999
1317,77.49783,77.0
1318,75.44631,76.0
1319,74.5092,74.0
1320,72.72079,73.0
1321,71.934074,72.0
1322,71.35221,71.0
1323,70.53089,71.0
1324,70.49117,71.0
1325,70.5552,89.0
1326,84.04496,89.0
1327,89.389275,90.0
1328,93.02331,90.0
1329,93.47432,91.0
1330,93.18759,91.0
1331,91.87293,91.0
1332,90.556145,91.0
1333,89.8669,91.0
1334,89.7391,92.0
1335,90.65634,92.0
1336,91.29388,93.0
1337,92.56764,93.99999999999999
1338,94.06113,93.99999999999999
1339,94.55617,95.0
1340,95.044975,97.0
1341,96.78861,98.0
1342,98.063446,105.0
1343,104.93598,113.0
1344,114.331825,113.0
1345,116.975624,110.0
1346,113.99728,104.0
1347,105.13159,99.0
1348,96.51323,99.0
1349,94.78597,72.0
1350,71.21939,72.0
1351,66.01439,71.0
1352,65.26149,71.0
1353,66.8099,70.0
1354,67.99565,70.0
1355,69.23912,69.0
1356,69.31105,68.0
1357,68.524155,67.0
1358,67.6871,66.0
1359,66.56391,66.0
1360,65.917496,65.0
1361,64.37189,65.0
1362,64.45849,65.0
1363,65.2687,65.0
1364,65.69045,64.0
1365,64.77459,64.0
1366,64.36889,63.0
1367,63.352814,63.0
1368,62.94382,63.0
1369,62.713856,61.99999999999999
1370,61.81272,61.0
1371,60.768925,60.0
1372,59.562687,59.0
1373,58.436554,50.0
1374,50.553616,49.0
1375,46.603645,49.0
1376,45.6694,51.00000000000001
1377,48.451748,52.0
1378,51.12367,52.0
1379,52.51615,52.0
1380,53.16619,53.0
1381,54.008945,53.0
1382,54.139225,53.0
1383,53.968605,52.0
1384,52.996815,52.0
1385,52.331783,52.0
1386,51.314022,52.0
1387,51.386673,52.0
1388,52.036785,53.0
1389,53.29333,54.0
1390,54.456684,53.0
1391,54.098648,54.0
1392,54.749084,54.0
1393,54.756588,55.0
1394,55.36857,56.0
1395,56.341667,56.0
1396,56.532436,57.0
1397,57.268234,61.0
1398,60.641827,61.0
1399,61.79024,61.0
1400,62.044296,61.99999999999999
1401,62.566322,61.99999999999999
1402,62.46267,61.99999999999999
1403,62.210735,61.99999999999999
1404,61.973854,63.0
1405,62.631844,63.0
1406,62.873955,63.0
1407,62.979607,63.0
1408,63.067024,63.0
1409,63.0629,64.0
1410,63.936504,65.0
1411,65.30476,65.0
1412,65.971565,66.0
1413,67.08348,66.0
1414,67.00495,66.0
1415,66.65595,66.0
1416,66.25482,66.0
1417,66.039825,66.0
1418,65.91361,66.0
1419,65.914955,65.0
1420,65.13453,66.0
1421,65.78557,65.0
1422,65.31663,65.0
1423,65.15494,65.0
1424,65.03553,65.0
1425,65.00538,65.0
1426,65.016785,64.0
1427,64.25198,64.0
1428,64.00429,64.0
1429,63.912285,64.0
1430,64.004196,64.0
1431,64.001915,64.0
1432,64.01022,64.0
1433,64.150345,64.0
1434,64.19931,64.0
1435,64.01272,64.0
1436,64.09841,61.99999999999999
1437,62.440796,61.99999999999999
1438,61.628864,61.99999999999999
1439,61.4212,61.0
1440,60.68975,61.0
1441,60.6402,61.0
1442,60.836533,61.0
1443,61.127422,61.0
1444,61.35031,61.0
1445,61.384903,61.0
1446,61.367825,61.0
1447,61.289005,60.0
1448,60.443512,60.0
1449,60.078125,60.0
1450,59.921,59.0
1451,59.108105,59.0
1452,58.86378,59.0
1453,58.74058,60.0
1454,59.573673,60.0
1455,59.9778,60.0
1456,60.226906,60.0
1457,60.376026,60.0
1458,60.37882,60.0
1459,60.23515,60.0
1460,60.23486,60.0
1461,60.03843,60.0
1462,60.15565,61.0
1463,61.11697,61.99999999999999
1464,62.259666,61.99999999999999
1465,62.655552,63.0
1466,63.52723,63.0
1467,63.65728,64.0
1468,64.34503,64.0
1469,64.44944,64.0
1470,64.38936,65.0
1471,65.041374,66.0
1472,66.073555,67.0
1473,67.22995,67.0
1474,67.57073,69.0
1475,69.15981,69.0
1476,69.59587,70.0
1477,70.45681,70.0
1478,70.58258,69.0
1479,69.6493,69.0
1480,69.06686,69.0
1481,68.72781,69.0
1482,68.59748,69.0
1483,68.73117,68.0
1484,67.96489,68.0
1485,67.82957,67.0
1486,66.96785,67.0
1487,66.78133,67.0
1488,66.89414,67.0
1489,67.06811,65.0
1490,65.50427,65.0
1491,64.954926,64.0
1492,63.96076,61.99999999999999
1493,61.977406,61.0
1494,60.513073,61.0
1495,60.229668,60.0
1496,59.70165,59.0
1497,58.92417,59.0
1498,58.756657,58.0
1499,58.028866,57.0
1500,57.06554,56.0
1501,55.910202,56.0
1502,55.647533,57.0
1503,56.40459,57.0
1504,56.87074,59.0
1505,58.848385,60.0
1506,60.545807,61.0
1507,62.12405,63.0
1508,64.18161,63.0
1509,64.52481,64.0
1510,64.8498,63.0
1511,63.547935,64.0
1512,63.703,64.0
1513,63.61066,64.0
1514,63.699883,65.0
1515,64.69651,65.0
1516,65.18434,66.0
1517,66.15688,67.0
1518,67.25126,67.0
1519,67.54178,67.0
1520,67.525055,67.0
1521,67.40289,67.0
1522,67.5444,67.0
1523,67.439674,67.0
1524,67.26068,67.0
1525,67.08399,67.0
1526,67.101494,66.0
1527,66.271835,65.0
1528,65.15907,64.0
1529,63.758286,63.0
1530,62.378162,63.0
1531,62.25243,63.0
1532,62.5733,63.0
1533,62.820236,63.0
1534,63.101322,63.0
1535,63.38018,63.0
1536,63.395035,61.99999999999999
1537,62.261368,61.99999999999999
1538,61.69636,61.99999999999999
1539,61.512352,61.0
1540,60.74303,61.0
1541,60.574295,60.0
1542,59.802452,61.0
1543,60.494637,61.0
1544,60.870636,61.99999999999999
1545,61.874874,61.0
1546,61.530556,61.0
1547,61.440735,61.99999999999999
1548,62.092525,61.99999999999999
1549,62.31063,61.99999999999999
1550,62.368076,63.0
1551,63.126507,63.0
1552,63.31654,61.99999999999999
1553,62.464428,61.99999999999999
1554,61.981354,61.0
1555,60.944164,60.0
1556,59.717735,59.0
1557,58.59907,59.0
1558,58.365032,59.0
1559,58.6411,59.0
1560,59.21188,58.0
1561,58.56667,58.0
1562,58.333427,57.0
1563,57.318794,56.0
1564,56.082397,56.0
1565,55.72244,56.0
1566,55.75317,55.0
1567,55.12686,54.0
1568,54.20769,53.0
1569,53.08303,53.0
1570,52.709198,53.0
1571,52.67043,53.0
1572,52.763195,52.0
1573,52.130836,52.0
1574,51.960987,52.0
1575,51.896484,52.0
1576,51.956017,51.00000000000001
1577,51.3187,51.00000000000001
1578,51.066498,52.0
1579,51.704865,52.0
1580,52.129574,51.00000000000001
1581,51.330532,52.0
1582,51.9481,52.0
1583,52.259575,51.00000000000001
1584,51.476807,51.00000000000001
1585,51.09611,52.0
1586,51.890594,52.0
1587,52.21956,52.0
1588,52.442898,52.0
1589,52.49826,52.0
1590,52.39666,52.0
1591,52.299576,52.0
1592,52.185307,52.0
1593,52.125,52.0
1594,52.122757,52.0
1595,52.220192,53.0
1596,52.933056,53.0
1597,53.18664,53.0
1598,53.250977,52.0
1599,52.581345,50.0
1600,50.63459,49.0
1601,48.663307,48.0
1602,47.074398,46.99999999999999
1603,45.76311,46.0
1604,44.88062,46.0
1605,45.212463,46.0
1606,45.944748,44.0
1607,44.65994,44.0
1608,44.285236,43.0
1609,43.142097,43.0
1610,42.799545,44.0
1611,43.867603,43.0
1612,43.666367,44.0
1613,44.494495,45.0
1614,45.670357,44.0
1615,45.080032,45.0
1616,45.37065,46.99999999999999
1617,47.03486,48.0
1618,48.41237,43.0
1619,44.39718,41.0
1620,40.318203,41.0
1621,38.697357,42.0
1622,39.78779,43.0
1623,42.151962,46.0
1624,45.89199,49.0
1625,49.869755,51.00000000000001
1626,52.87862,52.0
1627,54.42703,52.0
1628,54.46233,52.0
1629,53.618004,52.0
1630,52.511147,53.0
1631,52.60608,52.0
1632,51.619556,53.0
1633,52.287647,53.0
1634,52.84739,53.0
1635,53.318584,53.0
1636,53.465847,53.0
1637,53.414368,54.0
1638,54.11983,54.0
1639,54.367138,54.0
1640,54.37358,54.0
1641,54.28949,54.0
1642,54.214478,56.0
1643,55.729786,56.0
1644,56.274185,56.0
1645,56.481174,57.0
1646,57.23901,57.0
1647,57.438587,57.0
1648,57.48095,57.0
1649,57.322506,57.0
1650,57.16177,57.0
1651,57.09181,57.0
1652,56.95624,56.0
1653,56.00842,56.0
1654,55.93531,56.0
1655,55.898544,56.0
1656,56.082336,57.0
1657,57.165848,57.0
1658,57.56455,56.0
1659,56.79364,57.0
1660,57.268738,56.0
1661,56.50147,56.0
1662,56.09971,56.0
1663,55.90869,56.0
1664,55.86325,56.0
1665,55.970078,55.0
1666,55.24426,55.0
1667,54.996876,54.0
1668,54.087986,54.0
1669,53.803875,55.0
1670,54.57159,55.0
1671,54.93719,55.0
1672,55.141933,55.0
1673,55.3061,56.0
1674,56.12844,55.0
1675,55.583427,56.0
1676,56.278263,57.0
1677,57.166435,57.0
1678,57.596375,58.0
1679,58.53473,59.0
1680,59.691437,60.0
1681,60.809258,60.0
1682,60.91237,61.0
1683,61.59221,61.0
1684,61.593758,61.0
1685,61.32626,61.0
1686,61.0427,61.99999999999999
1687,61.653324,63.0
1688,62.746693,63.0
1689,63.2048,64.0
1690,64.14295,64.0
1691,64.47777,64.0
1692,64.554184,65.0
1693,65.29234,65.0
1694,65.46227,65.0
1695,65.40314,66.0
1696,66.033875,66.0
1697,66.35651,66.0
1698,66.27895,66.0
1699,66.14382,66.0
1700,65.91343,66.0
1701,65.768974,65.0
1702,65.03786,65.0
1703,64.85296,64.0
1704,63.995937,63.0
1705,62.865665,61.99999999999999
1706,61.690235,61.99999999999999
1707,61.53029,61.99999999999999
1708,61.796005,61.99999999999999
1709,62.133606,61.99999999999999
1710,62.342045,61.99999999999999
1711,62.407104,61.0
1712,61.6337,60.0
1713,60.472565,60.0
1714,59.948708,60.0
1715,59.76917,59.0
1716,58.984577,59.0
1717,58.74246,59.0
1718,58.770885,59.0
1719,58.84335,58.0
1720,58.18366,59.0
1721,58.709515,59.0
1722,59.06601,60.0
1723,60.0799,60.0
1724,60.512512,60.0
1725,60.641884,60.0
1726,60.380665,61.0
1727,61.001614,61.0
1728,61.17475,61.99999999999999
1729,61.98764,63.0
1730,63.178127,63.0
1731,63.546104,63.0
1732,63.556393,63.0
1733,63.406437,63.0
1734,63.25012,63.0
1735,63.14432,63.0
1736,63.09143,63.0
1737,63.101635,63.0
1738,63.087967,63.0
1739,63.218548,63.0
1740,63.245335,63.0
1741,63.185757,61.99999999999999
1742,62.396133,61.99999999999999
1743,62.046066,61.99999999999999
1744,61.95685,61.0
1745,61.060703,60.0
1746,59.890984,59.0
1747,58.612225,60.0
1748,59.07822,59.0
1749,58.742867,59.0
1750,58.847958,59.0
1751,58.907944,58.0
1752,58.18115,57.0
1753,57.10404,57.0
1754,56.73732,57.0
1755,56.68504,57.0
1756,56.752956,57.0
1757,56.996243,57.0
1758,57.138,57.0
1759,57.24985,57.0
1760,57.196587,57.0
1761,57.125565,58.0
1762,57.81977,57.0
1763,57.343006,57.0
1764,57.146324,58.0
1765,57.77718,58.0
1766,58.055965,58.0
1767,58.207867,58.0
1768,58.232098,58.0
1769,58.2153,58.0
1770,58.064392,58.0
1771,58.063282,58.0
1772,58.046207,58.0
1773,58.167973,57.0
1774,57.295868,58.0
1775,57.88849,58.0
1776,58.179516,57.0
1777,57.437,57.0
1778,57.15542,57.0
1779,57.005215,56.0
1780,56.16287,56.0
1781,55.87384,56.0
1782,55.82278,56.0
1783,55.90437,56.0
1784,56.090096,57.0
1785,56.970062,56.0
1786,56.52588,56.0
1787,56.25734,56.0
1788,56.063614,56.0
1789,56.027096,56.0
1790,56.03546,55.0
1791,55.27362,55.0
1792,54.985844,56.0
1793,55.69884,56.0
1794,56.030743,56.0
1795,56.250973,57.0
1796,57.28758,57.0
1797,57.70252,58.0
1798,58.596584,58.0
1799,58.829792,58.0
1800,58.682484,59.0
1801,59.283512,59.0
1802,59.386578,60.0
1803,60.11993,60.0
1804,60.284767,61.0
1805,61.053238,61.0
1806,61.368504,61.0
1807,61.476685,61.0
1808,61.387917,60.0
1809,60.404263,60.0
1810,59.96392,61.99999999999999
1811,61.47624,61.99999999999999
1812,62.05018,63.0
1813,63.14611,63.0
1814,63.553734,63.0
1815,63.600983,63.0
1816,63.438076,64.0
1817,64.091225,63.0
1818,63.502808,64.0
1819,63.6345,63.0
1820,62.97391,63.0
1821,62.81221,63.0
1822,62.672337,61.99999999999999
1823,61.830593,63.0
1824,62.54871,61.99999999999999
1825,62.085735,61.99999999999999
1826,62.14183,61.0
1827,61.356693,61.0
1828,61.111828,61.0
1829,61.049366,61.0
1830,61.15732,61.99999999999999
1831,62.03901,61.99999999999999
1832,62.319416,63.0
1833,63.240017,63.0
1834,63.433567,61.0
1835,61.7961,61.0
1836,61.245796,60.0
1837,59.98898,60.0
1838,59.536194,60.0
1839,59.48855,59.0
1840,58.802307,59.0
1841,58.675583,59.0
1842,58.784332,59.0
1843,58.91601,59.0
1844,59.171185,60.0
1845,60.15309,60.0
1846,60.57584,60.0
1847,60.703323,61.0
1848,61.430595,61.0
1849,61.57198,61.99999999999999
1850,62.360004,61.99999999999999
1851,62.464355,63.0
1852,63.251904,63.0
1853,63.34488,51.00000000000001
1854,53.797585,52.0
1855,50.30481,53.0
1856,50.052994,53.0
1857,51.238476,53.0
1858,52.539528,54.0
1859,54.037155,54.0
1860,54.58171,54.0
1861,54.750183,54.0
1862,54.743618,55.0
1863,55.38403,55.0
1864,55.56351,55.0
1865,55.737732,55.0
1866,55.660294,55.0
1867,55.409954,55.0
1868,55.063732,55.0
1869,55.063854,56.0
1870,56.049965,56.0
1871,56.532642,57.0
1872,57.506706,57.0
1873,57.7366,56.0
1874,56.83832,56.0
1875,56.1866,55.0
1876,55.064327,54.0
1877,53.84954,54.0
1878,53.505455,54.0
1879,53.5462,54.0
1880,53.775417,54.0
1881,54.000004,54.0
1882,54.128986,54.0
1883,54.23847,53.0
1884,53.53943,53.0
1885,53.19072,53.0
1886,53.03954,52.0
1887,52.254513,52.0
1888,51.970158,51.00000000000001
1889,51.11298,51.00000000000001
1890,50.84734,51.00000000000001
1891,50.816387,48.0
1892,48.297905,44.0
1893,43.415028,45.0
1894,42.44389,40.0
1895,38.65909,40.0
1896,37.779964,38.0
1897,36.47391,37.0
1898,35.839584,38.0
1899,37.314903,39.0
1900,39.393776,39.0
1901,40.412266,49.0
1902,48.291843,51.00000000000001
1903,52.867744,52.0
1904,55.014713,52.0
1905,54.884098,52.0
1906,53.987328,52.0
1907,52.75162,52.0
1908,51.746582,51.00000000000001
1909,50.414555,52.0
1910,50.77137,52.0
1911,51.294342,52.0
1912,51.621468,52.0
1913,52.002613,51.00000000000001
1914,51.304314,53.0
1915,52.701504,52.0
1916,52.341404,53.0
1917,53.120243,55.0
1918,55.222622,56.0
1919,56.739887,57.0
1920,58.08561,58.0
1921,59.27259,58.0
1922,59.25181,58.0
1923,58.698917,59.0
1924,59.035336,60.0
1925,59.845272,64.0
1926,63.429073,64.0
1927,64.52739,65.0
1928,65.72009,65.0
1929,65.94429,65.0
1930,65.76315,65.0
1931,65.48949,64.0
1932,64.3946,64.0
1933,63.921227,65.0
1934,64.53553,65.0
1935,64.8386,64.0
1936,64.349174,64.0
1937,64.3329,65.0
1938,65.04053,64.0
1939,64.29867,63.0
1940,63.00926,64.0
1941,63.374275,64.0
1942,63.725365,64.0
1943,63.935997,65.0
1944,65.207726,66.0
1945,66.63594,67.0
1946,67.82478,67.0
1947,68.03139,66.0
1948,66.861725,66.0
1949,66.12382,63.0
1950,63.05395,61.99999999999999
1951,61.06455,61.99999999999999
1952,60.6518,61.0
1953,60.187668,60.0
1954,59.629944,57.0
1955,57.270763,57.0
1956,56.53428,56.0
1957,55.72057,56.0
1958,55.687347,56.0
1959,55.780518,56.0
1960,55.981033,56.0
1961,56.211185,55.0
1962,55.635933,55.0
1963,55.31488,55.0
1964,54.98057,55.0
1965,54.69319,54.0
1966,53.788578,54.0
1967,53.468304,54.0
1968,53.537983,53.0
1969,52.804554,53.0
1970,52.64447,53.0
1971,52.759735,53.0
1972,53.021606,53.0
1973,53.188057,58.0
1974,57.05505,58.0
1975,58.459446,58.0
1976,59.0851,57.0
1977,58.341167,57.0
1978,57.75913,57.0
1979,57.195705,57.0
1980,56.936996,57.0
1981,56.74841,57.0
1982,56.6947,56.0
1983,55.96775,55.0
1984,55.088177,55.0
1985,54.716553,55.0
1986,54.635365,55.0
1987,54.893612,55.0
1988,55.026653,55.0
1989,55.233322,56.0
1990,56.25381,56.0
1991,56.633747,56.0
1992,56.650215,56.0
1993,56.59296,56.0
1994,56.325657,56.0
1995,56.156372,56.0
1996,56.063793,56.0
1997,56.004066,46.99999999999999
1998,48.31472,48.0
1999,45.861942,49.0
2000,46.34535,49.0
2001,47.7629,51.00000000000001
2002,50.475475,52.0
2003,52.525402,52.0
2004,53.315624,52.0
2005,53.374496,53.0
2006,53.878036,53.0
2007,53.88979,53.0
2008,53.727444,54.0
2009,54.264645,55.0
2010,55.05987,55.0
2011,55.317577,55.0
2012,55.37603,55.0
2013,55.306847,55.0
2014,55.083385,54.0
2015,53.99189,54.0
2016,53.826584,54.0
2017,53.798462,54.0
2018,53.90945,54.0
2019,53.979248,54.0
2020,54.101906,54.0
2021,54.15475,56.0
2022,55.649433,56.0
2023,56.27501,57.0
2024,57.25046,58.0
2025,58.332294,59.0
2026,59.390526,59.0
2027,59.75477,60.0
2028,60.52138,60.0
2029,60.649826,60.0
2030,60.5347,59.0
2031,59.557144,59.0
2032,58.968773,59.0
2033,58.656864,59.0
2034,58.56197,58.0
2035,57.87789,58.0
2036,57.718483,58.0
2037,57.924576,58.0
2038,58.102043,58.0
2039,58.365166,58.0
2040,58.403675,59.0
2041,59.203995,59.0
2042,59.445908,59.0
2043,59.45887,59.0
2044,59.26124,59.0
2045,59.015656,69.0
2046,66.403145,68.0
2047,68.535515,67.0
2048,68.65346,66.0
2049,67.52362,65.0
2050,65.54732,65.0
2051,64.48739,65.0
2052,64.055176,64.0
2053,63.283524,61.99999999999999
2054,61.550156,60.0
2055,59.4428,58.0
2056,57.25083,57.0
2057,55.91103,56.0
2058,54.870533,54.0
2059,53.10971,52.0
2060,51.094513,52.0
2061,50.822063,52.0
2062,51.38092,51.00000000000001
2063,51.069942,51.00000000000001
2064,51.040764,50.0
2065,50.23184,50.0
2066,49.929836,51.00000000000001
2067,50.763977,52.0
2068,51.992428,52.0
2069,52.498207,99.0
2070,89.19697,98.0
2071,104.98594,97.0
2072,110.772125,97.0
2073,108.25546,97.0
2074,101.00123,97.0
2075,94.41858,96.0
2076,90.04849,96.0
2077,89.32143,96.0
2078,90.72701,96.0
2079,92.71036,95.0
2080,93.64458,96.0
2081,95.43812,96.0
2082,96.28144,95.0
2083,95.602585,95.0
2084,94.929016,93.99999999999999
2085,93.41548,93.0
2086,92.03482,90.0
2087,89.172134,89.0
2088,87.53476,87.0
2089,85.16845,87.0
2090,85.06,86.0
2091,84.58758,86.0
2092,84.67519,86.0
2093,84.67302,59.0
2094,63.10701,59.0
2095,55.655415,59.0
2096,53.666904,59.0
2097,54.983395,60.0
2098,57.59701,61.0
2099,60.053535,61.99999999999999
2100,62.132053,61.99999999999999
2101,63.099808,63.0
2102,64.28493,64.0
2103,65.32529,65.0
2104,66.185776,66.0
2105,66.92895,65.0
2106,65.978676,65.0
2107,64.89735,64.0
2108,63.7295,64.0
2109,63.27002,65.0
2110,64.376755,64.0
2111,64.01965,64.0
2112,64.052284,65.0
2113,65.015045,65.0
2114,65.32337,65.0
2115,65.342125,65.0
2116,65.38048,64.0
2117,64.527534,57.0
2118,58.191475,57.0
2119,55.890484,56.0
2120,54.480335,56.0
2121,54.510975,55.0
2122,54.339165,55.0
2123,54.662365,55.0
2124,54.96813,54.0
2125,54.484566,53.0
2126,53.58285,53.0
2127,53.26311,54.0
2128,53.88148,53.0
2129,53.257042,53.0
2130,52.90762,53.0
2131,52.837875,54.0
2132,53.913086,54.0
2133,54.408737,54.0
2134,54.635826,54.0
2135,54.285084,54.0
2136,54.1148,54.0
2137,53.924313,53.0
2138,53.026913,52.0
2139,51.801117,49.0
2140,48.631195,44.0
2141,43.036274,56.0
2142,50.87451,55.0
2143,54.167236,55.0
2144,56.04017,56.0
2145,57.32769,56.0
2146,57.44812,56.0
2147,57.2055,57.0
2148,57.545017,57.0
2149,57.4464,58.0
2150,58.060364,59.0
2151,58.93309,60.0
2152,59.870655,60.0
2153,60.411175,61.0
2154,61.37263,61.0
2155,61.721447,61.0
2156,61.40239,61.0
2157,61.168873,61.0
2158,60.93234,61.99999999999999
2159,61.71131,61.99999999999999
2160,62.033623,63.0
2161,63.063465,63.0
2162,63.49241,63.0
2163,63.60001,64.0
2164,64.27906,64.0
2165,64.35288,65.0
2166,65.1445,65.0
2167,65.28893,67.0
2168,66.953186,68.0
2169,68.38959,71.0
2170,71.29308,73.0
2171,73.93954,75.0
2172,76.322174,76.0
2173,77.64358,77.0
2174,78.483,77.0
2175,78.3076,78.99999999999999
2176,79.51861,80.0
2177,80.43496,81.0
2178,81.32395,83.0
2179,83.1899,85.0
2180,85.488495,88.0
2181,89.132355,90.0
2182,91.83708,92.0
2183,94.090965,93.99999999999999
2184,95.871666,96.0
2185,97.58271,98.0
2186,99.460724,99.0
2187,101.04602,117.00000000000001
2188,117.24673,135.0
2189,141.03795,149.0
2190,163.69215,152.0
2191,168.62181,153.0
2192,162.75749,153.0
2193,154.80748,153.0
2194,149.64699,153.0
2195,148.09906,153.0
2196,148.8683,154.0
2197,150.98582,155.0
2198,153.48172,155.0
2199,154.97029,156.0
2200,157.33423,156.0
2201,157.04385,156.0
2202,155.53404,155.0
2203,152.80269,154.0
2204,150.42812,153.0
2205,149.28125,153.0
2206,150.32852,152.0
2207,150.29517,151.00000000000003
2208,148.93379,142.0
2209,139.26843,120.0
2210,116.0909,103.0
2211,94.41176,97.0
2212,85.49294,95.0
2213,85.45646,92.0
2214,86.325874,89.0
2215,86.30137,86.0
2216,85.06588,83.0
2217,82.32906,78.99999999999999
2218,78.11475,78.0
2219,76.05629,76.0
2220,74.137024,73.0
2221,71.554794,70.0
2222,68.64203,67.0
2223,65.63624,65.0
2224,63.32735,61.99999999999999
2225,60.528786,61.0
2226,59.52945,61.99999999999999
2227,60.821342,61.99999999999999
2228,61.930626,61.0
2229,61.64032,61.0
2230,61.449852,61.0
2231,61.259113,61.0
2232,61.27242,61.0
2233,61.44845,61.0
2234,61.18922,61.0
2235,60.848618,61.0
2236,60.671333,61.99999999999999
2237,61.418495,61.99999999999999
2238,62.011055,61.99999999999999
2239,62.337727,61.99999999999999
2240,62.318558,61.99999999999999
2241,62.210896,63.0
2242,62.85959,63.0
2243,63.097954,63.0
2244,63.186756,63.0
2245,63.122696,63.0
2246,63.065998,63.0
2247,63.05557,63.0
2248,62.955807,63.0
2249,63.03453,63.0
2250,63.081512,63.0
2251,63.1085,63.0
2252,63.13843,63.0
2253,63.13679,63.0
2254,63.119728,61.99999999999999
2255,62.162888,61.99999999999999
2256,61.796005,61.0
2257,60.822834,61.0
2258,60.51893,61.0
2259,60.62427,61.0
2260,60.821632,61.0
2261,61.02405,61.0
2262,61.204136,61.0
2263,61.235825,61.0
2264,61.210228,61.0
2265,61.16184,61.0
2266,61.124306,61.0
2267,61.075172,61.0
2268,61.030586,61.0
2269,60.98683,61.0
2270,61.01403,61.0
2271,60.992764,60.0
2272,60.21662,60.0
2273,59.916683,61.0
2274,60.739243,61.0
2275,61.13845,61.0
2276,61.386692,61.99999999999999
2277,62.23526,61.99999999999999
2278,62.427475,61.99999999999999
2279,62.412464,61.99999999999999
2280,62.223804,63.0
2281,62.925037,63.0
2282,63.198475,63.0
2283,63.167133,65.0
2284,64.86122,66.0
2285,66.35815,66.0
2286,66.824585,67.0
2287,67.60735,68.0
2288,68.434814,69.0
2289,69.28575,70.0
2290,70.21168,71.0
2291,71.232216,72.0
2292,72.246086,73.0
2293,73.32714,73.0
2294,73.61601,74.0
2295,74.300964,75.0
2296,75.17433,75.0
2297,75.261406,75.0
2298,75.15593,75.0
2299,74.90069,74.0
2300,73.798386,74.0
2301,73.39534,74.0
2302,73.55566,74.0
2303,73.85137,90.0
2304,87.78667,101.0
2305,103.22842,106.0
2306,113.98067,100.0
2307,109.48478,84.0
2308,88.78931,74.0
2309,68.91296,73.0
2310,61.742897,72.0
2311,62.718395,71.0
2312,66.0523,70.0
2313,68.753494,70.0
2314,70.46009,69.0
2315,70.1788,69.0
2316,69.86641,69.0
2317,69.5054,69.0
2318,69.36858,69.0
2319,69.15588,69.0
2320,68.91909,70.0
2321,69.611336,71.0
2322,70.74339,71.0
2323,71.62319,72.0
2324,72.45152,72.0
2325,72.360054,72.0
2326,72.117195,80.0
2327,79.258484,104.0
2328,102.7467,108.99999999999999
2329,117.100266,106.0
2330,116.97965,100.0
2331,105.86828,80.0
2332,78.77567,74.0
2333,62.738758,73.0
2334,60.107113,73.0
2335,64.57338,72.0
2336,68.48938,72.0
2337,71.51945,71.0
2338,72.43599,71.0
2339,72.57099,71.0
2340,72.2096,70.0
2341,70.90984,69.0
2342,69.47843,69.0
2343,68.48709,69.0
2344,67.8342,68.0
2345,67.66226,68.0
2346,68.31609,69.0
2347,69.27589,69.0
2348,69.21468,69.0
2349,68.74354,69.0
2350,68.67276,68.0
2351,67.64256,67.0
2352,66.57017,66.0
2353,65.18766,65.0
2354,64.00462,66.0
2355,64.76492,66.0
2356,65.45385,67.0
2357,66.7088,67.0
2358,67.30356,67.0
2359,67.48395,67.0
2360,67.44919,67.0
2361,67.30602,67.0
2362,67.1659,67.0
2363,67.07757,67.0
2364,67.02572,67.0
2365,67.019104,67.0
2366,67.0588,67.0
2367,67.005554,67.0
2368,67.05248,66.0
2369,66.201645,66.0
2370,65.688095,65.0
2371,64.56441,64.0
2372,63.348797,64.0
2373,63.17733,64.0
2374,63.48364,64.0
2375,63.912014,65.0
2376,64.99988,65.0
2377,65.62067,65.0
2378,65.5709,65.0
2379,65.36166,64.0
2380,64.24115,64.0
2381,63.795452,64.0
2382,63.666656,64.0
2383,63.755142,64.0
2384,63.863533,64.0
2385,64.0137,64.0
2386,64.1396,64.0
2387,64.16317,65.0
2388,64.889114,65.0
2389,65.15777,65.0
2390,65.25902,65.0
2391,65.26479,65.0
2392,65.15281,66.0
2393,65.844376,67.0
2394,67.03535,68.0
2395,68.367004,68.0
2396,68.82044,69.0
2397,69.38224,69.0
2398,69.24872,69.0
2399,68.99206,68.0
2400,67.941414,68.0
2401,67.524704,69.0
2402,68.33443,69.0
2403,68.834816,70.0
2404,69.90435,71.0
2405,71.15084,71.0
2406,71.62113,71.0
2407,71.64024,72.0
2408,72.29439,72.0
2409,72.40321,72.0
2410,72.317955,72.0
2411,72.153595,72.0
2412,72.05139,71.0
2413,71.14368,71.0
2414,70.815186,71.0
2415,70.67275,71.0
2416,70.746346,71.0
2417,70.854706,70.0
2418,70.13366,70.0
2419,69.780334,69.0
2420,68.77194,68.0
2421,67.56212,68.0
2422,67.35371,67.0
2423,66.512955,67.0
2424,66.55862,66.0
2425,65.952995,65.0
2426,64.98164,65.0
2427,64.72255,65.0
2428,64.841675,64.0
2429,64.18458,64.0
2430,64.00677,64.0
2431,63.930992,63.0
2432,63.121517,61.99999999999999
2433,62.084324,61.99999999999999
2434,61.71883,61.99999999999999
2435,61.661724,61.99999999999999
2436,61.72311,61.99999999999999
2437,61.803707,61.99999999999999
2438,61.913967,61.99999999999999
2439,61.993393,61.0
2440,61.263138,61.0
2441,60.96724,61.0
2442,60.876274,60.0
2443,59.945293,59.0
2444,58.795773,59.0
2445,58.528236,59.0
2446,58.56253,59.0
2447,58.844692,59.0
2448,59.1347,59.0
2449,59.260067,58.0
2450,58.42141,57.0
2451,57.165924,56.0
2452,55.76196,56.0
2453,55.33943,56.0
2454,55.484005,56.0
2455,55.805904,56.0
2456,56.092968,56.0
2457,56.23042,56.0
2458,56.271797,56.0
2459,56.2359,56.0
2460,56.18162,56.0
2461,56.177868,55.0
2462,55.392326,54.0
2463,54.22349,53.0
2464,52.95422,53.0
2465,52.490005,52.0
2466,51.64593,52.0
2467,51.515076,53.0
2468,52.56611,53.0
2469,53.128017,53.0
2470,53.551647,54.0
2471,54.55773,54.0
2472,54.761086,54.0
2473,54.662857,54.0
2474,54.425724,54.0
2475,54.09387,54.0
2476,53.815647,54.0
2477,53.784992,53.0
2478,52.98583,53.0
2479,52.723465,52.0
2480,51.89247,52.0
2481,51.638123,51.00000000000001
2482,50.902603,51.00000000000001
2483,50.70166,51.00000000000001
2484,50.733696,50.0
2485,50.123093,51.00000000000001
2486,50.749363,52.0
2487,51.77677,53.0
2488,53.010574,53.0
2489,53.563744,52.0
2490,52.899044,52.0
2491,52.463867,51.00000000000001
2492,51.127193,50.0
2493,49.514484,46.99999999999999
2494,46.004715,45.0
2495,43.198578,45.0
2496,42.673374,46.0
2497,44.582085,46.0
2498,46.362583,46.0
2499,47.335686,46.0
2500,47.549686,46.99999999999999
2501,48.0615,46.99999999999999
2502,48.020626,46.99999999999999
2503,47.73361,46.99999999999999
2504,47.272217,46.0
2505,45.960773,45.0
2506,44.507267,45.0
2507,44.055668,45.0
2508,44.268993,44.0
2509,43.874714,43.0
2510,43.024734,44.0
2511,43.70309,44.0
2512,44.299324,45.0
2513,45.5136,45.0
2514,45.907326,46.0
2515,46.89493,48.0
2516,48.758007,48.0
2517,49.209705,49.0
2518,49.938145,50.0
2519,50.789917,49.0
2520,49.830288,49.0
2521,49.137688,49.0
2522,48.70098,49.0
2523,48.61259,50.0
2524,49.588726,49.0
2525,49.3542,49.0
2526,49.319645,50.0
2527,50.055054,50.0
2528,50.437088,51.00000000000001
2529,51.289513,51.00000000000001
2530,51.63117,51.00000000000001
2531,51.625,51.00000000000001
2532,51.51205,52.0
2533,52.091297,52.0
2534,52.304745,52.0
2535,52.344772,52.0
2536,52.354935,52.0
2537,52.3122,52.0
2538,52.158916,52.0
2539,52.1236,52.0
2540,52.064022,52.0
2541,52.028683,52.0
2542,52.089252,52.0
2543,52.136063,52.0
2544,52.122425,52.0
2545,52.16148,52.0
2546,52.257286,52.0
2547,52.265606,53.0
2548,53.02942,53.0
2549,53.31879,54.0
2550,54.237503,54.0
2551,54.520844,54.0
2552,54.531567,54.0
2553,54.419163,55.0
2554,54.999275,55.0
2555,55.17993,56.0
2556,55.960537,56.0
2557,56.277843,55.0
2558,55.614834,54.0
2559,54.477306,54.0
2560,53.88108,54.0
2561,53.73731,54.0
2562,53.731873,54.0
2563,54.01631,54.0
2564,54.24372,54.0
2565,54.356857,54.0
2566,54.426586,53.0
2567,53.50849,54.0
2568,53.986168,54.0
2569,54.154404,53.0
2570,53.404327,53.0
2571,53.081753,53.0
2572,52.931683,53.0
2573,52.898697,54.0
2574,53.67305,53.0
2575,53.235294,52.0
2576,52.31047,51.00000000000001
2577,51.130077,51.00000000000001
2578,50.688232,50.0
2579,49.82781,48.0
2580,47.791862,46.99999999999999
2581,46.232468,46.0
2582,45.057014,46.0
2583,45.026913,46.0
2584,45.64167,46.0
2585,46.148895,48.0
2586,48.11844,51.00000000000001
2587,51.39001,51.00000000000001
2588,52.581722,51.00000000000001
2589,52.985085,50.0
2590,51.405144,48.0
2591,48.323425,46.99999999999999
2592,45.502075,46.99999999999999
2593,44.73103,48.0
2594,46.294655,49.0
2595,48.562927,50.0
2596,50.51925,51.00000000000001
2597,51.907154,39.0
2598,42.9637,39.0
2599,38.268738,38.0
2600,35.385086,38.0
2601,35.28135,39.0
2602,37.45609,39.0
2603,39.381428,40.0
2604,41.41075,40.0
2605,42.168564,41.0
2606,42.805977,42.0
2607,43.39245,43.0
2608,44.127563,45.0
2609,45.667995,45.0
2610,46.068108,44.0
2611,45.0177,44.0
2612,44.303806,44.0
2613,43.802505,46.99999999999999
2614,46.579662,51.00000000000001
2615,51.64824,51.00000000000001
2616,53.866917,52.0
2617,54.752728,53.0
2618,55.004658,53.0
2619,54.109364,53.0
2620,53.11275,54.0
2621,53.3058,61.99999999999999
2622,59.654804,61.99999999999999
2623,62.460987,64.0
2624,65.06509,64.0
2625,65.61672,64.0
2626,65.31099,64.0
2627,64.72526,64.0
2628,64.185555,65.0
2629,64.519745,65.0
2630,64.54996,65.0
2631,64.87667,65.0
2632,65.163666,65.0
2633,65.29639,65.0
2634,65.34247,65.0
2635,65.123604,64.0
2636,63.02149,64.0
2637,62.508656,63.0
2638,62.247555,64.0
2639,63.349308,64.0
2640,64.087265,71.0
2641,70.819244,71.0
2642,73.24202,66.0
2643,69.26549,65.0
2644,65.937164,65.0
2645,64.17332,65.0
2646,63.55318,66.0
2647,64.58574,65.0
2648,64.45964,65.0
2649,64.64946,64.0
2650,63.977734,64.0
2651,63.77988,66.0
2652,65.45249,65.0
2653,65.29308,66.0
2654,66.03178,67.0
2655,67.13738,68.0
2656,68.29013,68.0
2657,68.60295,67.0
2658,67.703125,67.0
2659,66.797714,68.0
2660,66.89871,68.0
2661,67.39345,68.0
2662,67.71776,69.0
2663,68.770935,68.0
2664,68.36678,69.0
2665,69.20542,67.0
2666,67.6229,68.0
2667,67.68543,69.0
2668,68.513245,70.0
2669,69.74883,53.0
2670,57.082848,53.0
2671,52.109844,52.0
2672,49.135433,52.0
2673,48.897,52.0
2674,50.183987,52.0
2675,51.61316,51.00000000000001
2676,51.786232,49.0
2677,50.46661,46.99999999999999
2678,48.15648,43.0
2679,43.467518,41.0
2680,39.636623,38.0
2681,36.073307,37.0
2682,34.52003,35.0
2683,33.899254,32.0
2684,31.806404,32.0
2685,31.555862,30.999999999999996
2686,31.222567,32.0
2687,32.456287,35.0
2688,36.154137,36.0
2689,38.77691,35.0
2690,38.182358,32.0
2691,33.898746,30.0
2692,29.216852,29.0
2693,26.192541,56.0
2694,47.61773,57.0
2695,58.482,57.0
2696,63.080437,57.0
2697,63.05225,58.0
2698,61.805317,59.0
2699,60.32512,60.0
2700,59.600113,60.0
2701,58.866585,61.0
2702,59.610752,61.0
2703,60.157856,61.99999999999999
2704,61.266834,63.0
2705,62.531277,63.0
2706,63.07799,63.0
2707,63.418358,64.0
2708,64.38523,64.0
2709,64.71322,66.0
2710,66.413414,66.0
2711,66.9071,67.0
2712,67.818794,67.0
2713,68.05216,67.0
2714,67.79348,68.0
2715,68.279106,70.0
2716,70.092384,70.0
2717,70.73864,54.0
2718,58.271004,54.0
2719,52.811306,55.0
2720,51.589676,55.0
2721,52.597916,55.0
2722,54.03347,56.0
2723,55.77029,56.0
2724,56.517906,56.0
2725,56.801926,56.0
2726,56.80372,56.0
2727,56.704903,56.0
2728,56.70712,56.0
2729,56.61033,56.0
2730,56.47841,56.0
2731,56.119186,55.0
2732,55.081913,55.0
2733,54.79201,55.0
2734,54.866478,56.0
2735,56.06113,56.0
2736,56.555553,56.0
2737,56.74631,56.0
2738,56.690495,55.0
2739,55.5905,55.0
2740,55.085667,55.0
2741,54.80285,59.0
2742,57.97207,59.0
2743,59.333424,59.0
2744,59.895542,59.0
2745,59.907566,59.0
2746,59.69853,59.0
2747,59.48149,59.0
2748,59.213154,60.0
2749,59.788296,60.0
2750,59.991894,61.0
2751,60.911263,61.99999999999999
2752,62.07699,63.0
2753,63.239532,64.0
2754,64.49719,65.0
2755,65.64315,65.0
2756,65.90111,66.0
2757,66.65117,66.0
2758,66.49267,66.0
2759,66.117004,66.0
2760,65.884964,67.0
2761,66.73743,67.0
2762,67.12709,67.0
2763,67.309105,68.0
2764,68.12497,68.0
2765,68.29569,53.0
2766,56.73107,55.0
2767,53.414318,56.0
2768,53.26487,57.0
2769,54.757423,59.0
2770,57.734882,59.0
2771,59.277405,60.0
2772,60.684044,61.99999999999999
2773,62.689434,63.0
2774,64.113976,64.0
2775,65.22424,66.0
2776,66.91566,68.0
2777,68.83907,70.0
2778,70.98258,72.0
2779,73.242355,74.0
2780,75.42509,76.0
2781,77.60861,78.0
2782,79.445564,80.0
2783,81.121315,81.0
2784,81.98624,87.0
2785,87.338005,97.0
2786,97.3791,93.0
2787,96.45087,86.0
2788,88.40747,87.0
2789,85.121704,86.0
2790,82.49533,86.0
2791,82.30929,86.0
2792,83.28557,86.0
2793,84.386475,86.0
2794,85.28706,86.0
2795,85.953094,87.0
2796,87.025314,87.0
2797,87.73272,87.0
2798,87.960556,87.0
2799,87.47091,88.0
2800,88.234985,89.0
2801,89.342476,89.0
2802,89.36173,90.0
2803,90.43499,90.0
2804,90.260765,92.0
2805,91.304955,93.0
2806,92.52584,95.0
2807,95.32833,98.0
2808,99.40139,108.99999999999999
2809,110.6221,111.0
2810,116.514786,125.0
2811,130.34294,132.0
2812,139.73328,139.0
2813,147.442,64.0
2814,66.05171,63.0
2815,39.77507,61.99999999999999
2816,38.985615,61.99999999999999
2817,49.242504,61.0
2818,57.87442,60.0
2819,62.093628,60.0
2820,63.967663,59.0
2821,62.971943,58.0
2822,60.84,58.0
2823,58.738026,57.0
2824,56.053005,57.0
2825,55.452847,56.0
2826,55.074585,56.0
2827,56.633743,57.0
2828,58.423023,57.0
2829,58.22199,57.0
2830,57.75002,57.0
2831,56.975033,57.0
2832,57.30115,57.0
2833,57.494976,57.0
2834,57.2001,57.0
2835,57.160507,57.0
2836,57.11053,58.0
2837,57.861736,41.0
2838,44.759933,42.0
2839,39.84965,42.0
2840,38.211113,42.0
2841,39.054108,42.0
2842,40.998463,43.0
2843,43.39964,43.0
2844,44.50164,44.0
2845,45.482986,45.0
2846,46.41598,45.0
2847,46.667988,46.0
2848,47.265335,46.0
2849,46.97127,45.0
2850,45.164497,45.0
2851,44.42148,44.0
2852,43.518986,43.0
2853,42.18675,42.0
2854,41.148537,42.0
2855,41.064713,41.0
2856,40.796616,40.0
2857,39.990772,40.0
2858,39.936024,40.0
2859,40.166294,40.0
2860,40.35597,42.0
2861,42.285595,46.0
2862,46.394413,46.99999999999999
2863,48.582535,48.0
2864,49.896656,49.0
2865,50.697563,49.0
2866,50.55514,50.0
2867,50.796165,51.00000000000001
2868,51.278572,51.00000000000001
2869,51.298405,52.0
2870,51.954086,52.0
2871,52.150684,52.0
2872,52.241787,52.0
2873,52.228954,52.0
2874,52.100475,52.0
2875,51.972126,53.0
2876,52.918636,53.0
2877,53.308186,53.0
2878,53.40339,54.0
2879,54.33472,54.0
2880,54.675938,54.0
2881,54.42656,55.0
2882,55.21671,55.0
2883,55.41212,56.0
2884,56.19791,56.0
2885,56.42751,57.0
2886,57.255882,57.0
2887,57.458607,57.0
2888,57.366825,58.0
2889,57.959343,57.0
2890,57.39941,57.0
2891,57.147163,57.0
2892,57.02163,57.0
2893,56.97022,56.0
2894,56.286823,56.0
2895,56.065754,56.0
2896,55.99837,55.0
2897,55.27852,55.0
2898,55.095524,56.0
2899,55.88787,56.0
2900,56.260365,55.0
2901,55.570366,55.0
2902,55.098778,55.0
2903,54.905445,54.0
2904,53.961033,54.0
2905,53.666634,54.0
2906,53.54716,53.0
2907,52.853188,53.0
2908,52.725094,52.0
2909,51.956314,51.00000000000001
2910,50.888683,51.00000000000001
2911,50.58733,50.0
2912,49.79822,49.0
2913,48.79986,49.0
2914,48.52739,48.0
2915,47.792103,46.99999999999999
2916,46.80649,49.0
2917,48.18419,49.0
2918,48.986492,50.0
2919,50.127483,51.00000000000001
2920,51.391174,52.0
2921,52.774548,52.0
2922,52.99671,52.0
2923,52.842724,52.0
2924,52.543785,53.0
2925,53.019344,52.0
2926,52.202705,53.0
2927,52.66191,53.0
2928,52.9456,53.0
2929,53.14035,53.0
2930,53.233025,53.0
2931,53.197132,53.0
2932,53.08547,53.0
2933,52.97043,54.0
2934,53.82142,54.0
2935,54.164574,54.0
2936,54.29829,55.0
2937,55.026634,55.0
2938,55.288437,56.0
2939,56.10728,56.0
2940,56.44867,57.0
2941,57.233433,57.0
2942,57.476185,58.0
2943,58.238613,58.0
2944,58.478577,59.0
2945,59.17369,58.0
2946,58.53196,59.0
2947,58.975555,58.0
2948,58.31978,58.0
2949,58.007175,59.0
2950,58.862263,59.0
2951,59.287773,60.0
2952,60.280598,60.0
2953,60.580666,61.0
2954,61.532486,61.99999999999999
2955,62.59774,61.99999999999999
2956,62.84201,63.0
2957,63.475784,64.0
2958,64.377266,65.0
2959,65.34002,65.0
2960,65.5434,65.0
2961,65.44355,65.0
2962,65.272575,66.0
2963,65.90696,66.0
2964,66.11653,66.0
2965,66.1494,66.0
2966,66.11264,66.0
2967,66.01598,66.0
2968,65.95035,66.0
2969,65.904686,67.0
2970,66.74148,67.0
2971,67.12018,67.0
2972,67.343155,67.0
2973,67.25121,68.0
2974,68.141396,67.0
2975,67.467384,67.0
2976,67.22271,67.0
2977,66.987526,66.0
2978,66.20154,66.0
2979,65.93202,66.0
2980,65.88077,65.0
2981,65.112625,65.0
2982,64.90513,64.0
2983,64.07613,63.0
2984,63.006298,63.0
2985,62.67881,61.99999999999999
2986,61.893726,61.0
2987,60.923954,60.0
2988,59.76965,59.0
2989,58.750793,58.0
2990,57.69486,57.0
2991,56.65683,56.0
2992,55.656445,55.0
2993,54.706875,55.0
2994,54.54391,54.0
2995,53.90914,53.0
2996,52.893383,53.0
2997,52.69786,52.0
2998,51.84702,52.0
2999,51.731663,52.0
3000,51.83084,51.00000000000001
3001,51.155476,49.0
3002,49.029728,49.0
3003,48.3137,49.0
3004,48.40776,49.0
3005,48.700546,50.0
3006,49.837643,50.0
3007,50.34973,49.0
3008,49.78695,49.0
3009,49.313267,48.0
3010,48.15899,48.0
3011,47.69005,49.0
3012,48.433125,49.0
3013,48.939064,51.00000000000001
3014,50.769707,51.00000000000001
3015,51.572647,52.0
3016,52.543854,52.0
3017,52.85379,52.0
3018,52.781715,53.0
3019,53.380135,53.0
3020,53.501637,55.0
3021,55.105778,56.0
3022,56.37473,55.0
3023,55.985504,56.0
3024,56.305195,56.0
3025,56.29211,55.0
3026,55.284286,55.0
3027,54.815582,55.0
3028,54.62171,54.0
3029,53.839462,53.0
3030,52.849957,53.0
3031,52.51643,53.0
3032,52.569355,52.0
3033,51.980446,52.0
3034,51.87729,53.0
3035,52.664307,53.0
3036,53.100468,53.0
3037,53.29765,54.0
3038,54.162067,54.0
3039,54.47107,53.0
3040,53.72473,52.0
3041,52.369595,52.0
3042,51.761333,52.0
3043,51.50041,50.0
3044,49.827213,45.0
3045,44.54464,42.0
3046,39.8781,42.0
3047,38.574986,43.0
3048,40.47626,43.0
3049,42.845863,44.0
3050,45.26092,45.0
3051,47.06955,46.0
3052,48.121185,46.0
3053,47.953403,46.99999999999999
3054,47.98179,46.99999999999999
3055,47.556038,48.0
3056,47.979023,50.0
3057,49.66394,51.00000000000001
3058,51.15155,52.0
3059,52.42981,52.0
3060,52.740532,52.0
3061,52.665676,52.0
3062,52.42056,53.0
3063,52.984158,53.0
3064,53.18705,53.0
3065,53.221825,54.0
3066,54.008957,54.0
3067,54.359314,54.0
3068,54.526062,55.0
3069,55.35991,55.0
3070,55.65596,56.0
3071,56.487278,56.0
3072,56.64618,56.0
3073,56.483532,56.0
3074,56.262486,55.0
3075,55.29501,56.0
3076,55.728554,56.0
3077,55.94244,56.0
3078,56.142204,56.0
3079,56.225147,56.0
3080,56.283302,56.0
3081,56.26701,57.0
3082,56.984528,57.0
3083,57.199394,57.0
3084,57.274994,57.0
3085,57.27613,56.0
3086,56.448154,57.0
3087,56.90676,57.0
3088,57.055103,57.0
3089,57.180576,57.0
3090,57.16255,56.0
3091,56.39546,56.0
3092,56.032227,56.0
3093,55.854244,55.0
3094,54.993336,55.0
3095,54.84366,56.0
3096,55.747837,56.0
3097,56.184093,57.0
3098,57.325787,57.0
3099,57.684494,58.0
3100,58.474064,58.0
3101,58.618645,58.0
3102,58.494507,58.0
3103,58.27266,59.0
3104,58.847565,59.0
3105,58.993,58.0
3106,58.28879,58.0
3107,57.94995,58.0
3108,57.799194,59.0
3109,58.5452,59.0
3110,58.914658,58.0
3111,58.390297,59.0
3112,58.85898,60.0
3113,59.803337,60.0
3114,60.158203,61.0
3115,61.131042,60.0
3116,60.869957,61.0
3117,61.335087,61.0
3118,61.14446,61.0
3119,61.008743,61.99999999999999
3120,61.719467,61.99999999999999
3121,62.003147,61.99999999999999
3122,62.057987,61.99999999999999
3123,62.087536,63.0
3124,62.87773,63.0
3125,63.219032,64.0
3126,64.13336,63.0
3127,63.57118,63.0
3128,63.30486,63.0
3129,63.014355,64.0
3130,63.63499,64.0
3131,63.88941,63.0
3132,63.24724,63.0
3133,62.958557,63.0
3134,62.836994,63.0
3135,62.75384,61.99999999999999
3136,61.93638,61.99999999999999
3137,61.68472,61.99999999999999
3138,61.735962,61.99999999999999
3139,61.928955,63.0
3140,62.994576,63.0
3141,63.447193,64.0
3142,64.55438,63.0
3143,63.8446,61.99999999999999
3144,62.196754,61.0
3145,60.40863,61.0
3146,59.878036,59.0
3147,58.343918,59.0
3148,58.058155,58.0
3149,57.402794,58.0
3150,57.480694,57.0
3151,57.021027,58.0
3152,57.691975,57.0
3153,57.367138,57.0
3154,57.2313,57.0
3155,57.075993,57.0
3156,57.030563,57.0
3157,56.997776,56.0
3158,56.26834,57.0
3159,56.72649,57.0
3160,56.896442,57.0
3161,56.94519,56.0
3162,56.334583,55.0
3163,55.200687,55.0
3164,54.660603,55.0
3165,54.588455,55.0
3166,54.806305,55.0
3167,54.946747,55.0
3168,55.144424,56.0
3169,56.204823,56.0
3170,56.676567,57.0
3171,57.550423,57.0
3172,57.7567,57.0
3173,57.55013,57.0
3174,57.23138,59.0
3175,58.66241,58.0
3176,58.44182,59.0
3177,59.07626,59.0
3178,59.25923,59.0
3179,59.248722,59.0
3180,59.113102,60.0
3181,59.78565,60.0
3182,60.074924,61.0
3183,60.908653,60.0
3184,60.46745,61.0
3185,60.91102,61.0
3186,61.080284,61.99999999999999
3187,62.06337,61.99999999999999
3188,62.497738,61.0
3189,61.430878,61.0
3190,61.005684,61.0
3191,60.74555,60.0
3192,59.78587,60.0
3193,59.524113,60.0
3194,59.6182,60.0
3195,59.890266,60.0
3196,60.092247,59.0
3197,59.3838,59.0
3198,59.090195,59.0
3199,58.97376,58.0
3200,58.190136,59.0
3201,58.74497,58.0
3202,58.2627,59.0
3203,58.84152,59.0
3204,59.03047,59.0
3205,59.10825,59.0
3206,59.164837,58.0
3207,58.411118,59.0
3208,58.722054,59.0
3209,58.873184,60.0
3210,59.812496,60.0
3211,60.21418,61.0
3212,61.277393,61.0
3213,61.622566,61.99999999999999
3214,62.53349,61.99999999999999
3215,62.582462,61.99999999999999
3216,62.39273,61.99999999999999
3217,62.1615,61.99999999999999
3218,61.88574,61.99999999999999
3219,61.77659,63.0
3220,62.68953,63.0
3221,63.123104,63.0
3222,63.304295,63.0
3223,63.252357,63.0
3224,63.164234,64.0
3225,63.927856,64.0
3226,64.250374,64.0
3227,64.32175,64.0
3228,64.25411,64.0
3229,64.12885,65.0
3230,64.85468,65.0
3231,65.09308,65.0
3232,65.19896,65.0
3233,65.18487,65.0
3234,65.08585,66.0
3235,65.89075,66.0
3236,66.276886,66.0
3237,66.35589,66.0
3238,66.14622,66.0
3239,66.07055,67.0
3240,66.90637,68.0
3241,68.1268,68.0
3242,68.54021,68.0
3243,68.54245,68.0
3244,68.284164,69.0
3245,68.869835,69.0
3246,69.03595,69.0
3247,69.04318,69.0
3248,69.03559,70.0
3249,69.84335,71.0
3250,70.91052,71.0
3251,71.25729,71.0
3252,71.365135,72.0
3253,72.0617,72.0
3254,72.27354,72.0
3255,72.21797,72.0
3256,72.05229,73.0
3257,72.64466,73.0
3258,72.97001,72.0
3259,72.269516,72.0
3260,71.94625,72.0
3261,71.69577,72.0
3262,71.64478,72.0
3263,71.82558,72.0
3264,72.00766,73.0
3265,72.97461,73.0
3266,73.36046,73.0
3267,73.49504,74.0
3268,74.227,74.0
3269,74.40799,73.0
3270,73.46445,73.0
3271,72.96793,73.0
3272,72.731026,72.0
3273,71.859406,72.0
3274,71.686874,71.0
3275,70.87553,71.0
3276,70.62561,71.0
3277,70.62092,70.0
3278,69.90567,70.0
3279,69.67514,70.0
3280,69.5697,69.0
3281,68.87668,70.0
3282,69.544586,70.0
3283,69.98045,71.0
3284,71.04317,71.0
3285,71.47992,71.0
3286,71.57606,70.0
3287,70.35698,70.0
3288,69.7207,70.0
3289,69.43429,70.0
3290,69.47719,70.0
3291,69.71968,69.0
3292,69.035385,70.0
3293,69.71276,70.0
3294,69.96268,69.0
3295,69.21044,69.0
3296,68.926216,69.0
3297,68.82387,69.0
3298,68.81952,69.0
3299,68.865456,68.0
3300,68.11744,68.0
3301,67.86162,68.0
3302,67.79656,67.0
3303,67.03468,67.0
3304,66.74818,66.0
3305,65.81595,65.0
3306,64.777565,65.0
3307,64.61683,64.0
3308,63.656563,65.0
3309,64.55673,65.0
3310,65.18203,65.0
3311,65.48528,65.0
3312,65.62934,65.0
3313,65.4334,64.0
3314,64.26544,64.0
3315,63.63473,64.0
3316,63.46705,63.0
3317,62.643696,52.0
3318,53.86701,52.0
3319,50.29407,52.0
3320,49.340355,53.0
3321,50.903316,53.0
3322,52.306515,53.0
3323,53.215736,53.0
3324,53.635807,53.0
3325,53.707283,53.0
3326,53.637276,53.0
3327,53.518475,53.0
3328,53.459755,52.0
3329,52.735023,52.0
3330,52.27961,52.0
3331,52.083755,53.0
3332,52.89574,52.0
3333,52.467934,53.0
3334,53.31172,53.0
3335,53.51468,53.0
3336,53.452682,52.0
3337,52.4574,53.0
3338,52.80879,52.0
3339,52.089417,52.0
3340,51.742912,52.0
3341,51.839363,54.0
3342,53.66639,54.0
3343,54.357327,55.0
3344,55.388027,55.0
3345,55.726307,55.0
3346,55.747356,55.0
3347,55.60323,56.0
3348,56.205235,56.0
3349,56.290794,56.0
3350,56.304043,57.0
3351,57.00268,57.0
3352,57.35686,57.0
3353,57.363297,58.0
3354,57.997158,58.0
3355,58.231506,57.0
3356,57.370117,57.0
3357,56.897976,56.0
3358,55.95683,55.0
3359,54.713783,55.0
3360,54.11913,55.0
3361,54.54107,56.0
3362,55.79881,56.0
3363,56.495144,56.0
3364,56.61581,56.0
3365,56.607452,65.0
3366,62.92727,64.0
3367,64.63373,63.0
3368,64.49945,63.0
3369,64.18633,63.0
3370,63.6739,63.0
3371,63.193333,63.0
3372,62.85403,63.0
3373,62.72177,63.0
3374,62.73306,63.0
3375,62.82629,63.0
3376,62.63298,63.0
3377,62.699203,63.0
3378,62.937214,61.99999999999999
3379,62.21679,63.0
3380,62.60817,63.0
3381,63.000546,61.99999999999999
3382,62.20722,60.0
3383,59.981663,60.0
3384,59.316696,59.0
3385,58.489754,61.0
3386,60.339413,63.0
3387,63.176086,63.0
3388,64.26201,64.0
3389,65.25957,71.0
3390,70.66179,71.0
3391,72.15018,71.0
3392,72.64701,72.0
3393,73.09458,73.0
3394,73.5292,73.0
3395,73.38823,71.0
3396,71.32259,72.0
3397,71.317345,72.0
3398,71.359886,71.0
3399,70.47985,71.0
3400,70.35983,71.0
3401,70.520584,72.0
3402,71.449776,72.0
3403,71.95451,72.0
3404,72.19683,72.0
3405,72.33159,73.0
3406,73.219765,71.0
3407,71.45885,71.0
3408,70.38866,70.0
3409,69.3657,72.0
3410,71.13519,72.0
3411,72.06642,71.0
3412,71.63557,70.0
3413,70.37214,29.0
3414,36.935898,30.0
3415,25.42691,30.0
3416,22.46845,30.999999999999996
3417,25.043543,32.0
3418,29.502222,32.0
3419,32.6629,34.0
3420,36.326454,34.0
3421,37.617687,36.0
3422,39.013042,36.0
3423,38.64339,38.0
3424,39.448208,39.0
3425,40.193325,38.0
3426,39.020473,39.0
3427,39.349617,40.0
3428,40.449368,40.0
3429,40.797993,40.0
3430,41.014442,39.0
3431,40.038696,39.0
3432,39.5038,39.0
3433,39.248863,39.0
3434,39.220234,40.0
3435,40.32857,39.0
3436,40.0578,39.0
3437,39.394924,71.0
3438,63.8284,71.0
3439,74.665016,72.0
3440,79.76652,73.0
3441,80.10462,73.0
3442,77.18931,73.0
3443,73.394775,73.0
3444,70.69165,72.0
3445,68.62479,72.0
3446,68.767685,71.0
3447,68.93771,72.0
3448,70.473335,72.0
3449,71.464516,71.0
3450,71.29112,72.0
3451,71.931465,71.0
3452,71.077095,71.0
3453,70.766685,70.0
3454,69.74088,70.0
3455,69.53005,70.0
3456,69.71915,70.0
3457,69.956,70.0
3458,70.27187,70.0
3459,70.42272,69.0
3460,69.56113,69.0
3461,69.11506,55.0
3462,58.16742,55.0
3463,53.230625,55.0
3464,51.553913,54.0
3465,51.463474,54.0
3466,52.598766,54.0
3467,53.700577,53.0
3468,53.61919,53.0
3469,53.59176,53.0
3470,53.7919,53.0
3471,53.846478,53.0
3472,53.294975,53.0
3473,53.47485,53.0
3474,53.42745,53.0
3475,53.160393,53.0
3476,53.030956,53.0
3477,52.971188,53.0
3478,52.955246,54.0
3479,54.143894,54.0
3480,54.467373,54.0
3481,54.632206,54.0
3482,54.552067,55.0
3483,55.149597,55.0
3484,55.28122,56.0
3485,56.085308,69.0
3486,66.00479,69.0
3487,70.1348,69.0
3488,71.75953,70.0
3489,72.38754,70.0
3490,71.725044,70.0
3491,70.80807,70.0
3492,69.95659,70.0
3493,69.46162,71.0
3494,70.15667,71.0
3495,70.53077,72.0
3496,71.53075,73.0
3497,72.98626,73.0
3498,73.51424,73.0
3499,73.57838,73.0
3500,73.31872,73.0
3501,72.822266,73.0
3502,72.69793,73.0
3503,72.62802,73.0
3504,72.61378,72.0
3505,72.01427,72.0
3506,71.93496,71.0
3507,71.036156,70.0
3508,69.91386,70.0
3509,69.58351,87.0
3510,82.38835,88.0
3511,88.77885,89.0
3512,92.707,90.0
3513,94.10047,91.0
3514,93.89584,93.0
3515,93.98897,93.99999999999999
3516,93.54592,95.0
3517,94.039696,97.0
3518,96.23993,99.0
3519,98.80117,102.00000000000001
3520,102.168365,106.0
3521,106.95303,108.99999999999999
3522,110.97761,114.0
3523,116.40733,115.0
3524,117.58037,114.0
3525,114.62777,108.99999999999999
3526,107.78605,106.0
3527,102.34404,100.0
3528,95.502884,99.0
3529,93.90827,98.0
3530,94.19765,96.0
3531,94.16686,93.99999999999999
3532,93.07283,92.0
3533,91.41211,138.0
3534,132.76598,143.0
3535,154.63716,151.00000000000003
3536,171.09059,151.00000000000003
3537,167.8181,152.0
3538,158.73344,152.0
3539,149.82916,153.0
3540,146.33847,153.0
3541,146.45761,153.0
3542,147.18628,154.0
3543,148.53212,154.0
3544,149.5031,154.0
3545,151.52797,155.0
3546,153.95126,155.0
3547,153.13261,155.0
3548,152.12665,155.0
3549,151.98798,155.0
3550,151.76994,155.0
3551,152.24336,154.0
3552,151.59532,153.0
3553,149.59087,154.0
3554,149.60405,154.0
3555,149.93184,154.0
3556,150.271,154.0
3557,150.48543,59.0
3558,49.997498,59.0
3559,29.539402,60.0
3560,37.871334,60.0
3561,49.80779,60.0
3562,58.524727,60.0
3563,62.49852,61.0
3564,64.62939,61.0
3565,64.79314,61.0
3566,64.04629,61.0
3567,62.071053,61.0
3568,59.51312,60.0
3569,58.27469,61.0
3570,59.937675,61.0
3571,61.894794,61.0
3572,62.03407,61.0
3573,61.95957,60.0
3574,59.7256,60.0
3575,59.479317,60.0
3576,58.97835,61.0
3577,60.193256,61.0
3578,60.902687,61.99999999999999
3579,62.098812,61.99999999999999
3580,62.50817,63.0
3581,63.469044,43.0
3582,47.897953,42.0
3583,40.09786,41.0
3584,36.504677,42.0
3585,37.633713,42.0
3586,40.082317,42.0
3587,42.457394,41.0
3588,42.861176,40.0
3589,41.950645,39.0
3590,40.297653,38.0
3591,38.569077,36.0
3592,36.123047,35.0
3593,34.157616,34.0
3594,32.54535,34.0
3595,33.000626,32.0
3596,32.063766,32.0
3597,31.77944,32.0
3598,32.170948,36.0
3599,36.427326,35.0
3600,37.777744,34.0
3601,35.752716,34.0
3602,34.00166,34.0
3603,33.44609,33.0
3604,32.109776,32.0
3605,30.657955,61.0
3606,52.483494,61.0
3607,62.84077,61.0
3608,67.23768,60.0
3609,66.26416,60.0
3610,63.644226,60.0
3611,60.612465,59.0
3612,57.68884,59.0
3613,56.57243,59.0
3614,56.673477,58.0
3615,56.57724,57.0
3616,56.20562,56.0
3617,55.603413,57.0
3618,56.616524,56.0
3619,56.29425,56.0
3620,56.074436,57.0
3621,56.82574,57.0
3622,57.251194,57.0
3623,57.51497,58.0
3624,58.35155,58.0
3625,58.555042,59.0
3626,59.333324,59.0
3627,59.369003,60.0
3628,60.082905,60.0
3629,60.25179,60.0
3630,60.22007,60.0
3631,60.13914,60.0
3632,60.030468,60.0
3633,59.98591,61.0
3634,60.70046,61.0
3635,60.987667,60.0
3636,60.435104,60.0
3637,60.213146,59.0
3638,59.282932,59.0
3639,58.841835,59.0
3640,58.719707,59.0
3641,58.81897,58.0
3642,58.17231,58.0
3643,58.074818,58.0
3644,58.09006,57.0
3645,57.30967,56.0
3646,56.117725,55.0
3647,54.934345,55.0
3648,54.52025,54.0
3649,53.644226,53.0
3650,52.56931,53.0
3651,52.467133,52.0
3652,51.816544,49.0
3653,49.158173,45.0
3654,44.419346,43.0
3655,40.940952,41.0
3656,38.57233,39.0
3657,36.907867,36.0
3658,34.73959,34.0
3659,33.049072,34.0
3660,33.0653,34.0
3661,33.70286,34.0
3662,34.422016,34.0
3663,34.906635,34.0
3664,35.068146,33.0
3665,34.092934,30.999999999999996
3666,31.53141,30.999999999999996
3667,30.096718,30.999999999999996
3668,29.83892,30.999999999999996
3669,30.271828,32.0
3670,32.04909,42.0
3671,42.291813,49.0
3672,52.76992,51.00000000000001
3673,57.981766,49.0
3674,55.862984,50.0
3675,52.85652,52.0
3676,51.51039,54.0
3677,52.080547,55.0
3678,53.41553,57.0
3679,55.894653,58.0
3680,57.85916,59.0
3681,59.26562,60.0
3682,60.45302,61.0
3683,61.461678,61.99999999999999
3684,62.420986,63.0
3685,63.296577,65.0
3686,64.915146,66.0
3687,66.53713,67.0
3688,67.84236,68.0
3689,69.31514,69.0
3690,70.32098,70.0
3691,70.72235,70.0
3692,69.89085,71.0
3693,70.1712,71.0
3694,70.33751,70.0
3695,69.782684,69.0
3696,68.83404,68.0
3697,67.626144,67.0
3698,66.482185,66.0
3699,65.587006,65.0
3700,64.68578,64.0
3701,63.84156,63.0
3702,62.92703,61.99999999999999
3703,61.90018,61.99999999999999
3704,61.690792,61.0
3705,60.991344,61.0
3706,60.837944,60.0
3707,60.08821,60.0
3708,59.849632,59.0
3709,59.070045,58.0
3710,58.036068,57.0
3711,56.880222,56.0
3712,55.667603,55.0
3713,54.473007,54.0
3714,53.444626,54.0
3715,53.339085,53.0
3716,52.8602,53.0
3717,52.832157,54.0
3718,53.94022,56.0
3719,56.39038,57.0
3720,58.21009,58.0
3721,59.557846,58.0
3722,59.65168,58.0
3723,59.094807,58.0
3724,58.326897,57.0
3725,56.941875,57.0
3726,56.37773,57.0
3727,56.24137,57.0
3728,56.396774,57.0
3729,56.724716,57.0
3730,56.95577,57.0
3731,57.052032,57.0
3732,57.05642,57.0
3733,57.079094,57.0
3734,57.114273,58.0
3735,57.91732,59.0
3736,59.007843,60.0
3737,60.276367,61.0
3738,61.512436,61.0
3739,61.774082,61.0
3740,61.610897,60.0
3741,60.272335,60.0
3742,59.472202,59.0
3743,58.315994,59.0
3744,58.309376,59.0
3745,58.55943,59.0
3746,58.917576,59.0
3747,59.179325,59.0
3748,59.29211,60.0
3749,60.08211,60.0
3750,60.47072,60.0
3751,60.488373,60.0
3752,60.380756,59.0
3753,59.509586,59.0
3754,59.14186,58.0
3755,58.1383,58.0
3756,57.833183,58.0
3757,57.784744,58.0
3758,57.83973,58.0
3759,57.91756,58.0
3760,57.984783,58.0
3761,58.10539,57.0
3762,57.336662,56.0
3763,56.252476,56.0
3764,55.752308,57.0
3765,56.264877,56.0
3766,55.881073,56.0
3767,55.948265,55.0
3768,55.158092,54.0
3769,53.975372,53.0
3770,52.686768,53.0
3771,52.360786,53.0
3772,52.449875,53.0
3773,52.761795,53.0
3774,53.132225,53.0
3775,53.334793,53.0
3776,53.47744,53.0
3777,53.45397,53.0
3778,53.382946,53.0
3779,53.283073,53.0
3780,53.248863,53.0
3781,53.182823,52.0
3782,52.3557,52.0
3783,52.017635,51.00000000000001
3784,51.040817,48.0
3785,47.97099,46.99999999999999
3786,45.823963,48.0
3787,46.365364,46.99999999999999
3788,46.452885,46.99999999999999
3789,47.190277,45.0
3790,45.6947,45.0
3791,45.052444,45.0
3792,44.926273,44.0
3793,44.137104,46.0
3794,45.761475,46.99999999999999
3795,47.57646,46.99999999999999
3796,48.19632,46.99999999999999
3797,48.106163,48.0
3798,48.58988,46.99999999999999
3799,47.703094,48.0
3800,47.965523,46.99999999999999
3801,47.229183,48.0
3802,47.732178,46.99999999999999
3803,47.220406,46.99999999999999
3804,47.047684,48.0
3805,47.785156,49.0
3806,48.927906,48.0
3807,48.70697,46.99999999999999
3808,47.69379,46.99999999999999
3809,47.12463,48.0
3810,47.717873,48.0
3811,48.080997,48.0
3812,48.337093,46.99999999999999
3813,47.651726,46.99999999999999
3814,47.12336,46.99999999999999
3815,46.99298,46.99999999999999
3816,47.048775,48.0
3817,48.11593,48.0
3818,48.611282,49.0
3819,49.556213,51.00000000000001
3820,51.405216,51.00000000000001
3821,52.0127,51.00000000000001
3822,52.027443,51.00000000000001
3823,51.6803,51.00000000000001
3824,51.29389,51.00000000000001
3825,51.01829,51.00000000000001
3826,50.86525,51.00000000000001
3827,50.81927,51.00000000000001
3828,50.91314,49.0
3829,49.365963,48.0
3830,47.869583,49.0
3831,48.186398,50.0
3832,49.430126,51.00000000000001
3833,50.96303,52.0
3834,52.46974,52.0
3835,53.033047,53.0
3836,53.863327,54.0
3837,54.64607,55.0
3838,55.644733,56.0
3839,56.68467,58.0
3840,58.72766,58.0
3841,59.109226,60.0
3842,60.559677,60.0
3843,60.72518,61.0
3844,61.31854,61.99999999999999
3845,62.184074,63.0
3846,63.11341,64.0
3847,64.138054,65.0
3848,65.16842,65.0
3849,65.42048,66.0
3850,66.1973,67.0
3851,67.15741,68.0
3852,68.228874,68.0
3853,68.51685,69.0
3854,69.318565,69.0
3855,69.45302,70.0
3856,70.14081,70.0
3857,70.304436,71.0
3858,71.07042,70.0
3859,70.529366,70.0
3860,70.31051,70.0
3861,69.91208,70.0
3862,69.83507,70.0
3863,69.921,70.0
3864,69.994064,70.0
3865,70.049965,70.0
3866,70.17489,69.0
3867,69.276375,69.0
3868,68.8554,69.0
3869,68.711075,69.0
3870,68.870155,69.0
3871,68.96802,70.0
3872,69.83497,69.0
3873,69.37995,69.0
3874,69.17865,69.0
3875,69.10924,70.0
3876,69.83769,69.0
3877,69.26844,69.0
3878,68.99961,69.0
3879,68.86227,69.0
3880,68.86099,69.0
3881,68.91322,69.0
3882,68.851654,69.0
3883,68.88191,70.0
3884,69.91342,70.0
3885,70.318794,70.0
3886,70.488625,69.0
3887,69.337326,68.0
3888,67.83653,68.0
3889,67.32086,68.0
3890,67.44505,68.0
3891,67.703,68.0
3892,67.897064,67.0
3893,67.11741,67.0
3894,66.74569,67.0
3895,66.69849,66.0
3896,65.91511,67.0
3897,66.43583,67.0
3898,66.735535,66.0
3899,66.35702,66.0
3900,66.06557,67.0
3901,66.636314,67.0
3902,66.95268,67.0
3903,67.11138,68.0
3904,67.9187,67.0
3905,67.3386,67.0
3906,67.12052,67.0
3907,67.05064,67.0
3908,66.8734,66.0
3909,66.11376,66.0
3910,65.835625,67.0
3911,66.735115,67.0
3912,67.1719,67.0
3913,67.56863,67.0
3914,67.73115,67.0
3915,67.558846,67.0
3916,67.38876,68.0
3917,68.13941,67.0
3918,67.533295,67.0
3919,67.125496,66.0
3920,66.09315,66.0
3921,65.75538,65.0
3922,64.86138,65.0
3923,64.57428,65.0
3924,64.56314,65.0
3925,64.63848,64.0
3926,64.082565,63.0
3927,63.11901,63.0
3928,62.817005,64.0
3929,63.60116,63.0
3930,63.194134,63.0
3931,63.150093,61.99999999999999
3932,62.25833,61.0
3933,60.990936,61.0
3934,60.458748,61.99999999999999
3935,61.290276,61.0
3936,61.027893,61.0
3937,61.277634,61.0
3938,61.272945,61.0
3939,61.099895,60.0
3940,60.19565,60.0
3941,59.805252,60.0
3942,59.718544,60.0
3943,59.830544,59.0
3944,59.193775,59.0
3945,58.995144,59.0
3946,58.922855,58.0
3947,58.135685,58.0
3948,57.90718,58.0
3949,57.78857,58.0
3950,57.785736,58.0
3951,57.879723,57.0
3952,57.176643,56.0
3953,56.235947,57.0
3954,56.682713,57.0
3955,56.92431,58.0
3956,57.99825,58.0
3957,58.52215,59.0
3958,59.776405,58.0
3959,59.026344,57.0
3960,57.457283,56.0
3961,55.85327,56.0
3962,55.251858,57.0
3963,56.05616,57.0
3964,56.68419,57.0
3965,57.118633,57.0
3966,57.311203,57.0
3967,57.322414,57.0
3968,57.25952,57.0
3969,57.168278,57.0
3970,57.118427,57.0
3971,57.07287,57.0
3972,57.042633,57.0
3973,57.060486,57.0
3974,57.037247,57.0
3975,57.040215,57.0
3976,57.084934,57.0
3977,57.115017,57.0
3978,57.1511,57.0
3979,57.05505,57.0
3980,57.022457,56.0
3981,56.31265,55.0
3982,55.129932,55.0
3983,54.568012,55.0
3984,54.611095,55.0
3985,54.87511,54.0
3986,54.24544,53.0
3987,53.18528,53.0
3988,52.78705,52.0
3989,51.936813,52.0
3990,51.738873,52.0
3991,51.781162,52.0
3992,51.91671,52.0
3993,52.024033,51.00000000000001
3994,51.411674,51.00000000000001
3995,51.084686,51.00000000000001
3996,50.975765,50.0
3997,50.15687,49.0
3998,49.034447,46.99999999999999
3999,46.758102,45.0
4000,44.15598,46.0
4001,44.348343,45.0
4002,44.272873,44.0
4003,43.979115,43.0
4004,43.224655,44.0
4005,44.14953,44.0
4006,44.561523,46.99999999999999
4007,47.713764,48.0
4008,49.75302,49.0
4009,50.997875,51.00000000000001
4010,52.678085,53.0
4011,54.431095,54.0
4012,55.21046,55.0
4013,55.78339,56.0
4014,56.442337,57.0
4015,57.32846,57.0
4016,57.468445,56.0
4017,56.34635,56.0
4018,55.765305,56.0
4019,55.611607,56.0
4020,55.615208,56.0
4021,55.80673,56.0
4022,55.914425,56.0
4023,56.006245,57.0
4024,56.8602,57.0
4025,57.275063,57.0
4026,57.504574,56.0
4027,56.594128,56.0
4028,55.965733,56.0
4029,55.481983,56.0
4030,55.347282,56.0
4031,55.571346,56.0
4032,55.90518,56.0
4033,56.231503,55.0
4034,55.34252,55.0
4035,54.97788,54.0
4036,53.910946,53.0
4037,52.653416,52.0
4038,51.408253,53.0
4039,51.96436,54.0
4040,53.3192,56.0
4041,55.55852,55.0
4042,55.767113,55.0
4043,55.764698,55.0
4044,55.649673,55.0
4045,55.41871,56.0
4046,55.93854,55.0
4047,55.368023,55.0
4048,55.118267,55.0
4049,55.015068,55.0
4050,55.01128,55.0
4051,55.209717,56.0
4052,56.13002,57.0
4053,57.472485,58.0
4054,58.68218,59.0
4055,59.926178,59.0
4056,60.256855,59.0
4057,59.97358,59.0
4058,59.40104,60.0
4059,59.81145,60.0
4060,59.851887,60.0
4061,59.85866,52.0
4062,53.244656,53.0
4063,51.337807,52.0
4064,50.060425,53.0
4065,51.247093,52.0
4066,51.568027,53.0
4067,52.650486,53.0
4068,53.17273,53.0
4069,53.38971,53.0
4070,53.484467,53.0
4071,53.4957,53.0
4072,53.609898,53.0
4073,53.699978,53.0
4074,53.473125,52.0
4075,52.417538,53.0
4076,52.884594,52.0
4077,52.241608,52.0
4078,52.11444,52.0
4079,52.105633,53.0
4080,53.101974,53.0
4081,53.511578,53.0
4082,53.59675,54.0
4083,54.340725,54.0
4084,54.55476,54.0
4085,54.41484,56.0
4086,55.957382,55.0
4087,55.6409,55.0
4088,55.42903,55.0
4089,55.17869,55.0
4090,55.076675,55.0
4091,55.016514,55.0
4092,54.96202,55.0
4093,55.00949,55.0
4094,55.116886,54.0
4095,54.34314,54.0
4096,54.033287,55.0
4097,54.65375,55.0
4098,55.059242,56.0
4099,56.24395,57.0
4100,57.272144,57.0
4101,57.76776,57.0
4102,57.721825,58.0
4103,58.417583,58.0
4104,58.39053,58.0
4105,58.186054,58.0
4106,58.091427,58.0
4107,57.962208,58.0
4108,57.896584,58.0
4109,57.948975,63.0
4110,61.89341,63.0
4111,63.4895,63.0
4112,63.953312,61.99999999999999
4113,63.11851,61.99999999999999
4114,62.550724,61.0
4115,61.36024,61.0
4116,60.885147,61.0
4117,60.66877,61.0
4118,60.71971,61.0
4119,60.86604,61.0
4120,60.98738,61.0
4121,61.032043,60.0
4122,60.26048,61.0
4123,60.67291,60.0
4124,59.828907,60.0
4125,59.53714,60.0
4126,59.683273,61.0
4127,60.655895,60.0
4128,60.20642,59.0
4129,59.118164,56.0
4130,56.09063,55.0
4131,53.919384,54.0
4132,52.628506,53.0
4133,51.85121,70.0
4134,63.7049,70.0
4135,69.02968,70.0
4136,72.15526,70.0
4137,72.95619,70.0
4138,72.34579,70.0
4139,71.169685,70.0
4140,69.97005,69.0
4141,68.408806,68.0
4142,66.903755,68.0
4143,66.67468,68.0
4144,66.85438,67.0
4145,66.46972,66.0
4146,65.69039,65.0
4147,64.63113,64.0
4148,63.520477,64.0
4149,63.405163,63.0
4150,62.67237,64.0
4151,63.63305,64.0
4152,64.27044,64.0
4153,64.7147,64.0
4154,64.64775,63.0
4155,63.458225,63.0
4156,62.826813,63.0
4157,62.66028,38.0
4158,42.513847,37.0
4159,33.182053,36.0
4160,29.833447,35.0
4161,30.218977,33.0
4162,30.907103,32.0
4163,31.673328,33.0
4164,33.440422,32.0
4165,33.712524,30.999999999999996
4166,32.652782,30.999999999999996
4167,31.893993,30.999999999999996
4168,31.470531,32.0
4169,32.337616,33.0
4170,33.792473,32.0
4171,33.34965,33.0
4172,33.795113,34.0
4173,34.818604,35.0
4174,36.05956,37.0
4175,38.20646,37.0
4176,38.946033,39.0
4177,40.683285,40.0
4178,41.789318,40.0
4179,41.555367,41.0
4180,41.746742,43.0
4181,43.271416,69.0
4182,63.252823,69.0
4183,71.86856,69.0
4184,75.13949,69.0
4185,74.46645,68.0
4186,70.92213,69.0
4187,68.62955,69.0
4188,67.06585,70.0
4189,67.54229,70.0
4190,68.36983,71.0
4191,69.86379,70.0
4192,69.831795,70.0
4193,69.913536,71.0
4194,70.79655,72.0
4195,72.0327,72.0
4196,72.455574,71.0
4197,71.51745,72.0
4198,72.05254,72.0
4199,72.2096,71.0
4200,71.46556,71.0
4201,71.187035,72.0
4202,71.8857,71.0
4203,71.370605,70.0
4204,70.33813,70.0
4205,69.89064,56.0
4206,58.65285,57.0
4207,55.106068,58.0
4208,55.022186,58.0
4209,56.141212,59.0
4210,58.144424,59.0
4211,59.449673,60.0
4212,60.686607,61.0
4213,61.920654,61.0
4214,62.303673,60.0
4215,61.30421,60.0
4216,60.681892,60.0
4217,60.14885,60.0
4218,59.65921,60.0
4219,59.59598,59.0
4220,58.769875,59.0
4221,58.685467,58.0
4222,57.85232,58.0
4223,57.795757,57.0
4224,57.01173,57.0
4225,56.805206,57.0
4226,56.875206,58.0
4227,57.86768,58.0
4228,58.361725,58.0
4229,58.50398,69.0
4230,66.53697,68.0
4231,68.85454,68.0
4232,69.87957,67.0
4233,68.85341,67.0
4234,67.861084,66.0
4235,66.17322,66.0
4236,65.333954,65.0
4237,64.26473,65.0
4238,64.02151,65.0
4239,64.07345,64.0
4240,63.516254,63.0
4241,62.709408,61.99999999999999
4242,61.65145,61.0
4243,60.462822,61.0
4244,60.242912,60.0
4245,59.58742,59.0
4246,58.64857,59.0
4247,58.677586,59.0
4248,58.97273,59.0
4249,59.068905,59.0
4250,59.22734,59.0
4251,59.247704,59.0
4252,59.241405,59.0
4253,59.097336,90.0
4254,82.26037,88.0
4255,89.992714,87.0
4256,93.292816,85.0
4257,90.67683,82.0
4258,84.38538,80.0
4259,78.20329,78.0
4260,73.891624,75.0
4261,70.63704,73.0
4262,69.08031,70.0
4263,67.19311,67.0
4264,65.08834,66.0
4265,64.25886,64.0
4266,63.21415,63.0
4267,62.22877,61.99999999999999
4268,60.89429,59.0
4269,58.097908,58.0
4270,56.733894,56.0
4271,54.661243,55.0
4272,53.706287,54.0
4273,52.841072,53.0
4274,52.164333,52.0
4275,51.518333,52.0
4276,51.639095,52.0
4277,51.90216,155.0
4278,142.22049,155.0
4279,191.79903,155.0
4280,206.15271,156.0
4281,186.76266,156.0
4282,157.5821,156.0
4283,138.78085,156.0
4284,138.04887,157.0
4285,146.61719,157.0
4286,154.52094,157.0
4287,157.93079,157.0
4288,156.81409,157.0
4289,154.93132,157.0
4290,152.48499,157.99999999999997
4291,151.96962,159.0
4292,153.5434,160.0
4293,155.80315,161.0
4294,157.7256,162.0
4295,158.51918,163.0
4296,159.69644,164.0
4297,161.23778,164.99999999999997
4298,162.63536,164.99999999999997
4299,163.02094,166.0
4300,162.48863,166.0
4301,162.05199,63.0
4302,48.618176,63.0
4303,27.18223,63.0
4304,37.77845,64.0
4305,53.993473,64.0
4306,64.21456,64.0
4307,68.56463,64.0
4308,69.241776,64.0
4309,68.155136,64.0
4310,66.45456,65.0
4311,64.86535,66.0
4312,64.73115,67.0
4313,67.02717,66.0
4314,70.34321,66.0
4315,71.031876,67.0
4316,68.6099,68.0
4317,68.39733,68.0
4318,68.616135,68.0
4319,68.20497,67.0
4320,66.80336,67.0
4321,66.21174,67.0
4322,66.27845,67.0
4323,66.61421,66.0
4324,65.88161,65.0
4325,64.98303,30.999999999999996
4326,37.29255,30.999999999999996
4327,27.234589,30.0
4328,23.76481,30.0
4329,24.874771,29.0
4330,26.808899,36.0
4331,34.272938,37.0
4332,39.51466,39.0
4333,42.595306,40.0
4334,43.776825,41.0
4335,44.20575,43.0
4336,45.074814,43.0
4337,44.62937,46.0
4338,46.333344,46.99999999999999
4339,47.668457,49.0
4340,49.952538,49.0
4341,50.416687,51.00000000000001
4342,52.273926,51.00000000000001
4343,52.59986,52.0
4344,53.05585,54.0
4345,54.709686,55.0
4346,55.79887,57.0
4347,57.61606,58.0
4348,58.71394,60.0
4349,60.504787,90.0
4350,83.84571,89.0
4351,92.84532,88.0
4352,95.58273,87.0
4353,92.91347,87.0
4354,88.4587,86.0
4355,84.04763,85.0
4356,81.30298,85.0
4357,81.25115,84.0
4358,81.41904,83.0
4359,81.52096,82.0
4360,81.278175,82.0
4361,82.07115,81.0
4362,81.500275,80.0
4363,79.75045,78.99999999999999
4364,77.755066,78.0
4365,76.53415,77.0
4366,75.927284,77.0
4367,75.973404,76.0
4368,75.586754,75.0
4369,74.87769,74.0
4370,73.84715,74.0
4371,73.6012,73.0
4372,72.83088,72.0
4373,71.78554,71.0
4374,70.632706,71.0
4375,70.35614,70.0
4376,69.590164,69.0
4377,68.72118,69.0
4378,68.58495,68.0
4379,67.93169,68.0
4380,67.785774,67.0
4381,67.00916,67.0
4382,66.78207,66.0
4383,66.07649,64.0
4384,64.17828,61.99999999999999
4385,61.69858,61.0
4386,59.904423,61.0
4387,59.76231,60.0
4388,59.491505,60.0
4389,59.717464,60.0
4390,60.146194,60.0
4391,60.459778,60.0
4392,60.557137,60.0
4393,60.479668,60.0
4394,60.199238,60.0
4395,60.07219,61.0
4396,60.812542,61.0
4397,61.133873,61.0
4398,61.18823,61.99999999999999
4399,61.93578,63.0
4400,62.940144,63.0
4401,63.3313,63.0
4402,63.415127,63.0
4403,63.303764,63.0
4404,63.119698,63.0
4405,63.053207,63.0
4406,63.002075,64.0
4407,63.76217,65.0
4408,64.90289,65.0
4409,65.376816,66.0
4410,66.35363,67.0
4411,67.62675,67.0
4412,67.95427,68.0
4413,68.50193,69.0
4414,69.36489,70.0
4415,70.665405,71.0
4416,71.76009,71.0
4417,71.892395,72.0
4418,72.48233,72.0
4419,72.49835,73.0
4420,73.10997,74.0
4421,74.23059,75.0
4422,75.34603,76.0
4423,76.42137,77.0
4424,77.43665,78.0
4425,78.46841,78.99999999999999
4426,79.58141,81.0
4427,81.40481,83.0
4428,83.4429,84.0
4429,84.83994,86.0
4430,86.83665,87.0
4431,87.989296,87.0
4432,88.04858,88.0
4433,88.691284,88.0
4434,88.12042,89.0
4435,88.524086,90.0
4436,89.5562,91.0
4437,91.14216,91.0
4438,91.61215,92.0
4439,92.65455,92.0
4440,92.6808,93.0
4441,93.36479,93.99999999999999
4442,94.4553,95.0
4443,95.547745,96.0
4444,96.73215,97.0
4445,97.87207,97.0
4446,98.10623,97.0
4447,97.88546,97.0
4448,97.328896,97.0
4449,96.87519,97.0
4450,96.71321,97.0
4451,96.705444,96.0
4452,95.73718,96.0
4453,95.44791,95.0
4454,94.467255,96.0
4455,95.13988,97.0
4456,96.378586,97.0
4457,97.37904,97.0
4458,97.11859,97.0
4459,96.603325,97.0
4460,96.19814,96.0
4461,95.125725,96.0
4462,95.147125,95.0
4463,94.26163,95.0
4464,94.214226,93.99999999999999
4465,93.58685,93.0
4466,92.60092,93.0
4467,92.45097,92.0
4468,91.64762,91.0
4469,90.62155,90.0
4470,89.43516,88.0
4471,87.33551,88.0
4472,87.00399,86.0
4473,85.422325,84.0
4474,83.396095,82.0
4475,81.09642,81.0
4476,79.59131,78.99999999999999
4477,77.78588,77.0
4478,75.92215,75.0
4479,74.10785,73.0
4480,72.03732,72.0
4481,70.802444,71.0
4482,69.98301,70.0
4483,69.172516,69.0
4484,68.48722,68.0
4485,67.66768,69.0
4486,68.62901,69.0
4487,69.19369,68.0
4488,68.65613,68.0
4489,68.19846,68.0
4490,67.80856,66.0
4491,65.8446,66.0
4492,65.09153,64.0
4493,63.26465,64.0
4494,62.932926,64.0
4495,63.167725,63.0
4496,62.7209,64.0
4497,63.520676,65.0
4498,64.68678,66.0
4499,65.96639,66.0
4500,66.47371,66.0
4501,66.60726,67.0
4502,67.3238,68.0
4503,68.24658,69.0
4504,69.308846,69.0
4505,69.58534,70.0
4506,70.302826,71.0
4507,71.233955,70.0
4508,70.3576,70.0
4509,69.76354,70.0
4510,69.48054,70.0
4511,69.785164,70.0
4512,69.86495,70.0
4513,69.93646,70.0
4514,70.11078,70.0
4515,70.13226,70.0
4516,70.1152,70.0
4517,70.070854,70.0
4518,69.95279,69.0
4519,69.13341,69.0
4520,68.88775,68.0
4521,68.106346,68.0
4522,67.878845,68.0
4523,67.86418,67.0
4524,67.12086,67.0
4525,66.871475,67.0
4526,66.97622,66.0
4527,66.18312,65.0
4528,65.01628,65.0
4529,64.56753,65.0
4530,64.57548,64.0
4531,63.648586,65.0
4532,64.448875,64.0
4533,64.05715,64.0
4534,64.03893,64.0
4535,63.92338,64.0
4536,63.9698,64.0
4537,63.932713,64.0
4538,63.90243,64.0
4539,63.915527,64.0
4540,63.936314,65.0
4541,64.76434,65.0
4542,65.10722,66.0
4543,65.9789,66.0
4544,66.19483,66.0
4545,66.28591,67.0
4546,67.02395,67.0
4547,67.25442,68.0
4548,68.0903,68.0
4549,68.330986,69.0
4550,69.19741,69.0
4551,69.42041,69.0
4552,69.45874,69.0
4553,69.31664,69.0
4554,69.090385,68.0
4555,68.11744,67.0
4556,66.820274,67.0
4557,66.366295,67.0
4558,66.40806,66.0
4559,65.81067,66.0
4560,65.80774,66.0
4561,65.91521,65.0
4562,65.21238,64.0
4563,64.088104,64.0
4564,63.702583,63.0
4565,62.875458,61.99999999999999
4566,61.846233,61.99999999999999
4567,61.66706,61.99999999999999
4568,61.677742,61.99999999999999
4569,61.883526,61.0
4570,61.252895,61.0
4571,61.04001,60.0
4572,60.143734,60.0
4573,59.860413,59.0
4574,58.99914,58.0
4575,57.91406,57.0
4576,56.788113,58.0
4577,57.49091,57.0
4578,56.85388,57.0
4579,56.754787,57.0
4580,56.818527,57.0
4581,56.943703,57.0
4582,57.014812,57.0
4583,57.143295,56.0
4584,56.311188,56.0
4585,55.92859,56.0
4586,55.79925,56.0
4587,55.783875,56.0
4588,55.851345,56.0
4589,55.996624,56.0
4590,56.12161,57.0
4591,56.951603,58.0
4592,58.040405,59.0
4593,59.24538,59.0
4594,59.576374,60.0
4595,60.376217,60.0
4596,60.536736,60.0
4597,60.4366,60.0
4598,60.24438,61.0
4599,60.86665,61.99999999999999
4600,61.861565,61.99999999999999
4601,62.225166,61.99999999999999
4602,62.25093,63.0
4603,62.961334,63.0
4604,63.198307,64.0
4605,64.080986,64.0
4606,64.39631,65.0
4607,65.24113,65.0
4608,65.49964,65.0
4609,65.47871,66.0
4610,66.21475,66.0
4611,66.43319,66.0
4612,66.41497,66.0
4613,66.29011,66.0
4614,66.187416,65.0
4615,65.25045,64.0
4616,63.990913,64.0
4617,63.60744,64.0
4618,63.658646,65.0
4619,64.57538,67.0
4620,66.57729,68.0
4621,68.25696,68.0
4622,68.91485,68.0
4623,68.95381,67.0
4624,67.862335,67.0
4625,67.1688,67.0
4626,66.80951,66.0
4627,65.69771,66.0
4628,65.36773,65.0
4629,64.42948,65.0
4630,64.39563,64.0
4631,63.68926,64.0
4632,63.623596,64.0
4633,63.694687,64.0
4634,63.887455,64.0
4635,64.04025,64.0
4636,64.184006,64.0
4637,64.30423,64.0
4638,64.26765,65.0
4639,65.0097,66.0
4640,65.99385,66.0
4641,66.30041,66.0
4642,66.39389,65.0
4643,65.45304,65.0
4644,64.97648,64.0
4645,63.976772,64.0
4646,63.68501,63.0
4647,62.81967,64.0
4648,63.307373,64.0
4649,63.597126,64.0
4650,63.83832,64.0
4651,63.97943,65.0
4652,64.83785,65.0
4653,65.222046,65.0
4654,65.30054,67.0
4655,67.060715,67.0
4656,67.6019,68.0
4657,68.49121,69.0
4658,69.546165,70.0
4659,70.65725,70.0
4660,70.81774,71.0
4661,71.46849,72.0
4662,72.29784,72.0
4663,72.419014,72.0
4664,72.28628,72.0
4665,72.04186,72.0
4666,71.84471,72.0
4667,71.76374,72.0
4668,71.75733,72.0
4669,71.81331,73.0
4670,72.728325,74.0
4671,73.878685,75.0
4672,75.24735,75.0
4673,75.7205,76.0
4674,76.469986,77.0
4675,77.4122,78.0
4676,78.45784,78.99999999999999
4677,79.57618,80.0
4678,80.67699,81.0
4679,81.73134,82.0
4680,82.833534,83.0
4681,83.87206,84.0
4682,84.82296,85.0
4683,85.68101,86.0
4684,86.55246,87.0
4685,87.46871,88.0
4686,88.46585,90.0
4687,90.401505,90.0
4688,90.87952,91.0
4689,91.73179,92.0
4690,92.57383,93.0
4691,93.51064,93.0
4692,93.634285,93.99999999999999
4693,94.30452,95.0
4694,95.349594,96.0
4695,96.218056,96.0
4696,96.51043,97.0
4697,97.33806,97.0
4698,96.987495,98.0
4699,97.62647,99.0
4700,98.49072,99.0
4701,98.84782,99.0
4702,98.88966,100.0
4703,99.84715,102.00000000000001
4704,102.33596,104.0
4705,105.37647,100.0
4706,101.7132,100.0
4707,99.5945,100.0
4708,98.69403,99.0
4709,97.67221,99.0
4710,97.87874,98.0
4711,97.35882,98.0
4712,97.65238,98.0
4713,97.9685,98.0
4714,98.1103,97.0
4715,97.25399,97.0
4716,96.969826,97.0
4717,96.82032,96.0
4718,95.82296,95.0
4719,94.64501,95.0
4720,94.11362,95.0
4721,94.13142,95.0
4722,94.26728,95.0
4723,94.33883,95.0
4724,94.41937,95.0
4725,94.45433,95.0
4726,94.38733,95.0
4727,94.46166,95.0
4728,94.44986,96.0
4729,95.66277,97.0
4730,97.17675,99.0
4731,99.64896,99.0
4732,100.38849,100.0
4733,101.2193,101.0
4734,101.74628,100.0
4735,100.36604,105.0
4736,104.15393,110.0
4737,109.87667,120.0
4738,121.02385,130.0
4739,134.08807,141.0
4740,148.7463,151.00000000000003
4741,161.80779,151.00000000000003
4742,161.35779,152.0
4743,156.0218,152.0
4744,150.10437,153.0
4745,148.0738,153.0
4746,148.75307,154.0
4747,151.71895,154.0
4748,153.43648,154.0
4749,153.70546,154.0
4750,152.83783,155.0
4751,153.04558,155.0
4752,153.17397,155.0
4753,153.67435,155.0
4754,153.76271,154.0
4755,152.0787,154.0
4756,150.68361,155.0
4757,151.86855,155.0
4758,152.4509,155.0
4759,153.05249,155.0
4760,152.55293,154.0
4761,150.92532,154.0
4762,149.63528,154.0
4763,149.42944,153.0
4764,148.55273,153.0
4765,149.11084,152.0
4766,147.48161,152.0
4767,147.13014,151.00000000000003
4768,147.0115,149.0
4769,145.88477,136.0
4770,132.83406,129.0
4771,122.725075,128.0
4772,119.82141,119.0
4773,113.17056,107.0
4774,102.287384,100.0
4775,93.9715,99.0
4776,91.819786,98.0
4777,92.073296,97.0
4778,92.96325,96.0
4779,93.118515,95.0
4780,93.27014,95.0
4781,93.648224,53.0
4782,57.909473,53.0
4783,47.602512,54.0
4784,45.411263,54.0
4785,47.48679,54.0
4786,50.590534,54.0
4787,53.13993,54.0
4788,54.540176,54.0
4789,55.06047,54.0
4790,55.20986,55.0
4791,55.73947,55.0
4792,55.862503,55.0
4793,55.5979,55.0
4794,54.80584,56.0
4795,56.234283,56.0
4796,56.526924,56.0
4797,56.442524,56.0
4798,56.55661,56.0
4799,56.43418,55.0
4800,55.38844,55.0
4801,55.028805,57.0
4802,56.45283,57.0
4803,56.962387,58.0
4804,57.9969,58.0
4805,58.59227,58.0
4806,58.627834,57.0
4807,57.738895,57.0
4808,57.21416,57.0
4809,56.86832,57.0
4810,56.83162,57.0
4811,56.897682,58.0
4812,57.73035,58.0
4813,58.079094,58.0
4814,58.309296,58.0
4815,58.324203,58.0
4816,58.299637,58.0
4817,58.289597,58.0
4818,58.142952,56.0
4819,56.41023,56.0
4820,55.61408,56.0
4821,55.456997,56.0
4822,55.56596,56.0
4823,55.90905,57.0
4824,57.09789,57.0
4825,57.546642,58.0
4826,58.507706,58.0
4827,58.67567,59.0
4828,59.39546,59.0
4829,59.53699,53.0
4830,54.75779,54.0
4831,53.452847,54.0
4832,52.987408,54.0
4833,53.1882,55.0
4834,54.317234,55.0
4835,54.941257,55.0
4836,55.300346,55.0
4837,55.47866,55.0
4838,55.474495,55.0
4839,55.41811,55.0
4840,55.336445,55.0
4841,55.30001,55.0
4842,55.44255,54.0
4843,54.43627,55.0
4844,54.801586,55.0
4845,55.144287,56.0
4846,56.318207,57.0
4847,57.599854,57.0
4848,58.018337,59.0
4849,59.883427,60.0
4850,60.981777,61.99999999999999
4851,62.884113,63.0
4852,64.16836,64.0
4853,65.02036,63.0
4854,64.052925,63.0
4855,63.21162,63.0
4856,62.637573,64.0
4857,63.24224,64.0
4858,63.57215,64.0
4859,63.816616,64.0
4860,63.95896,66.0
4861,65.56885,66.0
4862,66.23328,66.0
4863,66.455666,67.0
4864,67.29571,67.0
4865,67.53479,68.0
4866,68.46791,68.0
4867,68.6187,69.0
4868,69.25443,70.0
4869,70.37588,69.0
4870,69.66509,70.0
4871,69.903824,71.0
4872,71.309204,106.0
4873,101.66945,100.0
4874,107.44542,87.0
4875,96.12789,78.0
4876,80.17988,85.0
4877,78.511345,44.0
4878,42.650524,46.99999999999999
4879,35.444378,49.0
4880,39.050934,50.0
4881,45.72763,51.00000000000001
4882,51.530285,52.0
4883,54.950985,52.0
4884,55.704536,53.0
4885,56.344402,53.0
4886,55.29796,53.0
4887,53.59032,54.0
4888,53.691856,54.0
4889,53.957035,55.0
4890,55.469368,55.0
4891,56.133217,55.0
4892,55.987755,56.0
4893,56.472622,56.0
4894,55.953617,56.0
4895,56.330875,56.0
4896,56.1785,57.0
4897,57.08124,57.0
4898,57.470123,57.0
4899,57.41911,57.0
4900,57.392193,57.0
4901,57.15888,68.0
4902,65.2291,67.0
4903,67.892136,66.0
4904,68.21078,65.0
4905,66.95039,65.0
4906,65.83129,64.0
4907,64.15726,63.0
4908,62.575928,63.0
4909,62.07347,61.99999999999999
4910,61.314262,61.0
4911,60.513237,61.99999999999999
4912,61.198505,61.99999999999999
4913,61.637707,60.0
4914,60.539078,59.0
4915,59.21854,59.0
4916,58.31203,59.0
4917,58.249878,59.0
4918,58.39341,60.0
4919,59.819214,59.0
4920,59.449516,59.0
4921,59.407063,58.0
4922,58.44554,58.0
4923,57.87772,58.0
4924,57.723694,58.0
4925,57.77826,58.0
4926,57.92672,58.0
4927,58.069714,60.0
4928,59.762135,61.0
4929,61.2708,61.0
4930,61.782494,60.0
4931,60.989563,59.0
4932,59.60436,58.0
4933,58.160995,58.0
4934,57.574577,57.0
4935,56.716503,57.0
4936,56.610607,57.0
4937,56.69069,56.0
4938,56.108746,56.0
4939,55.90243,56.0
4940,55.96724,55.0
4941,55.244324,55.0
4942,54.93392,55.0
4943,54.67705,55.0
4944,54.780945,55.0
4945,55.09005,54.0
4946,54.33293,53.0
4947,53.126926,52.0
4948,51.655563,51.00000000000001
4949,50.155293,59.0
4950,56.444263,58.0
4951,58.395763,59.0
4952,60.00649,59.0
4953,60.27337,58.0
4954,59.2394,58.0
4955,58.447273,58.0
4956,57.860386,58.0
4957,57.550056,57.0
4958,56.633553,56.0
4959,55.52144,55.0
4960,54.420086,54.0
4961,53.352707,54.0
4962,53.146786,54.0
4963,53.350395,54.0
4964,53.75803,54.0
4965,54.096638,54.0
4966,54.3047,54.0
4967,54.40871,54.0
4968,54.36536,55.0
4969,55.22619,55.0
4970,55.494267,54.0
4971,54.493973,55.0
4972,54.781864,55.0
4973,54.855263,50.0
4974,50.76785,48.0
4975,46.982555,48.0
4976,45.749893,46.0
4977,44.28257,46.99999999999999
4978,45.445713,44.0
4979,44.118534,43.0
4980,42.94201,44.0
4981,43.575428,43.0
4982,43.2801,41.0
4983,41.6036,39.0
4984,39.208523,35.0
4985,34.810658,35.0
4986,33.24386,33.0
4987,31.755396,33.0
4988,31.679842,35.0
4989,34.530926,38.0
4990,39.543694,42.0
4991,45.081703,42.0
4992,46.35016,45.0
4993,48.246956,49.0
4994,51.402916,53.0
4995,55.11153,54.0
4996,56.292534,56.0
4997,57.306778,167.0
4998,159.73372,167.0
4999,212.58357,167.99999999999997
5000,226.54695,167.99999999999997
5001,198.22978,167.99999999999997
5002,159.09917,167.99999999999997
5003,139.31657,167.99999999999997
5004,147.45506,167.99999999999997
5005,161.09128,167.99999999999997
5006,170.64383,168.99999999999997
5007,173.1744,168.99999999999997
5008,171.97961,167.99999999999997
5009,168.21478,167.0
5010,164.74832,166.0
5011,161.73427,164.0
5012,159.2247,162.0
5013,157.0786,160.0
5014,154.87723,157.99999999999997
5015,152.9428,156.0
5016,150.46667,155.0
5017,151.12518,153.0
5018,148.33641,152.0
5019,147.43706,149.0
5020,144.61255,116.0
5021,111.645645,64.0
5022,50.975292,64.0
5023,40.61154,64.0
5024,46.72684,63.0
5025,55.274574,63.0
5026,61.265625,63.0
5027,64.52724,63.0
5028,65.90095,63.0
5029,65.70866,61.99999999999999
5030,64.03313,61.99999999999999
5031,62.75847,61.0
5032,60.888897,60.0
5033,59.682842,61.0
5034,59.465897,61.99999999999999
5035,61.262463,60.0
5036,60.456078,59.0
5037,59.240635,59.0
5038,58.841385,59.0
5039,58.900295,59.0
5040,58.931828,59.0
5041,58.954655,59.0
5042,59.136627,59.0
5043,59.19831,59.0
5044,59.10937,59.0
5045,59.178307,61.99999999999999
5046,61.581192,65.0
5047,64.797066,67.0
5048,67.54021,69.0
5049,69.995155,71.0
5050,72.13418,71.0
5051,72.54131,73.0
5052,73.902504,74.0
5053,74.781075,75.0
5054,75.685,76.0
5055,76.50253,77.0
5056,77.393814,78.0
5057,78.248886,80.0
5058,80.10483,81.0
5059,81.557755,81.0
5060,81.740814,82.0
5061,82.44213,83.0
5062,83.41617,83.0
5063,83.590225,83.0
5064,83.43975,84.0
5065,84.05896,84.0
5066,84.30799,85.0
5067,85.407684,86.0
5068,86.81271,86.0
5069,87.14984,61.99999999999999
5070,66.895996,61.99999999999999
5071,59.66145,63.0
5072,58.419266,64.0
5073,60.40185,64.0
5074,62.10086,65.0
5075,64.06211,65.0
5076,65.1444,66.0
5077,66.23626,67.0
5078,67.30642,67.0
5079,67.56542,68.0
5080,68.53819,69.0
5081,69.55286,70.0
5082,70.582115,71.0
5083,71.595856,70.0
5084,70.85673,71.0
5085,71.27374,71.0
5086,71.159325,73.0
5087,72.967606,90.0
5088,88.27565,97.0
5089,100.726295,90.0
5090,97.689514,78.0
5091,82.920265,78.99999999999999
5092,76.267685,78.99999999999999
5093,73.57213,80.0
5094,74.83783,81.0
5095,77.75304,82.0
5096,80.629295,83.0
5097,83.01211,84.0
5098,84.95404,86.0
5099,87.27932,87.0
5100,88.50527,89.0
5101,90.21829,90.0
5102,91.02431,91.0
5103,91.7517,92.0
5104,92.545685,92.0
5105,92.658745,92.0
5106,92.12314,93.0
5107,92.19585,93.99999999999999
5108,93.06075,93.99999999999999
5109,93.46603,93.99999999999999
5110,93.762146,93.0
5111,92.69524,92.0
5112,91.07915,92.0
5113,91.20412,91.0
5114,89.81984,91.0
5115,89.9614,91.0
5116,90.14531,91.0
5117,90.45624,90.0
5118,90.015495,90.0
5119,89.77666,90.0
5120,89.86859,89.0
5121,89.087585,88.0
5122,87.97136,87.0
5123,86.740456,86.0
5124,85.53605,85.0
5125,84.49769,84.0
5126,83.14872,82.0
5127,81.214455,81.0
5128,79.972534,80.0
5129,78.92311,80.0
5130,79.094505,78.0
5131,77.60596,77.0
5132,76.41715,77.0
5133,76.15548,76.0
5134,75.23713,76.0
5135,75.42717,76.0
5136,75.698746,75.0
5137,75.08648,75.0
5138,74.84039,74.0
5139,73.9877,73.0
5140,72.84524,73.0
5141,72.42343,73.0
5142,72.407616,73.0
5143,72.526855,72.0
5144,71.84471,72.0
5145,71.68131,72.0
5146,71.69364,71.0
5147,71.075874,70.0
5148,70.0553,69.0
5149,68.92466,69.0
5150,68.55557,68.0
5151,67.72372,67.0
5152,66.77677,66.0
5153,65.73534,65.0
5154,64.57755,64.0
5155,63.432453,63.0
5156,62.33928,63.0
5157,62.33547,63.0
5158,62.660095,63.0
5159,63.287056,63.0
5160,63.40308,63.0
5161,63.492264,64.0
5162,64.294205,66.0
5163,66.13574,67.0
5164,67.57106,68.0
5165,68.66031,68.0
5166,68.73041,68.0
5167,68.45649,68.0
5168,68.11743,68.0
5169,67.847984,69.0
5170,68.47073,70.0
5171,69.5449,71.0
5172,70.847565,73.0
5173,72.981316,73.0
5174,73.79697,73.0
5175,73.809944,74.0
5176,74.5144,75.0
5177,75.4025,76.0
5178,76.45941,78.0
5179,78.4874,78.99999999999999
5180,79.92279,80.0
5181,81.135735,81.0
5182,82.06864,82.0
5183,82.8461,83.0
5184,83.58077,83.0
5185,83.47246,83.0
5186,83.31714,84.0
5187,83.84357,84.0
5188,83.93167,85.0
5189,84.943344,86.0
5190,86.08525,88.0
5191,88.17753,89.0
5192,89.73967,91.0
5193,91.74345,92.0
5194,93.049644,93.0
5195,93.93299,93.99999999999999
5196,94.79384,93.99999999999999
5197,94.7913,96.0
5198,96.35702,98.0
5199,98.44387,100.0
5200,100.703804,114.0
5201,113.84068,127.0
5202,130.98322,137.0
5203,146.49994,143.0
5204,154.37135,151.00000000000003
5205,157.74841,151.00000000000003
5206,153.25227,146.0
5207,147.05641,134.0
5208,132.36276,123.99999999999999
5209,119.86967,113.0
5210,108.11944,103.0
5211,98.15664,99.0
5212,93.4537,98.0
5213,92.46017,97.0
5214,92.97112,95.0
5215,92.97341,93.0
5216,92.55462,91.0
5217,90.67538,90.0
5218,89.619316,89.0
5219,88.46553,88.0
5220,87.425064,87.0
5221,86.4272,86.0
5222,85.48021,85.0
5223,84.39364,85.0
5224,84.35532,84.0
5225,83.43238,83.0
5226,81.71475,82.0
5227,80.45999,81.0
5228,80.09613,80.0
5229,78.08805,80.0
5230,78.929596,81.0
5231,80.207756,82.0
5232,81.67864,82.0
5233,81.912346,82.0
5234,82.012405,82.0
5235,81.88578,83.0
5236,82.39838,83.0
5237,82.51181,84.0
5238,83.39167,83.0
5239,83.05928,84.0
5240,83.68513,84.0
5241,83.91703,84.0
5242,83.906296,83.0
5243,83.10324,83.0
5244,82.82525,83.0
5245,82.74184,82.0
5246,82.05297,81.0
5247,80.883995,81.0
5248,80.60036,80.0
5249,79.64413,78.0
5250,77.42234,77.0
5251,75.66003,76.0
5252,74.382256,75.0
5253,73.76053,73.0
5254,72.366455,71.0
5255,70.23512,72.0
5256,70.77157,72.0
5257,71.361595,71.0
5258,71.1936,71.0
5259,71.177315,71.0
5260,71.079994,69.0
5261,69.28218,68.0
5262,67.700645,68.0
5263,67.267044,66.0
5264,65.66303,66.0
5265,65.35854,65.0
5266,64.627335,65.0
5267,64.547386,64.0
5268,63.867664,64.0
5269,63.673897,63.0
5270,62.920055,61.99999999999999
5271,61.9907,61.99999999999999
5272,61.742767,61.0
5273,60.9622,61.99999999999999
5274,61.502567,61.0
5275,60.93785,61.0
5276,60.988667,61.0
5277,60.937443,61.0
5278,60.954918,60.0
5279,60.08488,60.0
5280,59.76209,59.0
5281,58.86828,59.0
5282,58.603527,60.0
5283,59.461666,60.0
5284,59.982677,61.0
5285,61.060707,61.0
5286,61.421906,61.99999999999999
5287,62.25384,61.99999999999999
5288,62.476654,61.99999999999999
5289,62.454338,61.99999999999999
5290,62.315567,63.0
5291,62.995815,63.0
5292,63.178116,63.0
5293,63.19505,63.0
5294,63.220985,63.0
5295,63.191032,61.99999999999999
5296,62.324722,61.0
5297,61.21781,61.0
5298,60.702766,61.0
5299,60.540604,61.0
5300,60.794636,61.0
5301,61.061306,61.0
5302,61.27102,61.0
5303,61.426968,61.0
5304,61.60494,61.0
5305,61.370155,61.0
5306,61.12562,60.0
5307,60.04416,60.0
5308,59.57414,59.0
5309,58.649586,59.0
5310,58.55162,58.0
5311,57.870346,57.0
5312,56.935783,57.0
5313,56.69929,56.0
5314,55.93498,56.0
5315,55.75533,56.0
5316,55.737526,56.0
5317,55.846436,55.0
5318,55.199833,55.0
5319,55.02726,56.0
5320,55.736374,56.0
5321,56.12049,56.0
5322,56.315807,57.0
5323,57.249676,57.0
5324,57.51115,57.0
5325,57.46613,58.0
5326,58.477333,58.0
5327,58.472107,57.0
5328,57.35237,57.0
5329,56.849564,56.0
5330,55.741077,56.0
5331,55.37112,56.0
5332,55.452328,56.0
5333,55.733013,56.0
5334,55.97717,57.0
5335,56.92592,57.0
5336,57.299126,58.0
5337,58.160187,58.0
5338,58.51718,57.0
5339,57.885803,57.0
5340,57.497517,57.0
5341,57.039,57.0
5342,56.855385,58.0
5343,57.780437,57.0
5344,57.364822,58.0
5345,58.122707,58.0
5346,58.377377,58.0
5347,58.280308,58.0
5348,58.02574,58.0
5349,58.169033,56.0
5350,56.341824,56.0
5351,55.468708,56.0
5352,55.326168,56.0
5353,55.518143,57.0
5354,56.633694,57.0
5355,57.24712,57.0
5356,57.44418,57.0
5357,57.447155,57.0
5358,57.35135,57.0
5359,57.215828,57.0
5360,57.163612,57.0
5361,57.158012,57.0
5362,57.180424,57.0
5363,57.149677,57.0
5364,57.107395,57.0
5365,57.109226,57.0
5366,57.103638,57.0
5367,57.15013,58.0
5368,58.021152,58.0
5369,58.269573,58.0
5370,58.286564,57.0
5371,57.35231,56.0
5372,55.97747,56.0
5373,55.570618,56.0
5374,55.414055,56.0
5375,55.598553,57.0
5376,56.75228,57.0
5377,57.36948,57.0
5378,57.603645,57.0
5379,57.559586,58.0
5380,58.24666,58.0
5381,58.311676,58.0
5382,58.36664,58.0
5383,58.289757,58.0
5384,58.18764,58.0
5385,58.1274,58.0
5386,58.09808,58.0
5387,58.072144,58.0
5388,58.016193,58.0
5389,58.03356,58.0
5390,58.09174,57.0
5391,57.36748,57.0
5392,57.04422,56.0
5393,56.219776,57.0
5394,56.68079,57.0
5395,56.863174,58.0
5396,58.075897,57.0
5397,57.796295,57.0
5398,57.460575,57.0
5399,57.16818,57.0
5400,56.911037,57.0
5401,56.88373,56.0
5402,56.04226,57.0
5403,56.604298,56.0
5404,56.074158,56.0
5405,55.96358,56.0
5406,55.99172,57.0
5407,56.79603,57.0
5408,57.11105,57.0
5409,57.272705,57.0
5410,57.31348,57.0
5411,57.303474,57.0
5412,57.22741,58.0
5413,57.85086,58.0
5414,58.17126,58.0
5415,58.242855,59.0
5416,59.07986,59.0
5417,59.39618,60.0
5418,60.35087,60.0
5419,60.553272,61.0
5420,61.376465,61.99999999999999
5421,62.46184,63.0
5422,63.689533,64.0
5423,64.95973,66.0
5424,67.04633,67.0
5425,68.34495,68.0
5426,69.02737,68.0
5427,68.87441,69.0
5428,69.1923,70.0
5429,69.96538,71.0
5430,71.0043,71.0
5431,71.2506,72.0
5432,72.180786,73.0
5433,73.18961,74.0
5434,74.38382,74.0
5435,74.72714,75.0
5436,75.463844,76.0
5437,76.43267,77.0
5438,77.49243,78.0
5439,78.516014,78.0
5440,78.70028,78.0
5441,78.66105,78.0
5442,78.23862,78.99999999999999
5443,78.59652,78.0
5444,77.71748,78.99999999999999
5445,78.66251,78.99999999999999
5446,79.11291,78.0
5447,78.30209,77.0
5448,76.9682,77.0
5449,76.50047,77.0
5450,76.4691,76.0
5451,75.858116,76.0
5452,75.78039,75.0
5453,74.88882,75.0
5454,74.80497,74.0
5455,73.95543,74.0
5456,73.7386,73.0
5457,72.95145,72.0
5458,71.97458,72.0
5459,71.68114,71.0
5460,70.81027,70.0
5461,69.79832,69.0
5462,68.75148,68.0
5463,67.69472,67.0
5464,66.5271,67.0
5465,66.360985,67.0
5466,66.599075,65.0
5467,65.00816,65.0
5468,64.71092,63.0
5469,62.770298,64.0
5470,63.27224,64.0
5471,63.75574,63.0
5472,63.151775,63.0
5473,62.922443,61.99999999999999
5474,61.98477,61.99999999999999
5475,61.672874,61.99999999999999
5476,61.764027,61.99999999999999
5477,61.85633,61.0
5478,61.1065,60.0
5479,60.049316,60.0
5480,59.714516,60.0
5481,59.697502,60.0
5482,59.777817,60.0
5483,59.891384,60.0
5484,60.049305,60.0
5485,60.14356,59.0
5486,59.432724,59.0
5487,59.16438,59.0
5488,58.97272,58.0
5489,58.060314,58.0
5490,57.703495,58.0
5491,57.591667,58.0
5492,57.799484,59.0
5493,59.086174,58.0
5494,58.773186,58.0
5495,58.37839,58.0
5496,58.00305,58.0
5497,57.816517,58.0
5498,57.75666,58.0
5499,57.86509,58.0
5500,58.013763,58.0
5501,58.082733,58.0
5502,58.108463,58.0
5503,58.10992,59.0
5504,58.84447,59.0
5505,59.151478,59.0
5506,59.254066,60.0
5507,59.99275,60.0
5508,60.34157,60.0
5509,60.40892,60.0
5510,60.395634,61.0
5511,61.093605,61.99999999999999
5512,62.122208,61.99999999999999
5513,62.43719,61.99999999999999
5514,62.508675,61.99999999999999
5515,62.376526,61.99999999999999
5516,62.14396,63.0
5517,63.00264,63.0
5518,63.14323,64.0
5519,64.247826,66.0
5520,66.54158,67.0
5521,68.154724,67.0
5522,68.36338,66.0
5523,67.08449,66.0
5524,66.20621,66.0
5525,65.63305,59.0
5526,59.6867,59.0
5527,57.629112,59.0
5528,57.165195,59.0
5529,57.703873,59.0
5530,58.44439,59.0
5531,59.05951,59.0
5532,59.36696,58.0
5533,58.717373,58.0
5534,58.467304,58.0
5535,58.32834,59.0
5536,59.0436,59.0
5537,59.304188,59.0
5538,59.37419,59.0
5539,59.410175,59.0
5540,59.213985,59.0
5541,59.06693,59.0
5542,58.90675,60.0
5543,59.78362,60.0
5544,60.170185,60.0
5545,60.379128,58.0
5546,58.51803,58.0
5547,57.407284,58.0
5548,57.304947,57.0
5549,56.689476,60.0
5550,59.03653,61.0
5551,60.885384,61.99999999999999
5552,62.431793,61.99999999999999
5553,62.944736,61.99999999999999
5554,63.026096,61.99999999999999
5555,62.829216,61.99999999999999
5556,62.406,61.99999999999999
5557,62.10537,61.0
5558,61.164608,61.0
5559,60.828346,61.0
5560,60.67342,60.0
5561,59.934887,60.0
5562,59.736897,60.0
5563,59.73944,61.0
5564,60.764263,60.0
5565,60.449715,60.0
5566,60.20861,60.0
5567,60.022144,59.0
5568,59.06411,58.0
5569,57.83427,56.0
5570,55.61135,56.0
5571,55.058212,55.0
5572,54.317142,55.0
5573,54.424164,66.0
5574,62.98869,67.0
5575,67.38344,68.0
5576,70.159615,69.0
5577,71.5606,70.0
5578,72.116425,70.0
5579,71.4541,70.0
5580,70.664024,71.0
5581,70.81934,73.0
5582,72.3641,73.0
5583,72.86406,73.0
5584,72.97381,73.0
5585,72.91286,73.0
5586,72.879585,74.0
5587,73.797264,75.0
5588,74.87694,76.0
5589,76.0576,76.0
5590,76.38216,77.0
5591,77.25258,77.0
5592,77.476204,75.0
5593,75.40172,74.0
5594,73.42652,73.0
5595,71.895546,74.0
5596,72.64005,72.0
5597,71.637886,87.0
5598,83.19704,88.0
5599,88.74237,90.0
5600,93.01165,91.0
5601,94.859505,92.0
5602,94.69042,93.0
5603,94.16979,93.99999999999999
5604,93.951454,93.99999999999999
5605,93.4438,95.0
5606,94.09374,95.0
5607,94.18314,95.0
5608,94.35882,96.0
5609,95.36705,98.0
5610,97.394165,99.0
5611,98.9317,100.0
5612,99.47245,114.0
5613,112.02828,123.99999999999999
5614,125.4541,151.00000000000003
5615,157.826,161.0
5616,178.5835,154.0
5617,170.72728,140.0
5618,143.58258,116.0
5619,100.43749,99.0
5620,72.636635,95.0
5621,73.57623,58.0
5622,51.48481,58.0
5623,50.199337,58.0
5624,53.847214,59.0
5625,58.567463,59.0
5626,60.873478,59.0
5627,61.921185,60.0
5628,62.99173,60.0
5629,62.267635,61.0
5630,62.124817,61.0
5631,61.397495,61.0
5632,60.93599,61.99999999999999
5633,61.847263,61.99999999999999
5634,62.029613,61.99999999999999
5635,62.094337,61.99999999999999
5636,61.734818,61.99999999999999
5637,61.192173,63.0
5638,62.202293,63.0
5639,63.014214,63.0
5640,63.725414,63.0
5641,63.54244,63.0
5642,63.33479,63.0
5643,63.15153,64.0
5644,63.802982,64.0
5645,64.24423,58.0
5646,59.33535,59.0
5647,58.19783,60.0
5648,58.829903,60.0
5649,59.485806,61.0
5650,60.728725,60.0
5651,60.588387,61.0
5652,61.31975,61.0
5653,61.485172,61.0
5654,61.532997,61.0
5655,61.44541,61.0
5656,61.366615,61.99999999999999
5657,62.099804,63.0
5658,63.10834,64.0
5659,64.388016,64.0
5660,64.90187,64.0
5661,64.83348,64.0
5662,64.53406,64.0
5663,64.23215,65.0
5664,64.84643,65.0
5665,65.11393,66.0
5666,66.03217,67.0
5667,67.29769,67.0
5668,67.733444,68.0
5669,68.526695,49.0
5670,53.609074,45.0
5671,44.14625,38.0
5672,34.359463,30.999999999999996
5673,27.208282,27.0
5674,22.996838,28.0
5675,23.814072,27.0
5676,25.382729,27.0
5677,27.092945,27.0
5678,27.98275,28.0
5679,29.124414,27.0
5680,28.660967,27.0
5681,28.259546,27.0
5682,27.732624,27.0
5683,27.451633,29.0
5684,29.165709,28.0
5685,29.00274,30.999999999999996
5686,31.548834,33.0
5687,34.88046,38.0
5688,40.64438,41.0
5689,45.02167,42.0
5690,46.21724,42.0
5691,45.05299,40.0
5692,41.34396,37.0
5693,35.97661,56.0
5694,49.67535,56.0
5695,56.18471,56.0
5696,58.994297,57.0
5697,59.981426,57.0
5698,59.318188,58.0
5699,58.784065,58.0
5700,57.921734,58.0
5701,57.40236,59.0
5702,58.011936,60.0
5703,59.217983,61.0
5704,60.52535,61.99999999999999
5705,62.113377,61.99999999999999
5706,62.82834,63.0
5707,63.911957,63.0
5708,63.774693,63.0
5709,63.037186,64.0
5710,63.697746,63.0
5711,63.05341,63.0
5712,62.885468,64.0
5713,63.603397,64.0
5714,64.02298,64.0
5715,64.26416,64.0
5716,64.27166,64.0
5717,64.26116,57.0
5718,58.43052,58.0
5719,56.839237,59.0
5720,57.340145,61.0
5721,59.642673,61.99999999999999
5722,61.658627,63.0
5723,63.400455,65.0
5724,65.56816,66.0
5725,67.0267,67.0
5726,68.19078,68.0
5727,69.07322,70.0
5728,70.68192,72.0
5729,72.56967,73.0
5730,73.79268,74.0
5731,74.87693,75.0
5732,75.77194,76.0
5733,76.72401,77.0
5734,77.62998,78.0
5735,78.56189,80.0
5736,80.52014,82.0
5737,82.79872,83.0
5738,84.13521,82.0
5739,83.37222,83.0
5740,83.35858,84.0
5741,83.89181,98.0
5742,95.63004,93.99999999999999
5743,95.955635,90.0
5744,92.60611,86.0
5745,86.62623,83.0
5746,81.1798,81.0
5747,77.70055,78.0
5748,74.82204,75.0
5749,72.42234,72.0
5750,70.03164,68.0
5751,66.644104,66.0
5752,64.53427,63.0
5753,61.912525,61.99999999999999
5754,60.63669,61.0
5755,59.835,60.0
5756,59.46774,60.0
5757,60.03429,60.0
5758,60.55187,84.0
5759,81.45476,104.0
5760,108.65073,84.0
5761,97.730484,64.0
5762,71.53006,60.0
5763,53.641953,60.0
5764,48.480404,60.0
5765,50.29632,59.0
5766,53.427563,58.0
5767,56.572628,58.0
5768,58.45622,58.0
5769,59.17493,58.0
5770,59.254433,58.0
5771,59.03835,58.0
5772,58.798107,58.0
5773,58.591625,58.0
5774,57.869587,58.0
5775,57.90949,57.0
5776,57.243595,57.0
5777,57.08262,56.0
5778,56.012257,55.0
5779,54.12184,55.0
5780,53.434734,56.0
5781,55.090378,56.0
5782,56.23406,55.0
5783,55.64459,55.0
5784,55.28132,56.0
5785,55.934826,55.0
5786,55.284184,55.0
5787,55.017673,54.0
5788,54.01254,54.0
5789,53.567097,86.0
5790,77.26705,86.0
5791,87.72034,86.0
5792,92.91451,86.0
5793,92.88085,85.0
5794,88.71323,85.0
5795,84.59271,85.0
5796,82.204185,85.0
5797,81.6908,85.0
5798,82.317245,85.0
5799,83.19714,86.0
5800,84.82608,86.0
5801,85.854546,85.0
5802,85.19051,85.0
5803,84.832504,86.0
5804,85.55741,86.0
5805,85.6221,87.0
5806,86.66187,87.0
5807,87.0849,87.0
5808,87.21616,86.0
5809,86.44653,86.0
5810,85.980095,85.0
5811,84.82777,84.0
5812,83.60433,83.0
5813,82.30319,61.99999999999999
5814,64.808205,61.99999999999999
5815,58.719543,61.99999999999999
5816,57.35078,61.99999999999999
5817,58.69927,61.0
5818,59.64616,63.0
5819,62.225246,63.0
5820,63.489857,63.0
5821,63.874928,64.0
5822,64.70705,64.0
5823,64.86958,65.0
5824,65.58395,65.0
5825,65.59315,65.0
5826,65.4543,64.0
5827,64.203094,64.0
5828,63.82711,65.0
5829,64.60919,65.0
5830,65.0628,65.0
5831,65.29701,65.0
5832,65.34783,64.0
5833,64.46412,65.0
5834,64.92219,65.0
5835,65.09588,65.0
5836,65.214676,63.0
5837,63.467983,63.0
5838,62.80157,61.99999999999999
5839,61.734936,61.0
5840,60.621685,60.0
5841,59.557953,60.0
5842,59.37987,59.0
5843,58.75667,59.0
5844,58.59873,59.0
5845,58.66027,59.0
5846,58.815456,59.0
5847,58.9879,60.0
5848,59.90261,60.0
5849,60.328228,59.0
5850,59.502613,59.0
5851,59.130398,58.0
5852,58.082207,57.0
5853,56.807484,57.0
5854,56.3215,58.0
5855,57.291233,58.0
5856,58.000782,59.0
5857,59.355656,60.0
5858,60.699795,59.0
5859,60.225746,59.0
5860,59.66317,59.0
5861,59.20904,59.0
5862,58.935177,59.0
5863,58.853592,58.0
5864,58.064953,58.0
5865,57.782417,57.0
5866,56.95563,57.0
5867,56.79029,57.0
5868,56.733604,57.0
5869,56.781097,56.0
5870,56.148296,56.0
5871,55.946583,55.0
5872,55.189198,54.0
5873,54.178963,55.0
5874,54.60024,55.0
5875,54.823185,56.0
5876,56.10656,56.0
5877,56.727417,56.0
5878,56.738934,56.0
5879,56.491173,55.0
5880,55.30512,55.0
5881,54.688393,54.0
5882,53.50811,54.0
5883,53.34901,53.0
5884,52.637726,52.0
5885,51.73761,51.00000000000001
5886,50.730274,51.00000000000001
5887,50.52466,51.00000000000001
5888,50.656837,51.00000000000001
5889,50.86546,52.0
5890,51.78654,51.00000000000001
5891,51.441063,50.0
5892,50.618637,48.0
5893,48.540195,48.0
5894,47.538887,48.0
5895,47.235947,46.0
5896,45.626957,46.0
5897,45.369232,46.99999999999999
5898,46.8309,48.0
5899,48.368046,46.99999999999999
5900,48.146378,49.0
5901,49.69145,52.0
5902,52.83409,53.0
5903,55.064163,53.0
5904,55.025837,53.0
5905,54.31662,53.0
5906,53.434338,54.0
5907,53.455727,54.0
5908,53.479385,55.0
5909,54.4036,55.0
5910,54.93285,55.0
5911,55.261833,57.0
5912,56.822536,58.0
5913,58.1271,58.0
5914,58.56524,59.0
5915,59.420784,60.0
5916,60.431072,61.0
5917,61.474537,61.99999999999999
5918,62.543156,63.0
5919,63.714077,65.0
5920,65.62646,65.0
5921,66.02597,66.0
5922,66.74457,66.0
5923,66.55348,66.0
5924,65.66752,67.0
5925,66.55474,66.0
5926,66.02343,66.0
5927,65.805,67.0
5928,66.745674,67.0
5929,67.362816,66.0
5930,66.632034,66.0
5931,66.30807,66.0
5932,66.226036,65.0
5933,65.367485,65.0
5934,65.11795,65.0
5935,65.076294,64.0
5936,64.29988,64.0
5937,64.13306,63.0
5938,63.383404,61.0
5939,61.4831,61.0
5940,60.734272,61.0
5941,60.57811,60.0
5942,59.956097,59.0
5943,59.06251,58.0
5944,58.021572,57.0
5945,56.85459,57.0
5946,56.41728,56.0
5947,55.503258,56.0
5948,55.480045,55.0
5949,54.839592,54.0
5950,53.66643,54.0
5951,53.352345,54.0
5952,53.75608,53.0
5953,53.020786,54.0
5954,53.72487,54.0
5955,54.113663,55.0
5956,55.189648,54.0
5957,54.74082,54.0
5958,54.374813,55.0
5959,55.00336,55.0
5960,55.206635,55.0
5961,55.19829,55.0
5962,55.16055,55.0
5963,55.083637,55.0
5964,55.04369,55.0
5965,55.027016,55.0
5966,55.039707,55.0
5967,55.07722,55.0
5968,55.15434,56.0
5969,55.955704,56.0
5970,56.203426,56.0
5971,56.299538,56.0
5972,56.2264,57.0
5973,56.85746,56.0
5974,56.224632,56.0
5975,55.889507,55.0
5976,54.883488,55.0
5977,54.552452,54.0
5978,53.616375,54.0
5979,53.52196,54.0
5980,53.682747,55.0
5981,54.79612,55.0
5982,55.35923,55.0
5983,55.56382,55.0
5984,55.518883,56.0
5985,56.177345,56.0
5986,56.395683,56.0
5987,56.33407,56.0
5988,56.240578,56.0
5989,56.17856,56.0
5990,56.14263,56.0
5991,56.148422,57.0
5992,56.874493,56.0
5993,56.410343,55.0
5994,55.310165,55.0
5995,54.749992,55.0
5996,54.613842,56.0
5997,55.731167,56.0
5998,56.34901,57.0
5999,57.52206,57.0
6000,57.851803,57.0
6001,57.67611,57.0
6002,57.43572,57.0
6003,57.153347,58.0
6004,57.846684,57.0
6005,57.301315,57.0
6006,57.06319,57.0
6007,56.962097,57.0
6008,56.922894,57.0
6009,56.90468,56.0
6010,56.23462,56.0
6011,55.98564,57.0
6012,56.658367,57.0
6013,56.92818,57.0
6014,57.222744,57.0
6015,57.336887,57.0
6016,57.40067,57.0
6017,57.282745,57.0
6018,57.213062,58.0
6019,57.994057,58.0
6020,58.316963,58.0
6021,58.42436,58.0
6022,58.312016,58.0
6023,58.26675,58.0
6024,58.06611,59.0
6025,58.862446,59.0
6026,59.214397,58.0
6027,58.51407,58.0
6028,58.12599,58.0
6029,58.01367,58.0
6030,57.980007,58.0
6031,58.002563,58.0
6032,58.036823,57.0
6033,57.341743,57.0
6034,57.09708,56.0
6035,56.239513,56.0
6036,55.941925,55.0
6037,55.15626,55.0
6038,54.90413,54.0
6039,54.05712,54.0
6040,53.81786,54.0
6041,53.848015,54.0
6042,54.052723,55.0
6043,55.09375,55.0
6044,55.51036,55.0
6045,55.66292,56.0
6046,56.402763,55.0
6047,55.565388,55.0
6048,55.095093,55.0
6049,54.85663,54.0
6050,53.89772,55.0
6051,54.422096,55.0
6052,54.802654,54.0
6053,54.23913,54.0
6054,54.00893,54.0
6055,53.915543,53.0
6056,53.110443,54.0
6057,53.6765,54.0
6058,53.962883,54.0
6059,54.189137,54.0
6060,54.392815,54.0
6061,54.430702,54.0
6062,54.344276,54.0
6063,54.253956,54.0
6064,54.154545,55.0
6065,54.992233,55.0
6066,55.22944,54.0
6067,54.450012,53.0
6068,53.07602,53.0
6069,52.535736,53.0
6070,52.411503,53.0
6071,52.67344,53.0
6072,52.883736,52.0
6073,52.18875,52.0
6074,52.03672,52.0
6075,51.96368,51.00000000000001
6076,51.27526,51.00000000000001
6077,50.91911,52.0
6078,51.6757,52.0
6079,52.129375,52.0
6080,52.36739,52.0
6081,52.4665,52.0
6082,52.42814,52.0
6083,52.3774,52.0
6084,52.337116,52.0
6085,52.25623,52.0
6086,52.14085,53.0
6087,52.899376,53.0
6088,53.32991,53.0
6089,53.539005,54.0
6090,54.31693,55.0
6091,55.375057,55.0
6092,55.60357,55.0
6093,55.537567,54.0
6094,54.379612,54.0
6095,53.7051,54.0
6096,53.549095,55.0
6097,54.518867,56.0
6098,55.900593,56.0
6099,56.485676,57.0
6100,57.503197,58.0
6101,58.54816,58.0
6102,58.744827,59.0
6103,59.36469,59.0
6104,59.437225,59.0
6105,59.358692,59.0
6106,59.283337,59.0
6107,59.159542,59.0
6108,59.148117,59.0
6109,59.08234,59.0
6110,59.086246,59.0
6111,59.14971,59.0
6112,59.123714,59.0
6113,59.09749,58.0
6114,58.328854,58.0
6115,58.05186,58.0
6116,57.838356,58.0
6117,57.873722,58.0
6118,58.050304,59.0
6119,58.91823,59.0
6120,59.355167,59.0
6121,59.465675,58.0
6122,58.46332,58.0
6123,57.887188,58.0
6124,57.602985,57.0
6125,56.734783,57.0
6126,56.50682,56.0
6127,55.847168,56.0
6128,55.700573,56.0
6129,55.80471,56.0
6130,55.986256,56.0
6131,56.130424,56.0
6132,56.219795,56.0
6133,56.249767,56.0
6134,56.215893,55.0
6135,55.459084,54.0
6136,54.33334,53.0
6137,53.06688,53.0
6138,52.362133,52.0
6139,51.374405,51.00000000000001
6140,50.2498,49.0
6141,48.219658,48.0
6142,46.8986,46.99999999999999
6143,45.93734,44.0
6144,43.176266,43.0
6145,41.66866,42.0
6146,40.65495,40.0
6147,39.119385,39.0
6148,38.2131,39.0
6149,38.44289,37.0
6150,37.127182,38.0
6151,37.56618,37.0
6152,37.142475,36.0
6153,36.150887,33.0
6154,33.0778,30.999999999999996
6155,29.991577,32.0
6156,30.02884,32.0
6157,30.981441,30.0
6158,30.362597,30.999999999999996
6159,31.18523,32.0
6160,32.662197,32.0
6161,33.38329,32.0
6162,33.293564,32.0
6163,32.954174,35.0
6164,35.444992,37.0
6165,38.340088,38.0
6166,40.269188,40.0
6167,42.04446,41.0
6168,42.93171,42.0
6169,43.43135,45.0
6170,45.81306,46.99999999999999
6171,48.00508,49.0
6172,50.047203,51.00000000000001
6173,51.995815,52.0
6174,53.115208,52.0
6175,52.99541,52.0
6176,52.523014,52.0
6177,52.0105,52.0
6178,51.71484,52.0
6179,51.637287,52.0
6180,51.71687,53.0
6181,52.546867,53.0
6182,52.97756,53.0
6183,53.21708,53.0
6184,53.60745,53.0
6185,53.5062,53.0
6186,53.196384,53.0
6187,52.98206,52.0
6188,51.761177,52.0
6189,51.335907,51.00000000000001
6190,50.177456,46.99999999999999
6191,46.04601,46.99999999999999
6192,44.638103,48.0
6193,45.999565,44.0
6194,43.732735,42.0
6195,41.30473,39.0
6196,37.947052,36.0
6197,34.36389,36.0
6198,33.628906,34.0
6199,32.712624,33.0
6200,32.151173,32.0
6201,31.65276,32.0
6202,31.836464,33.0
6203,33.02182,32.0
6204,32.831604,32.0
6205,32.578655,32.0
6206,32.246918,30.999999999999996
6207,31.321712,32.0
6208,31.705372,30.999999999999996
6209,31.049314,30.999999999999996
6210,30.855402,33.0
6211,32.751144,34.0
6212,34.94498,33.0
6213,34.71524,35.0
6214,35.99663,36.0
6215,37.17126,36.0
6216,37.22162,38.0
6217,38.770042,36.0
6218,36.993877,37.0
6219,36.65099,36.0
6220,35.392567,37.0
6221,36.145382,38.0
6222,37.523327,39.0
6223,39.4081,42.0
6224,42.814964,44.0
6225,45.45897,44.0
6226,46.109745,44.0
6227,45.8156,46.99999999999999
6228,47.537098,50.0
6229,50.219143,52.0
6230,52.554092,52.0
6231,53.314354,53.0
6232,54.089962,55.0
6233,55.55941,55.0
6234,55.77751,55.0
6235,55.607147,54.0
6236,54.16331,54.0
6237,53.181427,55.0
6238,53.812824,54.0
6239,53.649487,54.0
6240,53.77305,54.0
6241,54.098232,55.0
6242,55.1315,55.0
6243,55.577503,55.0
6244,55.574474,55.0
6245,55.47664,57.0
6246,56.895676,57.0
6247,57.361214,57.0
6248,57.57317,57.0
6249,57.57523,57.0
6250,57.3016,57.0
6251,57.078,57.0
6252,56.9625,58.0
6253,57.692455,58.0
6254,58.016796,57.0
6255,57.349083,57.0
6256,57.100197,56.0
6257,56.178024,56.0
6258,55.734432,56.0
6259,55.511322,57.0
6260,56.297768,57.0
6261,56.768764,57.0
6262,57.19656,57.0
6263,57.463543,57.0
6264,57.553917,57.0
6265,57.47078,57.0
6266,57.336166,58.0
6267,58.124847,58.0
6268,58.28188,59.0
6269,59.069782,55.0
6270,56.012383,54.0
6271,53.760586,54.0
6272,53.005615,53.0
6273,52.294773,53.0
6274,52.44521,53.0
6275,52.726112,53.0
6276,53.00553,52.0
6277,52.47346,52.0
6278,52.267685,52.0
6279,52.203648,52.0
6280,52.15809,52.0
6281,52.200104,52.0
6282,52.255222,52.0
6283,52.323284,51.00000000000001
6284,51.55316,51.00000000000001
6285,51.109524,52.0
6286,51.767975,52.0
6287,52.275436,52.0
6288,52.338818,52.0
6289,52.404907,52.0
6290,52.362484,51.00000000000001
6291,51.374725,49.0
6292,49.035534,48.0
6293,47.272438,70.0
6294,62.378643,68.0
6295,67.64842,68.0
6296,70.67612,67.0
6297,70.326355,66.0
6298,68.348465,66.0
6299,66.666954,66.0
6300,65.49385,65.0
6301,63.957592,64.0
6302,62.523563,64.0
6303,62.552383,63.0
6304,62.263287,63.0
6305,62.509403,61.99999999999999
6306,62.324776,63.0
6307,62.458702,61.0
6308,60.842766,60.0
6309,59.75534,59.0
6310,58.444893,58.0
6311,57.275585,58.0
6312,57.044632,58.0
6313,57.243,57.0
6314,56.92904,57.0
6315,56.993103,56.0
6316,56.30946,57.0
6317,56.85369,93.99999999999999
6318,85.42146,93.99999999999999
6319,98.05737,92.0
6320,101.73594,92.0
6321,99.85734,91.0
6322,93.78716,91.0
6323,88.59813,92.0
6324,87.13594,90.0
6325,85.81128,90.0
6326,86.310776,90.0
6327,87.303444,90.0
6328,88.25333,91.0
6329,90.04575,90.0
6330,90.115845,90.0
6331,90.00042,90.0
6332,89.75309,90.0
6333,89.347145,90.0
6334,89.25288,89.0
6335,88.63285,89.0
6336,88.56048,88.0
6337,87.75123,88.0
6338,87.6382,88.0
6339,87.77445,88.0
6340,87.959435,87.0
6341,87.15406,64.0
6342,67.97348,64.0
6343,61.36312,64.0
6344,59.452065,64.0
6345,60.37343,64.0
6346,62.103344,64.0
6347,63.48654,64.0
6348,64.45046,64.0
6349,64.87842,63.0
6350,64.34408,63.0
6351,64.009995,63.0
6352,63.475998,61.99999999999999
6353,62.203182,61.99999999999999
6354,61.310184,61.0
6355,60.39887,61.0
6356,60.52797,61.0
6357,60.86708,61.0
6358,61.091236,60.0
6359,60.454067,60.0
6360,60.380997,60.0
6361,60.250095,61.0
6362,61.18123,61.0
6363,61.45386,61.0
6364,61.50224,61.0
6365,61.350834,68.0
6366,66.60037,68.0
6367,68.6128,68.0
6368,69.38423,67.0
6369,68.40437,66.0
6370,66.78954,66.0
6371,65.86211,65.0
6372,64.59322,64.0
6373,63.39748,64.0
6374,63.0617,64.0
6375,63.264114,63.0
6376,62.707233,61.99999999999999
6377,61.88764,61.0
6378,60.919106,60.0
6379,59.678555,61.0
6380,60.278366,61.0
6381,60.814304,61.0
6382,61.188984,60.0
6383,60.58113,59.0
6384,59.37302,59.0
6385,58.74257,58.0
6386,57.68954,57.0
6387,56.45854,57.0
6388,56.183342,56.0
6389,55.55185,37.0
6390,40.4318,37.0
6391,33.74023,38.0
6392,32.88584,39.0
6393,35.377563,40.0
6394,39.007957,41.0
6395,42.139523,41.0
6396,43.40042,43.0
6397,44.985233,44.0
6398,45.971252,45.0
6399,46.67881,46.99999999999999
6400,48.136578,49.0
6401,49.855923,50.0
6402,51.189434,49.0
6403,50.25889,46.99999999999999
6404,47.642452,46.99999999999999
6405,46.20373,45.0
6406,43.90682,44.0
6407,42.42346,42.0
6408,40.82598,40.0
6409,38.972633,40.0
6410,38.875927,41.0
6411,40.48877,42.0
6412,42.710716,44.0
6413,45.22509,64.0
6414,59.924385,64.0
6415,66.47946,64.0
6416,69.20639,64.0
6417,68.67606,63.0
6418,65.768166,63.0
6419,62.97692,63.0
6420,61.29126,63.0
6421,60.860146,63.0
6422,61.168243,63.0
6423,61.89309,64.0
6424,63.141026,64.0
6425,63.853127,63.0
6426,63.443565,64.0
6427,64.1537,64.0
6428,64.38189,64.0
6429,64.345726,63.0
6430,63.20905,63.0
6431,62.69102,61.99999999999999
6432,61.63174,61.0
6433,60.466213,61.0
6434,60.19084,61.0
6435,60.400814,61.0
6436,60.75133,61.0
6437,61.072384,85.0
6438,79.41236,87.0
6439,88.94232,88.0
6440,94.16991,88.0
6441,94.37397,89.0
6442,92.73558,89.0
6443,89.659294,90.0
6444,88.11625,91.0
6445,88.55691,91.0
6446,89.25856,92.0
6447,90.87523,93.0
6448,92.63463,93.99999999999999
6449,94.34815,95.0
6450,95.76267,96.0
6451,96.586685,96.0
6452,96.21959,96.0
6453,95.61697,96.0
6454,95.00937,95.0
6455,93.885635,93.99999999999999
6456,92.80035,93.99999999999999
6457,92.84847,93.0
6458,92.40998,93.0
6459,92.50086,92.0
6460,91.846756,91.0
6461,90.775475,60.0
6462,64.4797,60.0
6463,55.7617,60.0
6464,53.815823,60.0
6465,55.196903,59.0
6466,56.75003,58.0
6467,57.912476,58.0
6468,58.486862,57.0
6469,57.80924,57.0
6470,57.812866,57.0
6471,57.691174,57.0
6472,57.649445,58.0
6473,58.059906,58.0
6474,58.23146,58.0
6475,58.482426,59.0
6476,59.704865,59.0
6477,59.778492,60.0
6478,60.661434,60.0
6479,60.975174,60.0
6480,60.758266,61.0
6481,61.134995,61.0
6482,61.13817,61.0
6483,61.06399,61.0
6484,60.937195,61.99999999999999
6485,61.733543,55.0
6486,56.391518,56.0
6487,54.986237,58.0
6488,56.212135,59.0
6489,57.937378,60.0
6490,59.74592,60.0
6491,60.66183,60.0
6492,61.090504,59.0
6493,60.473167,60.0
6494,60.605556,59.0
6495,59.459274,59.0
6496,58.968594,59.0
6497,58.68043,59.0
6498,58.79873,61.0
6499,61.19603,61.0
6500,61.83244,60.0
6501,61.154587,60.0
6502,60.544605,60.0
6503,60.212738,59.0
6504,58.998783,59.0
6505,58.613674,59.0
6506,58.66985,59.0
6507,58.872284,60.0
6508,60.011616,61.99999999999999
6509,62.0246,81.0
6510,76.84455,80.0
6511,81.93369,78.99999999999999
6512,83.26078,78.99999999999999
6513,82.49577,78.0
6514,79.80731,77.0
6515,76.767,77.0
6516,75.262146,77.0
6517,75.00467,77.0
6518,75.407036,76.0
6519,75.07052,76.0
6520,75.26672,76.0
6521,75.626205,77.0
6522,76.80298,77.0
6523,77.15835,77.0
6524,77.30218,76.0
6525,76.33101,75.0
6526,74.76701,75.0
6527,74.304504,74.0
6528,73.455795,73.0
6529,72.45287,73.0
6530,72.40584,73.0
6531,72.68453,73.0
6532,72.88027,72.0
6533,72.16644,73.0
6534,72.76488,73.0
6535,73.09087,74.0
6536,74.01649,74.0
6537,74.35336,74.0
6538,74.41704,72.0
6539,72.66641,72.0
6540,71.88677,72.0
6541,71.54951,72.0
6542,71.528564,71.0
6543,70.83301,72.0
6544,71.53185,71.0
6545,71.02914,69.0
6546,69.03973,68.0
6547,67.38925,69.0
6548,67.804924,68.0
6549,67.31659,68.0
6550,67.6145,68.0
6551,67.97554,68.0
6552,68.281624,68.0
6553,68.38829,68.0
6554,68.36795,68.0
6555,68.262794,67.0
6556,67.29973,68.0
6557,67.7689,66.0
6558,66.27439,66.0
6559,65.75327,65.0
6560,64.82694,65.0
6561,64.60641,64.0
6562,63.82879,64.0
6563,63.642715,63.0
6564,62.91864,61.99999999999999
6565,61.89263,61.0
6566,60.875347,60.0
6567,59.87447,59.0
6568,58.78042,58.0
6569,57.698166,58.0
6570,57.403835,58.0
6571,57.814102,57.0
6572,57.109436,57.0
6573,56.75554,57.0
6574,56.858982,57.0
6575,57.063576,57.0
6576,57.084194,56.0
6577,56.090107,56.0
6578,55.854027,55.0
6579,54.831818,55.0
6580,54.54006,54.0
6581,53.771107,56.0
6582,55.234627,54.0
6583,54.24992,54.0
6584,53.943134,53.0
6585,53.00867,53.0
6586,52.747585,53.0
6587,52.762188,53.0
6588,52.864346,53.0
6589,53.025536,53.0
6590,53.048477,54.0
6591,53.907867,54.0
6592,54.245308,54.0
6593,54.325165,54.0
6594,54.280575,54.0
6595,54.106426,53.0
6596,53.064503,53.0
6597,52.532978,53.0
6598,52.54165,51.00000000000001
6599,50.691425,49.0
6600,48.18729,50.0
6601,48.468437,49.0
6602,48.307804,50.0
6603,49.63509,52.0
6604,51.914085,51.00000000000001
6605,51.965225,46.0
6606,47.623535,46.99999999999999
6607,46.26688,44.0
6608,43.099083,46.0
6609,44.12622,46.0
6610,45.26919,45.0
6611,45.38778,45.0
6612,45.540813,44.0
6613,44.687515,44.0
6614,44.200485,43.0
6615,42.995293,42.0
6616,41.653736,40.0
6617,39.46514,38.0
6618,36.875458,35.0
6619,33.516636,34.0
6620,31.901081,40.0
6621,38.052155,39.0
6622,40.84685,42.0
6623,44.529625,43.0
6624,46.28355,46.0
6625,48.659157,51.00000000000001
6626,52.949528,52.0
6627,54.52044,53.0
6628,54.95847,55.0
6629,55.94873,58.0
6630,58.26711,60.0
6631,60.46,61.99999999999999
6632,62.48829,64.0
6633,64.52934,66.0
6634,66.584946,68.0
6635,68.668755,69.0
6636,69.94864,71.0
6637,71.6644,72.0
6638,72.73204,74.0
6639,74.48414,75.0
6640,75.6707,77.0
6641,77.751366,78.0
6642,79.33746,78.0
6643,79.42067,80.0
6644,80.840126,78.99999999999999
6645,80.37887,80.0
6646,80.49385,80.0
6647,80.30216,80.0
6648,80.22863,80.0
6649,80.33498,78.99999999999999
6650,79.53326,78.0
6651,78.27849,78.0
6652,77.821655,77.0
6653,76.92175,76.0
6654,75.90117,75.0
6655,74.68263,74.0
6656,73.5292,73.0
6657,72.48404,72.0
6658,71.50064,71.0
6659,70.50109,71.0
6660,70.39433,71.0
6661,70.51667,71.0
6662,70.654594,72.0
6663,71.72449,72.0
6664,72.221886,72.0
6665,72.33475,72.0
6666,72.26027,72.0
6667,72.12374,73.0
6668,72.86322,73.0
6669,73.04578,74.0
6670,73.95221,74.0
6671,74.296555,75.0
6672,75.152115,75.0
6673,75.327515,76.0
6674,76.25456,76.0
6675,76.38792,76.0
6676,76.29513,76.0
6677,76.07319,75.0
6678,75.07979,77.0
6679,76.41805,77.0
6680,76.98919,76.0
6681,76.44415,77.0
6682,77.11347,77.0
6683,77.32395,77.0
6684,77.3367,77.0
6685,77.22926,77.0
6686,77.06232,76.0
6687,76.10433,75.0
6688,74.87112,75.0
6689,74.43368,75.0
6690,74.424934,74.0
6691,73.731445,73.0
6692,72.77078,74.0
6693,73.46855,73.0
6694,72.97828,73.0
6695,72.89489,72.0
6696,72.0558,72.0
6697,71.80483,72.0
6698,71.82016,72.0
6699,71.952156,72.0
6700,72.05123,71.0
6701,71.29875,71.0
6702,71.017075,70.0
6703,70.09839,70.0
6704,69.752335,69.0
6705,68.88913,68.0
6706,67.82027,67.0
6707,66.66843,67.0
6708,66.38175,66.0
6709,65.64817,66.0
6710,65.49458,65.0
6711,64.772354,66.0
6712,65.42604,65.0
6713,65.07696,65.0
6714,64.908295,65.0
6715,64.870804,65.0
6716,64.84298,65.0
6717,65.05463,65.0
6718,65.17297,65.0
6719,65.133865,65.0
6720,65.128876,64.0
6721,64.20545,64.0
6722,63.856697,63.0
6723,62.863377,63.0
6724,62.58105,63.0
6725,62.590607,63.0
6726,62.72171,65.0
6727,64.46762,65.0
6728,65.27109,65.0
6729,65.498344,65.0
6730,65.49267,64.0
6731,64.5596,64.0
6732,64.12055,63.0
6733,63.15432,63.0
6734,62.76751,61.99999999999999
6735,61.915924,61.99999999999999
6736,61.723587,61.99999999999999
6737,61.672436,61.99999999999999
6738,61.68133,61.99999999999999
6739,62.02165,61.99999999999999
6740,62.36844,61.99999999999999
6741,62.380245,61.0
6742,61.23333,61.0
6743,60.86326,61.0
6744,60.64373,60.0
6745,59.762672,60.0
6746,59.51451,59.0
6747,58.829742,59.0
6748,58.628555,59.0
6749,58.64751,58.0
6750,57.965435,56.0
6751,56.144226,56.0
6752,55.520584,55.0
6753,54.65128,55.0
6754,54.537468,56.0
6755,55.461937,56.0
6756,55.98705,55.0
6757,55.480648,56.0
6758,56.076385,56.0
6759,56.34052,56.0
6760,56.485886,56.0
6761,56.378067,55.0
6762,55.234043,55.0
6763,54.659595,53.0
6764,52.67001,54.0
6765,53.289696,55.0
6766,54.464306,54.0
6767,54.1151,54.0
6768,54.26449,54.0
6769,54.186714,54.0
6770,54.153107,54.0
6771,54.069035,53.0
6772,53.158554,53.0
6773,52.861504,54.0
6774,53.684917,53.0
6775,53.240604,53.0
6776,53.08443,53.0
6777,52.935184,53.0
6778,53.129032,53.0
6779,53.03042,53.0
6780,53.19072,53.0
6781,53.31344,54.0
6782,54.239307,54.0
6783,54.52845,54.0
6784,54.514965,53.0
6785,53.65806,53.0
6786,53.0594,54.0
6787,53.57082,54.0
6788,53.87425,53.0
6789,53.235413,52.0
6790,52.12152,53.0
6791,52.471348,52.0
6792,51.701305,52.0
6793,51.644836,52.0
6794,51.69548,52.0
6795,51.904995,52.0
6796,52.06213,52.0
6797,52.161045,52.0
6798,52.236477,52.0
6799,52.20462,52.0
6800,52.163944,53.0
6801,53.006413,53.0
6802,53.30256,54.0
6803,54.1558,55.0
6804,55.184303,56.0
6805,56.261044,56.0
6806,56.64693,56.0
6807,56.716904,57.0
6808,57.300858,59.0
6809,58.84891,59.0
6810,59.403873,61.0
6811,61.24623,63.0
6812,63.362778,63.0
6813,64.08159,63.0
6814,64.029594,64.0
6815,64.533485,65.0
6816,65.177704,66.0
6817,66.04312,67.0
6818,67.12318,69.0
6819,69.03941,70.0
6820,70.55085,71.0
6821,71.816,73.0
6822,73.75857,74.0
6823,75.03352,75.0
6824,76.11304,76.0
6825,77.03614,77.0
6826,77.86928,78.0
6827,78.74096,78.0
6828,78.769455,78.99999999999999
6829,79.42978,78.99999999999999
6830,79.46832,78.99999999999999
6831,79.261925,81.0
6832,80.792,81.0
6833,81.31306,82.0
6834,82.35077,82.0
6835,82.59644,81.0
6836,81.61824,81.0
6837,80.916916,81.0
6838,80.56109,81.0
6839,80.55169,81.0
6840,80.816574,81.0
6841,81.00736,80.0
6842,80.264915,78.99999999999999
6843,79.011635,78.0
6844,77.622406,78.0
6845,77.30538,77.0
6846,76.556046,76.0
6847,75.68807,75.0
6848,74.712814,74.0
6849,73.69025,73.0
6850,72.66495,73.0
6851,72.549934,72.0
6852,71.88441,72.0
6853,71.82737,72.0
6854,71.87128,71.0
6855,71.08684,71.0
6856,70.840675,70.0
6857,69.98775,70.0
6858,69.71551,68.0
6859,67.873695,68.0
6860,67.31678,69.0
6861,68.073875,70.0
6862,69.476776,70.0
6863,70.21227,70.0
6864,70.47698,69.0
6865,69.645485,69.0
6866,69.25256,70.0
6867,69.73362,70.0
6868,69.9057,71.0
6869,70.79332,70.0
6870,70.33475,70.0
6871,70.16207,71.0
6872,70.88459,72.0
6873,72.00388,72.0
6874,72.4656,73.0
6875,73.41782,72.0
6876,72.7324,72.0
6877,72.33141,71.0
6878,71.196815,71.0
6879,70.70445,70.0
6880,69.7288,70.0
6881,69.434105,69.0
6882,68.60186,69.0
6883,68.455185,69.0
6884,68.58984,68.0
6885,67.94448,67.0
6886,66.904854,66.0
6887,65.636734,66.0
6888,65.37391,65.0
6889,64.65421,64.0
6890,63.668415,63.0
6891,62.63425,61.0
6892,60.772842,60.0
6893,59.45069,59.0
6894,58.367348,59.0
6895,58.312023,57.0
6896,56.943447,56.0
6897,55.8236,55.0
6898,54.719025,54.0
6899,53.67758,53.0
6900,52.602142,52.0
6901,51.523388,52.0
6902,51.3986,50.0
6903,49.86373,46.99999999999999
6904,46.71252,43.0
6905,41.77536,41.0
6906,38.527466,41.0
6907,37.936615,37.0
6908,35.34034,37.0
6909,35.323494,33.0
6910,32.892754,34.0
6911,33.069843,32.0
6912,31.950111,33.0
6913,32.847576,33.0
6914,33.548416,34.0
6915,34.865173,34.0
6916,35.192707,33.0
6917,34.045,33.0
6918,33.139984,33.0
6919,32.681126,35.0
6920,34.5321,36.0
6921,36.686188,34.0
6922,35.673985,33.0
6923,33.82601,33.0
6924,32.61901,34.0
6925,33.149147,34.0
6926,33.79799,34.0
6927,34.330128,36.0
6928,36.512432,36.0
6929,37.24812,34.0
6930,35.35805,33.0
6931,33.08651,36.0
6932,34.913597,38.0
6933,37.90866,38.0
6934,39.41383,41.0
6935,42.892807,42.0
6936,44.440777,43.0
6937,45.098766,44.0
6938,45.26939,43.0
6939,43.8538,43.0
6940,42.79978,43.0
6941,42.177,42.0
6942,41.255795,42.0
6943,41.158264,40.0
6944,39.719223,38.0
6945,37.486355,39.0
6946,37.769012,40.0
6947,39.51692,40.0
6948,40.65456,41.0
6949,42.034004,42.0
6950,43.206886,42.0
6951,43.429756,41.0
6952,42.218403,43.0
6953,43.09204,46.99999999999999
6954,46.948467,51.00000000000001
6955,51.787148,49.0
6956,51.2827,48.0
6957,49.857613,48.0
6958,48.575535,46.0
6959,45.5242,45.0
6960,43.104176,43.0
6961,40.865303,41.0
6962,39.02104,41.0
6963,39.296703,43.0
6964,42.326527,43.0
6965,44.170807,45.0
6966,46.326344,45.0
6967,46.93483,46.0
6968,47.641468,48.0
6969,49.0467,48.0
6970,49.25625,49.0
6971,49.821022,48.0
6972,48.8014,46.99999999999999
6973,47.047802,46.99999999999999
6974,46.137527,46.99999999999999
6975,46.03624,45.0
6976,44.57766,44.0
6977,43.36641,42.0
6978,41.30383,40.0
6979,38.906487,42.0
6980,40.398914,44.0
6981,43.884045,45.0
6982,46.424847,46.0
6983,48.176624,48.0
6984,50.12381,50.0
6985,51.97379,52.0
6986,53.744007,52.0
6987,53.664127,52.0
6988,52.931038,53.0
