,prediction,actual
0,60.115494,59.0
1,60.01297,59.0
2,60.21082,59.0
3,60.398243,59.0
4,60.585464,58.0
5,60.743538,58.0
6,60.96281,59.0
7,61.056942,59.0
8,61.115406,59.0
9,61.122833,59.0
10,61.04708,59.0
11,61.078266,59.0
12,61.0431,59.0
13,60.89756,59.0
14,61.054047,60.0
15,61.1489,59.0
16,60.999344,59.0
17,61.05688,59.0
18,61.102467,59.0
19,61.33632,60.0
20,61.73092,59.0
21,62.166073,59.0
22,62.638832,59.0
23,62.939407,60.0
24,63.08953,60.0
25,63.319496,60.0
26,63.52277,60.0
27,63.66028,60.0
28,63.67882,60.0
29,64.05974,60.0
30,64.24519,59.0
31,64.39548,59.0
32,64.562546,59.0
33,64.71745,59.0
34,64.85205,58.0
35,64.95467,58.0
36,65.062355,58.0
37,64.97996,58.0
38,64.92984,58.0
39,64.91834,58.0
40,64.96697,59.0
41,65.372894,59.0
42,65.48577,59.0
43,65.57955,58.0
44,65.94977,59.0
45,66.157005,59.0
46,66.28603,59.0
47,66.6441,58.0
48,67.063896,59.0
49,67.42891,58.0
50,67.544304,58.0
51,67.60936,58.0
52,67.59818,58.0
53,67.55007,58.0
54,67.45802,58.0
55,67.54766,58.0
56,67.57324,58.0
57,67.65677,58.0
58,67.46186,58.0
59,67.34879,58.0
60,67.099464,58.0
61,66.8612,58.0
62,66.86599,58.0
63,66.938736,58.0
64,67.16028,58.0
65,67.34985,58.0
66,67.54004,58.0
67,67.83845,58.0
68,68.22498,58.0
69,68.64343,58.0
70,69.191216,58.0
71,69.26565,58.0
72,69.07838,57.0
73,68.53952,57.0
74,68.2213,57.0
75,68.12735,57.0
76,68.05074,57.0
77,67.92931,57.0
78,67.916214,58.0
79,67.90753,58.0
80,67.878136,59.0
81,67.81176,59.0
82,67.84005,59.0
83,67.72207,59.0
84,67.66504,59.0
85,67.68072,59.0
86,67.58731,59.0
87,67.80997,59.0
88,67.64321,59.0
89,67.74406,58.0
90,67.87054,59.0
91,68.159615,59.0
92,68.47441,59.0
93,68.84651,59.0
94,69.29232,59.0
95,69.72275,59.0
96,69.776566,59.0
97,69.88454,59.0
98,69.95315,59.0
99,69.9894,60.0
100,70.0077,60.0
101,70.05955,60.0
102,70.08864,60.0
103,70.09388,60.0
104,70.065704,60.0
105,69.936676,61.0
106,69.737755,61.0
107,69.527054,61.0
108,69.38775,61.0
109,69.11867,61.0
110,68.96195,61.0
111,68.70926,61.0
112,68.68979,61.0
113,68.80814,61.0
114,69.08464,61.0
115,69.3968,60.0
116,69.74842,60.0
117,70.20908,60.0
118,70.88432,61.0
119,71.57557,61.0
120,72.08149,62.0
121,72.37377,63.0
122,72.65762,63.0
123,73.073685,64.0
124,73.46468,64.0
125,73.81443,64.0
126,74.03286,64.0
127,74.19333,64.0
128,74.34399,63.0
129,74.23082,63.0
130,73.88411,63.0
131,73.67396,63.0
132,73.480934,63.0
133,73.23626,63.0
134,73.19402,63.0
135,73.32694,64.0
136,73.73794,64.0
137,73.7732,64.0
138,73.93344,64.0
139,74.457596,65.0
140,75.08364,65.0
141,75.16495,65.0
142,75.466125,64.0
143,75.91961,65.0
144,76.22165,65.0
145,76.549706,65.0
146,77.050964,68.0
147,78.19964,66.0
148,78.14461,65.0
149,78.13092,64.0
150,77.960594,63.0
151,77.717026,61.0
152,77.363716,61.0
153,77.09614,61.0
154,76.75859,61.0
155,76.42189,60.0
156,76.16923,60.0
157,76.087204,60.0
158,76.03028,61.0
159,76.077126,61.0
160,76.2143,62.0
161,76.72841,62.0
162,77.20201,62.0
163,77.68116,62.0
164,78.30841,62.0
165,78.78707,62.0
166,79.44023,63.0
167,80.22133,63.0
168,81.07228,63.0
169,81.80296,62.0
170,82.35743,59.0
171,82.90479,60.0
172,83.18912,60.0
173,83.199326,60.0
174,83.19226,61.0
175,83.34981,61.0
176,83.488,60.0
177,83.5429,60.0
178,83.49371,60.0
179,83.1811,60.0
180,83.276825,60.0
181,83.08591,60.0
182,83.19388,60.0
183,84.11511,60.0
184,85.36999,59.0
185,86.427284,60.0
186,88.177414,60.0
187,90.13114,60.0
188,92.22041,60.0
189,94.55084,61.0
190,97.125946,60.0
191,99.2184,60.0
192,100.46259,58.0
193,99.75876,57.0
194,98.09913,56.0
195,96.704475,55.0
196,95.47308,55.0
197,93.99925,55.0
198,93.12817,55.0
199,92.21543,56.0
200,91.49292,56.0
201,90.55763,56.0
202,89.91173,57.0
203,88.97184,57.0
204,88.27614,58.0
205,87.727104,58.0
206,88.5491,58.0
207,89.38412,58.0
208,90.512695,58.0
209,92.031235,57.0
210,93.98024,57.0
211,96.14867,56.0
212,98.536026,56.0
213,100.64497,56.0
214,101.65804,55.0
215,102.022736,56.0
216,103.68072,56.0
217,102.80506,56.0
218,101.70008,56.0
219,100.10627,57.0
220,98.64346,57.0
221,97.81999,57.0
222,96.47454,57.0
223,95.07653,57.0
224,93.92473,58.0
225,92.75653,58.0
226,91.80283,58.0
227,90.88353,58.0
228,90.01733,58.0
229,89.038124,58.0
230,89.757805,58.0
231,90.50844,58.0
232,91.59923,58.0
233,92.768654,59.0
234,94.41069,58.0
235,95.94862,58.0
236,97.92694,57.0
237,99.84095,57.0
238,101.73814,57.0
239,102.87081,56.0
240,103.01477,57.0
241,102.11583,56.0
242,101.42449,56.0
243,100.50798,56.0
244,99.53334,56.0
245,98.845695,56.0
246,97.83729,56.0
247,97.08193,57.0
248,96.520096,57.0
249,95.71128,57.0
250,94.57022,57.0
251,93.51058,57.0
252,92.38704,57.0
253,91.75888,58.0
254,91.58062,58.0
255,92.507645,57.0
256,92.58636,56.0
257,93.15349,55.0
258,93.83885,56.0
259,94.045525,56.0
260,94.33565,56.0
261,95.2312,56.0
262,96.05739,56.0
263,95.28725,57.0
264,94.894646,57.0
265,93.84032,57.0
266,93.22657,57.0
267,92.67651,58.0
268,91.50865,58.0
269,90.28065,58.0
270,89.66962,58.0
271,89.12613,58.0
272,89.050964,58.0
273,88.78403,57.0
274,88.03184,57.0
275,86.86879,56.0
276,85.86754,56.0
277,84.666626,55.0
278,85.27159,54.0
279,85.565186,54.0
280,86.04403,54.0
281,86.812515,54.0
282,87.92525,54.0
283,88.9717,55.0
284,90.41002,54.0
285,91.963234,55.0
286,93.790825,55.0
287,95.72017,53.0
288,97.171745,53.0
289,98.47471,52.0
290,99.35027,52.0
291,99.937035,52.0
292,100.436,53.0
293,100.8605,53.0
294,100.332504,54.0
295,99.94038,55.0
296,100.07959,55.0
297,99.144165,54.0
298,100.061165,54.0
299,99.36035,54.0
300,99.227196,54.0
301,97.5123,54.0
302,97.8042,54.0
303,98.32569,55.0
304,100.209404,56.0
305,102.53911,55.0
306,105.28643,57.0
307,108.85702,57.0
308,112.804985,58.0
309,116.865135,57.0
310,121.363884,58.0
311,125.67815,58.0
312,127.872345,59.0
313,130.46455,60.0
314,132.86783,61.0
315,135.56334,63.0
316,137.38754,64.0
317,138.49338,66.0
318,137.79443,65.0
319,137.61185,65.0
320,136.85695,65.0
321,135.9224,66.0
322,136.80443,66.99999999999999
323,135.05629,66.99999999999999
324,133.5595,68.0
325,131.85521,68.0
326,132.97339,68.0
327,134.07089,68.0
328,135.40813,68.0
329,139.57677,69.00000000000001
330,145.44897,68.0
331,152.22966,68.0
332,159.92917,68.0
333,169.8019,69.00000000000001
334,175.35237,69.00000000000001
335,181.58682,69.00000000000001
336,187.25517,69.00000000000001
337,192.71527,69.00000000000001
338,198.35204,68.0
339,205.1627,66.0
340,213.26242,64.0
341,223.0254,63.0
342,235.00589,63.0
343,250.84917,62.0
344,270.6961,63.0
345,298.25638,62.0
346,335.14197,62.0
347,387.26447,62.0
348,464.37283,63.0
349,584.9631,63.0
350,783.3575,63.0
351,1144.4246,64.0
352,1829.4122,63.0
353,3143.302,63.0
354,5606.167,63.0
355,10117.377,62.0
356,18221.984,62.0
357,32764.613,62.0
358,58904.55,62.0
359,105842.72,63.0
360,190109.53,63.0
361,341352.6,63.0
362,612811.0,63.0
363,1100058.4,63.0
364,1974629.9,64.0
365,3544429.5,63.0
366,6362098.0,62.0
367,11419601.0,62.0
368,20497452.0,62.0
369,36791524.0,61.0
370,66038170.0,62.0
371,118533784.0,61.0
372,212759520.0,61.0
373,381887700.0,61.0
374,685460350.0,61.0
375,1230350800.0,61.0
376,2208389000.0,61.0
377,3963896300.0,62.0
378,7114901500.0,61.0
379,12770723000.0,62.0
380,22922506000.0,64.0
381,41144214000.0,63.0
382,73850814000.0,63.0
383,132556775000.0,62.0
384,237929630000.0,62.0
385,427066100000.0,62.0
386,766552100000.0,62.0
387,1375904500000.0,61.0
388,2469647000000.0,61.0
389,4432834600000.0,62.0
390,7956611500000.0,62.0
391,14281530000000.0,62.0
392,25634296000000.0,62.0
393,46011670000000.0,62.0
394,82587560000000.0,62.0
395,148238580000000.0,62.0
396,266077330000000.0,62.0
397,477589120000000.0,62.0
398,857237200000000.0,62.0
399,1538677800000000.0,63.0
400,2761813000000000.0,63.0
401,4957250700000000.0,63.0
402,8897899000000000.0,63.0
403,1.5971071e+16,62.0
404,2.8666892e+16,61.0
405,5.1454962e+16,61.0
406,9.235786e+16,61.0
407,1.6577552e+17,61.0
408,2.9755482e+17,61.0
409,5.34089e+17,61.0
410,9.586505e+17,61.0
411,1.7207071e+18,62.0
412,3.088543e+18,63.0
413,5.543707e+18,63.0
414,9.950545e+18,62.0
415,1.7860494e+19,61.0
416,3.2058267e+19,61.0
417,5.754223e+19,60.0
418,1.03284085e+20,60.0
419,1.853873e+20,59.0
420,3.327566e+20,59.0
421,5.972735e+20,59.0
422,1.0720619e+21,59.0
423,1.9242717e+21,58.0
424,3.4539257e+21,58.0
425,6.1995427e+21,57.0
426,1.1127724e+22,57.0
427,1.9973444e+22,57.0
428,3.5850858e+22,57.0
429,6.4349647e+22,57.0
430,1.1550288e+23,57.0
431,2.0731917e+23,56.0
432,3.7212267e+23,56.0
433,6.679328e+23,55.0
434,1.1988902e+24,55.0
435,2.1519193e+24,55.0
436,3.8625372e+24,59.0
437,6.93297e+24,59.0
438,1.244417e+25,59.0
439,2.2336371e+25,59.0
440,4.009214e+25,59.0
441,7.1962437e+25,59.0
442,1.2916727e+26,58.0
443,2.3184576e+26,58.0
444,4.1614604e+26,58.0
445,7.4695154e+26,58.0
446,1.340723e+27,58.0
447,2.406499e+27,57.0
448,4.3194878e+27,57.0
449,7.753163e+27,56.0
450,1.3916356e+28,56.0
451,2.4978832e+28,56.0
452,4.483516e+28,56.0
453,8.04758e+28,56.0
454,1.4444812e+29,56.0
455,2.5927371e+29,58.0
456,4.6537728e+29,58.0
457,8.353179e+29,58.0
458,1.4993343e+30,57.0
459,2.6911943e+30,57.0
460,4.830496e+30,53.0
461,8.670385e+30,52.0
462,1.5562703e+31,52.0
463,2.7933907e+31,52.0
464,5.01393e+31,51.0
465,8.999634e+31,51.0
466,1.6153681e+32,51.0
467,2.899467e+32,51.0
468,5.2043297e+32,51.0
469,9.3413895e+32,51.0
470,1.6767107e+33,52.0
471,3.0095718e+33,52.0
472,5.4019593e+33,51.0
473,9.69612e+33,47.0
474,1.7403821e+34,46.0
475,3.1238573e+34,44.0
476,5.607094e+34,45.0
477,1.0064319e+35,46.0
478,1.806471e+35,45.0
479,3.2424825e+35,46.0
480,5.8200172e+35,45.0
481,1.0446501e+36,45.0
482,1.8750701e+36,44.0
483,3.365613e+36,43.0
484,6.041028e+36,52.0
485,1.0843202e+37,52.0
486,1.9462745e+37,52.0
487,3.49342e+37,53.0
488,6.2704317e+37,53.0
489,1.1254961e+38,53.0
490,2.0201826e+38,53.0
491,inf,53.0
492,inf,54.0
493,inf,54.0
494,inf,54.0
495,inf,53.0
496,inf,53.0
497,inf,52.0
498,inf,53.0
499,inf,52.0
500,25.0,53.0
501,25.0,53.0
502,25.0,54.0
503,25.0,54.0
504,25.0,53.0
505,25.0,53.0
506,25.0,53.0
507,25.0,53.0
508,25.0,76.0
509,25.0,74.0
510,25.0,70.0
511,25.0,68.0
512,25.0,65.0
513,25.0,64.0
514,25.0,64.0
515,25.0,63.0
516,25.0,62.0
517,25.0,59.0
518,25.0,57.0
519,25.0,58.0
520,25.0,57.0
521,25.0,57.0
522,25.0,57.0
523,25.0,56.0
524,25.0,56.0
525,25.0,55.0
526,25.0,56.0
527,25.0,55.0
528,25.0,55.0
529,25.0,55.0
530,25.0,56.0
531,25.0,58.0
532,25.0,70.99999999999999
533,25.0,70.99999999999999
534,25.0,72.0
535,25.0,72.0
536,25.0,72.0
537,25.0,72.0
538,25.0,70.99999999999999
539,25.0,70.0
540,25.0,69.00000000000001
541,25.0,68.0
542,25.0,66.99999999999999
543,25.0,66.99999999999999
544,25.0,66.0
545,25.0,66.0
546,25.0,64.0
547,25.0,62.0
548,25.0,61.0
549,25.0,61.0
550,25.0,59.0
551,25.0,58.0
552,25.0,57.0
553,25.0,56.0
554,25.0,55.0
555,25.0,55.0
556,25.0,58.0
557,25.0,58.0
558,25.0,58.0
559,25.0,59.0
560,25.0,60.0
561,25.0,60.0
562,25.0,60.0
563,25.0,60.0
564,25.0,60.0
565,25.0,61.0
566,25.0,61.0
567,25.0,62.0
568,25.0,63.0
569,25.0,63.0
570,25.0,63.0
571,25.0,64.0
572,25.0,64.0
573,25.0,64.0
574,25.0,64.0
575,25.0,70.99999999999999
576,25.0,76.0
577,25.0,77.00000000000001
578,25.0,77.00000000000001
579,25.0,77.00000000000001
580,25.0,55.0
581,25.0,54.0
582,25.0,54.0
583,25.0,55.0
584,25.0,54.0
585,25.0,55.0
586,25.0,55.0
587,25.0,54.0
588,25.0,55.0
589,25.0,55.0
590,25.0,55.0
591,25.0,57.0
592,25.0,57.0
593,25.0,58.0
594,25.0,57.0
595,25.0,58.0
596,25.0,58.0
597,25.0,58.0
598,25.0,57.0
599,25.0,57.0
600,25.0,58.0
601,25.0,58.0
602,25.0,57.0
603,25.0,57.0
604,25.0,90.0
605,25.0,90.99999999999999
606,25.0,90.99999999999999
607,25.0,90.99999999999999
608,25.0,92.0
609,25.0,90.99999999999999
610,25.0,90.0
611,25.0,89.00000000000001
612,25.0,88.0
613,25.0,86.99999999999999
614,25.0,86.0
615,25.0,85.00000000000001
616,25.0,85.00000000000001
617,25.0,84.0
618,25.0,84.0
619,25.0,84.0
620,25.0,84.0
621,25.0,82.99999999999999
622,25.0,84.0
623,25.0,82.99999999999999
624,25.0,82.99999999999999
625,25.0,84.0
626,25.0,82.99999999999999
627,25.0,82.99999999999999
628,25.0,84.0
629,25.0,82.0
630,25.0,81.00000000000001
631,25.0,78.99999999999999
632,25.0,77.00000000000001
633,25.0,76.0
634,25.0,74.99999999999999
635,25.0,73.00000000000001
636,25.0,70.99999999999999
637,25.0,69.00000000000001
638,25.0,66.99999999999999
639,25.0,65.0
640,25.0,65.0
641,25.0,64.0
642,25.0,64.0
643,25.0,65.0
644,25.0,66.0
645,25.0,66.0
646,25.0,66.99999999999999
647,25.0,68.0
648,25.0,68.0
649,25.0,70.0
650,25.0,70.99999999999999
651,25.0,70.99999999999999
652,25.0,69.00000000000001
653,25.0,69.00000000000001
654,25.0,69.00000000000001
655,25.0,70.0
656,25.0,70.0
657,25.0,70.0
658,25.0,70.99999999999999
659,25.0,70.99999999999999
660,25.0,72.0
661,25.0,72.0
662,25.0,73.00000000000001
663,25.0,74.0
664,25.0,73.00000000000001
665,25.0,73.00000000000001
666,25.0,73.00000000000001
667,25.0,73.00000000000001
668,25.0,74.0
669,25.0,74.0
670,25.0,74.99999999999999
671,25.0,74.0
672,25.0,74.0
673,25.0,74.0
674,25.0,74.0
675,25.0,74.0
676,25.0,59.0
677,25.0,61.0
678,25.0,62.0
679,25.0,62.0
680,25.0,62.0
681,25.0,62.0
682,25.0,63.0
683,25.0,62.0
684,25.0,62.0
685,25.0,62.0
686,25.0,61.0
687,25.0,62.0
688,25.0,62.0
689,25.0,62.0
690,25.0,63.0
691,25.0,63.0
692,25.0,63.0
693,25.0,63.0
694,25.0,64.0
695,25.0,63.0
696,25.0,64.0
697,25.0,63.0
698,25.0,63.0
699,25.0,62.0
700,25.0,81.00000000000001
701,25.0,78.0
702,25.0,78.0
703,25.0,77.00000000000001
704,25.0,76.0
705,25.0,76.0
706,25.0,76.0
707,25.0,77.00000000000001
708,25.0,77.00000000000001
709,25.0,78.0
710,25.0,77.00000000000001
711,25.0,77.00000000000001
712,25.0,76.0
713,25.0,76.0
714,25.0,77.00000000000001
715,25.0,76.0
716,25.0,77.00000000000001
717,25.0,77.00000000000001
718,25.0,77.00000000000001
719,25.0,77.00000000000001
720,25.0,76.0
721,25.0,76.0
722,25.0,76.0
723,25.0,76.0
724,25.0,76.0
725,25.0,76.0
726,25.0,76.0
727,25.0,74.99999999999999
728,25.0,76.0
729,25.0,76.0
730,25.0,74.99999999999999
731,25.0,74.0
732,25.0,74.0
733,25.0,74.0
734,25.0,74.0
735,25.0,74.0
736,25.0,74.99999999999999
737,25.0,74.99999999999999
738,25.0,74.99999999999999
739,25.0,76.0
740,25.0,76.0
741,25.0,76.0
742,25.0,77.00000000000001
743,25.0,77.00000000000001
744,25.0,77.00000000000001
745,25.0,77.00000000000001
746,25.0,77.00000000000001
747,25.0,77.00000000000001
748,25.0,77.00000000000001
749,25.0,77.00000000000001
750,25.0,77.00000000000001
751,25.0,76.0
752,25.0,76.0
753,25.0,76.0
754,25.0,76.0
755,25.0,77.00000000000001
756,25.0,76.0
757,25.0,77.00000000000001
758,25.0,77.00000000000001
759,25.0,76.0
760,25.0,76.0
761,25.0,76.0
762,25.0,76.0
763,25.0,77.00000000000001
764,25.0,76.0
765,25.0,74.99999999999999
766,25.0,74.99999999999999
767,25.0,74.99999999999999
768,25.0,76.0
769,25.0,76.0
770,25.0,77.00000000000001
771,25.0,77.00000000000001
772,25.0,77.00000000000001
773,25.0,77.00000000000001
774,25.0,77.00000000000001
775,25.0,78.0
776,25.0,78.0
777,25.0,78.0
778,25.0,78.0
779,25.0,78.0
780,25.0,78.0
781,25.0,78.0
782,25.0,78.0
783,25.0,78.0
784,25.0,78.0
785,25.0,78.99999999999999
786,25.0,78.99999999999999
787,25.0,78.0
788,25.0,78.0
789,25.0,78.99999999999999
790,25.0,78.99999999999999
791,25.0,78.99999999999999
792,25.0,78.99999999999999
793,25.0,78.99999999999999
794,25.0,78.0
795,25.0,78.99999999999999
796,25.0,80.0
797,25.0,81.00000000000001
798,25.0,82.0
799,25.0,81.00000000000001
800,25.0,81.00000000000001
801,25.0,80.0
802,25.0,78.99999999999999
803,25.0,78.0
804,25.0,77.00000000000001
805,25.0,76.0
806,25.0,76.0
807,25.0,76.0
808,25.0,76.0
809,25.0,76.0
810,25.0,76.0
811,25.0,78.0
812,25.0,78.0
813,25.0,77.00000000000001
814,25.0,78.0
815,25.0,78.0
816,25.0,78.0
817,25.0,77.00000000000001
818,25.0,76.0
819,25.0,76.0
820,25.0,74.99999999999999
821,25.0,74.99999999999999
822,25.0,74.0
823,25.0,74.0
824,25.0,74.99999999999999
825,25.0,74.99999999999999
826,25.0,76.0
827,25.0,78.0
828,25.0,78.99999999999999
829,25.0,80.0
830,25.0,80.0
831,25.0,80.0
832,25.0,80.0
833,25.0,80.0
834,25.0,80.0
835,25.0,80.0
836,25.0,80.0
837,25.0,81.00000000000001
838,25.0,81.00000000000001
839,25.0,81.00000000000001
840,25.0,81.00000000000001
841,25.0,81.00000000000001
842,25.0,81.00000000000001
843,25.0,81.00000000000001
844,25.0,81.00000000000001
845,25.0,81.00000000000001
846,25.0,82.0
847,25.0,82.0
848,25.0,82.0
849,25.0,82.99999999999999
850,25.0,82.99999999999999
851,25.0,82.99999999999999
852,25.0,82.99999999999999
853,25.0,82.0
854,25.0,82.99999999999999
855,25.0,82.0
856,25.0,82.0
857,25.0,82.0
858,25.0,82.0
859,25.0,82.0
860,25.0,81.00000000000001
861,25.0,80.0
862,25.0,81.00000000000001
863,25.0,82.0
864,25.0,84.0
865,25.0,86.0
866,25.0,88.0
867,25.0,90.99999999999999
868,25.0,94.99999999999999
869,25.0,98.00000000000001
870,25.0,100.0
871,25.0,113.00000000000001
872,25.0,124.0
873,25.0,135.0
874,25.0,141.99999999999997
875,25.0,137.0
876,25.0,130.00000000000003
877,25.0,120.0
878,25.0,108.0
879,25.0,104.0
880,25.0,102.00000000000001
881,25.0,100.0
882,25.0,98.99999999999999
883,25.0,98.00000000000001
884,25.0,97.00000000000001
885,25.0,96.0
886,25.0,94.99999999999999
887,25.0,94.00000000000001
888,25.0,90.99999999999999
889,25.0,90.0
890,25.0,89.00000000000001
891,25.0,86.99999999999999
892,25.0,84.0
893,25.0,81.00000000000001
894,25.0,78.99999999999999
895,25.0,77.00000000000001
896,25.0,77.00000000000001
897,25.0,76.0
898,25.0,74.99999999999999
899,25.0,76.0
900,25.0,77.00000000000001
901,25.0,78.0
902,25.0,78.99999999999999
903,25.0,78.0
904,25.0,78.0
905,25.0,78.99999999999999
906,25.0,78.0
907,25.0,78.0
908,25.0,78.0
909,25.0,78.0
910,25.0,78.0
911,25.0,78.0
912,25.0,78.0
913,25.0,77.00000000000001
914,25.0,78.0
915,25.0,78.0
916,25.0,78.99999999999999
917,25.0,93.00000000000001
918,25.0,97.00000000000001
919,25.0,97.00000000000001
920,25.0,96.0
921,25.0,96.0
922,25.0,97.00000000000001
923,25.0,108.0
924,25.0,112.0
925,25.0,110.00000000000001
926,25.0,109.00000000000001
927,25.0,112.0
928,25.0,109.00000000000001
929,25.0,109.00000000000001
930,25.0,114.99999999999999
931,25.0,116.0
932,25.0,118.99999999999999
933,25.0,120.0
934,25.0,114.99999999999999
935,25.0,114.00000000000001
936,25.0,110.99999999999999
937,25.0,108.0
938,25.0,98.99999999999999
939,25.0,98.00000000000001
940,25.0,96.0
941,25.0,82.0
942,25.0,78.0
943,25.0,77.00000000000001
944,25.0,76.0
945,25.0,74.99999999999999
946,25.0,74.0
947,25.0,69.00000000000001
948,25.0,69.00000000000001
949,25.0,69.00000000000001
950,25.0,69.00000000000001
951,25.0,70.0
952,25.0,70.99999999999999
953,25.0,70.99999999999999
954,25.0,70.0
955,25.0,70.99999999999999
956,25.0,70.0
957,25.0,70.0
958,25.0,70.0
959,25.0,70.99999999999999
960,25.0,70.99999999999999
961,25.0,72.0
962,25.0,73.00000000000001
963,25.0,72.0
964,25.0,72.0
965,25.0,73.00000000000001
966,25.0,73.00000000000001
967,25.0,72.0
968,25.0,70.0
969,25.0,70.99999999999999
970,25.0,74.0
971,25.0,74.0
972,25.0,78.0
973,25.0,77.00000000000001
974,25.0,76.0
975,25.0,77.00000000000001
976,25.0,76.0
977,25.0,77.00000000000001
978,25.0,77.00000000000001
979,25.0,78.0
980,25.0,78.99999999999999
981,25.0,78.99999999999999
982,25.0,80.0
983,25.0,80.0
984,25.0,80.0
985,25.0,78.99999999999999
986,25.0,78.0
987,25.0,78.0
988,25.0,77.00000000000001
989,25.0,74.99999999999999
990,25.0,74.0
991,25.0,74.0
992,25.0,74.99999999999999
993,25.0,73.00000000000001
994,25.0,69.00000000000001
995,25.0,69.00000000000001
996,25.0,65.0
997,25.0,65.0
998,25.0,65.0
999,25.0,63.0
1000,25.0,63.0
1001,25.0,63.0
1002,25.0,61.0
1003,25.0,60.0
1004,25.0,59.0
1005,25.0,59.0
1006,25.0,58.0
1007,25.0,57.0
1008,25.0,57.0
1009,25.0,57.0
1010,25.0,57.0
1011,25.0,57.0
1012,25.0,57.0
1013,25.0,57.0
1014,25.0,57.0
1015,25.0,57.0
1016,25.0,57.0
1017,25.0,57.0
1018,25.0,57.0
1019,25.0,57.0
1020,25.0,56.0
1021,25.0,56.0
1022,25.0,55.0
1023,25.0,55.0
1024,25.0,55.0
1025,25.0,54.0
1026,25.0,53.0
1027,25.0,53.0
1028,25.0,53.0
1029,25.0,52.0
1030,25.0,53.0
1031,25.0,53.0
1032,25.0,54.0
1033,25.0,54.0
1034,25.0,54.0
1035,25.0,54.0
1036,25.0,54.0
1037,25.0,54.0
1038,25.0,54.0
1039,25.0,54.0
1040,25.0,54.0
1041,25.0,54.0
1042,25.0,54.0
1043,25.0,54.0
1044,25.0,55.0
1045,25.0,55.0
1046,25.0,56.0
1047,25.0,56.0
1048,25.0,55.0
1049,25.0,56.0
1050,25.0,56.0
1051,25.0,56.0
1052,25.0,55.0
1053,25.0,56.0
1054,25.0,55.0
1055,25.0,55.0
1056,25.0,55.0
1057,25.0,54.0
1058,25.0,54.0
1059,25.0,55.0
1060,25.0,55.0
1061,25.0,55.0
1062,25.0,56.0
1063,25.0,57.0
1064,25.0,57.0
1065,25.0,57.0
1066,25.0,57.0
1067,25.0,58.0
1068,25.0,57.0
1069,25.0,57.0
1070,25.0,56.0
1071,25.0,57.0
1072,25.0,56.0
1073,25.0,56.0
1074,25.0,56.0
1075,25.0,56.0
1076,25.0,56.0
1077,25.0,55.0
1078,25.0,55.0
1079,25.0,56.0
1080,25.0,56.0
1081,25.0,57.0
1082,25.0,57.0
1083,25.0,57.0
1084,25.0,57.0
1085,25.0,57.0
1086,25.0,56.0
1087,25.0,55.0
1088,25.0,55.0
1089,25.0,55.0
1090,25.0,55.0
1091,25.0,54.0
1092,25.0,54.0
1093,25.0,55.0
1094,25.0,55.0
1095,25.0,54.0
1096,25.0,54.0
1097,25.0,54.0
1098,25.0,55.0
1099,25.0,56.0
1100,25.0,56.0
1101,25.0,56.0
1102,25.0,57.0
1103,25.0,57.0
1104,25.0,57.0
1105,25.0,57.0
1106,25.0,57.0
1107,25.0,58.0
1108,25.0,59.0
1109,25.0,59.0
1110,25.0,59.0
1111,25.0,59.0
1112,25.0,60.0
1113,25.0,60.0
1114,25.0,60.0
1115,25.0,60.0
1116,25.0,60.0
1117,25.0,60.0
1118,25.0,60.0
1119,25.0,61.0
1120,25.0,61.0
1121,25.0,61.0
1122,25.0,60.0
1123,25.0,60.0
1124,25.0,59.0
1125,25.0,59.0
1126,25.0,58.0
1127,25.0,58.0
1128,25.0,58.0
1129,25.0,59.0
1130,25.0,58.0
1131,25.0,58.0
1132,25.0,55.0
1133,25.0,55.0
1134,25.0,55.0
1135,25.0,55.0
1136,25.0,54.0
1137,25.0,54.0
1138,25.0,54.0
1139,25.0,54.0
1140,25.0,54.0
1141,25.0,54.0
1142,25.0,54.0
1143,25.0,55.0
1144,25.0,55.0
1145,25.0,55.0
1146,25.0,55.0
1147,25.0,54.0
1148,25.0,54.0
1149,25.0,53.0
1150,25.0,52.0
1151,25.0,52.0
1152,25.0,52.0
1153,25.0,53.0
1154,25.0,53.0
1155,25.0,53.0
1156,25.0,57.0
1157,25.0,58.0
1158,25.0,58.0
1159,25.0,58.0
1160,25.0,58.0
1161,25.0,58.0
1162,25.0,59.0
1163,25.0,59.0
1164,25.0,58.0
1165,25.0,58.0
1166,25.0,59.0
1167,25.0,59.0
1168,25.0,59.0
1169,25.0,60.0
1170,25.0,61.0
1171,25.0,60.0
1172,25.0,60.0
1173,25.0,60.0
1174,25.0,60.0
1175,25.0,58.0
1176,25.0,57.0
1177,25.0,57.0
1178,25.0,57.0
1179,25.0,57.0
1180,25.0,43.0
1181,25.0,45.0
1182,25.0,44.0
1183,25.0,43.0
1184,25.0,43.0
1185,25.0,43.0
1186,25.0,44.0
1187,25.0,46.0
1188,25.0,47.0
1189,25.0,48.0
1190,25.0,47.0
1191,25.0,48.0
1192,25.0,49.0
1193,25.0,48.0
1194,25.0,49.0
1195,25.0,47.0
1196,25.0,45.0
1197,25.0,44.0
1198,25.0,46.0
1199,25.0,46.0
1200,25.0,46.0
1201,25.0,44.0
1202,25.0,45.0
1203,25.0,47.0
1204,25.0,53.0
1205,25.0,53.0
1206,25.0,53.0
1207,25.0,53.0
1208,25.0,54.0
1209,25.0,54.0
1210,25.0,54.0
1211,25.0,54.0
1212,25.0,54.0
1213,25.0,53.0
1214,25.0,53.0
1215,25.0,54.0
1216,25.0,54.0
1217,25.0,54.0
1218,25.0,54.0
1219,25.0,54.0
1220,25.0,55.0
1221,25.0,54.0
1222,25.0,54.0
1223,25.0,54.0
1224,25.0,55.0
1225,25.0,55.0
1226,25.0,55.0
1227,25.0,55.0
1228,25.0,59.0
1229,25.0,60.0
1230,25.0,62.0
1231,25.0,63.0
1232,25.0,63.0
1233,25.0,64.0
1234,25.0,65.0
1235,25.0,65.0
1236,25.0,65.0
1237,25.0,66.0
1238,25.0,68.0
1239,25.0,66.99999999999999
1240,25.0,66.99999999999999
1241,25.0,68.0
1242,25.0,66.99999999999999
1243,25.0,66.99999999999999
1244,25.0,66.99999999999999
1245,25.0,66.0
1246,25.0,66.99999999999999
1247,25.0,66.0
1248,25.0,66.0
1249,25.0,66.0
1250,25.0,65.0
1251,25.0,65.0
1252,25.0,54.0
1253,25.0,53.0
1254,25.0,52.0
1255,25.0,51.0
1256,25.0,49.0
1257,25.0,48.0
1258,25.0,48.0
1259,25.0,52.0
1260,25.0,54.0
1261,25.0,54.0
1262,25.0,55.0
1263,25.0,55.0
1264,25.0,56.0
1265,25.0,57.0
1266,25.0,57.0
1267,25.0,58.0
1268,25.0,59.0
1269,25.0,59.0
1270,25.0,60.0
1271,25.0,60.0
1272,25.0,61.0
1273,25.0,61.0
1274,25.0,61.0
1275,25.0,61.0
1276,25.0,77.00000000000001
1277,25.0,77.00000000000001
1278,25.0,76.0
1279,25.0,74.0
1280,25.0,74.0
1281,25.0,73.00000000000001
1282,25.0,72.0
1283,25.0,72.0
1284,25.0,72.0
1285,25.0,70.99999999999999
1286,25.0,70.0
1287,25.0,70.0
1288,25.0,69.00000000000001
1289,25.0,69.00000000000001
1290,25.0,69.00000000000001
1291,25.0,69.00000000000001
1292,25.0,69.00000000000001
1293,25.0,68.0
1294,25.0,68.0
1295,25.0,61.0
1296,25.0,57.0
1297,25.0,56.0
1298,25.0,55.0
1299,25.0,54.0
1300,25.0,57.0
1301,25.0,57.0
1302,25.0,58.0
1303,25.0,58.0
1304,25.0,59.0
1305,25.0,59.0
1306,25.0,59.0
1307,25.0,59.0
1308,25.0,59.0
1309,25.0,60.0
1310,25.0,61.0
1311,25.0,59.0
1312,25.0,59.0
1313,25.0,59.0
1314,25.0,58.0
1315,25.0,59.0
1316,25.0,59.0
1317,25.0,59.0
1318,25.0,59.0
1319,25.0,60.0
1320,25.0,60.0
1321,25.0,60.0
1322,25.0,60.0
1323,25.0,61.0
1324,25.0,81.00000000000001
1325,25.0,81.00000000000001
1326,25.0,80.0
1327,25.0,80.0
1328,25.0,78.99999999999999
1329,25.0,78.99999999999999
1330,25.0,81.00000000000001
1331,25.0,82.0
1332,25.0,82.0
1333,25.0,82.0
1334,25.0,82.0
1335,25.0,82.99999999999999
1336,25.0,82.0
1337,25.0,82.99999999999999
1338,25.0,82.0
1339,25.0,82.0
1340,25.0,81.00000000000001
1341,25.0,80.0
1342,25.0,78.99999999999999
1343,25.0,77.00000000000001
1344,25.0,76.0
1345,25.0,74.99999999999999
1346,25.0,74.99999999999999
1347,25.0,73.00000000000001
1348,25.0,73.00000000000001
1349,25.0,74.99999999999999
1350,25.0,76.0
1351,25.0,76.0
1352,25.0,76.0
1353,25.0,76.0
1354,25.0,76.0
1355,25.0,77.00000000000001
1356,25.0,77.00000000000001
1357,25.0,78.0
1358,25.0,80.0
1359,25.0,81.00000000000001
1360,25.0,82.0
1361,25.0,82.99999999999999
1362,25.0,84.0
1363,25.0,86.0
1364,25.0,86.99999999999999
1365,25.0,89.00000000000001
1366,25.0,89.00000000000001
1367,25.0,89.00000000000001
1368,25.0,89.00000000000001
1369,25.0,88.0
1370,25.0,86.99999999999999
1371,25.0,86.0
1372,25.0,74.0
1373,25.0,73.00000000000001
1374,25.0,72.0
1375,25.0,70.99999999999999
1376,25.0,70.0
1377,25.0,69.00000000000001
1378,25.0,68.0
1379,25.0,66.99999999999999
1380,25.0,65.0
1381,25.0,65.0
1382,25.0,64.0
1383,25.0,62.0
1384,25.0,63.0
1385,25.0,63.0
1386,25.0,62.0
1387,25.0,62.0
1388,25.0,61.0
1389,25.0,61.0
1390,25.0,59.0
1391,25.0,59.0
1392,25.0,59.0
1393,25.0,58.0
1394,25.0,57.0
1395,25.0,57.0
1396,25.0,60.0
1397,25.0,59.0
1398,25.0,58.0
1399,25.0,60.0
1400,25.0,63.0
1401,25.0,65.0
1402,25.0,65.0
1403,25.0,65.0
1404,25.0,66.0
1405,25.0,66.99999999999999
1406,25.0,66.99999999999999
1407,25.0,66.99999999999999
1408,25.0,66.99999999999999
1409,25.0,66.99999999999999
1410,25.0,66.99999999999999
1411,25.0,66.99999999999999
1412,25.0,66.99999999999999
1413,25.0,68.0
1414,25.0,69.00000000000001
1415,25.0,70.0
1416,25.0,70.0
1417,25.0,72.0
1418,25.0,70.99999999999999
1419,25.0,73.00000000000001
1420,25.0,68.0
1421,25.0,68.0
1422,25.0,68.0
1423,25.0,68.0
1424,25.0,68.0
1425,25.0,66.99999999999999
1426,25.0,66.99999999999999
1427,25.0,66.99999999999999
1428,25.0,68.0
1429,25.0,70.0
1430,25.0,69.00000000000001
1431,25.0,69.00000000000001
1432,25.0,70.0
1433,25.0,70.0
1434,25.0,70.0
1435,25.0,70.99999999999999
1436,25.0,70.99999999999999
1437,25.0,70.0
1438,25.0,70.0
1439,25.0,70.0
1440,25.0,68.0
1441,25.0,68.0
1442,25.0,69.00000000000001
1443,25.0,70.0
1444,25.0,70.99999999999999
1445,25.0,70.99999999999999
1446,25.0,72.0
1447,25.0,72.0
1448,25.0,72.0
1449,25.0,73.00000000000001
1450,25.0,73.00000000000001
1451,25.0,73.00000000000001
1452,25.0,70.99999999999999
1453,25.0,70.99999999999999
1454,25.0,70.99999999999999
1455,25.0,70.99999999999999
1456,25.0,70.0
1457,25.0,70.0
1458,25.0,69.00000000000001
1459,25.0,68.0
1460,25.0,66.99999999999999
1461,25.0,66.0
1462,25.0,66.0
1463,25.0,66.0
1464,25.0,66.99999999999999
1465,25.0,66.99999999999999
1466,25.0,66.0
1467,25.0,66.0
1468,25.0,66.0
1469,25.0,65.0
1470,25.0,65.0
1471,25.0,64.0
1472,25.0,64.0
1473,25.0,63.0
1474,25.0,63.0
1475,25.0,63.0
1476,25.0,63.0
1477,25.0,64.0
1478,25.0,64.0
1479,25.0,64.0
1480,25.0,64.0
1481,25.0,65.0
1482,25.0,64.0
1483,25.0,64.0
1484,25.0,65.0
1485,25.0,66.0
1486,25.0,66.0
1487,25.0,66.99999999999999
1488,25.0,66.99999999999999
1489,25.0,68.0
1490,25.0,69.00000000000001
1491,25.0,70.0
1492,25.0,70.99999999999999
1493,25.0,72.0
1494,25.0,73.00000000000001
1495,25.0,74.0
1496,25.0,74.99999999999999
1497,25.0,76.0
1498,25.0,76.0
1499,25.0,77.00000000000001
1500,25.0,77.00000000000001
1501,25.0,77.00000000000001
1502,25.0,77.00000000000001
1503,25.0,78.0
1504,25.0,78.0
1505,25.0,77.00000000000001
1506,25.0,77.00000000000001
1507,25.0,76.0
1508,25.0,76.0
1509,25.0,74.99999999999999
1510,25.0,74.0
1511,25.0,73.00000000000001
1512,25.0,70.99999999999999
1513,25.0,70.0
1514,25.0,69.00000000000001
1515,25.0,68.0
1516,25.0,66.0
1517,25.0,65.0
1518,25.0,65.0
1519,25.0,64.0
1520,25.0,64.0
1521,25.0,63.0
1522,25.0,62.0
1523,25.0,63.0
1524,25.0,63.0
1525,25.0,62.0
1526,25.0,61.0
1527,25.0,61.0
1528,25.0,61.0
1529,25.0,62.0
1530,25.0,63.0
1531,25.0,63.0
1532,25.0,63.0
1533,25.0,64.0
1534,25.0,65.0
1535,25.0,65.0
1536,25.0,66.0
1537,25.0,66.99999999999999
1538,25.0,66.99999999999999
1539,25.0,68.0
1540,25.0,68.0
1541,25.0,68.0
1542,25.0,68.0
1543,25.0,66.99999999999999
1544,25.0,66.0
1545,25.0,65.0
1546,25.0,65.0
1547,25.0,65.0
1548,25.0,63.0
1549,25.0,63.0
1550,25.0,63.0
1551,25.0,63.0
1552,25.0,64.0
1553,25.0,64.0
1554,25.0,64.0
1555,25.0,64.0
1556,25.0,64.0
1557,25.0,63.0
1558,25.0,62.0
1559,25.0,61.0
1560,25.0,61.0
1561,25.0,60.0
1562,25.0,59.0
1563,25.0,59.0
1564,25.0,59.0
1565,25.0,59.0
1566,25.0,58.0
1567,25.0,58.0
1568,25.0,58.0
1569,25.0,58.0
1570,25.0,58.0
1571,25.0,59.0
1572,25.0,61.0
1573,25.0,63.0
1574,25.0,64.0
1575,25.0,63.0
1576,25.0,62.0
1577,25.0,61.0
1578,25.0,60.0
1579,25.0,60.0
1580,25.0,60.0
1581,25.0,60.0
1582,25.0,60.0
1583,25.0,60.0
1584,25.0,60.0
1585,25.0,60.0
1586,25.0,59.0
1587,25.0,59.0
1588,25.0,58.0
1589,25.0,58.0
1590,25.0,58.0
1591,25.0,58.0
1592,25.0,58.0
1593,25.0,60.0
1594,25.0,61.0
1595,25.0,60.0
1596,25.0,59.0
1597,25.0,56.0
1598,25.0,55.0
1599,25.0,55.0
1600,25.0,55.0
1601,25.0,56.0
1602,25.0,56.0
1603,25.0,56.0
1604,25.0,55.0
1605,25.0,56.0
1606,25.0,56.0
1607,25.0,56.0
1608,25.0,56.0
1609,25.0,57.0
1610,25.0,57.0
1611,25.0,57.0
1612,25.0,58.0
1613,25.0,59.0
1614,25.0,60.0
1615,25.0,60.0
1616,25.0,60.0
1617,25.0,58.0
1618,25.0,57.0
1619,25.0,56.0
1620,25.0,55.0
1621,25.0,55.0
1622,25.0,55.0
1623,25.0,54.0
1624,25.0,53.0
1625,25.0,53.0
1626,25.0,53.0
1627,25.0,53.0
1628,25.0,53.0
1629,25.0,52.0
1630,25.0,51.0
1631,25.0,51.0
1632,25.0,51.0
1633,25.0,51.0
1634,25.0,51.0
1635,25.0,53.0
1636,25.0,56.0
1637,25.0,57.0
1638,25.0,58.0
1639,25.0,59.0
1640,25.0,62.0
1641,25.0,64.0
1642,25.0,66.99999999999999
1643,25.0,69.00000000000001
1644,25.0,70.99999999999999
1645,25.0,70.99999999999999
1646,25.0,72.0
1647,25.0,72.0
1648,25.0,73.00000000000001
1649,25.0,73.00000000000001
1650,25.0,74.0
1651,25.0,74.0
1652,25.0,74.0
1653,25.0,74.99999999999999
1654,25.0,74.99999999999999
1655,25.0,76.0
1656,25.0,76.0
1657,25.0,76.0
1658,25.0,76.0
1659,25.0,74.0
1660,25.0,70.99999999999999
1661,25.0,70.99999999999999
1662,25.0,70.0
1663,25.0,69.00000000000001
1664,25.0,66.99999999999999
1665,25.0,66.0
1666,25.0,64.0
1667,25.0,63.0
1668,25.0,63.0
1669,25.0,63.0
1670,25.0,64.0
1671,25.0,64.0
1672,25.0,65.0
1673,25.0,64.0
1674,25.0,64.0
1675,25.0,64.0
1676,25.0,65.0
1677,25.0,64.0
1678,25.0,64.0
1679,25.0,64.0
1680,25.0,64.0
1681,25.0,64.0
1682,25.0,64.0
1683,25.0,64.0
1684,25.0,63.0
1685,25.0,63.0
1686,25.0,62.0
1687,25.0,62.0
1688,25.0,63.0
1689,25.0,63.0
1690,25.0,63.0
1691,25.0,64.0
1692,25.0,66.0
1693,25.0,66.99999999999999
1694,25.0,66.0
1695,25.0,66.0
1696,25.0,66.0
1697,25.0,66.99999999999999
1698,25.0,66.0
1699,25.0,66.99999999999999
1700,25.0,66.99999999999999
1701,25.0,68.0
1702,25.0,68.0
1703,25.0,68.0
1704,25.0,68.0
1705,25.0,69.00000000000001
1706,25.0,69.00000000000001
1707,25.0,69.00000000000001
1708,25.0,70.0
1709,25.0,70.0
1710,25.0,70.99999999999999
1711,25.0,70.99999999999999
1712,25.0,72.0
1713,25.0,73.00000000000001
1714,25.0,74.0
1715,25.0,72.0
1716,25.0,69.00000000000001
1717,25.0,68.0
1718,25.0,68.0
1719,25.0,69.00000000000001
1720,25.0,69.00000000000001
1721,25.0,69.00000000000001
1722,25.0,68.0
1723,25.0,68.0
1724,25.0,66.99999999999999
1725,25.0,66.0
1726,25.0,66.0
1727,25.0,65.0
1728,25.0,66.0
1729,25.0,66.0
1730,25.0,66.99999999999999
1731,25.0,66.99999999999999
1732,25.0,66.99999999999999
1733,25.0,66.99999999999999
1734,25.0,68.0
1735,25.0,66.99999999999999
1736,25.0,66.99999999999999
1737,25.0,66.0
1738,25.0,65.0
1739,25.0,65.0
1740,25.0,66.0
1741,25.0,66.0
1742,25.0,66.0
1743,25.0,66.0
1744,25.0,66.99999999999999
1745,25.0,68.0
1746,25.0,69.00000000000001
1747,25.0,69.00000000000001
1748,25.0,69.00000000000001
1749,25.0,70.0
1750,25.0,70.0
1751,25.0,70.99999999999999
1752,25.0,70.99999999999999
1753,25.0,70.99999999999999
1754,25.0,70.99999999999999
1755,25.0,70.99999999999999
1756,25.0,70.99999999999999
1757,25.0,70.0
1758,25.0,70.99999999999999
1759,25.0,72.0
1760,25.0,70.0
1761,25.0,69.00000000000001
1762,25.0,68.0
1763,25.0,68.0
1764,25.0,66.99999999999999
1765,25.0,66.99999999999999
1766,25.0,66.99999999999999
1767,25.0,66.99999999999999
1768,25.0,66.0
1769,25.0,65.0
1770,25.0,65.0
1771,25.0,64.0
1772,25.0,63.0
1773,25.0,63.0
1774,25.0,63.0
1775,25.0,62.0
1776,25.0,62.0
1777,25.0,61.0
1778,25.0,61.0
1779,25.0,60.0
1780,25.0,60.0
1781,25.0,60.0
1782,25.0,60.0
1783,25.0,59.0
1784,25.0,58.0
1785,25.0,58.0
1786,25.0,59.0
1787,25.0,59.0
1788,25.0,60.0
1789,25.0,61.0
1790,25.0,60.0
1791,25.0,59.0
1792,25.0,59.0
1793,25.0,59.0
1794,25.0,58.0
1795,25.0,58.0
1796,25.0,58.0
1797,25.0,58.0
1798,25.0,59.0
1799,25.0,59.0
1800,25.0,58.0
1801,25.0,58.0
1802,25.0,59.0
1803,25.0,60.0
1804,25.0,61.0
1805,25.0,62.0
1806,25.0,62.0
1807,25.0,62.0
1808,25.0,62.0
1809,25.0,62.0
1810,25.0,62.0
1811,25.0,63.0
1812,25.0,63.0
1813,25.0,62.0
1814,25.0,62.0
1815,25.0,62.0
1816,25.0,63.0
1817,25.0,63.0
1818,25.0,64.0
1819,25.0,65.0
1820,25.0,65.0
1821,25.0,65.0
1822,25.0,66.0
1823,25.0,66.0
1824,25.0,66.0
1825,25.0,66.0
1826,25.0,66.0
1827,25.0,65.0
1828,25.0,65.0
1829,25.0,64.0
1830,25.0,64.0
1831,25.0,65.0
1832,25.0,66.99999999999999
1833,25.0,68.0
1834,25.0,69.00000000000001
1835,25.0,69.00000000000001
1836,25.0,70.99999999999999
1837,25.0,73.00000000000001
1838,25.0,74.0
1839,25.0,74.99999999999999
1840,25.0,74.99999999999999
1841,25.0,74.99999999999999
1842,25.0,74.99999999999999
1843,25.0,74.99999999999999
1844,25.0,76.0
1845,25.0,74.0
1846,25.0,74.0
1847,25.0,74.0
1848,25.0,73.00000000000001
1849,25.0,74.0
1850,25.0,74.0
1851,25.0,74.0
1852,25.0,74.0
1853,25.0,74.0
1854,25.0,74.0
1855,25.0,74.0
1856,25.0,72.0
1857,25.0,70.99999999999999
1858,25.0,70.0
1859,25.0,70.0
1860,25.0,68.0
1861,25.0,66.99999999999999
1862,25.0,66.0
1863,25.0,66.0
1864,25.0,65.0
1865,25.0,65.0
1866,25.0,65.0
1867,25.0,65.0
1868,25.0,64.0
1869,25.0,65.0
1870,25.0,65.0
1871,25.0,66.0
1872,25.0,66.99999999999999
1873,25.0,66.99999999999999
1874,25.0,66.99999999999999
1875,25.0,66.99999999999999
1876,25.0,54.0
1877,25.0,54.0
1878,25.0,55.0
1879,25.0,55.0
1880,25.0,55.0
1881,25.0,56.0
1882,25.0,56.0
1883,25.0,55.0
1884,25.0,55.0
1885,25.0,55.0
1886,25.0,55.0
1887,25.0,55.0
1888,25.0,55.0
1889,25.0,56.0
1890,25.0,56.0
1891,25.0,56.0
1892,25.0,56.0
1893,25.0,56.0
1894,25.0,56.0
1895,25.0,56.0
1896,25.0,56.0
1897,25.0,56.0
1898,25.0,55.0
1899,25.0,55.0
1900,25.0,57.0
1901,25.0,57.0
1902,25.0,58.0
1903,25.0,57.0
1904,25.0,57.0
1905,25.0,57.0
1906,25.0,56.0
1907,25.0,56.0
1908,25.0,55.0
1909,25.0,54.0
1910,25.0,53.0
1911,25.0,53.0
1912,25.0,52.0
1913,25.0,49.0
1914,25.0,44.0
1915,25.0,46.0
1916,25.0,44.0
1917,25.0,42.0
1918,25.0,42.0
1919,25.0,41.0
1920,25.0,42.0
1921,25.0,44.0
1922,25.0,44.0
1923,25.0,44.0
1924,25.0,46.0
1925,25.0,45.0
1926,25.0,47.0
1927,25.0,48.0
1928,25.0,51.0
1929,25.0,51.0
1930,25.0,49.0
1931,25.0,49.0
1932,25.0,49.0
1933,25.0,49.0
1934,25.0,49.0
1935,25.0,52.0
1936,25.0,53.0
1937,25.0,53.0
1938,25.0,55.0
1939,25.0,56.0
1940,25.0,58.0
1941,25.0,58.0
1942,25.0,59.0
1943,25.0,59.0
1944,25.0,60.0
1945,25.0,61.0
1946,25.0,62.0
1947,25.0,63.0
1948,25.0,56.0
1949,25.0,55.0
1950,25.0,55.0
1951,25.0,56.0
1952,25.0,56.0
1953,25.0,56.0
1954,25.0,57.0
1955,25.0,57.0
1956,25.0,58.0
1957,25.0,58.0
1958,25.0,58.0
1959,25.0,58.0
1960,25.0,58.0
1961,25.0,58.0
1962,25.0,58.0
1963,25.0,59.0
1964,25.0,58.0
1965,25.0,59.0
1966,25.0,59.0
1967,25.0,59.0
1968,25.0,60.0
1969,25.0,59.0
1970,25.0,59.0
1971,25.0,60.0
1972,25.0,66.0
1973,25.0,66.0
1974,25.0,68.0
1975,25.0,68.0
1976,25.0,68.0
1977,25.0,68.0
1978,25.0,66.99999999999999
1979,25.0,68.0
1980,25.0,68.0
1981,25.0,68.0
1982,25.0,66.99999999999999
1983,25.0,66.99999999999999
1984,25.0,66.99999999999999
1985,25.0,66.99999999999999
1986,25.0,66.99999999999999
1987,25.0,66.0
1988,25.0,66.0
1989,25.0,66.0
1990,25.0,66.0
1991,25.0,66.0
1992,25.0,66.0
1993,25.0,65.0
1994,25.0,65.0
1995,25.0,65.0
1996,25.0,62.0
1997,25.0,62.0
1998,25.0,62.0
1999,25.0,62.0
2000,25.0,62.0
2001,25.0,63.0
2002,25.0,63.0
2003,25.0,63.0
2004,25.0,62.0
2005,25.0,61.0
2006,25.0,60.0
2007,25.0,60.0
2008,25.0,59.0
2009,25.0,59.0
2010,25.0,59.0
2011,25.0,58.0
2012,25.0,58.0
2013,25.0,58.0
2014,25.0,58.0
2015,25.0,58.0
2016,25.0,57.0
2017,25.0,57.0
2018,25.0,56.0
2019,25.0,56.0
2020,25.0,54.0
2021,25.0,54.0
2022,25.0,55.0
2023,25.0,55.0
2024,25.0,55.0
2025,25.0,55.0
2026,25.0,56.0
2027,25.0,55.0
2028,25.0,55.0
2029,25.0,56.0
2030,25.0,57.0
2031,25.0,57.0
2032,25.0,57.0
2033,25.0,57.0
2034,25.0,57.0
2035,25.0,57.0
2036,25.0,56.0
2037,25.0,58.0
2038,25.0,59.0
2039,25.0,60.0
2040,25.0,62.0
2041,25.0,62.0
2042,25.0,63.0
2043,25.0,64.0
2044,25.0,63.0
2045,25.0,66.0
2046,25.0,68.0
2047,25.0,68.0
2048,25.0,69.00000000000001
2049,25.0,69.00000000000001
2050,25.0,68.0
2051,25.0,68.0
2052,25.0,66.99999999999999
2053,25.0,66.99999999999999
2054,25.0,65.0
2055,25.0,65.0
2056,25.0,65.0
2057,25.0,66.0
2058,25.0,65.0
2059,25.0,66.0
2060,25.0,66.0
2061,25.0,66.0
2062,25.0,66.0
2063,25.0,66.0
2064,25.0,66.0
2065,25.0,66.0
2066,25.0,66.99999999999999
2067,25.0,66.0
2068,25.0,70.0
2069,25.0,68.0
2070,25.0,66.99999999999999
2071,25.0,65.0
2072,25.0,64.0
2073,25.0,63.0
2074,25.0,61.0
2075,25.0,60.0
2076,25.0,59.0
2077,25.0,59.0
2078,25.0,58.0
2079,25.0,57.0
2080,25.0,56.0
2081,25.0,55.0
2082,25.0,54.0
2083,25.0,52.0
2084,25.0,51.0
2085,25.0,49.0
2086,25.0,46.0
2087,25.0,44.0
2088,25.0,42.0
2089,25.0,40.0
2090,25.0,39.0
2091,25.0,39.0
2092,25.0,84.0
2093,25.0,82.99999999999999
2094,25.0,82.99999999999999
2095,25.0,82.0
2096,25.0,81.00000000000001
2097,25.0,81.00000000000001
2098,25.0,82.0
2099,25.0,82.0
2100,25.0,82.99999999999999
2101,25.0,82.99999999999999
2102,25.0,82.99999999999999
2103,25.0,82.99999999999999
2104,25.0,82.99999999999999
2105,25.0,82.99999999999999
2106,25.0,82.99999999999999
2107,25.0,81.00000000000001
2108,25.0,80.0
2109,25.0,78.99999999999999
2110,25.0,78.0
2111,25.0,77.00000000000001
2112,25.0,76.0
2113,25.0,76.0
2114,25.0,76.0
2115,25.0,76.0
2116,25.0,57.0
2117,25.0,57.0
2118,25.0,58.0
2119,25.0,58.0
2120,25.0,59.0
2121,25.0,60.0
2122,25.0,61.0
2123,25.0,62.0
2124,25.0,62.0
2125,25.0,63.0
2126,25.0,63.0
2127,25.0,64.0
2128,25.0,63.0
2129,25.0,64.0
2130,25.0,64.0
2131,25.0,63.0
2132,25.0,63.0
2133,25.0,62.0
2134,25.0,62.0
2135,25.0,62.0
2136,25.0,62.0
2137,25.0,62.0
2138,25.0,62.0
2139,25.0,61.0
2140,25.0,76.0
2141,25.0,74.99999999999999
2142,25.0,74.99999999999999
2143,25.0,72.0
2144,25.0,69.00000000000001
2145,25.0,66.99999999999999
2146,25.0,66.0
2147,25.0,65.0
2148,25.0,65.0
2149,25.0,64.0
2150,25.0,64.0
2151,25.0,64.0
2152,25.0,64.0
2153,25.0,64.0
2154,25.0,64.0
2155,25.0,64.0
2156,25.0,64.0
2157,25.0,64.0
2158,25.0,63.0
2159,25.0,62.0
2160,25.0,61.0
2161,25.0,60.0
2162,25.0,60.0
2163,25.0,58.0
2164,25.0,52.0
2165,25.0,52.0
2166,25.0,51.0
2167,25.0,51.0
2168,25.0,52.0
2169,25.0,53.0
2170,25.0,53.0
2171,25.0,54.0
2172,25.0,54.0
2173,25.0,55.0
2174,25.0,55.0
2175,25.0,56.0
2176,25.0,56.0
2177,25.0,56.0
2178,25.0,56.0
2179,25.0,56.0
2180,25.0,57.0
2181,25.0,58.0
2182,25.0,59.0
2183,25.0,59.0
2184,25.0,60.0
2185,25.0,60.0
2186,25.0,61.0
2187,25.0,62.0
2188,25.0,63.0
2189,25.0,64.0
2190,25.0,64.0
2191,25.0,64.0
2192,25.0,64.0
2193,25.0,63.0
2194,25.0,63.0
2195,25.0,63.0
2196,25.0,62.0
2197,25.0,62.0
2198,25.0,61.0
2199,25.0,62.0
2200,25.0,62.0
2201,25.0,62.0
2202,25.0,62.0
2203,25.0,62.0
2204,25.0,61.0
2205,25.0,61.0
2206,25.0,60.0
2207,25.0,60.0
2208,25.0,60.0
2209,25.0,60.0
2210,25.0,59.0
2211,25.0,59.0
2212,25.0,60.0
2213,25.0,60.0
2214,25.0,61.0
2215,25.0,61.0
2216,25.0,62.0
2217,25.0,64.0
2218,25.0,65.0
2219,25.0,66.0
2220,25.0,66.99999999999999
2221,25.0,68.0
2222,25.0,68.0
2223,25.0,68.0
2224,25.0,68.0
2225,25.0,66.99999999999999
2226,25.0,66.99999999999999
2227,25.0,66.99999999999999
2228,25.0,66.99999999999999
2229,25.0,68.0
2230,25.0,68.0
2231,25.0,68.0
2232,25.0,68.0
2233,25.0,68.0
2234,25.0,66.99999999999999
2235,25.0,66.99999999999999
2236,25.0,66.0
2237,25.0,66.0
2238,25.0,65.0
2239,25.0,66.0
2240,25.0,65.0
2241,25.0,65.0
2242,25.0,65.0
2243,25.0,65.0
2244,25.0,65.0
2245,25.0,64.0
2246,25.0,65.0
2247,25.0,65.0
2248,25.0,66.0
2249,25.0,66.0
2250,25.0,66.99999999999999
2251,25.0,66.99999999999999
2252,25.0,66.99999999999999
2253,25.0,66.99999999999999
2254,25.0,66.99999999999999
2255,25.0,66.99999999999999
2256,25.0,66.99999999999999
2257,25.0,66.99999999999999
2258,25.0,66.99999999999999
2259,25.0,66.99999999999999
2260,25.0,66.99999999999999
2261,25.0,66.99999999999999
2262,25.0,66.99999999999999
2263,25.0,66.99999999999999
2264,25.0,66.99999999999999
2265,25.0,66.99999999999999
2266,25.0,66.99999999999999
2267,25.0,66.99999999999999
2268,25.0,66.99999999999999
2269,25.0,66.99999999999999
2270,25.0,66.99999999999999
2271,25.0,66.99999999999999
2272,25.0,66.0
2273,25.0,66.0
2274,25.0,66.0
2275,25.0,66.0
2276,25.0,65.0
2277,25.0,64.0
2278,25.0,64.0
2279,25.0,63.0
2280,25.0,63.0
2281,25.0,63.0
2282,25.0,63.0
2283,25.0,63.0
2284,25.0,64.0
2285,25.0,64.0
2286,25.0,64.0
2287,25.0,63.0
2288,25.0,64.0
2289,25.0,64.0
2290,25.0,64.0
2291,25.0,63.0
2292,25.0,63.0
2293,25.0,63.0
2294,25.0,63.0
2295,25.0,64.0
2296,25.0,65.0
2297,25.0,65.0
2298,25.0,65.0
2299,25.0,65.0
2300,25.0,66.0
2301,25.0,66.0
2302,25.0,66.99999999999999
2303,25.0,66.0
2304,25.0,66.0
2305,25.0,66.99999999999999
2306,25.0,66.99999999999999
2307,25.0,68.0
2308,25.0,69.00000000000001
2309,25.0,69.00000000000001
2310,25.0,70.99999999999999
2311,25.0,73.00000000000001
2312,25.0,74.0
2313,25.0,74.99999999999999
2314,25.0,76.0
2315,25.0,76.0
2316,25.0,77.00000000000001
2317,25.0,78.0
2318,25.0,78.0
2319,25.0,77.00000000000001
2320,25.0,77.00000000000001
2321,25.0,77.00000000000001
2322,25.0,77.00000000000001
2323,25.0,78.0
2324,25.0,78.0
2325,25.0,78.99999999999999
2326,25.0,78.99999999999999
2327,25.0,80.0
2328,25.0,81.00000000000001
2329,25.0,81.00000000000001
2330,25.0,81.00000000000001
2331,25.0,80.0
2332,25.0,80.0
2333,25.0,80.0
2334,25.0,78.0
2335,25.0,76.0
2336,25.0,74.99999999999999
2337,25.0,74.99999999999999
2338,25.0,74.99999999999999
2339,25.0,74.99999999999999
2340,25.0,76.0
2341,25.0,77.00000000000001
2342,25.0,77.00000000000001
2343,25.0,77.00000000000001
2344,25.0,77.00000000000001
2345,25.0,77.00000000000001
2346,25.0,78.0
2347,25.0,77.00000000000001
2348,25.0,78.0
2349,25.0,78.0
2350,25.0,78.99999999999999
2351,25.0,80.0
2352,25.0,80.0
2353,25.0,82.0
2354,25.0,82.99999999999999
2355,25.0,84.0
2356,25.0,84.0
2357,25.0,84.0
2358,25.0,82.99999999999999
2359,25.0,82.99999999999999
2360,25.0,82.0
2361,25.0,82.0
2362,25.0,81.00000000000001
2363,25.0,80.0
2364,25.0,80.0
2365,25.0,78.0
2366,25.0,78.0
2367,25.0,78.99999999999999
2368,25.0,78.99999999999999
2369,25.0,78.99999999999999
2370,25.0,78.99999999999999
2371,25.0,78.99999999999999
2372,25.0,80.0
2373,25.0,80.0
2374,25.0,80.0
2375,25.0,78.99999999999999
2376,25.0,78.99999999999999
2377,25.0,77.00000000000001
2378,25.0,76.0
2379,25.0,74.99999999999999
2380,25.0,76.0
2381,25.0,76.0
2382,25.0,77.00000000000001
2383,25.0,77.00000000000001
2384,25.0,77.00000000000001
2385,25.0,77.00000000000001
2386,25.0,77.00000000000001
2387,25.0,77.00000000000001
2388,25.0,77.00000000000001
2389,25.0,77.00000000000001
2390,25.0,78.0
2391,25.0,77.00000000000001
2392,25.0,77.00000000000001
2393,25.0,74.99999999999999
2394,25.0,74.99999999999999
2395,25.0,74.99999999999999
2396,25.0,73.00000000000001
2397,25.0,73.00000000000001
2398,25.0,72.0
2399,25.0,73.00000000000001
2400,25.0,72.0
2401,25.0,73.00000000000001
2402,25.0,73.00000000000001
2403,25.0,73.00000000000001
2404,25.0,73.00000000000001
2405,25.0,73.00000000000001
2406,25.0,73.00000000000001
2407,25.0,73.00000000000001
2408,25.0,73.00000000000001
2409,25.0,74.0
2410,25.0,74.0
2411,25.0,74.99999999999999
2412,25.0,74.99999999999999
2413,25.0,74.99999999999999
2414,25.0,74.99999999999999
2415,25.0,74.0
2416,25.0,74.99999999999999
2417,25.0,77.00000000000001
2418,25.0,78.0
2419,25.0,78.99999999999999
2420,25.0,78.99999999999999
2421,25.0,78.99999999999999
2422,25.0,78.0
2423,25.0,78.99999999999999
2424,25.0,78.99999999999999
2425,25.0,78.99999999999999
2426,25.0,78.99999999999999
2427,25.0,78.99999999999999
2428,25.0,78.99999999999999
2429,25.0,78.99999999999999
2430,25.0,78.99999999999999
2431,25.0,78.0
2432,25.0,78.0
2433,25.0,77.00000000000001
2434,25.0,77.00000000000001
2435,25.0,76.0
2436,25.0,76.0
2437,25.0,74.99999999999999
2438,25.0,74.99999999999999
2439,25.0,76.0
2440,25.0,74.99999999999999
2441,25.0,74.0
2442,25.0,74.0
2443,25.0,73.00000000000001
2444,25.0,74.0
2445,25.0,73.00000000000001
2446,25.0,72.0
2447,25.0,70.99999999999999
2448,25.0,70.0
2449,25.0,69.00000000000001
2450,25.0,69.00000000000001
2451,25.0,68.0
2452,25.0,68.0
2453,25.0,68.0
2454,25.0,68.0
2455,25.0,68.0
2456,25.0,69.00000000000001
2457,25.0,69.00000000000001
2458,25.0,69.00000000000001
2459,25.0,69.00000000000001
2460,25.0,69.00000000000001
2461,25.0,69.00000000000001
2462,25.0,69.00000000000001
2463,25.0,69.00000000000001
2464,25.0,69.00000000000001
2465,25.0,66.99999999999999
2466,25.0,65.0
2467,25.0,65.0
2468,25.0,64.0
2469,25.0,63.0
2470,25.0,64.0
2471,25.0,64.0
2472,25.0,64.0
2473,25.0,63.0
2474,25.0,63.0
2475,25.0,64.0
2476,25.0,64.0
2477,25.0,64.0
2478,25.0,65.0
2479,25.0,65.0
2480,25.0,65.0
2481,25.0,65.0
2482,25.0,64.0
2483,25.0,64.0
2484,25.0,63.0
2485,25.0,63.0
2486,25.0,61.0
2487,25.0,60.0
2488,25.0,60.0
2489,25.0,61.0
2490,25.0,62.0
2491,25.0,62.0
2492,25.0,62.0
2493,25.0,62.0
2494,25.0,61.0
2495,25.0,61.0
2496,25.0,61.0
2497,25.0,61.0
2498,25.0,60.0
2499,25.0,58.0
2500,25.0,56.0
2501,25.0,57.0
2502,25.0,56.0
2503,25.0,55.0
2504,25.0,54.0
2505,25.0,54.0
2506,25.0,54.0
2507,25.0,55.0
2508,25.0,56.0
2509,25.0,55.0
2510,25.0,56.0
2511,25.0,56.0
2512,25.0,55.0
2513,25.0,55.0
2514,25.0,54.0
2515,25.0,54.0
2516,25.0,54.0
2517,25.0,54.0
2518,25.0,54.0
2519,25.0,54.0
2520,25.0,54.0
2521,25.0,54.0
2522,25.0,55.0
2523,25.0,55.0
2524,25.0,55.0
2525,25.0,56.0
2526,25.0,56.0
2527,25.0,56.0
2528,25.0,57.0
2529,25.0,57.0
2530,25.0,56.0
2531,25.0,55.0
2532,25.0,54.0
2533,25.0,54.0
2534,25.0,55.0
2535,25.0,55.0
2536,25.0,55.0
2537,25.0,55.0
2538,25.0,55.0
2539,25.0,55.0
2540,25.0,55.0
2541,25.0,55.0
2542,25.0,55.0
2543,25.0,54.0
2544,25.0,54.0
2545,25.0,54.0
2546,25.0,54.0
2547,25.0,54.0
2548,25.0,54.0
2549,25.0,53.0
2550,25.0,52.0
2551,25.0,51.0
2552,25.0,52.0
2553,25.0,54.0
2554,25.0,56.0
2555,25.0,57.0
2556,25.0,58.0
2557,25.0,58.0
2558,25.0,58.0
2559,25.0,58.0
2560,25.0,57.0
2561,25.0,58.0
2562,25.0,57.0
2563,25.0,57.0
2564,25.0,58.0
2565,25.0,58.0
2566,25.0,58.0
2567,25.0,59.0
2568,25.0,59.0
2569,25.0,59.0
2570,25.0,59.0
2571,25.0,60.0
2572,25.0,61.0
2573,25.0,61.0
2574,25.0,62.0
2575,25.0,62.0
2576,25.0,61.0
2577,25.0,61.0
2578,25.0,59.0
2579,25.0,58.0
2580,25.0,57.0
2581,25.0,56.0
2582,25.0,56.0
2583,25.0,56.0
2584,25.0,56.0
2585,25.0,56.0
2586,25.0,56.0
2587,25.0,55.0
2588,25.0,55.0
2589,25.0,55.0
2590,25.0,55.0
2591,25.0,54.0
2592,25.0,55.0
2593,25.0,55.0
2594,25.0,55.0
2595,25.0,54.0
2596,25.0,54.0
2597,25.0,53.0
2598,25.0,52.0
2599,25.0,51.0
2600,25.0,52.0
2601,25.0,52.0
2602,25.0,52.0
2603,25.0,52.0
2604,25.0,52.0
2605,25.0,51.0
2606,25.0,51.0
2607,25.0,52.0
2608,25.0,48.0
2609,25.0,48.0
2610,25.0,50.0
2611,25.0,51.0
2612,25.0,51.0
2613,25.0,51.0
2614,25.0,51.0
2615,25.0,51.0
2616,25.0,50.0
2617,25.0,50.0
2618,25.0,52.0
2619,25.0,52.0
2620,25.0,47.0
2621,25.0,50.0
2622,25.0,51.0
2623,25.0,51.0
2624,25.0,51.0
2625,25.0,52.0
2626,25.0,53.0
2627,25.0,53.0
2628,25.0,54.0
2629,25.0,55.0
2630,25.0,55.0
2631,25.0,56.0
2632,25.0,57.0
2633,25.0,58.0
2634,25.0,59.0
2635,25.0,59.0
2636,25.0,59.0
2637,25.0,60.0
2638,25.0,60.0
2639,25.0,60.0
2640,25.0,60.0
2641,25.0,60.0
2642,25.0,61.0
2643,25.0,61.0
2644,25.0,64.0
2645,25.0,65.0
2646,25.0,65.0
2647,25.0,66.0
2648,25.0,66.0
2649,25.0,66.0
2650,25.0,66.0
2651,25.0,66.0
2652,25.0,66.99999999999999
2653,25.0,66.99999999999999
2654,25.0,66.99999999999999
2655,25.0,66.99999999999999
2656,25.0,66.0
2657,25.0,68.0
2658,25.0,66.0
2659,25.0,66.0
2660,25.0,65.0
2661,25.0,66.0
2662,25.0,66.0
2663,25.0,66.99999999999999
2664,25.0,66.99999999999999
2665,25.0,66.0
2666,25.0,66.0
2667,25.0,66.0
2668,25.0,60.0
2669,25.0,60.0
2670,25.0,61.0
2671,25.0,61.0
2672,25.0,62.0
2673,25.0,62.0
2674,25.0,62.0
2675,25.0,62.0
2676,25.0,63.0
2677,25.0,64.0
2678,25.0,63.0
2679,25.0,63.0
2680,25.0,63.0
2681,25.0,63.0
2682,25.0,63.0
2683,25.0,64.0
2684,25.0,64.0
2685,25.0,63.0
2686,25.0,62.0
2687,25.0,61.0
2688,25.0,61.0
2689,25.0,61.0
2690,25.0,61.0
2691,25.0,61.0
2692,25.0,64.0
2693,25.0,62.0
2694,25.0,59.0
2695,25.0,57.0
2696,25.0,57.0
2697,25.0,56.0
2698,25.0,55.0
2699,25.0,54.0
2700,25.0,52.0
2701,25.0,52.0
2702,25.0,51.0
2703,25.0,51.0
2704,25.0,52.0
2705,25.0,50.0
2706,25.0,49.0
2707,25.0,48.0
2708,25.0,46.0
2709,25.0,47.0
2710,25.0,46.0
2711,25.0,45.0
2712,25.0,45.0
2713,25.0,43.0
2714,25.0,42.0
2715,25.0,39.0
2716,25.0,55.0
2717,25.0,56.0
2718,25.0,62.0
2719,25.0,68.0
2720,25.0,73.00000000000001
2721,25.0,74.0
2722,25.0,74.99999999999999
2723,25.0,74.99999999999999
2724,25.0,74.99999999999999
2725,25.0,76.0
2726,25.0,76.0
2727,25.0,77.00000000000001
2728,25.0,77.00000000000001
2729,25.0,77.00000000000001
2730,25.0,78.0
2731,25.0,78.0
2732,25.0,78.99999999999999
2733,25.0,78.99999999999999
2734,25.0,80.0
2735,25.0,84.0
2736,25.0,86.0
2737,25.0,86.99999999999999
2738,25.0,88.0
2739,25.0,92.0
2740,25.0,63.0
2741,25.0,63.0
2742,25.0,64.0
2743,25.0,64.0
2744,25.0,64.0
2745,25.0,64.0
2746,25.0,64.0
2747,25.0,65.0
2748,25.0,65.0
2749,25.0,65.0
2750,25.0,65.0
2751,25.0,65.0
2752,25.0,65.0
2753,25.0,65.0
2754,25.0,65.0
2755,25.0,65.0
2756,25.0,65.0
2757,25.0,63.0
2758,25.0,62.0
2759,25.0,60.0
2760,25.0,59.0
2761,25.0,58.0
2762,25.0,57.0
2763,25.0,57.0
2764,25.0,65.0
2765,25.0,63.0
2766,25.0,61.0
2767,25.0,60.0
2768,25.0,59.0
2769,25.0,60.0
2770,25.0,61.0
2771,25.0,62.0
2772,25.0,63.0
2773,25.0,63.0
2774,25.0,64.0
2775,25.0,65.0
2776,25.0,66.0
2777,25.0,66.0
2778,25.0,66.99999999999999
2779,25.0,66.99999999999999
2780,25.0,66.99999999999999
2781,25.0,66.99999999999999
2782,25.0,66.99999999999999
2783,25.0,68.0
2784,25.0,68.0
2785,25.0,68.0
2786,25.0,69.00000000000001
2787,25.0,70.99999999999999
2788,25.0,42.0
2789,25.0,41.0
2790,25.0,42.0
2791,25.0,44.0
2792,25.0,45.0
2793,25.0,49.0
2794,25.0,49.0
2795,25.0,51.0
2796,25.0,52.0
2797,25.0,52.0
2798,25.0,53.0
2799,25.0,54.0
2800,25.0,55.0
2801,25.0,55.0
2802,25.0,56.0
2803,25.0,57.0
2804,25.0,59.0
2805,25.0,60.0
2806,25.0,62.0
2807,25.0,63.0
2808,25.0,63.0
2809,25.0,64.0
2810,25.0,65.0
2811,25.0,66.0
2812,25.0,74.99999999999999
2813,25.0,74.99999999999999
2814,25.0,74.0
2815,25.0,74.0
2816,25.0,73.00000000000001
2817,25.0,73.00000000000001
2818,25.0,73.00000000000001
2819,25.0,73.00000000000001
2820,25.0,73.00000000000001
2821,25.0,74.0
2822,25.0,74.0
2823,25.0,74.0
2824,25.0,74.99999999999999
2825,25.0,76.0
2826,25.0,77.00000000000001
2827,25.0,78.99999999999999
2828,25.0,80.0
2829,25.0,81.00000000000001
2830,25.0,82.99999999999999
2831,25.0,84.0
2832,25.0,85.00000000000001
2833,25.0,86.99999999999999
2834,25.0,88.0
2835,25.0,89.00000000000001
2836,25.0,61.0
2837,25.0,60.0
2838,25.0,60.0
2839,25.0,59.0
2840,25.0,58.0
2841,25.0,58.0
2842,25.0,57.0
2843,25.0,56.0
2844,25.0,56.0
2845,25.0,56.0
2846,25.0,56.0
2847,25.0,56.0
2848,25.0,55.0
2849,25.0,54.0
2850,25.0,54.0
2851,25.0,54.0
2852,25.0,53.0
2853,25.0,53.0
2854,25.0,53.0
2855,25.0,53.0
2856,25.0,52.0
2857,25.0,52.0
2858,25.0,53.0
2859,25.0,54.0
2860,25.0,54.0
2861,25.0,54.0
2862,25.0,54.0
2863,25.0,54.0
2864,25.0,55.0
2865,25.0,55.0
2866,25.0,55.0
2867,25.0,56.0
2868,25.0,56.0
2869,25.0,57.0
2870,25.0,57.0
2871,25.0,58.0
2872,25.0,58.0
2873,25.0,58.0
2874,25.0,58.0
2875,25.0,59.0
2876,25.0,58.0
2877,25.0,58.0
2878,25.0,57.0
2879,25.0,58.0
2880,25.0,58.0
2881,25.0,57.0
2882,25.0,57.0
2883,25.0,57.0
2884,25.0,51.0
2885,25.0,52.0
2886,25.0,53.0
2887,25.0,53.0
2888,25.0,54.0
2889,25.0,54.0
2890,25.0,55.0
2891,25.0,55.0
2892,25.0,56.0
2893,25.0,56.0
2894,25.0,56.0
2895,25.0,55.0
2896,25.0,55.0
2897,25.0,56.0
2898,25.0,57.0
2899,25.0,57.0
2900,25.0,57.0
2901,25.0,57.0
2902,25.0,57.0
2903,25.0,58.0
2904,25.0,58.0
2905,25.0,59.0
2906,25.0,59.0
2907,25.0,59.0
2908,25.0,60.0
2909,25.0,62.0
2910,25.0,64.0
2911,25.0,64.0
2912,25.0,64.0
2913,25.0,65.0
2914,25.0,66.0
2915,25.0,65.0
2916,25.0,64.0
2917,25.0,64.0
2918,25.0,64.0
2919,25.0,65.0
2920,25.0,65.0
2921,25.0,65.0
2922,25.0,64.0
2923,25.0,64.0
2924,25.0,64.0
2925,25.0,63.0
2926,25.0,62.0
2927,25.0,62.0
2928,25.0,61.0
2929,25.0,61.0
2930,25.0,61.0
2931,25.0,60.0
2932,25.0,60.0
2933,25.0,59.0
2934,25.0,57.0
2935,25.0,57.0
2936,25.0,56.0
2937,25.0,55.0
2938,25.0,54.0
2939,25.0,55.0
2940,25.0,56.0
2941,25.0,56.0
2942,25.0,56.0
2943,25.0,56.0
2944,25.0,56.0
2945,25.0,55.0
2946,25.0,55.0
2947,25.0,55.0
2948,25.0,55.0
2949,25.0,56.0
2950,25.0,56.0
2951,25.0,56.0
2952,25.0,56.0
2953,25.0,55.0
2954,25.0,55.0
2955,25.0,55.0
2956,25.0,55.0
2957,25.0,55.0
2958,25.0,54.0
2959,25.0,55.0
2960,25.0,55.0
2961,25.0,55.0
2962,25.0,55.0
2963,25.0,55.0
2964,25.0,57.0
2965,25.0,60.0
2966,25.0,62.0
2967,25.0,63.0
2968,25.0,63.0
2969,25.0,62.0
2970,25.0,63.0
2971,25.0,64.0
2972,25.0,64.0
2973,25.0,64.0
2974,25.0,65.0
2975,25.0,65.0
2976,25.0,65.0
2977,25.0,65.0
2978,25.0,66.0
2979,25.0,66.99999999999999
2980,25.0,66.99999999999999
2981,25.0,66.99999999999999
2982,25.0,69.00000000000001
2983,25.0,69.00000000000001
2984,25.0,69.00000000000001
2985,25.0,69.00000000000001
2986,25.0,68.0
2987,25.0,69.00000000000001
2988,25.0,68.0
2989,25.0,64.0
2990,25.0,63.0
2991,25.0,62.0
2992,25.0,63.0
2993,25.0,64.0
2994,25.0,64.0
2995,25.0,64.0
2996,25.0,64.0
2997,25.0,63.0
2998,25.0,63.0
2999,25.0,63.0
3000,25.0,64.0
3001,25.0,64.0
3002,25.0,64.0
3003,25.0,65.0
3004,25.0,65.0
3005,25.0,65.0
3006,25.0,65.0
3007,25.0,65.0
3008,25.0,65.0
3009,25.0,64.0
3010,25.0,64.0
3011,25.0,63.0
3012,25.0,62.0
3013,25.0,61.0
3014,25.0,60.0
3015,25.0,60.0
3016,25.0,59.0
3017,25.0,58.0
3018,25.0,57.0
3019,25.0,56.0
3020,25.0,56.0
3021,25.0,56.0
3022,25.0,55.0
3023,25.0,55.0
3024,25.0,54.0
3025,25.0,53.0
3026,25.0,53.0
3027,25.0,52.0
3028,25.0,52.0
3029,25.0,49.0
3030,25.0,46.0
3031,25.0,45.0
3032,25.0,44.0
3033,25.0,45.0
3034,25.0,45.0
3035,25.0,45.0
3036,25.0,46.0
3037,25.0,46.0
3038,25.0,47.0
3039,25.0,49.0
3040,25.0,50.0
3041,25.0,51.0
3042,25.0,52.0
3043,25.0,53.0
3044,25.0,53.0
3045,25.0,53.0
3046,25.0,53.0
3047,25.0,53.0
3048,25.0,52.0
3049,25.0,52.0
3050,25.0,52.0
3051,25.0,51.0
3052,25.0,49.0
3053,25.0,48.0
3054,25.0,48.0
3055,25.0,45.0
3056,25.0,45.0
3057,25.0,47.0
3058,25.0,47.0
3059,25.0,45.0
3060,25.0,45.0
3061,25.0,44.0
3062,25.0,43.0
3063,25.0,42.0
3064,25.0,41.0
3065,25.0,39.0
3066,25.0,37.0
3067,25.0,35.0
3068,25.0,35.0
3069,25.0,36.0
3070,25.0,36.0
3071,25.0,38.0
3072,25.0,40.0
3073,25.0,41.0
3074,25.0,41.0
3075,25.0,43.0
3076,25.0,45.0
3077,25.0,47.0
3078,25.0,48.0
3079,25.0,49.0
3080,25.0,50.0
3081,25.0,48.0
3082,25.0,50.0
3083,25.0,51.0
3084,25.0,52.0
3085,25.0,53.0
3086,25.0,54.0
3087,25.0,54.0
3088,25.0,54.0
3089,25.0,55.0
3090,25.0,55.0
3091,25.0,55.0
3092,25.0,54.0
3093,25.0,55.0
3094,25.0,55.0
3095,25.0,55.0
3096,25.0,55.0
3097,25.0,55.0
3098,25.0,55.0
3099,25.0,55.0
3100,25.0,55.0
3101,25.0,55.0
3102,25.0,55.0
3103,25.0,56.0
3104,25.0,56.0
3105,25.0,56.0
3106,25.0,57.0
3107,25.0,56.0
3108,25.0,56.0
3109,25.0,56.0
3110,25.0,56.0
3111,25.0,56.0
3112,25.0,55.0
3113,25.0,55.0
3114,25.0,55.0
3115,25.0,55.0
3116,25.0,55.0
3117,25.0,55.0
3118,25.0,55.0
3119,25.0,55.0
3120,25.0,55.0
3121,25.0,55.0
3122,25.0,56.0
3123,25.0,57.0
3124,25.0,58.0
3125,25.0,58.0
3126,25.0,58.0
3127,25.0,58.0
3128,25.0,58.0
3129,25.0,59.0
3130,25.0,59.0
3131,25.0,60.0
3132,25.0,60.0
3133,25.0,60.0
3134,25.0,61.0
3135,25.0,62.0
3136,25.0,62.0
3137,25.0,62.0
3138,25.0,62.0
3139,25.0,62.0
3140,25.0,61.0
3141,25.0,62.0
3142,25.0,62.0
3143,25.0,63.0
3144,25.0,63.0
3145,25.0,64.0
3146,25.0,64.0
3147,25.0,65.0
3148,25.0,65.0
3149,25.0,66.0
3150,25.0,66.0
3151,25.0,65.0
3152,25.0,65.0
3153,25.0,64.0
3154,25.0,64.0
3155,25.0,63.0
3156,25.0,63.0
3157,25.0,63.0
3158,25.0,62.0
3159,25.0,62.0
3160,25.0,63.0
3161,25.0,63.0
3162,25.0,63.0
3163,25.0,63.0
3164,25.0,64.0
3165,25.0,64.0
3166,25.0,63.0
3167,25.0,63.0
3168,25.0,61.0
3169,25.0,60.0
3170,25.0,59.0
3171,25.0,58.0
3172,25.0,57.0
3173,25.0,56.0
3174,25.0,56.0
3175,25.0,56.0
3176,25.0,56.0
3177,25.0,56.0
3178,25.0,56.0
3179,25.0,57.0
3180,25.0,56.0
3181,25.0,56.0
3182,25.0,56.0
3183,25.0,56.0
3184,25.0,56.0
3185,25.0,56.0
3186,25.0,56.0
3187,25.0,57.0
3188,25.0,56.0
3189,25.0,56.0
3190,25.0,56.0
3191,25.0,57.0
3192,25.0,57.0
3193,25.0,57.0
3194,25.0,58.0
3195,25.0,58.0
3196,25.0,58.0
3197,25.0,59.0
3198,25.0,59.0
3199,25.0,60.0
3200,25.0,60.0
3201,25.0,61.0
3202,25.0,61.0
3203,25.0,61.0
3204,25.0,62.0
3205,25.0,62.0
3206,25.0,61.0
3207,25.0,61.0
3208,25.0,61.0
3209,25.0,61.0
3210,25.0,60.0
3211,25.0,60.0
3212,25.0,60.0
3213,25.0,59.0
3214,25.0,60.0
3215,25.0,59.0
3216,25.0,59.0
3217,25.0,59.0
3218,25.0,60.0
3219,25.0,60.0
3220,25.0,61.0
3221,25.0,61.0
3222,25.0,61.0
3223,25.0,61.0
3224,25.0,61.0
3225,25.0,61.0
3226,25.0,61.0
3227,25.0,61.0
3228,25.0,61.0
3229,25.0,61.0
3230,25.0,62.0
3231,25.0,62.0
3232,25.0,62.0
3233,25.0,62.0
3234,25.0,62.0
3235,25.0,63.0
3236,25.0,63.0
3237,25.0,63.0
3238,25.0,64.0
3239,25.0,64.0
3240,25.0,64.0
3241,25.0,63.0
3242,25.0,63.0
3243,25.0,62.0
3244,25.0,61.0
3245,25.0,61.0
3246,25.0,60.0
3247,25.0,61.0
3248,25.0,61.0
3249,25.0,61.0
3250,25.0,62.0
3251,25.0,63.0
3252,25.0,64.0
3253,25.0,64.0
3254,25.0,65.0
3255,25.0,66.0
3256,25.0,66.0
3257,25.0,66.99999999999999
3258,25.0,68.0
3259,25.0,69.00000000000001
3260,25.0,69.00000000000001
3261,25.0,70.0
3262,25.0,70.0
3263,25.0,70.99999999999999
3264,25.0,72.0
3265,25.0,73.00000000000001
3266,25.0,73.00000000000001
3267,25.0,74.0
3268,25.0,74.99999999999999
3269,25.0,76.0
3270,25.0,77.00000000000001
3271,25.0,78.0
3272,25.0,78.99999999999999
3273,25.0,80.0
3274,25.0,80.0
3275,25.0,80.0
3276,25.0,80.0
3277,25.0,81.00000000000001
3278,25.0,81.00000000000001
3279,25.0,81.00000000000001
3280,25.0,81.00000000000001
3281,25.0,80.0
3282,25.0,80.0
3283,25.0,78.99999999999999
3284,25.0,78.99999999999999
3285,25.0,78.99999999999999
3286,25.0,78.99999999999999
3287,25.0,78.99999999999999
3288,25.0,78.99999999999999
3289,25.0,78.99999999999999
3290,25.0,78.99999999999999
3291,25.0,78.99999999999999
3292,25.0,80.0
3293,25.0,80.0
3294,25.0,80.0
3295,25.0,78.99999999999999
3296,25.0,78.0
3297,25.0,77.00000000000001
3298,25.0,77.00000000000001
3299,25.0,76.0
3300,25.0,74.99999999999999
3301,25.0,74.0
3302,25.0,73.00000000000001
3303,25.0,73.00000000000001
3304,25.0,72.0
3305,25.0,73.00000000000001
3306,25.0,73.00000000000001
3307,25.0,73.00000000000001
3308,25.0,73.00000000000001
3309,25.0,73.00000000000001
3310,25.0,72.0
3311,25.0,72.0
3312,25.0,70.99999999999999
3313,25.0,70.99999999999999
3314,25.0,70.0
3315,25.0,70.0
3316,25.0,68.0
3317,25.0,66.0
3318,25.0,65.0
3319,25.0,65.0
3320,25.0,64.0
3321,25.0,63.0
3322,25.0,62.0
3323,25.0,61.0
3324,25.0,61.0
3325,25.0,60.0
3326,25.0,60.0
3327,25.0,60.0
3328,25.0,59.0
3329,25.0,59.0
3330,25.0,60.0
3331,25.0,60.0
3332,25.0,59.0
3333,25.0,59.0
3334,25.0,60.0
3335,25.0,59.0
3336,25.0,59.0
3337,25.0,59.0
3338,25.0,59.0
3339,25.0,58.0
3340,25.0,53.0
3341,25.0,54.0
3342,25.0,54.0
3343,25.0,55.0
3344,25.0,55.0
3345,25.0,55.0
3346,25.0,55.0
3347,25.0,55.0
3348,25.0,56.0
3349,25.0,56.0
3350,25.0,57.0
3351,25.0,57.0
3352,25.0,58.0
3353,25.0,58.0
3354,25.0,58.0
3355,25.0,57.0
3356,25.0,57.0
3357,25.0,57.0
3358,25.0,58.0
3359,25.0,57.0
3360,25.0,57.0
3361,25.0,57.0
3362,25.0,57.0
3363,25.0,57.0
3364,25.0,60.0
3365,25.0,59.0
3366,25.0,59.0
3367,25.0,60.0
3368,25.0,60.0
3369,25.0,59.0
3370,25.0,59.0
3371,25.0,59.0
3372,25.0,60.0
3373,25.0,60.0
3374,25.0,60.0
3375,25.0,62.0
3376,25.0,61.0
3377,25.0,61.0
3378,25.0,60.0
3379,25.0,60.0
3380,25.0,60.0
3381,25.0,61.0
3382,25.0,61.0
3383,25.0,61.0
3384,25.0,61.0
3385,25.0,61.0
3386,25.0,60.0
3387,25.0,60.0
3388,25.0,66.0
3389,25.0,66.0
3390,25.0,66.0
3391,25.0,66.0
3392,25.0,66.0
3393,25.0,66.0
3394,25.0,66.0
3395,25.0,66.99999999999999
3396,25.0,66.99999999999999
3397,25.0,66.0
3398,25.0,66.0
3399,25.0,65.0
3400,25.0,64.0
3401,25.0,62.0
3402,25.0,63.0
3403,25.0,62.0
3404,25.0,61.0
3405,25.0,60.0
3406,25.0,59.0
3407,25.0,59.0
3408,25.0,59.0
3409,25.0,59.0
3410,25.0,60.0
3411,25.0,60.0
3412,25.0,61.0
3413,25.0,60.0
3414,25.0,60.0
3415,25.0,59.0
3416,25.0,58.0
3417,25.0,57.0
3418,25.0,57.0
3419,25.0,57.0
3420,25.0,56.0
3421,25.0,56.0
3422,25.0,56.0
3423,25.0,56.0
3424,25.0,56.0
3425,25.0,55.0
3426,25.0,56.0
3427,25.0,55.0
3428,25.0,55.0
3429,25.0,55.0
3430,25.0,55.0
3431,25.0,56.0
3432,25.0,56.0
3433,25.0,56.0
3434,25.0,57.0
3435,25.0,57.0
3436,25.0,37.0
3437,25.0,39.0
3438,25.0,43.0
3439,25.0,46.0
3440,25.0,46.0
3441,25.0,49.0
3442,25.0,49.0
3443,25.0,51.0
3444,25.0,52.0
3445,25.0,51.0
3446,25.0,49.0
3447,25.0,49.0
3448,25.0,49.0
3449,25.0,52.0
3450,25.0,53.0
3451,25.0,53.0
3452,25.0,53.0
3453,25.0,52.0
3454,25.0,52.0
3455,25.0,52.0
3456,25.0,52.0
3457,25.0,52.0
3458,25.0,52.0
3459,25.0,52.0
3460,25.0,94.99999999999999
3461,25.0,94.99999999999999
3462,25.0,89.00000000000001
3463,25.0,84.0
3464,25.0,78.99999999999999
3465,25.0,77.00000000000001
3466,25.0,76.0
3467,25.0,76.0
3468,25.0,74.99999999999999
3469,25.0,74.99999999999999
3470,25.0,74.99999999999999
3471,25.0,76.0
3472,25.0,76.0
3473,25.0,74.99999999999999
3474,25.0,74.99999999999999
3475,25.0,74.99999999999999
3476,25.0,74.0
3477,25.0,74.0
3478,25.0,74.0
3479,25.0,69.00000000000001
3480,25.0,69.00000000000001
3481,25.0,68.0
3482,25.0,66.99999999999999
3483,25.0,64.0
3484,25.0,57.0
3485,25.0,57.0
3486,25.0,57.0
3487,25.0,57.0
3488,25.0,56.0
3489,25.0,56.0
3490,25.0,56.0
3491,25.0,55.0
3492,25.0,55.0
3493,25.0,54.0
3494,25.0,54.0
3495,25.0,54.0
3496,25.0,53.0
3497,25.0,53.0
3498,25.0,53.0
3499,25.0,53.0
3500,25.0,53.0
3501,25.0,53.0
3502,25.0,54.0
3503,25.0,54.0
3504,25.0,55.0
3505,25.0,55.0
3506,25.0,56.0
3507,25.0,57.0
3508,25.0,73.00000000000001
3509,25.0,74.0
3510,25.0,77.00000000000001
3511,25.0,78.99999999999999
3512,25.0,81.00000000000001
3513,25.0,82.99999999999999
3514,25.0,82.99999999999999
3515,25.0,82.99999999999999
3516,25.0,82.99999999999999
3517,25.0,82.99999999999999
3518,25.0,84.0
3519,25.0,84.0
3520,25.0,82.99999999999999
3521,25.0,82.99999999999999
3522,25.0,82.0
3523,25.0,82.0
3524,25.0,82.0
3525,25.0,82.0
3526,25.0,81.00000000000001
3527,25.0,81.00000000000001
3528,25.0,80.0
3529,25.0,80.0
3530,25.0,78.99999999999999
3531,25.0,77.00000000000001
3532,25.0,66.99999999999999
3533,25.0,69.00000000000001
3534,25.0,70.0
3535,25.0,70.0
3536,25.0,70.99999999999999
3537,25.0,70.99999999999999
3538,25.0,72.0
3539,25.0,73.00000000000001
3540,25.0,74.0
3541,25.0,76.0
3542,25.0,77.00000000000001
3543,25.0,77.00000000000001
3544,25.0,78.0
3545,25.0,78.99999999999999
3546,25.0,80.0
3547,25.0,78.99999999999999
3548,25.0,78.99999999999999
3549,25.0,78.0
3550,25.0,77.00000000000001
3551,25.0,76.0
3552,25.0,76.0
3553,25.0,74.99999999999999
3554,25.0,73.00000000000001
3555,25.0,70.99999999999999
3556,25.0,90.0
3557,25.0,90.99999999999999
3558,25.0,92.0
3559,25.0,93.00000000000001
3560,25.0,94.00000000000001
3561,25.0,94.99999999999999
3562,25.0,96.0
3563,25.0,96.0
3564,25.0,96.0
3565,25.0,97.00000000000001
3566,25.0,98.00000000000001
3567,25.0,98.99999999999999
3568,25.0,98.99999999999999
3569,25.0,98.99999999999999
3570,25.0,98.99999999999999
3571,25.0,98.99999999999999
3572,25.0,98.99999999999999
3573,25.0,100.0
3574,25.0,98.99999999999999
3575,25.0,98.99999999999999
3576,25.0,98.99999999999999
3577,25.0,98.99999999999999
3578,25.0,98.99999999999999
3579,25.0,108.0
3580,25.0,53.0
3581,25.0,52.0
3582,25.0,52.0
3583,25.0,53.0
3584,25.0,54.0
3585,25.0,54.0
3586,25.0,54.0
3587,25.0,55.0
3588,25.0,55.0
3589,25.0,55.0
3590,25.0,55.0
3591,25.0,55.0
3592,25.0,56.0
3593,25.0,56.0
3594,25.0,56.0
3595,25.0,56.0
3596,25.0,56.0
3597,25.0,55.0
3598,25.0,57.0
3599,25.0,58.0
3600,25.0,58.0
3601,25.0,59.0
3602,25.0,59.0
3603,25.0,59.0
3604,25.0,58.0
3605,25.0,57.0
3606,25.0,57.0
3607,25.0,57.0
3608,25.0,57.0
3609,25.0,57.0
3610,25.0,56.0
3611,25.0,56.0
3612,25.0,56.0
3613,25.0,55.0
3614,25.0,55.0
3615,25.0,54.0
3616,25.0,53.0
3617,25.0,52.0
3618,25.0,52.0
3619,25.0,50.0
3620,25.0,49.0
3621,25.0,49.0
3622,25.0,49.0
3623,25.0,49.0
3624,25.0,51.0
3625,25.0,51.0
3626,25.0,49.0
3627,25.0,49.0
3628,25.0,63.0
3629,25.0,63.0
3630,25.0,63.0
3631,25.0,62.0
3632,25.0,62.0
3633,25.0,60.0
3634,25.0,60.0
3635,25.0,59.0
3636,25.0,58.0
3637,25.0,57.0
3638,25.0,57.0
3639,25.0,57.0
3640,25.0,57.0
3641,25.0,57.0
3642,25.0,57.0
3643,25.0,58.0
3644,25.0,57.0
3645,25.0,58.0
3646,25.0,59.0
3647,25.0,59.0
3648,25.0,60.0
3649,25.0,61.0
3650,25.0,62.0
3651,25.0,62.0
3652,25.0,62.0
3653,25.0,63.0
3654,25.0,64.0
3655,25.0,66.0
3656,25.0,68.0
3657,25.0,69.00000000000001
3658,25.0,69.00000000000001
3659,25.0,69.00000000000001
3660,25.0,68.0
3661,25.0,66.99999999999999
3662,25.0,66.99999999999999
3663,25.0,66.99999999999999
3664,25.0,66.0
3665,25.0,65.0
3666,25.0,65.0
3667,25.0,65.0
3668,25.0,65.0
3669,25.0,63.0
3670,25.0,63.0
3671,25.0,62.0
3672,25.0,61.0
3673,25.0,60.0
3674,25.0,58.0
3675,25.0,59.0
3676,25.0,58.0
3677,25.0,57.0
3678,25.0,56.0
3679,25.0,53.0
3680,25.0,48.0
3681,25.0,45.0
3682,25.0,44.0
3683,25.0,44.0
3684,25.0,45.0
3685,25.0,47.0
3686,25.0,48.0
3687,25.0,49.0
3688,25.0,48.0
3689,25.0,49.0
3690,25.0,46.0
3691,25.0,46.0
3692,25.0,47.0
3693,25.0,50.0
3694,25.0,50.0
3695,25.0,52.0
3696,25.0,52.0
3697,25.0,53.0
3698,25.0,53.0
3699,25.0,52.0
3700,25.0,52.0
3701,25.0,53.0
3702,25.0,54.0
3703,25.0,55.0
3704,25.0,57.0
3705,25.0,58.0
3706,25.0,60.0
3707,25.0,61.0
3708,25.0,62.0
3709,25.0,63.0
3710,25.0,64.0
3711,25.0,66.0
3712,25.0,66.99999999999999
3713,25.0,68.0
3714,25.0,69.00000000000001
3715,25.0,70.0
3716,25.0,70.0
3717,25.0,69.00000000000001
3718,25.0,69.00000000000001
3719,25.0,69.00000000000001
3720,25.0,69.00000000000001
3721,25.0,69.00000000000001
3722,25.0,69.00000000000001
3723,25.0,70.0
3724,25.0,70.0
3725,25.0,69.00000000000001
3726,25.0,69.00000000000001
3727,25.0,69.00000000000001
3728,25.0,68.0
3729,25.0,66.0
3730,25.0,66.0
3731,25.0,66.0
3732,25.0,65.0
3733,25.0,63.0
3734,25.0,61.0
3735,25.0,59.0
3736,25.0,57.0
3737,25.0,57.0
3738,25.0,57.0
3739,25.0,56.0
3740,25.0,58.0
3741,25.0,58.0
3742,25.0,58.0
3743,25.0,58.0
3744,25.0,57.0
3745,25.0,56.0
3746,25.0,56.0
3747,25.0,56.0
3748,25.0,55.0
3749,25.0,55.0
3750,25.0,56.0
3751,25.0,57.0
3752,25.0,58.0
3753,25.0,59.0
3754,25.0,59.0
3755,25.0,58.0
3756,25.0,58.0
3757,25.0,60.0
3758,25.0,61.0
3759,25.0,63.0
3760,25.0,63.0
3761,25.0,64.0
3762,25.0,63.0
3763,25.0,63.0
3764,25.0,62.0
3765,25.0,62.0
3766,25.0,62.0
3767,25.0,63.0
3768,25.0,63.0
3769,25.0,64.0
3770,25.0,64.0
3771,25.0,65.0
3772,25.0,65.0
3773,25.0,64.0
3774,25.0,63.0
3775,25.0,63.0
3776,25.0,63.0
3777,25.0,63.0
3778,25.0,64.0
3779,25.0,64.0
3780,25.0,65.0
3781,25.0,65.0
3782,25.0,64.0
3783,25.0,62.0
3784,25.0,62.0
3785,25.0,61.0
3786,25.0,62.0
3787,25.0,62.0
3788,25.0,61.0
3789,25.0,61.0
3790,25.0,61.0
3791,25.0,60.0
3792,25.0,60.0
3793,25.0,59.0
3794,25.0,58.0
3795,25.0,58.0
3796,25.0,57.0
3797,25.0,57.0
3798,25.0,56.0
3799,25.0,55.0
3800,25.0,54.0
3801,25.0,52.0
3802,25.0,49.0
3803,25.0,47.0
3804,25.0,44.0
3805,25.0,42.0
3806,25.0,42.0
3807,25.0,40.0
3808,25.0,40.0
3809,25.0,40.0
3810,25.0,42.0
3811,25.0,40.0
3812,25.0,41.0
3813,25.0,40.0
3814,25.0,39.0
3815,25.0,39.0
3816,25.0,38.0
3817,25.0,38.0
3818,25.0,38.0
3819,25.0,40.0
3820,25.0,43.0
3821,25.0,47.0
3822,25.0,51.0
3823,25.0,53.0
3824,25.0,53.0
3825,25.0,54.0
3826,25.0,54.0
3827,25.0,55.0
3828,25.0,55.0
3829,25.0,55.0
3830,25.0,55.0
3831,25.0,55.0
3832,25.0,55.0
3833,25.0,55.0
3834,25.0,55.0
3835,25.0,55.0
3836,25.0,55.0
3837,25.0,56.0
3838,25.0,56.0
3839,25.0,56.0
3840,25.0,57.0
3841,25.0,57.0
3842,25.0,58.0
3843,25.0,58.0
3844,25.0,58.0
3845,25.0,57.0
3846,25.0,56.0
3847,25.0,54.0
3848,25.0,54.0
3849,25.0,54.0
3850,25.0,55.0
3851,25.0,54.0
3852,25.0,54.0
3853,25.0,54.0
3854,25.0,55.0
3855,25.0,55.0
3856,25.0,56.0
3857,25.0,57.0
3858,25.0,57.0
3859,25.0,59.0
3860,25.0,60.0
3861,25.0,61.0
3862,25.0,62.0
3863,25.0,63.0
3864,25.0,64.0
3865,25.0,65.0
3866,25.0,66.0
3867,25.0,66.99999999999999
3868,25.0,68.0
3869,25.0,69.00000000000001
3870,25.0,70.0
3871,25.0,72.0
3872,25.0,73.00000000000001
3873,25.0,73.00000000000001
3874,25.0,73.00000000000001
3875,25.0,73.00000000000001
3876,25.0,74.0
3877,25.0,74.0
3878,25.0,74.99999999999999
3879,25.0,74.99999999999999
3880,25.0,74.99999999999999
3881,25.0,74.99999999999999
3882,25.0,74.0
3883,25.0,74.0
3884,25.0,73.00000000000001
3885,25.0,74.0
3886,25.0,74.0
3887,25.0,73.00000000000001
3888,25.0,72.0
3889,25.0,72.0
3890,25.0,70.99999999999999
3891,25.0,70.0
3892,25.0,70.0
3893,25.0,70.0
3894,25.0,70.99999999999999
3895,25.0,70.99999999999999
3896,25.0,70.99999999999999
3897,25.0,70.99999999999999
3898,25.0,73.00000000000001
3899,25.0,73.00000000000001
3900,25.0,74.0
3901,25.0,74.0
3902,25.0,74.99999999999999
3903,25.0,76.0
3904,25.0,76.0
3905,25.0,77.00000000000001
3906,25.0,77.00000000000001
3907,25.0,77.00000000000001
3908,25.0,77.00000000000001
3909,25.0,77.00000000000001
3910,25.0,76.0
3911,25.0,76.0
3912,25.0,76.0
3913,25.0,76.0
3914,25.0,76.0
3915,25.0,77.00000000000001
3916,25.0,77.00000000000001
3917,25.0,77.00000000000001
3918,25.0,78.0
3919,25.0,78.0
3920,25.0,78.0
3921,25.0,78.99999999999999
3922,25.0,78.0
3923,25.0,78.0
3924,25.0,77.00000000000001
3925,25.0,77.00000000000001
3926,25.0,76.0
3927,25.0,74.99999999999999
3928,25.0,74.99999999999999
3929,25.0,74.99999999999999
3930,25.0,74.99999999999999
3931,25.0,74.99999999999999
3932,25.0,74.0
3933,25.0,74.0
3934,25.0,74.99999999999999
3935,25.0,74.99999999999999
3936,25.0,76.0
3937,25.0,76.0
3938,25.0,76.0
3939,25.0,76.0
3940,25.0,76.0
3941,25.0,74.99999999999999
3942,25.0,74.99999999999999
3943,25.0,74.0
3944,25.0,74.0
3945,25.0,73.00000000000001
3946,25.0,73.00000000000001
3947,25.0,73.00000000000001
3948,25.0,72.0
3949,25.0,76.0
3950,25.0,78.0
3951,25.0,78.0
3952,25.0,76.0
3953,25.0,76.0
3954,25.0,74.99999999999999
3955,25.0,74.0
3956,25.0,74.99999999999999
3957,25.0,74.99999999999999
3958,25.0,74.0
3959,25.0,74.0
3960,25.0,73.00000000000001
3961,25.0,73.00000000000001
3962,25.0,72.0
3963,25.0,72.0
3964,25.0,72.0
3965,25.0,72.0
3966,25.0,72.0
3967,25.0,72.0
3968,25.0,73.00000000000001
3969,25.0,72.0
3970,25.0,72.0
3971,25.0,72.0
3972,25.0,72.0
3973,25.0,66.99999999999999
3974,25.0,65.0
3975,25.0,65.0
3976,25.0,66.0
3977,25.0,66.0
3978,25.0,66.99999999999999
3979,25.0,66.99999999999999
3980,25.0,68.0
3981,25.0,66.99999999999999
3982,25.0,66.99999999999999
3983,25.0,66.0
3984,25.0,66.99999999999999
3985,25.0,66.99999999999999
3986,25.0,66.99999999999999
3987,25.0,66.0
3988,25.0,66.0
3989,25.0,65.0
3990,25.0,66.0
3991,25.0,66.0
3992,25.0,65.0
3993,25.0,65.0
3994,25.0,66.0
3995,25.0,66.0
3996,25.0,66.0
3997,25.0,66.99999999999999
3998,25.0,68.0
3999,25.0,66.99999999999999
4000,25.0,66.0
4001,25.0,66.99999999999999
4002,25.0,66.99999999999999
4003,25.0,66.0
4004,25.0,64.0
4005,25.0,64.0
4006,25.0,63.0
4007,25.0,63.0
4008,25.0,63.0
4009,25.0,62.0
4010,25.0,62.0
4011,25.0,61.0
4012,25.0,60.0
4013,25.0,60.0
4014,25.0,59.0
4015,25.0,57.0
4016,25.0,56.0
4017,25.0,55.0
4018,25.0,54.0
4019,25.0,53.0
4020,25.0,52.0
4021,25.0,52.0
4022,25.0,51.0
4023,25.0,51.0
4024,25.0,52.0
4025,25.0,52.0
4026,25.0,51.0
4027,25.0,51.0
4028,25.0,51.0
4029,25.0,52.0
4030,25.0,52.0
4031,25.0,53.0
4032,25.0,53.0
4033,25.0,53.0
4034,25.0,53.0
4035,25.0,54.0
4036,25.0,56.0
4037,25.0,57.0
4038,25.0,56.0
4039,25.0,56.0
4040,25.0,56.0
4041,25.0,56.0
4042,25.0,56.0
4043,25.0,56.0
4044,25.0,57.0
4045,25.0,56.0
4046,25.0,56.0
4047,25.0,56.0
4048,25.0,57.0
4049,25.0,56.0
4050,25.0,56.0
4051,25.0,55.0
4052,25.0,55.0
4053,25.0,56.0
4054,25.0,56.0
4055,25.0,56.0
4056,25.0,56.0
4057,25.0,57.0
4058,25.0,57.0
4059,25.0,56.0
4060,25.0,55.0
4061,25.0,55.0
4062,25.0,57.0
4063,25.0,59.0
4064,25.0,59.0
4065,25.0,60.0
4066,25.0,60.0
4067,25.0,60.0
4068,25.0,59.0
4069,25.0,59.0
4070,25.0,58.0
4071,25.0,58.0
4072,25.0,57.0
4073,25.0,58.0
4074,25.0,59.0
4075,25.0,60.0
4076,25.0,61.0
4077,25.0,61.0
4078,25.0,60.0
4079,25.0,61.0
4080,25.0,61.0
4081,25.0,61.0
4082,25.0,62.0
4083,25.0,62.0
4084,25.0,58.0
4085,25.0,58.0
4086,25.0,58.0
4087,25.0,58.0
4088,25.0,57.0
4089,25.0,57.0
4090,25.0,58.0
4091,25.0,58.0
4092,25.0,58.0
4093,25.0,58.0
4094,25.0,57.0
4095,25.0,57.0
4096,25.0,57.0
4097,25.0,56.0
4098,25.0,56.0
4099,25.0,56.0
4100,25.0,56.0
4101,25.0,56.0
4102,25.0,56.0
4103,25.0,56.0
4104,25.0,57.0
4105,25.0,57.0
4106,25.0,56.0
4107,25.0,55.0
4108,25.0,60.0
4109,25.0,59.0
4110,25.0,59.0
4111,25.0,58.0
4112,25.0,59.0
4113,25.0,59.0
4114,25.0,59.0
4115,25.0,59.0
4116,25.0,58.0
4117,25.0,58.0
4118,25.0,57.0
4119,25.0,56.0
4120,25.0,57.0
4121,25.0,57.0
4122,25.0,57.0
4123,25.0,57.0
4124,25.0,56.0
4125,25.0,57.0
4126,25.0,57.0
4127,25.0,57.0
4128,25.0,57.0
4129,25.0,57.0
4130,25.0,58.0
4131,25.0,58.0
4132,25.0,61.0
4133,25.0,61.0
4134,25.0,60.0
4135,25.0,61.0
4136,25.0,63.0
4137,25.0,63.0
4138,25.0,63.0
4139,25.0,62.0
4140,25.0,62.0
4141,25.0,61.0
4142,25.0,61.0
4143,25.0,61.0
4144,25.0,61.0
4145,25.0,62.0
4146,25.0,61.0
4147,25.0,61.0
4148,25.0,62.0
4149,25.0,63.0
4150,25.0,63.0
4151,25.0,64.0
4152,25.0,63.0
4153,25.0,62.0
4154,25.0,61.0
4155,25.0,60.0
4156,25.0,58.0
4157,25.0,58.0
4158,25.0,59.0
4159,25.0,59.0
4160,25.0,59.0
4161,25.0,60.0
4162,25.0,60.0
4163,25.0,60.0
4164,25.0,60.0
4165,25.0,60.0
4166,25.0,59.0
4167,25.0,60.0
4168,25.0,59.0
4169,25.0,59.0
4170,25.0,59.0
4171,25.0,60.0
4172,25.0,59.0
4173,25.0,60.0
4174,25.0,60.0
4175,25.0,60.0
4176,25.0,60.0
4177,25.0,60.0
4178,25.0,60.0
4179,25.0,59.0
4180,25.0,52.0
4181,25.0,49.0
4182,25.0,48.0
4183,25.0,45.0
4184,25.0,43.0
4185,25.0,42.0
4186,25.0,41.0
4187,25.0,40.0
4188,25.0,39.0
4189,25.0,40.0
4190,25.0,40.0
4191,25.0,39.0
4192,25.0,39.0
4193,25.0,36.0
4194,25.0,33.0
4195,25.0,32.0
4196,25.0,33.0
4197,25.0,36.0
4198,25.0,37.0
4199,25.0,39.0
4200,25.0,40.0
4201,25.0,41.0
4202,25.0,43.0
4203,25.0,44.0
4204,25.0,62.0
4205,25.0,62.0
4206,25.0,62.0
4207,25.0,63.0
4208,25.0,63.0
4209,25.0,64.0
4210,25.0,66.0
4211,25.0,66.99999999999999
4212,25.0,68.0
4213,25.0,68.0
4214,25.0,68.0
4215,25.0,66.99999999999999
4216,25.0,68.0
4217,25.0,68.0
4218,25.0,68.0
4219,25.0,68.0
4220,25.0,68.0
4221,25.0,68.0
4222,25.0,66.99999999999999
4223,25.0,68.0
4224,25.0,69.00000000000001
4225,25.0,70.0
4226,25.0,70.0
4227,25.0,69.00000000000001
4228,25.0,58.0
4229,25.0,58.0
4230,25.0,58.0
4231,25.0,59.0
4232,25.0,60.0
4233,25.0,60.0
4234,25.0,61.0
4235,25.0,61.0
4236,25.0,61.0
4237,25.0,61.0
4238,25.0,60.0
4239,25.0,60.0
4240,25.0,60.0
4241,25.0,60.0
4242,25.0,60.0
4243,25.0,59.0
4244,25.0,59.0
4245,25.0,59.0
4246,25.0,59.0
4247,25.0,59.0
4248,25.0,59.0
4249,25.0,58.0
4250,25.0,58.0
4251,25.0,58.0
4252,25.0,74.99999999999999
4253,25.0,72.0
4254,25.0,69.00000000000001
4255,25.0,66.99999999999999
4256,25.0,66.0
4257,25.0,65.0
4258,25.0,65.0
4259,25.0,64.0
4260,25.0,64.0
4261,25.0,64.0
4262,25.0,64.0
4263,25.0,63.0
4264,25.0,64.0
4265,25.0,63.0
4266,25.0,63.0
4267,25.0,63.0
4268,25.0,63.0
4269,25.0,63.0
4270,25.0,63.0
4271,25.0,63.0
4272,25.0,62.0
4273,25.0,62.0
4274,25.0,61.0
4275,25.0,61.0
4276,25.0,69.00000000000001
4277,25.0,68.0
4278,25.0,66.99999999999999
4279,25.0,66.99999999999999
4280,25.0,65.0
4281,25.0,65.0
4282,25.0,64.0
4283,25.0,63.0
4284,25.0,62.0
4285,25.0,60.0
4286,25.0,59.0
4287,25.0,59.0
4288,25.0,58.0
4289,25.0,57.0
4290,25.0,57.0
4291,25.0,57.0
4292,25.0,57.0
4293,25.0,57.0
4294,25.0,56.0
4295,25.0,55.0
4296,25.0,55.0
4297,25.0,55.0
4298,25.0,55.0
4299,25.0,56.0
4300,25.0,114.99999999999999
4301,25.0,118.00000000000001
4302,25.0,122.00000000000001
4303,25.0,132.0
4304,25.0,135.0
4305,25.0,141.0
4306,25.0,145.0
4307,25.0,146.00000000000003
4308,25.0,144.0
4309,25.0,137.0
4310,25.0,143.0
4311,25.0,133.0
4312,25.0,130.00000000000003
4313,25.0,128.0
4314,25.0,132.0
4315,25.0,132.0
4316,25.0,130.00000000000003
4317,25.0,125.00000000000001
4318,25.0,118.00000000000001
4319,25.0,113.00000000000001
4320,25.0,110.99999999999999
4321,25.0,105.00000000000001
4322,25.0,98.99999999999999
4323,25.0,97.00000000000001
4324,25.0,59.0
4325,25.0,60.0
4326,25.0,60.0
4327,25.0,59.0
4328,25.0,59.0
4329,25.0,59.0
4330,25.0,59.0
4331,25.0,59.0
4332,25.0,59.0
4333,25.0,59.0
4334,25.0,59.0
4335,25.0,58.0
4336,25.0,58.0
4337,25.0,57.0
4338,25.0,57.0
4339,25.0,57.0
4340,25.0,58.0
4341,25.0,58.0
4342,25.0,57.0
4343,25.0,57.0
4344,25.0,57.0
4345,25.0,56.0
4346,25.0,55.0
4347,25.0,55.0
4348,25.0,45.0
4349,25.0,44.0
4350,25.0,43.0
4351,25.0,42.0
4352,25.0,42.0
4353,25.0,41.0
4354,25.0,42.0
4355,25.0,42.0
4356,25.0,43.0
4357,25.0,49.0
4358,25.0,52.0
4359,25.0,52.0
4360,25.0,52.0
4361,25.0,53.0
4362,25.0,53.0
4363,25.0,53.0
4364,25.0,54.0
4365,25.0,54.0
4366,25.0,55.0
4367,25.0,55.0
4368,25.0,55.0
4369,25.0,55.0
4370,25.0,56.0
4371,25.0,57.0
4372,25.0,78.0
4373,25.0,78.0
4374,25.0,78.0
4375,25.0,78.0
4376,25.0,78.0
4377,25.0,77.00000000000001
4378,25.0,77.00000000000001
4379,25.0,77.00000000000001
4380,25.0,78.0
4381,25.0,78.99999999999999
4382,25.0,80.0
4383,25.0,80.0
4384,25.0,80.0
4385,25.0,78.99999999999999
4386,25.0,78.0
4387,25.0,78.0
4388,25.0,77.00000000000001
4389,25.0,76.0
4390,25.0,74.99999999999999
4391,25.0,74.99999999999999
4392,25.0,73.00000000000001
4393,25.0,72.0
4394,25.0,70.99999999999999
4395,25.0,70.99999999999999
4396,25.0,70.0
4397,25.0,69.00000000000001
4398,25.0,69.00000000000001
4399,25.0,69.00000000000001
4400,25.0,69.00000000000001
4401,25.0,69.00000000000001
4402,25.0,69.00000000000001
4403,25.0,69.00000000000001
4404,25.0,68.0
4405,25.0,66.0
4406,25.0,64.0
4407,25.0,63.0
4408,25.0,62.0
4409,25.0,62.0
4410,25.0,62.0
4411,25.0,62.0
4412,25.0,62.0
4413,25.0,62.0
4414,25.0,63.0
4415,25.0,62.0
4416,25.0,63.0
4417,25.0,63.0
4418,25.0,64.0
4419,25.0,64.0
4420,25.0,65.0
4421,25.0,65.0
4422,25.0,66.0
4423,25.0,66.99999999999999
4424,25.0,66.99999999999999
4425,25.0,66.99999999999999
4426,25.0,66.99999999999999
4427,25.0,66.99999999999999
4428,25.0,66.99999999999999
4429,25.0,66.99999999999999
4430,25.0,68.0
4431,25.0,69.00000000000001
4432,25.0,69.00000000000001
4433,25.0,69.00000000000001
4434,25.0,69.00000000000001
4435,25.0,70.0
4436,25.0,70.99999999999999
4437,25.0,70.99999999999999
4438,25.0,70.99999999999999
4439,25.0,72.0
4440,25.0,73.00000000000001
4441,25.0,74.0
4442,25.0,74.99999999999999
4443,25.0,74.99999999999999
4444,25.0,76.0
4445,25.0,78.0
4446,25.0,80.0
4447,25.0,82.99999999999999
4448,25.0,85.00000000000001
4449,25.0,86.99999999999999
4450,25.0,86.99999999999999
4451,25.0,88.0
4452,25.0,88.0
4453,25.0,89.00000000000001
4454,25.0,88.0
4455,25.0,88.0
4456,25.0,90.0
4457,25.0,90.0
4458,25.0,90.0
4459,25.0,90.0
4460,25.0,90.0
4461,25.0,89.00000000000001
4462,25.0,89.00000000000001
4463,25.0,89.00000000000001
4464,25.0,89.00000000000001
4465,25.0,89.00000000000001
4466,25.0,88.0
4467,25.0,88.0
4468,25.0,89.00000000000001
4469,25.0,88.0
4470,25.0,86.99999999999999
4471,25.0,85.00000000000001
4472,25.0,82.99999999999999
4473,25.0,82.99999999999999
4474,25.0,82.99999999999999
4475,25.0,84.0
4476,25.0,84.0
4477,25.0,82.99999999999999
4478,25.0,84.0
4479,25.0,84.0
4480,25.0,82.99999999999999
4481,25.0,82.99999999999999
4482,25.0,82.0
4483,25.0,82.99999999999999
4484,25.0,82.0
4485,25.0,82.0
4486,25.0,81.00000000000001
4487,25.0,80.0
4488,25.0,80.0
4489,25.0,78.99999999999999
4490,25.0,78.99999999999999
4491,25.0,78.0
4492,25.0,78.0
4493,25.0,78.0
4494,25.0,76.0
4495,25.0,74.99999999999999
4496,25.0,73.00000000000001
4497,25.0,70.99999999999999
4498,25.0,69.00000000000001
4499,25.0,66.99999999999999
4500,25.0,65.0
4501,25.0,64.0
4502,25.0,63.0
4503,25.0,62.0
4504,25.0,61.0
4505,25.0,61.0
4506,25.0,62.0
4507,25.0,62.0
4508,25.0,63.0
4509,25.0,64.0
4510,25.0,64.0
4511,25.0,64.0
4512,25.0,64.0
4513,25.0,64.0
4514,25.0,63.0
4515,25.0,62.0
4516,25.0,60.0
4517,25.0,60.0
4518,25.0,59.0
4519,25.0,59.0
4520,25.0,59.0
4521,25.0,60.0
4522,25.0,60.0
4523,25.0,60.0
4524,25.0,61.0
4525,25.0,62.0
4526,25.0,62.0
4527,25.0,62.0
4528,25.0,62.0
4529,25.0,61.0
4530,25.0,60.0
4531,25.0,60.0
4532,25.0,60.0
4533,25.0,60.0
4534,25.0,60.0
4535,25.0,60.0
4536,25.0,59.0
4537,25.0,59.0
4538,25.0,58.0
4539,25.0,58.0
4540,25.0,58.0
4541,25.0,56.0
4542,25.0,55.0
4543,25.0,55.0
4544,25.0,55.0
4545,25.0,55.0
4546,25.0,56.0
4547,25.0,56.0
4548,25.0,56.0
4549,25.0,55.0
4550,25.0,55.0
4551,25.0,54.0
4552,25.0,55.0
4553,25.0,56.0
4554,25.0,56.0
4555,25.0,56.0
4556,25.0,55.0
4557,25.0,53.0
4558,25.0,53.0
4559,25.0,54.0
4560,25.0,54.0
4561,25.0,54.0
4562,25.0,54.0
4563,25.0,54.0
4564,25.0,54.0
4565,25.0,55.0
4566,25.0,55.0
4567,25.0,56.0
4568,25.0,58.0
4569,25.0,58.0
4570,25.0,58.0
4571,25.0,59.0
4572,25.0,59.0
4573,25.0,60.0
4574,25.0,61.0
4575,25.0,62.0
4576,25.0,61.0
4577,25.0,60.0
4578,25.0,59.0
4579,25.0,59.0
4580,25.0,58.0
4581,25.0,57.0
4582,25.0,57.0
4583,25.0,56.0
4584,25.0,56.0
4585,25.0,55.0
4586,25.0,55.0
4587,25.0,55.0
4588,25.0,56.0
4589,25.0,56.0
4590,25.0,56.0
4591,25.0,56.0
4592,25.0,57.0
4593,25.0,58.0
4594,25.0,59.0
4595,25.0,59.0
4596,25.0,58.0
4597,25.0,57.0
4598,25.0,56.0
4599,25.0,55.0
4600,25.0,55.0
4601,25.0,55.0
4602,25.0,55.0
4603,25.0,55.0
4604,25.0,56.0
4605,25.0,56.0
4606,25.0,55.0
4607,25.0,55.0
4608,25.0,55.0
4609,25.0,56.0
4610,25.0,56.0
4611,25.0,56.0
4612,25.0,56.0
4613,25.0,57.0
4614,25.0,57.0
4615,25.0,57.0
4616,25.0,56.0
4617,25.0,55.0
4618,25.0,54.0
4619,25.0,55.0
4620,25.0,55.0
4621,25.0,57.0
4622,25.0,58.0
4623,25.0,59.0
4624,25.0,59.0
4625,25.0,59.0
4626,25.0,59.0
4627,25.0,60.0
4628,25.0,60.0
4629,25.0,60.0
4630,25.0,60.0
4631,25.0,60.0
4632,25.0,61.0
4633,25.0,61.0
4634,25.0,61.0
4635,25.0,64.0
4636,25.0,66.99999999999999
4637,25.0,68.0
4638,25.0,66.99999999999999
4639,25.0,68.0
4640,25.0,68.0
4641,25.0,66.99999999999999
4642,25.0,66.99999999999999
4643,25.0,66.99999999999999
4644,25.0,66.0
4645,25.0,65.0
4646,25.0,64.0
4647,25.0,63.0
4648,25.0,63.0
4649,25.0,63.0
4650,25.0,63.0
4651,25.0,63.0
4652,25.0,62.0
4653,25.0,62.0
4654,25.0,61.0
4655,25.0,61.0
4656,25.0,61.0
4657,25.0,61.0
4658,25.0,60.0
4659,25.0,56.0
4660,25.0,55.0
4661,25.0,55.0
4662,25.0,57.0
4663,25.0,61.0
4664,25.0,64.0
4665,25.0,65.0
4666,25.0,64.0
4667,25.0,64.0
4668,25.0,64.0
4669,25.0,63.0
4670,25.0,63.0
4671,25.0,63.0
4672,25.0,63.0
4673,25.0,64.0
4674,25.0,64.0
4675,25.0,65.0
4676,25.0,65.0
4677,25.0,66.0
4678,25.0,66.99999999999999
4679,25.0,68.0
4680,25.0,69.00000000000001
4681,25.0,70.0
4682,25.0,70.0
4683,25.0,72.0
4684,25.0,70.99999999999999
4685,25.0,70.99999999999999
4686,25.0,70.99999999999999
4687,25.0,70.0
4688,25.0,69.00000000000001
4689,25.0,70.99999999999999
4690,25.0,72.0
4691,25.0,74.0
4692,25.0,76.0
4693,25.0,77.00000000000001
4694,25.0,78.0
4695,25.0,78.99999999999999
4696,25.0,80.0
4697,25.0,78.99999999999999
4698,25.0,80.0
4699,25.0,81.00000000000001
4700,25.0,82.0
4701,25.0,82.99999999999999
4702,25.0,82.99999999999999
4703,25.0,84.0
4704,25.0,85.00000000000001
4705,25.0,88.0
4706,25.0,90.0
4707,25.0,90.99999999999999
4708,25.0,92.0
4709,25.0,93.00000000000001
4710,25.0,90.99999999999999
4711,25.0,90.0
4712,25.0,89.00000000000001
4713,25.0,88.0
4714,25.0,88.0
4715,25.0,88.0
4716,25.0,88.0
4717,25.0,89.00000000000001
4718,25.0,89.00000000000001
4719,25.0,90.0
4720,25.0,90.0
4721,25.0,90.99999999999999
4722,25.0,90.99999999999999
4723,25.0,90.99999999999999
4724,25.0,90.99999999999999
4725,25.0,92.0
4726,25.0,94.00000000000001
4727,25.0,94.00000000000001
4728,25.0,94.00000000000001
4729,25.0,90.99999999999999
4730,25.0,90.0
4731,25.0,89.00000000000001
4732,25.0,89.00000000000001
4733,25.0,88.0
4734,25.0,86.99999999999999
4735,25.0,86.0
4736,25.0,85.00000000000001
4737,25.0,85.00000000000001
4738,25.0,85.00000000000001
4739,25.0,85.00000000000001
4740,25.0,84.0
4741,25.0,82.99999999999999
4742,25.0,82.99999999999999
4743,25.0,82.0
4744,25.0,82.99999999999999
4745,25.0,82.99999999999999
4746,25.0,82.99999999999999
4747,25.0,82.99999999999999
4748,25.0,82.99999999999999
4749,25.0,82.0
4750,25.0,82.0
4751,25.0,84.0
4752,25.0,85.00000000000001
4753,25.0,86.0
4754,25.0,86.99999999999999
4755,25.0,86.99999999999999
4756,25.0,86.99999999999999
4757,25.0,86.99999999999999
4758,25.0,88.0
4759,25.0,88.0
4760,25.0,88.0
4761,25.0,89.00000000000001
4762,25.0,90.0
4763,25.0,92.0
4764,25.0,93.00000000000001
4765,25.0,94.99999999999999
4766,25.0,98.99999999999999
4767,25.0,110.00000000000001
4768,25.0,129.0
4769,25.0,143.0
4770,25.0,151.0
4771,25.0,152.0
4772,25.0,152.0
4773,25.0,153.0
4774,25.0,153.0
4775,25.0,153.0
4776,25.0,153.0
4777,25.0,152.0
4778,25.0,152.0
4779,25.0,152.0
4780,25.0,152.0
4781,25.0,152.0
4782,25.0,152.0
4783,25.0,152.0
4784,25.0,152.0
4785,25.0,152.0
4786,25.0,147.0
4787,25.0,126.99999999999999
4788,25.0,106.99999999999999
4789,25.0,98.00000000000001
4790,25.0,94.00000000000001
4791,25.0,90.99999999999999
4792,25.0,88.0
4793,25.0,88.0
4794,25.0,86.99999999999999
4795,25.0,85.00000000000001
4796,25.0,84.0
4797,25.0,82.0
4798,25.0,80.0
4799,25.0,78.0
4800,25.0,76.0
4801,25.0,76.0
4802,25.0,76.0
4803,25.0,76.0
4804,25.0,55.0
4805,25.0,54.0
4806,25.0,53.0
4807,25.0,53.0
4808,25.0,53.0
4809,25.0,53.0
4810,25.0,53.0
4811,25.0,54.0
4812,25.0,54.0
4813,25.0,54.0
4814,25.0,54.0
4815,25.0,55.0
4816,25.0,56.0
4817,25.0,56.0
4818,25.0,55.0
4819,25.0,56.0
4820,25.0,56.0
4821,25.0,56.0
4822,25.0,56.0
4823,25.0,57.0
4824,25.0,57.0
4825,25.0,57.0
4826,25.0,57.0
4827,25.0,58.0
4828,25.0,57.0
4829,25.0,57.0
4830,25.0,57.0
4831,25.0,56.0
4832,25.0,56.0
4833,25.0,56.0
4834,25.0,56.0
4835,25.0,57.0
4836,25.0,57.0
4837,25.0,57.0
4838,25.0,58.0
4839,25.0,58.0
4840,25.0,57.0
4841,25.0,58.0
4842,25.0,58.0
4843,25.0,59.0
4844,25.0,60.0
4845,25.0,60.0
4846,25.0,61.0
4847,25.0,62.0
4848,25.0,62.0
4849,25.0,62.0
4850,25.0,63.0
4851,25.0,63.0
4852,25.0,59.0
4853,25.0,58.0
4854,25.0,58.0
4855,25.0,56.0
4856,25.0,55.0
4857,25.0,55.0
4858,25.0,55.0
4859,25.0,55.0
4860,25.0,57.0
4861,25.0,59.0
4862,25.0,60.0
4863,25.0,60.0
4864,25.0,60.0
4865,25.0,61.0
4866,25.0,60.0
4867,25.0,61.0
4868,25.0,60.0
4869,25.0,61.0
4870,25.0,62.0
4871,25.0,61.0
4872,25.0,61.0
4873,25.0,61.0
4874,25.0,61.0
4875,25.0,60.0
4876,25.0,59.0
4877,25.0,58.0
4878,25.0,58.0
4879,25.0,58.0
4880,25.0,58.0
4881,25.0,58.0
4882,25.0,58.0
4883,25.0,58.0
4884,25.0,59.0
4885,25.0,59.0
4886,25.0,59.0
4887,25.0,60.0
4888,25.0,60.0
4889,25.0,62.0
4890,25.0,62.0
4891,25.0,63.0
4892,25.0,63.0
4893,25.0,64.0
4894,25.0,65.0
4895,25.0,66.0
4896,25.0,66.99999999999999
4897,25.0,68.0
4898,25.0,69.00000000000001
4899,25.0,70.0
4900,25.0,47.0
4901,25.0,49.0
4902,25.0,51.0
4903,25.0,52.0
4904,25.0,53.0
4905,25.0,54.0
4906,25.0,54.0
4907,25.0,55.0
4908,25.0,55.0
4909,25.0,56.0
4910,25.0,56.0
4911,25.0,56.0
4912,25.0,56.0
4913,25.0,57.0
4914,25.0,58.0
4915,25.0,59.0
4916,25.0,59.0
4917,25.0,58.0
4918,25.0,59.0
4919,25.0,59.0
4920,25.0,60.0
4921,25.0,60.0
4922,25.0,60.0
4923,25.0,60.0
4924,25.0,68.0
4925,25.0,66.99999999999999
4926,25.0,66.0
4927,25.0,65.0
4928,25.0,64.0
4929,25.0,63.0
4930,25.0,62.0
4931,25.0,61.0
4932,25.0,61.0
4933,25.0,60.0
4934,25.0,60.0
4935,25.0,60.0
4936,25.0,59.0
4937,25.0,59.0
4938,25.0,58.0
4939,25.0,58.0
4940,25.0,57.0
4941,25.0,57.0
4942,25.0,58.0
4943,25.0,57.0
4944,25.0,55.0
4945,25.0,55.0
4946,25.0,55.0
4947,25.0,56.0
4948,25.0,57.0
4949,25.0,58.0
4950,25.0,59.0
4951,25.0,59.0
4952,25.0,59.0
4953,25.0,59.0
4954,25.0,58.0
4955,25.0,57.0
4956,25.0,57.0
4957,25.0,57.0
4958,25.0,57.0
4959,25.0,57.0
4960,25.0,57.0
4961,25.0,56.0
4962,25.0,55.0
4963,25.0,55.0
4964,25.0,55.0
4965,25.0,54.0
4966,25.0,54.0
4967,25.0,53.0
4968,25.0,52.0
4969,25.0,51.0
4970,25.0,50.0
4971,25.0,47.0
4972,25.0,61.0
4973,25.0,61.0
4974,25.0,62.0
4975,25.0,62.0
4976,25.0,61.0
4977,25.0,60.0
4978,25.0,60.0
4979,25.0,59.0
4980,25.0,58.0
4981,25.0,57.0
4982,25.0,55.0
4983,25.0,55.0
4984,25.0,54.0
4985,25.0,55.0
4986,25.0,54.0
4987,25.0,54.0
4988,25.0,54.0
4989,25.0,54.0
4990,25.0,55.0
4991,25.0,55.0
4992,25.0,55.0
4993,25.0,55.0
4994,25.0,56.0
4995,25.0,59.0
4996,25.0,56.0
4997,25.0,56.0
4998,25.0,56.0
4999,25.0,56.0
5000,25.0,56.0
5001,25.0,56.0
5002,25.0,55.0
5003,25.0,55.0
5004,25.0,54.0
5005,25.0,54.0
5006,25.0,54.0
5007,25.0,53.0
5008,25.0,53.0
5009,25.0,53.0
5010,25.0,52.0
5011,25.0,50.0
5012,25.0,50.0
5013,25.0,51.0
5014,25.0,52.0
5015,25.0,52.0
5016,25.0,52.0
5017,25.0,53.0
5018,25.0,54.0
5019,25.0,54.0
5020,25.0,96.0
5021,25.0,94.99999999999999
5022,25.0,94.00000000000001
5023,25.0,92.0
5024,25.0,90.99999999999999
5025,25.0,90.99999999999999
5026,25.0,90.0
5027,25.0,89.00000000000001
5028,25.0,90.0
5029,25.0,90.0
5030,25.0,88.0
5031,25.0,86.99999999999999
5032,25.0,86.0
5033,25.0,85.00000000000001
5034,25.0,84.0
5035,25.0,82.0
5036,25.0,81.00000000000001
5037,25.0,80.0
5038,25.0,81.00000000000001
5039,25.0,80.0
5040,25.0,78.99999999999999
5041,25.0,78.99999999999999
5042,25.0,78.99999999999999
5043,25.0,77.00000000000001
5044,25.0,54.0
5045,25.0,54.0
5046,25.0,55.0
5047,25.0,56.0
5048,25.0,57.0
5049,25.0,57.0
5050,25.0,56.0
5051,25.0,56.0
5052,25.0,56.0
5053,25.0,55.0
5054,25.0,56.0
5055,25.0,57.0
5056,25.0,57.0
5057,25.0,57.0
5058,25.0,56.0
5059,25.0,56.0
5060,25.0,56.0
5061,25.0,56.0
5062,25.0,56.0
5063,25.0,56.0
5064,25.0,56.0
5065,25.0,56.0
5066,25.0,58.0
5067,25.0,58.0
5068,25.0,58.0
5069,25.0,59.0
5070,25.0,60.0
5071,25.0,61.0
5072,25.0,62.0
5073,25.0,64.0
5074,25.0,65.0
5075,25.0,65.0
5076,25.0,65.0
5077,25.0,63.0
5078,25.0,62.0
5079,25.0,61.0
5080,25.0,61.0
5081,25.0,61.0
5082,25.0,61.0
5083,25.0,61.0
5084,25.0,60.0
5085,25.0,60.0
5086,25.0,60.0
5087,25.0,60.0
5088,25.0,60.0
5089,25.0,59.0
5090,25.0,60.0
5091,25.0,60.0
5092,25.0,70.99999999999999
5093,25.0,73.00000000000001
5094,25.0,76.0
5095,25.0,78.0
5096,25.0,78.99999999999999
5097,25.0,78.99999999999999
5098,25.0,78.99999999999999
5099,25.0,80.0
5100,25.0,80.0
5101,25.0,81.00000000000001
5102,25.0,81.00000000000001
5103,25.0,81.00000000000001
5104,25.0,82.0
5105,25.0,82.99999999999999
5106,25.0,82.99999999999999
5107,25.0,82.99999999999999
5108,25.0,84.0
5109,25.0,85.00000000000001
5110,25.0,85.00000000000001
5111,25.0,84.0
5112,25.0,84.0
5113,25.0,84.0
5114,25.0,84.0
5115,25.0,82.99999999999999
5116,25.0,82.99999999999999
5117,25.0,82.0
5118,25.0,80.0
5119,25.0,78.99999999999999
5120,25.0,80.0
5121,25.0,81.00000000000001
5122,25.0,81.00000000000001
5123,25.0,81.00000000000001
5124,25.0,82.0
5125,25.0,82.0
5126,25.0,82.0
5127,25.0,82.99999999999999
5128,25.0,82.99999999999999
5129,25.0,82.99999999999999
5130,25.0,82.99999999999999
5131,25.0,84.0
5132,25.0,82.99999999999999
5133,25.0,82.0
5134,25.0,81.00000000000001
5135,25.0,81.00000000000001
5136,25.0,81.00000000000001
5137,25.0,81.00000000000001
5138,25.0,81.00000000000001
5139,25.0,82.99999999999999
5140,25.0,84.0
5141,25.0,86.0
5142,25.0,88.0
5143,25.0,90.99999999999999
5144,25.0,93.00000000000001
5145,25.0,94.00000000000001
5146,25.0,92.0
5147,25.0,90.99999999999999
5148,25.0,90.0
5149,25.0,89.00000000000001
5150,25.0,88.0
5151,25.0,86.0
5152,25.0,85.00000000000001
5153,25.0,84.0
5154,25.0,82.99999999999999
5155,25.0,82.0
5156,25.0,82.0
5157,25.0,82.0
5158,25.0,82.0
5159,25.0,82.0
5160,25.0,81.00000000000001
5161,25.0,81.00000000000001
5162,25.0,80.0
5163,25.0,77.00000000000001
5164,25.0,74.0
5165,25.0,72.0
5166,25.0,70.99999999999999
5167,25.0,69.00000000000001
5168,25.0,65.0
5169,25.0,65.0
5170,25.0,64.0
5171,25.0,64.0
5172,25.0,63.0
5173,25.0,63.0
5174,25.0,63.0
5175,25.0,62.0
5176,25.0,63.0
5177,25.0,62.0
5178,25.0,63.0
5179,25.0,62.0
5180,25.0,61.0
5181,25.0,61.0
5182,25.0,60.0
5183,25.0,61.0
5184,25.0,61.0
5185,25.0,63.0
5186,25.0,64.0
5187,25.0,65.0
5188,25.0,66.0
5189,25.0,65.0
5190,25.0,64.0
5191,25.0,64.0
5192,25.0,64.0
5193,25.0,64.0
5194,25.0,66.0
5195,25.0,66.0
5196,25.0,68.0
5197,25.0,68.0
5198,25.0,68.0
5199,25.0,70.0
5200,25.0,70.99999999999999
5201,25.0,72.0
5202,25.0,72.0
5203,25.0,74.0
5204,25.0,74.99999999999999
5205,25.0,76.0
5206,25.0,78.0
5207,25.0,78.99999999999999
5208,25.0,80.0
5209,25.0,80.0
5210,25.0,81.00000000000001
5211,25.0,85.00000000000001
5212,25.0,88.0
5213,25.0,88.0
5214,25.0,89.00000000000001
5215,25.0,90.0
5216,25.0,90.99999999999999
5217,25.0,92.0
5218,25.0,93.00000000000001
5219,25.0,94.99999999999999
5220,25.0,97.00000000000001
5221,25.0,106.99999999999999
5222,25.0,137.0
5223,25.0,152.0
5224,25.0,152.0
5225,25.0,153.0
5226,25.0,154.00000000000003
5227,25.0,154.00000000000003
5228,25.0,154.00000000000003
5229,25.0,154.00000000000003
5230,25.0,154.00000000000003
5231,25.0,153.0
5232,25.0,153.0
5233,25.0,152.0
5234,25.0,152.0
5235,25.0,139.0
5236,25.0,112.0
5237,25.0,106.99999999999999
5238,25.0,102.99999999999999
5239,25.0,101.00000000000001
5240,25.0,100.0
5241,25.0,98.99999999999999
5242,25.0,98.00000000000001
5243,25.0,98.00000000000001
5244,25.0,96.0
5245,25.0,94.99999999999999
5246,25.0,92.0
5247,25.0,90.0
5248,25.0,89.00000000000001
5249,25.0,88.0
5250,25.0,86.99999999999999
5251,25.0,86.99999999999999
5252,25.0,86.99999999999999
5253,25.0,88.0
5254,25.0,89.00000000000001
5255,25.0,89.00000000000001
5256,25.0,90.0
5257,25.0,90.99999999999999
5258,25.0,90.99999999999999
5259,25.0,92.0
5260,25.0,93.00000000000001
5261,25.0,92.0
5262,25.0,93.00000000000001
5263,25.0,92.0
5264,25.0,92.0
5265,25.0,90.99999999999999
5266,25.0,90.0
5267,25.0,90.0
5268,25.0,89.00000000000001
5269,25.0,88.0
5270,25.0,86.0
5271,25.0,85.00000000000001
5272,25.0,82.99999999999999
5273,25.0,82.0
5274,25.0,80.0
5275,25.0,78.0
5276,25.0,77.00000000000001
5277,25.0,74.99999999999999
5278,25.0,74.0
5279,25.0,73.00000000000001
5280,25.0,72.0
5281,25.0,70.99999999999999
5282,25.0,69.00000000000001
5283,25.0,68.0
5284,25.0,66.99999999999999
5285,25.0,66.99999999999999
5286,25.0,68.0
5287,25.0,68.0
5288,25.0,66.99999999999999
5289,25.0,66.0
5290,25.0,66.0
5291,25.0,65.0
5292,25.0,65.0
5293,25.0,65.0
5294,25.0,65.0
5295,25.0,66.0
5296,25.0,66.0
5297,25.0,66.0
5298,25.0,66.0
5299,25.0,65.0
5300,25.0,64.0
5301,25.0,64.0
5302,25.0,64.0
5303,25.0,64.0
5304,25.0,63.0
5305,25.0,64.0
5306,25.0,65.0
5307,25.0,66.0
5308,25.0,68.0
5309,25.0,68.0
5310,25.0,66.99999999999999
5311,25.0,66.0
5312,25.0,66.0
5313,25.0,66.0
5314,25.0,66.0
5315,25.0,66.0
5316,25.0,66.0
5317,25.0,64.0
5318,25.0,62.0
5319,25.0,61.0
5320,25.0,60.0
5321,25.0,60.0
5322,25.0,60.0
5323,25.0,60.0
5324,25.0,60.0
5325,25.0,60.0
5326,25.0,60.0
5327,25.0,60.0
5328,25.0,59.0
5329,25.0,59.0
5330,25.0,58.0
5331,25.0,56.0
5332,25.0,53.0
5333,25.0,52.0
5334,25.0,49.0
5335,25.0,53.0
5336,25.0,56.0
5337,25.0,58.0
5338,25.0,58.0
5339,25.0,58.0
5340,25.0,59.0
5341,25.0,60.0
5342,25.0,61.0
5343,25.0,61.0
5344,25.0,61.0
5345,25.0,61.0
5346,25.0,61.0
5347,25.0,61.0
5348,25.0,61.0
5349,25.0,62.0
5350,25.0,62.0
5351,25.0,62.0
5352,25.0,62.0
5353,25.0,62.0
5354,25.0,62.0
5355,25.0,62.0
5356,25.0,62.0
5357,25.0,63.0
5358,25.0,63.0
5359,25.0,60.0
5360,25.0,57.0
5361,25.0,55.0
5362,25.0,54.0
5363,25.0,53.0
5364,25.0,52.0
5365,25.0,51.0
5366,25.0,49.0
5367,25.0,51.0
5368,25.0,52.0
5369,25.0,52.0
5370,25.0,52.0
5371,25.0,52.0
5372,25.0,52.0
5373,25.0,51.0
5374,25.0,48.0
5375,25.0,47.0
5376,25.0,47.0
5377,25.0,48.0
5378,25.0,50.0
5379,25.0,51.0
5380,25.0,52.0
5381,25.0,53.0
5382,25.0,54.0
5383,25.0,54.0
5384,25.0,55.0
5385,25.0,55.0
5386,25.0,56.0
5387,25.0,57.0
5388,25.0,57.0
5389,25.0,58.0
5390,25.0,59.0
5391,25.0,60.0
5392,25.0,59.0
5393,25.0,59.0
5394,25.0,59.0
5395,25.0,58.0
5396,25.0,58.0
5397,25.0,58.0
5398,25.0,58.0
5399,25.0,58.0
5400,25.0,58.0
5401,25.0,59.0
5402,25.0,59.0
5403,25.0,59.0
5404,25.0,58.0
5405,25.0,58.0
5406,25.0,57.0
5407,25.0,57.0
5408,25.0,56.0
5409,25.0,56.0
5410,25.0,55.0
5411,25.0,55.0
5412,25.0,55.0
5413,25.0,54.0
5414,25.0,53.0
5415,25.0,53.0
5416,25.0,53.0
5417,25.0,53.0
5418,25.0,53.0
5419,25.0,54.0
5420,25.0,55.0
5421,25.0,55.0
5422,25.0,56.0
5423,25.0,56.0
5424,25.0,56.0
5425,25.0,56.0
5426,25.0,56.0
5427,25.0,56.0
5428,25.0,56.0
5429,25.0,56.0
5430,25.0,56.0
5431,25.0,56.0
5432,25.0,56.0
5433,25.0,56.0
5434,25.0,57.0
5435,25.0,57.0
5436,25.0,57.0
5437,25.0,57.0
5438,25.0,58.0
5439,25.0,58.0
5440,25.0,58.0
5441,25.0,58.0
5442,25.0,59.0
5443,25.0,60.0
5444,25.0,60.0
5445,25.0,61.0
5446,25.0,60.0
5447,25.0,60.0
5448,25.0,59.0
5449,25.0,59.0
5450,25.0,59.0
5451,25.0,60.0
5452,25.0,61.0
5453,25.0,62.0
5454,25.0,62.0
5455,25.0,63.0
5456,25.0,64.0
5457,25.0,66.0
5458,25.0,66.0
5459,25.0,66.99999999999999
5460,25.0,69.00000000000001
5461,25.0,70.0
5462,25.0,70.99999999999999
5463,25.0,70.99999999999999
5464,25.0,72.0
5465,25.0,72.0
5466,25.0,73.00000000000001
5467,25.0,74.0
5468,25.0,74.99999999999999
5469,25.0,74.0
5470,25.0,74.0
5471,25.0,74.0
5472,25.0,74.0
5473,25.0,74.99999999999999
5474,25.0,76.0
5475,25.0,76.0
5476,25.0,76.0
5477,25.0,76.0
5478,25.0,76.0
5479,25.0,74.99999999999999
5480,25.0,74.0
5481,25.0,73.00000000000001
5482,25.0,73.00000000000001
5483,25.0,73.00000000000001
5484,25.0,70.99999999999999
5485,25.0,70.0
5486,25.0,69.00000000000001
5487,25.0,69.00000000000001
5488,25.0,68.0
5489,25.0,66.99999999999999
5490,25.0,66.0
5491,25.0,65.0
5492,25.0,64.0
5493,25.0,64.0
5494,25.0,64.0
5495,25.0,65.0
5496,25.0,65.0
5497,25.0,64.0
5498,25.0,63.0
5499,25.0,62.0
5500,25.0,61.0
5501,25.0,60.0
5502,25.0,60.0
5503,25.0,60.0
5504,25.0,60.0
5505,25.0,60.0
5506,25.0,59.0
5507,25.0,59.0
5508,25.0,59.0
5509,25.0,58.0
5510,25.0,57.0
5511,25.0,57.0
5512,25.0,57.0
5513,25.0,57.0
5514,25.0,56.0
5515,25.0,56.0
5516,25.0,56.0
5517,25.0,56.0
5518,25.0,56.0
5519,25.0,56.0
5520,25.0,57.0
5521,25.0,57.0
5522,25.0,58.0
5523,25.0,59.0
5524,25.0,60.0
5525,25.0,60.0
5526,25.0,59.0
5527,25.0,59.0
5528,25.0,59.0
5529,25.0,58.0
5530,25.0,57.0
5531,25.0,57.0
5532,25.0,57.0
5533,25.0,58.0
5534,25.0,59.0
5535,25.0,59.0
5536,25.0,58.0
5537,25.0,58.0
5538,25.0,59.0
5539,25.0,60.0
5540,25.0,62.0
5541,25.0,62.0
5542,25.0,63.0
5543,25.0,64.0
5544,25.0,63.0
5545,25.0,63.0
5546,25.0,62.0
5547,25.0,62.0
5548,25.0,59.0
5549,25.0,61.0
5550,25.0,63.0
5551,25.0,64.0
5552,25.0,64.0
5553,25.0,63.0
5554,25.0,64.0
5555,25.0,63.0
5556,25.0,63.0
5557,25.0,64.0
5558,25.0,65.0
5559,25.0,64.0
5560,25.0,63.0
5561,25.0,64.0
5562,25.0,65.0
5563,25.0,65.0
5564,25.0,66.0
5565,25.0,66.0
5566,25.0,65.0
5567,25.0,65.0
5568,25.0,65.0
5569,25.0,66.0
5570,25.0,66.0
5571,25.0,65.0
5572,25.0,64.0
5573,25.0,65.0
5574,25.0,66.0
5575,25.0,66.0
5576,25.0,66.99999999999999
5577,25.0,66.99999999999999
5578,25.0,66.0
5579,25.0,66.0
5580,25.0,65.0
5581,25.0,65.0
5582,25.0,64.0
5583,25.0,63.0
5584,25.0,63.0
5585,25.0,62.0
5586,25.0,63.0
5587,25.0,62.0
5588,25.0,61.0
5589,25.0,60.0
5590,25.0,60.0
5591,25.0,58.0
5592,25.0,58.0
5593,25.0,57.0
5594,25.0,56.0
5595,25.0,55.0
5596,25.0,60.0
5597,25.0,61.0
5598,25.0,61.0
5599,25.0,61.0
5600,25.0,61.0
5601,25.0,60.0
5602,25.0,60.0
5603,25.0,59.0
5604,25.0,58.0
5605,25.0,57.0
5606,25.0,56.0
5607,25.0,56.0
5608,25.0,55.0
5609,25.0,55.0
5610,25.0,56.0
5611,25.0,56.0
5612,25.0,56.0
5613,25.0,56.0
5614,25.0,56.0
5615,25.0,55.0
5616,25.0,56.0
5617,25.0,56.0
5618,25.0,56.0
5619,25.0,56.0
5620,25.0,70.99999999999999
5621,25.0,72.0
5622,25.0,73.00000000000001
5623,25.0,73.00000000000001
5624,25.0,74.0
5625,25.0,76.0
5626,25.0,77.00000000000001
5627,25.0,77.00000000000001
5628,25.0,78.0
5629,25.0,78.0
5630,25.0,78.99999999999999
5631,25.0,78.99999999999999
5632,25.0,78.99999999999999
5633,25.0,80.0
5634,25.0,80.0
5635,25.0,80.0
5636,25.0,80.0
5637,25.0,80.0
5638,25.0,78.99999999999999
5639,25.0,78.99999999999999
5640,25.0,78.0
5641,25.0,77.00000000000001
5642,25.0,77.00000000000001
5643,25.0,76.0
5644,25.0,60.0
5645,25.0,59.0
5646,25.0,59.0
5647,25.0,60.0
5648,25.0,60.0
5649,25.0,61.0
5650,25.0,61.0
5651,25.0,61.0
5652,25.0,63.0
5653,25.0,64.0
5654,25.0,65.0
5655,25.0,66.0
5656,25.0,66.99999999999999
5657,25.0,66.99999999999999
5658,25.0,68.0
5659,25.0,68.0
5660,25.0,69.00000000000001
5661,25.0,70.0
5662,25.0,70.0
5663,25.0,70.99999999999999
5664,25.0,70.0
5665,25.0,70.0
5666,25.0,70.0
5667,25.0,70.0
5668,25.0,56.0
5669,25.0,56.0
5670,25.0,55.0
5671,25.0,55.0
5672,25.0,55.0
5673,25.0,56.0
5674,25.0,56.0
5675,25.0,56.0
5676,25.0,56.0
5677,25.0,56.0
5678,25.0,57.0
5679,25.0,58.0
5680,25.0,58.0
5681,25.0,58.0
5682,25.0,59.0
5683,25.0,59.0
5684,25.0,60.0
5685,25.0,60.0
5686,25.0,59.0
5687,25.0,60.0
5688,25.0,62.0
5689,25.0,62.0
5690,25.0,66.0
5691,25.0,68.0
5692,25.0,45.0
5693,25.0,41.0
5694,25.0,35.0
5695,25.0,29.0
5696,25.0,24.0
5697,25.0,24.0
5698,25.0,24.0
5699,25.0,23.0
5700,25.0,23.0
5701,25.0,23.0
5702,25.0,23.0
5703,25.0,22.0
5704,25.0,22.0
5705,25.0,23.0
5706,25.0,24.0
5707,25.0,23.0
5708,25.0,24.0
5709,25.0,26.0
5710,25.0,27.0
5711,25.0,28.0
5712,25.0,31.0
5713,25.0,32.0
5714,25.0,31.0
5715,25.0,31.0
5716,25.0,62.0
5717,25.0,64.0
5718,25.0,64.0
5719,25.0,64.0
5720,25.0,64.0
5721,25.0,64.0
5722,25.0,64.0
5723,25.0,65.0
5724,25.0,66.0
5725,25.0,66.99999999999999
5726,25.0,68.0
5727,25.0,69.00000000000001
5728,25.0,70.0
5729,25.0,70.0
5730,25.0,70.0
5731,25.0,70.0
5732,25.0,70.0
5733,25.0,69.00000000000001
5734,25.0,69.00000000000001
5735,25.0,70.0
5736,25.0,70.99999999999999
5737,25.0,70.99999999999999
5738,25.0,70.99999999999999
5739,25.0,69.00000000000001
5740,25.0,55.0
5741,25.0,55.0
5742,25.0,55.0
5743,25.0,56.0
5744,25.0,57.0
5745,25.0,58.0
5746,25.0,59.0
5747,25.0,60.0
5748,25.0,60.0
5749,25.0,60.0
5750,25.0,60.0
5751,25.0,60.0
5752,25.0,59.0
5753,25.0,59.0
5754,25.0,59.0
5755,25.0,60.0
5756,25.0,60.0
5757,25.0,60.0
5758,25.0,61.0
5759,25.0,62.0
5760,25.0,63.0
5761,25.0,63.0
5762,25.0,63.0
5763,25.0,64.0
5764,25.0,76.0
5765,25.0,76.0
5766,25.0,74.99999999999999
5767,25.0,74.0
5768,25.0,74.0
5769,25.0,70.99999999999999
5770,25.0,70.99999999999999
5771,25.0,70.99999999999999
5772,25.0,72.0
5773,25.0,72.0
5774,25.0,73.00000000000001
5775,25.0,73.00000000000001
5776,25.0,72.0
5777,25.0,72.0
5778,25.0,70.99999999999999
5779,25.0,70.0
5780,25.0,70.0
5781,25.0,69.00000000000001
5782,25.0,68.0
5783,25.0,68.0
5784,25.0,68.0
5785,25.0,68.0
5786,25.0,68.0
5787,25.0,68.0
5788,25.0,58.0
5789,25.0,57.0
5790,25.0,56.0
5791,25.0,54.0
5792,25.0,53.0
5793,25.0,52.0
5794,25.0,53.0
5795,25.0,52.0
5796,25.0,52.0
5797,25.0,52.0
5798,25.0,51.0
5799,25.0,48.0
5800,25.0,50.0
5801,25.0,48.0
5802,25.0,49.0
5803,25.0,49.0
5804,25.0,49.0
5805,25.0,49.0
5806,25.0,47.0
5807,25.0,45.0
5808,25.0,43.0
5809,25.0,43.0
5810,25.0,41.0
5811,25.0,41.0
5812,25.0,61.0
5813,25.0,63.0
5814,25.0,64.0
5815,25.0,65.0
5816,25.0,65.0
5817,25.0,65.0
5818,25.0,65.0
5819,25.0,66.0
5820,25.0,66.99999999999999
5821,25.0,66.99999999999999
5822,25.0,68.0
5823,25.0,69.00000000000001
5824,25.0,69.00000000000001
5825,25.0,69.00000000000001
5826,25.0,69.00000000000001
5827,25.0,69.00000000000001
5828,25.0,69.00000000000001
5829,25.0,69.00000000000001
5830,25.0,69.00000000000001
5831,25.0,70.0
5832,25.0,70.0
5833,25.0,69.00000000000001
5834,25.0,69.00000000000001
5835,25.0,68.0
5836,25.0,60.0
5837,25.0,61.0
5838,25.0,61.0
5839,25.0,62.0
5840,25.0,63.0
5841,25.0,65.0
5842,25.0,66.99999999999999
5843,25.0,68.0
5844,25.0,69.00000000000001
5845,25.0,70.0
5846,25.0,70.99999999999999
5847,25.0,70.99999999999999
5848,25.0,70.99999999999999
5849,25.0,70.99999999999999
5850,25.0,70.99999999999999
5851,25.0,70.99999999999999
5852,25.0,70.99999999999999
5853,25.0,70.99999999999999
5854,25.0,70.99999999999999
5855,25.0,72.0
5856,25.0,72.0
5857,25.0,72.0
5858,25.0,70.0
5859,25.0,70.99999999999999
5860,25.0,70.99999999999999
5861,25.0,70.0
5862,25.0,69.00000000000001
5863,25.0,68.0
5864,25.0,66.0
5865,25.0,65.0
5866,25.0,65.0
5867,25.0,64.0
5868,25.0,64.0
5869,25.0,63.0
5870,25.0,63.0
5871,25.0,63.0
5872,25.0,63.0
5873,25.0,63.0
5874,25.0,62.0
5875,25.0,61.0
5876,25.0,61.0
5877,25.0,61.0
5878,25.0,60.0
5879,25.0,60.0
5880,25.0,60.0
5881,25.0,59.0
5882,25.0,58.0
5883,25.0,56.0
5884,25.0,55.0
5885,25.0,54.0
5886,25.0,54.0
5887,25.0,53.0
5888,25.0,52.0
5889,25.0,52.0
5890,25.0,52.0
5891,25.0,52.0
5892,25.0,50.0
5893,25.0,48.0
5894,25.0,47.0
5895,25.0,46.0
5896,25.0,48.0
5897,25.0,46.0
5898,25.0,49.0
5899,25.0,49.0
5900,25.0,51.0
5901,25.0,51.0
5902,25.0,52.0
5903,25.0,52.0
5904,25.0,52.0
5905,25.0,52.0
5906,25.0,53.0
5907,25.0,53.0
5908,25.0,53.0
5909,25.0,53.0
5910,25.0,53.0
5911,25.0,53.0
5912,25.0,53.0
5913,25.0,53.0
5914,25.0,53.0
5915,25.0,53.0
5916,25.0,52.0
5917,25.0,52.0
5918,25.0,52.0
5919,25.0,53.0
5920,25.0,53.0
5921,25.0,53.0
5922,25.0,53.0
5923,25.0,53.0
5924,25.0,53.0
5925,25.0,53.0
5926,25.0,54.0
5927,25.0,54.0
5928,25.0,55.0
5929,25.0,55.0
5930,25.0,56.0
5931,25.0,56.0
5932,25.0,56.0
5933,25.0,57.0
5934,25.0,57.0
5935,25.0,58.0
5936,25.0,58.0
5937,25.0,59.0
5938,25.0,59.0
5939,25.0,59.0
5940,25.0,60.0
5941,25.0,60.0
5942,25.0,61.0
5943,25.0,61.0
5944,25.0,62.0
5945,25.0,62.0
5946,25.0,63.0
5947,25.0,63.0
5948,25.0,63.0
5949,25.0,62.0
5950,25.0,62.0
5951,25.0,62.0
5952,25.0,62.0
5953,25.0,62.0
5954,25.0,60.0
5955,25.0,59.0
5956,25.0,58.0
5957,25.0,58.0
5958,25.0,58.0
5959,25.0,58.0
5960,25.0,58.0
5961,25.0,58.0
5962,25.0,57.0
5963,25.0,57.0
5964,25.0,57.0
5965,25.0,57.0
5966,25.0,56.0
5967,25.0,56.0
5968,25.0,57.0
5969,25.0,57.0
5970,25.0,58.0
5971,25.0,56.0
5972,25.0,55.0
5973,25.0,56.0
5974,25.0,55.0
5975,25.0,55.0
5976,25.0,55.0
5977,25.0,55.0
5978,25.0,56.0
5979,25.0,56.0
5980,25.0,56.0
5981,25.0,56.0
5982,25.0,56.0
5983,25.0,55.0
5984,25.0,55.0
5985,25.0,56.0
5986,25.0,55.0
5987,25.0,55.0
5988,25.0,55.0
5989,25.0,55.0
5990,25.0,54.0
5991,25.0,54.0
5992,25.0,54.0
5993,25.0,55.0
5994,25.0,56.0
5995,25.0,58.0
5996,25.0,59.0
5997,25.0,59.0
5998,25.0,59.0
5999,25.0,59.0
6000,25.0,59.0
6001,25.0,58.0
6002,25.0,57.0
6003,25.0,57.0
6004,25.0,57.0
6005,25.0,57.0
6006,25.0,58.0
6007,25.0,58.0
6008,25.0,59.0
6009,25.0,59.0
6010,25.0,60.0
6011,25.0,61.0
6012,25.0,60.0
6013,25.0,60.0
6014,25.0,60.0
6015,25.0,59.0
6016,25.0,59.0
6017,25.0,57.0
6018,25.0,56.0
6019,25.0,56.0
6020,25.0,56.0
6021,25.0,55.0
6022,25.0,55.0
6023,25.0,56.0
6024,25.0,56.0
6025,25.0,56.0
6026,25.0,57.0
6027,25.0,58.0
6028,25.0,59.0
6029,25.0,60.0
6030,25.0,62.0
6031,25.0,63.0
6032,25.0,63.0
6033,25.0,62.0
6034,25.0,62.0
6035,25.0,63.0
6036,25.0,64.0
6037,25.0,65.0
6038,25.0,68.0
6039,25.0,68.0
6040,25.0,69.00000000000001
6041,25.0,69.00000000000001
6042,25.0,69.00000000000001
6043,25.0,69.00000000000001
6044,25.0,69.00000000000001
6045,25.0,69.00000000000001
6046,25.0,69.00000000000001
6047,25.0,70.0
6048,25.0,70.0
6049,25.0,70.0
6050,25.0,68.0
6051,25.0,68.0
6052,25.0,66.99999999999999
6053,25.0,66.0
6054,25.0,63.0
6055,25.0,62.0
6056,25.0,61.0
6057,25.0,60.0
6058,25.0,59.0
6059,25.0,58.0
6060,25.0,57.0
6061,25.0,55.0
6062,25.0,54.0
6063,25.0,54.0
6064,25.0,54.0
6065,25.0,54.0
6066,25.0,54.0
6067,25.0,54.0
6068,25.0,53.0
6069,25.0,53.0
6070,25.0,53.0
6071,25.0,53.0
6072,25.0,53.0
6073,25.0,53.0
6074,25.0,53.0
6075,25.0,53.0
6076,25.0,53.0
6077,25.0,52.0
6078,25.0,52.0
6079,25.0,52.0
6080,25.0,51.0
6081,25.0,51.0
6082,25.0,51.0
6083,25.0,52.0
6084,25.0,52.0
6085,25.0,52.0
6086,25.0,52.0
6087,25.0,52.0
6088,25.0,51.0
6089,25.0,51.0
6090,25.0,51.0
6091,25.0,49.0
6092,25.0,51.0
6093,25.0,49.0
6094,25.0,47.0
6095,25.0,46.0
6096,25.0,44.0
6097,25.0,43.0
6098,25.0,41.0
6099,25.0,40.0
6100,25.0,37.0
6101,25.0,37.0
6102,25.0,37.0
6103,25.0,38.0
6104,25.0,38.0
6105,25.0,39.0
6106,25.0,39.0
6107,25.0,38.0
6108,25.0,38.0
6109,25.0,42.0
6110,25.0,44.0
6111,25.0,45.0
6112,25.0,46.0
6113,25.0,45.0
6114,25.0,45.0
6115,25.0,46.0
6116,25.0,46.0
6117,25.0,49.0
6118,25.0,48.0
6119,25.0,48.0
6120,25.0,49.0
6121,25.0,49.0
6122,25.0,51.0
6123,25.0,52.0
6124,25.0,52.0
6125,25.0,52.0
6126,25.0,52.0
6127,25.0,52.0
6128,25.0,52.0
6129,25.0,52.0
6130,25.0,52.0
6131,25.0,52.0
6132,25.0,52.0
6133,25.0,49.0
6134,25.0,45.0
6135,25.0,44.0
6136,25.0,44.0
6137,25.0,46.0
6138,25.0,46.0
6139,25.0,44.0
6140,25.0,44.0
6141,25.0,41.0
6142,25.0,43.0
6143,25.0,42.0
6144,25.0,42.0
6145,25.0,43.0
6146,25.0,43.0
6147,25.0,42.0
6148,25.0,43.0
6149,25.0,44.0
6150,25.0,43.0
6151,25.0,43.0
6152,25.0,43.0
6153,25.0,42.0
6154,25.0,42.0
6155,25.0,42.0
6156,25.0,42.0
6157,25.0,44.0
6158,25.0,45.0
6159,25.0,43.0
6160,25.0,41.0
6161,25.0,39.0
6162,25.0,38.0
6163,25.0,39.0
6164,25.0,39.0
6165,25.0,37.0
6166,25.0,38.0
6167,25.0,38.0
6168,25.0,39.0
6169,25.0,37.0
6170,25.0,34.0
6171,25.0,32.0
6172,25.0,33.0
6173,25.0,35.0
6174,25.0,38.0
6175,25.0,38.0
6176,25.0,38.0
6177,25.0,39.0
6178,25.0,39.0
6179,25.0,39.0
6180,25.0,39.0
6181,25.0,39.0
6182,25.0,40.0
6183,25.0,40.0
6184,25.0,40.0
6185,25.0,39.0
6186,25.0,42.0
6187,25.0,41.0
6188,25.0,42.0
6189,25.0,42.0
6190,25.0,44.0
6191,25.0,45.0
6192,25.0,46.0
6193,25.0,48.0
6194,25.0,50.0
6195,25.0,52.0
6196,25.0,53.0
6197,25.0,53.0
6198,25.0,52.0
6199,25.0,52.0
6200,25.0,52.0
6201,25.0,53.0
6202,25.0,52.0
6203,25.0,52.0
6204,25.0,52.0
6205,25.0,52.0
6206,25.0,52.0
6207,25.0,52.0
6208,25.0,52.0
6209,25.0,52.0
6210,25.0,52.0
6211,25.0,52.0
6212,25.0,52.0
6213,25.0,52.0
6214,25.0,52.0
6215,25.0,52.0
6216,25.0,52.0
6217,25.0,53.0
6218,25.0,53.0
6219,25.0,53.0
6220,25.0,51.0
6221,25.0,47.0
6222,25.0,45.0
6223,25.0,45.0
6224,25.0,46.0
6225,25.0,45.0
6226,25.0,46.0
6227,25.0,47.0
6228,25.0,47.0
6229,25.0,46.0
6230,25.0,45.0
6231,25.0,45.0
6232,25.0,46.0
6233,25.0,45.0
6234,25.0,47.0
6235,25.0,47.0
6236,25.0,49.0
6237,25.0,49.0
6238,25.0,47.0
6239,25.0,48.0
6240,25.0,49.0
6241,25.0,45.0
6242,25.0,44.0
6243,25.0,44.0
6244,25.0,46.0
6245,25.0,47.0
6246,25.0,48.0
6247,25.0,50.0
6248,25.0,50.0
6249,25.0,51.0
6250,25.0,51.0
6251,25.0,52.0
6252,25.0,53.0
6253,25.0,53.0
6254,25.0,54.0
6255,25.0,55.0
6256,25.0,55.0
6257,25.0,56.0
6258,25.0,57.0
6259,25.0,57.0
6260,25.0,58.0
6261,25.0,59.0
6262,25.0,59.0
6263,25.0,60.0
6264,25.0,61.0
6265,25.0,61.0
6266,25.0,62.0
6267,25.0,63.0
6268,25.0,64.0
6269,25.0,63.0
6270,25.0,62.0
6271,25.0,61.0
6272,25.0,62.0
6273,25.0,62.0
6274,25.0,62.0
6275,25.0,62.0
6276,25.0,62.0
6277,25.0,62.0
6278,25.0,62.0
6279,25.0,62.0
6280,25.0,61.0
6281,25.0,61.0
6282,25.0,61.0
6283,25.0,59.0
6284,25.0,59.0
6285,25.0,59.0
6286,25.0,59.0
6287,25.0,59.0
6288,25.0,59.0
6289,25.0,60.0
6290,25.0,60.0
6291,25.0,61.0
6292,25.0,55.0
6293,25.0,55.0
6294,25.0,54.0
6295,25.0,54.0
6296,25.0,54.0
6297,25.0,54.0
6298,25.0,54.0
6299,25.0,54.0
6300,25.0,54.0
6301,25.0,54.0
6302,25.0,53.0
6303,25.0,54.0
6304,25.0,54.0
6305,25.0,54.0
6306,25.0,54.0
6307,25.0,55.0
6308,25.0,56.0
6309,25.0,56.0
6310,25.0,56.0
6311,25.0,55.0
6312,25.0,55.0
6313,25.0,55.0
6314,25.0,55.0
6315,25.0,55.0
6316,25.0,56.0
6317,25.0,56.0
6318,25.0,56.0
6319,25.0,55.0
6320,25.0,55.0
6321,25.0,55.0
6322,25.0,55.0
6323,25.0,55.0
6324,25.0,55.0
6325,25.0,54.0
6326,25.0,54.0
6327,25.0,53.0
6328,25.0,53.0
6329,25.0,53.0
6330,25.0,52.0
6331,25.0,53.0
6332,25.0,52.0
6333,25.0,50.0
6334,25.0,47.0
6335,25.0,46.0
6336,25.0,46.0
6337,25.0,49.0
6338,25.0,49.0
6339,25.0,49.0
6340,25.0,77.00000000000001
6341,25.0,80.0
6342,25.0,80.0
6343,25.0,80.0
6344,25.0,81.00000000000001
6345,25.0,80.0
6346,25.0,81.00000000000001
6347,25.0,81.00000000000001
6348,25.0,80.0
6349,25.0,81.00000000000001
6350,25.0,81.00000000000001
6351,25.0,82.0
6352,25.0,82.0
6353,25.0,82.0
6354,25.0,81.00000000000001
6355,25.0,81.00000000000001
6356,25.0,81.00000000000001
6357,25.0,81.00000000000001
6358,25.0,81.00000000000001
6359,25.0,81.00000000000001
6360,25.0,82.0
6361,25.0,82.0
6362,25.0,82.99999999999999
6363,25.0,82.99999999999999
6364,25.0,70.99999999999999
6365,25.0,70.99999999999999
6366,25.0,70.99999999999999
6367,25.0,70.99999999999999
6368,25.0,70.0
6369,25.0,70.0
6370,25.0,70.0
6371,25.0,70.0
6372,25.0,70.0
6373,25.0,69.00000000000001
6374,25.0,68.0
6375,25.0,66.99999999999999
6376,25.0,66.99999999999999
6377,25.0,66.99999999999999
6378,25.0,66.99999999999999
6379,25.0,66.99999999999999
6380,25.0,66.0
6381,25.0,66.99999999999999
6382,25.0,66.99999999999999
6383,25.0,66.0
6384,25.0,69.00000000000001
6385,25.0,69.00000000000001
6386,25.0,69.00000000000001
6387,25.0,68.0
6388,25.0,68.0
6389,25.0,68.0
6390,25.0,69.00000000000001
6391,25.0,69.00000000000001
6392,25.0,69.00000000000001
6393,25.0,68.0
6394,25.0,66.99999999999999
6395,25.0,66.0
6396,25.0,66.0
6397,25.0,65.0
6398,25.0,64.0
6399,25.0,63.0
6400,25.0,63.0
6401,25.0,63.0
6402,25.0,63.0
6403,25.0,64.0
6404,25.0,63.0
6405,25.0,63.0
6406,25.0,64.0
6407,25.0,63.0
6408,25.0,61.0
6409,25.0,60.0
6410,25.0,55.0
6411,25.0,54.0
6412,25.0,32.0
6413,25.0,32.0
6414,25.0,33.0
6415,25.0,35.0
6416,25.0,37.0
6417,25.0,38.0
6418,25.0,40.0
6419,25.0,41.0
6420,25.0,42.0
6421,25.0,43.0
6422,25.0,45.0
6423,25.0,47.0
6424,25.0,48.0
6425,25.0,47.0
6426,25.0,47.0
6427,25.0,48.0
6428,25.0,49.0
6429,25.0,48.0
6430,25.0,49.0
6431,25.0,49.0
6432,25.0,49.0
6433,25.0,48.0
6434,25.0,50.0
6435,25.0,52.0
6436,25.0,66.0
6437,25.0,64.0
6438,25.0,65.0
6439,25.0,65.0
6440,25.0,66.0
6441,25.0,66.0
6442,25.0,66.0
6443,25.0,66.0
6444,25.0,66.0
6445,25.0,66.99999999999999
6446,25.0,66.99999999999999
6447,25.0,66.99999999999999
6448,25.0,66.0
6449,25.0,66.0
6450,25.0,66.99999999999999
6451,25.0,66.99999999999999
6452,25.0,66.99999999999999
6453,25.0,66.0
6454,25.0,66.0
6455,25.0,66.0
6456,25.0,65.0
6457,25.0,64.0
6458,25.0,63.0
6459,25.0,63.0
6460,25.0,64.0
6461,25.0,65.0
6462,25.0,65.0
6463,25.0,65.0
6464,25.0,65.0
6465,25.0,65.0
6466,25.0,65.0
6467,25.0,65.0
6468,25.0,66.0
6469,25.0,66.99999999999999
6470,25.0,69.00000000000001
6471,25.0,69.00000000000001
6472,25.0,70.0
6473,25.0,70.99999999999999
6474,25.0,73.00000000000001
6475,25.0,73.00000000000001
6476,25.0,74.0
6477,25.0,74.99999999999999
6478,25.0,76.0
6479,25.0,76.0
6480,25.0,76.0
6481,25.0,77.00000000000001
6482,25.0,77.00000000000001
6483,25.0,78.0
6484,25.0,68.0
6485,25.0,69.00000000000001
6486,25.0,68.0
6487,25.0,68.0
6488,25.0,68.0
6489,25.0,68.0
6490,25.0,68.0
6491,25.0,66.99999999999999
6492,25.0,65.0
6493,25.0,63.0
6494,25.0,62.0
6495,25.0,62.0
6496,25.0,61.0
6497,25.0,62.0
6498,25.0,63.0
6499,25.0,64.0
6500,25.0,65.0
6501,25.0,65.0
6502,25.0,66.0
6503,25.0,66.99999999999999
6504,25.0,66.99999999999999
6505,25.0,68.0
6506,25.0,69.00000000000001
6507,25.0,70.0
6508,25.0,42.0
6509,25.0,43.0
6510,25.0,52.0
6511,25.0,53.0
6512,25.0,54.0
6513,25.0,54.0
6514,25.0,53.0
6515,25.0,53.0
6516,25.0,53.0
6517,25.0,53.0
6518,25.0,53.0
6519,25.0,53.0
6520,25.0,53.0
6521,25.0,53.0
6522,25.0,54.0
6523,25.0,54.0
6524,25.0,54.0
6525,25.0,54.0
6526,25.0,55.0
6527,25.0,55.0
6528,25.0,55.0
6529,25.0,55.0
6530,25.0,58.0
6531,25.0,59.0
6532,25.0,66.99999999999999
6533,25.0,65.0
6534,25.0,64.0
6535,25.0,64.0
6536,25.0,63.0
6537,25.0,63.0
6538,25.0,62.0
6539,25.0,62.0
6540,25.0,62.0
6541,25.0,61.0
6542,25.0,61.0
6543,25.0,62.0
6544,25.0,62.0
6545,25.0,63.0
6546,25.0,63.0
6547,25.0,62.0
6548,25.0,62.0
6549,25.0,62.0
6550,25.0,63.0
6551,25.0,62.0
6552,25.0,61.0
6553,25.0,61.0
6554,25.0,61.0
6555,25.0,61.0
6556,25.0,61.0
6557,25.0,60.0
6558,25.0,60.0
6559,25.0,59.0
6560,25.0,59.0
6561,25.0,58.0
6562,25.0,58.0
6563,25.0,57.0
6564,25.0,57.0
6565,25.0,56.0
6566,25.0,55.0
6567,25.0,54.0
6568,25.0,53.0
6569,25.0,53.0
6570,25.0,54.0
6571,25.0,54.0
6572,25.0,55.0
6573,25.0,55.0
6574,25.0,56.0
6575,25.0,55.0
6576,25.0,56.0
6577,25.0,56.0
6578,25.0,56.0
6579,25.0,56.0
6580,25.0,56.0
6581,25.0,56.0
6582,25.0,56.0
6583,25.0,56.0
6584,25.0,56.0
6585,25.0,56.0
6586,25.0,57.0
6587,25.0,57.0
6588,25.0,57.0
6589,25.0,57.0
6590,25.0,57.0
6591,25.0,58.0
6592,25.0,58.0
6593,25.0,57.0
6594,25.0,57.0
6595,25.0,57.0
6596,25.0,56.0
6597,25.0,56.0
6598,25.0,55.0
6599,25.0,55.0
6600,25.0,55.0
6601,25.0,55.0
6602,25.0,54.0
6603,25.0,55.0
6604,25.0,54.0
6605,25.0,54.0
6606,25.0,55.0
6607,25.0,55.0
6608,25.0,55.0
6609,25.0,55.0
6610,25.0,55.0
6611,25.0,55.0
6612,25.0,55.0
6613,25.0,56.0
6614,25.0,56.0
6615,25.0,56.0
6616,25.0,56.0
6617,25.0,56.0
6618,25.0,56.0
6619,25.0,56.0
6620,25.0,56.0
6621,25.0,56.0
6622,25.0,56.0
6623,25.0,57.0
6624,25.0,57.0
6625,25.0,58.0
6626,25.0,60.0
6627,25.0,61.0
6628,25.0,62.0
6629,25.0,64.0
6630,25.0,63.0
6631,25.0,62.0
6632,25.0,61.0
6633,25.0,61.0
6634,25.0,60.0
6635,25.0,60.0
6636,25.0,60.0
6637,25.0,60.0
6638,25.0,60.0
6639,25.0,60.0
6640,25.0,61.0
6641,25.0,60.0
6642,25.0,60.0
6643,25.0,60.0
6644,25.0,61.0
6645,25.0,61.0
6646,25.0,61.0
6647,25.0,61.0
6648,25.0,60.0
6649,25.0,60.0
6650,25.0,58.0
6651,25.0,57.0
6652,25.0,56.0
6653,25.0,55.0
6654,25.0,55.0
6655,25.0,55.0
6656,25.0,55.0
6657,25.0,56.0
6658,25.0,56.0
6659,25.0,56.0
6660,25.0,56.0
6661,25.0,55.0
6662,25.0,55.0
6663,25.0,54.0
6664,25.0,54.0
6665,25.0,54.0
6666,25.0,54.0
6667,25.0,54.0
6668,25.0,53.0
6669,25.0,53.0
6670,25.0,54.0
6671,25.0,54.0
6672,25.0,55.0
6673,25.0,54.0
6674,25.0,55.0
6675,25.0,55.0
6676,25.0,55.0
6677,25.0,55.0
6678,25.0,54.0
6679,25.0,54.0
6680,25.0,55.0
6681,25.0,54.0
6682,25.0,54.0
6683,25.0,53.0
6684,25.0,53.0
6685,25.0,53.0
6686,25.0,53.0
6687,25.0,53.0
6688,25.0,53.0
6689,25.0,54.0
6690,25.0,54.0
6691,25.0,54.0
6692,25.0,55.0
6693,25.0,54.0
6694,25.0,53.0
6695,25.0,52.0
6696,25.0,52.0
6697,25.0,51.0
6698,25.0,53.0
6699,25.0,53.0
6700,25.0,53.0
6701,25.0,53.0
6702,25.0,53.0
6703,25.0,52.0
6704,25.0,52.0
6705,25.0,52.0
6706,25.0,53.0
6707,25.0,54.0
6708,25.0,55.0
6709,25.0,55.0
6710,25.0,55.0
6711,25.0,55.0
6712,25.0,55.0
6713,25.0,55.0
6714,25.0,54.0
6715,25.0,55.0
6716,25.0,55.0
6717,25.0,55.0
6718,25.0,55.0
6719,25.0,55.0
6720,25.0,55.0
6721,25.0,56.0
6722,25.0,55.0
6723,25.0,55.0
6724,25.0,55.0
6725,25.0,55.0
6726,25.0,55.0
6727,25.0,55.0
6728,25.0,55.0
6729,25.0,55.0
6730,25.0,55.0
6731,25.0,54.0
6732,25.0,54.0
6733,25.0,54.0
6734,25.0,53.0
6735,25.0,53.0
6736,25.0,54.0
6737,25.0,54.0
6738,25.0,54.0
6739,25.0,54.0
6740,25.0,54.0
6741,25.0,54.0
6742,25.0,54.0
6743,25.0,54.0
6744,25.0,53.0
6745,25.0,53.0
6746,25.0,53.0
6747,25.0,53.0
6748,25.0,53.0
6749,25.0,53.0
6750,25.0,54.0
6751,25.0,54.0
6752,25.0,54.0
6753,25.0,55.0
6754,25.0,56.0
6755,25.0,56.0
6756,25.0,56.0
6757,25.0,57.0
6758,25.0,56.0
6759,25.0,57.0
6760,25.0,56.0
6761,25.0,56.0
6762,25.0,56.0
6763,25.0,56.0
6764,25.0,55.0
6765,25.0,55.0
6766,25.0,56.0
6767,25.0,56.0
6768,25.0,56.0
6769,25.0,56.0
6770,25.0,56.0
6771,25.0,55.0
6772,25.0,55.0
6773,25.0,55.0
6774,25.0,55.0
6775,25.0,55.0
6776,25.0,55.0
6777,25.0,55.0
6778,25.0,54.0
6779,25.0,54.0
6780,25.0,53.0
6781,25.0,53.0
6782,25.0,54.0
6783,25.0,54.0
6784,25.0,53.0
6785,25.0,53.0
6786,25.0,53.0
6787,25.0,53.0
6788,25.0,54.0
6789,25.0,54.0
6790,25.0,54.0
6791,25.0,54.0
6792,25.0,54.0
6793,25.0,55.0
6794,25.0,55.0
6795,25.0,56.0
6796,25.0,57.0
6797,25.0,57.0
6798,25.0,58.0
6799,25.0,58.0
6800,25.0,57.0
6801,25.0,57.0
6802,25.0,57.0
6803,25.0,57.0
6804,25.0,57.0
6805,25.0,58.0
6806,25.0,57.0
6807,25.0,57.0
6808,25.0,57.0
6809,25.0,57.0
6810,25.0,57.0
6811,25.0,57.0
6812,25.0,56.0
6813,25.0,56.0
6814,25.0,56.0
6815,25.0,56.0
6816,25.0,56.0
6817,25.0,56.0
6818,25.0,55.0
6819,25.0,55.0
6820,25.0,54.0
6821,25.0,54.0
6822,25.0,54.0
6823,25.0,54.0
6824,25.0,54.0
6825,25.0,54.0
6826,25.0,54.0
6827,25.0,53.0
6828,25.0,53.0
6829,25.0,52.0
6830,25.0,51.0
6831,25.0,51.0
6832,25.0,51.0
6833,25.0,51.0
6834,25.0,51.0
6835,25.0,51.0
6836,25.0,52.0
6837,25.0,52.0
6838,25.0,52.0
6839,25.0,52.0
6840,25.0,52.0
6841,25.0,52.0
6842,25.0,52.0
6843,25.0,52.0
6844,25.0,52.0
6845,25.0,52.0
6846,25.0,51.0
6847,25.0,52.0
6848,25.0,51.0
6849,25.0,52.0
6850,25.0,51.0
6851,25.0,52.0
6852,25.0,52.0
6853,25.0,53.0
6854,25.0,55.0
6855,25.0,57.0
6856,25.0,57.0
6857,25.0,59.0
6858,25.0,60.0
6859,25.0,60.0
6860,25.0,59.0
6861,25.0,59.0
6862,25.0,58.0
6863,25.0,58.0
6864,25.0,58.0
6865,25.0,58.0
6866,25.0,58.0
6867,25.0,58.0
6868,25.0,58.0
6869,25.0,57.0
6870,25.0,57.0
6871,25.0,56.0
6872,25.0,56.0
6873,25.0,56.0
6874,25.0,56.0
6875,25.0,57.0
6876,25.0,56.0
6877,25.0,57.0
6878,25.0,56.0
6879,25.0,56.0
6880,25.0,55.0
6881,25.0,54.0
6882,25.0,53.0
6883,25.0,54.0
6884,25.0,54.0
6885,25.0,54.0
6886,25.0,54.0
6887,25.0,54.0
6888,25.0,54.0
6889,25.0,54.0
6890,25.0,53.0
6891,25.0,53.0
6892,25.0,55.0
6893,25.0,58.0
6894,25.0,59.0
6895,25.0,59.0
6896,25.0,59.0
6897,25.0,59.0
6898,25.0,60.0
6899,25.0,59.0
6900,25.0,59.0
6901,25.0,58.0
6902,25.0,57.0
6903,25.0,56.0
6904,25.0,56.0
6905,25.0,55.0
6906,25.0,55.0
6907,25.0,55.0
6908,25.0,55.0
6909,25.0,55.0
6910,25.0,55.0
6911,25.0,56.0
6912,25.0,56.0
6913,25.0,56.0
6914,25.0,56.0
6915,25.0,56.0
6916,25.0,55.0
6917,25.0,53.0
6918,25.0,53.0
6919,25.0,55.0
6920,25.0,57.0
6921,25.0,58.0
6922,25.0,59.0
6923,25.0,60.0
6924,25.0,60.0
6925,25.0,60.0
6926,25.0,61.0
6927,25.0,61.0
6928,25.0,61.0
6929,25.0,61.0
6930,25.0,61.0
6931,25.0,61.0
6932,25.0,62.0
6933,25.0,62.0
6934,25.0,62.0
6935,25.0,61.0
6936,25.0,61.0
6937,25.0,61.0
6938,25.0,61.0
6939,25.0,60.0
6940,25.0,60.0
6941,25.0,60.0
6942,25.0,59.0
6943,25.0,57.0
6944,25.0,56.0
6945,25.0,55.0
6946,25.0,54.0
6947,25.0,54.0
6948,25.0,54.0
6949,25.0,55.0
6950,25.0,55.0
6951,25.0,55.0
6952,25.0,55.0
6953,25.0,55.0
6954,25.0,55.0
6955,25.0,55.0
6956,25.0,55.0
6957,25.0,55.0
6958,25.0,54.0
6959,25.0,55.0
6960,25.0,54.0
6961,25.0,54.0
6962,25.0,54.0
6963,25.0,54.0
6964,25.0,54.0
6965,25.0,54.0
6966,25.0,54.0
6967,25.0,54.0
6968,25.0,54.0
6969,25.0,53.0
6970,25.0,53.0
6971,25.0,53.0
6972,25.0,53.0
6973,25.0,53.0
6974,25.0,54.0
6975,25.0,54.0
6976,25.0,54.0
6977,25.0,55.0
6978,25.0,56.0
6979,25.0,56.0
6980,25.0,56.0
6981,25.0,56.0
6982,25.0,56.0
6983,25.0,56.0
6984,25.0,56.0
6985,25.0,56.0
6986,25.0,56.0
6987,25.0,56.0
6988,25.0,57.0
6989,25.0,58.0
6990,25.0,58.0
6991,25.0,59.0
6992,25.0,63.0
6993,25.0,64.0
6994,25.0,64.0
6995,25.0,65.0
6996,25.0,64.0
6997,25.0,63.0
6998,25.0,61.0
6999,25.0,60.0
7000,25.0,59.0
7001,25.0,59.0
7002,25.0,58.0
7003,25.0,58.0
7004,25.0,58.0
7005,25.0,57.0
7006,25.0,58.0
7007,25.0,57.0
7008,25.0,58.0
7009,25.0,58.0
7010,25.0,58.0
7011,25.0,58.0
