,prediction,actual
0,68.88254,70.0
1,69.76814,70.0
2,69.73346,70.0
3,69.777565,70.0
4,69.92173,70.99999999999999
5,70.637566,70.99999999999999
6,70.51492,65.0
7,64.720276,66.0
8,65.506546,66.0
9,65.69205,66.0
10,65.814644,66.0
11,65.57486,65.0
12,64.622086,65.0
13,64.73522,65.0
14,64.69552,65.0
15,64.671265,65.0
16,65.08899,66.0
17,66.11426,66.0
18,66.41551,66.0
19,66.36614,66.0
20,66.22933,66.0
21,66.01508,65.0
22,64.95939,69.00000000000001
23,69.71423,69.00000000000001
24,68.90981,69.00000000000001
25,68.78619,69.00000000000001
26,68.85013,69.00000000000001
27,68.82262,69.00000000000001
28,68.86244,69.00000000000001
29,68.672356,69.00000000000001
30,68.60692,68.0
31,67.54301,68.0
32,67.35224,66.99999999999999
33,66.22812,66.99999999999999
34,66.18516,66.99999999999999
35,66.14602,66.99999999999999
36,66.27326,66.99999999999999
37,66.3596,66.0
38,65.38873,66.0
39,65.505165,66.0
40,65.689156,66.0
41,65.99004,65.0
42,65.107315,64.0
43,64.203896,64.0
44,64.23503,64.0
45,64.0963,64.0
46,63.98093,60.0
47,60.16803,59.0
48,59.1743,59.0
49,59.190216,60.0
50,60.904594,59.0
51,59.542774,58.0
52,59.009094,58.0
53,59.23705,59.0
54,61.082592,61.0
55,62.379505,62.0
56,62.615376,63.0
57,63.108734,64.0
58,63.827763,64.0
59,63.77297,64.0
60,63.919548,64.0
61,63.91928,65.0
62,64.55525,64.0
63,63.765884,64.0
64,63.94176,64.0
65,64.04529,64.0
66,64.1076,64.0
67,63.92559,63.0
68,63.118423,64.0
69,64.1318,64.0
70,63.939617,63.0
71,63.07016,63.0
72,63.186604,63.0
73,63.42684,63.0
74,63.146587,63.0
75,63.431984,63.0
76,63.82165,64.0
77,64.852615,64.0
78,65.102425,64.0
79,64.47757,63.0
80,63.24806,62.0
81,61.85031,62.0
82,61.62098,62.0
83,61.55294,61.0
84,60.5521,61.0
85,60.748608,61.0
86,60.789135,61.0
87,60.89681,61.0
88,61.079838,61.0
89,61.190666,61.0
90,61.253586,60.0
91,60.04597,60.0
92,60.148216,60.0
93,60.17351,60.0
94,60.13032,60.0
95,60.096905,60.0
96,60.296425,61.0
97,61.540466,61.0
98,61.242874,62.0
99,62.0053,62.0
100,62.06544,61.0
101,61.100693,59.0
102,59.175835,58.0
103,58.015766,58.0
104,58.068657,58.0
105,57.755463,57.0
106,56.77643,58.0
107,57.973072,58.0
108,57.88553,58.0
109,58.057327,58.0
110,58.17702,58.0
111,58.242367,58.0
112,58.123177,59.0
113,59.24105,58.0
114,58.09035,59.0
115,59.036655,59.0
116,59.31099,59.0
117,59.147503,59.0
118,59.137733,59.0
119,59.167767,74.99999999999999
120,77.196884,74.99999999999999
121,74.75644,74.99999999999999
122,74.583145,74.99999999999999
123,74.43985,74.99999999999999
124,74.55843,74.99999999999999
125,74.350815,74.99999999999999
126,74.40788,76.0
127,75.283646,76.0
128,75.16031,76.0
129,75.094604,77.00000000000001
130,76.359146,77.00000000000001
131,76.395386,77.00000000000001
132,76.266525,78.0
133,77.31203,78.99999999999999
134,78.52942,78.99999999999999
135,78.1886,80.0
136,79.46117,80.0
137,79.628494,81.00000000000001
138,80.46424,82.0
139,81.34564,82.0
140,81.619026,82.0
141,81.913574,82.99999999999999
142,82.70855,82.99999999999999
143,82.1969,68.0
144,68.04061,68.0
145,68.317184,68.0
146,68.30981,69.00000000000001
147,69.04275,70.0
148,69.67303,69.00000000000001
149,68.202995,68.0
150,67.355576,68.0
151,67.09924,66.99999999999999
152,66.07083,66.99999999999999
153,66.1723,66.0
154,65.443794,66.0
155,65.81667,66.0
156,65.70834,66.0
157,65.577484,65.0
158,64.85161,65.0
159,64.67356,65.0
160,64.815636,65.0
161,64.829414,64.0
162,63.644085,63.0
163,62.70493,62.0
164,61.700752,61.0
165,61.056007,61.0
166,61.18759,61.0
167,60.95102,61.0
168,61.324875,61.0
169,61.55382,61.0
170,61.100616,59.0
171,59.127182,58.0
172,58.317844,58.0
173,58.198605,59.0
174,59.50002,59.0
175,58.815388,59.0
176,58.694756,59.0
177,58.797718,60.0
178,60.10113,60.0
179,59.912106,59.0
180,59.017693,59.0
181,59.080063,59.0
182,59.000095,59.0
183,59.08515,59.0
184,59.132114,59.0
185,59.200394,60.0
186,60.254368,61.0
187,61.31367,63.0
188,63.36596,63.0
189,63.210968,63.0
190,63.091248,63.0
191,63.130898,63.0
192,63.21539,61.0
193,61.03422,61.0
194,61.019547,62.0
195,62.008568,62.0
196,61.963448,62.0
197,62.526615,63.0
198,63.8869,63.0
199,63.44177,64.0
200,64.25655,65.0
201,65.22145,66.0
202,66.079575,66.0
203,65.982544,66.99999999999999
204,67.01849,66.99999999999999
205,67.046844,70.0
206,70.102806,70.99999999999999
207,71.341286,70.99999999999999
208,71.1112,72.0
209,72.16055,72.0
210,72.02297,70.99999999999999
211,70.97424,70.0
212,69.82532,70.0
213,70.117294,70.0
214,69.87398,70.0
215,69.84907,70.99999999999999
216,70.85558,70.99999999999999
217,70.515686,70.99999999999999
218,70.43991,72.0
219,71.66021,72.0
220,71.677345,73.00000000000001
221,72.86697,74.0
222,74.10765,74.0
223,73.65773,74.0
224,73.79601,74.99999999999999
225,75.08365,74.99999999999999
226,74.71725,76.0
227,76.0512,77.00000000000001
228,76.85558,77.00000000000001
229,76.86005,77.00000000000001
230,76.775925,76.0
231,75.97688,77.00000000000001
232,76.9743,77.00000000000001
233,76.63751,77.00000000000001
234,76.505196,76.0
235,75.51954,77.00000000000001
236,76.584465,76.0
237,75.87185,76.0
238,75.847595,76.0
239,75.56923,74.99999999999999
240,74.42581,74.0
241,73.35065,74.0
242,73.304375,73.00000000000001
243,72.546196,73.00000000000001
244,72.50052,73.00000000000001
245,72.804245,70.99999999999999
246,70.74917,70.99999999999999
247,70.76374,70.0
248,69.80513,69.00000000000001
249,69.03551,70.0
250,70.343346,69.00000000000001
251,69.39531,69.00000000000001
252,69.04854,68.0
253,68.112976,66.99999999999999
254,66.671776,65.0
255,64.46643,64.0
256,63.97404,63.0
257,62.767185,63.0
258,62.67368,63.0
259,62.555447,63.0
260,62.72208,62.0
261,61.657658,62.0
262,61.998222,64.0
263,64.14384,65.0
264,65.09162,65.0
265,64.824425,65.0
266,64.559814,65.0
267,64.59091,65.0
268,64.603455,65.0
269,64.86569,65.0
270,64.99144,65.0
271,64.67475,65.0
272,64.60115,63.0
273,62.250263,62.0
274,61.406246,61.0
275,60.51973,60.0
276,59.457874,58.0
277,57.560253,58.0
278,57.95895,58.0
279,58.02126,58.0
280,58.31944,58.0
281,58.394978,58.0
282,58.152924,58.0
283,57.972294,57.0
284,56.962296,58.0
285,58.09671,57.0
286,57.01335,55.0
287,55.01168,53.0
288,53.069664,53.0
289,53.08121,53.0
290,53.31331,54.0
291,54.428745,55.0
292,55.77421,56.0
293,56.463108,56.0
294,56.453438,56.0
295,56.335953,56.0
296,56.204475,57.0
297,56.922295,57.0
298,56.79377,57.0
299,56.972008,58.0
300,58.20435,59.0
301,59.280323,59.0
302,59.114456,59.0
303,59.368553,61.0
304,61.109417,61.0
305,61.136852,62.0
306,62.25244,62.0
307,62.249363,63.0
308,63.221397,63.0
309,63.216442,64.0
310,64.06365,64.0
311,63.92328,65.0
312,65.06142,66.0
313,65.94551,66.0
314,65.93803,66.0
315,65.99705,66.0
316,66.22195,66.99999999999999
317,67.303185,66.99999999999999
318,67.44217,69.00000000000001
319,69.43323,70.0
320,70.12873,70.99999999999999
321,70.685326,70.99999999999999
322,70.39614,72.0
323,71.8621,73.00000000000001
324,72.7917,74.0
325,73.95784,74.99999999999999
326,74.74478,74.99999999999999
327,74.430115,74.99999999999999
328,74.27974,74.0
329,73.44179,74.0
330,73.816734,74.99999999999999
331,75.00048,76.0
332,75.98128,76.0
333,75.896194,76.0
334,75.64274,74.99999999999999
335,74.02416,74.99999999999999
336,74.64971,76.0
337,75.736336,77.00000000000001
338,76.87764,78.0
339,77.851585,78.0
340,77.769295,78.0
341,77.89118,78.0
342,77.82984,77.00000000000001
343,76.74504,76.0
344,75.99123,76.0
345,76.07978,77.00000000000001
346,76.792015,77.00000000000001
347,76.77966,77.00000000000001
348,77.104,77.00000000000001
349,77.16251,78.0
350,77.88863,78.0
351,77.881226,78.0
352,78.07941,78.99999999999999
353,78.793686,78.99999999999999
354,78.59981,78.0
355,78.11275,78.0
356,78.08474,78.99999999999999
357,79.26778,78.99999999999999
358,79.04194,80.0
359,80.01293,81.00000000000001
360,80.70844,82.0
361,82.051994,81.00000000000001
362,79.76472,80.0
363,78.852356,80.0
364,78.945206,78.99999999999999
365,77.957985,77.00000000000001
366,75.959015,76.0
367,74.81351,74.99999999999999
368,73.917206,74.0
369,73.41554,73.00000000000001
370,71.89857,73.00000000000001
371,72.880264,73.00000000000001
372,73.004684,73.00000000000001
373,72.81667,72.0
374,71.60737,70.99999999999999
375,70.90989,70.99999999999999
376,70.99081,70.99999999999999
377,70.771614,70.99999999999999
378,70.8965,70.0
379,69.85024,70.0
380,69.9147,69.00000000000001
381,68.993004,69.00000000000001
382,68.95959,68.0
383,67.861046,66.99999999999999
384,66.831055,65.0
385,64.89399,64.0
386,63.891895,64.0
387,64.00875,64.0
388,64.2636,63.0
389,62.39231,63.0
390,62.77939,64.0
391,63.853012,65.0
392,64.923454,65.0
393,64.89967,66.0
394,65.79019,65.0
395,64.71044,64.0
396,63.9618,63.0
397,63.060295,63.0
398,62.92373,63.0
399,63.062267,62.0
400,62.101574,62.0
401,62.177956,62.0
402,62.330376,62.0
403,62.136448,62.0
404,62.112633,62.0
405,62.065456,62.0
406,61.976654,62.0
407,61.934937,62.0
408,62.117626,63.0
409,63.24655,64.0
410,64.18812,65.0
411,65.239174,65.0
412,66.063515,88.0
413,86.28334,86.99999999999999
414,85.766754,86.0
415,84.797195,84.0
416,82.36658,82.0
417,80.9253,81.00000000000001
418,80.14587,80.0
419,79.05197,78.99999999999999
420,78.212814,78.99999999999999
421,78.535355,80.0
422,79.87275,80.0
423,79.33194,78.99999999999999
424,78.54706,80.0
425,79.73076,80.0
426,79.42425,78.99999999999999
427,78.33292,78.99999999999999
428,78.419205,78.0
429,77.46673,78.0
430,77.35968,78.0
431,77.33286,78.0
432,77.37768,77.00000000000001
433,76.09098,76.0
434,75.00783,74.99999999999999
435,74.324486,74.0
436,73.73064,68.0
437,68.12005,69.00000000000001
438,68.74671,69.00000000000001
439,68.84432,70.0
440,69.431885,70.0
441,69.862335,72.0
442,71.82776,72.0
443,71.45927,72.0
444,71.433136,72.0
445,71.25276,72.0
446,71.717964,72.0
447,71.31485,72.0
448,71.43462,72.0
449,71.46909,70.99999999999999
450,70.84974,70.99999999999999
451,70.78909,70.0
452,69.741554,69.00000000000001
453,68.76926,68.0
454,67.83245,66.99999999999999
455,67.08156,66.99999999999999
456,67.08147,66.99999999999999
457,67.092255,66.99999999999999
458,66.83118,66.0
459,65.88053,65.0
460,64.83866,42.0
461,43.361595,42.0
462,43.438927,43.0
463,44.45425,44.0
464,44.865322,45.0
465,46.299694,44.0
466,44.825657,43.0
467,43.77307,40.0
468,40.557087,38.0
469,39.625465,38.0
470,39.823387,39.0
471,41.056885,41.0
472,42.47507,40.0
473,41.483772,41.0
474,42.57639,41.0
475,42.582623,40.0
476,41.294815,42.0
477,42.967228,43.0
478,43.88476,46.0
479,46.962315,48.0
480,48.959488,46.0
481,47.43018,48.0
482,49.582417,48.0
483,49.558647,50.0
484,51.53717,56.0
485,56.22065,56.0
486,56.916824,57.0
487,57.40303,58.0
488,58.4726,58.0
489,58.291054,59.0
490,59.02331,59.0
491,59.066948,59.0
492,59.235344,59.0
493,59.191494,60.0
494,60.33456,59.0
495,59.16751,58.0
496,57.99099,58.0
497,57.917194,58.0
498,58.014824,58.0
499,57.98299,58.0
500,57.943462,58.0
501,58.121284,58.0
502,58.118816,57.0
503,57.041695,57.0
504,57.00697,57.0
505,56.988506,57.0
506,57.012226,57.0
507,56.93247,58.0
508,58.150272,61.0
509,60.639786,60.0
510,59.71474,60.0
511,59.597237,60.0
512,59.55484,59.0
513,58.810707,59.0
514,58.679977,59.0
515,58.724953,58.0
516,57.601933,58.0
517,57.91253,57.0
518,57.38564,57.0
519,57.23788,57.0
520,57.231487,57.0
521,57.25223,56.0
522,56.15626,56.0
523,56.235985,56.0
524,56.302486,56.0
525,56.27845,56.0
526,56.229218,56.0
527,56.53773,57.0
528,57.505684,57.0
529,57.526012,58.0
530,58.588795,58.0
531,58.854034,60.0
532,60.59486,68.0
533,67.77955,68.0
534,67.97228,69.00000000000001
535,68.90077,69.00000000000001
536,68.868286,68.0
537,67.75389,66.0
538,65.38268,65.0
539,64.051254,64.0
540,63.244453,63.0
541,62.221855,64.0
542,63.474205,63.0
543,62.134674,62.0
544,61.63493,62.0
545,61.985973,62.0
546,62.097168,62.0
547,62.20159,61.0
548,61.143192,61.0
549,61.227192,60.0
550,60.01388,59.0
551,59.25822,59.0
552,59.187775,59.0
553,59.225536,58.0
554,58.175858,59.0
555,59.82149,59.0
556,59.29901,59.0
557,59.132084,61.0
558,61.084667,61.0
559,60.947212,61.0
560,61.098984,62.0
561,62.20368,62.0
562,62.234146,62.0
563,61.97119,62.0
564,62.25874,62.0
565,62.077503,61.0
566,61.15889,62.0
567,62.03641,62.0
568,62.05052,63.0
569,63.237396,62.0
570,62.258087,63.0
571,63.26294,63.0
572,63.246655,62.0
573,62.259617,63.0
574,63.177418,63.0
575,63.21133,63.0
576,63.275032,63.0
577,63.224407,63.0
578,63.13336,63.0
579,62.855747,63.0
580,63.062702,58.0
581,57.992386,57.0
582,56.85224,56.0
583,55.950428,56.0
584,56.092556,55.0
585,55.083817,55.0
586,55.13962,54.0
587,54.03822,54.0
588,54.05511,55.0
589,55.32698,55.0
590,55.0571,54.0
591,54.24338,54.0
592,54.254555,55.0
593,55.28097,55.0
594,55.27185,55.0
595,55.32264,56.0
596,56.39629,56.0
597,56.37198,56.0
598,56.40455,55.0
599,55.321835,55.0
600,55.298416,55.0
601,55.334335,55.0
602,55.397755,55.0
603,55.53266,57.0
604,57.54632,86.0
605,85.37409,86.0
606,85.708405,86.0
607,85.23119,86.0
608,85.28597,84.0
609,82.87897,82.0
610,80.75679,80.0
611,78.638695,77.00000000000001
612,75.68856,74.99999999999999
613,73.967125,74.0
614,73.25144,73.00000000000001
615,72.219925,73.00000000000001
616,72.493225,72.0
617,71.75888,72.0
618,71.50145,72.0
619,71.65402,72.0
620,71.99492,73.00000000000001
621,73.15374,73.00000000000001
622,73.24,73.00000000000001
623,73.01959,74.0
624,74.10209,74.99999999999999
625,75.12727,74.99999999999999
626,75.8093,77.00000000000001
627,78.26655,77.00000000000001
628,77.32978,81.00000000000001
629,80.52686,80.0
630,79.58811,78.0
631,77.54067,78.0
632,77.3386,78.99999999999999
633,78.73186,78.99999999999999
634,78.198814,80.0
635,79.32362,81.00000000000001
636,80.241165,80.0
637,79.010155,78.99999999999999
638,78.04167,77.00000000000001
639,76.37333,77.00000000000001
640,76.67327,74.99999999999999
641,74.96614,76.0
642,76.110405,74.99999999999999
643,74.95132,76.0
644,75.87755,76.0
645,75.84272,74.99999999999999
646,74.69447,76.0
647,76.08301,74.99999999999999
648,74.75117,76.0
649,75.84758,78.0
650,77.896324,78.99999999999999
651,78.381676,82.0
652,81.78737,72.0
653,72.12656,72.0
654,72.12186,74.0
655,74.09677,76.0
656,75.84843,77.00000000000001
657,76.89197,78.0
658,77.73553,78.99999999999999
659,78.82276,80.0
660,79.71496,78.99999999999999
661,78.54743,78.99999999999999
662,78.65263,80.0
663,79.76395,78.0
664,78.080345,78.99999999999999
665,79.58805,80.0
666,80.20138,80.0
667,80.0561,80.0
668,80.0032,82.0
669,82.03648,82.0
670,82.03588,82.0
671,81.84806,82.99999999999999
672,82.46448,82.99999999999999
673,82.35794,82.99999999999999
674,82.42841,82.99999999999999
675,83.139046,82.99999999999999
676,82.31205,69.00000000000001
677,69.2136,70.0
678,69.93939,70.0
679,70.145744,70.0
680,69.89975,70.99999999999999
681,70.96598,70.99999999999999
682,70.98343,70.99999999999999
683,70.54147,70.0
684,69.43297,68.0
685,67.282776,66.99999999999999
686,66.468735,66.0
687,65.66684,66.0
688,65.868706,66.0
689,65.9578,66.99999999999999
690,67.193016,66.99999999999999
691,67.16029,66.99999999999999
692,67.30681,66.99999999999999
693,67.46847,66.99999999999999
694,67.22733,66.99999999999999
695,67.271065,66.99999999999999
696,67.27335,66.99999999999999
697,67.01597,68.0
698,67.921074,66.99999999999999
699,66.77303,65.0
700,64.72086,80.0
701,79.71483,80.0
702,79.60986,80.0
703,79.59166,80.0
704,79.50171,80.0
705,79.63699,81.00000000000001
706,81.00126,81.00000000000001
707,80.68527,82.0
708,81.7945,81.00000000000001
709,80.59829,81.00000000000001
710,80.41548,80.0
711,79.586266,80.0
712,79.66754,80.0
713,79.64734,81.00000000000001
714,80.705124,81.00000000000001
715,81.0681,81.00000000000001
716,80.89333,81.00000000000001
717,81.05493,81.00000000000001
718,80.891785,80.0
719,79.58265,81.00000000000001
720,80.49269,81.00000000000001
721,80.51621,81.00000000000001
722,80.40281,81.00000000000001
723,80.49718,81.00000000000001
724,80.55689,81.00000000000001
725,80.54629,81.00000000000001
726,80.291046,78.99999999999999
727,78.0722,78.99999999999999
728,78.177505,80.0
729,79.33261,78.99999999999999
730,78.4821,78.0
731,77.30917,78.0
732,77.51205,78.0
733,77.54265,78.0
734,77.65561,78.0
735,77.613174,78.0
736,77.50178,78.99999999999999
737,78.68282,78.99999999999999
738,78.88098,78.99999999999999
739,79.0782,80.0
740,80.11622,80.0
741,80.154335,81.00000000000001
742,81.14507,82.0
743,81.64523,82.99999999999999
744,82.452515,84.0
745,83.360054,84.0
746,83.364555,84.0
747,83.197586,82.99999999999999
748,82.28658,82.99999999999999
749,81.76181,82.99999999999999
750,81.79448,82.0
751,81.00684,82.0
752,81.14206,82.0
753,81.17274,82.0
754,81.12534,81.00000000000001
755,80.12399,81.00000000000001
756,80.20318,81.00000000000001
757,80.08515,81.00000000000001
758,80.341156,80.0
759,79.64665,80.0
760,79.65729,80.0
761,79.697845,78.99999999999999
762,79.39878,78.99999999999999
763,79.11056,78.99999999999999
764,79.46812,78.99999999999999
765,79.283295,78.0
766,78.21453,78.0
767,78.107086,78.0
768,77.95723,78.0
769,77.75542,77.00000000000001
770,76.675735,77.00000000000001
771,76.71015,77.00000000000001
772,76.81499,77.00000000000001
773,76.770966,78.0
774,77.72759,78.99999999999999
775,78.90018,81.00000000000001
776,80.674515,81.00000000000001
777,80.602455,82.0
778,81.53897,82.0
779,81.32414,81.00000000000001
780,80.00065,81.00000000000001
781,80.113434,80.0
782,79.13521,78.99999999999999
783,78.43951,78.99999999999999
784,78.860855,78.99999999999999
785,78.72966,78.0
786,77.76732,78.99999999999999
787,79.11876,78.99999999999999
788,79.545395,80.0
789,80.75379,78.99999999999999
790,79.22219,80.0
791,80.188576,80.0
792,80.139336,81.00000000000001
793,80.84672,82.0
794,81.72168,82.0
795,81.642075,82.99999999999999
796,82.803856,82.99999999999999
797,82.66003,82.0
798,81.51938,81.00000000000001
799,80.30782,78.99999999999999
800,78.22131,78.0
801,76.93379,76.0
802,74.92001,76.0
803,75.0466,76.0
804,75.052605,76.0
805,75.24703,76.0
806,75.13755,76.0
807,75.41576,76.0
808,75.6481,77.00000000000001
809,76.98956,77.00000000000001
810,77.11837,78.0
811,78.13226,77.00000000000001
812,76.83825,77.00000000000001
813,77.16647,77.00000000000001
814,77.1695,78.0
815,78.17172,77.00000000000001
816,76.898285,77.00000000000001
817,76.8053,76.0
818,75.397514,76.0
819,75.47129,74.99999999999999
820,74.61622,74.99999999999999
821,74.66542,76.0
822,75.64257,76.0
823,75.6389,78.0
824,77.83327,78.99999999999999
825,78.5839,81.00000000000001
826,80.60034,82.0
827,81.39226,82.0
828,80.997925,82.99999999999999
829,82.35352,82.99999999999999
830,82.31709,82.99999999999999
831,82.49775,82.99999999999999
832,82.911995,82.0
833,82.02246,82.0
834,82.46864,82.0
835,82.31235,82.0
836,82.31286,82.0
837,81.9467,82.0
838,81.68023,82.0
839,81.75074,82.0
840,81.5322,82.0
841,80.818275,82.0
842,80.882675,81.00000000000001
843,79.75557,81.00000000000001
844,79.77009,80.0
845,79.27897,80.0
846,79.01618,78.99999999999999
847,78.69394,78.99999999999999
848,78.80423,78.0
849,77.94688,78.99999999999999
850,78.54481,78.99999999999999
851,79.13023,80.0
852,80.40404,81.00000000000001
853,81.08883,81.00000000000001
854,80.57577,81.00000000000001
855,80.873825,82.0
856,81.97731,81.00000000000001
857,80.8415,80.0
858,80.08806,80.0
859,79.98329,78.99999999999999
860,78.91905,78.99999999999999
861,78.79858,78.99999999999999
862,79.0561,78.99999999999999
863,78.95514,78.99999999999999
864,78.897644,80.0
865,79.922424,81.00000000000001
866,80.946045,84.0
867,84.21437,86.0
868,86.09408,88.0
869,87.596634,89.00000000000001
870,88.57764,90.99999999999999
871,90.63331,90.99999999999999
872,90.48068,90.99999999999999
873,90.247696,90.0
874,89.08653,88.0
875,86.44055,86.99999999999999
876,86.039635,85.00000000000001
877,83.817924,84.0
878,82.60656,82.99999999999999
879,81.9024,82.0
880,80.93792,82.99999999999999
881,82.38729,82.99999999999999
882,82.09516,82.99999999999999
883,82.1945,82.0
884,81.105804,82.0
885,81.316124,81.00000000000001
886,80.465614,80.0
887,79.28372,78.99999999999999
888,78.30353,78.0
889,77.48056,77.00000000000001
890,76.51606,77.00000000000001
891,77.18474,77.00000000000001
892,77.35603,78.0
893,78.773155,80.0
894,80.60502,80.0
895,80.287346,80.0
896,80.00127,80.0
897,79.93124,80.0
898,79.6858,82.0
899,81.43711,82.99999999999999
900,82.44966,84.0
901,83.58223,86.99999999999999
902,86.23544,88.0
903,87.005646,88.0
904,86.96197,86.99999999999999
905,86.25148,86.99999999999999
906,86.42704,86.0
907,85.42107,86.0
908,85.68892,85.00000000000001
909,84.69609,85.00000000000001
910,85.04254,86.0
911,85.98644,86.0
912,85.673775,86.0
913,85.38673,85.00000000000001
914,84.19641,82.99999999999999
915,81.99044,81.00000000000001
916,80.23629,78.0
917,77.2575,78.0
918,77.852356,77.00000000000001
919,76.707855,77.00000000000001
920,76.647125,76.0
921,75.2448,74.99999999999999
922,74.14282,74.99999999999999
923,74.09454,74.0
924,73.33367,73.00000000000001
925,72.18991,72.0
926,71.38889,70.99999999999999
927,70.745384,70.99999999999999
928,70.8418,70.99999999999999
929,70.936905,72.0
930,72.2294,73.00000000000001
931,73.05265,74.0
932,74.22281,74.99999999999999
933,75.27654,74.0
934,74.05608,74.0
935,73.69781,73.00000000000001
936,72.36822,72.0
937,71.15015,73.00000000000001
938,72.20819,72.0
939,71.38375,72.0
940,71.52917,70.99999999999999
941,70.752426,70.0
942,70.159325,68.0
943,67.86792,66.99999999999999
944,66.79131,66.99999999999999
945,66.92155,66.99999999999999
946,66.86717,66.99999999999999
947,66.88815,66.99999999999999
948,66.94744,68.0
949,67.95097,69.00000000000001
950,68.87098,70.0
951,69.98525,70.0
952,69.91464,70.0
953,70.28077,69.00000000000001
954,69.28288,69.00000000000001
955,69.2878,69.00000000000001
956,69.1722,68.0
957,67.730865,66.99999999999999
958,66.31266,66.99999999999999
959,66.71652,66.99999999999999
960,66.89905,68.0
961,67.80661,69.00000000000001
962,69.06392,69.00000000000001
963,68.52266,68.0
964,67.37475,66.99999999999999
965,66.402145,65.0
966,64.577034,65.0
967,64.68606,64.0
968,63.817764,64.0
969,63.717148,63.0
970,62.76366,63.0
971,62.721092,62.0
972,61.821747,61.0
973,60.915546,59.0
974,59.037754,57.0
975,57.170197,57.0
976,57.244457,57.0
977,57.339172,56.0
978,56.47003,56.0
979,56.48565,56.0
980,56.361362,56.0
981,56.070904,56.0
982,55.93259,56.0
983,56.148968,56.0
984,56.066933,55.0
985,54.918636,55.0
986,55.39002,55.0
987,55.29034,55.0
988,55.173584,56.0
989,56.70995,56.0
990,56.42894,57.0
991,57.12851,58.0
992,58.345936,58.0
993,58.246937,59.0
994,59.093727,59.0
995,59.05758,59.0
996,59.025654,59.0
997,58.945816,60.0
998,60.09178,61.0
999,61.18976,61.0
1000,61.328335,61.0
1001,61.269516,61.0
1002,61.0808,62.0
1003,62.086174,62.0
1004,62.17525,62.0
1005,62.12123,63.0
1006,63.09698,63.0
1007,62.971275,63.0
1008,62.584915,64.0
1009,63.481556,63.0
1010,62.656113,62.0
1011,61.511425,63.0
1012,62.955986,63.0
1013,63.009357,63.0
1014,62.712955,63.0
1015,62.870136,62.0
1016,61.909943,62.0
1017,61.834457,62.0
1018,61.90445,62.0
1019,61.86461,63.0
1020,62.922504,63.0
1021,63.29284,64.0
1022,64.10694,64.0
1023,64.13581,64.0
1024,64.19553,64.0
1025,64.19454,64.0
1026,64.05783,64.0
1027,64.018074,63.0
1028,62.908928,64.0
1029,63.99531,63.0
1030,62.946136,62.0
1031,61.911556,63.0
1032,63.191097,64.0
1033,64.274185,64.0
1034,64.018974,64.0
1035,63.664036,63.0
1036,62.6413,62.0
1037,61.57746,61.0
1038,60.678066,61.0
1039,60.71695,60.0
1040,59.85607,60.0
1041,59.9087,61.0
1042,61.360706,61.0
1043,60.92608,61.0
1044,61.359325,61.0
1045,61.161503,60.0
1046,60.082565,59.0
1047,59.126457,59.0
1048,59.21902,58.0
1049,58.266937,58.0
1050,58.239143,59.0
1051,59.29104,59.0
1052,59.325314,59.0
1053,59.217804,59.0
1054,59.21268,60.0
1055,60.070984,60.0
1056,59.785534,59.0
1057,58.630833,58.0
1058,57.745586,59.0
1059,58.97757,59.0
1060,58.576187,59.0
1061,58.69644,60.0
1062,59.622208,61.0
1063,60.6939,61.0
1064,60.811188,61.0
1065,60.91139,61.0
1066,60.886875,61.0
1067,61.00355,60.0
1068,59.717,59.0
1069,58.705223,60.0
1070,60.192036,60.0
1071,60.182804,61.0
1072,61.001266,61.0
1073,61.103214,61.0
1074,61.04236,60.0
1075,60.271637,59.0
1076,59.01268,59.0
1077,59.07605,58.0
1078,57.912605,58.0
1079,57.644318,58.0
1080,57.691067,58.0
1081,57.705498,59.0
1082,59.39206,59.0
1083,58.981995,59.0
1084,58.81832,60.0
1085,60.150536,61.0
1086,61.31321,61.0
1087,61.13204,61.0
1088,60.98281,61.0
1089,60.8659,62.0
1090,62.27927,63.0
1091,63.080902,63.0
1092,63.09155,65.0
1093,65.25229,65.0
1094,65.114235,65.0
1095,65.07421,65.0
1096,65.15379,66.0
1097,66.030174,66.0
1098,66.17036,66.0
1099,66.03704,66.99999999999999
1100,67.05412,66.0
1101,65.92302,66.99999999999999
1102,66.82964,66.99999999999999
1103,66.51636,66.99999999999999
1104,66.384964,68.0
1105,67.21399,66.99999999999999
1106,66.32537,66.99999999999999
1107,66.40583,66.99999999999999
1108,66.08672,66.99999999999999
1109,66.794395,66.99999999999999
1110,66.96292,66.99999999999999
1111,66.94889,68.0
1112,68.14675,69.00000000000001
1113,68.83875,70.0
1114,70.20921,69.00000000000001
1115,68.71969,69.00000000000001
1116,68.597626,69.00000000000001
1117,68.63156,68.0
1118,67.693085,66.99999999999999
1119,67.00776,66.99999999999999
1120,67.07871,66.99999999999999
1121,66.96354,66.99999999999999
1122,67.07593,66.99999999999999
1123,66.96482,66.0
1124,65.96876,66.0
1125,65.80371,66.0
1126,65.664276,66.0
1127,65.542755,66.0
1128,65.81001,66.0
1129,65.69123,66.0
1130,65.60285,66.0
1131,65.68592,66.0
1132,65.69059,73.00000000000001
1133,72.58289,73.00000000000001
1134,72.693504,72.0
1135,71.79016,72.0
1136,70.80616,70.99999999999999
1137,70.42402,72.0
1138,71.37198,72.0
1139,71.83701,72.0
1140,71.80189,72.0
1141,71.6987,70.99999999999999
1142,70.406075,70.99999999999999
1143,70.57227,70.0
1144,69.669495,68.0
1145,67.73948,68.0
1146,67.80434,68.0
1147,67.810425,68.0
1148,67.74909,68.0
1149,67.65183,68.0
1150,67.739685,66.99999999999999
1151,66.69546,66.99999999999999
1152,66.763374,66.99999999999999
1153,67.00174,68.0
1154,68.13677,68.0
1155,68.062675,69.00000000000001
1156,69.22774,65.0
1157,64.83835,65.0
1158,64.93188,65.0
1159,65.506165,66.0
1160,66.26582,66.0
1161,66.35347,65.0
1162,64.84243,66.0
1163,66.13716,66.99999999999999
1164,67.5076,66.99999999999999
1165,67.28438,68.0
1166,67.95596,68.0
1167,67.855,68.0
1168,67.80517,69.00000000000001
1169,68.61701,69.00000000000001
1170,68.65079,70.0
1171,69.72419,70.0
1172,69.6008,70.0
1173,69.58888,70.0
1174,69.74162,70.0
1175,69.46287,70.0
1176,69.39566,69.00000000000001
1177,68.50352,69.00000000000001
1178,68.19898,68.0
1179,67.173,68.0
1180,67.34963,52.0
1181,53.458725,53.0
1182,54.005535,55.0
1183,56.300106,56.0
1184,57.34146,57.0
1185,57.49161,58.0
1186,58.22166,59.0
1187,59.24958,61.0
1188,61.341465,62.0
1189,61.714134,62.0
1190,62.1793,63.0
1191,62.979565,62.0
1192,61.909706,62.0
1193,61.94556,62.0
1194,62.04892,62.0
1195,61.815365,62.0
1196,61.982918,62.0
1197,61.912296,62.0
1198,62.015427,62.0
1199,62.05715,62.0
1200,62.027943,63.0
1201,63.06363,62.0
1202,61.33954,62.0
1203,61.234806,61.0
1204,60.46844,58.0
1205,58.09138,59.0
1206,59.04165,59.0
1207,58.954834,59.0
1208,59.05255,59.0
1209,58.813744,58.0
1210,57.439793,58.0
1211,57.408825,57.0
1212,56.455,57.0
1213,56.467655,56.0
1214,55.911358,58.0
1215,59.60413,60.0
1216,60.490017,61.0
1217,61.13954,61.0
1218,61.02413,61.0
1219,61.45436,61.0
1220,60.97111,61.0
1221,60.758694,60.0
1222,59.752605,59.0
1223,58.716423,59.0
1224,58.679455,59.0
1225,58.797657,58.0
1226,57.910316,59.0
1227,58.84874,59.0
1228,59.176044,61.0
1229,61.26994,62.0
1230,62.13619,62.0
1231,62.19001,64.0
1232,64.17663,65.0
1233,65.286285,66.0
1234,66.211815,66.99999999999999
1235,67.237854,68.0
1236,67.659515,68.0
1237,67.887886,66.99999999999999
1238,66.611496,66.0
1239,65.71485,66.0
1240,65.726204,66.0
1241,65.73502,66.0
1242,65.86641,65.0
1243,64.78573,65.0
1244,64.92374,65.0
1245,64.94671,64.0
1246,63.98444,64.0
1247,63.786465,63.0
1248,62.796703,63.0
1249,62.89116,62.0
1250,61.88762,61.0
1251,60.905735,61.0
1252,61.50085,59.0
1253,59.2492,58.0
1254,58.20037,57.0
1255,57.07138,56.0
1256,55.627823,55.0
1257,54.531063,56.0
1258,55.6771,56.0
1259,55.645267,56.0
1260,55.55424,56.0
1261,56.01235,56.0
1262,56.127117,57.0
1263,57.114372,57.0
1264,57.107704,57.0
1265,57.213963,57.0
1266,57.222923,57.0
1267,57.219963,57.0
1268,57.374424,58.0
1269,58.363213,59.0
1270,59.44032,60.0
1271,60.324787,60.0
1272,60.07637,61.0
1273,60.989346,62.0
1274,62.01701,61.0
1275,61.144707,62.0
1276,62.512493,63.0
1277,63.603424,62.0
1278,61.796204,62.0
1279,61.370377,61.0
1280,60.27658,59.0
1281,58.267006,58.0
1282,57.31731,57.0
1283,56.532265,56.0
1284,55.79089,56.0
1285,55.849476,55.0
1286,54.83873,54.0
1287,54.70266,53.0
1288,53.614414,53.0
1289,53.362274,53.0
1290,53.351658,53.0
1291,53.271538,52.0
1292,52.24495,52.0
1293,52.269238,52.0
1294,52.19592,51.0
1295,51.317707,50.0
1296,50.38566,48.0
1297,48.62571,48.0
1298,48.91051,50.0
1299,50.625763,49.0
1300,49.35716,58.0
1301,58.378666,59.0
1302,59.245243,60.0
1303,60.161816,61.0
1304,61.09177,61.0
1305,61.039734,62.0
1306,61.907486,62.0
1307,61.704353,62.0
1308,61.65502,61.0
1309,60.54637,61.0
1310,60.988667,62.0
1311,61.996414,62.0
1312,62.06773,62.0
1313,62.201622,62.0
1314,62.18011,62.0
1315,62.314083,61.0
1316,61.05517,61.0
1317,61.249725,61.0
1318,61.33229,61.0
1319,61.23092,62.0
1320,62.485886,62.0
1321,62.296074,62.0
1322,62.122257,63.0
1323,63.300175,61.0
1324,61.176914,78.99999999999999
1325,79.30085,78.0
1326,77.856964,78.99999999999999
1327,78.8009,78.99999999999999
1328,78.74731,81.00000000000001
1329,81.12989,82.0
1330,81.06777,82.99999999999999
1331,81.75187,82.99999999999999
1332,81.67493,82.99999999999999
1333,81.2762,82.99999999999999
1334,81.92674,82.99999999999999
1335,81.71997,81.00000000000001
1336,79.9842,80.0
1337,79.429565,78.99999999999999
1338,78.46721,78.0
1339,77.70781,78.0
1340,77.772194,76.0
1341,76.016785,76.0
1342,76.06542,74.99999999999999
1343,74.85169,74.0
1344,73.737465,73.00000000000001
1345,72.5457,72.0
1346,71.73856,70.0
1347,69.68056,68.0
1348,67.63426,81.00000000000001
1349,80.19373,81.00000000000001
1350,80.315895,82.0
1351,81.286415,82.99999999999999
1352,82.39528,82.99999999999999
1353,82.342064,84.0
1354,83.39076,84.0
1355,83.329346,84.0
1356,82.96781,84.0
1357,83.01011,86.0
1358,85.23421,85.00000000000001
1359,83.94628,82.99999999999999
1360,82.516136,86.0
1361,86.70174,85.00000000000001
1362,85.13499,85.00000000000001
1363,84.613464,85.00000000000001
1364,84.829666,86.0
1365,85.78122,89.00000000000001
1366,88.935265,88.0
1367,87.74627,88.0
1368,87.46212,88.0
1369,87.43157,86.0
1370,84.98909,85.00000000000001
1371,83.94214,84.0
1372,83.37735,82.0
1373,81.18718,80.0
1374,79.144615,78.0
1375,77.18869,76.0
1376,75.09391,73.00000000000001
1377,71.997154,70.99999999999999
1378,69.90282,70.0
1379,68.86607,68.0
1380,66.95091,66.99999999999999
1381,66.356445,65.0
1382,64.03709,65.0
1383,65.569756,65.0
1384,64.95427,65.0
1385,65.175476,63.0
1386,63.060066,63.0
1387,63.156467,62.0
1388,61.959663,62.0
1389,62.23437,62.0
1390,62.204464,61.0
1391,61.013046,60.0
1392,60.19408,59.0
1393,59.1793,59.0
1394,59.45282,58.0
1395,58.70467,57.0
1396,57.040882,64.0
1397,63.842037,64.0
1398,63.755886,62.0
1399,61.790657,62.0
1400,61.82512,61.0
1401,60.8963,60.0
1402,59.885952,61.0
1403,61.00448,61.0
1404,61.311108,62.0
1405,61.723312,62.0
1406,61.98242,63.0
1407,63.067894,63.0
1408,63.13821,63.0
1409,63.243557,63.0
1410,63.316414,64.0
1411,64.37305,65.0
1412,65.33691,65.0
1413,65.19835,66.0
1414,66.184525,66.99999999999999
1415,67.30004,66.99999999999999
1416,67.1975,68.0
1417,68.6649,68.0
1418,68.40263,69.00000000000001
1419,68.93004,70.99999999999999
1420,71.092926,70.0
1421,69.36587,69.00000000000001
1422,68.44605,69.00000000000001
1423,68.50719,69.00000000000001
1424,68.65957,69.00000000000001
1425,68.60133,69.00000000000001
1426,68.97514,70.0
1427,69.82474,70.0
1428,69.77427,70.0
1429,69.775276,70.0
1430,69.753174,69.00000000000001
1431,68.84175,69.00000000000001
1432,68.92449,68.0
1433,68.04902,68.0
1434,68.20998,66.99999999999999
1435,67.27241,66.99999999999999
1436,67.2627,66.99999999999999
1437,67.38822,66.99999999999999
1438,67.27826,65.0
1439,65.33319,65.0
1440,65.25475,65.0
1441,65.056335,65.0
1442,64.98271,65.0
1443,65.07622,65.0
1444,65.3006,66.0
1445,66.24669,66.0
1446,66.180275,66.99999999999999
1447,67.02845,66.99999999999999
1448,67.089035,66.99999999999999
1449,66.82491,66.99999999999999
1450,66.842445,66.99999999999999
1451,66.821014,66.0
1452,65.781136,66.0
1453,66.0212,66.0
1454,66.05095,66.0
1455,66.214,66.0
1456,66.44352,66.99999999999999
1457,67.52069,66.99999999999999
1458,67.447205,66.99999999999999
1459,67.55477,66.0
1460,66.42513,66.0
1461,66.18521,66.0
1462,65.98191,66.0
1463,66.00448,66.0
1464,65.937546,65.0
1465,64.939735,66.0
1466,65.915535,66.0
1467,65.98955,66.0
1468,66.40909,66.99999999999999
1469,67.05904,66.99999999999999
1470,66.83352,66.99999999999999
1471,66.74838,66.99999999999999
1472,66.691086,66.99999999999999
1473,67.001625,66.99999999999999
1474,66.95631,66.99999999999999
1475,66.87625,66.99999999999999
1476,66.963684,66.99999999999999
1477,67.02541,69.00000000000001
1478,69.76617,70.0
1479,70.34323,70.99999999999999
1480,70.89653,70.99999999999999
1481,70.93144,72.0
1482,71.927124,70.99999999999999
1483,70.14267,72.0
1484,71.64361,73.00000000000001
1485,72.94759,73.00000000000001
1486,72.9704,73.00000000000001
1487,72.92841,73.00000000000001
1488,72.93911,74.0
1489,73.97164,74.0
1490,73.968094,74.0
1491,74.09235,74.99999999999999
1492,74.98576,77.00000000000001
1493,77.56589,78.0
1494,78.36312,78.99999999999999
1495,79.27016,81.00000000000001
1496,81.44895,82.99999999999999
1497,83.209,82.99999999999999
1498,82.85743,85.00000000000001
1499,85.04858,85.00000000000001
1500,84.52335,84.0
1501,83.552246,82.0
1502,81.74585,80.0
1503,79.89795,80.0
1504,80.09653,80.0
1505,80.05101,78.99999999999999
1506,78.969154,78.99999999999999
1507,79.08813,78.99999999999999
1508,79.175255,78.0
1509,78.15374,77.00000000000001
1510,77.03355,76.0
1511,75.918205,74.99999999999999
1512,74.741714,74.99999999999999
1513,74.573845,74.0
1514,73.44692,74.0
1515,73.65246,73.00000000000001
1516,72.63881,72.0
1517,71.76436,70.0
1518,69.70259,69.00000000000001
1519,68.768196,66.99999999999999
1520,66.988235,66.0
1521,65.98579,66.0
1522,66.07459,65.0
1523,65.399796,66.0
1524,65.81635,65.0
1525,64.54727,64.0
1526,63.829876,64.0
1527,63.73519,66.99999999999999
1528,67.31898,66.99999999999999
1529,67.16288,66.99999999999999
1530,67.04172,68.0
1531,68.04604,68.0
1532,67.89091,68.0
1533,67.92882,69.00000000000001
1534,68.825676,69.00000000000001
1535,68.84321,69.00000000000001
1536,68.662796,69.00000000000001
1537,68.77728,70.0
1538,69.785545,69.00000000000001
1539,68.924576,68.0
1540,67.92448,68.0
1541,68.08176,68.0
1542,67.95036,68.0
1543,67.64992,66.99999999999999
1544,65.85133,66.0
1545,65.12235,64.0
1546,63.202442,62.0
1547,61.13003,62.0
1548,61.655075,64.0
1549,64.31008,65.0
1550,65.09986,66.0
1551,66.063675,64.0
1552,64.07171,63.0
1553,62.99319,63.0
1554,62.88357,63.0
1555,62.82138,63.0
1556,63.01399,62.0
1557,62.137943,62.0
1558,62.018127,61.0
1559,60.929333,61.0
1560,60.918396,61.0
1561,60.872517,60.0
1562,59.91554,59.0
1563,58.95612,59.0
1564,58.975197,58.0
1565,57.951862,57.0
1566,57.19207,57.0
1567,57.405872,58.0
1568,58.44699,59.0
1569,59.605022,60.0
1570,60.356255,61.0
1571,61.248997,62.0
1572,62.3172,64.0
1573,64.53325,64.0
1574,64.28623,64.0
1575,63.984398,63.0
1576,63.00051,62.0
1577,62.05428,62.0
1578,61.945946,62.0
1579,62.0125,62.0
1580,61.883713,62.0
1581,62.095573,62.0
1582,62.16098,62.0
1583,62.081013,63.0
1584,63.039406,63.0
1585,62.906643,63.0
1586,62.78684,63.0
1587,62.925163,64.0
1588,64.01266,65.0
1589,64.916664,66.0
1590,66.13212,66.0
1591,66.17349,66.99999999999999
1592,67.01612,66.0
1593,66.11859,66.0
1594,65.969284,66.0
1595,65.91749,65.0
1596,64.828606,62.0
1597,61.921635,61.0
1598,61.187084,61.0
1599,61.0694,61.0
1600,60.982555,61.0
1601,60.882694,61.0
1602,61.04277,61.0
1603,60.964176,61.0
1604,61.129032,62.0
1605,62.20388,62.0
1606,62.096024,61.0
1607,60.97539,61.0
1608,60.932404,61.0
1609,60.8853,60.0
1610,59.87862,60.0
1611,59.941833,59.0
1612,58.99781,59.0
1613,59.18148,58.0
1614,58.409615,58.0
1615,58.25119,57.0
1616,57.257057,56.0
1617,55.22027,55.0
1618,54.355453,54.0
1619,53.49509,53.0
1620,52.525635,52.0
1621,51.461716,52.0
1622,51.959854,51.0
1623,51.29489,50.0
1624,50.025185,51.0
1625,51.169865,49.0
1626,49.272495,49.0
1627,49.381916,48.0
1628,48.365032,47.0
1629,47.57759,47.0
1630,47.45356,48.0
1631,48.423267,48.0
1632,48.535786,49.0
1633,49.701065,53.0
1634,54.04892,55.0
1635,55.738827,56.0
1636,56.907448,57.0
1637,57.659412,57.0
1638,57.50433,58.0
1639,58.556694,59.0
1640,59.800457,61.0
1641,61.235706,61.0
1642,61.011276,62.0
1643,61.907364,63.0
1644,62.614418,64.0
1645,63.963398,64.0
1646,63.614807,63.0
1647,62.975094,64.0
1648,64.215836,64.0
1649,64.069695,65.0
1650,64.99466,64.0
1651,63.923233,65.0
1652,65.00825,65.0
1653,64.96925,65.0
1654,64.97647,65.0
1655,64.795906,65.0
1656,64.90371,65.0
1657,64.732864,62.0
1658,61.8146,61.0
1659,60.84162,60.0
1660,60.0273,59.0
1661,59.053146,58.0
1662,58.248875,58.0
1663,58.08055,56.0
1664,56.184288,56.0
1665,56.41953,57.0
1666,57.44271,57.0
1667,57.46571,57.0
1668,57.338085,57.0
1669,57.008125,57.0
1670,56.83088,57.0
1671,56.902008,56.0
1672,55.996887,56.0
1673,56.135487,56.0
1674,56.096466,55.0
1675,55.06656,55.0
1676,55.154694,55.0
1677,55.133217,55.0
1678,55.05695,55.0
1679,55.111637,54.0
1680,54.116035,54.0
1681,54.315605,55.0
1682,55.332726,55.0
1683,55.47164,55.0
1684,56.123833,56.0
1685,56.867035,57.0
1686,58.166336,58.0
1687,58.88149,59.0
1688,59.580452,59.0
1689,59.706123,59.0
1690,59.399475,59.0
1691,59.21686,59.0
1692,59.25124,60.0
1693,60.79592,61.0
1694,61.092754,62.0
1695,62.100903,62.0
1696,62.164387,62.0
1697,61.980618,63.0
1698,63.049553,63.0
1699,63.085953,66.99999999999999
1700,67.679665,68.0
1701,68.20347,68.0
1702,67.932556,68.0
1703,67.90455,69.00000000000001
1704,68.89935,69.00000000000001
1705,68.870125,70.0
1706,69.86704,70.0
1707,69.80739,70.0
1708,69.76908,70.0
1709,69.85351,70.0
1710,69.88793,70.99999999999999
1711,70.84332,70.99999999999999
1712,71.351906,70.99999999999999
1713,70.864334,72.0
1714,71.70926,72.0
1715,71.84765,70.99999999999999
1716,70.74933,70.0
1717,69.88042,70.0
1718,69.88661,70.0
1719,69.906525,70.0
1720,69.90164,70.0
1721,69.84674,70.0
1722,69.938324,69.00000000000001
1723,68.903854,66.0
1724,65.97044,65.0
1725,64.990906,64.0
1726,64.06913,65.0
1727,65.049324,65.0
1728,65.01228,65.0
1729,64.9354,64.0
1730,64.07465,64.0
1731,64.200325,64.0
1732,64.23197,64.0
1733,64.31054,63.0
1734,63.163437,62.0
1735,62.051952,61.0
1736,61.37968,61.0
1737,61.60552,61.0
1738,61.641983,62.0
1739,62.733818,63.0
1740,63.509018,64.0
1741,64.31014,65.0
1742,64.942856,65.0
1743,64.83823,65.0
1744,64.87569,65.0
1745,64.98338,66.0
1746,66.05587,66.99999999999999
1747,67.06581,66.99999999999999
1748,66.84747,66.99999999999999
1749,66.817986,66.99999999999999
1750,66.824875,66.99999999999999
1751,66.89187,66.99999999999999
1752,66.606606,68.0
1753,67.60881,68.0
1754,67.51647,68.0
1755,67.655106,68.0
1756,67.92197,69.00000000000001
1757,69.162766,70.0
1758,69.842445,70.0
1759,69.82014,70.0
1760,69.80205,69.00000000000001
1761,68.659485,68.0
1762,67.90307,66.99999999999999
1763,66.79307,66.0
1764,65.727585,66.0
1765,66.46686,66.0
1766,66.177765,66.99999999999999
1767,66.909935,66.99999999999999
1768,66.75537,66.0
1769,65.73626,66.0
1770,66.018074,65.0
1771,64.93194,65.0
1772,64.88382,65.0
1773,64.89002,65.0
1774,64.95933,65.0
1775,64.92621,64.0
1776,63.762863,64.0
1777,63.968914,65.0
1778,65.11661,66.0
1779,66.03087,66.0
1780,66.23176,66.0
1781,66.299644,66.0
1782,66.08116,66.0
1783,66.20024,66.99999999999999
1784,67.19189,66.99999999999999
1785,66.964775,68.0
1786,67.97185,68.0
1787,67.848885,68.0
1788,67.68115,66.99999999999999
1789,66.78142,66.0
1790,66.11835,66.0
1791,65.99272,66.0
1792,65.913704,66.0
1793,65.912674,66.0
1794,65.85112,66.0
1795,65.84246,66.0
1796,65.99723,66.99999999999999
1797,66.947464,68.0
1798,68.229416,68.0
1799,67.97564,68.0
1800,67.728424,68.0
1801,67.87367,69.00000000000001
1802,69.10902,70.0
1803,70.02793,69.00000000000001
1804,68.88694,69.00000000000001
1805,68.75024,69.00000000000001
1806,68.985886,68.0
1807,67.757454,68.0
1808,67.99898,68.0
1809,67.98103,66.99999999999999
1810,66.752205,66.99999999999999
1811,67.064545,66.99999999999999
1812,67.08131,66.99999999999999
1813,66.86195,66.99999999999999
1814,66.94853,66.99999999999999
1815,66.871315,66.99999999999999
1816,66.82505,68.0
1817,67.81312,68.0
1818,67.94783,68.0
1819,67.96731,68.0
1820,68.04215,68.0
1821,67.98181,66.0
1822,66.04972,66.99999999999999
1823,66.992485,66.99999999999999
1824,66.8916,66.0
1825,65.83653,65.0
1826,64.99056,64.0
1827,64.235146,64.0
1828,64.328575,64.0
1829,64.47574,64.0
1830,64.38983,65.0
1831,65.11341,65.0
1832,65.07507,65.0
1833,65.317024,66.99999999999999
1834,67.06547,66.99999999999999
1835,67.0441,66.99999999999999
1836,67.17533,68.0
1837,68.334785,68.0
1838,67.85665,68.0
1839,67.71732,68.0
1840,68.014015,69.00000000000001
1841,68.96549,68.0
1842,68.022484,68.0
1843,68.04866,68.0
1844,68.06363,69.00000000000001
1845,69.048225,69.00000000000001
1846,69.00906,68.0
1847,67.99108,68.0
1848,68.03747,68.0
1849,67.98876,68.0
1850,67.99646,68.0
1851,68.08421,68.0
1852,67.98878,68.0
1853,68.15343,66.99999999999999
1854,66.87537,66.99999999999999
1855,66.54918,66.99999999999999
1856,66.69291,65.0
1857,63.943295,63.0
1858,62.267982,62.0
1859,61.219643,60.0
1860,59.2458,59.0
1861,58.91577,60.0
1862,60.170433,59.0
1863,58.89169,58.0
1864,58.181614,59.0
1865,59.26023,59.0
1866,59.384563,60.0
1867,60.363804,60.0
1868,60.254612,60.0
1869,60.26368,60.0
1870,60.254078,61.0
1871,61.249672,61.0
1872,61.27493,61.0
1873,61.225517,62.0
1874,62.515118,62.0
1875,62.324745,63.0
1876,63.086494,69.00000000000001
1877,68.73862,69.00000000000001
1878,68.97593,69.00000000000001
1879,68.80573,69.00000000000001
1880,68.72758,70.0
1881,69.93651,70.0
1882,70.06333,69.00000000000001
1883,68.811226,69.00000000000001
1884,68.9413,70.0
1885,69.933395,70.99999999999999
1886,71.451195,70.99999999999999
1887,71.087654,72.0
1888,71.8353,72.0
1889,71.715996,72.0
1890,71.74139,72.0
1891,71.510185,72.0
1892,71.807465,70.99999999999999
1893,70.64027,72.0
1894,71.77807,72.0
1895,71.6562,72.0
1896,71.7152,72.0
1897,71.6063,72.0
1898,71.65089,72.0
1899,71.67466,70.99999999999999
1900,70.67979,66.99999999999999
1901,66.45865,66.0
1902,65.55265,65.0
1903,64.39986,63.0
1904,62.285065,61.0
1905,60.097298,60.0
1906,58.976562,59.0
1907,57.899937,56.0
1908,55.065296,55.0
1909,54.203278,53.0
1910,52.35618,52.0
1911,51.78965,51.0
1912,51.147007,50.0
1913,49.94843,49.0
1914,48.958748,47.0
1915,47.474117,47.0
1916,47.69332,46.0
1917,46.65449,44.0
1918,44.931187,43.0
1919,43.85869,42.0
1920,43.315628,44.0
1921,45.53884,47.0
1922,48.277775,49.0
1923,49.65903,50.0
1924,50.683342,60.0
1925,59.408974,58.0
1926,57.598057,58.0
1927,58.559498,57.0
1928,57.575672,57.0
1929,57.327023,56.0
1930,56.1566,56.0
1931,56.456337,55.0
1932,55.134895,56.0
1933,56.273827,56.0
1934,56.17654,56.0
1935,56.49024,57.0
1936,57.317047,58.0
1937,58.613956,58.0
1938,58.578056,59.0
1939,59.162724,59.0
1940,59.10273,59.0
1941,59.007515,61.0
1942,61.581615,62.0
1943,62.26898,62.0
1944,62.22186,62.0
1945,62.44219,63.0
1946,63.245655,64.0
1947,64.12388,65.0
1948,65.557274,59.0
1949,59.054478,59.0
1950,59.121906,59.0
1951,59.10256,59.0
1952,59.082306,59.0
1953,59.430992,61.0
1954,61.57424,62.0
1955,61.817223,62.0
1956,62.077534,63.0
1957,62.971336,63.0
1958,63.132698,61.0
1959,61.25379,60.0
1960,60.105553,60.0
1961,59.933437,60.0
1962,59.99497,59.0
1963,58.82969,59.0
1964,58.915714,59.0
1965,59.086918,59.0
1966,59.0559,60.0
1967,60.07071,61.0
1968,61.016346,61.0
1969,61.02267,61.0
1970,61.001057,61.0
1971,61.149883,61.0
1972,61.514492,62.0
1973,62.390457,61.0
1974,61.308483,62.0
1975,62.234325,61.0
1976,61.273426,61.0
1977,61.328083,61.0
1978,61.19958,60.0
1979,60.20122,60.0
1980,60.05257,59.0
1981,59.314457,61.0
1982,61.290993,61.0
1983,60.99155,61.0
1984,61.07528,61.0
1985,60.948364,61.0
1986,60.96823,61.0
1987,60.960037,61.0
1988,61.020542,61.0
1989,60.97986,61.0
1990,60.925243,61.0
1991,60.781696,61.0
1992,60.894215,62.0
1993,62.223167,63.0
1994,63.30072,64.0
1995,64.040215,63.0
1996,62.97871,63.0
1997,63.27865,64.0
1998,63.98978,64.0
1999,63.9733,65.0
2000,64.73923,65.0
2001,64.58638,65.0
2002,64.5039,65.0
2003,64.47813,66.0
2004,65.47106,65.0
2005,64.3696,66.0
2006,65.96988,66.0
2007,65.86584,66.99999999999999
2008,66.572136,66.99999999999999
2009,66.79349,66.99999999999999
2010,66.77018,66.99999999999999
2011,67.0085,66.0
2012,66.01819,65.0
2013,65.03135,63.0
2014,63.169807,62.0
2015,62.12633,62.0
2016,62.06886,60.0
2017,60.160175,60.0
2018,60.540466,60.0
2019,60.67484,59.0
2020,59.46208,46.0
2021,46.906338,43.0
2022,44.338303,43.0
2023,44.025734,45.0
2024,46.139896,47.0
2025,48.310913,48.0
2026,48.67773,50.0
2027,50.515602,51.0
2028,51.513233,51.0
2029,51.72796,52.0
2030,52.96851,53.0
2031,54.537518,54.0
2032,55.481564,55.0
2033,56.13754,56.0
2034,56.64193,56.0
2035,56.357162,57.0
2036,57.51982,57.0
2037,57.292778,58.0
2038,58.42291,58.0
2039,57.64391,58.0
2040,57.885597,58.0
2041,58.05329,58.0
2042,57.644466,57.0
2043,56.595753,58.0
2044,57.88984,62.0
2045,62.2099,62.0
2046,62.34245,62.0
2047,62.258705,63.0
2048,63.09746,62.0
2049,61.74445,61.0
2050,60.614323,61.0
2051,60.62243,60.0
2052,59.60248,60.0
2053,59.647186,60.0
2054,59.910217,59.0
2055,58.849213,59.0
2056,59.20522,58.0
2057,58.214764,58.0
2058,58.315426,59.0
2059,59.180542,59.0
2060,59.08604,59.0
2061,59.069206,60.0
2062,60.234528,60.0
2063,60.22276,60.0
2064,60.245216,61.0
2065,61.342876,61.0
2066,61.133358,60.0
2067,60.286873,62.0
2068,62.75457,66.0
2069,65.84153,64.0
2070,63.52339,62.0
2071,61.03791,59.0
2072,58.21765,57.0
2073,56.409252,55.0
2074,54.358578,55.0
2075,54.51234,55.0
2076,54.62615,55.0
2077,54.565197,55.0
2078,54.355614,54.0
2079,53.379906,56.0
2080,55.90359,56.0
2081,55.71584,55.0
2082,54.580273,56.0
2083,56.129574,56.0
2084,56.073833,55.0
2085,55.12528,55.0
2086,55.803513,54.0
2087,54.877132,53.0
2088,53.870888,54.0
2089,55.796604,54.0
2090,55.613094,54.0
2091,54.592987,54.0
2092,54.59829,85.00000000000001
2093,84.39566,85.00000000000001
2094,84.351585,85.00000000000001
2095,84.33709,85.00000000000001
2096,84.34654,85.00000000000001
2097,84.63729,85.00000000000001
2098,84.44861,85.00000000000001
2099,84.34287,86.0
2100,85.46591,88.0
2101,87.470146,86.99999999999999
2102,85.94221,86.0
2103,84.81032,88.0
2104,87.15806,86.99999999999999
2105,87.09288,88.0
2106,87.90773,88.0
2107,87.331024,86.99999999999999
2108,86.46219,86.0
2109,85.89327,82.0
2110,81.48442,82.0
2111,81.786125,82.0
2112,81.549904,82.0
2113,81.36623,82.99999999999999
2114,82.12058,82.99999999999999
2115,81.93293,82.99999999999999
2116,82.22776,57.0
2117,57.087452,58.0
2118,57.97965,58.0
2119,57.980255,58.0
2120,57.86368,59.0
2121,59.026966,60.0
2122,59.906982,60.0
2123,59.989147,61.0
2124,60.744038,62.0
2125,62.15996,64.0
2126,64.91548,63.0
2127,63.1516,64.0
2128,64.14563,63.0
2129,63.01546,63.0
2130,62.98938,63.0
2131,63.082256,64.0
2132,64.09214,64.0
2133,64.05874,63.0
2134,62.78929,63.0
2135,62.71612,63.0
2136,62.261024,63.0
2137,62.4502,62.0
2138,61.81195,62.0
2139,61.481014,62.0
2140,61.42794,70.99999999999999
2141,70.73274,72.0
2142,71.57858,73.00000000000001
2143,72.59062,73.00000000000001
2144,72.07446,72.0
2145,70.83864,70.99999999999999
2146,69.696266,70.0
2147,69.13113,69.00000000000001
2148,68.236206,69.00000000000001
2149,67.97139,69.00000000000001
2150,68.33495,69.00000000000001
2151,68.54228,68.0
2152,67.66736,68.0
2153,67.83753,68.0
2154,67.732635,66.99999999999999
2155,66.84118,66.0
2156,65.79142,66.0
2157,66.06485,65.0
2158,64.823105,64.0
2159,63.935368,62.0
2160,61.878674,61.0
2161,60.84216,59.0
2162,58.606823,58.0
2163,57.82587,56.0
2164,56.041565,55.0
2165,55.25285,54.0
2166,54.259754,53.0
2167,53.293015,52.0
2168,52.314926,53.0
2169,53.265842,54.0
2170,54.229527,54.0
2171,54.034466,55.0
2172,54.973682,56.0
2173,56.355476,58.0
2174,58.16637,58.0
2175,58.04627,59.0
2176,59.274136,59.0
2177,59.351383,59.0
2178,59.300453,60.0
2179,60.377167,59.0
2180,59.349705,60.0
2181,60.354374,60.0
2182,60.37699,60.0
2183,60.32065,60.0
2184,60.204678,60.0
2185,60.340305,61.0
2186,61.271133,61.0
2187,61.147446,63.0
2188,63.110275,63.0
2189,63.028748,64.0
2190,64.07441,64.0
2191,64.007,64.0
2192,63.833096,64.0
2193,63.440468,63.0
2194,62.26692,63.0
2195,61.927032,63.0
2196,62.286797,61.0
2197,60.129185,60.0
2198,59.250946,60.0
2199,59.564926,60.0
2200,59.821293,59.0
2201,59.07274,60.0
2202,60.471004,60.0
2203,60.532074,61.0
2204,61.488827,61.0
2205,61.245804,61.0
2206,61.369183,60.0
2207,60.13639,60.0
2208,60.115597,59.0
2209,59.436535,58.0
2210,58.964363,58.0
2211,58.582123,57.0
2212,57.638226,58.0
2213,58.706436,58.0
2214,58.87077,58.0
2215,58.919323,60.0
2216,60.770626,61.0
2217,61.529663,63.0
2218,63.45534,65.0
2219,65.42043,66.0
2220,66.09143,66.99999999999999
2221,66.82315,66.99999999999999
2222,66.44746,66.99999999999999
2223,66.61331,66.99999999999999
2224,66.88312,68.0
2225,67.95138,68.0
2226,68.13712,66.99999999999999
2227,67.141426,66.99999999999999
2228,67.26809,66.99999999999999
2229,67.23303,66.99999999999999
2230,67.29617,66.99999999999999
2231,67.087265,66.99999999999999
2232,66.9241,68.0
2233,68.01696,68.0
2234,67.88927,69.00000000000001
2235,68.92514,70.0
2236,70.00345,70.0
2237,70.01354,70.0
2238,69.794975,69.00000000000001
2239,68.916626,70.0
2240,70.10804,70.0
2241,70.334915,70.0
2242,70.36272,70.99999999999999
2243,71.0332,70.0
2244,69.792404,70.0
2245,69.63326,72.0
2246,71.639084,72.0
2247,71.79443,72.0
2248,71.84192,72.0
2249,72.14192,72.0
2250,72.24702,72.0
2251,72.24162,72.0
2252,72.15382,72.0
2253,72.26983,72.0
2254,72.32968,72.0
2255,72.22301,73.00000000000001
2256,73.04326,70.99999999999999
2257,70.79629,72.0
2258,71.78584,72.0
2259,71.670815,72.0
2260,71.676254,70.99999999999999
2261,70.47954,70.99999999999999
2262,70.753685,70.99999999999999
2263,70.878235,70.99999999999999
2264,70.94086,70.0
2265,69.79078,69.00000000000001
2266,68.69718,69.00000000000001
2267,68.785065,69.00000000000001
2268,68.88317,70.0
2269,69.85069,69.00000000000001
2270,68.64971,69.00000000000001
2271,68.87385,69.00000000000001
2272,69.06666,68.0
2273,68.163246,68.0
2274,68.28259,68.0
2275,68.14791,68.0
2276,68.21608,66.99999999999999
2277,67.17914,66.99999999999999
2278,67.14001,66.99999999999999
2279,67.16759,66.0
2280,65.98068,66.99999999999999
2281,66.96984,66.0
2282,66.088745,66.0
2283,66.13822,66.0
2284,65.9788,66.0
2285,66.04839,66.99999999999999
2286,67.11932,66.99999999999999
2287,66.88808,66.0
2288,65.60589,65.0
2289,64.57914,64.0
2290,63.6609,63.0
2291,62.768684,63.0
2292,62.98307,62.0
2293,62.05446,63.0
2294,62.85362,63.0
2295,62.96709,64.0
2296,64.27095,65.0
2297,65.121826,65.0
2298,64.76609,66.0
2299,65.866714,66.0
2300,66.33838,66.0
2301,66.312454,66.99999999999999
2302,67.02353,66.99999999999999
2303,67.09609,68.0
2304,67.96819,69.00000000000001
2305,69.14012,70.0
2306,70.1149,69.00000000000001
2307,68.87075,70.0
2308,70.041,70.0
2309,69.65948,69.00000000000001
2310,69.279854,70.0
2311,70.22465,72.0
2312,71.98365,73.00000000000001
2313,72.85286,74.0
2314,73.71369,76.0
2315,76.225586,78.0
2316,78.00751,78.99999999999999
2317,79.03361,81.00000000000001
2318,80.762054,82.99999999999999
2319,82.975876,81.00000000000001
2320,80.84805,81.00000000000001
2321,81.21029,82.0
2322,82.302246,82.0
2323,82.32659,82.0
2324,82.31563,92.0
2325,95.090225,133.0
2326,138.14627,145.0
2327,144.39687,165.0
2328,169.93729,165.99999999999997
2329,163.32243,165.99999999999997
2330,162.3769,165.99999999999997
2331,162.0567,165.99999999999997
2332,162.8793,167.0
2333,162.66522,167.0
2334,162.64665,165.99999999999997
2335,159.53537,167.0
2336,154.6871,167.0
2337,157.3282,167.0
2338,158.4888,168.0
2339,161.28223,167.0
2340,159.35333,167.0
2341,161.41936,165.99999999999997
2342,159.0398,165.0
2343,159.85857,165.0
2344,162.26233,165.0
2345,163.8873,165.0
2346,163.89827,164.0
2347,164.22328,164.0
2348,164.91216,161.0
2349,161.9253,156.0
2350,157.06923,156.0
2351,156.86073,84.0
2352,84.41901,82.0
2353,81.92967,81.00000000000001
2354,80.647514,81.00000000000001
2355,80.510994,80.0
2356,79.57314,78.0
2357,77.32412,77.00000000000001
2358,76.36572,76.0
2359,75.18367,74.99999999999999
2360,74.486176,74.0
2361,73.82186,74.0
2362,73.676094,73.00000000000001
2363,73.06931,73.00000000000001
2364,72.84712,73.00000000000001
2365,72.98436,74.99999999999999
2366,74.69808,74.99999999999999
2367,74.838104,76.0
2368,76.18172,76.0
2369,76.2323,76.0
2370,76.37506,76.0
2371,76.4919,76.0
2372,76.32192,76.0
2373,76.041115,74.99999999999999
2374,74.78822,74.99999999999999
2375,74.53513,74.99999999999999
2376,74.598946,77.00000000000001
2377,76.556404,78.0
2378,77.50292,78.0
2379,77.03979,78.99999999999999
2380,77.87597,78.99999999999999
2381,78.059685,80.0
2382,80.02341,81.00000000000001
2383,80.07615,81.00000000000001
2384,80.34442,82.0
2385,81.46465,82.0
2386,81.53781,81.00000000000001
2387,80.38156,81.00000000000001
2388,80.09769,80.0
2389,79.57931,80.0
2390,79.84865,82.0
2391,81.72275,82.0
2392,81.68017,82.0
2393,81.8939,82.0
2394,82.32343,82.0
2395,82.603584,82.0
2396,82.625206,82.99999999999999
2397,83.53388,82.99999999999999
2398,83.250465,82.0
2399,82.089195,81.00000000000001
2400,80.83924,80.0
2401,79.935974,78.99999999999999
2402,78.760956,78.99999999999999
2403,78.45391,78.99999999999999
2404,78.128845,78.0
2405,77.19495,77.00000000000001
2406,76.217606,77.00000000000001
2407,76.18114,78.0
2408,77.706856,78.0
2409,77.58394,78.0
2410,77.70721,78.99999999999999
2411,78.69356,80.0
2412,79.45741,80.0
2413,79.17693,78.99999999999999
2414,78.10926,78.0
2415,77.81117,78.99999999999999
2416,79.11097,78.99999999999999
2417,78.89019,78.99999999999999
2418,78.5385,78.99999999999999
2419,78.856186,78.0
2420,77.72834,77.00000000000001
2421,76.785934,77.00000000000001
2422,76.82263,152.0
2423,154.80302,153.0
2424,148.22151,153.0
2425,144.75015,153.0
2426,143.82736,153.0
2427,145.55193,153.0
2428,143.01256,153.0
2429,147.50534,153.0
2430,146.57957,153.0
2431,143.72377,152.0
2432,142.99998,152.0
2433,143.04114,151.0
2434,140.86992,143.0
2435,135.17822,131.0
2436,124.90485,124.0
2437,120.14362,125.00000000000001
2438,121.56821,126.0
2439,122.22147,121.00000000000001
2440,118.254906,114.99999999999999
2441,112.20428,112.0
2442,109.79397,109.00000000000001
2443,107.89119,114.99999999999999
2444,114.15226,109.00000000000001
2445,108.21064,102.99999999999999
2446,102.171165,69.00000000000001
2447,68.75899,66.0
2448,65.9253,65.0
2449,65.0261,64.0
2450,63.87867,64.0
2451,63.98404,64.0
2452,64.11472,64.0
2453,64.55806,64.0
2454,64.55913,66.0
2455,66.68566,68.0
2456,68.86313,69.00000000000001
2457,69.497925,70.0
2458,70.014946,70.99999999999999
2459,71.20441,72.0
2460,72.073814,74.0
2461,73.8022,73.00000000000001
2462,72.5965,72.0
2463,71.43721,70.99999999999999
2464,70.496315,70.0
2465,69.6108,70.0
2466,69.6993,69.00000000000001
2467,68.715034,69.00000000000001
2468,68.72156,68.0
2469,67.62941,69.00000000000001
2470,69.079994,68.0
2471,67.42035,68.0
2472,67.704544,68.0
2473,67.78525,69.00000000000001
2474,68.72284,70.0
2475,69.72806,70.99999999999999
2476,70.93708,70.99999999999999
2477,70.83539,70.99999999999999
2478,70.84733,70.0
2479,69.887535,69.00000000000001
2480,68.92359,66.99999999999999
2481,66.76251,66.0
2482,65.807335,64.0
2483,63.22116,63.0
2484,61.975094,61.0
2485,59.979927,60.0
2486,59.45752,61.0
2487,60.270042,61.0
2488,60.8212,61.0
2489,60.812103,63.0
2490,63.117996,63.0
2491,62.850742,64.0
2492,63.958378,64.0
2493,63.776413,63.0
2494,62.943195,63.0
2495,62.80051,63.0
2496,62.707214,63.0
2497,62.781876,62.0
2498,61.821117,60.0
2499,59.95571,59.0
2500,59.28419,58.0
2501,58.415203,59.0
2502,59.9108,59.0
2503,59.807343,59.0
2504,59.348774,59.0
2505,59.353535,60.0
2506,60.497612,61.0
2507,61.10977,62.0
2508,61.986996,63.0
2509,62.83408,63.0
2510,63.096092,64.0
2511,64.19523,64.0
2512,63.80049,64.0
2513,63.74732,63.0
2514,62.827473,63.0
2515,62.899345,63.0
2516,62.868362,63.0
2517,63.100403,63.0
2518,62.996426,63.0
2519,62.953644,62.0
2520,61.85218,62.0
2521,61.90276,62.0
2522,61.794407,61.0
2523,60.792225,61.0
2524,60.96335,60.0
2525,59.976093,59.0
2526,59.04489,58.0
2527,58.220634,57.0
2528,57.185013,56.0
2529,56.083115,56.0
2530,56.323772,56.0
2531,56.126095,56.0
2532,56.540493,56.0
2533,56.73279,56.0
2534,56.778934,55.0
2535,54.47443,54.0
2536,53.807575,54.0
2537,53.96897,54.0
2538,54.117603,54.0
2539,54.195034,53.0
2540,53.179626,53.0
2541,53.187187,54.0
2542,54.014603,54.0
2543,54.1172,54.0
2544,54.14781,54.0
2545,54.250744,54.0
2546,54.25463,54.0
2547,54.442005,55.0
2548,55.463085,56.0
2549,57.38397,57.0
2550,57.752357,57.0
2551,57.474495,58.0
2552,58.767796,59.0
2553,59.685154,60.0
2554,60.257217,59.0
2555,58.895325,59.0
2556,58.924202,58.0
2557,57.86134,57.0
2558,57.153202,57.0
2559,57.20456,57.0
2560,57.034893,58.0
2561,58.044773,57.0
2562,57.061817,57.0
2563,57.039833,57.0
2564,57.063473,57.0
2565,57.09482,57.0
2566,57.055393,57.0
2567,56.97973,57.0
2568,57.05619,57.0
2569,57.05422,58.0
2570,58.1477,58.0
2571,58.21276,58.0
2572,58.127434,56.0
2573,56.214703,56.0
2574,56.331573,55.0
2575,55.300236,55.0
2576,55.491405,54.0
2577,54.240124,53.0
2578,52.951664,52.0
2579,51.98459,52.0
2580,52.029247,52.0
2581,51.894123,50.0
2582,50.00164,50.0
2583,50.482143,50.0
2584,50.307087,51.0
2585,51.451622,51.0
2586,51.324173,52.0
2587,52.40575,52.0
2588,52.281574,52.0
2589,52.30514,52.0
2590,52.288002,52.0
2591,52.315998,52.0
2592,52.415085,53.0
2593,53.479736,53.0
2594,53.589035,53.0
2595,53.41999,54.0
2596,54.723427,73.00000000000001
2597,72.64565,72.0
2598,71.368515,73.00000000000001
2599,72.620476,72.0
2600,71.11863,72.0
2601,71.415855,72.0
2602,70.987434,70.99999999999999
2603,69.630394,70.0
2604,69.595825,69.00000000000001
2605,68.44883,68.0
2606,67.33545,68.0
2607,67.745605,68.0
2608,67.96502,68.0
2609,67.482506,66.99999999999999
2610,66.62762,66.99999999999999
2611,66.69307,66.0
2612,65.625145,66.0
2613,65.618904,66.0
2614,65.67965,65.0
2615,64.69251,65.0
2616,64.62915,64.0
2617,63.638184,63.0
2618,62.812416,63.0
2619,62.994972,63.0
2620,63.0245,51.0
2621,51.485558,52.0
2622,52.61775,52.0
2623,52.465294,53.0
2624,53.369263,54.0
2625,54.564777,55.0
2626,55.20132,56.0
2627,56.035835,58.0
2628,58.803654,59.0
2629,59.211185,60.0
2630,59.911804,61.0
2631,61.112083,61.0
2632,61.193916,61.0
2633,61.316113,62.0
2634,62.28258,61.0
2635,61.039177,61.0
2636,60.976273,61.0
2637,60.85591,61.0
2638,60.79649,61.0
2639,60.750755,61.0
2640,60.729042,61.0
2641,61.001118,62.0
2642,62.14472,63.0
2643,63.209526,63.0
2644,63.176964,66.99999999999999
2645,67.47546,68.0
2646,68.143105,68.0
2647,68.22746,69.00000000000001
2648,69.282455,69.00000000000001
2649,68.82415,70.0
2650,69.93224,70.99999999999999
2651,71.29114,70.99999999999999
2652,70.82889,72.0
2653,71.67436,72.0
2654,71.63297,70.99999999999999
2655,70.3004,72.0
2656,71.81975,70.99999999999999
2657,70.999016,70.99999999999999
2658,71.21958,72.0
2659,72.031,72.0
2660,72.107574,73.00000000000001
2661,73.017876,70.0
2662,69.8928,69.00000000000001
2663,68.93209,69.00000000000001
2664,68.97504,69.00000000000001
2665,69.03773,69.00000000000001
2666,68.570724,70.0
2667,69.72346,69.00000000000001
2668,68.8694,62.0
2669,62.397602,62.0
2670,62.209507,63.0
2671,62.92008,62.0
2672,62.00057,62.0
2673,62.009384,62.0
2674,62.110653,62.0
2675,62.216507,62.0
2676,62.240128,62.0
2677,62.42167,63.0
2678,63.337555,63.0
2679,62.93623,63.0
2680,62.766773,63.0
2681,62.85688,63.0
2682,62.864075,63.0
2683,62.837578,63.0
2684,63.061825,63.0
2685,63.003307,64.0
2686,64.111046,64.0
2687,63.65772,64.0
2688,63.352104,64.0
2689,63.583046,64.0
2690,63.581333,64.0
2691,63.727436,63.0
2692,63.017338,62.0
2693,61.507027,61.0
2694,60.3175,59.0
2695,58.155933,58.0
2696,57.298004,56.0
2697,55.306263,56.0
2698,55.597122,54.0
2699,53.303333,54.0
2700,53.350388,53.0
2701,52.671738,51.0
2702,50.76412,51.0
2703,51.235134,48.0
2704,48.34058,48.0
2705,48.352158,50.0
2706,50.338505,49.0
2707,49.22016,49.0
2708,49.286808,48.0
2709,48.38074,46.0
2710,46.37126,47.0
2711,47.449047,45.0
2712,45.50091,41.0
2713,42.035355,38.0
2714,39.856506,37.0
2715,39.42201,36.0
2716,38.833473,59.0
2717,60.06835,59.0
2718,60.319004,60.0
2719,61.19443,61.0
2720,61.585186,62.0
2721,62.4493,63.0
2722,63.500618,63.0
2723,62.670982,63.0
2724,62.465595,63.0
2725,62.306396,62.0
2726,61.530773,61.0
2727,60.836353,61.0
2728,61.023838,61.0
2729,61.21516,61.0
2730,61.240246,62.0
2731,62.324356,62.0
2732,62.256924,63.0
2733,63.1918,63.0
2734,63.10094,63.0
2735,62.99464,64.0
2736,64.107056,64.0
2737,64.06597,65.0
2738,65.28129,65.0
2739,65.48426,66.0
2740,66.20554,57.0
2741,56.893017,58.0
2742,57.805954,59.0
2743,58.867535,59.0
2744,59.133213,59.0
2745,58.973217,60.0
2746,59.81825,60.0
2747,59.886574,61.0
2748,61.291176,61.0
2749,61.20222,62.0
2750,62.192722,61.0
2751,61.219116,61.0
2752,61.196552,60.0
2753,60.15194,59.0
2754,59.041134,58.0
2755,58.012943,58.0
2756,58.11187,57.0
2757,57.10073,56.0
2758,55.976246,57.0
2759,56.97184,57.0
2760,57.022694,56.0
2761,55.96095,56.0
2762,56.116795,57.0
2763,57.02245,57.0
2764,57.217163,61.0
2765,61.308266,62.0
2766,62.879623,63.0
2767,64.09569,64.0
2768,64.56298,66.0
2769,66.338455,66.99999999999999
2770,67.15118,69.00000000000001
2771,69.183784,70.99999999999999
2772,70.84198,73.00000000000001
2773,73.045685,74.99999999999999
2774,74.81446,77.00000000000001
2775,76.60522,78.0
2776,78.12038,78.99999999999999
2777,79.183136,78.99999999999999
2778,79.575066,80.0
2779,80.54914,80.0
2780,80.34988,81.00000000000001
2781,81.32224,81.00000000000001
2782,81.10845,82.0
2783,82.20169,82.0
2784,81.85696,81.00000000000001
2785,80.584335,81.00000000000001
2786,80.51178,81.00000000000001
2787,80.24948,81.00000000000001
2788,80.012024,54.0
2789,54.58173,54.0
2790,55.09608,56.0
2791,56.393185,57.0
2792,57.267952,58.0
2793,58.070263,59.0
2794,59.000366,59.0
2795,59.181934,60.0
2796,60.227955,61.0
2797,61.119617,63.0
2798,64.27098,65.0
2799,66.67224,66.0
2800,66.76925,65.0
2801,65.02297,66.0
2802,65.85606,65.0
2803,65.03904,66.0
2804,66.20025,66.99999999999999
2805,67.33476,66.99999999999999
2806,67.11112,66.99999999999999
2807,67.235214,68.0
2808,68.169975,68.0
2809,68.06466,66.99999999999999
2810,67.05903,66.99999999999999
2811,67.077156,68.0
2812,68.07884,82.99999999999999
2813,82.16869,82.0
2814,81.17658,82.99999999999999
2815,82.387436,82.0
2816,81.422195,81.00000000000001
2817,80.48969,81.00000000000001
2818,80.48155,80.0
2819,80.35847,80.0
2820,79.894745,78.99999999999999
2821,78.77723,81.00000000000001
2822,81.03078,81.00000000000001
2823,80.301575,81.00000000000001
2824,80.496574,81.00000000000001
2825,81.09876,81.00000000000001
2826,81.30549,82.99999999999999
2827,83.9077,85.00000000000001
2828,85.72463,85.00000000000001
2829,85.478584,86.0
2830,86.489685,86.99999999999999
2831,87.25036,90.0
2832,90.3396,90.99999999999999
2833,90.99433,90.0
2834,89.44707,92.0
2835,91.50605,92.0
2836,91.224945,61.0
2837,60.426674,61.0
2838,60.900726,61.0
2839,60.64274,61.0
2840,60.459526,60.0
2841,59.6594,60.0
2842,59.74669,60.0
2843,59.664524,60.0
2844,59.80873,60.0
2845,60.10124,59.0
2846,59.796734,59.0
2847,59.420258,59.0
2848,59.382053,59.0
2849,58.980717,59.0
2850,59.010662,59.0
2851,59.14505,59.0
2852,59.138165,58.0
2853,57.972145,59.0
2854,59.1131,59.0
2855,59.15343,59.0
2856,58.905594,59.0
2857,59.129135,59.0
2858,59.566257,58.0
2859,57.758575,58.0
2860,57.70861,55.0
2861,54.886124,55.0
2862,54.793762,54.0
2863,54.127678,54.0
2864,53.94016,55.0
2865,54.761272,56.0
2866,56.029034,57.0
2867,57.39649,58.0
2868,58.008286,59.0
2869,59.109295,60.0
2870,60.88374,62.0
2871,62.82891,64.0
2872,64.1751,65.0
2873,65.294716,66.0
2874,65.98898,66.0
2875,66.05987,66.99999999999999
2876,67.047806,66.0
2877,65.73723,66.0
2878,65.75196,66.99999999999999
2879,66.541565,66.99999999999999
2880,66.769196,66.99999999999999
2881,66.74635,66.99999999999999
2882,66.6074,66.99999999999999
2883,66.2855,66.99999999999999
2884,66.20737,62.0
2885,62.976963,63.0
2886,63.82817,65.0
2887,65.6088,65.0
2888,64.8162,64.0
2889,63.90552,65.0
2890,64.999916,64.0
2891,64.03813,65.0
2892,64.888245,64.0
2893,63.54735,65.0
2894,64.51567,66.0
2895,65.62366,66.0
2896,66.010666,66.0
2897,65.96824,66.99999999999999
2898,66.83737,66.99999999999999
2899,66.81732,66.99999999999999
2900,66.8799,66.99999999999999
2901,66.96471,66.99999999999999
2902,66.89169,66.99999999999999
2903,66.714645,66.0
2904,65.77677,66.0
2905,66.02184,66.99999999999999
2906,66.72763,66.99999999999999
2907,66.63598,66.99999999999999
2908,66.83623,66.99999999999999
2909,66.8342,66.0
2910,65.926605,65.0
2911,64.96005,65.0
2912,64.79441,65.0
2913,65.041626,66.0
2914,65.9898,64.0
2915,63.251244,64.0
2916,63.539745,63.0
2917,62.15123,63.0
2918,62.400963,63.0
2919,62.309696,62.0
2920,61.531673,62.0
2921,61.516582,62.0
2922,61.707523,61.0
2923,60.39312,61.0
2924,60.62787,60.0
2925,59.584595,60.0
2926,59.890263,60.0
2927,59.80108,60.0
2928,59.81794,59.0
2929,58.850483,59.0
2930,58.906155,59.0
2931,59.27992,58.0
2932,58.225193,58.0
2933,58.632202,58.0
2934,58.765724,59.0
2935,59.681503,60.0
2936,60.93083,60.0
2937,60.41837,60.0
2938,60.332268,61.0
2939,61.34117,63.0
2940,63.913414,66.99999999999999
2941,69.321365,69.00000000000001
2942,70.29739,70.99999999999999
2943,71.45733,73.00000000000001
2944,72.89116,73.00000000000001
2945,72.45825,73.00000000000001
2946,72.44388,73.00000000000001
2947,72.465744,74.0
2948,73.60554,74.0
2949,73.16161,74.0
2950,73.42792,74.0
2951,73.55771,74.0
2952,73.53077,74.0
2953,73.55423,74.0
2954,73.65269,74.0
2955,73.42408,74.0
2956,73.77412,74.0
2957,73.57863,74.0
2958,73.76693,74.0
2959,73.82938,74.0
2960,73.7314,74.99999999999999
2961,75.39141,74.99999999999999
2962,75.00291,76.0
2963,75.80829,74.99999999999999
2964,74.89142,72.0
2965,71.86878,72.0
2966,72.15263,70.99999999999999
2967,70.97625,69.00000000000001
2968,68.72689,69.00000000000001
2969,68.70955,69.00000000000001
2970,68.82727,69.00000000000001
2971,68.870476,69.00000000000001
2972,68.8589,69.00000000000001
2973,68.726006,70.0
2974,69.918945,70.0
2975,69.83441,70.99999999999999
2976,70.62404,70.99999999999999
2977,70.8215,72.0
2978,71.89424,72.0
2979,71.34391,72.0
2980,71.60067,72.0
2981,71.59965,74.0
2982,74.014786,74.99999999999999
2983,75.01335,76.0
2984,75.7779,76.0
2985,76.39811,77.00000000000001
2986,77.295235,78.0
2987,78.37542,80.0
2988,80.445045,82.0
2989,82.32804,82.0
2990,81.522736,81.00000000000001
2991,80.30403,81.00000000000001
2992,80.52131,82.0
2993,81.53359,82.0
2994,81.88836,82.0
2995,81.980255,82.0
2996,81.80793,82.0
2997,81.73893,82.0
2998,81.75135,82.0
2999,81.48968,82.0
3000,81.47853,82.0
3001,81.625824,82.0
3002,81.29751,82.0
3003,80.668396,82.0
3004,80.588554,81.00000000000001
3005,79.56463,78.99999999999999
3006,77.987785,77.00000000000001
3007,76.20958,74.99999999999999
3008,74.15684,72.0
3009,71.218765,69.00000000000001
3010,67.85265,66.0
3011,64.97455,63.0
3012,62.197006,60.0
3013,59.357925,57.0
3014,56.549057,56.0
3015,55.947006,56.0
3016,56.047413,56.0
3017,56.114853,55.0
3018,55.035614,54.0
3019,54.177296,54.0
3020,54.154797,53.0
3021,53.20453,53.0
3022,53.224567,53.0
3023,53.395023,53.0
3024,53.350487,52.0
3025,52.601753,52.0
3026,53.14359,52.0
3027,52.9989,49.0
3028,49.405956,50.0
3029,50.273922,46.0
3030,46.374187,44.0
3031,44.41082,45.0
3032,45.48766,46.0
3033,46.126236,46.0
3034,45.99339,46.0
3035,45.959408,47.0
3036,46.869106,49.0
3037,48.89455,50.0
3038,49.898373,51.0
3039,51.17016,52.0
3040,52.039433,52.0
3041,52.39477,53.0
3042,53.37897,54.0
3043,54.295162,55.0
3044,55.21701,56.0
3045,56.031773,56.0
3046,55.99482,57.0
3047,56.97686,57.0
3048,56.407597,56.0
3049,55.807037,55.0
3050,54.39755,55.0
3051,54.95852,55.0
3052,55.13322,55.0
3053,55.22078,56.0
3054,56.250916,56.0
3055,56.100025,56.0
3056,56.262104,57.0
3057,57.039818,57.0
3058,56.87665,57.0
3059,56.682293,57.0
3060,55.864033,56.0
3061,55.21633,56.0
3062,55.603966,56.0
3063,55.599274,55.0
3064,54.30956,55.0
3065,54.85846,54.0
3066,54.171658,53.0
3067,53.13822,53.0
3068,53.336803,52.0
3069,52.330837,52.0
3070,52.256275,50.0
3071,50.374653,51.0
3072,51.358513,48.0
3073,48.537422,49.0
3074,50.297573,50.0
3075,51.23998,50.0
3076,50.48046,50.0
3077,50.705208,50.0
3078,50.626408,50.0
3079,50.616405,51.0
3080,51.55304,51.0
3081,51.379677,51.0
3082,51.11515,52.0
3083,52.33101,53.0
3084,53.10233,53.0
3085,52.78914,54.0
3086,54.214344,54.0
3087,54.259346,55.0
3088,55.194298,55.0
3089,55.213326,55.0
3090,55.312668,55.0
3091,55.243935,55.0
3092,55.29725,55.0
3093,55.2658,55.0
3094,55.293488,56.0
3095,56.34462,56.0
3096,56.2508,57.0
3097,57.239212,58.0
3098,58.465836,57.0
3099,57.365234,57.0
3100,57.21476,58.0
3101,58.444042,58.0
3102,58.40209,59.0
3103,59.530743,59.0
3104,59.403053,59.0
3105,59.064278,59.0
3106,58.993076,59.0
3107,59.036213,59.0
3108,59.096573,60.0
3109,60.281654,59.0
3110,58.7862,58.0
3111,57.363533,58.0
3112,57.639088,59.0
3113,58.52451,59.0
3114,58.572605,59.0
3115,58.59596,59.0
3116,58.93565,59.0
3117,59.03271,59.0
3118,59.230637,60.0
3119,60.25813,60.0
3120,60.20336,60.0
3121,60.194885,61.0
3122,62.245525,61.0
3123,61.997807,63.0
3124,64.38645,62.0
3125,62.22516,63.0
3126,63.54883,63.0
3127,63.325386,63.0
3128,63.09278,63.0
3129,63.187706,63.0
3130,62.982742,64.0
3131,63.83588,63.0
3132,62.758537,63.0
3133,62.553158,63.0
3134,62.693836,64.0
3135,63.772297,64.0
3136,63.633217,63.0
3137,62.77699,63.0
3138,62.891296,63.0
3139,62.917137,64.0
3140,64.08806,64.0
3141,63.977863,64.0
3142,64.06175,66.0
3143,66.492256,66.0
3144,66.16175,66.99999999999999
3145,67.02538,66.99999999999999
3146,67.11847,66.99999999999999
3147,66.94108,66.0
3148,65.96998,66.99999999999999
3149,67.14374,68.0
3150,67.91512,68.0
3151,67.82405,69.00000000000001
3152,68.98054,69.00000000000001
3153,69.36976,69.00000000000001
3154,68.894905,70.0
3155,69.75542,70.0
3156,69.41066,70.0
3157,69.528725,70.99999999999999
3158,70.67582,72.0
3159,71.66427,72.0
3160,71.5825,72.0
3161,71.79374,73.00000000000001
3162,73.10866,73.00000000000001
3163,73.12578,73.00000000000001
3164,73.315216,73.00000000000001
3165,73.168015,72.0
3166,72.08668,69.00000000000001
3167,68.907555,69.00000000000001
3168,68.88799,66.99999999999999
3169,66.85033,66.0
3170,65.941956,66.0
3171,66.099655,66.0
3172,66.100624,65.0
3173,64.96332,64.0
3174,63.82436,63.0
3175,62.89009,62.0
3176,62.01049,62.0
3177,61.969444,61.0
3178,61.217377,60.0
3179,60.069233,60.0
3180,60.287003,59.0
3181,58.946335,59.0
3182,59.143734,58.0
3183,58.039772,58.0
3184,58.089783,58.0
3185,58.145935,58.0
3186,58.1985,58.0
3187,58.249302,58.0
3188,58.289253,58.0
3189,58.237637,58.0
3190,58.16962,58.0
3191,58.189907,58.0
3192,58.415596,59.0
3193,59.65613,59.0
3194,60.10406,60.0
3195,61.31054,60.0
3196,61.236767,61.0
3197,62.227592,62.0
3198,63.07505,64.0
3199,64.50824,65.0
3200,65.613976,66.0
3201,66.63935,66.99999999999999
3202,67.16402,66.99999999999999
3203,67.01452,66.99999999999999
3204,66.61003,68.0
3205,67.74281,66.0
3206,65.487206,66.0
3207,65.73715,66.0
3208,65.92959,65.0
3209,64.96426,65.0
3210,65.0961,65.0
3211,65.018555,64.0
3212,63.999176,64.0
3213,63.974445,64.0
3214,63.973625,65.0
3215,64.99773,65.0
3216,65.08204,65.0
3217,65.227005,65.0
3218,65.12071,65.0
3219,65.07429,65.0
3220,65.83459,66.0
3221,66.698715,66.99999999999999
3222,67.34285,68.0
3223,68.73479,69.00000000000001
3224,69.875565,69.00000000000001
3225,69.45413,70.0
3226,70.26314,70.0
3227,70.19129,70.99999999999999
3228,71.043304,72.0
3229,71.99076,74.0
3230,73.71073,74.99999999999999
3231,74.3894,76.0
3232,75.58689,76.0
3233,75.70282,76.0
3234,75.667145,76.0
3235,75.573456,77.00000000000001
3236,76.75009,77.00000000000001
3237,76.898346,77.00000000000001
3238,77.016495,77.00000000000001
3239,76.87493,77.00000000000001
3240,76.7537,77.00000000000001
3241,76.6723,77.00000000000001
3242,76.556175,77.00000000000001
3243,76.37781,78.0
3244,77.6924,77.00000000000001
3245,76.760994,76.0
3246,75.615395,74.99999999999999
3247,75.06737,74.0
3248,74.08676,74.0
3249,74.105515,74.99999999999999
3250,74.893135,74.99999999999999
3251,75.31379,76.0
3252,76.312874,76.0
3253,76.02523,78.0
3254,78.61209,78.0
3255,77.79061,78.99999999999999
3256,78.93865,80.0
3257,80.090126,81.00000000000001
3258,80.60424,82.0
3259,81.870476,82.0
3260,81.88304,82.0
3261,82.04683,82.99999999999999
3262,82.964874,82.99999999999999
3263,82.825455,82.99999999999999
3264,82.69012,84.0
3265,83.7256,84.0
3266,83.50163,85.00000000000001
3267,84.38118,84.0
3268,83.453674,84.0
3269,83.45152,85.00000000000001
3270,84.67963,85.00000000000001
3271,84.61881,85.00000000000001
3272,84.66928,86.0
3273,85.83995,86.0
3274,85.8177,85.00000000000001
3275,84.58519,85.00000000000001
3276,84.48918,85.00000000000001
3277,84.35116,82.99999999999999
3278,82.53842,84.0
3279,83.675385,85.00000000000001
3280,84.83948,84.0
3281,83.97268,84.0
3282,83.898544,84.0
3283,84.24199,85.00000000000001
3284,84.94383,84.0
3285,83.67332,84.0
3286,83.74405,85.00000000000001
3287,84.95687,86.0
3288,85.86834,85.00000000000001
3289,84.63641,84.0
3290,82.96205,82.99999999999999
3291,82.120605,82.0
3292,81.06413,82.0
3293,81.39923,82.0
3294,81.40808,81.00000000000001
3295,80.1871,80.0
3296,79.29389,78.0
3297,77.43569,76.0
3298,75.48652,74.99999999999999
3299,74.58937,74.0
3300,73.40889,74.0
3301,73.65633,72.0
3302,71.54938,70.99999999999999
3303,70.88763,70.0
3304,70.00518,70.0
3305,70.28878,70.99999999999999
3306,71.33745,70.99999999999999
3307,71.53167,70.0
3308,70.41067,70.0
3309,70.45324,70.0
3310,70.36678,70.0
3311,70.17729,70.0
3312,70.1178,70.0
3313,70.010414,70.99999999999999
3314,70.959915,72.0
3315,71.83462,72.0
3316,71.65138,70.0
3317,69.705185,69.00000000000001
3318,68.65385,68.0
3319,67.69396,66.99999999999999
3320,66.74731,66.0
3321,65.63677,66.0
3322,65.53642,65.0
3323,64.61172,65.0
3324,64.58135,63.0
3325,62.658943,63.0
3326,62.760284,63.0
3327,62.967716,62.0
3328,62.18951,62.0
3329,62.257828,62.0
3330,62.187477,62.0
3331,62.2437,62.0
3332,62.322117,62.0
3333,62.481667,62.0
3334,62.30233,61.0
3335,61.076626,61.0
3336,61.043648,62.0
3337,62.210213,62.0
3338,62.086037,62.0
3339,62.04396,61.0
3340,60.925335,61.0
3341,60.93932,61.0
3342,60.975952,60.0
3343,60.130318,61.0
3344,61.003204,61.0
3345,61.487324,62.0
3346,62.236538,62.0
3347,61.959377,62.0
3348,61.781063,62.0
3349,61.773884,62.0
3350,61.67512,61.0
3351,60.783337,60.0
3352,59.8597,60.0
3353,59.84083,60.0
3354,59.977665,60.0
3355,59.745,60.0
3356,59.84486,60.0
3357,59.82273,61.0
3358,60.726795,61.0
3359,60.7805,61.0
3360,60.78491,61.0
3361,60.86647,62.0
3362,61.903454,61.0
3363,60.943558,61.0
3364,61.200394,64.0
3365,64.455414,65.0
3366,65.38431,66.0
3367,66.266235,66.0
3368,66.27869,66.99999999999999
3369,67.20029,66.99999999999999
3370,66.92362,66.99999999999999
3371,66.776405,66.0
3372,65.60647,66.0
3373,65.6625,66.0
3374,65.82517,66.0
3375,65.76994,66.0
3376,65.92079,66.0
3377,66.04944,65.0
3378,65.03308,65.0
3379,65.09867,66.0
3380,66.15915,66.0
3381,66.21924,66.99999999999999
3382,67.243484,66.99999999999999
3383,67.0596,68.0
3384,67.674164,66.99999999999999
3385,66.91068,66.99999999999999
3386,66.83128,66.0
3387,65.80199,65.0
3388,65.34377,68.0
3389,68.00894,68.0
3390,68.162994,68.0
3391,68.23477,69.00000000000001
3392,69.59839,70.0
3393,70.92497,70.0
3394,70.255646,70.0
3395,70.36042,70.99999999999999
3396,71.26473,70.99999999999999
3397,70.81229,70.0
3398,69.72965,70.99999999999999
3399,70.4854,70.0
3400,69.78568,70.99999999999999
3401,70.868744,70.0
3402,70.05173,70.0
3403,70.02063,70.0
3404,70.27538,70.99999999999999
3405,71.16481,70.99999999999999
3406,71.09993,70.99999999999999
3407,70.447464,70.99999999999999
3408,70.51078,70.99999999999999
3409,71.08346,72.0
3410,71.72169,73.00000000000001
3411,73.02251,73.00000000000001
3412,72.82145,62.0
3413,61.969147,62.0
3414,61.818336,61.0
3415,60.698452,61.0
3416,61.136185,61.0
3417,61.07581,61.0
3418,60.88279,61.0
3419,61.41376,61.0
3420,61.263092,61.0
3421,61.14758,60.0
3422,60.091232,61.0
3423,60.961445,61.0
3424,60.986847,61.0
3425,60.94999,61.0
3426,61.0765,61.0
3427,60.9437,61.0
3428,61.00011,61.0
3429,60.97895,61.0
3430,60.965607,61.0
3431,61.146862,62.0
3432,62.075626,62.0
3433,61.98597,62.0
3434,61.79184,62.0
3435,62.042343,63.0
3436,63.084892,37.0
3437,39.4938,38.0
3438,40.206154,41.0
3439,42.839443,44.0
3440,45.32674,45.0
3441,45.689026,46.0
3442,46.499268,47.0
3443,47.248337,49.0
3444,49.05944,51.0
3445,51.23624,51.0
3446,51.363937,51.0
3447,51.46417,52.0
3448,52.37779,51.0
3449,51.36872,50.0
3450,50.410137,51.0
3451,51.32869,50.0
3452,50.3011,50.0
3453,50.30937,51.0
3454,51.316734,51.0
3455,51.312187,51.0
3456,51.364265,53.0
3457,53.491165,54.0
3458,54.443996,53.0
3459,53.295074,52.0
3460,52.374626,66.0
3461,65.821785,66.0
3462,66.10965,66.0
3463,65.86366,65.0
3464,64.66091,63.0
3465,62.59866,62.0
3466,61.56194,62.0
3467,61.65988,62.0
3468,61.63425,65.0
3469,65.61125,66.0
3470,65.93668,66.0
3471,65.79225,66.0
3472,65.879585,65.0
3473,65.04185,65.0
3474,65.16153,65.0
3475,65.10951,65.0
3476,65.251305,65.0
3477,65.084854,65.0
3478,65.25588,65.0
3479,65.01929,65.0
3480,65.1833,66.0
3481,66.001396,66.0
3482,66.05299,66.0
3483,66.28097,65.0
3484,65.07204,56.0
3485,55.75504,57.0
3486,57.006607,57.0
3487,57.07434,56.0
3488,55.80529,56.0
3489,55.924446,55.0
3490,54.890747,55.0
3491,55.050556,54.0
3492,53.98034,53.0
3493,52.752968,51.0
3494,51.104923,50.0
3495,50.86264,50.0
3496,51.50631,51.0
3497,51.85622,51.0
3498,51.65102,52.0
3499,52.398594,53.0
3500,53.28943,53.0
3501,53.361984,54.0
3502,54.30373,54.0
3503,54.266197,54.0
3504,54.335915,55.0
3505,55.458298,55.0
3506,56.32171,57.0
3507,58.445686,57.0
3508,57.35683,82.99999999999999
3509,82.68031,82.99999999999999
3510,82.30527,82.99999999999999
3511,82.484634,82.99999999999999
3512,82.61698,82.99999999999999
3513,82.4269,82.99999999999999
3514,82.374504,82.99999999999999
3515,82.21368,84.0
3516,83.36314,84.0
3517,83.88081,84.0
3518,83.66908,86.0
3519,85.57306,85.00000000000001
3520,83.56963,84.0
3521,82.93703,82.99999999999999
3522,82.25517,82.0
3523,81.43899,81.00000000000001
3524,80.648224,81.00000000000001
3525,80.6113,82.0
3526,81.50592,81.00000000000001
3527,80.06557,81.00000000000001
3528,79.88038,81.00000000000001
3529,79.76631,80.0
3530,78.75904,80.0
3531,78.712814,80.0
3532,78.977486,69.00000000000001
3533,69.01598,70.0
3534,70.27419,70.99999999999999
3535,70.98833,70.99999999999999
3536,70.849106,72.0
3537,71.718254,72.0
3538,71.76816,73.00000000000001
3539,73.411316,74.99999999999999
3540,75.82383,76.0
3541,77.2697,76.0
3542,76.592964,76.0
3543,76.54046,76.0
3544,76.38519,77.00000000000001
3545,77.29035,78.0
3546,78.33253,78.99999999999999
3547,79.18472,78.0
3548,77.30458,78.0
3549,77.48614,78.0
3550,77.33104,78.0
3551,77.37885,78.0
3552,77.244576,77.00000000000001
3553,75.82746,76.0
3554,74.75953,74.99999999999999
3555,73.858505,74.0
3556,72.70563,93.00000000000001
3557,92.14864,93.00000000000001
3558,91.95961,94.0
3559,93.49005,94.0
3560,93.59961,94.0
3561,92.915764,94.0
3562,93.07428,94.99999999999999
3563,94.26306,96.0
3564,94.93016,97.00000000000001
3565,96.085396,96.0
3566,95.01513,96.0
3567,95.03443,98.99999999999999
3568,99.91174,102.99999999999999
3569,104.46153,118.0
3570,120.36109,124.0
3571,126.94598,125.00000000000001
3572,126.49638,139.0
3573,140.38612,143.0
3574,143.64438,139.0
3575,138.93527,135.0
3576,134.59125,122.0
3577,120.356895,122.99999999999999
3578,120.33203,114.0
3579,111.20599,106.99999999999999
3580,104.335724,58.0
3581,57.973087,58.0
3582,58.12111,58.0
3583,58.27133,59.0
3584,58.78077,59.0
3585,58.66681,59.0
3586,58.78264,59.0
3587,58.734203,58.0
3588,57.73509,58.0
3589,58.3437,58.0
3590,58.419647,58.0
3591,58.155357,58.0
3592,58.58435,59.0
3593,59.341396,59.0
3594,58.987267,59.0
3595,58.96853,58.0
3596,58.08352,58.0
3597,58.088356,58.0
3598,58.076958,58.0
3599,57.954617,58.0
3600,58.104,57.0
3601,57.063435,57.0
3602,57.64972,57.0
3603,57.54165,59.0
3604,59.497036,66.99999999999999
3605,65.89543,66.0
3606,65.262505,66.99999999999999
3607,66.59577,66.99999999999999
3608,66.588936,66.99999999999999
3609,66.52735,66.99999999999999
3610,66.41668,66.0
3611,65.44452,65.0
3612,64.41292,65.0
3613,64.509605,64.0
3614,63.695904,63.0
3615,63.127502,62.0
3616,62.11228,61.0
3617,61.356224,60.0
3618,60.035,60.0
3619,60.27776,60.0
3620,60.119164,60.0
3621,60.137993,60.0
3622,59.86519,60.0
3623,60.04986,60.0
3624,60.09096,60.0
3625,60.156025,60.0
3626,60.14399,60.0
3627,59.960636,59.0
3628,58.69221,68.0
3629,67.5817,64.0
3630,63.84216,62.0
3631,61.99075,62.0
3632,62.686127,62.0
3633,63.30026,62.0
3634,62.058395,61.0
3635,60.895042,60.0
3636,60.121883,61.0
3637,61.27417,61.0
3638,61.040764,61.0
3639,60.955444,61.0
3640,61.086437,62.0
3641,62.23675,63.0
3642,63.212845,62.0
3643,61.948006,62.0
3644,61.868355,63.0
3645,62.756947,63.0
3646,63.257717,64.0
3647,64.25034,66.0
3648,66.2061,68.0
3649,68.11114,69.00000000000001
3650,69.12097,70.0
3651,70.00081,72.0
3652,72.61219,74.99999999999999
3653,75.36828,76.0
3654,75.464584,77.00000000000001
3655,76.74517,76.0
3656,75.47944,74.0
3657,73.15956,72.0
3658,71.05627,70.99999999999999
3659,70.05911,70.99999999999999
3660,70.236435,70.0
3661,69.474686,70.0
3662,69.42033,70.99999999999999
3663,70.83224,72.0
3664,71.47464,70.99999999999999
3665,70.36519,70.0
3666,69.49051,69.00000000000001
3667,68.36168,69.00000000000001
3668,68.32104,68.0
3669,67.46351,66.99999999999999
3670,66.47679,65.0
3671,64.593185,64.0
3672,63.590206,63.0
3673,62.919205,62.0
3674,61.947548,60.0
3675,59.560356,57.0
3676,56.883064,54.0
3677,54.056824,53.0
3678,52.792263,51.0
3679,51.29673,47.0
3680,47.778473,47.0
3681,47.536037,50.0
3682,50.773697,52.0
3683,52.769905,53.0
3684,54.181023,55.0
3685,56.27769,56.0
3686,56.432922,56.0
3687,56.95177,56.0
3688,56.45235,58.0
3689,58.655594,59.0
3690,59.53855,60.0
3691,60.175186,60.0
3692,60.159416,60.0
3693,60.033268,60.0
3694,60.030334,61.0
3695,60.954678,61.0
3696,61.020462,61.0
3697,61.119366,61.0
3698,61.14034,62.0
3699,62.263916,62.0
3700,62.26205,63.0
3701,63.536095,64.0
3702,64.122,65.0
3703,65.16943,66.99999999999999
3704,67.162796,69.00000000000001
3705,69.09548,69.00000000000001
3706,69.096085,70.0
3707,69.903786,69.00000000000001
3708,68.88328,68.0
3709,67.61893,66.0
3710,65.49412,65.0
3711,64.80642,64.0
3712,64.03008,63.0
3713,62.93926,62.0
3714,62.07011,62.0
3715,62.15711,63.0
3716,63.04105,63.0
3717,62.94549,64.0
3718,63.882076,63.0
3719,62.855843,64.0
3720,63.704784,64.0
3721,63.26429,64.0
3722,63.82458,64.0
3723,64.16436,64.0
3724,64.19112,64.0
3725,63.868477,64.0
3726,64.50176,64.0
3727,63.923336,63.0
3728,63.02205,62.0
3729,62.24685,62.0
3730,62.134357,62.0
3731,62.377914,62.0
3732,61.819042,61.0
3733,60.264103,61.0
3734,60.21117,61.0
3735,60.681316,60.0
3736,59.73553,61.0
3737,61.242245,62.0
3738,62.17616,62.0
3739,62.0941,61.0
3740,60.969044,60.0
3741,60.026546,60.0
3742,60.04521,60.0
3743,59.996227,59.0
3744,58.969128,59.0
3745,58.99164,58.0
3746,58.161552,58.0
3747,58.34432,58.0
3748,58.605312,58.0
3749,58.644035,58.0
3750,58.776592,58.0
3751,58.710464,58.0
3752,58.395588,58.0
3753,58.29969,58.0
3754,58.3073,57.0
3755,57.25886,56.0
3756,56.27748,57.0
3757,57.39469,59.0
3758,59.358242,60.0
3759,60.21581,60.0
3760,60.195305,61.0
3761,61.27776,60.0
3762,60.117466,59.0
3763,59.153778,60.0
3764,60.109356,59.0
3765,59.071274,59.0
3766,59.12941,59.0
3767,59.18283,59.0
3768,59.128304,60.0
3769,60.136894,60.0
3770,60.144566,60.0
3771,60.387424,60.0
3772,60.304157,59.0
3773,59.159046,58.0
3774,58.226887,58.0
3775,58.55047,58.0
3776,58.419483,59.0
3777,59.80486,58.0
3778,57.626915,57.0
3779,56.623104,57.0
3780,56.58043,58.0
3781,58.494324,58.0
3782,58.933884,57.0
3783,57.60188,57.0
3784,57.206177,57.0
3785,56.914257,56.0
3786,55.889145,56.0
3787,55.975666,56.0
3788,56.105103,56.0
3789,56.080532,56.0
3790,56.095196,56.0
3791,56.11733,56.0
3792,56.19293,56.0
3793,56.30977,56.0
3794,56.171364,56.0
3795,56.29432,57.0
3796,57.28892,57.0
3797,57.18609,56.0
3798,55.981316,56.0
3799,56.25832,55.0
3800,54.43549,53.0
3801,52.17544,53.0
3802,52.477726,53.0
3803,52.257084,53.0
3804,52.136097,51.0
3805,51.002052,45.0
3806,44.932384,41.0
3807,41.789856,40.0
3808,40.838623,40.0
3809,40.63036,42.0
3810,42.470467,43.0
3811,43.39245,41.0
3812,41.471592,40.0
3813,40.67049,40.0
3814,40.549088,38.0
3815,38.58148,36.0
3816,36.79193,33.0
3817,35.530777,38.0
3818,39.651157,42.0
3819,44.785614,45.0
3820,47.29454,44.0
3821,46.02555,46.0
3822,47.15678,46.0
3823,47.453285,49.0
3824,50.813534,52.0
3825,52.841095,53.0
3826,53.31667,54.0
3827,54.07683,55.0
3828,54.765686,55.0
3829,54.882206,56.0
3830,55.795757,57.0
3831,56.98303,56.0
3832,56.198143,56.0
3833,56.05723,56.0
3834,56.038895,56.0
3835,55.95474,56.0
3836,56.086533,57.0
3837,57.250397,58.0
3838,58.126015,59.0
3839,58.99211,59.0
3840,58.941998,59.0
3841,58.889942,59.0
3842,59.04683,58.0
3843,58.19533,58.0
3844,58.16608,58.0
3845,58.01512,58.0
3846,58.01874,58.0
3847,58.01587,57.0
3848,57.164352,57.0
3849,57.218235,57.0
3850,57.37448,57.0
3851,57.060894,57.0
3852,57.25963,58.0
3853,58.14873,58.0
3854,57.83487,59.0
3855,58.830677,59.0
3856,58.682674,60.0
3857,59.849407,61.0
3858,60.96034,62.0
3859,61.90357,63.0
3860,63.014023,63.0
3861,63.359962,64.0
3862,64.449425,65.0
3863,65.43786,66.0
3864,66.248665,68.0
3865,68.250206,68.0
3866,68.52238,69.00000000000001
3867,69.24284,70.0
3868,70.85269,70.99999999999999
3869,71.72303,72.0
3870,71.821754,73.00000000000001
3871,72.53605,74.0
3872,74.02007,74.99999999999999
3873,74.85939,74.99999999999999
3874,74.57478,76.0
3875,75.29841,76.0
3876,75.300156,76.0
3877,75.39653,77.00000000000001
3878,76.282974,76.0
3879,75.139496,76.0
3880,75.29811,76.0
3881,75.419,76.0
3882,75.29279,74.99999999999999
3883,74.52737,74.99999999999999
3884,74.69994,74.99999999999999
3885,74.77665,74.99999999999999
3886,74.914024,74.99999999999999
3887,74.97839,74.0
3888,73.87849,74.0
3889,73.762245,73.00000000000001
3890,72.460815,73.00000000000001
3891,72.63237,72.0
3892,71.47392,72.0
3893,71.608055,72.0
3894,72.022224,73.00000000000001
3895,73.117905,73.00000000000001
3896,73.035065,73.00000000000001
3897,73.013916,73.00000000000001
3898,72.7837,74.0
3899,73.913605,74.0
3900,74.61554,74.99999999999999
3901,75.89504,77.00000000000001
3902,77.939316,78.99999999999999
3903,78.33475,80.0
3904,79.202965,78.99999999999999
3905,78.33762,78.99999999999999
3906,78.51746,80.0
3907,79.789474,80.0
3908,79.95446,78.99999999999999
3909,78.850685,82.99999999999999
3910,83.57041,82.99999999999999
3911,82.44244,82.99999999999999
3912,82.43346,98.0
3913,100.35359,100.0
3914,98.79829,100.0
3915,98.202385,110.0
3916,107.546265,117.00000000000001
3917,114.183685,118.99999999999999
3918,116.23174,116.0
3919,112.97213,112.0
3920,109.38443,112.0
3921,109.43267,110.99999999999999
3922,108.48951,110.99999999999999
3923,108.74226,114.99999999999999
3924,112.444084,110.99999999999999
3925,108.87151,100.0
3926,98.85744,101.00000000000001
3927,100.02086,108.0
3928,106.92186,110.99999999999999
3929,109.82416,118.0
3930,116.42315,126.0
3931,122.35121,135.0
3932,132.38106,144.0
3933,140.574,114.0
3934,111.232086,116.0
3935,113.2978,114.99999999999999
3936,111.71675,86.99999999999999
3937,85.5278,89.00000000000001
3938,88.077515,89.00000000000001
3939,87.03054,89.00000000000001
3940,88.23178,89.00000000000001
3941,88.66982,88.0
3942,87.31806,88.0
3943,87.5763,89.00000000000001
3944,88.71395,90.0
3945,89.93437,90.0
3946,89.90293,90.0
3947,89.33141,89.00000000000001
3948,89.022224,90.99999999999999
3949,90.73573,90.0
3950,88.586494,86.99999999999999
3951,84.53477,85.00000000000001
3952,82.91178,84.0
3953,82.52685,82.99999999999999
3954,81.80727,81.00000000000001
3955,80.43867,80.0
3956,79.46821,78.99999999999999
3957,78.56934,78.0
3958,77.441605,77.00000000000001
3959,76.263954,76.0
3960,75.285286,76.0
3961,75.38349,73.00000000000001
3962,72.70543,74.0
3963,74.24878,74.0
3964,73.58503,74.99999999999999
3965,75.63564,76.0
3966,76.15465,74.99999999999999
3967,74.83661,74.99999999999999
3968,74.92709,74.0
3969,73.93806,73.00000000000001
3970,73.10426,73.00000000000001
3971,72.638725,72.0
3972,71.686806,70.99999999999999
3973,70.95092,70.99999999999999
3974,70.63665,72.0
3975,71.848465,73.00000000000001
3976,73.03767,74.99999999999999
3977,75.27242,76.0
3978,76.33069,77.00000000000001
3979,77.25201,77.00000000000001
3980,77.08009,78.0
3981,78.02016,78.0
3982,77.91612,78.99999999999999
3983,78.6475,80.0
3984,79.64663,80.0
3985,79.2535,78.99999999999999
3986,78.05317,78.0
3987,77.16759,78.0
3988,77.49378,76.0
3989,75.437096,74.99999999999999
3990,74.7567,74.99999999999999
3991,74.78067,74.99999999999999
3992,74.7738,74.99999999999999
3993,74.84956,74.99999999999999
3994,74.979095,76.0
3995,75.86795,76.0
3996,75.13324,74.99999999999999
3997,74.36272,74.99999999999999
3998,74.23438,76.0
3999,75.92611,76.0
4000,75.859406,74.99999999999999
4001,74.761795,74.0
4002,73.56277,73.00000000000001
4003,72.6592,73.00000000000001
4004,72.39837,72.0
4005,71.49504,72.0
4006,71.62693,70.99999999999999
4007,70.58,70.99999999999999
4008,70.52515,70.99999999999999
4009,70.39611,70.0
4010,69.3997,69.00000000000001
4011,68.009384,69.00000000000001
4012,68.60605,68.0
4013,67.551994,66.99999999999999
4014,66.090805,65.0
4015,64.39125,65.0
4016,64.94261,65.0
4017,65.2138,64.0
4018,64.046844,64.0
4019,63.66958,64.0
4020,63.370197,64.0
4021,63.344635,64.0
4022,64.44123,63.0
4023,63.01631,62.0
4024,62.514122,62.0
4025,62.342133,63.0
4026,63.10187,63.0
4027,62.692513,62.0
4028,61.865654,61.0
4029,60.824486,62.0
4030,62.241295,62.0
4031,62.440548,62.0
4032,62.48223,63.0
4033,63.680237,64.0
4034,64.241325,65.0
4035,65.61747,65.0
4036,65.52152,66.0
4037,66.319725,66.0
4038,65.27174,66.0
4039,65.06172,64.0
4040,62.910645,63.0
4041,61.99047,61.0
4042,60.08011,60.0
4043,59.405552,60.0
4044,59.669777,59.0
4045,58.361195,58.0
4046,57.867657,59.0
4047,59.240402,59.0
4048,59.150146,59.0
4049,59.231457,58.0
4050,58.166733,58.0
4051,58.336143,59.0
4052,59.250984,59.0
4053,59.337593,59.0
4054,59.333282,59.0
4055,59.28935,59.0
4056,59.230057,58.0
4057,58.325417,57.0
4058,57.85927,58.0
4059,58.952377,58.0
4060,59.086437,56.0
4061,56.931896,57.0
4062,57.5527,57.0
4063,56.803703,58.0
4064,57.93775,58.0
4065,57.60666,58.0
4066,57.43031,58.0
4067,57.55023,57.0
4068,56.258114,57.0
4069,56.358273,57.0
4070,56.61783,56.0
4071,56.156025,55.0
4072,55.37939,55.0
4073,55.339943,56.0
4074,56.28577,56.0
4075,56.3108,56.0
4076,56.279392,56.0
4077,56.390327,56.0
4078,56.368416,57.0
4079,57.370663,56.0
4080,56.33074,57.0
4081,57.318512,56.0
4082,56.31904,56.0
4083,56.344494,56.0
4084,56.177982,62.0
4085,62.13675,62.0
4086,61.825294,62.0
4087,62.19619,62.0
4088,62.26979,61.0
4089,60.741165,61.0
4090,60.603886,62.0
4091,62.389927,63.0
4092,63.147926,64.0
4093,64.16116,64.0
4094,63.923744,64.0
4095,63.77791,65.0
4096,64.835754,65.0
4097,64.68805,65.0
4098,64.789314,65.0
4099,64.81192,66.0
4100,65.860405,66.0
4101,65.83577,66.0
4102,65.80383,66.0
4103,65.646805,65.0
4104,64.69596,65.0
4105,64.71496,65.0
4106,64.984276,66.0
4107,66.00946,66.0
4108,66.04196,64.0
4109,63.70101,63.0
4110,62.245655,61.0
4111,59.90192,59.0
4112,57.990368,58.0
4113,57.225697,58.0
4114,57.720985,58.0
4115,57.739677,58.0
4116,57.37293,57.0
4117,56.20121,56.0
4118,55.53996,55.0
4119,54.8861,55.0
4120,55.214897,55.0
4121,55.346043,55.0
4122,55.45998,55.0
4123,55.503075,55.0
4124,55.324535,55.0
4125,55.22539,55.0
4126,55.227974,54.0
4127,54.226414,54.0
4128,54.401176,54.0
4129,54.687145,53.0
4130,53.884434,53.0
4131,54.489056,54.0
4132,55.420242,74.0
4133,73.864784,74.99999999999999
4134,75.16857,74.99999999999999
4135,74.84659,74.99999999999999
4136,74.67964,74.99999999999999
4137,74.766304,74.99999999999999
4138,74.97036,74.0
4139,73.70675,73.00000000000001
4140,72.74797,73.00000000000001
4141,72.21753,72.0
4142,71.23316,72.0
4143,71.46174,72.0
4144,71.6496,72.0
4145,71.7247,70.99999999999999
4146,70.91039,70.99999999999999
4147,70.99462,70.99999999999999
4148,71.04341,70.0
4149,69.959274,69.00000000000001
4150,69.033356,70.0
4151,69.83794,70.0
4152,69.681496,69.00000000000001
4153,68.62063,68.0
4154,67.65893,66.99999999999999
4155,66.69206,66.0
4156,65.80532,63.0
4157,63.166943,63.0
4158,62.996773,64.0
4159,63.98541,65.0
4160,65.52052,66.0
4161,65.79474,66.0
4162,65.72901,65.0
4163,64.61606,65.0
4164,64.67575,65.0
4165,64.89508,64.0
4166,63.787754,64.0
4167,64.00645,64.0
4168,64.026764,64.0
4169,63.79431,64.0
4170,63.799393,63.0
4171,62.75129,63.0
4172,62.716248,63.0
4173,62.88377,62.0
4174,61.882526,62.0
4175,61.954216,62.0
4176,61.97495,62.0
4177,61.817715,62.0
4178,61.970474,62.0
4179,62.127674,62.0
4180,62.097286,52.0
4181,52.370926,52.0
4182,52.37155,52.0
4183,52.306583,51.0
4184,51.34876,50.0
4185,50.369644,49.0
4186,49.40568,48.0
4187,48.385323,46.0
4188,46.58075,45.0
4189,45.85637,46.0
4190,47.14076,45.0
4191,45.595406,46.0
4192,46.50573,45.0
4193,45.40172,44.0
4194,44.44107,44.0
4195,44.423695,45.0
4196,45.393467,45.0
4197,45.436848,45.0
4198,45.377895,45.0
4199,45.52956,46.0
4200,46.482582,41.0
4201,42.682087,39.0
4202,41.739235,40.0
4203,42.709892,43.0
4204,44.495113,65.0
4205,64.935646,65.0
4206,65.83612,65.0
4207,65.8842,66.99999999999999
4208,67.50195,68.0
4209,68.05847,70.0
4210,70.16481,70.99999999999999
4211,71.04422,73.00000000000001
4212,72.81095,74.0
4213,74.4889,74.0
4214,73.574104,74.0
4215,73.613655,74.99999999999999
4216,74.75589,74.99999999999999
4217,75.03073,74.99999999999999
4218,75.03744,74.99999999999999
4219,75.07187,74.99999999999999
4220,75.21196,76.0
4221,75.9502,76.0
4222,75.71984,77.00000000000001
4223,76.66747,82.0
4224,82.62901,84.0
4225,83.99529,88.0
4226,87.61297,86.99999999999999
4227,85.5755,88.0
4228,86.93176,57.0
4229,57.37668,57.0
4230,57.68955,58.0
4231,58.285275,59.0
4232,59.602013,60.0
4233,60.412285,61.0
4234,61.192863,61.0
4235,60.6071,60.0
4236,58.9511,60.0
4237,59.066135,60.0
4238,59.428024,60.0
4239,59.52845,60.0
4240,60.033073,59.0
4241,59.124226,59.0
4242,59.08835,59.0
4243,59.169353,59.0
4244,59.21495,58.0
4245,58.092663,58.0
4246,58.07181,58.0
4247,58.157837,58.0
4248,58.061024,58.0
4249,58.111656,57.0
4250,57.29756,57.0
4251,57.40692,57.0
4252,57.501785,77.00000000000001
4253,75.89092,76.0
4254,75.27553,74.99999999999999
4255,74.18415,73.00000000000001
4256,72.38573,73.00000000000001
4257,72.32835,72.0
4258,71.54518,72.0
4259,71.827156,72.0
4260,72.0057,70.99999999999999
4261,70.832405,70.0
4262,69.82621,68.0
4263,67.696205,68.0
4264,67.76712,68.0
4265,67.927635,69.00000000000001
4266,69.16383,69.00000000000001
4267,68.99891,69.00000000000001
4268,68.834076,68.0
4269,68.19717,66.99999999999999
4270,67.115845,66.99999999999999
4271,67.1118,66.0
4272,66.107124,66.99999999999999
4273,67.06273,69.00000000000001
4274,69.36934,69.00000000000001
4275,68.85826,69.00000000000001
4276,68.562065,72.0
4277,70.89243,70.99999999999999
4278,70.47374,70.0
4279,69.55,69.00000000000001
4280,68.1865,69.00000000000001
4281,68.67907,68.0
4282,67.82009,66.99999999999999
4283,66.65904,66.0
4284,65.90623,65.0
4285,66.39419,64.0
4286,64.40226,64.0
4287,64.84789,62.0
4288,61.991306,62.0
4289,62.083733,62.0
4290,62.323498,62.0
4291,62.52038,63.0
4292,63.315067,63.0
4293,63.19698,63.0
4294,63.03144,62.0
4295,61.850742,62.0
4296,61.91109,62.0
4297,61.78471,62.0
4298,61.82863,62.0
4299,61.674644,62.0
4300,61.89009,112.0
4301,109.95784,122.99999999999999
4302,119.4048,126.99999999999999
4303,124.54156,138.00000000000003
4304,133.99011,147.0
4305,142.16898,152.0
4306,150.13388,152.0
4307,148.71645,153.0
4308,147.91342,154.00000000000003
4309,150.00777,154.00000000000003
4310,152.087,155.0
4311,155.00702,155.0
4312,152.1577,155.0
4313,152.36577,154.00000000000003
4314,151.59447,153.0
4315,151.30836,153.0
4316,152.43954,152.0
4317,150.96007,152.0
4318,150.08003,152.0
4319,149.66061,152.0
4320,147.5885,153.0
4321,151.71526,153.0
4322,149.61253,153.0
4323,149.87933,154.00000000000003
4324,151.48744,59.0
4325,59.451614,59.0
4326,59.428364,60.0
4327,60.5762,61.0
4328,61.417503,61.0
4329,61.309963,62.0
4330,62.13651,63.0
4331,63.057117,63.0
4332,62.712227,62.0
4333,61.759697,60.0
4334,59.717537,60.0
4335,59.515396,59.0
4336,58.60402,58.0
4337,57.932137,58.0
4338,57.93183,58.0
4339,58.05271,57.0
4340,56.94357,58.0
4341,58.00727,57.0
4342,57.00569,58.0
4343,58.060505,57.0
4344,57.01325,58.0
4345,58.27118,58.0
4346,58.674732,57.0
4347,57.149273,57.0
4348,57.015667,60.0
4349,59.646057,60.0
4350,59.786354,59.0
4351,58.86607,59.0
4352,58.859688,59.0
4353,59.13845,59.0
4354,58.911087,60.0
4355,59.732174,60.0
4356,60.11919,60.0
4357,60.10506,60.0
4358,60.31328,60.0
4359,60.23425,60.0
4360,60.180447,60.0
4361,60.44042,61.0
4362,61.23533,60.0
4363,60.166626,60.0
4364,60.04578,60.0
4365,60.169254,61.0
4366,61.490013,60.0
4367,59.742092,61.0
4368,61.212788,61.0
4369,61.260784,62.0
4370,61.961937,62.0
4371,61.93563,64.0
4372,63.76219,78.99999999999999
4373,78.80293,80.0
4374,79.528336,78.99999999999999
4375,78.3914,78.99999999999999
4376,78.36195,78.99999999999999
4377,78.28102,77.00000000000001
4378,76.08199,77.00000000000001
4379,76.293396,76.0
4380,75.1307,77.00000000000001
4381,76.62432,77.00000000000001
4382,76.69229,74.99999999999999
4383,74.37489,74.0
4384,73.10194,74.0
4385,73.677475,74.99999999999999
4386,75.31786,74.0
4387,74.27474,74.0
4388,74.4903,73.00000000000001
4389,73.439354,72.0
4390,72.34752,69.00000000000001
4391,69.02661,70.0
4392,69.87801,69.00000000000001
4393,68.99783,69.00000000000001
4394,68.84965,69.00000000000001
4395,68.90155,68.0
4396,67.739,66.99999999999999
4397,66.78893,66.0
4398,65.86015,66.0
4399,65.80362,66.0
4400,65.70101,65.0
4401,64.75177,65.0
4402,64.74389,65.0
4403,64.73738,66.0
4404,65.86511,65.0
4405,64.69011,64.0
4406,63.961388,64.0
4407,64.09045,64.0
4408,64.00976,64.0
4409,64.15504,62.0
4410,62.23268,63.0
4411,63.467213,63.0
4412,63.417645,63.0
4413,63.526634,63.0
4414,63.37961,65.0
4415,65.528145,65.0
4416,65.243645,65.0
4417,65.212616,65.0
4418,65.034485,64.0
4419,64.018715,65.0
4420,65.03383,66.0
4421,66.092094,66.0
4422,65.91547,66.99999999999999
4423,67.00194,68.0
4424,67.75839,68.0
4425,67.80184,69.00000000000001
4426,68.77093,70.0
4427,69.82058,70.99999999999999
4428,70.94283,72.0
4429,71.866516,73.00000000000001
4430,72.789795,72.0
4431,71.678795,73.00000000000001
4432,72.925026,73.00000000000001
4433,73.189255,74.0
4434,74.29446,73.00000000000001
4435,73.52306,74.0
4436,74.48904,73.00000000000001
4437,73.31958,74.0
4438,74.16034,73.00000000000001
4439,73.34708,73.00000000000001
4440,72.91605,73.00000000000001
4441,72.931435,73.00000000000001
4442,72.753784,74.0
4443,73.82878,74.99999999999999
4444,74.78696,74.0
4445,73.490906,74.99999999999999
4446,74.82445,74.0
4447,73.4635,74.99999999999999
4448,74.88944,76.0
4449,76.11553,76.0
4450,75.78588,76.0
4451,75.511955,74.99999999999999
4452,74.84105,74.0
4453,73.50514,73.00000000000001
4454,72.04089,73.00000000000001
4455,72.24836,72.0
4456,71.631935,72.0
4457,71.89033,72.0
4458,72.10363,70.99999999999999
4459,71.374825,70.99999999999999
4460,71.11214,70.99999999999999
4461,71.109795,70.0
4462,69.96519,70.0
4463,70.34038,70.0
4464,70.007454,70.0
4465,70.20091,69.00000000000001
4466,68.952156,69.00000000000001
4467,69.15348,68.0
4468,68.05736,70.0
4469,69.84784,70.99999999999999
4470,70.93694,70.99999999999999
4471,70.699615,70.99999999999999
4472,70.975365,70.0
4473,69.94399,69.00000000000001
4474,68.61602,68.0
4475,67.426254,66.0
4476,65.57164,66.0
4477,65.65193,66.0
4478,65.62556,66.0
4479,65.81242,65.0
4480,64.922325,65.0
4481,65.22557,65.0
4482,65.28958,66.0
4483,66.47841,66.0
4484,66.41306,66.0
4485,66.20282,66.99999999999999
4486,67.12432,66.99999999999999
4487,66.98711,68.0
4488,67.950645,66.99999999999999
4489,66.700836,68.0
4490,68.125755,68.0
4491,67.87519,69.00000000000001
4492,68.91803,69.00000000000001
4493,69.36712,68.0
4494,67.836525,66.99999999999999
4495,66.62061,66.0
4496,65.24953,64.0
4497,62.832455,64.0
4498,63.14204,64.0
4499,63.06197,64.0
4500,63.265343,64.0
4501,63.552906,64.0
4502,63.239708,64.0
4503,63.808342,65.0
4504,65.0489,65.0
4505,65.217995,65.0
4506,65.241714,64.0
4507,64.34928,64.0
4508,64.29303,63.0
4509,63.150852,62.0
4510,62.353283,62.0
4511,62.22908,62.0
4512,62.314682,61.0
4513,61.028866,59.0
4514,59.018997,57.0
4515,57.03334,56.0
4516,56.008396,55.0
4517,56.875248,55.0
4518,55.537453,55.0
4519,55.650967,56.0
4520,56.759468,57.0
4521,57.561066,57.0
4522,57.96178,59.0
4523,59.433666,60.0
4524,60.21812,60.0
4525,60.590057,63.0
4526,63.80953,63.0
4527,63.175686,63.0
4528,63.748272,63.0
4529,63.39085,63.0
4530,63.362244,64.0
4531,64.30425,63.0
4532,63.15911,66.0
4533,66.52581,65.0
4534,64.97135,64.0
4535,64.01885,65.0
4536,65.20774,64.0
4537,63.572582,65.0
4538,64.43471,65.0
4539,64.34482,65.0
4540,64.45962,64.0
4541,63.750553,64.0
4542,63.4711,63.0
4543,62.52804,63.0
4544,62.421215,62.0
4545,61.705437,61.0
4546,60.430138,61.0
4547,60.71984,59.0
4548,58.39048,59.0
4549,59.188618,57.0
4550,57.26232,58.0
4551,58.50179,56.0
4552,56.39055,56.0
4553,56.133686,55.0
4554,55.12552,55.0
4555,55.12845,55.0
4556,55.093662,53.0
4557,53.181427,54.0
4558,54.856113,55.0
4559,55.51381,54.0
4560,54.008926,55.0
4561,55.491283,55.0
4562,54.870735,55.0
4563,54.728893,54.0
4564,53.519104,53.0
4565,53.033398,53.0
4566,52.9806,53.0
4567,53.04669,53.0
4568,52.752327,52.0
4569,51.926327,52.0
4570,51.991016,52.0
4571,52.372185,53.0
4572,53.50643,53.0
4573,52.942066,53.0
4574,53.56683,53.0
4575,53.509037,53.0
4576,52.95882,53.0
4577,52.76406,53.0
4578,52.90879,53.0
4579,52.898598,52.0
4580,52.1506,53.0
4581,53.061478,52.0
4582,52.26882,53.0
4583,53.249462,53.0
4584,53.206978,53.0
4585,52.948,52.0
4586,51.827366,53.0
4587,53.283005,54.0
4588,54.233864,54.0
4589,54.555527,54.0
4590,54.290512,55.0
4591,55.283577,55.0
4592,55.00596,55.0
4593,55.118584,56.0
4594,55.998554,55.0
4595,54.328476,54.0
4596,53.305405,54.0
4597,53.536404,53.0
4598,52.41293,52.0
4599,51.93218,52.0
4600,52.10955,52.0
4601,52.11363,52.0
4602,52.413967,53.0
4603,53.39651,54.0
4604,54.30828,55.0
4605,55.27263,54.0
4606,54.193916,54.0
4607,54.18047,54.0
4608,54.160156,55.0
4609,55.335148,56.0
4610,56.51988,57.0
4611,57.635414,57.0
4612,57.287697,57.0
4613,57.749767,58.0
4614,58.36306,57.0
4615,56.935947,57.0
4616,56.52438,57.0
4617,56.82121,56.0
4618,55.660522,57.0
4619,56.763393,57.0
4620,56.87082,57.0
4621,56.522224,59.0
4622,59.375786,59.0
4623,59.266853,59.0
4624,58.98626,59.0
4625,58.883957,58.0
4626,57.918003,58.0
4627,58.02319,58.0
4628,58.07676,57.0
4629,57.12045,57.0
4630,57.116596,57.0
4631,57.032043,57.0
4632,56.913395,56.0
4633,56.182213,56.0
4634,56.28839,55.0
4635,55.264915,55.0
4636,55.123367,55.0
4637,55.306747,54.0
4638,53.975502,54.0
4639,53.81003,54.0
4640,54.051773,54.0
4641,53.725513,55.0
4642,55.19807,54.0
4643,54.123043,53.0
4644,52.25009,53.0
4645,52.611275,53.0
4646,53.41641,52.0
4647,51.969975,52.0
4648,51.990063,52.0
4649,52.098064,53.0
4650,53.207085,53.0
4651,53.219296,53.0
4652,53.228283,54.0
4653,54.223206,54.0
4654,54.432423,53.0
4655,53.88716,54.0
4656,54.966057,55.0
4657,55.849655,53.0
4658,54.207386,53.0
4659,53.831486,53.0
4660,54.23949,52.0
4661,53.78634,54.0
4662,55.954964,55.0
4663,56.268463,54.0
4664,54.793987,55.0
4665,56.205837,55.0
4666,55.478256,55.0
4667,54.928356,55.0
4668,54.85508,55.0
4669,55.068108,54.0
4670,54.157475,55.0
4671,54.77875,56.0
4672,56.14055,56.0
4673,55.958927,55.0
4674,55.137997,55.0
4675,55.384758,57.0
4676,57.564907,58.0
4677,58.663242,58.0
4678,58.256466,59.0
4679,59.336388,59.0
4680,59.22664,59.0
4681,59.285892,61.0
4682,61.461945,61.0
4683,61.53797,62.0
4684,62.384014,63.0
4685,62.981724,62.0
4686,61.894833,62.0
4687,62.276333,63.0
4688,62.923203,62.0
4689,61.534748,61.0
4690,60.518806,62.0
4691,61.661247,62.0
4692,61.692528,62.0
4693,61.570583,63.0
4694,62.848877,63.0
4695,62.87659,63.0
4696,62.75967,62.0
4697,61.809383,62.0
4698,62.11593,63.0
4699,63.26107,61.0
4700,61.179897,59.0
4701,59.158287,61.0
4702,61.436214,60.0
4703,60.202652,61.0
4704,61.385574,62.0
4705,62.37154,61.0
4706,61.292175,62.0
4707,63.136044,62.0
4708,63.103516,64.0
4709,64.53585,66.0
4710,66.302,66.99999999999999
4711,66.92768,68.0
4712,67.946915,69.00000000000001
4713,68.746796,72.0
4714,71.86854,74.0
4715,73.9808,74.99999999999999
4716,74.696266,78.0
4717,78.01272,78.99999999999999
4718,78.8187,80.0
4719,79.63691,80.0
4720,79.97277,81.00000000000001
4721,81.12006,82.0
4722,82.69622,82.0
4723,82.61953,82.99999999999999
4724,83.55216,84.0
4725,84.587746,84.0
4726,84.50805,85.00000000000001
4727,85.32909,86.0
4728,86.40236,86.0
4729,85.391136,88.0
4730,87.5231,86.99999999999999
4731,85.94117,86.0
4732,84.76949,85.00000000000001
4733,84.22466,84.0
4734,82.87177,84.0
4735,83.15387,82.99999999999999
4736,82.16022,82.0
4737,81.06357,81.00000000000001
4738,80.20666,81.00000000000001
4739,80.15573,80.0
4740,79.696175,80.0
4741,79.910286,80.0
4742,79.69562,78.99999999999999
4743,78.530876,78.99999999999999
4744,78.90782,78.99999999999999
4745,79.13743,78.99999999999999
4746,79.655235,80.0
4747,80.82405,80.0
4748,80.727646,80.0
4749,80.75212,81.00000000000001
4750,81.7449,82.0
4751,82.89864,80.0
4752,79.991356,82.0
4753,82.36799,82.0
4754,82.08532,82.99999999999999
4755,82.75017,82.99999999999999
4756,82.30366,82.99999999999999
4757,82.3067,82.99999999999999
4758,82.051186,82.99999999999999
4759,82.32414,84.0
4760,83.226265,85.00000000000001
4761,84.26804,86.0
4762,85.39231,85.00000000000001
4763,84.56781,85.00000000000001
4764,84.338455,86.0
4765,85.661194,85.00000000000001
4766,84.08717,86.0
4767,85.50238,86.0
4768,85.68308,86.99999999999999
4769,87.330185,86.99999999999999
4770,87.50695,86.99999999999999
4771,88.019005,88.0
4772,89.1417,88.0
4773,88.894356,88.0
4774,88.503044,86.99999999999999
4775,87.65657,88.0
4776,88.18157,86.0
4777,85.909706,86.0
4778,85.62505,86.99999999999999
4779,86.208626,88.0
4780,87.16033,88.0
4781,87.02522,89.00000000000001
4782,87.960915,88.0
4783,86.47401,86.99999999999999
4784,85.56269,86.0
4785,84.89237,85.00000000000001
4786,84.05596,84.0
4787,82.93092,82.0
4788,80.68919,81.00000000000001
4789,80.03063,81.00000000000001
4790,80.37337,78.99999999999999
4791,78.22428,78.0
4792,77.61065,78.99999999999999
4793,79.32025,80.0
4794,80.62118,81.00000000000001
4795,82.2055,81.00000000000001
4796,81.85045,80.0
4797,80.58307,81.00000000000001
4798,81.38465,81.00000000000001
4799,80.48462,78.99999999999999
4800,77.68487,78.99999999999999
4801,78.29258,77.00000000000001
4802,75.97781,77.00000000000001
4803,76.71077,76.0
4804,75.80168,66.0
4805,65.99301,66.0
4806,65.88952,66.0
4807,65.84418,66.99999999999999
4808,66.865585,66.0
4809,65.70672,66.99999999999999
4810,66.82838,66.0
4811,66.11084,65.0
4812,65.05888,65.0
4813,64.82444,65.0
4814,64.83384,66.0
4815,65.94033,66.0
4816,65.47054,65.0
4817,64.415306,65.0
4818,64.380424,65.0
4819,64.78687,64.0
4820,63.685356,64.0
4821,63.71835,64.0
4822,63.635067,65.0
4823,64.840485,65.0
4824,64.69195,65.0
4825,64.92541,66.0
4826,66.19629,66.99999999999999
4827,67.16644,68.0
4828,68.14425,54.0
4829,54.030647,54.0
4830,53.976967,54.0
4831,54.0817,55.0
4832,54.821815,54.0
4833,53.86185,54.0
4834,54.11787,54.0
4835,54.58525,54.0
4836,54.489292,55.0
4837,54.91434,56.0
4838,56.14388,57.0
4839,57.091133,57.0
4840,56.923916,57.0
4841,57.00632,57.0
4842,57.01126,57.0
4843,56.959194,57.0
4844,57.033714,56.0
4845,56.155834,56.0
4846,56.181366,57.0
4847,57.1358,57.0
4848,57.195454,57.0
4849,57.317997,57.0
4850,57.6278,57.0
4851,57.47361,57.0
4852,58.01311,65.0
4853,64.92765,64.0
4854,63.85642,62.0
4855,62.241505,61.0
4856,60.98803,60.0
4857,60.026222,60.0
4858,60.6419,59.0
4859,59.277393,60.0
4860,60.39251,61.0
4861,61.529263,62.0
4862,62.47335,64.0
4863,64.412994,64.0
4864,64.05095,65.0
4865,65.14562,66.0
4866,66.184204,65.0
4867,64.92365,66.0
4868,66.23283,66.0
4869,66.11475,66.99999999999999
4870,67.08363,66.0
4871,65.827095,66.99999999999999
4872,66.7782,66.99999999999999
4873,66.89162,66.0
4874,65.55771,66.0
4875,65.51354,66.0
4876,65.542885,63.0
4877,63.287846,62.0
4878,61.965275,61.0
4879,60.690247,60.0
4880,59.97809,60.0
4881,60.071392,60.0
4882,60.00525,61.0
4883,61.622307,63.0
4884,63.923164,64.0
4885,64.956665,65.0
4886,64.99879,65.0
4887,65.03062,65.0
4888,64.97524,65.0
4889,65.07126,66.0
4890,66.113914,66.99999999999999
4891,66.996315,66.99999999999999
4892,67.1164,69.00000000000001
4893,69.25789,70.0
4894,70.23821,70.99999999999999
4895,71.17014,70.99999999999999
4896,71.045616,72.0
4897,71.929596,72.0
4898,71.9548,73.00000000000001
4899,73.104546,73.00000000000001
4900,72.86741,45.0
4901,46.24624,46.0
4902,47.17686,48.0
4903,49.001472,50.0
4904,51.18861,52.0
4905,52.66606,53.0
4906,53.455273,53.0
4907,53.36251,54.0
4908,54.219856,54.0
4909,54.309246,54.0
4910,54.48762,55.0
4911,55.280346,55.0
4912,55.28719,55.0
4913,55.272293,56.0
4914,56.318363,56.0
4915,56.26318,57.0
4916,57.247036,57.0
4917,57.286877,58.0
4918,58.279533,58.0
4919,58.334717,59.0
4920,59.22361,59.0
4921,59.277393,61.0
4922,61.487823,61.0
4923,61.372173,61.0
4924,61.32379,88.0
4925,85.94468,88.0
4926,86.501434,86.99999999999999
4927,85.667244,86.0
4928,84.840126,85.00000000000001
4929,83.9993,84.0
4930,83.033295,84.0
4931,83.03528,82.99999999999999
4932,82.03723,81.00000000000001
4933,80.39535,80.0
4934,79.01563,78.99999999999999
4935,77.84197,78.0
4936,77.1052,78.0
4937,77.4958,78.0
4938,77.60182,78.0
4939,77.82587,77.00000000000001
4940,76.94017,77.00000000000001
4941,76.933395,77.00000000000001
4942,77.02476,82.0
4943,83.1484,76.0
4944,75.81246,74.0
4945,73.89105,70.0
4946,69.83861,70.0
4947,69.76761,68.0
4948,67.70049,59.0
4949,60.106346,60.0
4950,61.25985,61.0
4951,62.26529,62.0
4952,62.478073,60.0
4953,59.39578,59.0
4954,58.349537,58.0
4955,57.21741,59.0
4956,58.153343,59.0
4957,58.425823,59.0
4958,58.41985,59.0
4959,58.879456,59.0
4960,58.945885,59.0
4961,59.005825,58.0
4962,58.00047,58.0
4963,58.206154,58.0
4964,58.20705,58.0
4965,58.236668,58.0
4966,58.270287,57.0
4967,57.276836,57.0
4968,57.224213,57.0
4969,57.214233,56.0
4970,56.55378,56.0
4971,56.61704,56.0
4972,56.254013,69.00000000000001
4973,68.58555,70.0
4974,69.78607,70.0
4975,69.74905,70.0
4976,69.65117,70.0
4977,69.65252,69.00000000000001
4978,68.412285,68.0
4979,67.1153,66.0
4980,64.939575,65.0
4981,64.37228,64.0
4982,63.268867,63.0
4983,62.558384,63.0
4984,62.575737,63.0
4985,62.74959,63.0
4986,62.96883,63.0
4987,63.03237,62.0
4988,61.87102,63.0
4989,63.086845,64.0
4990,64.57848,64.0
4991,64.26557,65.0
4992,65.293495,65.0
4993,64.712685,64.0
4994,64.09407,64.0
4995,64.093254,64.0
4996,64.08095,63.0
4997,62.735092,62.0
4998,61.635235,62.0
4999,62.066383,62.0
5000,62.02738,62.0
5001,62.198536,63.0
5002,63.088036,63.0
5003,63.383514,62.0
5004,62.00798,62.0
5005,62.103966,62.0
5006,62.29464,61.0
5007,60.990444,62.0
5008,62.329487,64.0
5009,64.2733,63.0
5010,62.90746,61.0
5011,61.0435,61.0
5012,61.04023,61.0
5013,61.022224,61.0
5014,61.156593,62.0
5015,62.137863,63.0
5016,63.03353,64.0
5017,64.107574,64.0
5018,64.07491,66.0
5019,66.19978,66.99999999999999
5020,67.02464,154.00000000000003
5021,150.20848,153.0
5022,148.90225,153.0
5023,148.55388,152.0
5024,147.49084,152.0
5025,147.78716,141.0
5026,136.53883,133.99999999999997
5027,130.92809,110.99999999999999
5028,107.68037,105.00000000000001
5029,103.64687,98.99999999999999
5030,97.70865,97.00000000000001
5031,96.46655,96.0
5032,95.55684,92.0
5033,90.73131,92.0
5034,91.355255,90.0
5035,89.43201,90.0
5036,90.10187,88.0
5037,87.650055,90.0
5038,90.18157,90.0
5039,89.80274,88.0
5040,87.25135,86.0
5041,85.203064,86.0
5042,85.46836,85.00000000000001
5043,84.409035,82.99999999999999
5044,81.7218,57.0
5045,57.399952,56.0
5046,56.2954,56.0
5047,56.32686,55.0
5048,55.31952,55.0
5049,55.718216,55.0
5050,55.11916,54.0
5051,54.157158,55.0
5052,55.424038,55.0
5053,54.757915,55.0
5054,55.297832,55.0
5055,55.389885,55.0
5056,55.448086,57.0
5057,57.32533,57.0
5058,57.03113,57.0
5059,57.04394,57.0
5060,56.925907,57.0
5061,57.09543,57.0
5062,57.126637,58.0
5063,58.0395,58.0
5064,58.153126,59.0
5065,59.284595,59.0
5066,59.507153,59.0
5067,59.298958,58.0
5068,57.657734,64.0
5069,64.284996,66.0
5070,66.39127,66.99999999999999
5071,67.541306,68.0
5072,67.938614,69.00000000000001
5073,68.82727,70.0
5074,70.18946,70.99999999999999
5075,70.87655,70.99999999999999
5076,70.78616,70.99999999999999
5077,70.42128,70.99999999999999
5078,71.05757,72.0
5079,71.77416,72.0
5080,72.03496,73.00000000000001
5081,73.15546,73.00000000000001
5082,73.076454,73.00000000000001
5083,73.07684,73.00000000000001
5084,72.847206,73.00000000000001
5085,72.87543,72.0
5086,71.56603,73.00000000000001
5087,72.337166,73.00000000000001
5088,72.425934,73.00000000000001
5089,72.477806,74.99999999999999
5090,75.04171,76.0
5091,75.84469,74.99999999999999
5092,74.27611,82.0
5093,80.934074,84.0
5094,83.468956,84.0
5095,83.28814,84.0
5096,83.00402,84.0
5097,83.1929,85.00000000000001
5098,84.46622,86.99999999999999
5099,86.6903,88.0
5100,87.46596,88.0
5101,87.91714,89.00000000000001
5102,89.09848,89.00000000000001
5103,88.87782,90.0
5104,90.38923,92.0
5105,92.34938,92.0
5106,93.04221,92.0
5107,92.4709,93.00000000000001
5108,93.16554,93.00000000000001
5109,93.25264,90.99999999999999
5110,91.21922,90.0
5111,90.16936,90.99999999999999
5112,90.75536,90.0
5113,89.72708,90.99999999999999
5114,90.34262,92.0
5115,91.94094,93.00000000000001
5116,92.55276,94.0
5117,92.77872,94.0
5118,93.07799,94.0
5119,92.87059,94.0
5120,92.794624,94.99999999999999
5121,93.95693,96.0
5122,95.407196,94.99999999999999
5123,93.71259,94.99999999999999
5124,93.6022,94.99999999999999
5125,94.11385,94.0
5126,92.81645,94.0
5127,93.89798,92.0
5128,91.61206,90.99999999999999
5129,90.515656,90.0
5130,90.22995,90.99999999999999
5131,91.66394,90.99999999999999
5132,91.07204,90.0
5133,90.32769,90.0
5134,90.13308,90.99999999999999
5135,91.03935,90.99999999999999
5136,90.536156,90.0
5137,89.34611,90.0
5138,89.840576,89.00000000000001
5139,88.8079,88.0
5140,87.50976,86.99999999999999
5141,86.193794,88.0
5142,87.747154,89.00000000000001
5143,88.50361,89.00000000000001
5144,88.24969,88.0
5145,87.52541,85.00000000000001
5146,83.977165,84.0
5147,82.803185,84.0
5148,83.16236,82.0
5149,80.901596,82.0
5150,81.457756,80.0
5151,79.19059,81.00000000000001
5152,81.006195,82.99999999999999
5153,83.18979,82.0
5154,82.2285,81.00000000000001
5155,81.206726,82.99999999999999
5156,83.14765,82.0
5157,81.934715,82.0
5158,81.6121,81.00000000000001
5159,80.51295,82.0
5160,81.7666,81.00000000000001
5161,80.501076,81.00000000000001
5162,80.774185,81.00000000000001
5163,80.91837,80.0
5164,79.19887,80.0
5165,79.39617,78.0
5166,77.365326,77.00000000000001
5167,76.546036,76.0
5168,75.401436,76.0
5169,75.33653,77.00000000000001
5170,75.84533,77.00000000000001
5171,75.524,76.0
5172,74.97937,76.0
5173,75.25654,74.99999999999999
5174,74.495186,74.99999999999999
5175,74.36672,73.00000000000001
5176,72.64489,72.0
5177,71.890915,70.99999999999999
5178,71.00601,70.99999999999999
5179,71.30033,70.0
5180,70.2139,70.0
5181,70.14565,70.0
5182,69.693214,70.99999999999999
5183,70.94889,70.99999999999999
5184,70.92546,70.99999999999999
5185,70.96514,70.99999999999999
5186,71.06227,70.0
5187,69.81225,72.0
5188,71.84891,74.0
5189,73.87222,74.99999999999999
5190,74.67222,76.0
5191,75.67436,78.0
5192,77.77267,78.99999999999999
5193,78.50258,78.99999999999999
5194,78.38541,80.0
5195,79.53569,81.00000000000001
5196,80.263054,82.99999999999999
5197,82.56491,84.0
5198,83.37821,86.0
5199,85.33588,86.0
5200,84.586914,86.99999999999999
5201,86.71521,89.00000000000001
5202,89.18767,90.0
5203,90.62147,90.99999999999999
5204,91.34539,92.0
5205,92.39944,92.0
5206,92.140205,92.0
5207,91.8468,93.00000000000001
5208,92.6037,94.0
5209,93.52667,96.0
5210,95.2355,97.00000000000001
5211,96.19139,98.99999999999999
5212,98.35588,98.99999999999999
5213,98.172104,102.99999999999999
5214,101.72937,114.99999999999999
5215,113.86143,125.00000000000001
5216,123.42934,135.0
5217,130.67752,149.0
5218,146.89857,152.0
5219,150.37198,153.0
5220,151.55809,154.00000000000003
5221,153.63449,155.0
5222,154.19733,155.0
5223,154.71912,157.0
5224,156.56651,157.0
5225,155.66399,157.99999999999997
5226,158.52412,159.0
5227,159.60678,159.0
5228,158.61038,159.0
5229,157.76855,159.0
5230,156.79759,159.0
5231,156.79236,159.0
5232,156.22177,159.0
5233,155.14078,159.0
5234,152.8621,159.0
5235,152.84572,159.0
5236,153.41916,157.99999999999997
5237,151.70816,157.99999999999997
5238,148.97627,157.99999999999997
5239,151.9532,157.0
5240,151.39552,157.0
5241,152.30219,156.0
5242,152.3576,156.0
5243,152.07559,155.0
5244,150.60545,154.00000000000003
5245,152.34602,154.00000000000003
5246,152.52992,154.00000000000003
5247,150.38095,153.0
5248,149.97092,153.0
5249,151.15242,153.0
5250,152.96608,152.0
5251,151.43756,153.0
5252,153.1873,155.0
5253,155.89095,156.0
5254,156.72769,155.0
5255,153.2402,156.0
5256,153.63719,157.0
5257,154.39453,157.0
5258,155.5141,157.99999999999997
5259,155.28072,157.99999999999997
5260,154.97256,157.99999999999997
5261,155.24448,157.0
5262,152.43031,157.0
5263,151.93527,157.0
5264,149.99445,157.0
5265,149.29616,157.0
5266,150.2329,157.0
5267,150.99463,157.0
5268,151.40538,157.0
5269,151.58662,156.0
5270,151.97096,156.0
5271,152.62727,155.0
5272,151.13646,155.0
5273,152.04826,154.00000000000003
5274,152.51611,153.0
5275,150.93657,153.0
5276,151.59164,149.99999999999997
5277,147.28653,133.0
5278,131.5315,136.0
5279,133.42482,124.0
5280,122.847694,101.00000000000001
5281,99.22427,98.99999999999999
5282,97.85494,94.99999999999999
5283,92.51585,93.00000000000001
5284,91.26105,90.99999999999999
5285,89.94656,90.99999999999999
5286,90.03278,90.99999999999999
5287,90.17602,90.0
5288,89.57021,90.0
5289,89.798195,90.0
5290,89.58102,90.0
5291,89.81506,90.0
5292,89.349884,90.0
5293,90.01212,90.99999999999999
5294,90.2518,94.0
5295,94.024216,93.00000000000001
5296,91.89791,93.00000000000001
5297,92.31742,90.99999999999999
5298,90.256386,93.00000000000001
5299,92.16189,92.0
5300,90.79036,90.99999999999999
5301,89.477486,88.0
5302,86.87937,86.99999999999999
5303,86.27364,86.0
5304,85.43796,85.00000000000001
5305,83.787674,85.00000000000001
5306,84.41167,90.99999999999999
5307,91.43737,93.00000000000001
5308,92.39404,94.0
5309,93.63565,96.0
5310,95.795265,98.0
5311,97.85522,98.99999999999999
5312,99.55894,98.99999999999999
5313,99.18605,104.0
5314,104.35651,100.0
5315,99.263985,100.0
5316,98.91638,98.99999999999999
5317,97.769394,98.99999999999999
5318,97.86348,94.0
5319,92.53293,94.0
5320,93.08254,94.99999999999999
5321,94.78251,96.0
5322,96.00241,94.99999999999999
5323,94.715004,94.0
5324,93.47964,94.99999999999999
5325,94.83756,97.00000000000001
5326,96.7797,98.99999999999999
5327,98.986404,98.99999999999999
5328,98.803185,102.0
5329,100.206055,98.99999999999999
5330,97.44552,97.00000000000001
5331,96.30864,98.0
5332,97.29566,97.00000000000001
5333,95.8717,96.0
5334,95.14604,93.00000000000001
5335,91.33762,90.99999999999999
5336,89.53436,89.00000000000001
5337,88.10811,88.0
5338,86.81222,88.0
5339,86.30353,86.99999999999999
5340,85.725624,88.0
5341,87.852066,86.0
5342,84.83342,89.00000000000001
5343,88.453705,90.0
5344,89.37198,86.99999999999999
5345,86.00422,86.0
5346,85.28177,86.0
5347,85.8058,86.99999999999999
5348,87.09237,88.0
5349,88.030045,88.0
5350,87.95689,86.99999999999999
5351,86.76098,84.0
5352,82.75861,82.99999999999999
5353,82.11414,84.0
5354,83.091225,82.0
5355,81.01255,80.0
5356,79.13785,80.0
5357,79.04609,80.0
5358,79.63564,81.00000000000001
5359,80.33699,82.99999999999999
5360,82.71562,85.00000000000001
5361,85.281845,84.0
5362,83.25655,82.99999999999999
5363,82.13811,82.99999999999999
5364,82.53913,82.99999999999999
5365,83.42978,84.0
5366,84.443184,84.0
5367,83.771324,84.0
5368,83.988815,86.99999999999999
5369,87.10948,89.00000000000001
5370,89.31658,90.0
5371,89.8445,90.0
5372,89.08929,88.0
5373,86.51339,86.99999999999999
5374,85.80427,85.00000000000001
5375,83.9944,86.99999999999999
5376,85.863655,86.0
5377,84.510735,85.00000000000001
5378,83.916145,82.99999999999999
5379,81.549614,82.0
5380,80.760124,81.00000000000001
5381,79.59527,78.99999999999999
5382,77.343956,77.00000000000001
5383,75.759834,74.99999999999999
5384,73.87579,72.0
5385,71.35357,70.99999999999999
5386,70.15986,70.99999999999999
5387,70.46434,70.0
5388,69.33896,69.00000000000001
5389,68.65805,68.0
5390,67.978165,66.0
5391,65.858505,65.0
5392,65.30318,62.0
5393,62.19959,59.0
5394,58.93543,57.0
5395,57.099354,56.0
5396,56.081715,56.0
5397,56.07728,55.0
5398,55.054375,54.0
5399,53.975502,54.0
5400,54.37769,54.0
5401,54.60544,54.0
5402,55.13219,55.0
5403,55.957333,56.0
5404,56.570885,56.0
5405,56.572693,56.0
5406,56.023956,57.0
5407,57.236713,57.0
5408,57.080013,57.0
5409,57.08125,58.0
5410,58.38377,59.0
5411,59.54132,61.0
5412,61.814983,61.0
5413,61.14686,61.0
5414,61.336536,61.0
5415,61.550217,60.0
5416,60.20573,59.0
5417,59.02315,59.0
5418,59.118004,59.0
5419,58.86275,60.0
5420,59.866604,60.0
5421,60.027115,60.0
5422,59.890152,60.0
5423,60.124146,60.0
5424,59.808414,60.0
5425,60.16493,60.0
5426,59.93914,60.0
5427,60.29508,61.0
5428,60.930836,62.0
5429,62.147106,62.0
5430,61.935017,63.0
5431,62.87585,63.0
5432,62.706562,64.0
5433,64.33172,65.0
5434,65.28572,66.0
5435,66.70222,66.0
5436,66.58247,66.99999999999999
5437,67.40209,69.00000000000001
5438,69.71227,70.99999999999999
5439,71.88189,72.0
5440,72.20669,74.0
5441,74.1708,74.99999999999999
5442,75.15474,76.0
5443,75.87091,77.00000000000001
5444,77.05886,77.00000000000001
5445,76.89675,78.99999999999999
5446,78.892365,78.99999999999999
5447,78.665054,80.0
5448,79.5774,81.00000000000001
5449,80.51795,82.0
5450,81.274666,82.99999999999999
5451,82.51703,84.0
5452,83.18669,84.0
5453,83.38951,86.0
5454,85.65669,86.99999999999999
5455,86.3942,88.0
5456,87.291016,88.0
5457,87.43591,88.0
5458,87.26353,88.0
5459,87.52446,86.99999999999999
5460,86.65415,86.99999999999999
5461,86.62654,86.99999999999999
5462,86.73941,85.00000000000001
5463,84.939224,85.00000000000001
5464,84.84783,86.0
5465,86.19986,86.0
5466,85.916145,86.0
5467,85.713585,86.0
5468,84.88167,86.99999999999999
5469,86.51395,86.99999999999999
5470,86.649284,88.0
5471,87.36079,89.00000000000001
5472,88.686424,89.00000000000001
5473,88.45639,86.99999999999999
5474,85.27624,85.00000000000001
5475,83.30893,84.0
5476,82.6098,82.99999999999999
5477,82.2542,82.0
5478,81.31946,81.00000000000001
5479,79.80519,80.0
5480,79.04907,78.99999999999999
5481,77.9828,78.0
5482,77.18336,78.0
5483,77.20807,77.00000000000001
5484,76.09149,76.0
5485,75.614235,74.99999999999999
5486,75.55101,74.99999999999999
5487,74.861115,76.0
5488,76.17854,74.99999999999999
5489,75.29645,74.0
5490,73.96659,74.0
5491,74.47629,74.0
5492,74.37707,74.0
5493,74.208145,73.00000000000001
5494,72.67067,72.0
5495,71.70811,70.0
5496,69.8777,69.00000000000001
5497,68.69039,69.00000000000001
5498,68.45303,70.0
5499,69.21243,69.00000000000001
5500,68.3172,68.0
5501,67.22381,66.99999999999999
5502,66.554794,66.99999999999999
5503,66.55966,66.0
5504,65.47266,66.0
5505,65.38617,64.0
5506,63.29904,63.0
5507,62.58737,63.0
5508,62.75763,63.0
5509,62.65272,62.0
5510,62.147022,60.0
5511,59.98141,60.0
5512,60.344063,59.0
5513,59.144855,58.0
5514,58.173218,57.0
5515,57.208195,56.0
5516,56.105515,55.0
5517,55.148117,55.0
5518,54.979202,54.0
5519,54.12716,54.0
5520,54.775604,53.0
5521,53.513508,54.0
5522,54.31241,54.0
5523,54.780872,55.0
5524,56.40199,56.0
5525,56.785686,57.0
5526,58.5018,58.0
5527,59.191814,59.0
5528,59.987335,60.0
5529,60.70622,61.0
5530,61.18595,62.0
5531,62.079933,62.0
5532,62.01485,63.0
5533,63.62172,64.0
5534,64.804054,65.0
5535,65.295746,65.0
5536,65.39723,66.0
5537,66.59289,66.99999999999999
5538,67.5022,68.0
5539,68.34599,70.0
5540,70.151245,70.99999999999999
5541,70.868706,72.0
5542,72.073555,74.0
5543,74.04133,74.0
5544,73.88158,74.0
5545,73.268486,73.00000000000001
5546,71.51553,73.00000000000001
5547,71.56097,72.0
5548,71.08258,69.00000000000001
5549,69.29516,69.00000000000001
5550,69.18065,69.00000000000001
5551,69.06177,69.00000000000001
5552,69.04327,70.0
5553,70.16972,70.0
5554,70.274185,70.99999999999999
5555,70.84423,70.99999999999999
5556,70.46326,70.99999999999999
5557,69.75846,70.0
5558,69.12719,70.0
5559,69.26497,69.00000000000001
5560,67.82857,70.0
5561,69.58348,70.0
5562,69.48643,70.99999999999999
5563,70.55239,70.99999999999999
5564,70.84708,70.99999999999999
5565,70.63167,72.0
5566,71.419,70.99999999999999
5567,70.41874,70.99999999999999
5568,70.556946,70.99999999999999
5569,70.65349,70.0
5570,69.57971,69.00000000000001
5571,68.820114,68.0
5572,67.96423,59.0
5573,60.19489,60.0
5574,60.842094,62.0
5575,63.075264,64.0
5576,64.01908,63.0
5577,62.4132,63.0
5578,62.033936,62.0
5579,60.95139,62.0
5580,61.26592,61.0
5581,60.228466,61.0
5582,60.483723,60.0
5583,59.942265,61.0
5584,61.088696,61.0
5585,61.284355,61.0
5586,61.152447,61.0
5587,61.063904,62.0
5588,61.914192,61.0
5589,60.940044,62.0
5590,62.065037,61.0
5591,60.757996,68.0
5592,69.44341,68.0
5593,67.171745,66.99999999999999
5594,66.25523,66.99999999999999
5595,66.578094,66.0
5596,65.62943,65.0
5597,64.65882,65.0
5598,64.98298,65.0
5599,64.90556,65.0
5600,64.990265,65.0
5601,64.74057,64.0
5602,63.847744,64.0
5603,63.928238,62.0
5604,61.891483,61.0
5605,60.9034,60.0
5606,60.11896,58.0
5607,58.145485,58.0
5608,58.060234,57.0
5609,57.018074,56.0
5610,56.16349,56.0
5611,56.10028,55.0
5612,55.26971,56.0
5613,56.38169,55.0
5614,55.180515,56.0
5615,56.375904,56.0
5616,56.146347,56.0
5617,56.321285,56.0
5618,56.202827,57.0
5619,57.17432,57.0
5620,56.844402,74.0
5621,73.955,77.00000000000001
5622,77.3118,78.99999999999999
5623,78.87622,81.00000000000001
5624,80.8797,82.99999999999999
5625,82.82883,84.0
5626,83.63102,85.00000000000001
5627,84.846565,85.00000000000001
5628,84.90703,85.00000000000001
5629,84.60133,86.0
5630,85.46284,86.99999999999999
5631,86.93467,88.0
5632,87.31435,89.00000000000001
5633,87.98952,89.00000000000001
5634,88.34678,89.00000000000001
5635,88.61458,90.0
5636,90.07621,89.00000000000001
5637,88.998405,88.0
5638,87.68841,86.99999999999999
5639,86.71156,86.99999999999999
5640,86.72092,86.99999999999999
5641,86.40471,86.0
5642,85.23918,86.0
5643,85.391716,86.0
5644,85.32728,61.0
5645,61.287407,62.0
5646,62.26688,62.0
5647,62.174484,62.0
5648,62.309933,63.0
5649,63.20417,63.0
5650,63.423042,65.0
5651,65.541824,66.0
5652,66.30148,68.0
5653,68.83384,70.0
5654,71.02995,70.99999999999999
5655,70.97149,72.0
5656,72.08952,72.0
5657,72.31167,73.00000000000001
5658,73.42553,74.0
5659,74.26987,74.0
5660,74.19601,74.0
5661,74.20637,74.0
5662,74.43077,74.99999999999999
5663,75.45013,74.99999999999999
5664,75.165955,74.99999999999999
5665,74.99665,74.0
5666,73.799324,74.0
5667,73.67522,74.0
5668,73.35549,69.00000000000001
5669,68.8586,68.0
5670,67.795105,66.99999999999999
5671,66.58968,66.99999999999999
5672,66.638214,66.99999999999999
5673,66.66354,66.0
5674,65.60712,66.0
5675,65.67914,65.0
5676,64.70938,64.0
5677,64.195816,64.0
5678,63.898003,65.0
5679,64.64048,65.0
5680,64.69592,65.0
5681,64.94257,66.0
5682,66.19719,66.0
5683,66.19062,66.0
5684,66.24534,65.0
5685,65.21697,65.0
5686,65.268196,60.0
5687,60.335953,60.0
5688,60.18258,59.0
5689,59.25772,59.0
5690,59.65992,59.0
5691,59.65139,59.0
5692,59.5025,54.0
5693,53.996216,52.0
5694,52.0045,45.0
5695,45.106205,37.0
5696,37.38374,37.0
5697,37.193165,37.0
5698,37.16897,37.0
5699,37.35396,37.0
5700,38.253765,35.0
5701,37.460667,36.0
5702,38.452217,37.0
5703,39.080536,36.0
5704,36.85322,36.0
5705,37.300705,37.0
5706,38.6112,37.0
5707,38.573647,36.0
5708,37.485714,35.0
5709,36.193478,33.0
5710,35.185696,34.0
5711,35.675163,36.0
5712,38.11123,35.0
5713,38.628265,38.0
5714,41.10498,37.0
5715,39.881542,37.0
5716,40.652126,65.0
5717,65.5119,65.0
5718,65.45631,66.0
5719,66.30949,66.0
5720,66.18437,66.0
5721,66.20793,66.99999999999999
5722,67.128845,68.0
5723,67.96776,70.0
5724,70.22058,70.99999999999999
5725,71.24963,73.00000000000001
5726,72.59821,73.00000000000001
5727,72.447235,73.00000000000001
5728,72.611824,73.00000000000001
5729,72.809814,73.00000000000001
5730,72.87106,72.0
5731,71.846085,73.00000000000001
5732,72.960594,73.00000000000001
5733,72.87793,72.0
5734,72.06392,72.0
5735,71.992165,70.0
5736,69.75088,70.0
5737,69.97464,70.0
5738,69.90668,70.0
5739,70.000694,70.99999999999999
5740,71.07707,68.0
5741,67.7302,69.00000000000001
5742,68.56955,69.00000000000001
5743,68.65509,68.0
5744,67.30435,66.99999999999999
5745,66.521866,66.99999999999999
5746,66.55949,65.0
5747,64.3547,66.0
5748,65.82845,65.0
5749,64.46924,64.0
5750,63.76751,65.0
5751,64.881935,64.0
5752,64.0303,64.0
5753,64.20005,65.0
5754,65.42162,65.0
5755,65.2368,66.99999999999999
5756,67.71728,66.99999999999999
5757,67.52263,66.99999999999999
5758,67.66948,68.0
5759,68.730156,68.0
5760,68.27826,69.00000000000001
5761,68.95773,69.00000000000001
5762,68.99084,68.0
5763,67.90079,66.99999999999999
5764,67.063034,82.0
5765,80.91325,81.00000000000001
5766,80.232254,78.99999999999999
5767,78.05611,78.0
5768,77.022354,77.00000000000001
5769,76.645226,77.00000000000001
5770,76.53649,74.99999999999999
5771,74.240814,76.0
5772,75.46063,74.99999999999999
5773,74.70524,74.0
5774,73.63974,73.00000000000001
5775,72.61214,74.99999999999999
5776,75.075645,77.00000000000001
5777,77.0766,78.0
5778,78.613266,78.99999999999999
5779,79.7678,78.99999999999999
5780,79.1991,78.99999999999999
5781,79.133514,78.0
5782,77.871895,77.00000000000001
5783,76.977264,78.0
5784,77.70296,78.99999999999999
5785,78.62074,77.00000000000001
5786,75.819046,77.00000000000001
5787,76.52262,80.0
5788,79.92194,57.0
5789,56.67683,57.0
5790,56.76434,56.0
5791,55.722275,56.0
5792,55.7689,55.0
5793,54.888668,55.0
5794,55.110397,55.0
5795,55.37293,55.0
5796,54.758465,55.0
5797,54.384274,55.0
5798,54.35916,54.0
5799,53.948383,54.0
5800,54.19951,53.0
5801,53.248276,53.0
5802,53.137157,53.0
5803,53.19557,53.0
5804,53.158207,53.0
5805,53.101913,53.0
5806,53.120377,53.0
5807,53.19357,52.0
5808,52.104412,52.0
5809,52.35683,50.0
5810,50.74978,51.0
5811,51.626995,52.0
5812,52.573605,74.99999999999999
5813,74.136055,73.00000000000001
5814,71.910065,72.0
5815,71.32406,70.99999999999999
5816,70.48177,70.0
5817,69.08588,69.00000000000001
5818,69.094666,69.00000000000001
5819,68.91438,69.00000000000001
5820,68.53789,69.00000000000001
5821,69.12886,70.0
5822,70.47428,70.99999999999999
5823,71.02516,70.99999999999999
5824,71.01611,70.0
5825,69.95729,70.0
5826,70.06958,70.0
5827,69.96708,70.0
5828,69.80202,70.99999999999999
5829,71.01932,70.99999999999999
5830,70.75888,70.99999999999999
5831,70.37581,70.99999999999999
5832,70.334,70.0
5833,69.319756,66.99999999999999
5834,66.2848,65.0
5835,64.44907,65.0
5836,64.52356,66.0
5837,66.65628,64.0
5838,64.6542,64.0
5839,64.39759,66.0
5840,67.374886,69.00000000000001
5841,70.419304,72.0
5842,72.946655,74.99999999999999
5843,75.50971,77.00000000000001
5844,77.295235,78.99999999999999
5845,78.91501,80.0
5846,79.36388,80.0
5847,79.63319,81.00000000000001
5848,81.02226,81.00000000000001
5849,81.09039,82.0
5850,82.21076,82.0
5851,82.3611,84.0
5852,83.29379,82.99999999999999
5853,82.0173,82.99999999999999
5854,82.31772,84.0
5855,83.068535,82.0
5856,81.07915,82.99999999999999
5857,82.18215,82.99999999999999
5858,82.478195,82.99999999999999
5859,82.62068,82.0
5860,81.638084,80.0
5861,79.30224,80.0
5862,79.80889,78.99999999999999
5863,78.575775,76.0
5864,75.63418,74.0
5865,73.76593,72.0
5866,71.81915,70.99999999999999
5867,70.87578,68.0
5868,67.29801,66.99999999999999
5869,65.98797,66.0
5870,65.29834,66.0
5871,65.68411,66.0
5872,65.72677,65.0
5873,64.75277,65.0
5874,64.75707,64.0
5875,63.922768,63.0
5876,62.770435,63.0
5877,62.93363,62.0
5878,61.79226,62.0
5879,61.93153,61.0
5880,60.837975,61.0
5881,61.06241,59.0
5882,59.079544,58.0
5883,58.579685,57.0
5884,57.86205,57.0
5885,57.41237,56.0
5886,56.343468,55.0
5887,55.527054,55.0
5888,55.270844,54.0
5889,54.522537,54.0
5890,54.309788,54.0
5891,54.18277,54.0
5892,54.268562,55.0
5893,55.524834,55.0
5894,55.41858,55.0
5895,55.43603,55.0
5896,55.172997,55.0
5897,55.30815,55.0
5898,55.119423,55.0
5899,55.03719,55.0
5900,54.894203,55.0
5901,55.175716,55.0
5902,55.00776,56.0
5903,56.130947,56.0
5904,56.104496,56.0
5905,56.313213,57.0
5906,57.392307,57.0
5907,57.44072,56.0
5908,56.22035,56.0
5909,56.492523,56.0
5910,56.269405,56.0
5911,56.301727,56.0
5912,55.93872,56.0
5913,56.188408,56.0
5914,56.29672,57.0
5915,57.11988,57.0
5916,57.00848,57.0
5917,57.131924,57.0
5918,57.379635,58.0
5919,59.029263,59.0
5920,59.69694,59.0
5921,59.72286,60.0
5922,60.536484,61.0
5923,61.40017,62.0
5924,62.36894,63.0
5925,63.255714,64.0
5926,64.15038,65.0
5927,65.17275,65.0
5928,64.9837,65.0
5929,64.77932,65.0
5930,64.78416,66.0
5931,66.05472,66.99999999999999
5932,66.75873,66.99999999999999
5933,66.63839,66.0
5934,65.61322,66.99999999999999
5935,66.7457,66.99999999999999
5936,66.839775,68.0
5937,67.664955,66.99999999999999
5938,66.560425,66.99999999999999
5939,66.580154,66.99999999999999
5940,66.672356,66.99999999999999
5941,66.85085,68.0
5942,67.96539,66.99999999999999
5943,66.652214,66.0
5944,65.613434,66.0
5945,65.936295,65.0
5946,64.86595,64.0
5947,64.04561,64.0
5948,63.956726,63.0
5949,62.979755,62.0
5950,61.819813,61.0
5951,60.982185,61.0
5952,61.057053,61.0
5953,61.21058,61.0
5954,60.78718,60.0
5955,60.10666,60.0
5956,59.942387,59.0
5957,58.667824,59.0
5958,59.228027,59.0
5959,59.23129,59.0
5960,59.036922,59.0
5961,58.792564,59.0
5962,58.796658,59.0
5963,59.039913,60.0
5964,60.335316,59.0
5965,59.27682,59.0
5966,59.138123,59.0
5967,59.28621,60.0
5968,60.192425,60.0
5969,60.294838,61.0
5970,61.39082,62.0
5971,62.290882,63.0
5972,63.151215,63.0
5973,62.87661,63.0
5974,62.9684,64.0
5975,64.07731,64.0
5976,64.01546,65.0
5977,65.28431,65.0
5978,64.9633,66.99999999999999
5979,67.262054,68.0
5980,68.52751,72.0
5981,72.47922,73.00000000000001
5982,73.14873,74.0
5983,73.86534,74.99999999999999
5984,75.04951,77.00000000000001
5985,77.25283,77.00000000000001
5986,76.703415,78.0
5987,77.629166,78.99999999999999
5988,78.8989,80.0
5989,79.95047,82.0
5990,82.35385,84.0
5991,83.63542,84.0
5992,83.22465,84.0
5993,83.217316,84.0
5994,83.37996,82.99999999999999
5995,82.632866,82.0
5996,81.44866,82.0
5997,81.51042,82.0
5998,81.73601,82.0
5999,81.49536,82.0
6000,81.36171,81.00000000000001
6001,80.173615,80.0
6002,78.95698,78.0
6003,77.18503,77.00000000000001
6004,76.23843,74.99999999999999
6005,74.19547,73.00000000000001
6006,71.767525,72.0
6007,71.455246,70.99999999999999
6008,70.46355,70.0
6009,69.710106,70.0
6010,69.67781,69.00000000000001
6011,68.62423,69.00000000000001
6012,68.61548,68.0
6013,67.662865,66.0
6014,66.21165,64.0
6015,63.940224,64.0
6016,63.91443,63.0
6017,62.71621,63.0
6018,62.921608,63.0
6019,62.95718,63.0
6020,62.998184,63.0
6021,62.966896,63.0
6022,63.176765,63.0
6023,62.994995,64.0
6024,63.911736,65.0
6025,64.850494,66.0
6026,65.77367,66.0
6027,65.930405,66.0
6028,65.60086,66.0
6029,65.97934,66.99999999999999
6030,67.1265,68.0
6031,68.242256,68.0
6032,68.02917,68.0
6033,67.84447,68.0
6034,67.89092,68.0
6035,67.92663,70.0
6036,70.52615,70.99999999999999
6037,71.27882,72.0
6038,72.08821,73.00000000000001
6039,72.861786,74.0
6040,73.75018,74.99999999999999
6041,74.32673,74.99999999999999
6042,74.41649,74.99999999999999
6043,74.58821,74.99999999999999
6044,74.36571,74.0
6045,73.47394,74.0
6046,73.40789,74.0
6047,73.70918,73.00000000000001
6048,72.12097,73.00000000000001
6049,72.045166,73.00000000000001
6050,72.410675,72.0
6051,71.208275,72.0
6052,71.02575,70.99999999999999
6053,70.223946,70.0
6054,69.38905,69.00000000000001
6055,68.51612,68.0
6056,67.15316,66.99999999999999
6057,66.49679,66.0
6058,65.259254,65.0
6059,64.54684,62.0
6060,61.486134,61.0
6061,60.443146,58.0
6062,57.613953,57.0
6063,56.663795,55.0
6064,55.161377,55.0
6065,55.15738,54.0
6066,54.20072,54.0
6067,54.228397,54.0
6068,54.06129,54.0
6069,54.147224,54.0
6070,54.12883,53.0
6071,53.317253,53.0
6072,53.79412,53.0
6073,54.306057,53.0
6074,53.974754,53.0
6075,53.829525,54.0
6076,54.85315,54.0
6077,54.300343,54.0
6078,54.034492,54.0
6079,53.784992,54.0
6080,53.889977,55.0
6081,55.783497,55.0
6082,55.067287,56.0
6083,56.172066,56.0
6084,56.12858,56.0
6085,56.14072,58.0
6086,58.88021,60.0
6087,60.364017,61.0
6088,61.178177,61.0
6089,60.76662,61.0
6090,60.958908,61.0
6091,60.88131,61.0
6092,60.85323,62.0
6093,61.967594,61.0
6094,60.814896,61.0
6095,60.89128,61.0
6096,60.896664,61.0
6097,60.876514,60.0
6098,59.561012,59.0
6099,58.595337,58.0
6100,57.761288,57.0
6101,56.269318,57.0
6102,56.46523,56.0
6103,55.39405,56.0
6104,55.51918,55.0
6105,54.53333,55.0
6106,54.80083,54.0
6107,53.852196,54.0
6108,54.149128,54.0
6109,54.143883,54.0
6110,54.166718,53.0
6111,53.871418,53.0
6112,53.49942,53.0
6113,53.311996,53.0
6114,53.269363,54.0
6115,54.34617,55.0
6116,55.310535,55.0
6117,55.22514,55.0
6118,55.003727,54.0
6119,54.071995,55.0
6120,55.22936,55.0
6121,55.259964,55.0
6122,56.061382,56.0
6123,57.22333,57.0
6124,57.79843,58.0
6125,58.225475,58.0
6126,57.68657,58.0
6127,57.920914,58.0
6128,57.635746,58.0
6129,57.52551,58.0
6130,57.55667,59.0
6131,58.81508,59.0
6132,58.776558,59.0
6133,59.075428,60.0
6134,59.99626,59.0
6135,59.213688,59.0
6136,59.453568,59.0
6137,59.006023,58.0
6138,57.900463,58.0
6139,58.110653,57.0
6140,57.03304,57.0
6141,57.297016,58.0
6142,58.09263,58.0
6143,58.05386,58.0
6144,58.21976,58.0
6145,58.656742,58.0
6146,58.076958,58.0
6147,57.82782,58.0
6148,58.070507,57.0
6149,56.888397,57.0
6150,56.565998,57.0
6151,56.766365,57.0
6152,56.753227,58.0
6153,57.874783,58.0
6154,58.069565,59.0
6155,58.999874,59.0
6156,58.996395,58.0
6157,57.821327,59.0
6158,59.663414,59.0
6159,59.020786,58.0
6160,58.14219,58.0
6161,58.15774,59.0
6162,58.98022,58.0
6163,57.997253,58.0
6164,57.950054,58.0
6165,58.22186,58.0
6166,58.117573,58.0
6167,58.00317,58.0
6168,57.98143,58.0
6169,58.138763,58.0
6170,58.148205,58.0
6171,57.98384,57.0
6172,57.188183,57.0
6173,56.969925,58.0
6174,57.897087,58.0
6175,57.867126,58.0
6176,57.98452,58.0
6177,57.812363,57.0
6178,56.871834,57.0
6179,56.7544,56.0
6180,55.91187,57.0
6181,56.835976,56.0
6182,55.86964,56.0
6183,55.945545,56.0
6184,56.36399,55.0
6185,55.42237,55.0
6186,55.23524,56.0
6187,56.225636,56.0
6188,56.05232,56.0
6189,56.185165,56.0
6190,56.100166,56.0
6191,56.22885,56.0
6192,56.37635,56.0
6193,56.33579,57.0
6194,57.86744,57.0
6195,58.226757,58.0
6196,58.985134,58.0
6197,59.00664,59.0
6198,60.00159,61.0
6199,62.16936,62.0
6200,63.34003,63.0
6201,63.217533,63.0
6202,62.638725,64.0
6203,63.568863,64.0
6204,63.995945,65.0
6205,64.86078,65.0
6206,64.67037,65.0
6207,64.84304,65.0
6208,64.96791,65.0
6209,65.107185,65.0
6210,65.05742,65.0
6211,64.92583,65.0
6212,65.01725,65.0
6213,65.03696,66.0
6214,65.99054,66.99999999999999
6215,66.9713,66.99999999999999
6216,66.35673,66.99999999999999
6217,66.34768,66.99999999999999
6218,66.86061,66.99999999999999
6219,66.79598,68.0
6220,67.77905,68.0
6221,67.870636,68.0
6222,67.79143,68.0
6223,68.238464,66.99999999999999
6224,66.77234,66.0
6225,66.007,66.99999999999999
6226,67.02344,68.0
6227,68.00395,66.99999999999999
6228,66.72162,66.99999999999999
6229,66.61325,66.0
6230,65.69849,66.0
6231,65.81247,66.0
6232,66.092636,65.0
6233,65.03747,66.0
6234,66.17958,66.99999999999999
6235,67.03518,66.0
6236,66.06998,66.99999999999999
6237,67.02829,66.0
6238,66.03907,66.0
6239,66.2047,66.0
6240,66.38254,66.99999999999999
6241,67.21575,66.99999999999999
6242,67.31619,66.0
6243,65.67003,65.0
6244,64.70061,65.0
6245,65.00466,64.0
6246,63.917988,63.0
6247,62.715744,62.0
6248,61.516655,62.0
6249,61.601437,61.0
6250,60.84687,60.0
6251,59.62638,61.0
6252,60.73859,61.0
6253,61.203117,63.0
6254,63.503586,64.0
6255,64.19366,66.0
6256,66.25183,66.0
6257,66.09705,66.0
6258,66.1406,66.0
6259,66.092575,65.0
6260,64.822014,65.0
6261,64.9807,65.0
6262,64.73746,65.0
6263,65.00762,64.0
6264,63.901936,64.0
6265,64.20484,63.0
6266,63.442318,63.0
6267,63.35609,64.0
6268,64.299194,68.0
6269,68.00486,68.0
6270,68.14026,69.00000000000001
6271,69.1116,69.00000000000001
6272,68.85657,68.0
6273,67.84629,69.00000000000001
6274,69.14164,68.0
6275,68.04951,69.00000000000001
6276,69.04846,70.0
6277,70.18122,72.0
6278,72.16668,73.00000000000001
6279,72.78869,74.0
6280,73.68112,74.0
6281,73.80122,74.0
6282,73.82765,74.99999999999999
6283,74.874664,74.99999999999999
6284,75.01654,74.99999999999999
6285,74.906456,74.99999999999999
6286,74.87296,76.0
6287,75.7489,77.00000000000001
6288,76.8104,78.0
6289,77.87168,80.0
6290,79.95652,82.0
6291,81.965065,85.00000000000001
6292,84.85927,65.0
6293,64.75697,64.0
6294,63.631615,62.0
6295,61.839928,61.0
6296,60.7766,61.0
6297,60.52169,61.0
6298,60.728184,62.0
6299,61.698986,63.0
6300,62.775387,63.0
6301,62.62079,64.0
6302,63.5374,64.0
6303,63.786354,65.0
6304,64.81012,65.0
6305,64.93286,64.0
6306,63.94661,64.0
6307,63.89916,65.0
6308,65.13138,65.0
6309,65.17027,65.0
6310,64.91684,66.0
6311,65.73593,59.0
6312,58.934,60.0
6313,59.888287,60.0
6314,59.871334,59.0
6315,58.387318,59.0
6316,58.25671,56.0
6317,55.89797,56.0
6318,56.000645,56.0
6319,55.71775,56.0
6320,55.85048,55.0
6321,54.574642,55.0
6322,54.64422,54.0
6323,53.638386,53.0
6324,52.656322,53.0
6325,52.642147,53.0
6326,52.85721,53.0
6327,53.19232,53.0
6328,53.19522,53.0
6329,53.149082,52.0
6330,52.126606,52.0
6331,52.11478,52.0
6332,52.15942,50.0
6333,50.283012,50.0
6334,50.32274,47.0
6335,47.824184,48.0
6336,48.67307,46.0
6337,47.52438,44.0
6338,46.161648,44.0
6339,46.763977,48.0
6340,50.219296,86.0
6341,85.29923,85.00000000000001
6342,84.60681,84.0
6343,83.31929,82.99999999999999
6344,82.43047,82.99999999999999
6345,82.508705,82.0
6346,81.31849,81.00000000000001
6347,80.69299,81.00000000000001
6348,80.8245,81.00000000000001
6349,81.00566,81.00000000000001
6350,80.608795,81.00000000000001
6351,80.7601,80.0
6352,79.669426,80.0
6353,79.778275,80.0
6354,79.801056,80.0
6355,79.72893,80.0
6356,80.0591,80.0
6357,79.93789,80.0
6358,79.77532,80.0
6359,79.87906,80.0
6360,79.668884,80.0
6361,79.61646,80.0
6362,79.62986,80.0
6363,79.62465,80.0
6364,79.68036,74.0
6365,73.16425,74.0
6366,73.34568,73.00000000000001
6367,72.21408,73.00000000000001
6368,72.3835,73.00000000000001
6369,72.5115,73.00000000000001
6370,72.567055,72.0
6371,71.61499,70.99999999999999
6372,70.69106,70.0
6373,69.81073,69.00000000000001
6374,68.98955,68.0
6375,68.1344,68.0
6376,68.14285,68.0
6377,68.3426,68.0
6378,68.419556,69.00000000000001
6379,69.47957,69.00000000000001
6380,69.36176,69.00000000000001
6381,69.36753,69.00000000000001
6382,69.44144,70.0
6383,70.758446,70.99999999999999
6384,71.31559,70.99999999999999
6385,70.9525,70.99999999999999
6386,71.07775,70.0
6387,69.76853,70.0
6388,69.74587,59.0
6389,60.16161,59.0
6390,60.425034,60.0
6391,60.57772,61.0
6392,61.11187,60.0
6393,59.41088,60.0
6394,59.45495,59.0
6395,58.31175,59.0
6396,58.51567,58.0
6397,57.665134,57.0
6398,56.87975,56.0
6399,56.012093,56.0
6400,56.21734,56.0
6401,56.238953,56.0
6402,56.348892,56.0
6403,56.43656,56.0
6404,56.403378,56.0
6405,56.26147,56.0
6406,56.369663,56.0
6407,56.393578,56.0
6408,56.372272,57.0
6409,57.266895,57.0
6410,57.254414,56.0
6411,56.21285,56.0
6412,56.273567,40.0
6413,43.322376,43.0
6414,45.454346,45.0
6415,47.006176,49.0
6416,50.849583,52.0
6417,53.45632,53.0
6418,54.092945,55.0
6419,55.768715,56.0
6420,56.70072,57.0
6421,57.38685,57.0
6422,57.366558,57.0
6423,57.047886,57.0
6424,57.124367,58.0
6425,58.10432,58.0
6426,58.062958,58.0
6427,58.11123,58.0
6428,58.154533,58.0
6429,58.18738,59.0
6430,59.068413,59.0
6431,58.96221,60.0
6432,60.009674,61.0
6433,60.943638,60.0
6434,60.18877,60.0
6435,60.130177,61.0
6436,61.215485,72.0
6437,71.903694,73.00000000000001
6438,73.72206,74.99999999999999
6439,75.20253,76.0
6440,75.75065,76.0
6441,75.70838,76.0
6442,75.687675,77.00000000000001
6443,76.7832,77.00000000000001
6444,76.52925,74.99999999999999
6445,74.12731,74.0
6446,73.387115,74.0
6447,73.55704,74.0
6448,73.53242,73.00000000000001
6449,72.62981,73.00000000000001
6450,72.853714,74.0
6451,74.120094,73.00000000000001
6452,73.211975,73.00000000000001
6453,72.991486,74.0
6454,73.88225,73.00000000000001
6455,72.71633,73.00000000000001
6456,72.460014,72.0
6457,71.417755,70.99999999999999
6458,70.50776,70.0
6459,69.538826,69.00000000000001
6460,68.79569,66.0
6461,65.88266,66.0
6462,65.99075,66.99999999999999
6463,67.01317,68.0
6464,67.89419,69.00000000000001
6465,68.83156,70.0
6466,69.73131,72.0
6467,72.0025,72.0
6468,71.640724,73.00000000000001
6469,72.72294,74.0
6470,73.908554,76.0
6471,76.09372,76.0
6472,75.95497,76.0
6473,76.17277,74.99999999999999
6474,75.41328,76.0
6475,76.95218,74.99999999999999
6476,75.679245,76.0
6477,76.764534,76.0
6478,76.65237,77.00000000000001
6479,77.612854,76.0
6480,75.65906,76.0
6481,75.90314,77.00000000000001
6482,76.92585,78.0
6483,77.83217,78.0
6484,77.75848,78.99999999999999
6485,78.034454,78.0
6486,77.07187,78.99999999999999
6487,78.325516,78.99999999999999
6488,77.87709,78.99999999999999
6489,78.44274,78.99999999999999
6490,78.29152,78.99999999999999
6491,78.04559,80.0
6492,79.54832,78.99999999999999
6493,78.79561,80.0
6494,79.40484,81.00000000000001
6495,80.663994,80.0
6496,80.504585,78.99999999999999
6497,78.98097,80.0
6498,80.79167,78.99999999999999
6499,79.463,78.99999999999999
6500,78.937256,80.0
6501,79.87941,81.00000000000001
6502,80.881516,82.0
6503,81.732994,80.0
6504,79.24639,81.00000000000001
6505,80.87897,82.0
6506,80.94433,82.99999999999999
6507,82.6048,81.00000000000001
6508,80.17134,53.0
6509,53.55265,57.0
6510,58.315174,58.0
6511,58.656277,60.0
6512,60.25426,60.0
6513,59.74677,59.0
6514,58.225822,58.0
6515,57.551857,57.0
6516,56.56467,58.0
6517,57.689926,58.0
6518,57.404335,58.0
6519,57.909626,58.0
6520,57.870853,57.0
6521,56.97141,57.0
6522,56.97919,57.0
6523,57.164066,56.0
6524,56.032017,57.0
6525,57.21898,58.0
6526,57.973343,57.0
6527,57.019154,59.0
6528,59.430065,59.0
6529,59.208492,60.0
6530,60.23579,61.0
6531,61.635654,63.0
6532,64.089325,65.0
6533,64.710915,66.0
6534,65.24131,66.0
6535,65.28641,66.0
6536,65.59735,66.0
6537,65.754684,66.0
6538,66.03982,66.0
6539,65.91536,66.0
6540,65.638885,65.0
6541,64.124664,63.0
6542,62.41758,60.0
6543,60.060146,60.0
6544,60.202717,59.0
6545,58.95371,58.0
6546,57.7171,59.0
6547,58.921906,58.0
6548,57.927387,57.0
6549,56.706734,58.0
6550,57.939022,59.0
6551,59.916145,60.0
6552,60.530945,61.0
6553,60.910286,61.0
6554,61.188683,62.0
6555,61.975292,63.0
6556,63.140003,63.0
6557,62.754185,64.0
6558,64.01794,64.0
6559,63.83617,65.0
6560,64.86534,64.0
6561,63.875366,64.0
6562,63.917015,64.0
6563,63.864376,63.0
6564,62.714207,64.0
6565,63.7326,66.0
6566,66.32623,66.99999999999999
6567,66.77846,66.99999999999999
6568,67.019135,68.0
6569,68.20692,66.99999999999999
6570,67.18369,68.0
6571,68.56587,70.0
6572,70.664116,70.0
6573,70.04548,70.0
6574,69.752464,69.00000000000001
6575,68.80322,69.00000000000001
6576,68.88791,69.00000000000001
6577,68.85604,69.00000000000001
6578,68.430885,68.0
6579,67.257576,66.99999999999999
6580,66.30379,66.99999999999999
6581,66.329384,66.0
6582,65.71332,66.0
6583,65.98103,65.0
6584,64.644,65.0
6585,64.58283,64.0
6586,63.262634,63.0
6587,62.847496,64.0
6588,63.886944,64.0
6589,63.553474,63.0
6590,62.554558,62.0
6591,61.789192,62.0
6592,61.922977,62.0
6593,61.788475,62.0
6594,61.87594,61.0
6595,60.945927,59.0
6596,58.970512,59.0
6597,59.0552,58.0
6598,57.870914,58.0
6599,58.04718,57.0
6600,57.09194,57.0
6601,57.41276,57.0
6602,57.205143,57.0
6603,57.073013,57.0
6604,57.02348,58.0
6605,58.00278,58.0
6606,57.93656,58.0
6607,57.94562,58.0
6608,58.222206,59.0
6609,59.15483,60.0
6610,60.138332,61.0
6611,61.46237,61.0
6612,61.313084,61.0
6613,61.241848,62.0
6614,62.172997,62.0
6615,61.8693,62.0
6616,61.96595,63.0
6617,63.117954,62.0
6618,61.926414,63.0
6619,62.943027,63.0
6620,62.99525,62.0
6621,61.885353,63.0
6622,62.891106,63.0
6623,62.716892,64.0
6624,63.942623,65.0
6625,65.330986,65.0
6626,64.88233,66.0
6627,65.83757,68.0
6628,68.332924,69.00000000000001
6629,68.86527,69.00000000000001
6630,68.451614,69.00000000000001
6631,68.72378,68.0
6632,67.468666,68.0
6633,67.09375,68.0
6634,67.21878,66.99999999999999
6635,66.60809,66.0
6636,65.199646,66.0
6637,65.9605,68.0
6638,68.58709,70.99999999999999
6639,71.35933,70.99999999999999
6640,70.86247,70.99999999999999
6641,70.91105,70.99999999999999
6642,70.92841,70.99999999999999
6643,71.00436,72.0
6644,72.13607,73.00000000000001
6645,72.92861,74.0
6646,74.025116,73.00000000000001
6647,72.89785,74.0
6648,74.023056,73.00000000000001
6649,72.562546,70.99999999999999
6650,70.3464,70.99999999999999
6651,70.671715,70.0
6652,69.60573,70.0
6653,69.581924,70.0
6654,68.81588,70.99999999999999
6655,70.41534,70.99999999999999
6656,70.58891,72.0
6657,71.39279,73.00000000000001
6658,72.59819,73.00000000000001
6659,72.50656,73.00000000000001
6660,72.10061,73.00000000000001
6661,72.20946,72.0
6662,71.89642,70.0
6663,70.01696,70.99999999999999
6664,71.092896,70.0
6665,70.05963,70.99999999999999
6666,71.36468,72.0
6667,72.16101,70.0
6668,70.011925,70.0
6669,70.11373,70.0
6670,70.03579,70.99999999999999
6671,70.78135,70.0
6672,69.53754,70.99999999999999
6673,70.32094,70.99999999999999
6674,70.36857,70.99999999999999
6675,70.83521,72.0
6676,72.076256,73.00000000000001
6677,73.245766,74.0
6678,73.93835,74.0
6679,74.1481,74.0
6680,73.69251,74.0
6681,73.81263,74.0
6682,73.782814,74.99999999999999
6683,74.92208,74.99999999999999
6684,75.15006,76.0
6685,76.21177,76.0
6686,75.95216,76.0
6687,75.40768,76.0
6688,75.92602,77.00000000000001
6689,76.76951,76.0
6690,75.70365,76.0
6691,75.79992,76.0
6692,75.84585,74.99999999999999
6693,74.76429,74.0
6694,73.75196,73.00000000000001
6695,72.70222,73.00000000000001
6696,72.801346,73.00000000000001
6697,72.55602,73.00000000000001
6698,72.409096,72.0
6699,70.865814,70.99999999999999
6700,70.24112,69.00000000000001
6701,68.43967,68.0
6702,67.44431,66.99999999999999
6703,66.71543,66.0
6704,65.505455,65.0
6705,64.4489,65.0
6706,64.674324,64.0
6707,63.607815,63.0
6708,62.78561,61.0
6709,60.767326,61.0
6710,61.333878,62.0
6711,62.393944,62.0
6712,62.262203,64.0
6713,64.62032,64.0
6714,63.913567,64.0
6715,63.758762,63.0
6716,62.8477,64.0
6717,63.856728,65.0
6718,64.4904,65.0
6719,64.47157,65.0
6720,64.4815,65.0
6721,64.64503,66.0
6722,65.38571,66.99999999999999
6723,66.69261,68.0
6724,67.89401,68.0
6725,67.594025,68.0
6726,67.24421,68.0
6727,67.97526,69.00000000000001
6728,68.11662,69.00000000000001
6729,68.29176,69.00000000000001
6730,68.422035,69.00000000000001
6731,68.6232,69.00000000000001
6732,68.4025,69.00000000000001
6733,68.49904,69.00000000000001
6734,68.950615,69.00000000000001
6735,69.2663,69.00000000000001
6736,69.212135,66.99999999999999
6737,67.05804,68.0
6738,68.014084,68.0
6739,68.09614,69.00000000000001
6740,68.91737,68.0
6741,67.77662,66.99999999999999
6742,66.73465,66.99999999999999
6743,66.73672,66.99999999999999
6744,66.747856,66.99999999999999
6745,66.67954,68.0
6746,67.90181,68.0
6747,68.009674,68.0
6748,68.09521,69.00000000000001
6749,68.80527,70.0
6750,69.6417,69.00000000000001
6751,68.8083,70.0
6752,69.96303,70.99999999999999
6753,70.826965,72.0
6754,71.783585,73.00000000000001
6755,72.3015,74.0
6756,73.67598,74.0
6757,73.6833,74.0
6758,73.805374,74.99999999999999
6759,74.97816,74.0
6760,73.8618,74.0
6761,73.89726,73.00000000000001
6762,72.935036,73.00000000000001
6763,72.752815,73.00000000000001
6764,72.78014,74.0
6765,73.40457,74.99999999999999
6766,74.54802,74.99999999999999
6767,74.54407,76.0
6768,75.69031,76.0
6769,75.483315,74.99999999999999
6770,74.41211,74.0
6771,73.00618,73.00000000000001
6772,71.960495,72.0
6773,71.30072,72.0
6774,71.16114,72.0
6775,71.401634,70.99999999999999
6776,70.33243,70.99999999999999
6777,69.94763,69.00000000000001
6778,68.50728,69.00000000000001
6779,68.57893,69.00000000000001
6780,68.85711,69.00000000000001
6781,68.90246,69.00000000000001
6782,69.43262,69.00000000000001
6783,69.346,69.00000000000001
6784,68.8272,69.00000000000001
6785,68.7492,68.0
6786,67.88972,68.0
6787,67.81674,68.0
6788,67.87327,68.0
6789,67.959526,68.0
6790,67.798164,68.0
6791,67.79143,68.0
6792,67.92413,68.0
6793,67.96207,68.0
6794,67.8321,69.00000000000001
6795,69.27448,70.0
6796,70.18061,70.99999999999999
6797,71.042694,72.0
6798,72.06364,73.00000000000001
6799,73.198524,74.99999999999999
6800,75.049774,74.99999999999999
6801,74.705635,74.99999999999999
6802,74.569466,74.99999999999999
6803,74.61691,74.99999999999999
6804,74.53851,74.99999999999999
6805,74.713585,74.99999999999999
6806,74.72907,73.00000000000001
6807,72.59737,73.00000000000001
6808,73.008125,73.00000000000001
6809,72.97386,73.00000000000001
6810,72.83601,74.0
6811,74.06584,74.0
6812,73.76946,73.00000000000001
6813,72.60701,73.00000000000001
6814,72.71764,77.00000000000001
6815,77.44487,77.00000000000001
6816,76.42445,76.0
6817,75.60403,76.0
6818,75.59602,74.99999999999999
6819,74.707085,74.0
6820,73.3419,73.00000000000001
6821,72.25194,72.0
6822,71.54787,70.0
6823,69.688126,69.00000000000001
6824,68.674126,68.0
6825,67.58797,68.0
6826,67.52612,68.0
6827,67.333046,68.0
6828,67.275,66.99999999999999
6829,66.62423,66.0
6830,65.52986,66.0
6831,65.564804,65.0
6832,64.64008,65.0
6833,64.89565,66.0
6834,66.04201,65.0
6835,65.10634,65.0
6836,64.93148,66.99999999999999
6837,67.21006,66.99999999999999
6838,67.16255,64.0
6839,64.37175,65.0
6840,65.34092,66.0
6841,66.53635,66.0
6842,66.59962,66.99999999999999
6843,67.464325,68.0
6844,68.700775,70.0
6845,70.58418,73.00000000000001
6846,74.0246,74.99999999999999
6847,75.139694,76.0
6848,76.05679,78.0
6849,78.418106,78.99999999999999
6850,78.739815,80.0
6851,79.14069,80.0
6852,79.39414,81.00000000000001
6853,80.326324,82.0
6854,81.72415,82.99999999999999
6855,82.636024,84.0
6856,83.61111,85.00000000000001
6857,84.42881,86.0
6858,85.69425,88.0
6859,88.76955,88.0
6860,88.69308,88.0
6861,88.834366,88.0
6862,88.0528,86.99999999999999
6863,86.47086,86.0
6864,85.15056,86.0
6865,85.09468,86.0
6866,85.29031,86.0
6867,84.957504,85.00000000000001
6868,84.41412,85.00000000000001
6869,84.35939,84.0
6870,83.63255,84.0
6871,83.749306,82.99999999999999
6872,82.4644,82.0
6873,81.5019,81.00000000000001
6874,80.04565,80.0
6875,79.10991,78.99999999999999
6876,78.25982,78.99999999999999
6877,78.322914,78.0
6878,77.425415,78.0
6879,77.23602,76.0
6880,75.550575,74.99999999999999
6881,74.52663,74.0
6882,73.5364,72.0
6883,71.60319,70.99999999999999
6884,70.66676,70.99999999999999
6885,70.42385,70.0
6886,69.11421,70.0
6887,69.11303,69.00000000000001
6888,68.00557,69.00000000000001
6889,68.03267,68.0
6890,67.39396,66.99999999999999
6891,65.92453,66.0
6892,65.579,65.0
6893,64.442726,62.0
6894,61.422436,61.0
6895,61.020473,60.0
6896,59.999634,60.0
6897,60.172157,60.0
6898,60.011948,60.0
6899,60.066994,61.0
6900,60.939487,61.0
6901,60.911285,61.0
6902,60.738247,61.0
6903,61.316418,62.0
6904,62.19025,63.0
6905,63.339592,64.0
6906,64.0838,65.0
6907,65.25752,65.0
6908,65.05609,66.0
6909,66.26458,66.0
6910,65.68761,66.0
6911,65.52014,66.0
6912,65.70087,70.0
6913,70.73471,84.0
6914,87.14527,85.00000000000001
6915,84.26407,86.0
6916,85.76226,86.99999999999999
6917,86.12161,89.00000000000001
6918,89.15909,90.0
6919,89.780876,90.99999999999999
6920,90.6493,92.0
6921,91.68812,92.0
6922,90.75003,92.0
6923,91.0897,93.00000000000001
6924,92.29882,94.0
6925,93.963036,96.0
6926,95.72591,96.0
6927,94.50846,96.0
6928,94.754295,94.99999999999999
6929,93.760086,94.0
6930,93.12497,94.0
6931,92.816765,94.0
6932,92.95345,94.0
6933,93.16162,94.0
6934,92.67338,94.0
6935,92.66529,93.00000000000001
6936,91.29966,89.00000000000001
6937,87.44506,74.99999999999999
6938,73.983154,74.99999999999999
6939,74.22593,74.0
6940,73.439186,73.00000000000001
6941,72.31582,70.99999999999999
6942,70.3759,70.99999999999999
6943,70.64272,70.0
6944,69.125946,69.00000000000001
6945,68.593185,69.00000000000001
6946,68.54338,68.0
6947,67.57478,66.99999999999999
6948,66.811646,66.99999999999999
6949,67.06495,66.99999999999999
6950,67.893875,69.00000000000001
6951,69.4984,69.00000000000001
6952,69.19896,70.0
6953,70.10891,70.0
6954,69.91491,70.0
6955,69.676994,69.00000000000001
6956,68.61764,69.00000000000001
6957,68.702095,69.00000000000001
6958,68.5654,68.0
6959,67.52951,69.00000000000001
6960,68.09519,70.0
6961,69.26691,70.0
6962,69.14318,70.0
6963,69.487976,70.0
6964,69.61883,70.0
6965,69.42743,70.0
6966,69.37539,70.0
6967,69.822754,70.0
6968,69.45907,70.0
6969,69.40655,70.0
6970,69.69125,70.0
6971,69.434685,70.0
6972,69.52863,69.00000000000001
6973,68.514404,66.99999999999999
6974,66.8919,66.0
6975,66.30017,66.0
6976,66.21056,66.0
6977,66.11246,65.0
6978,64.84764,64.0
6979,63.794727,64.0
6980,63.807987,64.0
6981,63.80138,64.0
6982,63.817917,64.0
6983,63.609932,65.0
6984,64.4879,65.0
6985,64.23075,64.0
6986,63.062897,64.0
6987,63.27799,64.0
6988,63.653477,64.0
6989,63.692886,64.0
6990,63.199646,64.0
6991,64.07425,65.0
6992,65.116066,65.0
6993,64.79916,65.0
6994,64.607506,65.0
6995,64.84184,65.0
6996,64.63427,65.0
6997,64.65105,66.0
6998,66.377525,65.0
6999,65.17313,64.0
7000,63.883995,64.0
7001,63.780174,64.0
7002,63.866245,65.0
7003,64.98605,65.0
7004,64.99093,65.0
7005,64.92966,65.0
7006,64.83556,65.0
7007,64.94248,65.0
7008,64.818535,65.0
7009,64.63452,66.0
7010,65.75119,66.0
7011,66.04576,68.0
