,prediction,actual
0,56.971737,57.0
1,57.01499,58.0
2,58.05479,58.0
3,57.995144,58.0
4,58.003803,58.0
5,57.98709,59.0
6,58.81475,59.0
7,58.87509,59.0
8,58.857876,59.0
9,58.81009,60.0
10,59.80112,60.0
11,59.78441,60.0
12,59.769257,60.0
13,59.751358,61.0
14,60.845078,62.0
15,61.805504,62.0
16,61.794296,62.0
17,62.0707,62.0
18,62.18052,62.0
19,61.93523,63.0
20,63.01343,64.0
21,64.17908,64.0
22,64.1145,74.0
23,74.0217,77.0
24,76.81138,71.0
25,70.79854,64.0
26,63.90427,64.0
27,63.739258,64.0
28,63.98683,65.0
29,65.21847,66.0
30,66.14704,64.0
31,63.669384,64.0
32,63.630733,63.0
33,62.649014,63.0
34,62.663754,63.0
35,62.700893,62.0
36,61.698677,62.0
37,61.665405,61.0
38,60.682217,61.0
39,60.795334,61.0
40,60.864555,61.0
41,61.062824,61.0
42,61.028755,61.0
43,61.08535,61.0
44,61.27437,60.0
45,60.170956,60.0
46,60.138405,60.0
47,60.069794,61.0
48,61.024612,61.0
49,61.035988,62.0
50,61.89382,61.0
51,60.933594,61.0
52,60.74853,60.0
53,59.85411,61.0
54,60.77221,63.0
55,62.986523,65.0
56,64.933975,65.0
57,64.72893,65.0
58,64.737335,65.0
59,64.74967,65.0
60,64.75818,66.0
61,65.67486,66.0
62,65.76462,66.0
63,65.63811,65.0
64,64.783424,65.0
65,64.91446,65.0
66,65.114586,65.0
67,64.8816,65.0
68,64.97169,65.0
69,65.17486,66.0
70,66.206474,65.0
71,64.84888,64.0
72,63.717113,62.0
73,61.797783,62.0
74,61.842888,62.0
75,61.839382,61.0
76,60.783146,61.0
77,60.762333,59.0
78,58.837204,58.0
79,57.772625,57.0
80,56.807667,57.0
81,56.75199,58.0
82,57.682228,59.0
83,58.73162,59.0
84,58.651974,59.0
85,58.6043,58.0
86,57.62772,59.0
87,58.694717,59.0
88,58.798363,59.0
89,58.92883,58.0
90,57.96224,59.0
91,58.994022,58.0
92,57.86729,58.0
93,58.111046,58.0
94,58.153587,59.0
95,58.98819,59.0
96,58.901737,60.0
97,59.84485,60.0
98,59.784084,61.0
99,60.77551,61.0
100,60.76651,61.0
101,60.757305,61.0
102,60.769302,61.0
103,60.74235,61.0
104,60.761894,61.0
105,60.738132,61.0
106,60.692898,61.0
107,60.720264,61.0
108,60.710567,62.0
109,61.67997,62.0
110,61.793125,63.0
111,62.75811,63.0
112,62.893124,63.0
113,62.725086,63.0
114,63.053497,63.0
115,62.699768,63.0
116,62.80786,63.0
117,63.11165,63.0
118,63.19959,63.0
119,62.95145,63.0
120,63.122803,64.0
121,64.05839,64.0
122,63.907642,65.0
123,65.01314,65.0
124,64.99515,66.0
125,65.996826,66.0
126,65.89204,66.0
127,65.99405,67.0
128,66.97915,67.0
129,66.86546,67.0
130,66.9214,67.0
131,66.87147,68.0
132,67.86876,68.0
133,67.82601,68.0
134,67.779884,68.0
135,67.70849,68.0
136,67.743225,68.0
137,67.87662,68.0
138,68.026985,69.0
139,69.1102,70.0
140,70.315895,70.0
141,69.90244,70.0
142,69.88839,70.0
143,69.77697,70.0
144,69.85273,70.0
145,69.73379,69.0
146,68.74478,69.0
147,68.86719,69.0
148,68.877014,67.0
149,66.78565,66.0
150,65.77446,64.0
151,63.79013,63.0
152,62.75806,62.0
153,61.798603,61.0
154,60.78308,60.0
155,59.800465,59.0
156,58.78829,58.0
157,57.767075,59.0
158,58.85813,60.0
159,59.930733,60.0
160,59.91962,61.0
161,60.892673,61.0
162,60.830463,60.0
163,59.735527,59.0
164,58.784645,59.0
165,58.713284,59.0
166,58.894844,59.0
167,58.970345,59.0
168,58.963528,59.0
169,59.029194,59.0
170,59.0487,59.0
171,59.01253,58.0
172,57.837963,59.0
173,58.83719,59.0
174,58.780327,60.0
175,59.7927,60.0
176,59.78121,60.0
177,59.78793,60.0
178,59.789066,59.0
179,58.81664,59.0
180,58.807186,59.0
181,58.81036,58.0
182,57.78149,57.0
183,56.847237,57.0
184,56.96129,56.00000000000001
185,56.048565,57.0
186,57.099575,57.0
187,57.050526,58.0
188,57.971962,58.0
189,58.057606,58.0
190,57.987614,67.0
191,67.01027,77.0
192,76.987724,74.0
193,73.95126,55.0
194,54.82468,54.0
195,53.787613,53.0
196,52.805798,53.0
197,52.80014,53.0
198,52.79372,54.0
199,53.824078,55.0
200,54.905148,55.0
201,54.818638,57.0
202,56.89506,58.0
203,57.908615,60.0
204,59.84233,61.0
205,60.813553,63.0
206,62.985527,64.0
207,64.04266,64.0
208,64.013565,64.0
209,63.95621,64.0
210,63.86737,63.0
211,62.98503,63.0
212,62.897068,62.0
213,61.710773,62.0
214,61.889,62.0
215,61.877632,61.0
216,60.811646,62.0
217,61.816223,62.0
218,61.77741,62.0
219,61.7648,62.0
220,61.647087,62.0
221,61.71643,63.0
222,62.69671,63.0
223,62.76308,62.0
224,61.6933,63.0
225,62.87786,63.0
226,62.86604,62.0
227,61.82653,62.0
228,61.749496,61.0
229,60.711628,60.0
230,59.798973,60.0
231,59.96184,60.0
232,59.998775,60.0
233,59.863464,60.0
234,60.08295,60.0
235,59.918095,61.0
236,60.964516,61.0
237,60.887505,61.0
238,60.60616,61.0
239,60.895267,61.0
240,60.800106,62.0
241,61.822536,62.0
242,61.7547,62.0
243,61.759903,62.0
244,61.623905,62.0
245,61.701485,62.0
246,61.656414,61.0
247,60.632473,62.0
248,61.789772,61.0
249,60.743484,61.0
250,60.75714,61.0
251,60.80237,61.0
252,60.779068,62.0
253,61.87208,62.0
254,61.821064,62.0
255,61.88968,61.0
256,60.788094,61.0
257,60.835457,60.0
258,59.849834,59.0
259,58.79344,59.0
260,58.784256,58.0
261,57.756195,59.0
262,58.769276,58.0
263,57.79184,59.0
264,58.827477,59.0
265,58.76828,59.0
266,58.79206,59.0
267,58.812565,59.0
268,58.771545,59.0
269,58.81684,60.0
270,59.72334,60.0
271,59.72982,60.0
272,59.817616,60.0
273,59.856346,59.0
274,58.757603,57.0
275,56.76715,56.00000000000001
276,55.733715,54.0
277,53.7477,53.0
278,52.703716,51.0
279,50.669945,51.0
280,50.713623,52.0
281,51.90021,52.0
282,51.70336,52.0
283,51.743484,52.0
284,51.722942,52.0
285,51.835045,52.0
286,51.93819,53.0
287,52.84047,52.0
288,52.164513,52.0
289,51.70645,52.0
290,51.618862,51.0
291,50.639305,51.0
292,50.720505,50.0
293,49.815964,50.0
294,49.878853,49.0
295,48.770542,47.0
296,46.752045,48.0
297,47.754116,51.0
298,50.90523,52.0
299,51.88876,53.0
300,52.755814,53.0
301,52.728596,54.0
302,53.753395,54.0
303,53.730034,54.0
304,53.825058,55.0
305,55.035137,55.0
306,55.1197,55.0
307,55.24138,56.00000000000001
308,56.24734,56.00000000000001
309,56.039425,56.00000000000001
310,56.118164,57.0
311,57.02098,57.0
312,57.032124,58.0
313,57.711964,58.0
314,57.830597,59.0
315,58.727642,59.0
316,58.695946,59.0
317,58.719673,58.0
318,57.73015,58.0
319,57.734432,59.0
320,58.8381,59.0
321,58.76709,59.0
322,58.75978,59.0
323,58.83634,60.0
324,59.759495,61.0
325,60.814777,62.0
326,61.91945,63.0
327,62.882595,63.0
328,62.785725,63.0
329,62.775246,63.0
330,63.008327,63.0
331,63.075237,63.0
332,62.98398,63.0
333,63.214203,63.0
334,63.105347,63.0
335,62.77715,62.0
336,61.680614,62.0
337,61.704384,62.0
338,61.725006,62.0
339,61.75416,62.0
340,61.681934,62.0
341,61.729847,63.0
342,62.772114,63.0
343,62.7625,63.0
344,62.70734,63.0
345,62.75107,64.0
346,63.819134,65.0
347,64.78948,65.0
348,64.75523,65.0
349,64.74909,65.0
350,64.883064,65.0
351,64.871376,65.0
352,64.89412,65.0
353,64.891,64.0
354,63.98345,64.0
355,63.960766,64.0
356,64.06265,64.0
357,64.26678,64.0
358,64.03733,65.0
359,64.94967,64.0
360,63.84249,65.0
361,64.84697,65.0
362,64.770424,64.0
363,63.654892,64.0
364,63.638073,64.0
365,63.740036,64.0
366,63.734993,63.0
367,62.724796,62.0
368,61.70668,62.0
369,61.733715,60.0
370,59.696712,59.0
371,58.6568,59.0
372,58.655746,58.0
373,57.64405,58.0
374,57.888046,58.0
375,57.834232,58.0
376,57.795574,58.0
377,58.023388,58.0
378,57.91415,58.0
379,58.172844,59.0
380,59.20368,59.0
381,59.01975,59.0
382,58.990925,58.0
383,57.83758,59.0
384,58.864197,59.0
385,58.672256,59.0
386,58.832623,59.0
387,58.70592,59.0
388,58.830105,59.0
389,58.759945,59.0
390,58.685497,60.0
391,59.77277,61.0
392,60.75819,60.0
393,59.71063,60.0
394,59.716877,61.0
395,60.740726,61.0
396,60.683178,61.0
397,60.696434,61.0
398,60.794598,61.0
399,60.858307,62.0
400,62.010193,62.0
401,62.06461,61.0
402,60.871582,61.0
403,61.085476,61.0
404,61.183323,61.0
405,61.26947,61.0
406,60.77785,61.0
407,60.814,61.0
408,60.828182,61.0
409,60.81742,61.0
410,60.793957,61.0
411,60.858696,61.0
412,60.88549,69.0
413,68.67558,69.0
414,68.64313,69.0
415,68.620674,68.0
416,67.587776,67.0
417,66.716866,66.0
418,65.69456,64.0
419,63.701927,63.0
420,62.701042,62.0
421,61.686066,62.0
422,61.695305,62.0
423,61.823963,62.0
424,61.87263,61.0
425,60.882286,63.0
426,63.166813,63.0
427,63.11557,63.0
428,63.014374,62.0
429,61.75373,62.0
430,61.87561,63.0
431,62.86579,63.0
432,62.690876,62.0
433,61.727863,62.0
434,61.741974,62.0
435,61.679092,62.0
436,61.688435,67.0
437,66.76182,69.0
438,68.71626,70.0
439,69.7037,71.0
440,70.57874,71.0
441,70.57348,72.0
442,71.51929,72.0
443,71.41566,72.0
444,71.595116,72.0
445,71.52653,72.0
446,71.712875,72.0
447,71.71659,72.0
448,71.521835,72.0
449,71.713936,71.0
450,70.70633,71.0
451,70.86823,70.0
452,69.8814,70.0
453,69.73132,70.0
454,69.895,69.0
455,68.90797,70.0
456,70.01339,69.0
457,68.864426,69.0
458,68.72455,68.0
459,67.50401,66.0
460,65.620125,38.0
461,37.785156,37.0
462,36.820396,38.0
463,37.874866,39.0
464,38.854458,39.0
465,38.803047,38.0
466,37.792095,36.0
467,35.788857,36.0
468,35.812202,36.0
469,35.8143,36.0
470,35.824078,39.0
471,38.930595,39.0
472,38.897636,39.0
473,38.923306,37.0
474,36.862797,37.0
475,37.013893,36.0
476,35.823124,37.0
477,37.12624,36.0
478,35.984592,36.0
479,36.033092,37.0
480,36.91406,37.0
481,36.854465,37.0
482,36.97332,39.99999999999999
483,40.131615,43.0
484,43.052536,44.0
485,43.587925,45.0
486,44.743458,47.0
487,46.7591,50.0
488,49.789356,52.0
489,51.82686,54.0
490,53.829315,54.0
491,53.7799,54.0
492,53.73364,54.0
493,53.678043,55.0
494,54.675858,55.0
495,54.732838,55.0
496,54.60392,54.0
497,53.766426,54.0
498,53.46743,54.0
499,53.619595,54.0
500,53.76994,54.0
501,53.798283,54.0
502,53.662865,54.0
503,53.75379,55.0
504,54.876133,55.0
505,54.807854,55.0
506,54.589954,56.00000000000001
507,55.741413,57.0
508,56.80127,60.0
509,59.763546,60.0
510,59.749752,59.0
511,58.729607,59.0
512,58.731346,59.0
513,58.66708,58.0
514,57.61145,57.0
515,56.62528,56.00000000000001
516,55.56328,55.0
517,54.59961,54.0
518,53.594753,53.0
519,52.734684,54.0
520,53.878548,54.0
521,53.68171,53.0
522,52.663204,53.0
523,52.865086,52.0
524,51.86399,52.0
525,51.85435,52.0
526,51.891045,52.0
527,51.860947,51.0
528,50.829224,49.0
529,48.852608,52.0
530,51.844845,53.0
531,52.778168,54.0
532,53.811058,70.0
533,69.717926,70.0
534,69.71567,70.0
535,69.796165,71.0
536,70.783585,70.0
537,69.76911,69.0
538,68.83766,68.0
539,67.898636,66.0
540,65.85739,65.0
541,64.84916,64.0
542,63.836525,63.0
543,62.778374,62.0
544,61.709282,61.0
545,60.644703,61.0
546,60.790485,60.0
547,59.663937,60.0
548,59.751865,59.0
549,58.787785,59.0
550,58.744396,58.0
551,57.742867,57.0
552,56.748055,57.0
553,56.71375,55.0
554,54.669075,55.0
555,54.719757,54.0
556,53.703445,60.0
557,59.763515,60.0
558,59.737392,61.0
559,60.764595,61.0
560,60.73719,61.0
561,60.778572,62.0
562,61.75477,62.0
563,61.75455,62.0
564,61.820995,62.0
565,61.76519,63.0
566,62.81386,63.0
567,62.881393,64.0
568,63.959755,64.0
569,64.133385,65.0
570,65.10843,65.0
571,65.19017,65.0
572,65.18082,66.0
573,66.28313,67.0
574,67.30516,67.0
575,66.871574,66.0
576,65.765945,66.0
577,65.7932,66.0
578,65.746445,67.0
579,66.70402,67.0
580,66.75221,60.0
581,59.767498,60.0
582,59.822304,60.0
583,59.75634,60.0
584,59.783764,59.0
585,58.852757,59.0
586,58.907677,59.0
587,58.944687,59.0
588,58.85756,59.0
589,58.736862,59.0
590,58.72379,59.0
591,58.78649,59.0
592,58.818398,59.0
593,58.923004,59.0
594,58.983906,59.0
595,58.934372,59.0
596,58.959557,59.0
597,59.00264,59.0
598,58.869316,59.0
599,58.983517,59.0
600,58.890163,58.0
601,57.867607,58.0
602,57.870556,59.0
603,58.90259,60.0
604,60.005363,131.0
605,130.12668,136.0
606,135.46774,140.0
607,139.17955,143.0
608,142.7998,145.0
609,145.083,130.0
610,127.19355,116.0
611,114.10189,103.0
612,101.83001,99.0
613,97.98973,99.0
614,98.53551,98.0
615,96.83363,98.0
616,96.626526,98.0
617,97.086655,99.0
618,99.0362,99.0
619,98.09567,99.0
620,98.538246,99.0
621,99.04421,99.0
622,98.98327,98.0
623,97.82588,98.0
624,97.726845,97.0
625,96.461,97.0
626,96.48731,98.0
627,97.43128,99.0
628,98.506676,87.0
629,86.64875,86.0
630,85.63706,83.0
631,82.60008,81.0
632,80.67573,79.0
633,78.724815,78.0
634,77.78624,77.0
635,76.76195,77.0
636,76.74321,77.0
637,76.80244,74.99999999999999
638,74.429405,71.0
639,70.65655,70.0
640,69.72689,69.0
641,68.80449,69.0
642,68.72467,68.0
643,67.93088,69.0
644,69.061935,69.0
645,68.85455,69.0
646,68.827,70.0
647,70.05032,71.0
648,71.02432,72.0
649,72.01023,73.0
650,73.00151,73.0
651,72.96261,73.0
652,72.87975,64.0
653,63.752556,65.0
654,64.81466,66.0
655,65.79921,66.0
656,65.70893,66.0
657,65.712265,67.0
658,66.68946,67.0
659,66.6454,67.0
660,66.62201,67.0
661,66.57549,68.0
662,67.71298,68.0
663,67.774895,69.0
664,68.90069,69.0
665,69.062874,69.0
666,68.36364,69.0
667,69.04155,69.0
668,69.14672,70.0
669,70.116035,70.0
670,70.005684,70.0
671,69.879265,70.0
672,69.78083,70.0
673,69.77469,69.0
674,68.732285,69.0
675,68.68129,69.0
676,68.806435,54.0
677,53.832905,55.0
678,54.87272,57.0
679,56.919342,58.0
680,57.84797,59.0
681,58.78958,60.0
682,59.76971,60.0
683,59.71226,60.0
684,59.681328,60.0
685,59.680298,59.0
686,58.710583,59.0
687,58.7553,59.0
688,58.750866,59.0
689,58.791306,59.0
690,58.70117,59.0
691,58.472065,58.0
692,57.11389,58.0
693,57.1174,58.0
694,57.02751,58.0
695,57.48017,58.0
696,57.871773,58.0
697,57.825077,57.0
698,56.76428,57.0
699,56.75388,56.00000000000001
700,55.752583,71.0
701,70.91631,71.0
702,70.95054,71.0
703,70.95369,71.0
704,70.910904,71.0
705,70.90804,72.0
706,71.9501,72.0
707,71.854,72.0
708,71.84019,73.0
709,72.817955,73.0
710,72.835724,73.0
711,72.8899,73.0
712,73.14788,73.0
713,73.02248,73.0
714,73.137276,73.0
715,73.07825,73.0
716,73.041954,73.0
717,73.234924,73.0
718,73.020164,73.0
719,72.938156,73.0
720,72.68751,73.0
721,72.81369,73.0
722,72.82033,73.0
723,72.8496,73.0
724,72.799576,73.0
725,72.84942,72.0
726,71.79799,72.0
727,71.82649,72.0
728,71.83206,72.0
729,71.85929,71.0
730,70.88563,71.0
731,70.83967,71.0
732,70.80285,71.0
733,70.74655,70.0
734,69.835724,71.0
735,70.92626,70.0
736,69.972404,70.0
737,70.05721,71.0
738,71.33227,72.0
739,72.3941,72.0
740,72.1705,72.0
741,72.246796,72.0
742,72.18885,72.0
743,71.960045,73.0
744,72.87815,73.0
745,72.69333,73.0
746,72.55637,73.0
747,72.80552,72.0
748,71.70765,71.0
749,70.63673,71.0
750,70.73073,70.0
751,69.752144,69.0
752,68.70654,69.0
753,68.81225,68.0
754,67.771515,68.0
755,67.764114,68.0
756,67.77545,68.0
757,67.778564,68.0
758,67.87657,68.0
759,67.93433,68.0
760,67.938515,68.0
761,67.94552,68.0
762,68.258934,68.0
763,68.329414,68.0
764,68.222855,68.0
765,68.01769,67.0
766,66.903435,67.0
767,66.87986,67.0
768,66.82439,67.0
769,66.820786,67.0
770,66.70408,67.0
771,66.81409,67.0
772,66.76885,67.0
773,66.685,68.0
774,67.81971,68.0
775,67.788185,69.0
776,68.84475,69.0
777,68.77553,69.0
778,68.81075,69.0
779,68.746414,69.0
780,68.74879,68.0
781,67.73238,68.0
782,67.92459,68.0
783,67.893974,68.0
784,68.15923,69.0
785,69.05048,68.0
786,68.050446,67.0
787,66.98889,67.0
788,67.12555,68.0
789,68.30794,68.0
790,68.18973,68.0
791,67.96696,69.0
792,69.007835,69.0
793,69.00385,70.0
794,69.99361,71.0
795,71.075554,71.0
796,70.94157,73.0
797,72.99518,74.0
798,73.8574,74.0
799,73.79017,74.0
800,73.80741,74.0
801,73.76121,73.0
802,72.68212,73.0
803,72.786224,72.0
804,71.72115,71.0
805,70.71718,70.0
806,69.70667,70.0
807,69.83585,70.0
808,69.92214,70.0
809,70.17945,71.0
810,71.16533,71.0
811,71.2259,72.0
812,72.37414,72.0
813,72.327736,72.0
814,72.31047,73.0
815,73.32298,72.0
816,71.83922,72.0
817,71.80351,71.0
818,70.78978,70.0
819,69.7376,69.0
820,68.71126,68.0
821,67.68135,68.0
822,67.70014,67.0
823,66.66647,67.0
824,66.71596,68.0
825,67.705246,68.0
826,67.73068,69.0
827,68.702805,70.0
828,69.70494,71.0
829,70.7216,73.0
830,72.84384,74.0
831,74.00028,74.0
832,74.24001,74.0
833,74.192665,74.0
834,74.26927,74.99999999999999
835,75.01823,74.99999999999999
836,75.5653,74.99999999999999
837,75.433945,74.99999999999999
838,75.25761,74.99999999999999
839,75.250755,74.99999999999999
840,74.86766,74.99999999999999
841,74.77931,74.99999999999999
842,74.788284,76.0
843,75.720795,76.0
844,75.621025,74.99999999999999
845,74.57634,74.99999999999999
846,74.58364,76.0
847,75.64965,76.0
848,75.71783,77.0
849,76.917725,78.0
850,77.84554,79.99999999999999
851,79.82877,81.0
852,80.837746,82.0
853,81.785286,82.0
854,81.75975,82.0
855,81.98117,82.0
856,82.09274,83.0
857,82.8792,83.0
858,82.73218,83.0
859,83.49381,83.0
860,83.089714,82.0
861,81.87207,82.0
862,81.97502,82.0
863,81.94201,83.0
864,82.908966,85.00000000000001
865,85.1063,87.0
866,86.85369,89.0
867,88.93296,91.0
868,90.88528,92.0
869,91.908585,94.0
870,93.87268,95.0
871,94.72724,96.0
872,95.47615,96.0
873,95.5339,96.0
874,95.38546,95.0
875,94.07117,93.0
876,92.386536,91.0
877,90.19984,89.0
878,87.77148,88.0
879,87.45561,87.0
880,86.392,86.0
881,85.66331,86.0
882,85.81542,84.0
883,83.929565,84.0
884,83.76765,83.0
885,82.752754,82.0
886,81.45438,81.0
887,80.43472,79.0
888,78.76808,79.0
889,78.96313,77.0
890,76.874245,74.99999999999999
891,74.82289,74.0
892,73.89339,74.99999999999999
893,74.95636,74.99999999999999
894,74.934296,74.99999999999999
895,74.94826,77.0
896,77.00967,77.0
897,76.9018,77.0
898,76.894684,79.0
899,78.910934,81.0
900,80.777596,83.0
901,82.767136,85.00000000000001
902,84.82244,86.0
903,85.95671,85.00000000000001
904,84.47666,85.00000000000001
905,84.25522,84.0
906,83.60001,84.0
907,83.50032,84.0
908,82.36514,84.0
909,83.17526,84.0
910,83.65893,84.0
911,83.84713,84.0
912,83.568535,83.0
913,82.05712,82.0
914,81.61519,81.0
915,80.67793,79.99999999999999
916,79.70188,78.0
917,77.76541,76.0
918,75.78819,74.99999999999999
919,74.8081,77.0
920,76.778,77.0
921,76.85221,74.99999999999999
922,74.81398,74.0
923,73.77218,73.0
924,72.80368,73.0
925,72.79419,73.0
926,72.973274,73.0
927,73.054726,74.0
928,74.10128,74.99999999999999
929,74.60856,76.0
930,76.22634,76.0
931,75.97183,77.0
932,77.07622,77.0
933,77.004295,77.0
934,76.92184,77.0
935,76.84691,76.0
936,75.96654,76.0
937,75.942924,76.0
938,75.87538,76.0
939,75.77657,76.0
940,75.64551,76.0
941,75.73483,76.0
942,75.70952,74.0
943,73.66892,70.0
944,69.710686,68.0
945,67.698685,67.0
946,66.68715,66.0
947,65.665535,65.0
948,64.65103,64.0
949,63.669846,63.0
950,62.784008,63.0
951,63.034557,63.0
952,63.039627,63.0
953,62.735657,62.0
954,61.437,62.0
955,61.619877,61.0
956,60.82019,61.0
957,60.681225,61.0
958,60.754696,61.0
959,60.725365,61.0
960,60.71886,61.0
961,60.71509,62.0
962,61.723118,61.0
963,60.698334,61.0
964,60.75428,61.0
965,60.72241,61.0
966,60.749077,60.0
967,59.699768,59.0
968,58.71351,58.0
969,57.69676,58.0
970,57.686626,57.0
971,56.68518,57.0
972,56.681004,56.00000000000001
973,55.659184,55.0
974,54.64737,53.0
975,52.638714,53.0
976,52.856934,53.0
977,53.044277,54.0
978,54.131786,54.0
979,54.14543,54.0
980,54.28546,55.0
981,55.246864,56.00000000000001
982,55.969494,56.00000000000001
983,55.866875,56.00000000000001
984,55.676624,56.00000000000001
985,55.736336,55.0
986,54.724453,56.00000000000001
987,55.74409,55.0
988,54.70853,55.0
989,54.706615,55.0
990,54.723087,55.0
991,54.748478,55.0
992,54.722286,56.00000000000001
993,55.710785,56.00000000000001
994,55.6857,56.00000000000001
995,55.683556,56.00000000000001
996,55.65128,57.0
997,56.618923,57.0
998,56.5226,57.0
999,56.573,57.0
1000,56.6986,56.00000000000001
1001,55.706535,55.0
1002,54.750484,55.0
1003,54.744576,54.0
1004,53.94498,54.0
1005,54.033035,53.0
1006,52.707638,53.0
1007,52.78064,52.0
1008,51.75035,52.0
1009,51.7138,52.0
1010,51.75357,52.0
1011,51.7189,53.0
1012,52.688126,53.0
1013,52.684326,54.0
1014,53.80339,55.0
1015,54.85911,56.00000000000001
1016,55.838696,56.00000000000001
1017,55.76313,57.0
1018,56.720997,57.0
1019,56.781727,58.0
1020,57.77347,59.0
1021,58.780327,60.0
1022,59.78166,60.0
1023,59.719013,60.0
1024,59.846714,60.0
1025,59.849056,60.0
1026,59.746853,60.0
1027,59.809216,60.0
1028,59.915794,60.0
1029,59.860847,60.0
1030,59.730537,60.0
1031,59.680267,61.0
1032,60.802143,61.0
1033,60.736767,61.0
1034,60.73275,61.0
1035,60.75583,61.0
1036,60.757008,61.0
1037,60.735367,61.0
1038,60.742134,59.0
1039,58.69046,58.0
1040,57.67899,57.0
1041,56.699455,57.0
1042,56.70219,56.00000000000001
1043,55.68289,55.0
1044,54.668797,54.0
1045,53.64054,55.0
1046,54.83251,55.0
1047,54.87991,55.0
1048,54.942497,55.0
1049,54.848576,55.0
1050,54.778404,55.0
1051,54.77862,54.0
1052,53.77484,54.0
1053,53.76182,54.0
1054,53.78492,54.0
1055,53.861935,54.0
1056,53.761616,53.0
1057,52.704693,53.0
1058,52.72987,52.0
1059,51.71132,52.0
1060,51.647106,53.0
1061,52.724163,53.0
1062,52.759575,54.0
1063,53.74851,55.0
1064,54.78107,55.0
1065,54.768288,55.0
1066,54.72938,56.00000000000001
1067,55.76607,57.0
1068,56.80653,58.0
1069,57.865692,59.0
1070,58.843864,58.0
1071,57.78183,58.0
1072,57.610237,58.0
1073,57.61918,58.0
1074,57.74631,58.0
1075,57.666203,58.0
1076,57.88812,59.0
1077,58.816,58.0
1078,57.678448,58.0
1079,57.729023,58.0
1080,57.713745,59.0
1081,58.727684,59.0
1082,58.719772,60.0
1083,59.660133,60.0
1084,59.675255,60.0
1085,59.763763,62.0
1086,61.857742,63.0
1087,62.770107,63.0
1088,62.818756,64.0
1089,63.754585,65.0
1090,64.720604,64.0
1091,63.62258,63.0
1092,62.539734,62.0
1093,61.582096,61.0
1094,60.59857,60.0
1095,59.66975,61.0
1096,60.849037,61.0
1097,60.84332,61.0
1098,60.943985,62.0
1099,61.903316,62.0
1100,61.872314,61.0
1101,60.831207,61.0
1102,60.762863,61.0
1103,60.737347,61.0
1104,60.768604,61.0
1105,60.73577,61.0
1106,60.66292,61.0
1107,60.65284,61.0
1108,60.636326,61.0
1109,60.67656,59.0
1110,58.672264,59.0
1111,58.73636,58.0
1112,57.65786,58.0
1113,57.6996,58.0
1114,57.66051,58.0
1115,57.705524,59.0
1116,58.618404,59.0
1117,58.644703,60.0
1118,59.735733,61.0
1119,60.851994,61.0
1120,60.823917,61.0
1121,60.408108,61.0
1122,60.697903,61.0
1123,60.931084,61.0
1124,60.75081,60.0
1125,59.66043,60.0
1126,59.704266,60.0
1127,59.75137,60.0
1128,59.75189,60.0
1129,59.723713,60.0
1130,59.6288,60.0
1131,59.634865,60.0
1132,59.63328,60.0
1133,59.629147,60.0
1134,59.544464,59.0
1135,58.651993,60.0
1136,59.716778,60.0
1137,59.6173,59.0
1138,58.542828,59.0
1139,58.410473,59.0
1140,58.59322,58.0
1141,57.442764,58.0
1142,57.54474,58.0
1143,57.86227,58.0
1144,57.843033,58.0
1145,57.755714,57.0
1146,56.81777,56.00000000000001
1147,55.72434,55.0
1148,54.767307,55.0
1149,54.890846,55.0
1150,54.647194,54.0
1151,53.666187,54.0
1152,53.80449,54.0
1153,53.727985,54.0
1154,53.72696,54.0
1155,53.8436,54.0
1156,53.77199,64.0
1157,63.652645,63.0
1158,62.74148,62.0
1159,61.78739,61.0
1160,60.7868,61.0
1161,60.83666,61.0
1162,60.836334,61.0
1163,60.811356,62.0
1164,61.842155,62.0
1165,61.81693,62.0
1166,61.874287,62.0
1167,61.904137,62.0
1168,61.70862,62.0
1169,61.98059,62.0
1170,62.024006,63.0
1171,63.11782,64.0
1172,64.04933,64.0
1173,63.918903,64.0
1174,63.8122,64.0
1175,63.800327,63.0
1176,62.731674,62.0
1177,61.80479,62.0
1178,61.79528,62.0
1179,61.77624,62.0
1180,61.760326,45.0
1181,44.93085,47.0
1182,46.803288,45.0
1183,44.67965,44.0
1184,43.692722,44.0
1185,43.809383,43.0
1186,42.74813,44.0
1187,43.74499,44.0
1188,43.699184,45.0
1189,44.717094,46.0
1190,45.801292,46.0
1191,45.895237,45.0
1192,44.914875,45.0
1193,44.80529,45.0
1194,44.869186,45.0
1195,44.91718,46.0
1196,45.921497,47.0
1197,47.061447,46.0
1198,45.610264,47.0
1199,46.83863,49.0
1200,49.037495,51.0
1201,50.840107,51.0
1202,50.813072,49.0
1203,48.696075,48.0
1204,47.650723,57.0
1205,56.70431,57.0
1206,56.73456,57.0
1207,56.695873,56.00000000000001
1208,55.703575,56.00000000000001
1209,55.704304,55.0
1210,54.664333,54.0
1211,53.574245,54.0
1212,53.624603,54.0
1213,53.67003,53.0
1214,52.711742,54.0
1215,53.749073,54.0
1216,53.738754,54.0
1217,53.789955,55.0
1218,54.75777,55.0
1219,54.519417,55.0
1220,54.46814,54.0
1221,53.542694,54.0
1222,53.60868,54.0
1223,53.663338,54.0
1224,53.610004,53.0
1225,52.578854,53.0
1226,52.60479,53.0
1227,52.77165,52.0
1228,51.61814,56.00000000000001
1229,55.813103,57.0
1230,56.800163,59.0
1231,58.8528,61.0
1232,60.876858,62.0
1233,61.804684,64.0
1234,63.768032,65.0
1235,64.81495,68.0
1236,67.90005,70.0
1237,69.86705,72.0
1238,71.942795,72.0
1239,71.764336,72.0
1240,71.778145,71.0
1241,70.71663,72.0
1242,71.7858,72.0
1243,71.80938,71.0
1244,70.784836,71.0
1245,70.38203,69.0
1246,68.4366,68.0
1247,67.662285,67.0
1248,66.671196,66.0
1249,65.74666,66.0
1250,65.757256,65.0
1251,64.7554,65.0
1252,64.78209,53.0
1253,52.69339,52.0
1254,51.67363,51.0
1255,50.666866,47.0
1256,46.76251,45.0
1257,44.797447,43.0
1258,42.787148,44.0
1259,43.74289,45.0
1260,44.716755,47.0
1261,46.715157,49.0
1262,48.702747,51.0
1263,50.706863,52.0
1264,51.86951,52.0
1265,51.793182,52.0
1266,51.790596,52.0
1267,51.78816,52.0
1268,51.639164,52.0
1269,51.63593,52.0
1270,51.752598,52.0
1271,51.70502,53.0
1272,52.730984,53.0
1273,52.721283,53.0
1274,52.762234,53.0
1275,52.74579,53.0
1276,52.73782,67.0
1277,66.78113,66.0
1278,65.80219,65.0
1279,64.79894,64.0
1280,63.79428,63.0
1281,62.78362,62.0
1282,61.779556,61.0
1283,60.777023,60.0
1284,59.752758,59.0
1285,58.68467,58.0
1286,57.597553,57.0
1287,56.668114,57.0
1288,56.753456,56.00000000000001
1289,56.01684,56.00000000000001
1290,56.03715,56.00000000000001
1291,56.05613,56.00000000000001
1292,56.138588,56.00000000000001
1293,56.036877,54.0
1294,53.76143,55.0
1295,54.813614,55.0
1296,54.791916,55.0
1297,54.75218,55.0
1298,54.772594,54.0
1299,53.77608,53.0
1300,52.80681,60.0
1301,59.85368,60.0
1302,59.772686,60.0
1303,59.706238,60.0
1304,59.72809,59.0
1305,58.713432,59.0
1306,58.68702,59.0
1307,58.643112,59.0
1308,58.697884,59.0
1309,58.74434,60.0
1310,59.809067,61.0
1311,60.988796,61.0
1312,61.015476,60.0
1313,59.715992,61.0
1314,61.003033,60.0
1315,59.92758,61.0
1316,61.176502,61.0
1317,61.171574,62.0
1318,61.985172,62.0
1319,61.99868,62.0
1320,62.135822,63.0
1321,63.171337,64.0
1322,64.00517,64.0
1323,64.00986,64.0
1324,63.969765,113.0
1325,112.50026,121.0
1326,120.72541,133.0
1327,133.21683,133.0
1328,133.05856,141.0
1329,141.80527,151.0
1330,150.32634,152.0
1331,151.20657,152.0
1332,149.35252,152.0
1333,150.91992,152.0
1334,148.03046,152.0
1335,147.51263,152.0
1336,148.1403,152.0
1337,148.2297,149.0
1338,144.45433,151.0
1339,147.95544,146.0
1340,141.9809,119.0
1341,113.89729,105.0
1342,103.32954,100.0
1343,99.70272,99.0
1344,98.987015,98.0
1345,97.83109,96.0
1346,95.38039,93.0
1347,92.09649,91.0
1348,89.85265,73.0
1349,72.910034,74.0
1350,73.90465,74.99999999999999
1351,74.81942,74.99999999999999
1352,74.79169,76.0
1353,75.764015,76.0
1354,75.76583,76.0
1355,75.748375,76.0
1356,75.78474,77.0
1357,76.83179,78.0
1358,77.86026,79.0
1359,79.01446,81.0
1360,81.16489,81.0
1361,80.81604,83.0
1362,83.32562,85.00000000000001
1363,85.360214,85.00000000000001
1364,85.263794,86.0
1365,86.31288,87.0
1366,87.291084,88.0
1367,88.19751,89.0
1368,89.19775,89.0
1369,89.11689,88.0
1370,88.02445,88.0
1371,87.92864,88.0
1372,87.77121,68.0
1373,67.79176,67.0
1374,66.77179,65.0
1375,64.718094,64.0
1376,63.72605,63.0
1377,62.736404,61.0
1378,60.67144,60.0
1379,59.732925,59.0
1380,58.76906,58.0
1381,57.720356,57.0
1382,56.69891,56.00000000000001
1383,55.655663,56.00000000000001
1384,55.654213,55.0
1385,54.591496,54.0
1386,53.58419,54.0
1387,53.569805,52.0
1388,51.424088,52.0
1389,51.51739,52.0
1390,51.685184,52.0
1391,51.707306,52.0
1392,51.72151,51.0
1393,50.721565,49.0
1394,48.718002,47.0
1395,46.74223,48.0
1396,47.75839,56.00000000000001
1397,55.8151,55.0
1398,54.81589,54.0
1399,53.816875,54.0
1400,53.885075,54.0
1401,53.891563,54.0
1402,53.98134,55.0
1403,54.964222,56.00000000000001
1404,55.81805,57.0
1405,56.748756,58.0
1406,57.82179,58.0
1407,57.665424,58.0
1408,57.678036,58.0
1409,57.702053,59.0
1410,58.72291,60.0
1411,59.734383,60.0
1412,59.767895,60.0
1413,59.83228,60.0
1414,59.829712,61.0
1415,60.898613,62.0
1416,61.907467,62.0
1417,61.852192,62.0
1418,61.838924,64.0
1419,63.928505,65.0
1420,64.86034,63.0
1421,62.754913,62.0
1422,61.730625,62.0
1423,61.71325,62.0
1424,61.731297,63.0
1425,62.723892,62.0
1426,61.65683,62.0
1427,61.71958,62.0
1428,61.68856,62.0
1429,61.68601,62.0
1430,61.85104,61.0
1431,60.883694,61.0
1432,61.001293,61.0
1433,60.94661,61.0
1434,60.889286,60.0
1435,60.071537,60.0
1436,60.16778,60.0
1437,60.141388,59.0
1438,58.971752,60.0
1439,59.92112,59.0
1440,58.837254,59.0
1441,58.860054,60.0
1442,59.852295,61.0
1443,60.85438,61.0
1444,60.789494,63.0
1445,62.796486,63.0
1446,62.765385,64.0
1447,63.734062,64.0
1448,63.75829,65.0
1449,64.726654,65.0
1450,64.73857,66.0
1451,65.69656,66.0
1452,65.70828,66.0
1453,65.74918,66.0
1454,65.847275,67.0
1455,67.03032,67.0
1456,66.67095,67.0
1457,66.66512,67.0
1458,66.61381,67.0
1459,66.50521,66.0
1460,65.81878,66.0
1461,65.77603,65.0
1462,64.72008,64.0
1463,63.770344,64.0
1464,63.78829,64.0
1465,63.773277,64.0
1466,63.756798,64.0
1467,63.77539,64.0
1468,63.764378,64.0
1469,63.71631,64.0
1470,63.715954,64.0
1471,63.668213,64.0
1472,63.65475,63.0
1473,62.606186,63.0
1474,62.670803,62.0
1475,61.70074,62.0
1476,61.708454,62.0
1477,61.7477,62.0
1478,61.873318,62.0
1479,61.917294,62.0
1480,62.059937,62.0
1481,61.835754,62.0
1482,61.928272,61.0
1483,60.86506,61.0
1484,60.773186,61.0
1485,60.87752,61.0
1486,60.962814,62.0
1487,62.027958,62.0
1488,61.983997,63.0
1489,62.943092,63.0
1490,62.910828,64.0
1491,63.812298,65.0
1492,64.87708,68.0
1493,67.933334,69.0
1494,68.89534,70.0
1495,69.82633,71.0
1496,70.817375,72.0
1497,71.81552,73.0
1498,72.78905,74.0
1499,73.79413,74.99999999999999
1500,74.73753,74.99999999999999
1501,74.757866,74.99999999999999
1502,74.71767,76.0
1503,75.89945,76.0
1504,76.04872,76.0
1505,75.538185,76.0
1506,75.60234,76.0
1507,75.90778,77.0
1508,76.20729,77.0
1509,76.0835,76.0
1510,75.895195,76.0
1511,75.31333,76.0
1512,75.62557,74.99999999999999
1513,74.40454,74.99999999999999
1514,74.69501,74.0
1515,73.4538,71.0
1516,70.431915,69.0
1517,68.681015,68.0
1518,67.702965,67.0
1519,66.6811,66.0
1520,65.74337,66.0
1521,65.73004,67.0
1522,66.94461,68.0
1523,68.08133,69.0
1524,69.08045,69.0
1525,68.72954,68.0
1526,67.62813,67.0
1527,66.6989,66.0
1528,65.78311,66.0
1529,65.92504,66.0
1530,66.03903,66.0
1531,66.09207,66.0
1532,66.039825,67.0
1533,66.938866,67.0
1534,66.94292,67.0
1535,66.97228,67.0
1536,66.88994,68.0
1537,67.90843,67.0
1538,66.74411,68.0
1539,67.79865,68.0
1540,67.69305,67.0
1541,66.7965,68.0
1542,67.881256,68.0
1543,67.81331,67.0
1544,66.793,65.0
1545,64.77342,63.0
1546,62.721107,60.0
1547,59.74621,57.0
1548,56.77152,56.00000000000001
1549,55.716732,57.0
1550,56.74548,57.0
1551,56.805428,58.0
1552,57.96173,58.0
1553,57.716347,58.0
1554,57.87381,58.0
1555,57.739925,57.0
1556,56.607758,56.00000000000001
1557,55.64176,56.00000000000001
1558,55.57525,55.0
1559,54.546753,54.0
1560,53.573246,54.0
1561,53.59736,53.0
1562,52.634617,52.0
1563,51.656532,52.0
1564,51.608685,52.0
1565,51.68797,48.0
1566,47.64004,47.0
1567,46.75709,48.0
1568,47.737812,51.0
1569,50.79502,52.0
1570,51.75509,52.0
1571,51.79294,53.0
1572,52.781075,54.0
1573,53.832043,54.0
1574,53.809753,54.0
1575,53.779182,53.0
1576,52.78042,53.0
1577,52.628,52.0
1578,51.51275,51.0
1579,50.498848,50.0
1580,49.471268,50.0
1581,49.664783,51.0
1582,50.627563,52.0
1583,51.563583,52.0
1584,51.494114,52.0
1585,51.567997,52.0
1586,51.58575,52.0
1587,51.534203,52.0
1588,51.44889,52.0
1589,51.47587,52.0
1590,51.321014,51.0
1591,50.342476,51.0
1592,50.442387,50.0
1593,49.458565,51.0
1594,50.576057,52.0
1595,51.71714,52.0
1596,51.75444,52.0
1597,51.667625,53.0
1598,52.848923,54.0
1599,53.936607,54.0
1600,53.730686,54.0
1601,53.71495,54.0
1602,53.7228,54.0
1603,53.647675,54.0
1604,53.74089,54.0
1605,53.769657,54.0
1606,53.734516,54.0
1607,53.841385,54.0
1608,53.720757,54.0
1609,53.657833,54.0
1610,53.654327,54.0
1611,53.665825,54.0
1612,53.628517,54.0
1613,53.691536,55.0
1614,54.669144,55.0
1615,54.717064,57.0
1616,56.931038,58.0
1617,57.91183,57.0
1618,56.76208,56.00000000000001
1619,55.748074,55.0
1620,54.69952,54.0
1621,53.63709,52.0
1622,51.613747,51.0
1623,50.579773,49.0
1624,48.505768,48.0
1625,47.49403,48.0
1626,47.53926,49.0
1627,48.564445,50.0
1628,49.664276,48.0
1629,47.50861,47.0
1630,46.50163,45.0
1631,44.50807,44.0
1632,43.553616,44.0
1633,43.634735,44.0
1634,43.645313,46.0
1635,45.786015,48.0
1636,47.71823,47.0
1637,46.680714,46.0
1638,45.714832,45.0
1639,44.69696,42.0
1640,41.789703,39.99999999999999
1641,39.81031,39.99999999999999
1642,39.69331,41.0
1643,40.679928,43.0
1644,42.678192,47.0
1645,46.76656,51.0
1646,50.960743,53.0
1647,53.14071,54.0
1648,54.09688,55.0
1649,54.807674,55.0
1650,54.732872,55.0
1651,54.753506,55.0
1652,54.60131,56.00000000000001
1653,55.704536,56.00000000000001
1654,55.506096,56.00000000000001
1655,55.741142,56.00000000000001
1656,55.680874,56.00000000000001
1657,55.60234,57.0
1658,56.641808,56.00000000000001
1659,55.673344,57.0
1660,56.89216,58.0
1661,57.977257,59.0
1662,58.97084,61.0
1663,60.960587,61.0
1664,60.810223,61.0
1665,60.78328,62.0
1666,61.82168,63.0
1667,62.82966,64.0
1668,63.83776,65.0
1669,64.88574,65.0
1670,64.939125,64.0
1671,63.840454,64.0
1672,63.679127,64.0
1673,63.737106,64.0
1674,63.837063,63.0
1675,62.56426,64.0
1676,63.670544,63.0
1677,62.61375,64.0
1678,63.680767,63.0
1679,62.62801,63.0
1680,62.705673,63.0
1681,62.63763,63.0
1682,62.695717,63.0
1683,62.691616,63.0
1684,62.72115,62.0
1685,61.81534,62.0
1686,61.794544,61.0
1687,60.79865,61.0
1688,60.901134,62.0
1689,61.924343,63.0
1690,62.919685,63.0
1691,62.90346,63.0
1692,62.86155,63.0
1693,62.834564,63.0
1694,63.103497,63.0
1695,62.967117,63.0
1696,62.736786,63.0
1697,62.74839,63.0
1698,62.958366,64.0
1699,63.771645,64.0
1700,63.96902,65.0
1701,64.997314,65.0
1702,65.04929,66.0
1703,65.86083,66.0
1704,65.77677,66.0
1705,65.8337,67.0
1706,66.86675,67.0
1707,66.84643,67.0
1708,66.786476,67.0
1709,66.832825,67.0
1710,66.77336,67.0
1711,67.01326,68.0
1712,67.96942,67.0
1713,66.81816,66.0
1714,65.78268,65.0
1715,64.82219,64.0
1716,63.765057,63.0
1717,62.804977,61.0
1718,60.742466,60.0
1719,59.746853,60.0
1720,59.783546,60.0
1721,59.863266,60.0
1722,59.810898,60.0
1723,59.83648,60.0
1724,59.873184,59.0
1725,58.82655,59.0
1726,58.845703,58.0
1727,57.849297,58.0
1728,57.80623,60.0
1729,60.055157,60.0
1730,59.83973,60.0
1731,59.88369,60.0
1732,59.759464,61.0
1733,60.945286,62.0
1734,62.012547,63.0
1735,63.06112,64.0
1736,63.92143,64.0
1737,63.77631,65.0
1738,64.96407,67.0
1739,67.05022,69.0
1740,68.99873,70.0
1741,69.952705,72.0
1742,71.95555,73.0
1743,73.03046,74.0
1744,74.01657,74.0
1745,73.96803,74.99999999999999
1746,74.91821,76.0
1747,75.92576,76.0
1748,75.79362,76.0
1749,75.752045,77.0
1750,76.78166,77.0
1751,76.72863,78.0
1752,77.762024,76.0
1753,75.80793,76.0
1754,75.795044,76.0
1755,75.725426,77.0
1756,76.72561,77.0
1757,76.727264,77.0
1758,76.86909,76.0
1759,75.76547,74.99999999999999
1760,74.74149,76.0
1761,75.80006,76.0
1762,75.81191,74.99999999999999
1763,74.85963,76.0
1764,75.768394,76.0
1765,75.88696,77.0
1766,76.93143,78.0
1767,77.848976,77.0
1768,76.669044,76.0
1769,74.94662,76.0
1770,75.084206,74.99999999999999
1771,74.508194,74.99999999999999
1772,74.43157,74.0
1773,73.498,74.0
1774,73.86042,74.0
1775,73.53708,73.0
1776,72.28882,73.0
1777,72.69393,72.0
1778,71.70512,72.0
1779,71.72034,71.0
1780,70.762146,71.0
1781,70.75276,69.0
1782,68.7272,68.0
1783,67.687164,67.0
1784,66.72668,66.0
1785,65.71595,66.0
1786,65.75874,65.0
1787,64.82338,64.0
1788,63.84018,66.0
1789,66.06861,66.0
1790,66.20284,65.0
1791,64.654564,64.0
1792,63.69273,64.0
1793,63.627155,64.0
1794,63.668205,64.0
1795,63.64761,64.0
1796,63.587727,64.0
1797,63.679607,64.0
1798,63.735348,64.0
1799,63.610176,64.0
1800,63.61455,64.0
1801,63.67649,65.0
1802,64.79858,65.0
1803,64.747086,65.0
1804,64.70037,64.0
1805,63.71645,64.0
1806,63.677254,64.0
1807,63.683914,63.0
1808,62.69894,63.0
1809,62.681324,62.0
1810,61.7102,61.0
1811,60.735184,60.0
1812,59.74961,56.00000000000001
1813,55.694324,53.0
1814,52.826443,53.0
1815,52.77929,53.0
1816,52.868675,54.0
1817,54.014023,55.0
1818,55.14988,55.0
1819,54.998486,56.00000000000001
1820,55.89507,55.0
1821,54.830475,55.0
1822,54.845238,55.0
1823,55.045532,56.00000000000001
1824,56.01203,56.00000000000001
1825,56.395847,56.00000000000001
1826,55.980255,57.0
1827,56.88973,57.0
1828,56.83186,58.0
1829,57.79855,58.0
1830,57.757282,59.0
1831,58.85321,61.0
1832,61.09294,66.0
1833,65.93924,68.0
1834,67.95275,68.0
1835,67.89224,69.0
1836,68.85602,70.0
1837,69.8297,71.0
1838,71.05931,72.0
1839,72.03273,72.0
1840,71.916985,72.0
1841,71.83067,71.0
1842,70.93188,71.0
1843,70.99741,71.0
1844,71.08792,71.0
1845,70.98505,71.0
1846,71.12675,71.0
1847,71.22117,70.0
1848,70.00731,70.0
1849,69.800964,70.0
1850,69.7833,70.0
1851,69.652985,70.0
1852,69.659134,70.0
1853,69.85921,71.0
1854,70.88423,73.0
1855,72.922005,73.0
1856,73.1677,67.0
1857,66.700905,65.0
1858,64.67735,64.0
1859,63.84051,62.0
1860,61.817642,61.0
1861,60.76545,60.0
1862,59.716663,59.0
1863,58.718704,59.0
1864,58.849773,59.0
1865,58.89379,59.0
1866,58.824852,59.0
1867,59.085762,60.0
1868,59.944542,60.0
1869,59.95721,61.0
1870,60.97295,60.0
1871,59.825554,61.0
1872,60.744743,61.0
1873,60.82285,61.0
1874,60.873734,61.0
1875,60.841656,62.0
1876,61.844677,55.0
1877,54.718872,55.0
1878,54.757023,56.00000000000001
1879,55.72907,56.00000000000001
1880,55.691715,56.00000000000001
1881,55.66831,56.00000000000001
1882,55.64892,58.0
1883,57.743546,58.0
1884,57.674953,59.0
1885,58.63234,60.0
1886,59.75166,60.0
1887,59.696777,60.0
1888,59.84842,60.0
1889,59.712585,60.0
1890,59.788403,60.0
1891,59.889942,60.0
1892,59.946968,60.0
1893,59.757153,60.0
1894,59.717323,61.0
1895,60.77279,60.0
1896,59.60286,60.0
1897,59.614407,60.0
1898,59.675354,59.0
1899,58.56026,59.0
1900,58.600933,62.0
1901,61.717823,62.0
1902,61.73475,64.0
1903,63.977695,64.0
1904,63.79911,62.0
1905,61.690937,62.0
1906,61.863476,62.0
1907,61.82674,60.0
1908,59.70638,59.0
1909,58.737907,57.0
1910,56.74113,55.0
1911,54.757,55.0
1912,54.708595,54.0
1913,53.71983,54.0
1914,53.66989,53.0
1915,52.703926,52.0
1916,51.601406,51.0
1917,50.644817,50.0
1918,49.576603,48.0
1919,47.644413,48.0
1920,47.73256,49.0
1921,48.812275,49.0
1922,48.79444,51.0
1923,50.830303,51.0
1924,50.76411,46.0
1925,45.638893,45.0
1926,44.73517,45.0
1927,44.693016,46.0
1928,45.724403,47.0
1929,46.739616,49.0
1930,48.66182,49.0
1931,48.6947,51.0
1932,50.658936,50.0
1933,49.586052,48.0
1934,47.691986,49.0
1935,49.069252,50.0
1936,50.133858,50.0
1937,49.97337,51.0
1938,51.077248,51.0
1939,51.105984,52.0
1940,52.04237,52.0
1941,52.083836,53.0
1942,52.984154,54.0
1943,54.13158,61.0
1944,60.832848,61.0
1945,60.855076,54.0
1946,53.73271,55.0
1947,54.843285,55.0
1948,54.766953,53.0
1949,52.66504,53.0
1950,52.812916,54.0
1951,53.833084,54.0
1952,53.755333,54.0
1953,53.70641,54.0
1954,53.701416,55.0
1955,54.6782,55.0
1956,54.64622,56.00000000000001
1957,55.604748,57.0
1958,56.72867,57.0
1959,56.969845,58.0
1960,57.997334,57.0
1961,56.577847,57.0
1962,56.75755,57.0
1963,56.909855,58.0
1964,58.021515,59.0
1965,58.994553,59.0
1966,58.92412,59.0
1967,58.862083,59.0
1968,58.693966,59.0
1969,58.61663,60.0
1970,59.611034,59.0
1971,58.66611,60.0
1972,59.7416,65.0
1973,64.85081,65.0
1974,64.789696,64.0
1975,63.806797,65.0
1976,64.96096,65.0
1977,64.84217,65.0
1978,64.8453,65.0
1979,64.82892,64.0
1980,63.82805,63.0
1981,62.81851,63.0
1982,62.963215,64.0
1983,63.954834,63.0
1984,62.723354,63.0
1985,62.645054,63.0
1986,62.652607,63.0
1987,62.560123,62.0
1988,61.54369,62.0
1989,61.556034,62.0
1990,61.603275,62.0
1991,61.657204,62.0
1992,61.71015,62.0
1993,61.698544,62.0
1994,61.699,62.0
1995,61.74383,61.0
1996,60.73225,54.0
1997,53.776234,54.0
1998,53.765755,54.0
1999,53.70259,54.0
2000,53.709282,55.0
2001,54.73771,55.0
2002,54.719067,55.0
2003,54.73252,56.00000000000001
2004,55.753296,55.0
2005,54.615902,55.0
2006,54.632034,54.0
2007,53.591763,54.0
2008,53.577885,53.0
2009,52.686787,53.0
2010,52.87896,52.0
2011,51.668537,52.0
2012,51.92656,53.0
2013,52.951572,52.0
2014,51.81551,52.0
2015,51.893448,52.0
2016,52.076687,52.0
2017,51.95378,52.0
2018,51.930347,52.0
2019,51.822292,50.0
2020,49.629562,53.0
2021,52.76025,53.0
2022,52.771286,53.0
2023,52.72292,54.0
2024,53.73266,54.0
2025,53.71926,55.0
2026,54.67789,56.00000000000001
2027,55.69127,56.00000000000001
2028,55.664124,56.00000000000001
2029,55.624214,57.0
2030,56.645462,58.0
2031,57.834557,59.0
2032,58.84206,59.0
2033,59.017975,59.0
2034,58.943253,59.0
2035,58.98292,59.0
2036,58.938007,59.0
2037,59.122433,60.0
2038,59.91229,60.0
2039,59.861774,60.0
2040,59.810673,59.0
2041,58.75549,59.0
2042,58.776443,59.0
2043,58.765938,59.0
2044,58.770294,64.0
2045,63.8375,65.0
2046,64.88166,65.0
2047,64.82674,66.0
2048,65.85276,67.0
2049,66.810974,66.0
2050,65.73875,66.0
2051,65.59728,66.0
2052,65.756744,65.0
2053,64.6852,64.0
2054,63.66696,63.0
2055,62.632095,63.0
2056,62.773552,63.0
2057,62.955402,63.0
2058,62.991253,64.0
2059,64.00817,64.0
2060,64.07323,63.0
2061,62.97343,64.0
2062,64.058266,64.0
2063,64.16112,64.0
2064,63.972443,64.0
2065,63.933586,64.0
2066,63.926865,64.0
2067,63.872375,64.0
2068,63.84751,85.00000000000001
2069,83.38847,81.0
2070,80.09573,77.0
2071,76.16766,73.0
2072,72.40265,69.0
2073,68.3646,67.0
2074,66.47829,64.0
2075,63.725945,62.0
2076,61.739033,61.0
2077,60.70621,60.0
2078,59.674763,59.0
2079,58.663376,58.0
2080,57.65714,57.0
2081,56.671535,56.00000000000001
2082,55.754097,54.0
2083,53.837456,53.0
2084,52.791504,54.0
2085,53.7851,53.0
2086,52.835426,53.0
2087,52.883102,51.0
2088,51.067226,52.0
2089,52.05641,52.0
2090,52.02375,53.0
2091,53.009872,53.0
2092,52.84565,88.0
2093,87.708534,87.0
2094,86.714424,87.0
2095,86.73598,87.0
2096,86.74774,87.0
2097,86.74398,87.0
2098,86.7425,88.0
2099,87.71847,88.0
2100,87.728485,88.0
2101,87.71858,88.0
2102,87.70264,88.0
2103,87.97201,88.0
2104,88.204155,88.0
2105,88.15277,88.0
2106,88.33507,88.0
2107,87.88005,88.0
2108,87.527016,87.0
2109,86.574524,86.0
2110,85.9928,86.0
2111,86.09895,86.0
2112,86.04397,85.00000000000001
2113,84.757904,85.00000000000001
2114,84.72672,84.0
2115,83.66259,84.0
2116,83.565926,48.0
2117,47.717896,50.0
2118,49.717464,52.0
2119,51.729935,52.0
2120,51.76006,52.0
2121,51.749214,53.0
2122,52.72535,54.0
2123,53.718136,55.0
2124,54.718437,56.00000000000001
2125,55.709633,57.0
2126,56.66934,57.0
2127,56.703697,57.0
2128,56.644875,57.0
2129,56.64387,57.0
2130,56.65174,57.0
2131,56.59462,57.0
2132,56.715797,57.0
2133,56.793385,56.00000000000001
2134,55.554985,56.00000000000001
2135,55.725967,55.0
2136,54.698914,55.0
2137,54.719162,55.0
2138,54.73983,55.0
2139,54.640934,54.0
2140,53.680927,65.0
2141,64.84142,66.0
2142,65.86656,65.0
2143,64.72548,65.0
2144,64.74326,63.0
2145,62.83406,62.0
2146,61.717194,60.0
2147,59.740376,59.0
2148,58.65992,58.0
2149,57.646645,57.0
2150,56.673325,57.0
2151,56.707077,57.0
2152,56.76302,57.0
2153,56.78271,57.0
2154,56.871727,57.0
2155,56.876415,57.0
2156,56.887417,58.0
2157,57.928143,58.0
2158,57.909428,57.0
2159,56.81663,56.00000000000001
2160,55.76008,56.00000000000001
2161,55.74412,55.0
2162,54.722466,53.0
2163,52.700897,52.0
2164,51.72912,54.0
2165,53.7475,53.0
2166,52.766808,52.0
2167,51.767586,52.0
2168,51.79801,52.0
2169,51.76077,52.0
2170,51.77061,53.0
2171,52.780846,54.0
2172,53.752354,54.0
2173,53.769997,55.0
2174,54.717533,55.0
2175,54.70026,56.00000000000001
2176,55.924995,57.0
2177,57.10644,57.0
2178,57.015114,57.0
2179,57.14341,57.0
2180,57.087494,57.0
2181,56.995296,57.0
2182,57.060226,57.0
2183,56.655167,57.0
2184,56.856903,57.0
2185,56.77726,58.0
2186,57.76573,59.0
2187,58.79191,59.0
2188,58.79586,60.0
2189,59.851856,61.0
2190,60.858116,61.0
2191,60.84017,61.0
2192,60.809113,61.0
2193,60.645348,61.0
2194,60.710197,60.0
2195,59.748875,60.0
2196,59.799595,59.0
2197,58.785175,58.0
2198,57.708153,58.0
2199,57.67802,58.0
2200,57.697586,57.0
2201,56.705082,56.00000000000001
2202,55.969364,56.00000000000001
2203,55.89104,56.00000000000001
2204,56.081135,57.0
2205,57.15496,57.0
2206,57.03529,57.0
2207,57.055748,57.0
2208,57.175125,57.0
2209,56.932335,57.0
2210,56.77081,56.00000000000001
2211,55.720833,56.00000000000001
2212,55.660324,55.0
2213,54.639507,55.0
2214,54.63463,55.0
2215,54.586544,55.0
2216,54.638504,56.00000000000001
2217,55.78186,58.0
2218,57.845055,60.0
2219,59.874664,61.0
2220,60.829735,62.0
2221,61.836235,64.0
2222,63.84891,64.0
2223,63.754124,64.0
2224,63.85215,64.0
2225,63.79332,64.0
2226,63.694675,64.0
2227,64.09689,65.0
2228,65.15822,65.0
2229,65.13312,64.0
2230,64.019394,65.0
2231,65.18728,65.0
2232,65.0587,65.0
2233,64.7905,65.0
2234,64.8392,66.0
2235,65.77343,66.0
2236,65.71814,66.0
2237,65.722145,66.0
2238,65.720825,67.0
2239,66.684296,67.0
2240,66.75032,67.0
2241,66.73963,67.0
2242,66.79529,67.0
2243,66.77008,67.0
2244,66.758865,66.0
2245,65.72325,66.0
2246,65.801636,66.0
2247,65.86664,67.0
2248,66.96931,67.0
2249,67.13594,67.0
2250,67.18372,67.0
2251,67.21182,68.0
2252,68.22325,68.0
2253,68.05045,68.0
2254,68.0258,68.0
2255,67.9666,67.0
2256,66.92833,68.0
2257,67.82382,67.0
2258,66.85549,67.0
2259,66.700035,67.0
2260,66.64442,67.0
2261,66.62035,66.0
2262,65.67916,66.0
2263,65.67058,66.0
2264,65.72455,66.0
2265,65.69385,65.0
2266,64.65539,65.0
2267,64.698975,65.0
2268,64.71544,65.0
2269,64.74758,66.0
2270,65.82346,66.0
2271,65.861725,65.0
2272,64.939445,65.0
2273,64.83637,65.0
2274,64.839226,65.0
2275,65.00549,64.0
2276,63.950203,63.0
2277,62.94087,63.0
2278,62.979866,62.0
2279,61.953964,62.0
2280,61.93175,62.0
2281,62.10283,62.0
2282,61.921345,63.0
2283,62.78879,62.0
2284,61.702362,63.0
2285,62.7653,63.0
2286,62.800446,64.0
2287,63.908722,65.0
2288,64.9087,64.0
2289,63.810783,64.0
2290,63.75587,64.0
2291,63.77103,64.0
2292,63.769283,63.0
2293,62.76434,63.0
2294,62.779087,64.0
2295,63.92356,65.0
2296,65.102196,65.0
2297,65.06068,66.0
2298,66.071945,66.0
2299,66.13039,67.0
2300,67.15759,68.0
2301,68.02907,68.0
2302,67.95896,69.0
2303,68.89174,69.0
2304,68.77892,68.0
2305,67.6997,68.0
2306,67.840324,69.0
2307,68.92339,69.0
2308,68.8499,70.0
2309,69.86484,71.0
2310,70.90169,71.0
2311,70.93918,72.0
2312,71.988945,74.0
2313,73.948975,74.99999999999999
2314,74.88957,76.0
2315,75.85929,77.0
2316,76.8911,79.0
2317,78.88246,79.99999999999999
2318,79.90845,79.99999999999999
2319,79.91304,79.99999999999999
2320,80.07895,79.0
2321,78.803,79.0
2322,79.05226,79.0
2323,79.26031,79.0
2324,79.26743,79.0
2325,79.25818,90.0
2326,89.90477,106.0
2327,105.42557,114.0
2328,112.90276,111.0
2329,110.437126,97.0
2330,95.88016,81.0
2331,80.90984,81.0
2332,80.87534,81.0
2333,80.886284,81.0
2334,80.80405,79.99999999999999
2335,79.707214,79.0
2336,78.70375,79.99999999999999
2337,79.86928,79.0
2338,78.76977,79.0
2339,78.81884,79.99999999999999
2340,79.787544,79.99999999999999
2341,79.80495,79.0
2342,78.83871,79.0
2343,78.82815,78.0
2344,77.51923,79.0
2345,79.04319,78.0
2346,78.01265,78.0
2347,78.024506,78.0
2348,78.21902,78.0
2349,78.46042,79.0
2350,79.47676,79.99999999999999
2351,80.3456,79.99999999999999
2352,80.118,79.99999999999999
2353,80.07115,79.99999999999999
2354,79.91001,79.99999999999999
2355,79.98649,79.0
2356,78.89479,79.0
2357,78.85381,78.0
2358,77.84428,77.0
2359,76.78723,77.0
2360,76.88405,74.99999999999999
2361,74.81642,74.0
2362,73.7922,73.0
2363,72.79632,71.0
2364,70.84428,70.0
2365,69.89121,68.0
2366,67.62679,69.0
2367,69.02575,70.0
2368,70.20832,71.0
2369,71.26818,71.0
2370,71.09796,72.0
2371,72.008575,72.0
2372,72.25383,71.0
2373,71.03879,71.0
2374,70.9914,70.0
2375,69.82441,73.0
2376,73.551155,73.0
2377,72.79691,74.0
2378,73.90567,78.0
2379,77.86339,78.0
2380,77.67584,79.0
2381,78.760284,81.0
2382,81.02914,83.0
2383,82.82114,83.0
2384,82.84028,83.0
2385,82.75062,83.0
2386,82.68979,84.0
2387,83.61461,83.0
2388,82.613846,84.0
2389,84.022896,88.0
2390,88.11417,91.0
2391,91.52718,91.0
2392,90.875854,90.0
2393,88.123505,90.0
2394,88.534195,89.0
2395,88.652374,89.0
2396,87.85177,88.0
2397,87.234215,89.0
2398,89.08785,89.0
2399,88.948044,86.0
2400,85.94135,86.0
2401,85.875404,85.00000000000001
2402,85.0072,82.0
2403,81.874596,83.0
2404,83.03062,83.0
2405,82.81936,81.0
2406,80.73879,81.0
2407,80.60648,81.0
2408,80.86964,81.0
2409,80.4052,81.0
2410,80.36004,81.0
2411,80.67856,82.0
2412,81.69405,81.0
2413,80.699715,81.0
2414,80.97023,78.0
2415,78.09799,78.0
2416,77.84589,78.0
2417,77.64886,77.0
2418,75.64485,78.0
2419,78.045944,78.0
2420,77.724785,79.0
2421,79.01119,79.0
2422,78.9651,79.0
2423,78.68909,79.0
2424,78.848404,79.99999999999999
2425,79.773735,79.99999999999999
2426,79.65258,79.99999999999999
2427,79.60876,78.0
2428,77.55629,78.0
2429,77.54214,78.0
2430,77.650055,78.0
2431,77.56342,77.0
2432,76.521545,77.0
2433,76.41541,76.0
2434,75.341675,76.0
2435,75.31588,74.99999999999999
2436,74.3063,74.99999999999999
2437,74.25701,73.0
2438,72.41612,72.0
2439,71.75958,72.0
2440,71.77548,72.0
2441,71.82117,73.0
2442,73.070274,73.0
2443,72.89973,73.0
2444,72.854836,72.0
2445,71.791794,70.0
2446,69.76921,70.0
2447,69.75522,69.0
2448,68.78027,68.0
2449,67.79473,68.0
2450,67.79689,68.0
2451,67.69972,68.0
2452,67.75685,68.0
2453,67.710266,68.0
2454,67.73684,68.0
2455,67.72901,69.0
2456,68.81614,70.0
2457,69.833046,71.0
2458,70.84557,73.0
2459,72.8981,74.0
2460,73.84831,77.0
2461,76.98654,78.0
2462,77.78594,77.0
2463,76.80896,77.0
2464,76.71523,77.0
2465,76.13372,76.0
2466,75.32155,74.99999999999999
2467,74.13199,74.0
2468,73.40294,73.0
2469,71.89013,73.0
2470,72.015305,73.0
2471,72.360596,72.0
2472,71.47033,72.0
2473,71.59099,72.0
2474,71.64152,72.0
2475,71.7158,71.0
2476,70.70825,71.0
2477,70.61562,70.0
2478,69.62059,69.0
2479,68.67174,67.0
2480,66.69197,66.0
2481,65.67761,65.0
2482,64.7052,63.0
2483,62.75044,60.0
2484,59.818302,57.0
2485,56.775787,55.0
2486,54.76508,54.0
2487,53.74489,53.0
2488,52.830467,53.0
2489,52.909622,54.0
2490,53.963295,54.0
2491,53.835617,55.0
2492,54.999554,55.0
2493,55.128098,55.0
2494,55.056175,55.0
2495,54.662746,54.0
2496,53.728737,54.0
2497,53.779255,54.0
2498,53.774174,54.0
2499,53.850544,54.0
2500,53.810513,54.0
2501,53.830956,53.0
2502,52.80671,53.0
2503,52.802418,52.0
2504,51.812805,52.0
2505,51.761074,52.0
2506,51.791054,51.0
2507,50.796803,52.0
2508,51.776108,53.0
2509,52.77456,55.0
2510,55.003506,56.00000000000001
2511,55.842037,56.00000000000001
2512,55.64866,55.0
2513,54.66427,55.0
2514,54.730186,55.0
2515,54.701935,55.0
2516,54.97929,55.0
2517,54.651424,55.0
2518,54.67164,55.0
2519,54.867367,55.0
2520,54.808914,55.0
2521,54.73961,55.0
2522,54.699703,54.0
2523,53.707134,55.0
2524,55.075264,57.0
2525,57.089886,57.0
2526,56.759045,57.0
2527,56.748875,57.0
2528,56.732693,58.0
2529,57.731102,57.0
2530,56.741886,57.0
2531,56.78841,57.0
2532,56.776836,56.00000000000001
2533,55.715767,55.0
2534,54.72359,55.0
2535,54.88869,55.0
2536,54.639885,55.0
2537,54.581715,55.0
2538,54.70641,55.0
2539,54.761185,54.0
2540,53.722374,54.0
2541,53.807297,54.0
2542,53.595173,54.0
2543,53.637363,54.0
2544,53.587444,53.0
2545,52.589523,53.0
2546,52.664364,54.0
2547,53.797245,52.0
2548,51.672756,51.0
2549,50.756657,52.0
2550,51.994125,55.0
2551,55.154102,57.0
2552,57.15784,59.0
2553,59.01429,61.0
2554,61.008324,63.0
2555,62.85797,63.0
2556,62.8359,64.0
2557,63.814762,66.0
2558,65.991165,65.0
2559,64.73844,65.0
2560,64.74434,66.0
2561,65.75102,66.0
2562,65.68299,66.0
2563,65.70809,66.0
2564,65.69238,65.0
2565,64.60701,66.0
2566,65.63928,66.0
2567,65.73027,66.0
2568,65.70854,66.0
2569,65.69109,66.0
2570,65.71417,66.0
2571,65.689224,66.0
2572,65.69104,66.0
2573,65.70079,65.0
2574,64.70081,63.0
2575,62.763927,61.0
2576,60.78275,60.0
2577,59.78609,58.0
2578,57.7413,57.0
2579,56.74492,55.0
2580,54.823357,54.0
2581,53.691242,53.0
2582,52.817795,53.0
2583,52.65869,53.0
2584,52.813644,53.0
2585,52.874218,53.0
2586,52.94392,53.0
2587,52.819027,53.0
2588,52.723953,53.0
2589,52.564587,54.0
2590,53.883892,54.0
2591,53.831802,54.0
2592,53.796223,54.0
2593,53.7254,54.0
2594,53.757668,54.0
2595,53.744797,55.0
2596,54.70173,58.0
2597,57.560505,58.0
2598,57.592003,57.0
2599,56.561577,57.0
2600,56.572754,57.0
2601,56.556328,56.00000000000001
2602,55.57821,57.0
2603,56.901283,57.0
2604,56.68241,57.0
2605,56.717377,56.00000000000001
2606,55.58638,56.00000000000001
2607,55.742607,56.00000000000001
2608,55.797928,56.00000000000001
2609,55.448547,56.00000000000001
2610,55.666824,55.0
2611,54.356556,55.0
2612,54.579754,54.0
2613,53.400608,53.0
2614,52.37673,54.0
2615,53.886215,54.0
2616,53.54941,54.0
2617,53.6046,54.0
2618,53.700558,54.0
2619,53.749382,56.00000000000001
2620,55.766575,51.0
2621,50.72866,49.0
2622,48.74891,42.0
2623,41.825703,39.99999999999999
2624,39.78845,43.0
2625,42.751144,43.0
2626,42.78739,44.0
2627,43.905144,47.0
2628,46.776924,49.0
2629,48.657658,51.0
2630,50.66033,52.0
2631,51.835762,53.0
2632,52.89382,53.0
2633,52.90178,53.0
2634,52.957012,54.0
2635,53.95808,54.0
2636,53.996243,55.0
2637,54.93663,56.00000000000001
2638,55.640736,56.00000000000001
2639,55.571365,56.00000000000001
2640,55.633945,56.00000000000001
2641,55.659615,56.00000000000001
2642,55.73285,56.00000000000001
2643,55.679256,56.00000000000001
2644,55.681255,55.0
2645,54.78642,56.00000000000001
2646,55.785065,57.0
2647,56.783947,58.0
2648,57.79077,59.0
2649,58.809067,60.0
2650,59.70348,60.0
2651,59.734833,61.0
2652,60.675117,61.0
2653,60.73473,62.0
2654,61.71503,62.0
2655,61.738636,62.0
2656,62.023468,62.0
2657,62.074604,62.0
2658,62.187958,63.0
2659,62.93514,63.0
2660,63.23083,62.0
2661,62.13486,63.0
2662,63.217857,64.0
2663,64.22289,90.0
2664,90.09244,93.0
2665,93.06592,79.99999999999999
2666,79.99099,66.0
2667,65.98224,66.0
2668,65.88072,60.0
2669,59.80431,59.0
2670,58.785217,59.0
2671,58.823856,59.0
2672,58.82587,59.0
2673,58.738777,59.0
2674,58.74384,59.0
2675,58.746326,59.0
2676,58.74352,60.0
2677,59.76914,60.0
2678,59.812447,59.0
2679,58.688313,58.0
2680,57.80821,59.0
2681,58.838505,59.0
2682,58.830376,59.0
2683,58.8682,59.0
2684,58.923508,58.0
2685,57.73184,58.0
2686,57.739086,58.0
2687,57.749817,57.0
2688,56.722107,57.0
2689,56.70204,57.0
2690,56.682465,57.0
2691,56.69746,56.00000000000001
2692,55.61308,61.0
2693,60.716152,59.0
2694,58.66311,58.0
2695,57.702675,56.00000000000001
2696,55.574284,54.0
2697,53.63437,52.0
2698,51.62017,48.0
2699,47.61255,43.0
2700,42.6536,39.0
2701,38.635056,32.0
2702,31.608881,28.000000000000004
2703,27.854689,27.0
2704,26.959778,27.0
2705,26.914211,27.0
2706,27.067703,28.000000000000004
2707,28.035093,29.0
2708,28.719831,30.0
2709,30.019238,30.0
2710,30.125206,31.0
2711,30.717543,32.0
2712,31.889078,30.0
2713,30.210117,28.000000000000004
2714,28.354774,27.0
2715,27.210651,26.0
2716,25.889214,51.0
2717,50.97804,52.0
2718,51.971096,52.0
2719,51.831516,53.0
2720,52.84455,53.0
2721,52.836895,54.0
2722,53.823788,55.0
2723,55.061012,55.0
2724,54.731735,56.00000000000001
2725,55.69162,56.00000000000001
2726,55.665035,57.0
2727,56.776917,57.0
2728,56.865223,58.0
2729,57.981773,59.0
2730,59.048065,60.0
2731,60.196556,61.0
2732,61.293877,61.0
2733,61.157032,62.0
2734,62.051903,62.0
2735,61.912197,62.0
2736,61.745636,63.0
2737,62.733505,63.0
2738,62.798855,65.0
2739,64.96287,66.0
2740,65.767784,59.0
2741,58.81301,60.0
2742,59.740765,60.0
2743,59.73006,61.0
2744,60.732258,61.0
2745,60.708904,62.0
2746,61.687267,62.0
2747,61.671345,62.0
2748,61.680458,63.0
2749,62.636612,63.0
2750,62.59015,62.0
2751,61.75398,63.0
2752,62.846737,63.0
2753,62.972645,63.0
2754,62.99068,62.0
2755,62.052498,62.0
2756,61.98503,62.0
2757,61.8766,61.0
2758,60.804573,61.0
2759,60.721954,61.0
2760,60.66858,61.0
2761,60.661747,61.0
2762,60.680668,61.0
2763,60.62593,61.0
2764,60.653152,64.0
2765,63.900627,64.0
2766,63.787437,65.0
2767,64.83267,65.0
2768,64.80589,65.0
2769,64.805435,67.0
2770,66.816025,68.0
2771,67.823296,69.0
2772,68.786316,71.0
2773,70.782364,73.0
2774,72.845856,74.0
2775,73.80893,74.99999999999999
2776,74.9171,74.99999999999999
2777,74.78835,74.99999999999999
2778,75.02925,76.0
2779,76.20486,77.0
2780,77.10542,77.0
2781,77.1267,77.0
2782,76.98578,77.0
2783,76.70315,77.0
2784,77.0353,77.0
2785,76.44031,78.0
2786,77.52534,79.0
2787,79.00082,79.99999999999999
2788,80.149086,54.0
2789,53.82289,55.0
2790,54.783913,56.00000000000001
2791,55.803883,57.0
2792,56.750103,58.0
2793,57.749653,58.0
2794,57.703445,59.0
2795,58.738514,59.0
2796,58.703598,60.0
2797,59.745815,62.0
2798,61.849598,64.0
2799,63.900726,65.0
2800,64.96287,66.0
2801,65.752914,66.0
2802,65.76151,68.0
2803,68.17398,69.0
2804,69.31807,72.0
2805,72.50663,72.0
2806,72.242645,74.99999999999999
2807,75.49074,76.0
2808,76.21129,78.0
2809,78.31046,79.0
2810,79.0804,79.99999999999999
2811,79.915436,81.0
2812,80.97966,84.0
2813,83.617455,83.0
2814,82.66975,82.0
2815,81.59772,82.0
2816,81.53378,81.0
2817,80.44684,81.0
2818,80.44554,79.99999999999999
2819,79.483185,79.0
2820,78.595,78.0
2821,77.619545,79.0
2822,78.83643,79.0
2823,78.89511,79.99999999999999
2824,79.91655,81.0
2825,81.11976,81.0
2826,81.340294,82.0
2827,82.610855,83.0
2828,83.61308,84.0
2829,84.43042,85.00000000000001
2830,85.600365,86.0
2831,86.3246,86.0
2832,86.30661,86.0
2833,86.056046,86.0
2834,86.03173,87.0
2835,86.92826,88.0
2836,87.89524,54.0
2837,53.620136,53.0
2838,52.649147,53.0
2839,52.654827,53.0
2840,52.65861,52.0
2841,51.645527,52.0
2842,51.6479,52.0
2843,51.661312,52.0
2844,51.66496,51.0
2845,50.63786,51.0
2846,50.6656,51.0
2847,50.67281,51.0
2848,50.618984,51.0
2849,50.627193,51.0
2850,50.575226,52.0
2851,51.603832,51.0
2852,50.572388,51.0
2853,50.681873,52.0
2854,51.86151,52.0
2855,51.778088,52.0
2856,51.687595,52.0
2857,51.71272,52.0
2858,51.804913,52.0
2859,51.737434,52.0
2860,51.7028,52.0
2861,51.695675,48.0
2862,47.719463,49.0
2863,48.741806,50.0
2864,49.740894,51.0
2865,50.770473,52.0
2866,51.706917,52.0
2867,51.727314,52.0
2868,51.682243,52.0
2869,51.61825,53.0
2870,52.693226,53.0
2871,52.674442,54.0
2872,53.785477,54.0
2873,53.747246,54.0
2874,53.737595,54.0
2875,53.80786,54.0
2876,53.733433,53.0
2877,52.65856,53.0
2878,52.818718,53.0
2879,52.793465,53.0
2880,52.77083,53.0
2881,52.742123,53.0
2882,52.752895,53.0
2883,52.68729,53.0
2884,52.765194,58.0
2885,57.72356,58.0
2886,57.68081,59.0
2887,58.65167,59.0
2888,58.755222,58.0
2889,57.795483,58.0
2890,57.76581,59.0
2891,58.80307,60.0
2892,59.79358,62.0
2893,61.91969,62.0
2894,61.73414,61.0
2895,60.65632,61.0
2896,60.896793,61.0
2897,60.85472,62.0
2898,62.002125,62.0
2899,61.839756,62.0
2900,61.832954,62.0
2901,61.769165,62.0
2902,61.797386,62.0
2903,61.795853,65.0
2904,65.2507,65.0
2905,64.83317,66.0
2906,65.94102,67.0
2907,66.8397,67.0
2908,66.67117,67.0
2909,66.71208,67.0
2910,66.734116,67.0
2911,66.74458,67.0
2912,66.75661,68.0
2913,67.792534,68.0
2914,67.75975,67.0
2915,66.7329,66.0
2916,65.72729,65.0
2917,64.696396,65.0
2918,64.66807,65.0
2919,64.6991,65.0
2920,64.74387,65.0
2921,64.8533,65.0
2922,64.6579,64.0
2923,63.477474,64.0
2924,63.498726,64.0
2925,62.884624,63.0
2926,62.11983,62.0
2927,61.15942,59.0
2928,58.650375,58.0
2929,57.755077,56.00000000000001
2930,55.844257,56.00000000000001
2931,55.80415,55.0
2932,54.711754,54.0
2933,53.73959,54.0
2934,53.66704,54.0
2935,53.689846,54.0
2936,53.670696,53.0
2937,52.666775,53.0
2938,52.65377,53.0
2939,52.697796,53.0
2940,52.683758,54.0
2941,53.73543,55.0
2942,54.835587,56.00000000000001
2943,55.842335,56.00000000000001
2944,55.953827,57.0
2945,57.0582,56.00000000000001
2946,55.54511,56.00000000000001
2947,55.724255,56.00000000000001
2948,55.82806,57.0
2949,56.81823,57.0
2950,56.75141,57.0
2951,56.836525,57.0
2952,56.805378,57.0
2953,56.670033,57.0
2954,56.65739,58.0
2955,57.739643,59.0
2956,58.72823,60.0
2957,59.81741,61.0
2958,60.83438,61.0
2959,60.78061,61.0
2960,60.702457,62.0
2961,61.682034,62.0
2962,61.743523,63.0
2963,62.76574,64.0
2964,63.87603,64.0
2965,63.863037,64.0
2966,63.82945,64.0
2967,63.964653,65.0
2968,64.88544,64.0
2969,63.881123,65.0
2970,64.88209,65.0
2971,64.97112,65.0
2972,64.91401,66.0
2973,65.95386,66.0
2974,65.881836,66.0
2975,65.79108,67.0
2976,66.705025,67.0
2977,66.55516,66.0
2978,65.35292,66.0
2979,65.63723,66.0
2980,65.75536,66.0
2981,65.77336,67.0
2982,66.82081,67.0
2983,66.78738,68.0
2984,67.81989,70.0
2985,69.82773,71.0
2986,70.874626,73.0
2987,72.93357,73.0
2988,72.84372,74.0
2989,73.83226,74.0
2990,73.72982,73.0
2991,72.698715,73.0
2992,72.81065,73.0
2993,73.04961,74.0
2994,73.941345,74.0
2995,73.92133,74.0
2996,73.93585,74.0
2997,73.7861,74.0
2998,73.75999,74.0
2999,73.747574,74.0
3000,73.19255,74.0
3001,73.50069,74.99999999999999
3002,74.492294,74.99999999999999
3003,74.59609,74.99999999999999
3004,74.50898,74.99999999999999
3005,74.620544,74.0
3006,73.6377,73.0
3007,72.64003,72.0
3008,71.73387,70.0
3009,69.40394,68.0
3010,67.138725,64.0
3011,63.572308,62.0
3012,61.6943,60.0
3013,59.652733,59.0
3014,58.59385,58.0
3015,57.582005,58.0
3016,57.631977,57.0
3017,56.79919,56.00000000000001
3018,55.66927,56.00000000000001
3019,55.779118,55.0
3020,54.84121,55.0
3021,54.811024,55.0
3022,54.920956,54.0
3023,54.016315,55.0
3024,54.935925,55.0
3025,55.03122,54.0
3026,53.81937,54.0
3027,53.846455,55.0
3028,54.949654,54.0
3029,53.917374,53.0
3030,52.91525,52.0
3031,51.933594,51.0
3032,50.90396,51.0
3033,50.885784,52.0
3034,51.872395,52.0
3035,51.880714,52.0
3036,51.82548,52.0
3037,51.78491,52.0
3038,51.713203,52.0
3039,51.71979,52.0
3040,51.707226,52.0
3041,51.69713,53.0
3042,52.83417,54.0
3043,53.98288,54.0
3044,53.887226,54.0
3045,53.60187,54.0
3046,53.627213,54.0
3047,53.80639,53.0
3048,52.838512,53.0
3049,52.907883,53.0
3050,52.947926,52.0
3051,51.931522,48.0
3052,47.910313,49.0
3053,48.889133,51.0
3054,50.835445,52.0
3055,51.90235,52.0
3056,51.846912,53.0
3057,52.80107,53.0
3058,52.822083,54.0
3059,53.81853,54.0
3060,53.845814,54.0
3061,53.870037,54.0
3062,53.733963,53.0
3063,52.762913,53.0
3064,52.776443,53.0
3065,52.757233,52.0
3066,51.75803,52.0
3067,51.812534,51.0
3068,50.816776,51.0
3069,50.883472,51.0
3070,50.896866,51.0
3071,50.857006,51.0
3072,50.90666,52.0
3073,51.91978,52.0
3074,51.888527,53.0
3075,52.90644,54.0
3076,53.865505,53.0
3077,52.84632,54.0
3078,53.847332,54.0
3079,53.86632,53.0
3080,52.84761,53.0
3081,52.822636,53.0
3082,52.805996,53.0
3083,52.801006,54.0
3084,53.72133,55.0
3085,54.749607,55.0
3086,54.804226,56.00000000000001
3087,55.814987,57.0
3088,56.841908,57.0
3089,56.928436,58.0
3090,58.02567,58.0
3091,58.039944,58.0
3092,58.02666,58.0
3093,57.477646,58.0
3094,57.88126,58.0
3095,57.93251,58.0
3096,58.084705,58.0
3097,57.9868,58.0
3098,57.83179,58.0
3099,57.752476,58.0
3100,57.74488,58.0
3101,57.719883,58.0
3102,57.732418,58.0
3103,57.69629,57.0
3104,56.686783,58.0
3105,57.75078,58.0
3106,57.728962,58.0
3107,57.702675,58.0
3108,57.677917,58.0
3109,57.732964,58.0
3110,57.770462,58.0
3111,57.86961,58.0
3112,57.821407,58.0
3113,57.796825,57.0
3114,56.78881,57.0
3115,56.78934,57.0
3116,56.794262,58.0
3117,57.78899,58.0
3118,57.839237,58.0
3119,57.91316,59.0
3120,58.88505,59.0
3121,58.84061,59.0
3122,58.82288,60.0
3123,59.770805,60.0
3124,59.720722,61.0
3125,60.731373,62.0
3126,61.720947,62.0
3127,61.66692,63.0
3128,62.6836,63.0
3129,62.650944,63.0
3130,62.628086,63.0
3131,62.599285,63.0
3132,62.772984,63.0
3133,62.731853,62.0
3134,61.734543,63.0
3135,62.848938,63.0
3136,62.752003,63.0
3137,62.737007,63.0
3138,62.803825,63.0
3139,62.647804,63.0
3140,62.76613,63.0
3141,62.802155,63.0
3142,62.97411,64.0
3143,63.980354,64.0
3144,64.009995,65.0
3145,64.97709,65.0
3146,64.90017,65.0
3147,64.81551,66.0
3148,65.74666,66.0
3149,65.772484,67.0
3150,66.73692,67.0
3151,66.708885,67.0
3152,66.71253,68.0
3153,67.70774,68.0
3154,67.69735,68.0
3155,67.63272,68.0
3156,67.64368,68.0
3157,67.594406,68.0
3158,67.724915,68.0
3159,67.79717,68.0
3160,67.818245,69.0
3161,68.74984,69.0
3162,68.60725,69.0
3163,68.70498,69.0
3164,68.58939,70.0
3165,69.62303,69.0
3166,68.943245,69.0
3167,68.800026,68.0
3168,67.913795,68.0
3169,67.956436,67.0
3170,66.75807,66.0
3171,65.69596,65.0
3172,64.67797,65.0
3173,64.67898,64.0
3174,63.7108,63.0
3175,62.787712,63.0
3176,62.76996,62.0
3177,61.711628,61.0
3178,60.719772,61.0
3179,60.747818,60.0
3180,59.76927,60.0
3181,59.67358,60.0
3182,59.74802,59.0
3183,58.844345,59.0
3184,58.870327,59.0
3185,59.022705,59.0
3186,59.14888,59.0
3187,59.12221,59.0
3188,59.00539,59.0
3189,59.016483,59.0
3190,58.971546,59.0
3191,58.981472,59.0
3192,58.871357,59.0
3193,58.81207,59.0
3194,58.79405,60.0
3195,59.914692,61.0
3196,60.829983,61.0
3197,60.809254,61.0
3198,60.82023,62.0
3199,61.80474,62.0
3200,61.80814,63.0
3201,62.824158,64.0
3202,63.797314,64.0
3203,63.760044,65.0
3204,64.78623,65.0
3205,64.7944,65.0
3206,64.7963,65.0
3207,64.82435,65.0
3208,64.865204,65.0
3209,64.79402,64.0
3210,64.07048,64.0
3211,63.90168,64.0
3212,63.916874,63.0
3213,62.972786,63.0
3214,62.999386,63.0
3215,63.10551,63.0
3216,62.966164,64.0
3217,63.89703,64.0
3218,63.77926,64.0
3219,63.784058,63.0
3220,62.786205,64.0
3221,63.827065,65.0
3222,64.93775,66.0
3223,66.00796,67.0
3224,66.97643,68.0
3225,67.92067,69.0
3226,68.84815,70.0
3227,69.81243,70.0
3228,69.69627,70.0
3229,69.70456,71.0
3230,70.816086,71.0
3231,70.836105,72.0
3232,71.72501,72.0
3233,71.948555,72.0
3234,71.62072,73.0
3235,72.7611,73.0
3236,72.93881,73.0
3237,73.116516,73.0
3238,73.092155,73.0
3239,72.96433,73.0
3240,72.83997,73.0
3241,72.7883,73.0
3242,72.56477,73.0
3243,72.79319,73.0
3244,72.760025,73.0
3245,72.75867,72.0
3246,71.77139,71.0
3247,70.7992,70.0
3248,69.794525,69.0
3249,68.83603,69.0
3250,68.85388,69.0
3251,68.84347,70.0
3252,69.81356,70.0
3253,69.798065,71.0
3254,70.83465,72.0
3255,71.88276,73.0
3256,72.94531,74.0
3257,74.05554,74.99999999999999
3258,74.89541,76.0
3259,76.13872,77.0
3260,77.12266,77.0
3261,77.05322,78.0
3262,78.18962,79.0
3263,79.0846,79.99999999999999
3264,80.03927,79.99999999999999
3265,80.01792,81.0
3266,80.76445,82.0
3267,81.770355,83.0
3268,82.71432,84.0
3269,83.735504,85.00000000000001
3270,84.76481,86.0
3271,85.80121,86.0
3272,85.7914,86.0
3273,85.78743,86.0
3274,85.81886,86.0
3275,85.78473,87.0
3276,86.68987,87.0
3277,86.71799,87.0
3278,86.47204,87.0
3279,86.90047,87.0
3280,86.585495,87.0
3281,86.80059,86.0
3282,84.03829,85.00000000000001
3283,83.21822,85.00000000000001
3284,84.06527,84.0
3285,83.00915,84.0
3286,83.324776,84.0
3287,83.58765,84.0
3288,83.85506,84.0
3289,83.94458,84.0
3290,83.93648,84.0
3291,83.883545,83.0
3292,82.83468,83.0
3293,82.80551,82.0
3294,81.79895,82.0
3295,81.84693,81.0
3296,80.910255,81.0
3297,80.86929,79.99999999999999
3298,79.85936,79.0
3299,78.858345,79.0
3300,78.821495,78.0
3301,77.92062,77.0
3302,76.94443,76.0
3303,75.93824,74.99999999999999
3304,75.07683,74.99999999999999
3305,75.003456,74.99999999999999
3306,74.84247,76.0
3307,75.871315,76.0
3308,75.46934,76.0
3309,75.934166,76.0
3310,75.05611,76.0
3311,74.98075,74.99999999999999
3312,74.19535,74.99999999999999
3313,74.577095,74.99999999999999
3314,74.89448,74.0
3315,73.93954,74.0
3316,73.945786,74.0
3317,73.96891,73.0
3318,72.78835,71.0
3319,70.679054,71.0
3320,70.747734,70.0
3321,69.789795,69.0
3322,68.66365,68.0
3323,67.722206,68.0
3324,67.684845,67.0
3325,66.78786,67.0
3326,66.82526,66.0
3327,65.86772,66.0
3328,65.9297,65.0
3329,64.952126,66.0
3330,66.1989,65.0
3331,65.21612,65.0
3332,65.318825,65.0
3333,65.32146,65.0
3334,65.20763,65.0
3335,65.24535,65.0
3336,65.175705,64.0
3337,63.918762,64.0
3338,63.97964,64.0
3339,63.897636,63.0
3340,62.874043,57.0
3341,56.815643,58.0
3342,57.86676,59.0
3343,58.732914,59.0
3344,58.610626,60.0
3345,59.592907,61.0
3346,60.704697,60.0
3347,59.645203,60.0
3348,59.658558,60.0
3349,59.75798,61.0
3350,60.745083,61.0
3351,60.717693,61.0
3352,60.949013,63.0
3353,63.02543,63.0
3354,62.751648,63.0
3355,62.659428,63.0
3356,62.522278,63.0
3357,62.504158,64.0
3358,63.50499,63.0
3359,62.604115,63.0
3360,62.60071,62.0
3361,61.587,62.0
3362,61.575165,62.0
3363,61.57019,62.0
3364,61.789597,56.00000000000001
3365,55.77861,57.0
3366,56.674473,57.0
3367,56.769592,59.0
3368,59.031662,61.0
3369,61.017406,62.0
3370,61.834064,62.0
3371,61.745113,62.0
3372,61.729885,62.0
3373,61.65282,62.0
3374,61.64296,62.0
3375,61.893383,62.0
3376,61.881115,62.0
3377,61.89134,62.0
3378,61.985165,62.0
3379,61.924328,62.0
3380,62.126476,62.0
3381,62.121014,63.0
3382,62.957798,74.0
3383,74.030365,77.0
3384,76.9699,71.0
3385,70.80648,65.0
3386,64.817024,65.0
3387,64.761154,66.0
3388,65.79229,67.0
3389,66.769,67.0
3390,66.76099,68.0
3391,67.789536,68.0
3392,67.76015,67.0
3393,66.66726,66.0
3394,65.70889,66.0
3395,65.77712,67.0
3396,66.78785,67.0
3397,66.72344,67.0
3398,66.65969,67.0
3399,66.841156,67.0
3400,66.887634,67.0
3401,66.81092,66.0
3402,65.80886,66.0
3403,65.96628,66.0
3404,65.910446,66.0
3405,66.130646,66.0
3406,66.26554,66.0
3407,66.05202,66.0
3408,66.04298,66.0
3409,65.54099,66.0
3410,65.86177,66.0
3411,65.78151,67.0
3412,66.74045,55.0
3413,54.63189,55.0
3414,54.680435,55.0
3415,54.719803,55.0
3416,54.650795,55.0
3417,54.644222,55.0
3418,54.62499,55.0
3419,54.63015,55.0
3420,54.58971,55.0
3421,54.63579,54.0
3422,53.666264,54.0
3423,53.67321,54.0
3424,53.619003,53.0
3425,52.5935,53.0
3426,52.612225,53.0
3427,53.05611,53.0
3428,52.96822,54.0
3429,53.758743,54.0
3430,53.891422,54.0
3431,53.840134,55.0
3432,54.88963,55.0
3433,54.784996,56.00000000000001
3434,55.73772,56.00000000000001
3435,55.72201,57.0
3436,56.649265,26.0
3437,26.028437,28.000000000000004
3438,27.871042,29.0
3439,28.839542,31.0
3440,30.791737,34.0
3441,33.785816,35.0
3442,34.850376,37.0
3443,36.86048,39.0
3444,38.800434,39.99999999999999
3445,39.795338,41.0
3446,40.84466,39.99999999999999
3447,39.831966,39.99999999999999
3448,39.960224,41.0
3449,41.145775,41.0
3450,41.212498,39.99999999999999
3451,39.79376,39.99999999999999
3452,39.690483,39.0
3453,38.65085,38.0
3454,37.703876,38.0
3455,37.749474,38.0
3456,37.897026,38.0
3457,38.090954,39.0
3458,39.100033,38.0
3459,38.139652,38.0
3460,37.959133,65.0
3461,64.80813,65.0
3462,64.821846,66.0
3463,65.8868,66.0
3464,65.8579,66.0
3465,65.729965,64.0
3466,63.650352,63.0
3467,62.78676,62.0
3468,61.82264,62.0
3469,61.68692,62.0
3470,61.689896,62.0
3471,61.82078,62.0
3472,61.835064,62.0
3473,61.82945,62.0
3474,61.798676,61.0
3475,60.634403,60.0
3476,59.675446,60.0
3477,60.181065,60.0
3478,60.074757,61.0
3479,60.87926,61.0
3480,60.811497,61.0
3481,60.724995,60.0
3482,59.607964,59.0
3483,58.61924,58.0
3484,57.54704,61.0
3485,60.623127,61.0
3486,60.625084,60.0
3487,59.64002,59.0
3488,58.65587,59.0
3489,58.646152,58.0
3490,57.68365,58.0
3491,57.728233,58.0
3492,57.721466,58.0
3493,57.68778,58.0
3494,57.85021,58.0
3495,57.755913,57.0
3496,56.796402,57.0
3497,56.882416,57.0
3498,56.946293,57.0
3499,57.09138,57.0
3500,57.00711,57.0
3501,56.797295,56.00000000000001
3502,55.80408,57.0
3503,56.80438,57.0
3504,56.985313,58.0
3505,57.820644,58.0
3506,57.79648,59.0
3507,58.873856,61.0
3508,61.08875,82.0
3509,82.23049,85.00000000000001
3510,85.192726,86.0
3511,86.04777,87.0
3512,86.94074,88.0
3513,87.79227,88.0
3514,87.75307,90.0
3515,89.69697,91.0
3516,90.58994,92.0
3517,91.63395,92.0
3518,91.56899,94.0
3519,93.841255,93.0
3520,92.21789,93.0
3521,91.37586,93.0
3522,92.14885,92.0
3523,91.934525,92.0
3524,91.05186,92.0
3525,91.64369,92.0
3526,91.67197,91.0
3527,90.74321,91.0
3528,90.55377,90.0
3529,89.62263,89.0
3530,88.88022,88.0
3531,87.76127,87.0
3532,86.91044,82.0
3533,81.6013,85.00000000000001
3534,84.84451,87.0
3535,86.78947,88.0
3536,87.75991,89.0
3537,88.789764,91.0
3538,90.737976,93.0
3539,92.63037,95.0
3540,94.51731,97.0
3541,96.6565,98.0
3542,97.53042,98.0
3543,98.05175,98.0
3544,97.29351,99.0
3545,97.9704,108.0
3546,107.525345,106.0
3547,105.550804,103.0
3548,102.49999,98.0
3549,97.50448,98.0
3550,97.07623,96.0
3551,95.33355,95.0
3552,94.30808,92.0
3553,90.58188,91.0
3554,90.384514,89.0
3555,88.04385,89.0
3556,88.11921,89.0
3557,88.85924,90.0
3558,89.7282,91.0
3559,90.653725,92.0
3560,91.528786,93.0
3561,92.52589,94.0
3562,93.49517,95.0
3563,94.376274,95.0
3564,94.296844,96.0
3565,95.472595,97.0
3566,96.51502,98.0
3567,97.99972,98.0
3568,98.417,99.0
3569,100.07892,99.0
3570,99.30834,99.0
3571,99.26445,99.0
3572,99.52651,106.0
3573,106.42696,103.0
3574,103.014046,101.0
3575,100.918465,99.0
3576,98.455864,100.0
3577,99.2994,104.0
3578,103.348976,106.0
3579,105.14103,115.0
3580,114.32846,52.0
3581,51.640068,51.0
3582,50.671055,51.0
3583,50.735146,51.0
3584,50.720825,51.0
3585,50.717762,49.0
3586,48.704983,48.0
3587,47.777443,48.0
3588,47.81119,49.0
3589,48.658978,51.0
3590,50.87092,51.0
3591,50.895325,52.0
3592,51.74119,52.0
3593,51.69558,52.0
3594,51.60749,51.0
3595,50.5607,51.0
3596,50.557083,49.0
3597,48.550762,48.0
3598,47.653126,48.0
3599,47.713917,50.0
3600,49.81952,52.0
3601,51.908127,52.0
3602,51.90003,52.0
3603,51.914562,55.0
3604,55.161808,52.0
3605,51.71072,52.0
3606,51.684063,52.0
3607,51.715157,52.0
3608,51.69898,52.0
3609,51.65476,52.0
3610,51.710316,52.0
3611,51.700943,52.0
3612,51.563244,51.0
3613,50.590893,49.0
3614,48.60624,49.0
3615,48.672573,46.0
3616,45.603634,44.0
3617,43.501415,44.0
3618,43.51791,41.0
3619,40.36942,39.99999999999999
3620,39.296497,42.0
3621,41.48744,42.0
3622,41.71105,42.0
3623,41.778034,42.0
3624,41.815567,42.0
3625,41.83929,42.0
3626,41.837418,42.0
3627,41.704617,41.0
3628,40.698833,76.0
3629,75.76359,74.99999999999999
3630,74.77574,74.0
3631,73.77345,74.0
3632,73.78027,73.0
3633,72.78949,73.0
3634,72.723816,71.0
3635,70.68798,70.0
3636,69.66575,69.0
3637,68.688805,69.0
3638,68.71478,69.0
3639,68.795845,69.0
3640,68.90825,69.0
3641,68.798546,69.0
3642,68.72083,68.0
3643,67.99531,68.0
3644,67.86319,68.0
3645,67.73147,69.0
3646,68.96419,70.0
3647,70.01929,70.0
3648,70.101395,71.0
3649,70.98213,72.0
3650,72.03783,73.0
3651,72.97455,74.0
3652,73.90078,74.99999999999999
3653,75.026634,76.0
3654,76.04301,76.0
3655,76.016014,77.0
3656,76.98441,77.0
3657,76.9523,76.0
3658,75.81045,74.99999999999999
3659,74.173775,74.99999999999999
3660,74.7044,74.0
3661,73.83654,73.0
3662,72.86083,73.0
3663,72.76379,73.0
3664,72.74441,73.0
3665,72.73711,72.0
3666,71.802536,72.0
3667,71.90013,72.0
3668,71.87173,71.0
3669,70.748375,70.0
3670,69.723724,70.0
3671,69.79702,68.0
3672,67.70448,67.0
3673,66.68576,66.0
3674,65.740974,65.0
3675,64.66506,63.0
3676,62.63911,62.0
3677,61.725994,61.0
3678,60.786964,60.0
3679,59.79615,59.0
3680,58.716953,58.0
3681,57.74792,58.0
3682,57.778954,59.0
3683,58.758,60.0
3684,59.75743,61.0
3685,60.72911,62.0
3686,61.704453,62.0
3687,61.707195,62.0
3688,61.84896,62.0
3689,61.761734,62.0
3690,61.953136,61.0
3691,60.892452,62.0
3692,61.86915,62.0
3693,62.020767,63.0
3694,63.14842,63.0
3695,63.409313,63.0
3696,63.011253,64.0
3697,63.88465,64.0
3698,63.811745,65.0
3699,64.91762,66.0
3700,65.83075,66.0
3701,65.82883,66.0
3702,65.83315,67.0
3703,66.92518,70.0
3704,69.96433,71.0
3705,70.95708,72.0
3706,71.86804,73.0
3707,72.86523,74.0
3708,73.87842,74.99999999999999
3709,74.89048,76.0
3710,75.87855,77.0
3711,76.82705,78.0
3712,78.10122,79.0
3713,79.26701,79.99999999999999
3714,80.13251,81.0
3715,81.063156,82.0
3716,82.00515,83.0
3717,82.81713,82.0
3718,81.48975,82.0
3719,81.36854,82.0
3720,81.55096,81.0
3721,80.449234,81.0
3722,80.5378,81.0
3723,80.5608,81.0
3724,80.47649,83.0
3725,82.78754,84.0
3726,83.74799,84.0
3727,83.72109,82.0
3728,81.74098,81.0
3729,80.78576,81.0
3730,80.76799,79.99999999999999
3731,79.77407,79.99999999999999
3732,79.65978,78.0
3733,77.370575,74.99999999999999
3734,74.160194,74.0
3735,73.382095,72.0
3736,71.5723,71.0
3737,70.7079,70.0
3738,69.740425,70.0
3739,69.934616,70.0
3740,70.09709,70.0
3741,70.26655,70.0
3742,69.92951,70.0
3743,69.76902,70.0
3744,69.71643,70.0
3745,69.82703,69.0
3746,68.68023,69.0
3747,68.69824,69.0
3748,68.73847,67.0
3749,66.79855,66.0
3750,65.812164,65.0
3751,64.78936,65.0
3752,64.81493,64.0
3753,63.729713,63.0
3754,62.80038,63.0
3755,62.829678,64.0
3756,63.90086,65.0
3757,64.87069,66.0
3758,65.77874,68.0
3759,67.92015,69.0
3760,68.902626,69.0
3761,68.81676,69.0
3762,68.75683,69.0
3763,69.120674,69.0
3764,69.01873,69.0
3765,68.975266,68.0
3766,68.04946,69.0
3767,69.07538,70.0
3768,69.96031,70.0
3769,70.009155,71.0
3770,70.897316,71.0
3771,70.8097,71.0
3772,70.79023,71.0
3773,70.843315,71.0
3774,70.80722,71.0
3775,70.77248,71.0
3776,70.79033,71.0
3777,70.816025,71.0
3778,70.80544,71.0
3779,70.88424,70.0
3780,69.834564,69.0
3781,68.80931,70.0
3782,69.86175,69.0
3783,68.93571,68.0
3784,67.75143,67.0
3785,66.7722,67.0
3786,66.69754,67.0
3787,66.82556,67.0
3788,66.867325,67.0
3789,66.80568,66.0
3790,65.77947,65.0
3791,64.87574,66.0
3792,66.01131,66.0
3793,65.870445,65.0
3794,64.84398,65.0
3795,64.709366,65.0
3796,64.71431,64.0
3797,63.74132,64.0
3798,63.69941,64.0
3799,63.739998,63.0
3800,62.75647,63.0
3801,62.775616,62.0
3802,61.80486,62.0
3803,61.746887,61.0
3804,60.74988,61.0
3805,60.766567,60.0
3806,59.74116,59.0
3807,58.751106,59.0
3808,58.643673,59.0
3809,58.710262,59.0
3810,58.785862,59.0
3811,58.74258,59.0
3812,58.81723,59.0
3813,58.757923,60.0
3814,59.733208,60.0
3815,59.91678,60.0
3816,59.76373,60.0
3817,59.719406,60.0
3818,59.80895,61.0
3819,60.734478,61.0
3820,60.668083,61.0
3821,60.802193,61.0
3822,60.700344,61.0
3823,60.757545,62.0
3824,61.737526,62.0
3825,61.77349,63.0
3826,62.747562,64.0
3827,63.774303,64.0
3828,63.71693,64.0
3829,63.761322,65.0
3830,64.91107,66.0
3831,65.758514,66.0
3832,65.63823,66.0
3833,65.801834,66.0
3834,65.75294,66.0
3835,65.70411,66.0
3836,65.90707,66.0
3837,65.76426,66.0
3838,65.871185,65.0
3839,64.8927,65.0
3840,64.84943,65.0
3841,64.78641,65.0
3842,64.82216,64.0
3843,63.722183,64.0
3844,63.678047,64.0
3845,63.77453,65.0
3846,64.7504,65.0
3847,64.75064,65.0
3848,64.7527,64.0
3849,63.750893,64.0
3850,63.730392,64.0
3851,63.711945,64.0
3852,63.710037,64.0
3853,63.734604,64.0
3854,63.762424,64.0
3855,63.752632,64.0
3856,63.796772,65.0
3857,64.802475,65.0
3858,64.81323,66.0
3859,65.91438,67.0
3860,66.93765,68.0
3861,68.004875,68.0
3862,68.19032,69.0
3863,69.2271,71.0
3864,71.11918,72.0
3865,71.9345,74.0
3866,73.78029,76.0
3867,75.74698,77.0
3868,76.7985,79.0
3869,78.81083,81.0
3870,80.748314,82.0
3871,81.73503,84.0
3872,83.70097,85.00000000000001
3873,84.79758,87.0
3874,86.70445,88.0
3875,87.81429,89.0
3876,88.70849,89.0
3877,88.67869,90.0
3878,89.450645,90.0
3879,89.58453,90.0
3880,89.03377,90.0
3881,88.494774,90.0
3882,89.16666,90.0
3883,89.74651,90.0
3884,89.80983,90.0
3885,89.89013,90.0
3886,89.34311,89.0
3887,88.24315,88.0
3888,87.49994,88.0
3889,87.91652,87.0
3890,86.75534,86.0
3891,85.55029,85.00000000000001
3892,84.5999,84.0
3893,83.68718,83.0
3894,82.639595,83.0
3895,82.75484,84.0
3896,83.74583,84.0
3897,83.74994,84.0
3898,83.76072,85.00000000000001
3899,84.58592,86.0
3900,85.60586,87.0
3901,86.63835,89.0
3902,88.680565,90.0
3903,89.730064,90.0
3904,89.17203,91.0
3905,90.29383,91.0
3906,90.97039,92.0
3907,92.26387,92.0
3908,92.41973,92.0
3909,92.245834,93.0
3910,93.30423,93.0
3911,93.136856,93.0
3912,92.87661,92.0
3913,91.63467,93.0
3914,92.46428,93.0
3915,92.51813,94.0
3916,93.6417,95.0
3917,94.49329,95.0
3918,94.41901,96.0
3919,95.46977,97.0
3920,96.47091,98.0
3921,97.53014,99.0
3922,98.576805,98.0
3923,97.56809,98.0
3924,97.56744,97.0
3925,96.57103,94.0
3926,93.49706,94.0
3927,93.720245,94.0
3928,93.61163,94.0
3929,93.92933,94.0
3930,93.49752,94.0
3931,94.14141,94.0
3932,93.794876,93.0
3933,92.669334,93.0
3934,92.659454,93.0
3935,92.97424,94.0
3936,93.91409,94.0
3937,93.849724,95.0
3938,94.79637,95.0
3939,94.64152,95.0
3940,94.61721,95.0
3941,94.530205,96.0
3942,95.56662,96.0
3943,95.604034,95.0
3944,94.54364,94.0
3945,93.61851,93.0
3946,92.53093,93.0
3947,92.57494,94.0
3948,93.59501,94.0
3949,93.5055,96.0
3950,95.532936,94.0
3951,92.55216,93.0
3952,91.7688,93.0
3953,92.05814,93.0
3954,92.36298,91.0
3955,90.77469,91.0
3956,91.02136,91.0
3957,91.2665,92.0
3958,92.22932,91.0
3959,90.67847,90.0
3960,89.93302,89.0
3961,88.92862,88.0
3962,87.72942,87.0
3963,86.72159,87.0
3964,86.628426,86.0
3965,85.79751,85.00000000000001
3966,84.74074,83.0
3967,82.80674,82.0
3968,81.792595,79.99999999999999
3969,79.76935,79.99999999999999
3970,79.764854,79.0
3971,78.80248,79.0
3972,78.78871,78.0
3973,77.78442,77.0
3974,76.80052,78.0
3975,77.94887,78.0
3976,77.92813,79.0
3977,79.21843,79.0
3978,79.319046,79.99999999999999
3979,80.453926,81.0
3980,81.3988,81.0
3981,81.11855,79.99999999999999
3982,79.943596,79.99999999999999
3983,79.921074,79.0
3984,78.57098,79.0
3985,78.929184,79.0
3986,78.89255,79.0
3987,78.80235,79.0
3988,78.79628,79.0
3989,78.85429,79.0
3990,78.75334,79.0
3991,78.79404,79.0
3992,78.746086,79.99999999999999
3993,79.79035,79.99999999999999
3994,79.80475,79.99999999999999
3995,79.80825,79.99999999999999
3996,79.75575,79.99999999999999
3997,79.63235,79.0
3998,78.67509,79.0
3999,78.8748,79.0
4000,78.71621,78.0
4001,77.79706,78.0
4002,78.12034,77.0
4003,76.56725,76.0
4004,75.9983,74.99999999999999
4005,74.578835,76.0
4006,76.115295,76.0
4007,75.812904,77.0
4008,76.735954,76.0
4009,75.71852,76.0
4010,75.71975,76.0
4011,75.557335,74.99999999999999
4012,74.5081,74.0
4013,73.65248,73.0
4014,72.51698,72.0
4015,71.610725,71.0
4016,70.62371,70.0
4017,69.54798,70.0
4018,69.68085,68.0
4019,67.53505,68.0
4020,67.66826,68.0
4021,67.52838,68.0
4022,67.62171,67.0
4023,66.81594,67.0
4024,66.74738,67.0
4025,66.89203,67.0
4026,66.94923,67.0
4027,66.856766,67.0
4028,66.98279,68.0
4029,68.00811,65.0
4030,64.7453,66.0
4031,65.839294,66.0
4032,65.84923,66.0
4033,65.85189,67.0
4034,66.75486,67.0
4035,66.77105,68.0
4036,67.75311,69.0
4037,68.89313,70.0
4038,69.7333,68.0
4039,67.620186,68.0
4040,67.70868,68.0
4041,67.79757,68.0
4042,67.82877,67.0
4043,66.77534,66.0
4044,65.7819,66.0
4045,65.765816,66.0
4046,65.72832,66.0
4047,65.759056,66.0
4048,65.718956,66.0
4049,65.736694,65.0
4050,64.64894,65.0
4051,64.53079,64.0
4052,63.377476,64.0
4053,64.08619,65.0
4054,65.10359,65.0
4055,65.10658,66.0
4056,66.02446,65.0
4057,64.966644,66.0
4058,65.90006,66.0
4059,65.80114,66.0
4060,65.81628,64.0
4061,63.653202,65.0
4062,65.019325,68.0
4063,68.00451,69.0
4064,68.888664,69.0
4065,68.83805,69.0
4066,68.83521,69.0
4067,68.83068,70.0
4068,69.80726,69.0
4069,68.75659,69.0
4070,68.70735,68.0
4071,67.740746,68.0
4072,67.53804,68.0
4073,67.77601,69.0
4074,68.94033,70.0
4075,70.16516,71.0
4076,71.14585,72.0
4077,72.07411,72.0
4078,72.13784,73.0
4079,73.15821,73.0
4080,73.0737,74.0
4081,74.19215,73.0
4082,72.817566,73.0
4083,72.89165,74.0
4084,73.98219,61.0
4085,60.718075,60.0
4086,59.59991,59.0
4087,58.54292,59.0
4088,58.589165,59.0
4089,58.62708,59.0
4090,58.660442,59.0
4091,58.652,59.0
4092,58.717136,59.0
4093,58.681114,58.0
4094,57.66675,58.0
4095,57.6066,57.0
4096,56.665176,55.0
4097,54.601383,55.0
4098,54.62066,55.0
4099,54.766243,55.0
4100,54.63382,56.00000000000001
4101,55.833836,56.00000000000001
4102,55.631992,57.0
4103,56.83159,57.0
4104,56.595535,57.0
4105,56.616016,57.0
4106,56.560368,57.0
4107,56.665462,57.0
4108,56.907063,65.0
4109,64.65736,64.0
4110,63.686623,63.0
4111,62.75796,62.0
4112,61.756157,59.0
4113,58.746857,58.0
4114,57.73936,57.0
4115,56.72019,57.0
4116,56.67881,57.0
4117,56.682014,57.0
4118,56.51172,56.00000000000001
4119,55.626915,56.00000000000001
4120,55.71679,56.00000000000001
4121,55.82332,56.00000000000001
4122,55.883755,55.0
4123,54.855446,55.0
4124,55.05936,55.0
4125,55.067234,55.0
4126,54.68325,54.0
4127,53.789078,54.0
4128,53.67781,54.0
4129,53.73184,54.0
4130,53.86318,54.0
4131,53.748928,54.0
4132,53.823948,67.0
4133,66.940094,68.0
4134,67.96673,68.0
4135,67.99497,69.0
4136,69.06252,71.0
4137,70.85122,72.0
4138,71.76028,73.0
4139,72.782814,74.0
4140,73.77321,74.0
4141,73.77509,74.99999999999999
4142,74.68677,74.0
4143,73.19629,73.0
4144,72.482315,73.0
4145,72.67725,73.0
4146,72.62621,73.0
4147,72.64605,73.0
4148,72.49956,73.0
4149,72.90927,73.0
4150,73.08723,72.0
4151,71.97328,71.0
4152,70.82663,70.0
4153,69.8145,69.0
4154,68.770195,68.0
4155,67.675026,66.0
4156,65.648994,57.0
4157,56.750595,57.0
4158,56.76282,57.0
4159,56.67724,57.0
4160,56.675205,57.0
4161,56.67409,57.0
4162,56.612667,56.00000000000001
4163,55.58027,56.00000000000001
4164,55.571503,56.00000000000001
4165,55.59725,56.00000000000001
4166,55.73979,57.0
4167,56.857697,57.0
4168,56.87823,58.0
4169,57.872437,58.0
4170,57.834183,58.0
4171,57.677547,58.0
4172,57.692715,58.0
4173,57.70748,58.0
4174,57.642643,58.0
4175,57.828724,57.0
4176,56.60232,57.0
4177,56.574524,57.0
4178,56.611393,57.0
4179,56.646828,57.0
4180,56.670086,37.0
4181,36.939693,36.0
4182,35.945118,35.0
4183,34.963017,35.0
4184,35.060963,32.0
4185,32.001266,31.0
4186,31.004084,30.0
4187,30.082981,29.0
4188,29.154469,29.0
4189,29.245052,28.000000000000004
4190,28.282465,29.0
4191,29.313734,29.0
4192,29.357637,28.000000000000004
4193,28.381378,28.000000000000004
4194,28.419542,28.000000000000004
4195,28.410223,29.0
4196,29.268179,29.0
4197,28.795536,29.0
4198,28.931023,30.0
4199,29.985107,31.0
4200,31.140358,32.0
4201,32.256195,32.0
4202,32.48705,33.0
4203,33.256214,35.0
4204,34.9799,58.0
4205,57.64222,57.0
4206,56.695927,57.0
4207,56.73098,57.0
4208,56.743557,58.0
4209,57.756886,59.0
4210,58.70021,60.0
4211,59.694622,62.0
4212,61.678204,63.0
4213,62.713123,63.0
4214,62.806984,63.0
4215,62.6899,63.0
4216,62.984898,63.0
4217,63.050373,64.0
4218,64.08315,64.0
4219,63.800644,64.0
4220,64.03924,64.0
4221,64.1796,64.0
4222,63.786716,65.0
4223,64.97015,67.0
4224,67.07582,68.0
4225,67.84604,69.0
4226,68.72446,69.0
4227,68.714294,70.0
4228,69.67955,63.0
4229,63.046463,65.0
4230,65.00435,66.0
4231,65.83299,67.0
4232,66.83336,69.0
4233,68.815186,69.0
4234,68.72094,69.0
4235,68.73444,69.0
4236,68.77833,68.0
4237,67.7796,66.0
4238,65.683945,66.0
4239,65.70549,66.0
4240,65.66087,65.0
4241,64.66051,65.0
4242,64.785,65.0
4243,64.978195,65.0
4244,64.36913,65.0
4245,64.89409,66.0
4246,65.860664,66.0
4247,65.94035,65.0
4248,64.89308,65.0
4249,64.82943,65.0
4250,64.7426,64.0
4251,63.701065,62.0
4252,61.705975,84.0
4253,83.87947,81.0
4254,80.654465,79.0
4255,78.6252,78.0
4256,77.52967,77.0
4257,76.54082,76.0
4258,75.64866,74.0
4259,73.717926,72.0
4260,71.68431,71.0
4261,70.69342,69.0
4262,68.747826,69.0
4263,68.8885,68.0
4264,67.9248,68.0
4265,67.89488,68.0
4266,68.119095,68.0
4267,67.848045,68.0
4268,68.18417,67.0
4269,67.11348,68.0
4270,67.97737,67.0
4271,66.87417,67.0
4272,66.841225,67.0
4273,66.73259,67.0
4274,66.69229,67.0
4275,66.79442,67.0
4276,66.76921,89.0
4277,88.49829,89.0
4278,88.61073,88.0
4279,87.583984,88.0
4280,87.53256,89.0
4281,88.629105,88.0
4282,87.684044,88.0
4283,87.65149,87.0
4284,86.72497,85.00000000000001
4285,84.47086,85.00000000000001
4286,84.55385,84.0
4287,83.528625,83.0
4288,82.48188,83.0
4289,82.64286,81.0
4290,80.973946,81.0
4291,81.31852,81.0
4292,81.20339,82.0
4293,82.1381,81.0
4294,81.006874,81.0
4295,80.1977,81.0
4296,80.83441,81.0
4297,80.03233,81.0
4298,80.36689,81.0
4299,80.509445,81.0
4300,80.3403,126.0
4301,126.32215,136.0
4302,136.45775,144.0
4303,143.2367,151.0
4304,150.52834,152.0
4305,151.93222,152.0
4306,151.40105,153.0
4307,151.90384,153.0
4308,151.56113,153.0
4309,151.32451,153.0
4310,151.38812,153.0
4311,151.22688,153.0
4312,151.67732,153.0
4313,151.51125,153.0
4314,150.9813,153.0
4315,150.8924,153.0
4316,150.15517,152.0
4317,148.4026,152.0
4318,148.636,151.0
4319,148.15642,151.0
4320,148.17848,149.0
4321,146.11716,143.0
4322,140.96185,137.0
4323,135.8979,125.0
4324,124.22197,57.0
4325,56.954605,58.0
4326,57.8067,59.0
4327,58.700027,59.0
4328,58.740585,60.0
4329,59.671955,60.0
4330,59.641823,61.0
4331,60.6319,62.0
4332,61.665264,62.0
4333,61.697773,62.0
4334,61.635223,61.0
4335,60.67675,61.0
4336,60.68336,61.0
4337,60.684105,61.0
4338,60.72395,61.0
4339,60.757736,61.0
4340,60.731663,61.0
4341,60.8569,61.0
4342,60.903095,60.0
4343,59.835842,60.0
4344,59.801872,59.0
4345,58.65979,58.0
4346,57.727165,58.0
4347,57.798805,58.0
4348,57.997623,39.99999999999999
4349,39.816307,41.0
4350,40.875145,39.99999999999999
4351,39.851498,39.99999999999999
4352,39.875553,39.99999999999999
4353,39.839275,39.0
4354,38.86843,38.0
4355,37.911198,39.99999999999999
4356,39.997437,39.99999999999999
4357,39.92632,43.0
4358,42.913704,44.0
4359,43.844288,44.0
4360,43.630432,46.0
4361,45.728138,47.0
4362,46.80595,48.0
4363,47.695103,50.0
4364,49.666092,51.0
4365,50.87178,51.0
4366,50.836952,51.0
4367,50.833797,51.0
4368,50.813026,51.0
4369,50.771408,51.0
4370,50.723953,51.0
4371,50.661335,52.0
4372,51.685635,92.0
4373,92.13717,91.0
4374,90.773506,91.0
4375,90.851685,90.0
4376,89.76727,90.0
4377,89.7307,89.0
4378,88.36606,89.0
4379,88.62113,88.0
4380,87.44552,89.0
4381,88.68453,91.0
4382,90.71195,91.0
4383,90.763504,90.0
4384,88.82146,90.0
4385,89.35815,90.0
4386,90.05966,89.0
4387,88.592064,87.0
4388,86.528114,87.0
4389,86.56549,86.0
4390,85.46779,85.00000000000001
4391,84.71698,84.0
4392,83.03859,83.0
4393,82.69971,81.0
4394,80.54903,79.99999999999999
4395,79.63072,79.0
4396,78.75262,78.0
4397,77.70265,78.0
4398,77.788734,78.0
4399,77.70846,77.0
4400,76.72385,77.0
4401,76.73569,77.0
4402,76.73417,76.0
4403,75.752075,77.0
4404,76.84646,74.99999999999999
4405,74.74542,73.0
4406,72.75804,71.0
4407,70.88667,71.0
4408,70.89132,71.0
4409,70.882286,70.0
4410,70.185005,70.0
4411,70.162926,70.0
4412,70.04177,70.0
4413,70.17843,70.0
4414,70.209496,71.0
4415,71.16247,71.0
4416,71.08507,72.0
4417,72.050385,72.0
4418,71.983574,73.0
4419,72.81982,73.0
4420,72.760315,73.0
4421,72.7448,73.0
4422,72.76511,73.0
4423,72.75607,74.0
4424,73.82567,74.99999999999999
4425,74.79519,74.99999999999999
4426,74.72407,76.0
4427,75.796196,76.0
4428,75.77535,77.0
4429,76.74579,78.0
4430,77.767746,78.0
4431,77.86281,79.0
4432,78.94227,79.0
4433,78.95909,79.99999999999999
4434,80.14373,79.99999999999999
4435,80.17153,82.0
4436,82.0925,82.0
4437,82.133835,83.0
4438,83.14051,84.0
4439,84.0848,85.00000000000001
4440,84.7322,85.00000000000001
4441,84.28546,85.00000000000001
4442,84.498604,85.00000000000001
4443,84.65288,84.0
4444,83.2203,86.0
4445,85.90165,88.0
4446,87.83858,89.0
4447,89.03593,89.0
4448,89.0543,90.0
4449,89.98017,91.0
4450,91.01134,92.0
4451,91.948265,94.0
4452,93.75121,96.0
4453,95.58734,96.0
4454,95.33309,95.0
4455,93.52087,95.0
4456,93.67052,95.0
4457,93.02928,94.0
4458,92.977425,94.0
4459,92.972275,93.0
4460,92.46298,92.0
4461,91.87698,91.0
4462,90.93664,90.0
4463,89.78953,89.0
4464,88.720375,90.0
4465,89.55041,91.0
4466,90.73528,91.0
4467,90.66423,92.0
4468,91.63348,91.0
4469,91.13251,90.0
4470,89.888054,90.0
4471,89.93489,90.0
4472,89.78979,90.0
4473,89.660324,91.0
4474,90.619446,89.0
4475,88.84409,88.0
4476,87.7847,87.0
4477,86.71111,86.0
4478,85.75981,87.0
4479,86.60669,87.0
4480,85.56992,87.0
4481,86.07267,90.0
4482,90.69094,90.0
4483,89.979996,91.0
4484,91.53007,91.0
4485,91.09854,92.0
4486,92.18515,93.0
4487,92.63145,92.0
4488,91.580414,91.0
4489,90.8416,91.0
4490,90.77849,91.0
4491,90.43058,91.0
4492,90.400635,91.0
4493,90.7033,91.0
4494,90.6129,91.0
4495,90.55393,89.0
4496,88.016174,88.0
4497,87.48918,86.0
4498,85.68516,85.00000000000001
4499,84.610176,84.0
4500,83.63181,82.0
4501,81.50183,81.0
4502,80.291275,79.99999999999999
4503,79.376686,79.99999999999999
4504,79.78094,79.0
4505,78.88238,77.0
4506,77.00427,78.0
4507,78.2524,77.0
4508,77.37312,77.0
4509,77.42081,76.0
4510,76.239365,76.0
4511,76.008415,76.0
4512,76.06982,74.99999999999999
4513,74.94358,74.99999999999999
4514,75.00241,74.0
4515,73.874405,74.0
4516,73.79162,74.99999999999999
4517,75.04976,77.0
4518,77.044304,78.0
4519,77.973465,79.0
4520,78.882034,79.0
4521,78.794235,79.99999999999999
4522,79.71858,79.99999999999999
4523,79.740524,81.0
4524,80.83061,82.0
4525,81.751526,83.0
4526,82.73903,84.0
4527,83.90558,85.00000000000001
4528,84.96249,85.00000000000001
4529,85.01671,85.00000000000001
4530,85.21366,84.0
4531,84.33324,84.0
4532,84.5542,84.0
4533,84.74852,86.0
4534,86.34716,86.0
4535,86.27249,87.0
4536,87.189705,87.0
4537,87.102684,88.0
4538,87.980705,88.0
4539,87.8702,90.0
4540,89.706436,88.0
4541,87.612564,84.0
4542,83.64845,81.0
4543,80.79408,79.0
4544,78.57574,78.0
4545,77.72848,78.0
4546,77.6193,78.0
4547,77.79648,77.0
4548,76.73609,76.0
4549,75.52486,74.99999999999999
4550,74.65734,74.99999999999999
4551,74.762695,74.99999999999999
4552,74.84067,74.99999999999999
4553,74.91149,74.99999999999999
4554,74.93142,74.99999999999999
4555,74.92841,74.0
4556,73.83769,73.0
4557,72.866714,71.0
4558,70.94929,72.0
4559,71.97539,72.0
4560,71.78525,72.0
4561,71.71924,72.0
4562,71.71807,72.0
4563,71.66587,71.0
4564,70.62683,71.0
4565,70.72785,71.0
4566,70.57253,71.0
4567,70.62045,72.0
4568,71.71827,72.0
4569,71.72156,72.0
4570,71.75593,73.0
4571,72.721146,74.99999999999999
4572,74.69555,76.0
4573,75.68993,77.0
4574,76.66397,78.0
4575,77.71836,77.0
4576,76.24671,77.0
4577,76.810394,77.0
4578,76.80329,76.0
4579,75.61199,74.99999999999999
4580,74.56651,74.99999999999999
4581,74.78153,74.99999999999999
4582,75.08175,74.99999999999999
4583,74.90526,74.99999999999999
4584,74.92515,74.99999999999999
4585,74.82835,74.99999999999999
4586,74.68002,74.99999999999999
4587,74.63905,74.0
4588,73.625,73.0
4589,72.586205,73.0
4590,72.740166,74.0
4591,73.89385,74.0
4592,73.71296,73.0
4593,72.706795,73.0
4594,72.67411,72.0
4595,71.81693,69.0
4596,68.867874,68.0
4597,67.80074,67.0
4598,66.79261,66.0
4599,65.73934,66.0
4600,65.691864,65.0
4601,64.679436,65.0
4602,64.66143,65.0
4603,64.75421,65.0
4604,64.63316,65.0
4605,64.66844,63.0
4606,62.62502,62.0
4607,61.64752,61.0
4608,60.58584,61.0
4609,60.84656,61.0
4610,60.67335,61.0
4611,60.784332,63.0
4612,63.014244,64.0
4613,63.83548,64.0
4614,63.66979,63.0
4615,62.795856,63.0
4616,62.753437,63.0
4617,62.825268,64.0
4618,63.79151,64.0
4619,63.82211,65.0
4620,64.793785,66.0
4621,65.95919,67.0
4622,66.788376,68.0
4623,67.9339,68.0
4624,67.87405,68.0
4625,67.73884,68.0
4626,67.77718,68.0
4627,67.83561,69.0
4628,68.86979,69.0
4629,68.88324,71.0
4630,71.14321,71.0
4631,70.80659,72.0
4632,71.74065,72.0
4633,71.93508,72.0
4634,71.55487,72.0
4635,71.69687,71.0
4636,70.77889,70.0
4637,69.63739,72.0
4638,72.000275,72.0
4639,71.79572,73.0
4640,72.82455,74.0
4641,73.91296,74.99999999999999
4642,74.99689,74.99999999999999
4643,74.82132,76.0
4644,75.9388,74.99999999999999
4645,74.95101,74.99999999999999
4646,74.30975,74.0
4647,72.62241,73.0
4648,71.38648,73.0
4649,71.24651,73.0
4650,72.28111,72.0
4651,70.705086,72.0
4652,71.46244,72.0
4653,71.364716,70.0
4654,69.101295,69.0
4655,68.46046,68.0
4656,67.59264,67.0
4657,66.61305,67.0
4658,66.665985,67.0
4659,66.631516,66.0
4660,65.71472,66.0
4661,65.72316,65.0
4662,64.74832,65.0
4663,64.705124,64.0
4664,63.789772,63.0
4665,62.78497,61.0
4666,60.704586,61.0
4667,60.99573,60.0
4668,59.935463,59.0
4669,58.74456,58.0
4670,57.68517,58.0
4671,57.69603,59.0
4672,58.69654,59.0
4673,58.765133,59.0
4674,58.787544,60.0
4675,59.82068,60.0
4676,59.936375,61.0
4677,61.046463,62.0
4678,62.14935,63.0
4679,63.310574,65.0
4680,65.224205,67.0
4681,67.11445,68.0
4682,67.86139,69.0
4683,68.885376,69.0
4684,68.95614,70.0
4685,69.93009,72.0
4686,71.98673,73.0
4687,72.91908,74.0
4688,73.82128,74.99999999999999
4689,74.929276,76.0
4690,75.78773,76.0
4691,75.74339,76.0
4692,75.75457,76.0
4693,75.708374,77.0
4694,76.79865,78.0
4695,77.656456,79.0
4696,78.91616,79.99999999999999
4697,79.87641,79.99999999999999
4698,79.82737,81.0
4699,80.864365,82.0
4700,81.91715,83.0
4701,82.71446,83.0
4702,82.90193,84.0
4703,84.25441,84.0
4704,84.01408,84.0
4705,83.94016,85.00000000000001
4706,84.76523,85.00000000000001
4707,84.69645,86.0
4708,85.71378,86.0
4709,85.71793,86.0
4710,85.74048,86.0
4711,85.71854,87.0
4712,86.65317,86.0
4713,85.65554,87.0
4714,86.81066,88.0
4715,87.57869,89.0
4716,88.68658,90.0
4717,89.654755,92.0
4718,91.69793,93.0
4719,92.75896,94.0
4720,93.618576,94.0
4721,93.505196,94.0
4722,93.801674,95.0
4723,94.72315,95.0
4724,94.73283,95.0
4725,94.829994,96.0
4726,96.082054,96.0
4727,96.174706,96.0
4728,95.863945,96.0
4729,95.863686,95.0
4730,94.87538,96.0
4731,95.96053,95.0
4732,94.61562,95.0
4733,94.452095,95.0
4734,94.77796,94.0
4735,93.489655,93.0
4736,92.695366,92.0
4737,91.531494,91.0
4738,90.512085,91.0
4739,90.47381,90.0
4740,89.43825,90.0
4741,89.53167,89.0
4742,88.77998,89.0
4743,88.21433,88.0
4744,87.588135,88.0
4745,87.347,87.0
4746,86.47503,87.0
4747,86.83096,87.0
4748,86.98135,87.0
4749,87.34981,87.0
4750,87.09691,87.0
4751,87.02231,89.0
4752,88.50668,91.0
4753,89.728836,92.0
4754,92.16672,92.0
4755,92.07028,93.0
4756,92.94819,93.0
4757,92.765594,94.0
4758,93.657555,95.0
4759,94.531,95.0
4760,94.60413,95.0
4761,94.55927,96.0
4762,95.3573,96.0
4763,95.247345,96.0
4764,95.41191,96.0
4765,95.47903,97.0
4766,96.71095,99.0
4767,98.91085,100.0
4768,99.76,106.0
4769,105.33115,117.00000000000001
4770,116.13334,127.0
4771,127.04546,133.0
4772,132.0723,139.0
4773,136.82123,147.0
4774,144.53085,149.99999999999997
4775,145.9875,147.0
4776,143.45581,142.0
4777,140.5516,142.0
4778,140.35149,143.0
4779,141.06383,151.0
4780,148.36705,151.0
4781,148.28305,151.0
4782,148.78859,151.0
4783,150.12122,151.0
4784,149.58273,152.0
4785,151.06769,152.0
4786,149.41011,151.0
4787,146.57413,149.99999999999997
4788,145.27136,137.0
4789,132.77179,114.0
4790,111.116356,103.0
4791,100.92336,99.0
4792,97.30161,98.0
4793,97.2742,96.0
4794,95.63023,95.0
4795,95.09908,94.0
4796,94.04061,93.0
4797,93.31037,91.0
4798,91.21668,89.0
4799,89.23555,87.0
4800,87.08906,85.00000000000001
4801,85.00884,83.0
4802,82.80572,83.0
4803,82.67683,82.0
4804,81.70042,56.00000000000001
4805,55.64295,56.00000000000001
4806,55.60321,56.00000000000001
4807,55.58627,56.00000000000001
4808,55.589104,56.00000000000001
4809,55.54539,55.0
4810,54.477917,54.0
4811,53.653503,55.0
4812,54.795303,54.0
4813,53.72036,55.0
4814,54.868286,55.0
4815,54.733044,55.0
4816,54.681828,56.00000000000001
4817,55.685368,56.00000000000001
4818,55.74695,55.0
4819,54.714165,55.0
4820,54.72545,55.0
4821,54.752148,55.0
4822,54.754723,54.0
4823,53.642685,55.0
4824,54.63666,54.0
4825,53.66154,55.0
4826,54.722435,55.0
4827,54.737846,54.0
4828,53.75156,54.0
4829,53.679802,54.0
4830,53.655975,53.0
4831,52.63931,54.0
4832,53.69915,53.0
4833,52.636135,53.0
4834,52.648754,53.0
4835,52.63031,53.0
4836,52.546246,53.0
4837,52.641552,54.0
4838,53.73851,54.0
4839,53.954166,55.0
4840,54.99885,55.0
4841,54.880825,55.0
4842,54.85952,56.00000000000001
4843,55.93316,56.00000000000001
4844,55.872353,55.0
4845,54.798534,55.0
4846,54.71599,55.0
4847,54.928593,56.00000000000001
4848,55.952343,56.00000000000001
4849,55.917976,57.0
4850,56.887527,57.0
4851,56.84313,58.0
4852,57.77102,65.0
4853,64.66919,64.0
4854,63.662613,62.0
4855,61.617275,60.0
4856,59.70048,59.0
4857,58.735184,58.0
4858,57.72054,57.0
4859,56.85311,56.00000000000001
4860,55.737743,55.0
4861,54.75628,55.0
4862,54.95817,56.00000000000001
4863,55.800896,56.00000000000001
4864,55.94642,57.0
4865,56.981255,57.0
4866,57.01385,57.0
4867,56.994022,57.0
4868,57.022465,57.0
4869,57.13229,57.0
4870,57.036736,58.0
4871,58.04957,58.0
4872,57.87657,58.0
4873,57.78376,58.0
4874,57.739353,58.0
4875,57.778557,58.0
4876,57.75429,57.0
4877,56.71045,57.0
4878,56.71267,58.0
4879,57.840546,59.0
4880,58.776657,59.0
4881,58.762108,59.0
4882,58.734146,60.0
4883,59.722866,60.0
4884,59.691643,60.0
4885,59.66914,60.0
4886,59.707027,60.0
4887,59.810947,61.0
4888,61.069866,61.0
4889,61.08458,61.0
4890,61.33145,62.0
4891,62.087402,63.0
4892,63.214226,63.0
4893,63.15117,64.0
4894,64.20509,64.0
4895,64.079636,65.0
4896,65.02789,65.0
4897,64.94772,66.0
4898,65.86585,67.0
4899,66.85525,68.0
4900,67.7786,37.0
4901,37.074085,39.99999999999999
4902,40.082542,42.0
4903,42.033463,44.0
4904,44.05494,47.0
4905,46.91119,49.0
4906,48.8039,51.0
4907,50.81241,52.0
4908,51.757355,52.0
4909,51.706562,52.0
4910,51.694397,53.0
4911,52.825916,53.0
4912,52.916042,53.0
4913,52.948307,54.0
4914,54.117233,55.0
4915,55.240044,55.0
4916,54.98352,56.00000000000001
4917,55.94802,56.00000000000001
4918,55.98156,57.0
4919,57.015778,58.0
4920,57.99464,58.0
4921,58.07016,58.0
4922,57.860172,59.0
4923,58.862896,59.0
4924,58.755524,69.0
4925,68.59753,69.0
4926,68.56175,68.0
4927,67.62819,68.0
4928,67.70786,67.0
4929,66.61333,66.0
4930,65.67299,66.0
4931,65.68075,65.0
4932,64.70306,64.0
4933,63.65697,64.0
4934,63.730717,64.0
4935,63.689003,64.0
4936,63.682323,63.0
4937,62.696247,62.0
4938,61.676987,62.0
4939,61.644875,61.0
4940,60.73386,60.0
4941,59.54072,60.0
4942,59.821922,60.0
4943,60.15166,57.0
4944,56.962563,56.00000000000001
4945,55.858208,55.0
4946,54.82711,55.0
4947,54.838795,55.0
4948,54.720894,60.0
4949,59.702545,59.0
4950,58.744976,58.0
4951,57.786453,58.0
4952,57.81753,57.0
4953,56.791973,56.00000000000001
4954,55.72844,55.0
4955,54.724606,55.0
4956,54.760567,55.0
4957,54.710663,55.0
4958,54.602047,54.0
4959,53.68497,54.0
4960,53.76084,54.0
4961,53.82102,54.0
4962,53.91277,53.0
4963,53.072414,53.0
4964,52.668983,52.0
4965,51.69402,52.0
4966,51.716557,51.0
4967,50.675568,49.0
4968,48.90436,47.0
4969,47.01522,46.0
4970,46.034035,44.0
4971,43.85539,44.0
4972,43.826912,68.0
4973,67.84729,70.0
4974,69.895035,71.0
4975,70.877174,72.0
4976,71.85648,73.0
4977,72.89289,74.0
4978,73.84947,74.0
4979,73.781784,73.0
4980,72.553665,73.0
4981,72.6956,71.0
4982,70.50253,70.0
4983,69.67755,69.0
4984,68.57322,69.0
4985,68.701454,69.0
4986,68.74905,69.0
4987,68.7806,68.0
4988,67.94233,68.0
4989,68.01187,69.0
4990,69.16762,69.0
4991,69.10142,69.0
4992,69.01127,70.0
4993,69.8479,70.0
4994,69.8754,70.0
4995,69.835976,70.0
4996,69.76547,79.99999999999999
4997,79.27805,77.0
4998,76.55246,74.99999999999999
4999,73.991104,73.0
5000,72.31069,72.0
5001,71.56517,70.0
5002,69.538734,70.0
5003,69.56582,68.0
5004,67.63406,68.0
5005,67.561966,67.0
5006,66.63417,67.0
5007,66.68636,66.0
5008,65.702965,65.0
5009,64.626045,65.0
5010,65.00373,65.0
5011,65.05645,65.0
5012,65.14337,65.0
5013,64.977806,65.0
5014,65.01929,65.0
5015,64.95262,65.0
5016,65.207985,65.0
5017,64.81416,66.0
5018,65.885506,66.0
5019,65.819405,66.0
5020,65.695015,111.0
5021,110.298706,99.0
5022,98.35379,98.0
5023,97.40649,96.0
5024,95.3716,94.0
5025,93.369514,92.0
5026,91.45976,90.0
5027,89.63404,89.0
5028,88.61065,87.0
5029,86.78472,86.0
5030,85.88832,85.00000000000001
5031,84.84746,84.0
5032,83.77613,83.0
5033,82.992294,82.0
5034,81.990974,79.99999999999999
5035,80.22993,79.0
5036,79.05468,78.0
5037,78.072395,77.0
5038,76.99279,77.0
5039,76.79882,78.0
5040,77.91109,78.0
5041,77.89819,77.0
5042,76.78903,76.0
5043,75.59109,76.0
5044,75.72112,58.0
5045,57.98391,58.0
5046,57.87725,58.0
5047,57.774082,58.0
5048,57.75401,58.0
5049,57.73728,58.0
5050,57.742508,58.0
5051,57.694016,58.0
5052,57.6427,58.0
5053,57.631546,58.0
5054,57.710175,58.0
5055,57.723595,59.0
5056,58.720345,59.0
5057,58.699574,59.0
5058,58.66446,58.0
5059,57.64965,58.0
5060,57.62048,58.0
5061,57.65192,59.0
5062,58.70443,59.0
5063,58.74193,60.0
5064,59.828037,60.0
5065,59.79334,60.0
5066,59.756165,60.0
5067,59.717182,58.0
5068,57.73237,52.0
5069,51.67305,53.0
5070,52.662045,54.0
5071,53.719234,55.0
5072,54.73651,56.00000000000001
5073,55.766193,57.0
5074,56.738552,58.0
5075,57.758087,59.0
5076,58.70325,60.0
5077,59.716496,60.0
5078,59.777798,60.0
5079,59.714508,60.0
5080,59.726505,60.0
5081,59.76894,59.0
5082,58.689434,59.0
5083,58.7166,58.0
5084,57.736286,58.0
5085,57.30574,57.0
5086,56.825382,57.0
5087,56.74413,57.0
5088,56.72813,57.0
5089,56.750607,57.0
5090,56.728394,57.0
5091,56.72108,57.0
5092,56.698635,73.0
5093,72.832016,73.0
5094,72.80199,74.99999999999999
5095,74.98755,77.0
5096,76.90283,79.0
5097,78.872154,81.0
5098,80.76426,82.0
5099,81.747444,84.0
5100,83.69708,85.00000000000001
5101,84.48424,86.0
5102,85.670944,87.0
5103,86.99072,87.0
5104,87.065956,87.0
5105,86.96109,87.0
5106,87.2863,87.0
5107,87.14722,88.0
5108,88.477356,89.0
5109,89.67386,89.0
5110,89.313705,90.0
5111,90.2181,90.0
5112,89.90667,89.0
5113,89.08618,89.0
5114,89.07292,90.0
5115,89.9564,90.0
5116,90.08441,92.0
5117,92.06503,95.0
5118,94.83331,93.0
5119,92.74735,92.0
5120,91.62051,91.0
5121,90.595604,91.0
5122,90.56664,91.0
5123,90.47293,91.0
5124,90.516304,91.0
5125,90.615715,92.0
5126,91.69661,93.0
5127,93.12709,94.0
5128,94.199936,94.0
5129,93.56084,93.0
5130,92.834526,93.0
5131,93.127716,91.0
5132,90.82573,91.0
5133,91.34521,90.0
5134,89.50097,89.0
5135,88.223816,89.0
5136,88.51172,89.0
5137,88.285446,88.0
5138,87.30389,87.0
5139,86.7173,87.0
5140,86.86297,84.0
5141,83.90897,82.0
5142,81.84618,82.0
5143,81.923416,81.0
5144,80.70055,79.99999999999999
5145,79.70748,79.0
5146,78.581245,78.0
5147,77.98439,77.0
5148,76.81582,76.0
5149,75.8294,74.99999999999999
5150,74.90894,73.0
5151,72.788124,72.0
5152,71.78451,72.0
5153,71.93202,71.0
5154,71.03235,71.0
5155,71.12186,72.0
5156,72.31981,72.0
5157,72.38868,71.0
5158,70.8305,71.0
5159,70.88705,71.0
5160,70.67794,70.0
5161,69.68648,70.0
5162,69.724785,69.0
5163,68.71039,69.0
5164,68.734314,68.0
5165,67.734375,67.0
5166,66.68176,66.0
5167,65.695786,66.0
5168,65.78636,65.0
5169,64.68261,64.0
5170,63.65084,64.0
5171,63.726128,63.0
5172,62.65458,62.0
5173,61.725792,61.0
5174,60.68003,60.0
5175,59.67126,59.0
5176,58.666924,58.0
5177,57.758327,58.0
5178,58.05506,58.0
5179,58.07704,57.0
5180,57.09183,55.0
5181,54.951694,56.00000000000001
5182,55.907227,55.0
5183,54.81054,56.00000000000001
5184,55.863056,57.0
5185,56.97987,57.0
5186,56.98722,58.0
5187,58.036423,59.0
5188,58.98912,60.0
5189,60.06123,62.0
5190,62.008984,64.0
5191,63.94723,65.0
5192,64.93985,67.0
5193,66.87999,69.0
5194,68.89781,71.0
5195,70.797104,71.0
5196,70.74204,71.0
5197,70.75949,72.0
5198,71.883766,73.0
5199,72.78372,74.0
5200,73.81505,74.99999999999999
5201,75.00162,76.0
5202,76.027664,77.0
5203,77.35988,78.0
5204,78.29835,79.99999999999999
5205,80.51622,81.0
5206,81.31588,82.0
5207,82.215294,83.0
5208,83.06672,84.0
5209,84.10679,85.00000000000001
5210,85.02513,85.00000000000001
5211,84.91106,86.0
5212,85.837555,86.0
5213,85.804504,87.0
5214,86.70661,88.0
5215,87.6612,88.0
5216,87.703804,89.0
5217,88.57535,89.0
5218,88.65773,90.0
5219,89.55347,92.0
5220,91.4676,94.0
5221,93.545555,95.0
5222,94.51366,97.0
5223,96.84291,99.0
5224,99.36756,106.99999999999999
5225,107.80079,120.0
5226,120.35011,126.0
5227,125.88749,139.0
5228,138.86745,139.0
5229,137.01996,138.0
5230,136.11732,131.0
5231,128.64499,126.0
5232,125.10252,121.0
5233,121.268585,114.0
5234,114.049385,108.0
5235,107.89557,104.0
5236,103.81231,99.0
5237,98.81973,98.0
5238,97.716835,95.0
5239,94.50067,94.0
5240,93.65412,93.0
5241,92.3369,92.0
5242,91.37087,92.0
5243,91.41978,92.0
5244,91.38678,91.0
5245,90.43464,91.0
5246,90.48424,89.0
5247,88.587555,88.0
5248,88.124245,87.0
5249,87.13415,86.0
5250,86.17094,85.00000000000001
5251,85.65479,84.0
5252,84.74387,84.0
5253,84.20949,85.00000000000001
5254,85.301796,86.0
5255,86.20736,87.0
5256,87.10144,88.0
5257,88.03394,89.0
5258,89.007256,89.0
5259,88.87947,91.0
5260,90.8609,93.0
5261,92.70487,95.0
5262,94.637955,95.0
5263,94.73434,95.0
5264,94.68402,94.0
5265,93.75399,94.0
5266,93.40704,93.0
5267,92.5442,92.0
5268,91.53751,91.0
5269,90.52268,90.0
5270,89.40154,90.0
5271,89.52803,90.0
5272,89.133766,88.0
5273,87.226295,87.0
5274,86.86417,86.0
5275,85.84307,84.0
5276,83.56099,82.0
5277,81.517624,81.0
5278,80.75658,79.0
5279,78.90697,78.0
5280,77.71529,76.0
5281,74.790565,74.99999999999999
5282,73.60197,73.0
5283,72.167046,70.0
5284,69.32548,68.0
5285,67.53099,65.0
5286,64.725975,65.0
5287,64.68686,65.0
5288,64.65287,65.0
5289,64.719505,65.0
5290,64.802956,66.0
5291,65.78368,65.0
5292,64.72181,65.0
5293,64.6647,66.0
5294,65.80561,65.0
5295,64.85097,65.0
5296,64.71064,65.0
5297,64.65504,64.0
5298,63.74955,64.0
5299,63.761055,64.0
5300,63.709442,63.0
5301,62.710594,63.0
5302,62.721348,62.0
5303,61.760788,62.0
5304,61.748634,62.0
5305,61.702362,63.0
5306,62.724846,63.0
5307,62.731236,64.0
5308,63.78959,65.0
5309,64.768936,65.0
5310,64.76043,65.0
5311,64.76988,66.0
5312,65.75351,65.0
5313,64.73369,65.0
5314,64.62217,64.0
5315,63.66659,64.0
5316,63.665073,64.0
5317,63.753616,62.0
5318,61.624958,61.0
5319,60.574585,61.0
5320,60.625317,61.0
5321,60.593636,61.0
5322,60.715492,60.0
5323,59.696064,61.0
5324,60.606243,61.0
5325,60.715134,61.0
5326,60.928978,61.0
5327,60.614952,61.0
5328,60.635414,60.0
5329,59.616356,60.0
5330,59.688915,60.0
5331,59.638924,59.0
5332,58.66626,58.0
5333,57.695824,57.0
5334,56.69001,57.0
5335,56.722168,56.00000000000001
5336,55.64268,55.0
5337,54.653,55.0
5338,54.715816,55.0
5339,54.75624,54.0
5340,53.76859,54.0
5341,53.762577,55.0
5342,54.790493,56.00000000000001
5343,55.73732,56.00000000000001
5344,55.928844,57.0
5345,57.09896,57.0
5346,56.974083,58.0
5347,57.984623,58.0
5348,58.058044,59.0
5349,58.90084,59.0
5350,58.96736,59.0
5351,58.849766,59.0
5352,58.811016,59.0
5353,58.740826,59.0
5354,58.72668,59.0
5355,58.672653,59.0
5356,58.689423,59.0
5357,58.694427,59.0
5358,58.674095,58.0
5359,57.64729,58.0
5360,57.63231,58.0
5361,57.63105,58.0
5362,57.62245,58.0
5363,57.601574,57.0
5364,56.593605,57.0
5365,56.536938,57.0
5366,56.672623,57.0
5367,56.927547,57.0
5368,56.75734,56.00000000000001
5369,56.047993,57.0
5370,57.04794,56.00000000000001
5371,55.774334,56.00000000000001
5372,55.767014,56.00000000000001
5373,55.7733,55.0
5374,54.661602,54.0
5375,53.635723,54.0
5376,53.730015,54.0
5377,53.72282,54.0
5378,53.734016,54.0
5379,53.637405,55.0
5380,54.701496,55.0
5381,54.715046,55.0
5382,54.7059,55.0
5383,54.707874,55.0
5384,54.721066,55.0
5385,54.693035,55.0
5386,54.68196,56.00000000000001
5387,55.678055,56.00000000000001
5388,55.651894,56.00000000000001
5389,55.644554,56.00000000000001
5390,55.758804,56.00000000000001
5391,55.7065,56.00000000000001
5392,55.736004,55.0
5393,54.646755,54.0
5394,53.57366,54.0
5395,53.59356,54.0
5396,53.543114,54.0
5397,53.6222,54.0
5398,53.673416,54.0
5399,53.62603,54.0
5400,53.6978,54.0
5401,53.671967,54.0
5402,53.712,54.0
5403,53.69258,55.0
5404,54.80498,55.0
5405,54.79894,56.00000000000001
5406,55.716972,56.00000000000001
5407,55.721836,57.0
5408,56.686333,57.0
5409,56.655262,57.0
5410,56.601658,57.0
5411,56.593464,57.0
5412,56.55364,57.0
5413,56.623974,57.0
5414,56.709614,57.0
5415,56.652695,56.00000000000001
5416,55.69897,56.00000000000001
5417,55.76246,57.0
5418,57.027683,58.0
5419,57.880753,58.0
5420,57.742393,58.0
5421,57.75666,58.0
5422,57.786617,58.0
5423,57.795143,58.0
5424,57.736694,58.0
5425,57.709503,59.0
5426,58.72133,59.0
5427,58.693676,59.0
5428,58.746243,59.0
5429,58.75717,60.0
5430,59.765766,60.0
5431,59.729023,60.0
5432,59.73396,60.0
5433,59.67054,61.0
5434,60.684208,61.0
5435,60.685608,61.0
5436,60.65988,62.0
5437,61.71406,63.0
5438,62.812412,64.0
5439,63.80404,64.0
5440,63.786293,64.0
5441,63.934975,65.0
5442,65.143974,65.0
5443,65.22332,66.0
5444,66.18073,67.0
5445,67.2507,68.0
5446,68.18715,69.0
5447,68.93177,69.0
5448,68.8567,70.0
5449,69.895485,71.0
5450,70.90613,71.0
5451,70.85532,73.0
5452,72.81996,73.0
5453,72.79747,74.0
5454,73.77141,74.0
5455,73.757065,74.0
5456,73.72945,74.99999999999999
5457,74.74847,76.0
5458,75.76396,76.0
5459,75.73852,76.0
5460,75.65505,76.0
5461,75.71707,77.0
5462,76.89104,77.0
5463,76.990814,78.0
5464,78.072945,79.0
5465,79.34527,79.0
5466,79.376686,79.0
5467,79.350655,79.0
5468,79.06188,78.0
5469,77.81833,78.0
5470,77.7973,77.0
5471,76.745255,77.0
5472,76.78056,77.0
5473,76.53323,76.0
5474,75.55255,74.99999999999999
5475,74.52895,74.0
5476,73.65979,73.0
5477,72.46777,72.0
5478,71.47929,71.0
5479,70.45499,70.0
5480,69.41567,69.0
5481,68.36245,68.0
5482,67.40624,67.0
5483,66.42308,66.0
5484,65.46426,65.0
5485,64.4554,64.0
5486,63.70051,63.0
5487,62.81053,62.0
5488,61.689198,62.0
5489,61.922737,61.0
5490,60.91632,61.0
5491,61.01296,61.0
5492,60.838608,61.0
5493,60.75641,61.0
5494,60.658943,60.0
5495,59.60354,59.0
5496,58.66636,59.0
5497,58.57812,58.0
5498,57.518913,58.0
5499,57.59685,58.0
5500,57.58317,58.0
5501,57.57273,57.0
5502,56.626366,57.0
5503,56.623837,57.0
5504,56.63949,57.0
5505,56.615818,58.0
5506,57.563446,57.0
5507,56.59574,57.0
5508,56.56643,57.0
5509,56.654526,57.0
5510,56.623264,56.00000000000001
5511,55.641937,57.0
5512,56.797543,57.0
5513,56.79663,56.00000000000001
5514,55.57539,55.0
5515,54.83536,55.0
5516,54.729637,54.0
5517,53.579594,55.0
5518,54.801495,55.0
5519,54.72246,55.0
5520,54.86835,55.0
5521,54.792942,56.00000000000001
5522,55.792236,56.00000000000001
5523,55.820957,57.0
5524,56.910343,57.0
5525,56.85175,57.0
5526,56.864025,58.0
5527,57.80745,59.0
5528,59.050858,60.0
5529,59.830624,60.0
5530,59.755337,61.0
5531,60.801456,62.0
5532,61.765976,63.0
5533,62.702053,63.0
5534,62.706352,64.0
5535,63.780964,64.0
5536,63.836327,64.0
5537,63.977413,65.0
5538,65.07246,66.0
5539,66.1202,67.0
5540,67.195724,68.0
5541,68.01895,69.0
5542,69.09796,70.0
5543,70.03815,72.0
5544,72.144905,71.0
5545,70.15988,70.0
5546,69.165245,70.0
5547,69.2001,69.0
5548,68.404785,54.0
5549,53.73687,54.0
5550,53.731304,54.0
5551,53.71785,54.0
5552,53.743416,54.0
5553,53.75099,55.0
5554,54.75641,55.0
5555,54.77528,55.0
5556,54.71414,56.00000000000001
5557,55.9356,55.0
5558,54.740295,55.0
5559,54.725147,56.00000000000001
5560,55.720055,56.00000000000001
5561,55.71001,56.00000000000001
5562,55.714943,56.00000000000001
5563,55.916817,57.0
5564,56.939697,57.0
5565,56.915257,57.0
5566,56.80435,57.0
5567,56.967957,58.0
5568,58.067616,58.0
5569,57.993862,58.0
5570,57.871517,58.0
5571,57.71936,58.0
5572,57.840645,59.0
5573,58.856865,60.0
5574,59.85319,60.0
5575,59.810226,61.0
5576,60.858524,62.0
5577,61.747707,62.0
5578,61.791965,62.0
5579,61.81238,61.0
5580,60.752518,61.0
5581,60.73008,61.0
5582,60.720352,61.0
5583,60.742466,60.0
5584,59.79249,60.0
5585,59.75453,61.0
5586,60.86573,61.0
5587,60.942177,60.0
5588,59.74619,60.0
5589,59.857468,61.0
5590,60.734447,60.0
5591,59.73101,59.0
5592,58.758255,58.0
5593,57.740704,58.0
5594,57.660843,57.0
5595,56.776157,57.0
5596,56.722538,58.0
5597,57.73012,57.0
5598,56.751976,58.0
5599,57.744606,57.0
5600,56.708046,57.0
5601,56.745,58.0
5602,57.719177,57.0
5603,56.697918,57.0
5604,56.626614,57.0
5605,56.72218,57.0
5606,56.856277,57.0
5607,56.76567,57.0
5608,56.74695,56.00000000000001
5609,55.735954,56.00000000000001
5610,55.89632,56.00000000000001
5611,55.845524,57.0
5612,57.003513,57.0
5613,56.866913,57.0
5614,57.142963,57.0
5615,56.904694,56.00000000000001
5616,55.838768,56.00000000000001
5617,55.66071,56.00000000000001
5618,55.6982,56.00000000000001
5619,55.643063,56.00000000000001
5620,55.636993,69.0
5621,68.71054,71.0
5622,70.82677,72.0
5623,71.82091,73.0
5624,72.81195,74.0
5625,73.74755,74.99999999999999
5626,74.803955,76.0
5627,75.798386,77.0
5628,76.77076,78.0
5629,77.744995,79.0
5630,78.799126,79.99999999999999
5631,79.98599,79.99999999999999
5632,80.07364,81.0
5633,80.82463,81.0
5634,81.33291,81.0
5635,81.1536,81.0
5636,80.72945,81.0
5637,81.07907,79.99999999999999
5638,79.93438,79.99999999999999
5639,79.55051,79.99999999999999
5640,79.32033,79.0
5641,78.58652,79.0
5642,78.8641,78.0
5643,77.84881,77.0
5644,76.73974,59.0
5645,58.850517,59.0
5646,58.802406,59.0
5647,58.825092,60.0
5648,59.854176,61.0
5649,61.10748,64.0
5650,64.0517,66.0
5651,65.94575,67.0
5652,66.885895,69.0
5653,68.85481,70.0
5654,69.86111,72.0
5655,71.905014,72.0
5656,71.94433,73.0
5657,73.197815,73.0
5658,72.9981,73.0
5659,73.256905,74.0
5660,74.46715,74.99999999999999
5661,75.369286,76.0
5662,76.19138,76.0
5663,76.09168,76.0
5664,75.74083,76.0
5665,75.90214,76.0
5666,75.97145,74.99999999999999
5667,74.907715,74.99999999999999
5668,74.73443,55.0
5669,54.828045,56.00000000000001
5670,55.82797,55.0
5671,54.735947,55.0
5672,54.66188,54.0
5673,53.663082,54.0
5674,53.674076,54.0
5675,53.704163,54.0
5676,53.721794,54.0
5677,53.676086,54.0
5678,53.778843,54.0
5679,53.74775,54.0
5680,53.706776,55.0
5681,54.903492,55.0
5682,55.006805,56.00000000000001
5683,55.821247,56.00000000000001
5684,55.85135,56.00000000000001
5685,55.788708,56.00000000000001
5686,55.629036,55.0
5687,54.89247,55.0
5688,54.899326,55.0
5689,54.904373,55.0
5690,54.87305,56.00000000000001
5691,55.890263,56.00000000000001
5692,55.745472,44.0
5693,43.74107,42.0
5694,41.630684,38.0
5695,37.707245,34.0
5696,33.72677,31.0
5697,30.665857,30.0
5698,29.662704,30.0
5699,29.727673,30.0
5700,29.77594,31.0
5701,30.811867,32.0
5702,31.89701,32.0
5703,31.84074,31.0
5704,30.798717,32.0
5705,31.852367,33.0
5706,33.103333,33.0
5707,33.03061,34.0
5708,33.927013,36.0
5709,35.91072,37.0
5710,36.96013,39.99999999999999
5711,40.006573,39.99999999999999
5712,40.00456,42.0
5713,42.062065,43.0
5714,42.95071,44.0
5715,43.73744,42.0
5716,41.713215,70.0
5717,69.815704,69.0
5718,68.839,69.0
5719,68.96528,69.0
5720,68.95054,69.0
5721,68.869225,69.0
5722,68.83363,70.0
5723,69.87915,72.0
5724,71.82343,73.0
5725,72.7335,74.99999999999999
5726,74.773224,76.0
5727,75.96271,76.0
5728,75.93317,77.0
5729,76.73298,78.0
5730,77.98556,78.0
5731,77.93254,78.0
5732,77.84024,78.0
5733,77.83391,78.0
5734,77.85904,78.0
5735,77.79227,78.0
5736,77.73963,78.0
5737,77.8976,79.0
5738,78.84636,79.0
5739,78.6753,79.0
5740,78.69169,66.0
5741,65.74515,67.0
5742,66.8113,69.0
5743,68.8988,70.0
5744,69.867195,69.0
5745,68.7719,70.0
5746,69.909004,70.0
5747,69.72296,70.0
5748,69.770836,71.0
5749,70.7691,71.0
5750,70.59414,70.0
5751,69.751526,70.0
5752,69.887535,71.0
5753,70.85577,71.0
5754,71.258766,71.0
5755,71.14521,71.0
5756,70.994125,71.0
5757,71.08844,71.0
5758,71.32432,71.0
5759,71.13003,71.0
5760,70.946686,72.0
5761,72.04188,73.0
5762,73.201454,73.0
5763,72.939064,74.0
5764,73.96919,74.99999999999999
5765,74.69975,74.0
5766,73.72234,74.99999999999999
5767,74.88077,76.0
5768,75.881065,77.0
5769,76.90684,78.0
5770,77.79587,79.0
5771,78.83897,79.0
5772,78.7651,78.0
5773,77.413956,77.0
5774,76.41237,76.0
5775,75.56362,74.99999999999999
5776,74.658775,74.0
5777,73.862686,74.0
5778,74.15686,74.0
5779,74.2119,74.0
5780,74.55155,74.99999999999999
5781,75.4188,74.0
5782,73.9606,74.0
5783,73.86956,73.0
5784,72.76665,72.0
5785,71.84513,73.0
5786,72.81248,73.0
5787,72.82798,76.0
5788,75.983734,56.00000000000001
5789,55.704735,54.0
5790,53.663853,54.0
5791,53.700607,54.0
5792,53.70146,53.0
5793,52.696766,53.0
5794,52.732464,53.0
5795,52.755157,53.0
5796,52.8118,52.0
5797,51.707478,51.0
5798,50.6031,50.0
5799,49.53383,48.0
5800,47.478664,48.0
5801,47.46294,48.0
5802,47.455105,47.0
5803,46.39032,47.0
5804,46.376873,45.0
5805,44.29457,45.0
5806,44.327038,43.0
5807,42.29416,41.0
5808,40.280777,39.99999999999999
5809,39.38375,39.0
5810,38.463215,39.0
5811,38.51847,41.0
5812,40.6812,57.0
5813,56.6929,57.0
5814,56.70038,57.0
5815,56.826607,58.0
5816,57.99874,60.0
5817,60.045845,60.0
5818,59.84678,60.0
5819,59.756165,60.0
5820,59.724945,59.0
5821,58.674137,59.0
5822,58.776806,59.0
5823,58.721878,59.0
5824,58.357525,59.0
5825,58.516605,59.0
5826,58.572216,58.0
5827,57.602825,59.0
5828,58.673874,58.0
5829,57.433105,58.0
5830,57.785202,58.0
5831,57.79826,58.0
5832,57.757164,58.0
5833,57.757374,58.0
5834,57.76272,57.0
5835,56.68403,57.0
5836,56.679,49.0
5837,48.834305,52.0
5838,51.829205,52.0
5839,51.857895,53.0
5840,52.92971,55.0
5841,54.857956,56.00000000000001
5842,55.820587,57.0
5843,56.750423,57.0
5844,56.732872,59.0
5845,58.695473,61.0
5846,60.93047,62.0
5847,61.867416,62.0
5848,61.788445,63.0
5849,62.7596,63.0
5850,61.831684,63.0
5851,62.748707,63.0
5852,62.752884,64.0
5853,63.813583,63.0
5854,62.8283,63.0
5855,62.80895,64.0
5856,63.78302,63.0
5857,62.732403,64.0
5858,63.758656,64.0
5859,63.701538,64.0
5860,63.684246,64.0
5861,63.8024,64.0
5862,63.8305,65.0
5863,65.035645,66.0
5864,66.02367,66.0
5865,65.889824,66.0
5866,65.7438,66.0
5867,65.750534,65.0
5868,64.71511,65.0
5869,64.77941,64.0
5870,63.767586,63.0
5871,62.710373,62.0
5872,61.671318,62.0
5873,61.748642,62.0
5874,61.78155,61.0
5875,60.618084,61.0
5876,60.17126,61.0
5877,60.36669,61.0
5878,60.649574,61.0
5879,60.82695,61.0
5880,60.92641,61.0
5881,60.737114,60.0
5882,59.702736,60.0
5883,59.700184,59.0
5884,58.672905,58.0
5885,57.692345,57.0
5886,56.69346,55.0
5887,54.694214,53.0
5888,52.748356,52.0
5889,51.720055,50.0
5890,49.675514,48.0
5891,47.71029,47.0
5892,46.73298,47.0
5893,46.832855,49.0
5894,48.830177,50.0
5895,49.60395,51.0
5896,50.69493,51.0
5897,50.68892,52.0
5898,51.729084,52.0
5899,51.740532,52.0
5900,51.70388,52.0
5901,51.68431,52.0
5902,51.854923,52.0
5903,51.83289,52.0
5904,51.668777,52.0
5905,51.66312,52.0
5906,51.698338,52.0
5907,51.73483,52.0
5908,51.698,52.0
5909,51.721134,52.0
5910,51.705116,51.0
5911,50.682964,50.0
5912,49.688286,49.0
5913,48.685425,48.0
5914,47.6457,48.0
5915,47.64653,46.0
5916,45.618008,43.0
5917,42.61141,39.0
5918,38.60204,39.0
5919,38.502636,37.0
5920,36.447273,37.0
5921,36.423412,37.0
5922,36.44369,38.0
5923,37.40875,41.0
5924,40.615345,45.0
5925,44.48456,46.0
5926,45.58397,48.0
5927,47.76146,47.0
5928,46.846893,48.0
5929,47.842228,49.0
5930,48.82317,50.0
5931,49.77943,51.0
5932,50.756298,51.0
5933,50.68825,51.0
5934,50.733494,52.0
5935,51.739613,52.0
5936,51.69496,52.0
5937,51.703457,53.0
5938,52.716736,53.0
5939,52.70313,53.0
5940,52.673676,54.0
5941,53.64013,55.0
5942,54.789227,56.00000000000001
5943,55.867,56.00000000000001
5944,55.72153,57.0
5945,56.695267,56.00000000000001
5946,55.62304,55.0
5947,54.701244,55.0
5948,54.698692,54.0
5949,53.760445,54.0
5950,53.75272,54.0
5951,53.8533,54.0
5952,53.838272,54.0
5953,53.855865,53.0
5954,52.8598,53.0
5955,52.843964,52.0
5956,51.829998,53.0
5957,52.836422,53.0
5958,52.859688,52.0
5959,51.860245,53.0
5960,52.840034,53.0
5961,52.823048,53.0
5962,52.793453,53.0
5963,52.77151,53.0
5964,52.770206,53.0
5965,52.718605,53.0
5966,52.75087,53.0
5967,52.759094,53.0
5968,52.64444,53.0
5969,52.690838,53.0
5970,52.61838,53.0
5971,52.625416,53.0
5972,52.688644,52.0
5973,51.630768,52.0
5974,51.65206,52.0
5975,51.623936,52.0
5976,51.709373,54.0
5977,53.952003,54.0
5978,53.84666,55.0
5979,54.91106,56.00000000000001
5980,55.86284,57.0
5981,56.820377,58.0
5982,57.84136,58.0
5983,57.79676,58.0
5984,57.72701,58.0
5985,57.67296,58.0
5986,57.65206,58.0
5987,57.643112,58.0
5988,57.635433,58.0
5989,57.62449,58.0
5990,57.66056,57.0
5991,56.732197,59.0
5992,59.02872,60.0
5993,60.007816,61.0
5994,60.954853,62.0
5995,61.831097,62.0
5996,61.849648,62.0
5997,61.765015,62.0
5998,61.73817,63.0
5999,62.88114,63.0
6000,62.91686,63.0
6001,62.822147,62.0
6002,61.82837,61.0
6003,60.749508,61.0
6004,60.73821,60.0
6005,59.736935,60.0
6006,59.70485,59.0
6007,58.69761,60.0
6008,59.740074,60.0
6009,59.801003,61.0
6010,60.767612,61.0
6011,60.698116,61.0
6012,60.68762,61.0
6013,60.709393,61.0
6014,60.723774,61.0
6015,60.640865,59.0
6016,58.58915,57.0
6017,56.61296,56.00000000000001
6018,55.56082,55.0
6019,54.625862,55.0
6020,54.86546,55.0
6021,54.792625,55.0
6022,54.77136,55.0
6023,54.768997,54.0
6024,53.81342,54.0
6025,53.824898,54.0
6026,53.78816,54.0
6027,53.736813,54.0
6028,53.800266,54.0
6029,53.85849,54.0
6030,53.755493,54.0
6031,53.723656,54.0
6032,53.738884,53.0
6033,52.737495,53.0
6034,52.745003,53.0
6035,52.783993,54.0
6036,53.7781,55.0
6037,55.062546,58.0
6038,58.149868,59.0
6039,58.96722,60.0
6040,59.751377,60.0
6041,59.726315,61.0
6042,60.74245,61.0
6043,60.806873,61.0
6044,60.792625,61.0
6045,60.796062,62.0
6046,61.83519,62.0
6047,61.854046,63.0
6048,62.838127,63.0
6049,62.758526,63.0
6050,62.75603,63.0
6051,62.726006,62.0
6052,61.71803,62.0
6053,61.73361,62.0
6054,61.729233,61.0
6055,60.706642,61.0
6056,60.752815,61.0
6057,60.769054,60.0
6058,59.704796,59.0
6059,58.69935,58.0
6060,57.673428,55.0
6061,54.670128,52.0
6062,51.68855,51.0
6063,50.801594,51.0
6064,50.77879,52.0
6065,51.77546,52.0
6066,51.737,52.0
6067,51.668354,51.0
6068,50.52477,49.0
6069,48.495773,48.0
6070,47.6401,46.0
6071,45.71959,43.0
6072,42.782146,42.0
6073,41.821472,43.0
6074,42.896103,45.0
6075,44.886745,46.0
6076,45.898117,47.0
6077,46.877728,47.0
6078,46.873405,46.0
6079,45.790928,45.0
6080,44.80096,44.0
6081,43.877758,44.0
6082,43.80693,44.0
6083,43.73597,45.0
6084,44.75287,46.0
6085,45.774757,46.0
6086,45.75756,45.0
6087,44.685844,45.0
6088,44.652332,43.0
6089,42.498283,42.0
6090,41.426533,39.99999999999999
6091,39.355503,41.0
6092,40.438828,42.0
6093,41.520245,42.0
6094,41.71744,41.0
6095,40.642986,41.0
6096,40.71828,39.99999999999999
6097,39.79987,38.0
6098,37.91431,36.0
6099,35.960903,34.0
6100,34.078056,34.0
6101,34.121403,32.0
6102,32.037544,33.0
6103,32.97156,33.0
6104,32.884922,33.0
6105,32.848534,34.0
6106,33.87311,35.0
6107,34.973843,34.0
6108,33.91304,34.0
6109,33.801476,35.0
6110,34.894157,36.0
6111,35.825146,35.0
6112,34.684933,35.0
6113,34.473766,35.0
6114,34.451416,37.0
6115,36.485306,38.0
6116,37.623333,39.0
6117,38.556118,38.0
6118,37.39138,38.0
6119,37.307034,38.0
6120,37.547012,38.0
6121,37.59917,38.0
6122,37.669724,42.0
6123,42.04473,43.0
6124,42.99609,43.0
6125,42.822224,43.0
6126,42.60746,42.0
6127,41.69066,41.0
6128,40.724434,41.0
6129,40.76343,41.0
6130,40.819252,41.0
6131,40.83166,41.0
6132,40.873062,42.0
6133,41.726006,41.0
6134,40.694645,39.99999999999999
6135,39.732044,39.0
6136,38.581093,39.99999999999999
6137,39.533207,41.0
6138,40.57215,41.0
6139,40.54767,39.0
6140,38.7155,37.0
6141,36.80659,37.0
6142,36.477726,38.0
6143,37.613598,38.0
6144,37.604404,38.0
6145,37.787235,41.0
6146,41.134274,39.99999999999999
6147,39.933014,39.0
6148,38.90794,39.0
6149,38.91603,39.99999999999999
6150,39.834988,41.0
6151,40.84993,42.0
6152,41.84047,43.0
6153,42.8355,42.0
6154,41.82859,43.0
6155,42.861397,43.0
6156,42.83928,44.0
6157,43.854065,47.0
6158,46.824333,47.0
6159,46.75406,46.0
6160,45.531567,47.0
6161,46.572193,45.0
6162,44.429554,44.0
6163,43.38888,44.0
6164,43.416233,44.0
6165,43.44019,44.0
6166,43.533474,44.0
6167,43.50965,44.0
6168,43.575176,43.0
6169,42.546844,39.99999999999999
6170,39.62851,41.0
6171,40.842506,41.0
6172,40.799126,41.0
6173,40.85114,39.99999999999999
6174,39.812786,39.99999999999999
6175,39.843906,39.99999999999999
6176,39.864395,41.0
6177,40.954727,42.0
6178,41.871845,42.0
6179,41.87662,41.0
6180,40.83468,39.99999999999999
6181,39.78668,38.0
6182,37.763256,35.0
6183,34.715065,36.0
6184,35.674477,36.0
6185,35.651226,37.0
6186,36.751747,39.0
6187,38.57046,39.0
6188,38.432907,39.0
6189,38.417797,39.0
6190,38.737076,41.0
6191,40.876747,42.0
6192,41.883904,44.0
6193,43.857075,46.0
6194,45.85118,44.0
6195,43.90972,46.0
6196,45.988125,48.0
6197,47.940342,51.0
6198,50.851566,52.0
6199,51.74352,52.0
6200,51.74332,52.0
6201,51.749397,51.0
6202,50.747715,51.0
6203,50.761124,51.0
6204,50.662224,52.0
6205,51.676712,52.0
6206,51.631443,52.0
6207,51.670193,52.0
6208,51.670357,52.0
6209,51.705063,51.0
6210,50.539013,49.0
6211,48.51649,51.0
6212,50.75057,52.0
6213,51.6588,52.0
6214,51.845337,52.0
6215,51.828922,52.0
6216,51.831112,52.0
6217,51.832176,52.0
6218,51.754642,51.0
6219,50.689297,48.0
6220,47.631626,45.0
6221,44.671143,42.0
6222,41.76308,39.99999999999999
6223,39.849464,39.0
6224,38.795544,39.0
6225,38.814053,39.0
6226,38.81054,39.99999999999999
6227,39.878284,43.0
6228,42.87292,45.0
6229,44.82562,48.0
6230,47.81701,48.0
6231,47.600025,47.0
6232,46.593155,47.0
6233,46.664013,48.0
6234,47.6645,48.0
6235,47.643574,47.0
6236,46.635376,47.0
6237,46.62127,47.0
6238,46.62459,46.0
6239,45.55577,47.0
6240,46.70135,49.0
6241,48.841484,49.0
6242,48.87957,49.0
6243,48.845825,50.0
6244,49.716587,50.0
6245,49.739822,51.0
6246,50.68796,51.0
6247,50.669704,51.0
6248,50.718197,51.0
6249,50.756588,52.0
6250,51.7909,52.0
6251,51.862183,51.0
6252,50.914574,50.0
6253,49.866737,48.0
6254,47.794804,49.0
6255,48.81077,50.0
6256,49.683746,50.0
6257,49.684982,51.0
6258,50.67475,51.0
6259,50.603203,51.0
6260,50.595287,52.0
6261,51.75111,51.0
6262,50.667027,51.0
6263,50.793884,50.0
6264,49.773823,48.0
6265,47.859795,49.0
6266,48.82941,49.0
6267,48.728092,50.0
6268,49.728912,59.0
6269,58.74056,59.0
6270,58.71568,60.0
6271,59.789387,61.0
6272,60.827778,62.0
6273,61.822266,62.0
6274,61.801147,63.0
6275,62.812893,64.0
6276,63.796062,63.0
6277,62.702152,64.0
6278,63.697468,65.0
6279,64.76518,65.0
6280,64.819244,65.0
6281,64.51648,65.0
6282,64.761536,64.0
6283,63.68587,64.0
6284,63.963932,63.0
6285,62.892113,63.0
6286,62.927208,63.0
6287,62.930573,64.0
6288,63.919067,63.0
6289,62.909885,64.0
6290,64.0109,66.0
6291,66.014206,66.0
6292,66.01962,56.00000000000001
6293,55.682804,56.00000000000001
6294,55.65633,55.0
6295,54.706593,55.0
6296,54.762234,54.0
6297,53.705593,54.0
6298,53.705193,54.0
6299,53.664143,54.0
6300,53.61246,54.0
6301,53.62015,53.0
6302,52.599422,53.0
6303,52.6002,53.0
6304,52.82486,53.0
6305,53.01463,53.0
6306,52.97431,53.0
6307,52.946934,54.0
6308,54.068527,54.0
6309,53.991554,54.0
6310,53.771713,55.0
6311,54.79833,55.0
6312,54.7377,55.0
6313,54.732254,55.0
6314,54.638683,54.0
6315,53.61262,53.0
6316,52.634174,56.00000000000001
6317,55.729465,55.0
6318,54.71564,55.0
6319,54.741158,55.0
6320,54.747475,55.0
6321,54.71805,53.0
6322,52.67962,53.0
6323,52.70744,52.0
6324,51.653038,51.0
6325,50.698917,45.0
6326,44.643917,44.0
6327,43.628593,45.0
6328,44.836872,46.0
6329,45.982483,45.0
6330,44.996136,45.0
6331,45.05971,43.0
6332,42.651726,42.0
6333,41.57041,38.0
6334,37.52304,35.0
6335,34.494507,34.0
6336,33.733925,35.0
6337,34.69689,36.0
6338,35.820126,36.0
6339,35.933243,37.0
6340,36.882095,74.99999999999999
6341,74.874084,74.0
6342,73.83147,74.0
6343,73.761986,73.0
6344,72.803795,74.0
6345,73.797966,73.0
6346,72.75527,72.0
6347,71.72926,71.0
6348,70.76371,71.0
6349,70.76474,71.0
6350,70.84107,71.0
6351,70.86978,70.0
6352,69.973335,70.0
6353,70.035,70.0
6354,70.1945,70.0
6355,70.23817,70.0
6356,70.190704,70.0
6357,70.08921,70.0
6358,69.960655,70.0
6359,69.9719,70.0
6360,69.807556,71.0
6361,70.87799,71.0
6362,70.84849,71.0
6363,70.8731,71.0
6364,70.77868,74.99999999999999
6365,74.72789,74.99999999999999
6366,74.69624,74.0
6367,73.678955,74.0
6368,73.6938,71.0
6369,70.650444,69.0
6370,68.71258,68.0
6371,67.74703,67.0
6372,66.76689,66.0
6373,65.74023,65.0
6374,64.827446,65.0
6375,64.91205,65.0
6376,65.02559,64.0
6377,64.07213,64.0
6378,64.11333,64.0
6379,64.07043,64.0
6380,64.244125,65.0
6381,65.353004,64.0
6382,64.202774,64.0
6383,63.970768,63.0
6384,62.91328,64.0
6385,63.81964,64.0
6386,63.870575,64.0
6387,63.846508,64.0
6388,63.794636,56.00000000000001
6389,55.89867,57.0
6390,56.858288,57.0
6391,56.774296,58.0
6392,57.78338,58.0
6393,57.538433,58.0
6394,57.53181,57.0
6395,56.656033,57.0
6396,56.620296,56.00000000000001
6397,55.660675,56.00000000000001
6398,55.67462,55.0
6399,54.657448,55.0
6400,54.70683,54.0
6401,53.79318,54.0
6402,54.07512,54.0
6403,54.24252,55.0
6404,55.248566,55.0
6405,55.266502,56.00000000000001
6406,55.92173,56.00000000000001
6407,55.903885,56.00000000000001
6408,55.91281,56.00000000000001
6409,55.991634,55.0
6410,54.98541,55.0
6411,54.785038,54.0
6412,53.813053,41.0
6413,40.70636,42.0
6414,41.80456,44.0
6415,43.803696,45.0
6416,44.815952,50.0
6417,49.900597,52.0
6418,51.849514,53.0
6419,52.750023,53.0
6420,52.71983,54.0
6421,53.62886,54.0
6422,53.64871,54.0
6423,53.785465,55.0
6424,54.837906,55.0
6425,54.77933,55.0
6426,54.73507,55.0
6427,54.733986,55.0
6428,54.70024,55.0
6429,54.88297,55.0
6430,54.65665,55.0
6431,54.693226,55.0
6432,54.76342,56.00000000000001
6433,55.803246,56.00000000000001
6434,55.77181,57.0
6435,56.8274,57.0
6436,56.803898,79.99999999999999
6437,79.748344,81.0
6438,80.765236,81.0
6439,80.77482,79.99999999999999
6440,79.76874,81.0
6441,80.802895,81.0
6442,80.79994,81.0
6443,80.76358,81.0
6444,80.72104,81.0
6445,80.68395,81.0
6446,80.8612,81.0
6447,80.672104,81.0
6448,80.25167,81.0
6449,80.64828,81.0
6450,80.82539,81.0
6451,81.091965,81.0
6452,80.90409,81.0
6453,80.06915,79.99999999999999
6454,79.78217,79.99999999999999
6455,79.60346,79.99999999999999
6456,79.64928,79.0
6457,78.72999,78.0
6458,77.808136,78.0
6459,77.58655,77.0
6460,76.60316,74.0
6461,74.00358,74.99999999999999
6462,75.151634,74.99999999999999
6463,74.98946,77.0
6464,77.022675,78.0
6465,77.787445,78.0
6466,77.81762,79.0
6467,78.77273,79.99999999999999
6468,79.83599,79.99999999999999
6469,79.744026,81.0
6470,80.684654,82.0
6471,81.67815,83.0
6472,83.03223,84.0
6473,83.85361,84.0
6474,83.87263,85.00000000000001
6475,85.07711,86.0
6476,86.37144,87.0
6477,87.28769,88.0
6478,87.926636,89.0
6479,88.80457,89.0
6480,88.864944,89.0
6481,89.332275,89.0
6482,89.17253,90.0
6483,90.07917,91.0
6484,90.89264,78.0
6485,77.84105,78.0
6486,77.753975,77.0
6487,76.8007,74.99999999999999
6488,74.77315,73.0
6489,72.79012,72.0
6490,71.68009,70.0
6491,69.71518,69.0
6492,68.71419,69.0
6493,68.70319,70.0
6494,69.694626,70.0
6495,69.919815,71.0
6496,71.12823,72.0
6497,72.29133,72.0
6498,72.3263,72.0
6499,72.439865,72.0
6500,72.53338,72.0
6501,72.19905,72.0
6502,71.960106,73.0
6503,72.94088,74.0
6504,73.88846,74.0
6505,73.82897,74.99999999999999
6506,74.82204,76.0
6507,75.80037,73.0
6508,72.79982,43.0
6509,42.67115,44.0
6510,43.660965,47.0
6511,46.910458,47.0
6512,46.85021,48.0
6513,47.828552,47.0
6514,46.809765,46.0
6515,45.792828,44.0
6516,43.7783,41.0
6517,40.76672,42.0
6518,41.74419,42.0
6519,41.563,41.0
6520,40.409485,41.0
6521,40.38372,42.0
6522,41.382725,41.0
6523,40.288223,42.0
6524,41.336586,42.0
6525,41.336,43.0
6526,42.48946,45.0
6527,44.540627,46.0
6528,45.540497,48.0
6529,47.6403,48.0
6530,47.578423,47.0
6531,46.61764,47.0
6532,46.758873,57.0
6533,56.72663,57.0
6534,56.729515,56.00000000000001
6535,55.723225,54.0
6536,53.72782,51.0
6537,50.73148,47.0
6538,46.710266,44.0
6539,43.731834,42.0
6540,41.71657,41.0
6541,40.64105,39.0
6542,38.75502,38.0
6543,37.652687,39.99999999999999
6544,39.786938,41.0
6545,40.691845,41.0
6546,40.745617,41.0
6547,40.689873,39.0
6548,38.942474,38.0
6549,37.950943,39.0
6550,38.912888,39.0
6551,38.874664,39.99999999999999
6552,39.788944,39.0
6553,38.82569,39.0
6554,38.893303,39.99999999999999
6555,39.732277,42.0
6556,41.803284,43.0
6557,42.81399,42.0
6558,41.740078,42.0
6559,41.753613,43.0
6560,42.77786,44.0
6561,43.74553,45.0
6562,44.699894,46.0
6563,45.742172,47.0
6564,46.747814,48.0
6565,47.768223,49.0
6566,48.750225,50.0
6567,49.683357,50.0
6568,49.58817,50.0
6569,49.618526,49.0
6570,48.495018,49.0
6571,48.520683,52.0
6572,51.72969,53.0
6573,52.894955,53.0
6574,52.873478,53.0
6575,52.84507,53.0
6576,52.831482,53.0
6577,52.75247,53.0
6578,52.772125,53.0
6579,52.763393,53.0
6580,52.774338,53.0
6581,52.798176,54.0
6582,53.781414,53.0
6583,52.71271,53.0
6584,52.779217,53.0
6585,52.797867,53.0
6586,52.819447,53.0
6587,52.82489,53.0
6588,52.78774,53.0
6589,52.804832,53.0
6590,52.80744,53.0
6591,52.752384,53.0
6592,52.73014,52.0
6593,51.56307,52.0
6594,51.566925,53.0
6595,52.626614,51.0
6596,50.50714,49.0
6597,48.505955,48.0
6598,47.51248,47.0
6599,46.705505,48.0
6600,47.821434,48.0
6601,47.762108,49.0
6602,48.780056,49.0
6603,48.734596,47.0
6604,46.787567,45.0
6605,44.81583,44.0
6606,43.80839,45.0
6607,44.78456,44.0
6608,43.748627,44.0
6609,43.74517,43.0
6610,42.728867,42.0
6611,41.716854,42.0
6612,41.66744,42.0
6613,41.680824,41.0
6614,40.740555,43.0
6615,42.840454,44.0
6616,43.669388,45.0
6617,44.557453,45.0
6618,44.53239,43.0
6619,42.33687,47.0
6620,46.676,47.0
6621,46.68761,48.0
6622,47.861805,49.0
6623,48.84436,50.0
6624,49.867725,51.0
6625,50.830864,51.0
6626,50.764217,52.0
6627,51.81033,53.0
6628,52.779034,54.0
6629,53.79381,55.0
6630,54.91943,56.00000000000001
6631,55.835766,57.0
6632,56.853657,58.0
6633,57.77189,58.0
6634,57.76231,59.0
6635,58.72323,59.0
6636,58.678753,59.0
6637,58.682224,59.0
6638,58.61214,58.0
6639,57.668655,58.0
6640,57.642544,58.0
6641,57.59061,59.0
6642,58.684338,60.0
6643,59.676846,59.0
6644,58.392727,59.0
6645,58.64389,60.0
6646,59.724617,60.0
6647,59.70883,59.0
6648,58.73442,59.0
6649,58.700626,59.0
6650,58.580425,58.0
6651,57.557693,58.0
6652,57.61642,57.0
6653,56.67356,56.00000000000001
6654,55.664833,55.0
6655,54.611134,54.0
6656,53.602245,53.0
6657,52.554222,52.0
6658,51.586582,52.0
6659,51.571358,52.0
6660,51.468334,52.0
6661,51.411236,52.0
6662,51.522892,52.0
6663,51.671394,52.0
6664,51.712337,53.0
6665,52.614933,52.0
6666,51.556442,52.0
6667,51.543427,52.0
6668,51.52671,52.0
6669,51.460335,51.0
6670,50.255814,49.0
6671,48.033638,48.0
6672,47.481586,48.0
6673,47.511257,47.0
6674,46.61351,47.0
6675,46.673973,47.0
6676,46.67731,48.0
6677,47.67834,51.0
6678,50.65852,52.0
6679,51.644474,52.0
6680,51.63062,52.0
6681,51.600075,53.0
6682,52.648746,53.0
6683,52.650646,53.0
6684,52.696663,53.0
6685,52.649845,54.0
6686,53.614346,54.0
6687,53.688625,53.0
6688,52.645256,53.0
6689,52.670288,53.0
6690,52.57153,53.0
6691,52.575386,54.0
6692,53.585007,54.0
6693,53.5726,54.0
6694,53.62201,55.0
6695,54.64489,55.0
6696,54.6558,55.0
6697,54.634903,55.0
6698,54.689053,55.0
6699,54.68666,54.0
6700,53.648445,54.0
6701,53.66357,53.0
6702,52.71446,53.0
6703,52.677246,52.0
6704,51.703114,52.0
6705,51.71095,52.0
6706,51.711945,52.0
6707,51.72317,52.0
6708,51.75203,53.0
6709,52.746056,53.0
6710,52.759933,53.0
6711,52.633923,53.0
6712,52.6639,53.0
6713,52.59815,52.0
6714,51.436935,52.0
6715,51.516766,52.0
6716,51.59897,52.0
6717,51.678238,52.0
6718,51.725834,52.0
6719,51.764095,52.0
6720,51.66694,52.0
6721,51.682377,53.0
6722,52.64064,54.0
6723,53.5738,54.0
6724,53.625668,55.0
6725,54.69369,55.0
6726,54.59972,55.0
6727,54.62677,56.00000000000001
6728,55.619057,56.00000000000001
6729,55.595913,55.0
6730,54.55716,56.00000000000001
6731,55.648865,56.00000000000001
6732,55.631298,55.0
6733,54.576748,56.00000000000001
6734,55.769897,56.00000000000001
6735,55.73398,56.00000000000001
6736,55.726734,56.00000000000001
6737,55.726284,57.0
6738,56.743477,57.0
6739,56.723408,58.0
6740,57.785767,58.0
6741,57.79908,58.0
6742,57.734364,57.0
6743,56.648983,58.0
6744,57.705643,58.0
6745,57.690388,57.0
6746,56.6695,57.0
6747,56.63806,57.0
6748,56.67203,57.0
6749,56.691708,57.0
6750,56.67059,58.0
6751,57.605625,58.0
6752,57.624813,58.0
6753,57.63768,59.0
6754,58.59701,59.0
6755,58.633995,59.0
6756,58.66674,59.0
6757,58.656384,57.0
6758,56.63542,56.00000000000001
6759,55.645515,55.0
6760,54.579273,55.0
6761,54.568653,54.0
6762,53.53512,54.0
6763,53.53363,53.0
6764,52.584175,52.0
6765,51.67347,52.0
6766,51.676754,53.0
6767,52.68199,53.0
6768,52.712612,53.0
6769,52.72035,53.0
6770,52.64167,52.0
6771,51.700127,52.0
6772,51.683865,51.0
6773,50.728306,49.0
6774,48.72068,48.0
6775,47.67726,46.0
6776,45.69191,44.0
6777,43.666317,42.0
6778,41.683357,41.0
6779,40.650017,42.0
6780,41.613285,42.0
6781,41.67211,45.0
6782,44.70536,47.0
6783,46.547565,47.0
6784,46.46015,48.0
6785,47.4726,49.0
6786,48.46207,49.0
6787,48.45428,50.0
6788,49.5411,52.0
6789,51.68461,53.0
6790,52.680397,53.0
6791,52.605484,53.0
6792,52.67117,52.0
6793,51.629986,53.0
6794,52.646328,54.0
6795,53.737778,55.0
6796,54.768517,56.00000000000001
6797,55.711266,57.0
6798,56.729588,58.0
6799,57.675385,58.0
6800,57.647198,58.0
6801,57.672146,59.0
6802,58.66747,59.0
6803,58.65872,58.0
6804,57.60927,58.0
6805,57.58976,58.0
6806,57.588524,57.0
6807,56.537647,58.0
6808,57.63107,57.0
6809,56.590866,57.0
6810,56.39728,57.0
6811,56.483654,56.00000000000001
6812,55.426228,56.00000000000001
6813,55.5482,55.0
6814,54.57402,55.0
6815,54.588623,55.0
6816,54.609104,55.0
6817,54.634384,55.0
6818,54.688374,55.0
6819,54.686775,54.0
6820,53.651077,53.0
6821,52.637775,52.0
6822,51.642628,52.0
6823,51.645237,51.0
6824,50.682777,50.0
6825,49.66722,48.0
6826,47.64217,46.0
6827,45.63104,45.0
6828,44.61525,45.0
6829,44.632763,44.0
6830,43.619503,44.0
6831,43.589985,44.0
6832,43.506245,43.0
6833,42.449776,44.0
6834,43.3595,43.0
6835,42.262493,43.0
6836,42.33906,43.0
6837,42.34427,44.0
6838,43.530403,44.0
6839,43.506313,43.0
6840,42.52928,43.0
6841,42.5764,44.0
6842,43.626133,44.0
6843,43.650467,45.0
6844,44.599426,46.0
6845,45.546894,47.0
6846,46.51776,47.0
6847,46.532185,48.0
6848,47.495777,49.0
6849,48.48532,51.0
6850,50.500156,52.0
6851,51.53996,52.0
6852,51.58435,52.0
6853,51.528873,52.0
6854,51.583424,53.0
6855,52.71067,55.0
6856,54.904385,57.0
6857,56.93455,58.0
6858,57.780746,59.0
6859,58.795315,59.0
6860,58.26819,60.0
6861,59.171413,59.0
6862,57.819817,59.0
6863,58.034515,59.0
6864,58.69572,59.0
6865,58.719788,58.0
6866,57.684464,58.0
6867,57.70126,58.0
6868,57.686726,59.0
6869,58.70834,59.0
6870,58.661057,59.0
6871,58.676018,58.0
6872,57.637794,58.0
6873,57.63356,58.0
6874,57.72179,58.0
6875,57.71039,58.0
6876,57.659725,59.0
6877,58.616978,59.0
6878,58.614037,59.0
6879,58.685192,58.0
6880,57.719635,57.0
6881,56.7601,56.00000000000001
6882,55.602016,55.0
6883,54.560555,55.0
6884,54.627983,55.0
6885,54.74,56.00000000000001
6886,55.745903,56.00000000000001
6887,55.693745,56.00000000000001
6888,55.727383,56.00000000000001
6889,55.66659,56.00000000000001
6890,55.660408,55.0
6891,54.63616,55.0
6892,54.66588,54.0
6893,53.625263,54.0
6894,53.643726,54.0
6895,53.680206,54.0
6896,53.675457,54.0
6897,53.6389,54.0
6898,53.680256,53.0
6899,52.647644,52.0
6900,51.656887,52.0
6901,51.613716,52.0
6902,51.5989,52.0
6903,51.634354,51.0
6904,50.58049,50.0
6905,49.548565,49.0
6906,48.533222,48.0
6907,47.401344,49.0
6908,48.551834,50.0
6909,49.58142,48.0
6910,47.54371,49.0
6911,48.64312,50.0
6912,49.72002,52.0
6913,51.83424,52.0
6914,51.676144,53.0
6915,52.768955,54.0
6916,53.685986,54.0
6917,53.683807,55.0
6918,54.632607,56.00000000000001
6919,55.634487,56.00000000000001
6920,55.61563,57.0
6921,56.674484,57.0
6922,56.727234,58.0
6923,57.65472,59.0
6924,58.647835,59.0
6925,58.616184,60.0
6926,59.77924,60.0
6927,59.747017,61.0
6928,60.707787,60.0
6929,59.7105,61.0
6930,60.722492,61.0
6931,60.746063,60.0
6932,59.72353,60.0
6933,59.734863,60.0
6934,59.75724,60.0
6935,59.800053,60.0
6936,59.71723,58.0
6937,57.72405,58.0
6938,57.661076,57.0
6939,56.65921,56.00000000000001
6940,55.641174,56.00000000000001
6941,55.64886,56.00000000000001
6942,55.735107,56.00000000000001
6943,55.665695,57.0
6944,56.68268,57.0
6945,56.665306,56.00000000000001
6946,55.685886,56.00000000000001
6947,55.695267,56.00000000000001
6948,55.69395,55.0
6949,54.71204,55.0
6950,54.699276,55.0
6951,54.703716,55.0
6952,54.689743,55.0
6953,54.602875,55.0
6954,54.62559,55.0
6955,54.544033,54.0
6956,53.579395,54.0
6957,53.708805,54.0
6958,53.723213,54.0
6959,53.737392,54.0
6960,53.68472,54.0
6961,53.677525,54.0
6962,53.68928,54.0
6963,53.640102,54.0
6964,53.667824,54.0
6965,53.679775,53.0
6966,52.65907,52.0
6967,51.6567,52.0
6968,51.650135,51.0
6969,50.618,49.0
6970,48.639713,48.0
6971,47.669476,48.0
6972,47.67767,48.0
6973,47.611385,49.0
6974,48.617855,50.0
6975,49.790035,48.0
6976,47.570522,50.0
6977,49.64562,51.0
6978,50.629917,51.0
6979,50.532734,52.0
6980,51.591423,51.0
6981,50.52994,51.0
6982,50.612064,51.0
6983,50.601986,51.0
6984,50.602173,50.0
6985,49.60186,50.0
6986,49.7063,50.0
6987,49.690804,49.0
6988,48.67633,48.0
6989,47.6608,48.0
6990,47.657265,47.0
6991,46.62491,47.0
6992,46.656784,47.0
6993,46.64456,48.0
6994,47.66162,48.0
6995,47.642483,47.0
6996,46.64441,45.0
6997,44.564335,44.0
6998,43.575466,41.0
6999,40.47548,42.0
7000,41.411842,42.0
7001,41.45995,41.0
7002,40.325066,42.0
7003,41.323936,45.0
7004,44.79717,45.0
7005,44.415226,44.0
7006,43.503292,44.0
7007,43.589977,44.0
7008,43.627525,45.0
7009,44.63537,46.0
7010,45.663754,45.0
7011,44.59887,45.0
