,prediction,actual
0,56.571976,58.0
1,56.4058,58.0
2,56.59082,59.0
3,56.80661,59.0
4,57.293095,59.0
5,57.852505,58.0
6,58.127853,58.0
7,57.915257,58.0
8,57.577606,58.0
9,57.30946,58.0
10,57.179493,58.0
11,57.22706,58.0
12,57.40011,58.0
13,57.648705,58.0
14,57.851753,58.0
15,57.92654,58.0
16,57.7879,58.0
17,57.666904,58.0
18,57.558247,57.0
19,57.676075,57.0
20,57.399525,57.0
21,57.018147,57.0
22,56.67643,57.0
23,56.438683,57.0
24,56.186928,56.0
25,55.9336,56.0
26,55.38791,56.0
27,54.923923,56.0
28,54.5775,56.0
29,54.42703,58.0
30,54.39847,58.0
31,55.293884,58.0
32,56.299973,57.0
33,57.073902,57.0
34,57.219456,57.0
35,57.018066,57.0
36,56.70611,57.0
37,56.440685,57.0
38,56.284595,57.0
39,56.247295,57.0
40,56.41144,57.0
41,56.620174,56.0
42,56.756622,56.0
43,56.465214,56.0
44,55.96088,55.0
45,55.556828,55.0
46,54.921005,55.0
47,54.420837,55.0
48,54.183655,55.0
49,54.01935,55.0
50,53.93082,55.0
51,53.880585,55.0
52,53.78894,55.0
53,53.705956,53.99999999999999
54,53.645893,55.0
55,53.382214,55.0
56,53.439438,55.0
57,53.628216,55.0
58,53.887802,55.0
59,54.12633,55.0
60,54.30869,55.0
61,54.427067,55.0
62,54.508587,55.0
63,54.602592,55.0
64,54.744247,56.0
65,54.960526,56.0
66,55.47502,56.0
67,55.895065,56.0
68,56.00774,57.0
69,55.804043,57.0
70,55.7547,57.0
71,55.653072,57.0
72,55.342342,57.0
73,55.005184,57.0
74,54.74192,57.0
75,54.551212,57.0
76,54.454266,57.0
77,54.43019,56.0
78,54.489822,55.0
79,54.305954,55.0
80,53.84471,55.0
81,53.446987,55.0
82,53.28127,55.0
83,53.317963,55.0
84,53.523857,53.99999999999999
85,53.768875,53.99999999999999
86,53.714912,53.99999999999999
87,53.63549,53.99999999999999
88,53.60052,53.99999999999999
89,53.602665,53.99999999999999
90,53.565083,53.99999999999999
91,53.38136,53.99999999999999
92,53.253426,55.0
93,53.031025,55.0
94,53.182827,55.0
95,53.159122,55.0
96,52.755062,55.0
97,52.414047,55.0
98,52.372875,55.0
99,52.445744,55.0
100,52.550037,56.0
101,52.658962,56.0
102,53.150486,57.0
103,53.725224,57.0
104,54.536976,57.0
105,55.217007,57.0
106,55.741135,57.0
107,56.08776,57.0
108,56.29238,57.0
109,56.398132,57.0
110,56.37058,57.0
111,56.337643,57.0
112,56.34884,57.0
113,56.495632,58.0
114,56.655205,58.0
115,57.003677,58.0
116,57.282116,58.0
117,57.29879,58.0
118,56.94337,58.0
119,56.537846,57.0
120,56.12691,57.0
121,55.345413,57.0
122,54.739117,57.0
123,54.405502,56.0
124,54.394753,55.0
125,54.318855,55.0
126,53.97751,53.99999999999999
127,53.706917,53.99999999999999
128,53.347332,53.99999999999999
129,53.158768,53.99999999999999
130,53.206837,53.99999999999999
131,53.43729,53.99999999999999
132,53.770237,53.99999999999999
133,54.0889,53.99999999999999
134,54.223625,55.0
135,54.161457,55.0
136,54.32487,53.99999999999999
137,54.529705,53.99999999999999
138,54.26534,53.99999999999999
139,53.76997,53.99999999999999
140,53.245617,53.99999999999999
141,52.825806,53.99999999999999
142,52.582993,55.0
143,52.444553,57.0
144,52.38764,58.0
145,53.354805,59.0
146,54.7315,60.0
147,56.184895,61.0
148,57.224136,62.0
149,58.181385,63.0
150,58.92008,64.0
151,59.597145,64.0
152,60.52634,64.0
153,61.39536,65.0
154,61.896706,65.0
155,62.439106,65.0
156,62.914078,66.0
157,63.25323,66.0
158,63.867397,66.0
159,64.40995,66.0
160,64.919876,66.0
161,65.223854,67.0
162,65.34578,67.0
163,65.461876,66.0
164,65.43081,66.0
165,64.50413,65.0
166,62.99506,64.0
167,61.28524,62.0
168,59.856697,62.0
169,58.16826,60.0
170,57.070145,59.0
171,56.0348,59.0
172,55.196342,58.0
173,54.89334,57.0
174,54.728294,57.0
175,54.585167,57.0
176,54.63826,57.0
177,54.844193,57.0
178,55.11444,58.0
179,55.350437,58.0
180,55.842606,58.0
181,56.334614,58.0
182,56.766434,58.0
183,56.908974,59.0
184,56.964127,60.0
185,57.14979,60.0
186,57.507153,59.0
187,57.525696,61.0
188,56.815605,61.0
189,56.513336,71.0
190,56.251717,64.0
191,57.45131,71.0
192,57.66362,64.0
193,58.59501,64.0
194,58.095722,64.0
195,57.319527,64.0
196,56.883373,64.0
197,56.98747,64.0
198,57.611313,64.0
199,58.50111,65.0
200,59.416893,65.0
201,60.556545,65.0
202,61.514797,65.0
203,62.190914,65.0
204,62.655273,64.0
205,62.855396,64.0
206,62.499306,64.0
207,61.99327,62.0
208,61.6336,62.0
209,60.63316,61.0
210,59.58739,62.0
211,58.34179,62.0
212,57.802647,62.0
213,57.666893,60.0
214,57.591675,61.0
215,56.78666,60.0
216,56.36133,59.0
217,55.939743,60.0
218,55.374752,60.0
219,55.45039,59.0
220,55.86121,59.0
221,56.184757,59.0
222,56.43015,59.0
223,56.697006,59.0
224,57.010815,59.0
225,57.303402,59.0
226,57.515015,59.0
227,57.679195,59.0
228,57.784866,59.0
229,57.93359,58.0
230,58.090458,58.0
231,57.7591,58.0
232,57.275463,58.0
233,57.14763,57.0
234,56.96017,57.0
235,56.67173,56.0
236,56.44211,56.0
237,56.016415,56.0
238,55.698692,55.0
239,55.597263,55.0
240,55.247154,55.0
241,54.8915,53.99999999999999
242,54.648067,53.99999999999999
243,54.231285,53.99999999999999
244,53.92289,53.0
245,53.755783,53.0
246,53.460117,52.0
247,53.22216,52.0
248,52.67112,52.0
249,52.174644,50.0
250,51.926155,47.0
251,51.108906,44.0
252,49.09029,42.99999999999999
253,45.594536,45.0
254,42.649426,45.0
255,42.08635,45.0
256,43.15315,45.0
257,44.687565,46.0
258,46.098507,46.0
259,47.198627,45.0
260,47.68501,42.99999999999999
261,46.690487,46.0
262,44.265377,47.0
263,43.493713,51.0
264,44.369076,61.0
265,46.708908,61.0
266,49.498825,51.0
267,52.33425,48.0
268,50.53953,50.0
269,46.00088,49.0
270,42.994663,51.0
271,41.72412,51.0
272,42.386894,51.0
273,44.010574,51.0
274,46.105137,52.0
275,47.978485,53.0
276,49.622173,53.0
277,51.04788,53.0
278,51.893906,53.99999999999999
279,52.04993,55.0
280,52.05885,56.0
281,52.47006,56.0
282,53.12013,56.0
283,53.447136,57.0
284,53.28723,58.0
285,53.12683,59.0
286,53.23803,59.0
287,53.661774,59.0
288,54.04611,59.0
289,54.304058,60.0
290,54.23287,61.0
291,54.402847,61.0
292,54.956493,61.0
293,55.479496,62.0
294,55.823696,62.0
295,56.576405,62.0
296,57.25099,63.0
297,57.813694,63.0
298,58.566956,65.0
299,59.252872,65.0
300,60.4587,65.0
301,61.60183,65.0
302,62.396343,65.0
303,62.7091,64.0
304,62.640724,63.0
305,62.03468,63.0
306,60.915897,62.0
307,59.897728,62.0
308,58.997993,63.0
309,58.44829,62.0
310,58.660862,64.0
311,58.665943,63.0
312,59.168526,63.0
313,59.34124,62.0
314,59.008698,61.0
315,58.394447,60.0
316,57.495384,60.0
317,56.48817,60.0
318,55.88497,60.0
319,55.86153,60.0
320,56.23258,59.0
321,56.74621,60.0
322,57.052933,60.0
323,57.49013,60.0
324,57.837788,60.0
325,58.08267,60.0
326,58.27522,61.0
327,58.368076,62.0
328,58.630352,62.0
329,59.19116,62.0
330,59.53822,63.0
331,59.4746,63.0
332,59.36387,61.0
333,58.89141,61.0
334,57.37523,62.0
335,55.91528,64.0
336,55.787395,71.0
337,56.379173,71.0
338,58.246315,63.0
339,60.235188,63.0
340,59.512997,63.0
341,57.8002,63.0
342,56.468193,63.0
343,55.92977,63.0
344,56.384007,63.0
345,57.32227,62.0
346,58.387108,61.0
347,58.994713,61.0
348,59.082516,59.0
349,58.90503,59.0
350,58.05147,57.0
351,57.119232,57.0
352,55.903957,57.0
353,55.37262,58.0
354,55.59321,56.0
355,56.52539,56.0
356,56.1724,57.0
357,55.217808,58.0
358,54.725933,58.0
359,54.951523,57.0
360,55.16961,58.0
361,54.96402,57.0
362,55.012604,57.0
363,54.59386,58.0
364,54.16385,57.0
365,54.24356,57.0
366,54.184143,57.0
367,54.23474,57.0
368,54.478077,57.0
369,54.852684,57.0
370,55.263943,58.0
371,55.61872,58.0
372,56.234135,59.0
373,56.828842,59.0
374,57.582397,60.0
375,58.154305,61.0
376,58.693195,61.0
377,59.208153,62.0
378,59.39338,63.0
379,59.617435,63.0
380,59.858574,63.0
381,59.808666,62.0
382,59.57298,61.0
383,58.690098,61.0
384,57.391212,61.0
385,56.43999,61.0
386,56.130657,62.0
387,56.31004,62.0
388,57.124077,63.0
389,58.00786,64.0
390,59.11596,64.0
391,60.196667,63.0
392,61.026,63.0
393,61.18035,62.0
394,61.07046,61.0
395,60.657417,60.0
396,60.002537,59.0
397,59.18332,59.0
398,58.279926,58.0
399,57.750607,58.0
400,57.220436,58.0
401,57.063347,57.0
402,57.114872,57.0
403,56.798878,57.0
404,56.286343,57.0
405,55.786037,57.0
406,55.27337,56.0
407,54.952477,56.0
408,54.619816,55.0
409,54.210217,55.0
410,53.66304,55.0
411,53.285515,55.0
412,53.16974,55.0
413,53.320232,52.0
414,53.674126,51.0
415,53.17485,49.0
416,52.170547,49.0
417,50.618706,48.0
418,49.337914,47.0
419,48.40169,45.0
420,47.76325,44.0
421,46.90802,42.99999999999999
422,46.046646,42.0
423,45.09239,41.0
424,44.110687,40.0
425,43.206802,39.0
426,42.415,37.0
427,41.82438,36.0
428,40.740993,37.0
429,39.400368,37.0
430,39.216034,37.0
431,39.669952,37.0
432,40.315395,37.0
433,40.628067,36.0
434,40.312733,35.0
435,39.201744,34.0
436,37.36656,33.0
437,35.20944,33.0
438,33.309498,32.0
439,32.790367,33.0
440,32.959286,32.0
441,34.11103,33.0
442,34.909977,33.0
443,35.801212,32.0
444,36.319008,32.0
445,35.923683,31.0
446,35.028915,31.0
447,33.584297,31.0
448,32.555725,31.0
449,32.467285,31.0
450,33.0792,31.0
451,33.939796,31.0
452,34.630722,32.0
453,35.056004,30.0
454,35.792694,30.0
455,35.192467,31.0
456,33.98559,30.0
457,33.421833,31.0
458,32.962685,32.0
459,33.235756,32.0
460,34.082764,32.0
461,34.87221,53.99999999999999
462,35.436623,53.0
463,37.514515,53.99999999999999
464,41.07329,53.99999999999999
465,45.14531,55.0
466,48.18567,55.0
467,50.061554,56.0
468,50.901905,57.0
469,51.35419,57.0
470,51.73464,58.0
471,51.879585,57.0
472,52.396275,57.0
473,52.38713,57.0
474,52.22925,56.0
475,51.806805,56.0
476,50.80631,56.0
477,49.859,56.0
478,49.234272,56.0
479,49.049377,56.0
480,48.994858,56.0
481,49.113953,57.0
482,49.288486,57.0
483,49.727722,57.0
484,50.658024,57.0
485,51.39864,60.0
486,51.973873,60.0
487,53.22931,60.0
488,54.561275,59.0
489,55.557873,58.0
490,56.00721,58.0
491,55.904697,58.0
492,55.720844,57.0
493,55.541546,57.0
494,55.23436,57.0
495,55.07235,56.0
496,55.139984,55.0
497,54.897373,56.0
498,54.06875,55.0
499,53.544655,55.0
500,52.936245,55.0
501,52.452583,55.0
502,52.14673,55.0
503,51.92662,55.0
504,51.875862,55.0
505,52.070065,55.0
506,52.24404,55.0
507,52.445114,55.0
508,52.695045,56.0
509,52.91177,78.0
510,53.41363,80.0
511,53.338375,80.0
512,54.44606,81.0
513,55.938534,80.0
514,57.846912,80.0
515,60.225292,78.0
516,61.78941,77.0
517,61.61211,76.0
518,60.184494,75.0
519,57.92892,74.0
520,56.150513,73.00000000000001
521,55.100983,73.00000000000001
522,54.13201,72.0
523,53.06275,71.0
524,51.42826,70.0
525,49.502644,68.0
526,47.582634,69.0
527,45.49983,68.0
528,44.25307,68.0
529,43.28737,68.0
530,42.846733,66.0
531,43.648388,66.0
532,43.94508,64.0
533,44.377563,65.0
534,44.346493,65.0
535,45.237686,65.0
536,46.699673,65.0
537,48.505688,65.0
538,50.075294,66.0
539,51.8054,66.0
540,53.56585,65.0
541,55.080147,65.0
542,55.854992,65.0
543,56.12317,65.0
544,56.181515,64.0
545,56.179028,64.0
546,55.81303,64.0
547,55.454407,64.0
548,54.97754,63.0
549,54.45675,63.0
550,53.490513,63.0
551,52.72792,62.0
552,52.139072,63.0
553,51.734013,62.0
554,52.38949,61.0
555,52.85723,61.0
556,53.119316,60.0
557,53.35402,68.0
558,53.54257,67.0
559,54.518974,67.0
560,56.19484,66.0
561,57.85488,65.0
562,58.77447,65.0
563,58.872112,68.0
564,58.682087,71.0
565,59.266636,75.0
566,60.32657,78.0
567,61.462234,81.0
568,62.757465,85.0
569,64.00193,88.0
570,64.50177,91.0
571,63.896656,95.00000000000001
572,62.0992,98.0
573,59.505787,102.0
574,55.894875,105.0
575,50.621258,107.99999999999999
576,43.34664,112.0
577,34.983307,115.0
578,24.377815,118.0
579,11.775246,122.0
580,-3.5292122,125.0
581,-22.207094,129.0
582,-45.037434,139.0
583,-72.69587,144.0
584,-110.04055,149.0
585,-159.61345,145.0
586,-227.89816,128.0
587,-319.3827,113.0
588,-443.07065,99.0
589,-605.78253,98.0
590,-816.2966,96.0
591,-1077.43,95.00000000000001
592,-1404.4279,94.0
593,-1815.6587,93.0
594,-2326.2834,93.0
595,-2960.5603,92.0
596,-3746.995,92.0
597,-4721.3213,92.0
598,-5926.0312,91.0
599,-7414.233,91.0
600,-9255.629,91.0
601,-11524.362,91.0
602,-14316.527,91.0
603,-17750.305,91.0
604,-21969.877,91.0
605,-27158.975,81.0
606,-33527.16,80.0
607,-41354.105,79.0
608,-50962.152,78.0
609,-62756.613,77.0
610,-77241.805,76.0
611,-95033.6,76.0
612,-116883.34,74.0
613,-143711.3,72.0
614,-176644.52,71.0
615,-217065.86,69.0
616,-266653.6,69.0
617,-327460.7,68.0
618,-401983.62,67.0
619,-493285.5,68.0
620,-605094.56,69.0
621,-742028.3,69.0
622,-909778.2,69.0
623,-1115256.6,70.0
624,-1366999.8,69.0
625,-1675461.9,71.0
626,-2053474.4,71.0
627,-2516734.0,71.0
628,-3084480.8,72.0
629,-3780282.0,65.0
630,-4633030.5,65.0
631,-5678129.0,65.0
632,-6958960.5,64.0
633,-8528694.0,64.0
634,-10452495.0,64.0
635,-12810229.0,64.0
636,-15699773.0,64.0
637,-19241084.0,64.0
638,-23581176.0,64.0
639,-28900232.0,64.0
640,-35419052.0,64.0
641,-43408270.0,65.0
642,-53199544.0,65.0
643,-65199330.0,66.0
644,-79905800.0,66.0
645,-97929464.0,97.0
646,-120018550.0,100.0
647,-147090050.0,106.0
648,-180267800.0,104.0
649,-220929170.0,93.0
650,-270762100.0,71.0
651,-331835420.0,68.0
652,-406684480.0,68.0
653,-498416420.0,56.0
654,-610839360.0,55.0
655,-748620700.0,55.0
656,-917479800.0,55.0
657,-1124426900.0,55.0
658,-1378052900.0,53.99999999999999
659,-1688886900.0,53.99999999999999
660,-2069832700.0,53.99999999999999
661,-2536704500.0,53.0
662,-3108884200.0,53.0
663,-3810124500.0,53.0
664,-4669537300.0,53.0
665,-5722798600.0,53.0
666,-7013635000.0,53.0
667,-8595631000.0,52.0
668,-10534465000.0,53.0
669,-12910621000.0,52.0
670,-15822742000.0,52.0
671,-19391726000.0,53.0
672,-23765725000.0,53.0
673,-29126330000.0,53.0
674,-35696070000.0,53.0
675,-43747684000.0,53.0
676,-53615420000.0,53.0
677,-65708925000.0,89.0
678,-80530250000.0,88.0
679,-98694680000.0,87.0
680,-120956290000.0,88.0
681,-148239220000.0,89.0
682,-181676110000.0,87.0
683,-222655020000.0,87.0
684,-272877140000.0,85.0
685,-334427320000.0,85.0
686,-409860870000.0,85.0
687,-502309200000.0,85.0
688,-615610200000.0,85.0
689,-754467340000.0,85.0
690,-924645260000.0,84.0
691,-1133208500000.0,83.0
692,-1388815000000.0,83.0
693,-1702076500000.0,83.0
694,-2085997100000.0,83.0
695,-2556515000000.0,83.0
696,-3133163200000.0,83.0
697,-3839880300000.0,82.0
698,-4706005000000.0,83.0
699,-5767492000000.0,81.0
700,-7068409000000.0,80.0
701,-8662761000000.0,80.0
702,-10616734000000.0,82.0
703,-13011447000000.0,84.0
704,-15946312000000.0,82.0
705,-19543162000000.0,79.0
706,-23951323000000.0,81.0
707,-29353788000000.0,83.0
708,-35974835000000.0,87.0
709,-44089324000000.0,89.0
710,-54034115000000.0,88.0
711,-66222060000000.0,87.0
712,-81159120000000.0,87.0
713,-99465390000000.0,87.0
714,-121900820000000.0,88.0
715,-149396800000000.0,89.0
716,-183094790000000.0,91.0
717,-224393670000000.0,91.0
718,-275007930000000.0,92.0
719,-337038770000000.0,92.0
720,-413061370000000.0,93.0
721,-506231550000000.0,94.0
722,-620417200000000.0,92.0
723,-760358660000000.0,91.0
724,-931865360000000.0,91.0
725,-1142057000000000.0,93.0
726,-1399659600000000.0,94.0
727,-1715367300000000.0,96.0
728,-2102285800000000.0,99.0
729,-2576478100000000.0,101.0
730,-3157628800000000.0,100.0
731,-3869864600000000.0,97.0
732,-4742752000000000.0,94.0
733,-5812528500000000.0,91.0
734,-7123604000000000.0,93.0
735,-8730404700000000.0,94.0
736,-1.0699638e+16,94.0
737,-1.3113052e+16,94.0
738,-1.6070835e+16,94.0
739,-1.9695777e+16,93.0
740,-2.413836e+16,90.0
741,-2.9583017e+16,89.0
742,-3.6255773e+16,89.0
743,-4.4433636e+16,90.0
744,-5.44561e+16,89.0
745,-6.6739235e+16,87.0
746,-8.179295e+16,89.0
747,-1.002422e+17,91.0
748,-1.2285287e+17,92.0
749,-1.505636e+17,94.0
750,-1.8452475e+17,94.0
751,-2.2614618e+17,90.0
752,-2.7715577e+17,89.0
753,-3.3967106e+17,88.0
754,-4.1628733e+17,88.0
755,-5.101852e+17,91.0
756,-6.252628e+17,95.00000000000001
757,-7.6629714e+17,94.0
758,-9.3914325e+17,93.0
759,-1.15097674e+18,93.0
760,-1.4105914e+18,93.0
761,-1.7287646e+18,93.0
762,-2.1187052e+18,93.0
763,-2.5966012e+18,93.0
764,-3.1822912e+18,94.0
765,-3.9000892e+18,95.00000000000001
766,-4.779794e+18,95.00000000000001
767,-5.8579264e+18,96.0
768,-7.179242e+18,97.0
769,-8.798593e+18,96.0
770,-1.0783205e+19,96.0
771,-1.3215468e+19,94.0
772,-1.619635e+19,95.00000000000001
773,-1.9849602e+19,94.0
774,-2.4326882e+19,92.0
775,-2.9814054e+19,91.0
776,-3.6538922e+19,91.0
777,-4.478065e+19,91.0
778,-5.488139e+19,91.0
779,-6.7260442e+19,88.0
780,-8.243172e+19,84.0
781,-1.0102504e+20,85.99999999999999
782,-1.2381227e+20,85.99999999999999
783,-1.517394e+20,85.0
784,-1.859658e+20,84.0
785,-2.2791228e+20,84.0
786,-2.7932022e+20,84.0
787,-3.4232374e+20,84.0
788,-4.1953835e+20,84.0
789,-5.1416946e+20,84.0
790,-6.301456e+20,84.0
791,-7.7228135e+20,83.0
792,-9.4647734e+20,83.0
793,-1.15996485e+21,84.0
794,-1.4216068e+21,84.0
795,-1.7422647e+21,85.0
796,-2.1352505e+21,84.0
797,-2.616878e+21,82.0
798,-3.2071416e+21,81.0
799,-3.9305453e+21,81.0
800,-4.8171194e+21,81.0
801,-5.9036697e+21,81.0
802,-7.2353025e+21,80.0
803,-8.8672994e+21,82.0
804,-1.0867409e+22,82.0
805,-1.3318664e+22,81.0
806,-1.6322825e+22,81.0
807,-2.0004607e+22,81.0
808,-2.4516847e+22,82.0
809,-3.0046873e+22,82.0
810,-3.682425e+22,81.0
811,-4.5130333e+22,81.0
812,-5.530994e+22,80.0
813,-6.778567e+22,80.0
814,-8.307542e+22,80.0
815,-1.0181392e+23,80.0
816,-1.2477911e+23,79.0
817,-1.529243e+23,78.0
818,-1.8741795e+23,77.0
819,-2.29692e+23,76.0
820,-2.8150139e+23,76.0
821,-3.449969e+23,75.0
822,-4.228145e+23,75.0
823,-5.1818464e+23,74.0
824,-6.350664e+23,73.00000000000001
825,-7.783121e+23,73.00000000000001
826,-9.538683e+23,72.0
827,-1.1690231e+24,72.0
828,-1.4327083e+24,71.0
829,-1.7558703e+24,71.0
830,-2.1519248e+24,71.0
831,-2.6373134e+24,71.0
832,-3.2321863e+24,71.0
833,-3.9612394e+24,71.0
834,-4.854737e+24,72.0
835,-5.949773e+24,72.0
836,-7.291806e+24,73.00000000000001
837,-8.9365465e+24,74.0
838,-1.0952276e+25,73.00000000000001
839,-1.3422674e+25,74.0
840,-1.6450296e+25,75.0
841,-2.0160827e+25,77.0
842,-2.4708311e+25,78.0
843,-3.0281525e+25,80.0
844,-3.7111835e+25,82.0
845,-4.5482795e+25,83.0
846,-5.5741905e+25,84.0
847,-6.831506e+25,87.0
848,-8.372421e+25,88.0
849,-1.0260906e+26,90.0
850,-1.2575358e+26,91.0
851,-1.541186e+26,93.0
852,-1.8888164e+26,93.0
853,-2.3148583e+26,92.0
854,-2.8369984e+26,90.0
855,-3.4769128e+26,89.0
856,-4.2611665e+26,88.0
857,-5.222316e+26,87.0
858,-6.4002624e+26,85.0
859,-7.8439075e+26,84.0
860,-9.613181e+26,83.0
861,-1.1781532e+27,82.0
862,-1.4438978e+27,81.0
863,-1.7695839e+27,80.0
864,-2.168732e+27,79.0
865,-2.6579117e+27,78.0
866,-3.2574306e+27,77.0
867,-3.992177e+27,75.0
868,-4.8926538e+27,75.0
869,-5.9962414e+27,75.0
870,-7.3487555e+27,76.0
871,-9.006343e+27,77.0
872,-1.1037816e+28,78.0
873,-1.3527508e+28,78.0
874,-1.6578775e+28,78.0
875,-2.0318286e+28,78.0
876,-2.4901284e+28,79.0
877,-3.0518024e+28,81.0
878,-3.7401676e+28,82.0
879,-4.5838004e+28,83.0
880,-5.6177243e+28,84.0
881,-6.8848585e+28,84.0
882,-8.437808e+28,85.0
883,-1.0341043e+29,85.99999999999999
884,-1.2673571e+29,85.99999999999999
885,-1.5532225e+29,85.99999999999999
886,-1.9035676e+29,85.0
887,-2.3329367e+29,84.0
888,-2.8591545e+29,84.0
889,-3.5040662e+29,84.0
890,-4.294444e+29,83.0
891,-5.2631e+29,82.0
892,-6.4502464e+29,81.0
893,-7.905165e+29,81.0
894,-9.688255e+29,78.0
895,-1.187354e+30,76.0
896,-1.4551736e+30,74.0
897,-1.7834028e+30,71.0
898,-2.1856676e+30,70.0
899,-2.6786674e+30,68.0
900,-3.282868e+30,67.0
901,-4.0233526e+30,66.0
902,-4.9308612e+30,65.0
903,-6.0430666e+30,64.0
904,-7.4061425e+30,64.0
905,-9.0766737e+30,63.0
906,-1.1124011e+31,63.0
907,-1.3633145e+31,62.0
908,-1.6708239e+31,61.0
909,-2.0476952e+31,62.0
910,-2.509574e+31,62.0
911,-3.0756345e+31,63.0
912,-3.7693753e+31,63.0
913,-4.619596e+31,63.0
914,-5.661594e+31,62.0
915,-6.938625e+31,62.0
916,-8.503703e+31,62.0
917,-1.04218e+32,62.0
918,-1.2772544e+32,62.0
919,-1.5653522e+32,62.0
920,-1.9184332e+32,62.0
921,-2.3511553e+32,62.0
922,-2.881483e+32,63.0
923,-3.531431e+32,63.0
924,-4.3279807e+32,64.0
925,-5.3042017e+32,64.0
926,-6.500619e+32,64.0
927,-7.9669e+32,65.0
928,-9.763916e+32,66.0
929,-1.19662665e+33,66.0
930,-1.4665379e+33,66.0
931,-1.7973305e+33,67.0
932,-2.2027368e+33,66.0
933,-2.6995867e+33,65.0
934,-3.3085062e+33,65.0
935,-4.0547733e+33,64.0
936,-4.9693686e+33,64.0
937,-6.090261e+33,64.0
938,-7.4639806e+33,65.0
939,-9.147558e+33,65.0
940,-1.1210883e+34,64.0
941,-1.3739613e+34,63.0
942,-1.6838723e+34,63.0
943,-2.0636869e+34,62.0
944,-2.5291727e+34,61.0
945,-3.099653e+34,60.0
946,-3.7988114e+34,60.0
947,-4.655673e+34,59.0
948,-5.7058073e+34,58.0
949,-6.9928103e+34,57.0
950,-8.57011e+34,57.0
951,-1.0503187e+35,56.0
952,-1.2872289e+35,55.0
953,-1.5775762e+35,55.0
954,-1.9334148e+35,53.99999999999999
955,-2.3695163e+35,53.0
956,-2.903985e+35,53.99999999999999
957,-3.5590087e+35,55.0
958,-4.3617797e+35,55.0
959,-5.3456236e+35,55.0
960,-6.551384e+35,55.0
961,-8.029116e+35,55.0
962,-9.840165e+35,53.99999999999999
963,-1.2059715e+36,53.99999999999999
964,-1.4779906e+36,53.99999999999999
965,-1.8113664e+36,53.99999999999999
966,-2.2199384e+36,53.99999999999999
967,-2.7206685e+36,53.99999999999999
968,-3.334343e+36,53.99999999999999
969,-4.086438e+36,53.99999999999999
970,-5.008176e+36,53.99999999999999
971,-6.1378216e+36,53.99999999999999
972,-7.52227e+36,53.99999999999999
973,-9.218995e+36,53.99999999999999
974,-1.1298433e+37,53.0
975,-1.384691e+37,53.0
976,-1.6970222e+37,53.0
977,-2.0798028e+37,53.99999999999999
978,-2.5489234e+37,53.0
979,-3.1238592e+37,53.99999999999999
980,-3.828478e+37,52.0
981,-4.69203e+37,53.0
982,-5.750366e+37,53.0
983,-7.04742e+37,53.0
984,-8.637037e+37,52.0
985,-1.0585209e+38,52.0
986,-1.2972814e+38,52.0
987,-1.5898964e+38,52.0
988,-1.9485139e+38,52.0
989,-2.3880209e+38,52.0
990,-2.9266633e+38,52.0
991,-inf,52.0
992,-inf,52.0
993,-inf,52.0
994,-inf,53.0
995,-inf,52.0
996,-inf,52.0
997,-inf,52.0
998,-inf,52.0
999,-inf,53.0
1000,-inf,52.0
1001,-inf,53.0
1002,-inf,52.0
1003,-inf,52.0
1004,-inf,52.0
1005,-inf,51.0
1006,-inf,50.0
1007,-inf,48.0
1008,-inf,49.0
1009,-inf,48.0
1010,-inf,50.0
1011,-inf,49.0
1012,-inf,48.0
1013,-inf,48.0
1014,-inf,49.0
1015,-inf,50.0
1016,17.0,50.0
1017,17.0,50.0
1018,17.0,49.0
1019,17.0,49.0
1020,17.0,48.0
1021,17.0,49.0
1022,17.0,48.0
1023,17.0,45.0
1024,17.0,46.0
1025,17.0,45.0
1026,17.0,46.0
1027,17.0,47.0
1028,17.0,47.0
1029,17.0,47.0
1030,17.0,47.0
1031,17.0,48.0
1032,17.0,48.0
1033,17.0,48.0
1034,17.0,46.0
1035,17.0,47.0
1036,17.0,48.0
1037,17.0,48.0
1038,17.0,47.0
1039,17.0,47.0
1040,17.0,47.0
1041,17.0,47.0
1042,17.0,48.0
1043,17.0,50.0
1044,17.0,51.0
1045,17.0,51.0
1046,17.0,51.0
1047,17.0,52.0
1048,17.0,52.0
1049,17.0,52.0
1050,17.0,52.0
1051,17.0,53.0
1052,17.0,53.99999999999999
1053,17.0,53.99999999999999
1054,17.0,53.99999999999999
1055,17.0,53.99999999999999
1056,17.0,53.99999999999999
1057,17.0,53.99999999999999
1058,17.0,55.0
1059,17.0,55.0
1060,17.0,55.0
1061,17.0,55.0
1062,17.0,56.0
1063,17.0,56.0
1064,17.0,56.0
1065,17.0,56.0
1066,17.0,56.0
1067,17.0,56.0
1068,17.0,56.0
1069,17.0,56.0
1070,17.0,55.0
1071,17.0,55.0
1072,17.0,55.0
1073,17.0,55.0
1074,17.0,55.0
1075,17.0,55.0
1076,17.0,53.99999999999999
1077,17.0,53.99999999999999
1078,17.0,53.99999999999999
1079,17.0,53.99999999999999
1080,17.0,53.0
1081,17.0,53.99999999999999
1082,17.0,53.99999999999999
1083,17.0,53.99999999999999
1084,17.0,53.99999999999999
1085,17.0,53.99999999999999
1086,17.0,53.99999999999999
1087,17.0,55.0
1088,17.0,55.0
1089,17.0,55.0
1090,17.0,55.0
1091,17.0,55.0
1092,17.0,55.0
1093,17.0,55.0
1094,17.0,55.0
1095,17.0,56.0
1096,17.0,55.0
1097,17.0,56.0
1098,17.0,56.0
1099,17.0,57.0
1100,17.0,57.0
1101,17.0,56.0
1102,17.0,56.0
1103,17.0,57.0
1104,17.0,57.0
1105,17.0,57.0
1106,17.0,56.0
1107,17.0,56.0
1108,17.0,56.0
1109,17.0,55.0
1110,17.0,55.0
1111,17.0,55.0
1112,17.0,53.99999999999999
1113,17.0,53.99999999999999
1114,17.0,53.99999999999999
1115,17.0,53.0
1116,17.0,53.0
1117,17.0,53.0
1118,17.0,53.0
1119,17.0,52.0
1120,17.0,52.0
1121,17.0,51.0
1122,17.0,49.0
1123,17.0,48.0
1124,17.0,48.0
1125,17.0,48.0
1126,17.0,49.0
1127,17.0,50.0
1128,17.0,50.0
1129,17.0,51.0
1130,17.0,51.0
1131,17.0,51.0
1132,17.0,51.0
1133,17.0,32.0
1134,17.0,32.0
1135,17.0,33.0
1136,17.0,33.0
1137,17.0,33.0
1138,17.0,34.0
1139,17.0,35.0
1140,17.0,36.0
1141,17.0,37.0
1142,17.0,38.0
1143,17.0,39.0
1144,17.0,39.0
1145,17.0,41.0
1146,17.0,42.0
1147,17.0,41.0
1148,17.0,40.0
1149,17.0,40.0
1150,17.0,40.0
1151,17.0,39.0
1152,17.0,40.0
1153,17.0,40.0
1154,17.0,40.0
1155,17.0,40.0
1156,17.0,40.0
1157,17.0,33.0
1158,17.0,33.0
1159,17.0,33.0
1160,17.0,34.0
1161,17.0,35.0
1162,17.0,36.0
1163,17.0,37.0
1164,17.0,37.0
1165,17.0,38.0
1166,17.0,38.0
1167,17.0,38.0
1168,17.0,38.0
1169,17.0,39.0
1170,17.0,40.0
1171,17.0,40.0
1172,17.0,40.0
1173,17.0,41.0
1174,17.0,42.99999999999999
1175,17.0,44.0
1176,17.0,46.0
1177,17.0,46.0
1178,17.0,47.0
1179,17.0,48.0
1180,17.0,49.0
1181,17.0,57.0
1182,17.0,58.0
1183,17.0,57.0
1184,17.0,57.0
1185,17.0,57.0
1186,17.0,57.0
1187,17.0,56.0
1188,17.0,56.0
1189,17.0,56.0
1190,17.0,55.0
1191,17.0,53.99999999999999
1192,17.0,55.0
1193,17.0,56.0
1194,17.0,56.0
1195,17.0,56.0
1196,17.0,56.0
1197,17.0,56.0
1198,17.0,56.0
1199,17.0,55.0
1200,17.0,55.0
1201,17.0,55.0
1202,17.0,53.99999999999999
1203,17.0,53.99999999999999
1204,17.0,53.99999999999999
1205,17.0,57.0
1206,17.0,58.0
1207,17.0,58.0
1208,17.0,58.0
1209,17.0,59.0
1210,17.0,59.0
1211,17.0,60.0
1212,17.0,60.0
1213,17.0,60.0
1214,17.0,60.0
1215,17.0,62.0
1216,17.0,64.0
1217,17.0,64.0
1218,17.0,65.0
1219,17.0,64.0
1220,17.0,64.0
1221,17.0,64.0
1222,17.0,63.0
1223,17.0,63.0
1224,17.0,63.0
1225,17.0,63.0
1226,17.0,63.0
1227,17.0,64.0
1228,17.0,64.0
1229,17.0,63.0
1230,17.0,61.0
1231,17.0,60.0
1232,17.0,58.0
1233,17.0,58.0
1234,17.0,58.0
1235,17.0,59.0
1236,17.0,58.0
1237,17.0,60.0
1238,17.0,60.0
1239,17.0,61.0
1240,17.0,61.0
1241,17.0,62.0
1242,17.0,62.0
1243,17.0,62.0
1244,17.0,62.0
1245,17.0,62.0
1246,17.0,61.0
1247,17.0,61.0
1248,17.0,62.0
1249,17.0,61.0
1250,17.0,62.0
1251,17.0,63.0
1252,17.0,64.0
1253,17.0,59.0
1254,17.0,58.0
1255,17.0,57.0
1256,17.0,56.0
1257,17.0,56.0
1258,17.0,55.0
1259,17.0,53.99999999999999
1260,17.0,53.0
1261,17.0,53.0
1262,17.0,52.0
1263,17.0,51.0
1264,17.0,50.0
1265,17.0,50.0
1266,17.0,50.0
1267,17.0,51.0
1268,17.0,52.0
1269,17.0,52.0
1270,17.0,52.0
1271,17.0,52.0
1272,17.0,52.0
1273,17.0,52.0
1274,17.0,52.0
1275,17.0,52.0
1276,17.0,52.0
1277,17.0,55.0
1278,17.0,59.0
1279,17.0,63.0
1280,17.0,67.0
1281,17.0,67.0
1282,17.0,68.0
1283,17.0,68.0
1284,17.0,68.0
1285,17.0,68.0
1286,17.0,68.0
1287,17.0,68.0
1288,17.0,68.0
1289,17.0,68.0
1290,17.0,68.0
1291,17.0,69.0
1292,17.0,68.0
1293,17.0,69.0
1294,17.0,69.0
1295,17.0,69.0
1296,17.0,70.0
1297,17.0,70.0
1298,17.0,70.0
1299,17.0,70.0
1300,17.0,69.0
1301,17.0,91.0
1302,17.0,91.0
1303,17.0,91.0
1304,17.0,90.0
1305,17.0,91.0
1306,17.0,93.0
1307,17.0,95.00000000000001
1308,17.0,97.0
1309,17.0,97.0
1310,17.0,97.0
1311,17.0,97.0
1312,17.0,96.0
1313,17.0,97.0
1314,17.0,96.0
1315,17.0,96.0
1316,17.0,95.00000000000001
1317,17.0,94.0
1318,17.0,94.0
1319,17.0,94.0
1320,17.0,93.0
1321,17.0,93.0
1322,17.0,92.0
1323,17.0,92.0
1324,17.0,90.0
1325,17.0,72.0
1326,17.0,72.0
1327,17.0,72.0
1328,17.0,73.00000000000001
1329,17.0,73.00000000000001
1330,17.0,73.00000000000001
1331,17.0,73.00000000000001
1332,17.0,73.00000000000001
1333,17.0,74.0
1334,17.0,75.0
1335,17.0,76.0
1336,17.0,76.0
1337,17.0,78.0
1338,17.0,80.0
1339,17.0,80.0
1340,17.0,80.0
1341,17.0,93.0
1342,17.0,90.0
1343,17.0,106.0
1344,17.0,104.0
1345,17.0,90.0
1346,17.0,84.0
1347,17.0,84.0
1348,17.0,84.0
1349,17.0,68.0
1350,17.0,68.0
1351,17.0,68.0
1352,17.0,68.0
1353,17.0,67.0
1354,17.0,65.0
1355,17.0,65.0
1356,17.0,64.0
1357,17.0,63.0
1358,17.0,62.0
1359,17.0,61.0
1360,17.0,60.0
1361,17.0,59.0
1362,17.0,58.0
1363,17.0,57.0
1364,17.0,55.0
1365,17.0,53.99999999999999
1366,17.0,53.0
1367,17.0,52.0
1368,17.0,52.0
1369,17.0,53.0
1370,17.0,52.0
1371,17.0,51.0
1372,17.0,51.0
1373,17.0,53.0
1374,17.0,53.0
1375,17.0,53.99999999999999
1376,17.0,53.99999999999999
1377,17.0,53.99999999999999
1378,17.0,53.99999999999999
1379,17.0,53.99999999999999
1380,17.0,53.99999999999999
1381,17.0,53.99999999999999
1382,17.0,53.99999999999999
1383,17.0,53.99999999999999
1384,17.0,53.99999999999999
1385,17.0,53.99999999999999
1386,17.0,55.0
1387,17.0,55.0
1388,17.0,53.99999999999999
1389,17.0,53.99999999999999
1390,17.0,55.0
1391,17.0,53.99999999999999
1392,17.0,53.99999999999999
1393,17.0,53.99999999999999
1394,17.0,55.0
1395,17.0,55.0
1396,17.0,55.0
1397,17.0,60.0
1398,17.0,61.0
1399,17.0,61.0
1400,17.0,62.0
1401,17.0,61.0
1402,17.0,63.0
1403,17.0,64.0
1404,17.0,65.0
1405,17.0,66.0
1406,17.0,67.0
1407,17.0,67.0
1408,17.0,68.0
1409,17.0,67.0
1410,17.0,68.0
1411,17.0,68.0
1412,17.0,69.0
1413,17.0,69.0
1414,17.0,69.0
1415,17.0,69.0
1416,17.0,69.0
1417,17.0,69.0
1418,17.0,69.0
1419,17.0,68.0
1420,17.0,67.0
1421,17.0,66.0
1422,17.0,66.0
1423,17.0,66.0
1424,17.0,66.0
1425,17.0,67.0
1426,17.0,66.0
1427,17.0,64.0
1428,17.0,63.0
1429,17.0,62.0
1430,17.0,61.0
1431,17.0,61.0
1432,17.0,61.0
1433,17.0,62.0
1434,17.0,61.0
1435,17.0,61.0
1436,17.0,61.0
1437,17.0,61.0
1438,17.0,60.0
1439,17.0,60.0
1440,17.0,59.0
1441,17.0,59.0
1442,17.0,59.0
1443,17.0,59.0
1444,17.0,60.0
1445,17.0,60.0
1446,17.0,59.0
1447,17.0,58.0
1448,17.0,57.0
1449,17.0,57.0
1450,17.0,57.0
1451,17.0,57.0
1452,17.0,57.0
1453,17.0,58.0
1454,17.0,59.0
1455,17.0,59.0
1456,17.0,60.0
1457,17.0,60.0
1458,17.0,61.0
1459,17.0,61.0
1460,17.0,60.0
1461,17.0,60.0
1462,17.0,61.0
1463,17.0,61.0
1464,17.0,63.0
1465,17.0,64.0
1466,17.0,65.0
1467,17.0,66.0
1468,17.0,67.0
1469,17.0,68.0
1470,17.0,69.0
1471,17.0,70.0
1472,17.0,71.0
1473,17.0,72.0
1474,17.0,72.0
1475,17.0,71.0
1476,17.0,71.0
1477,17.0,71.0
1478,17.0,70.0
1479,17.0,69.0
1480,17.0,68.0
1481,17.0,69.0
1482,17.0,68.0
1483,17.0,69.0
1484,17.0,69.0
1485,17.0,69.0
1486,17.0,69.0
1487,17.0,68.0
1488,17.0,67.0
1489,17.0,65.0
1490,17.0,64.0
1491,17.0,63.0
1492,17.0,63.0
1493,17.0,62.0
1494,17.0,62.0
1495,17.0,62.0
1496,17.0,62.0
1497,17.0,61.0
1498,17.0,62.0
1499,17.0,63.0
1500,17.0,63.0
1501,17.0,63.0
1502,17.0,64.0
1503,17.0,65.0
1504,17.0,66.0
1505,17.0,66.0
1506,17.0,67.0
1507,17.0,67.0
1508,17.0,67.0
1509,17.0,67.0
1510,17.0,67.0
1511,17.0,67.0
1512,17.0,69.0
1513,17.0,69.0
1514,17.0,70.0
1515,17.0,71.0
1516,17.0,71.0
1517,17.0,72.0
1518,17.0,71.0
1519,17.0,71.0
1520,17.0,71.0
1521,17.0,70.0
1522,17.0,69.0
1523,17.0,68.0
1524,17.0,67.0
1525,17.0,66.0
1526,17.0,66.0
1527,17.0,65.0
1528,17.0,65.0
1529,17.0,64.0
1530,17.0,64.0
1531,17.0,63.0
1532,17.0,63.0
1533,17.0,64.0
1534,17.0,63.0
1535,17.0,63.0
1536,17.0,62.0
1537,17.0,62.0
1538,17.0,62.0
1539,17.0,61.0
1540,17.0,60.0
1541,17.0,58.0
1542,17.0,58.0
1543,17.0,57.0
1544,17.0,56.0
1545,17.0,58.0
1546,17.0,58.0
1547,17.0,57.0
1548,17.0,58.0
1549,17.0,59.0
1550,17.0,59.0
1551,17.0,59.0
1552,17.0,60.0
1553,17.0,60.0
1554,17.0,59.0
1555,17.0,58.0
1556,17.0,58.0
1557,17.0,58.0
1558,17.0,58.0
1559,17.0,58.0
1560,17.0,58.0
1561,17.0,59.0
1562,17.0,58.0
1563,17.0,57.0
1564,17.0,57.0
1565,17.0,57.0
1566,17.0,57.0
1567,17.0,57.0
1568,17.0,56.0
1569,17.0,56.0
1570,17.0,56.0
1571,17.0,57.0
1572,17.0,56.0
1573,17.0,55.0
1574,17.0,53.99999999999999
1575,17.0,53.0
1576,17.0,52.0
1577,17.0,52.0
1578,17.0,51.0
1579,17.0,52.0
1580,17.0,52.0
1581,17.0,52.0
1582,17.0,52.0
1583,17.0,52.0
1584,17.0,53.0
1585,17.0,53.0
1586,17.0,53.0
1587,17.0,53.99999999999999
1588,17.0,55.0
1589,17.0,56.0
1590,17.0,57.0
1591,17.0,58.0
1592,17.0,59.0
1593,17.0,59.0
1594,17.0,59.0
1595,17.0,59.0
1596,17.0,59.0
1597,17.0,58.0
1598,17.0,58.0
1599,17.0,58.0
1600,17.0,58.0
1601,17.0,57.0
1602,17.0,58.0
1603,17.0,57.0
1604,17.0,57.0
1605,17.0,56.0
1606,17.0,56.0
1607,17.0,55.0
1608,17.0,53.99999999999999
1609,17.0,53.99999999999999
1610,17.0,55.0
1611,17.0,55.0
1612,17.0,55.0
1613,17.0,53.99999999999999
1614,17.0,53.99999999999999
1615,17.0,53.0
1616,17.0,53.0
1617,17.0,52.0
1618,17.0,52.0
1619,17.0,53.0
1620,17.0,53.0
1621,17.0,53.99999999999999
1622,17.0,53.99999999999999
1623,17.0,55.0
1624,17.0,55.0
1625,17.0,56.0
1626,17.0,57.0
1627,17.0,58.0
1628,17.0,58.0
1629,17.0,59.0
1630,17.0,60.0
1631,17.0,61.0
1632,17.0,61.0
1633,17.0,61.0
1634,17.0,60.0
1635,17.0,60.0
1636,17.0,60.0
1637,17.0,59.0
1638,17.0,59.0
1639,17.0,59.0
1640,17.0,60.0
1641,17.0,60.0
1642,17.0,61.0
1643,17.0,61.0
1644,17.0,61.0
1645,17.0,62.0
1646,17.0,63.0
1647,17.0,64.0
1648,17.0,64.0
1649,17.0,64.0
1650,17.0,63.0
1651,17.0,62.0
1652,17.0,62.0
1653,17.0,62.0
1654,17.0,60.0
1655,17.0,60.0
1656,17.0,60.0
1657,17.0,60.0
1658,17.0,60.0
1659,17.0,60.0
1660,17.0,60.0
1661,17.0,60.0
1662,17.0,60.0
1663,17.0,60.0
1664,17.0,59.0
1665,17.0,59.0
1666,17.0,59.0
1667,17.0,59.0
1668,17.0,59.0
1669,17.0,59.0
1670,17.0,59.0
1671,17.0,59.0
1672,17.0,59.0
1673,17.0,58.0
1674,17.0,59.0
1675,17.0,59.0
1676,17.0,59.0
1677,17.0,59.0
1678,17.0,60.0
1679,17.0,61.0
1680,17.0,61.0
1681,17.0,62.0
1682,17.0,62.0
1683,17.0,62.0
1684,17.0,62.0
1685,17.0,62.0
1686,17.0,63.0
1687,17.0,63.0
1688,17.0,64.0
1689,17.0,65.0
1690,17.0,65.0
1691,17.0,65.0
1692,17.0,66.0
1693,17.0,66.0
1694,17.0,67.0
1695,17.0,66.0
1696,17.0,65.0
1697,17.0,66.0
1698,17.0,66.0
1699,17.0,65.0
1700,17.0,65.0
1701,17.0,65.0
1702,17.0,65.0
1703,17.0,66.0
1704,17.0,66.0
1705,17.0,65.0
1706,17.0,66.0
1707,17.0,66.0
1708,17.0,67.0
1709,17.0,67.0
1710,17.0,66.0
1711,17.0,66.0
1712,17.0,66.0
1713,17.0,65.0
1714,17.0,65.0
1715,17.0,65.0
1716,17.0,64.0
1717,17.0,64.0
1718,17.0,63.0
1719,17.0,63.0
1720,17.0,63.0
1721,17.0,63.0
1722,17.0,62.0
1723,17.0,63.0
1724,17.0,63.0
1725,17.0,63.0
1726,17.0,63.0
1727,17.0,62.0
1728,17.0,62.0
1729,17.0,63.0
1730,17.0,63.0
1731,17.0,62.0
1732,17.0,62.0
1733,17.0,62.0
1734,17.0,63.0
1735,17.0,63.0
1736,17.0,63.0
1737,17.0,63.0
1738,17.0,63.0
1739,17.0,63.0
1740,17.0,63.0
1741,17.0,63.0
1742,17.0,62.0
1743,17.0,62.0
1744,17.0,64.0
1745,17.0,65.0
1746,17.0,66.0
1747,17.0,66.0
1748,17.0,65.0
1749,17.0,66.0
1750,17.0,66.0
1751,17.0,66.0
1752,17.0,65.0
1753,17.0,65.0
1754,17.0,65.0
1755,17.0,65.0
1756,17.0,65.0
1757,17.0,66.0
1758,17.0,66.0
1759,17.0,67.0
1760,17.0,68.0
1761,17.0,68.0
1762,17.0,69.0
1763,17.0,69.0
1764,17.0,70.0
1765,17.0,70.0
1766,17.0,71.0
1767,17.0,71.0
1768,17.0,70.0
1769,17.0,69.0
1770,17.0,69.0
1771,17.0,69.0
1772,17.0,70.0
1773,17.0,69.0
1774,17.0,68.0
1775,17.0,68.0
1776,17.0,69.0
1777,17.0,68.0
1778,17.0,68.0
1779,17.0,68.0
1780,17.0,69.0
1781,17.0,68.0
1782,17.0,68.0
1783,17.0,68.0
1784,17.0,68.0
1785,17.0,68.0
1786,17.0,68.0
1787,17.0,68.0
1788,17.0,68.0
1789,17.0,68.0
1790,17.0,67.0
1791,17.0,66.0
1792,17.0,66.0
1793,17.0,66.0
1794,17.0,66.0
1795,17.0,67.0
1796,17.0,67.0
1797,17.0,67.0
1798,17.0,67.0
1799,17.0,66.0
1800,17.0,66.0
1801,17.0,67.0
1802,17.0,67.0
1803,17.0,66.0
1804,17.0,65.0
1805,17.0,65.0
1806,17.0,65.0
1807,17.0,64.0
1808,17.0,63.0
1809,17.0,63.0
1810,17.0,62.0
1811,17.0,63.0
1812,17.0,62.0
1813,17.0,63.0
1814,17.0,64.0
1815,17.0,66.0
1816,17.0,67.0
1817,17.0,69.0
1818,17.0,69.0
1819,17.0,70.0
1820,17.0,71.0
1821,17.0,71.0
1822,17.0,72.0
1823,17.0,72.0
1824,17.0,71.0
1825,17.0,71.0
1826,17.0,72.0
1827,17.0,72.0
1828,17.0,73.00000000000001
1829,17.0,74.0
1830,17.0,74.0
1831,17.0,74.0
1832,17.0,73.00000000000001
1833,17.0,73.00000000000001
1834,17.0,72.0
1835,17.0,71.0
1836,17.0,71.0
1837,17.0,69.0
1838,17.0,68.0
1839,17.0,66.0
1840,17.0,64.0
1841,17.0,64.0
1842,17.0,63.0
1843,17.0,62.0
1844,17.0,61.0
1845,17.0,61.0
1846,17.0,62.0
1847,17.0,62.0
1848,17.0,62.0
1849,17.0,62.0
1850,17.0,62.0
1851,17.0,63.0
1852,17.0,63.0
1853,17.0,52.0
1854,17.0,51.0
1855,17.0,51.0
1856,17.0,52.0
1857,17.0,52.0
1858,17.0,52.0
1859,17.0,52.0
1860,17.0,53.0
1861,17.0,53.0
1862,17.0,53.99999999999999
1863,17.0,53.99999999999999
1864,17.0,55.0
1865,17.0,55.0
1866,17.0,55.0
1867,17.0,56.0
1868,17.0,56.0
1869,17.0,55.0
1870,17.0,55.0
1871,17.0,55.0
1872,17.0,56.0
1873,17.0,56.0
1874,17.0,55.0
1875,17.0,55.0
1876,17.0,55.0
1877,17.0,40.0
1878,17.0,41.0
1879,17.0,42.0
1880,17.0,42.0
1881,17.0,42.0
1882,17.0,41.0
1883,17.0,39.0
1884,17.0,38.0
1885,17.0,37.0
1886,17.0,36.0
1887,17.0,34.0
1888,17.0,33.0
1889,17.0,32.0
1890,17.0,31.0
1891,17.0,30.0
1892,17.0,30.0
1893,17.0,29.0
1894,17.0,30.0
1895,17.0,30.0
1896,17.0,28.0
1897,17.0,26.999999999999996
1898,17.0,26.0
1899,17.0,26.999999999999996
1900,17.0,29.0
1901,17.0,50.0
1902,17.0,50.0
1903,17.0,50.0
1904,17.0,51.0
1905,17.0,51.0
1906,17.0,50.0
1907,17.0,50.0
1908,17.0,50.0
1909,17.0,50.0
1910,17.0,50.0
1911,17.0,50.0
1912,17.0,51.0
1913,17.0,51.0
1914,17.0,51.0
1915,17.0,52.0
1916,17.0,52.0
1917,17.0,53.0
1918,17.0,53.0
1919,17.0,53.0
1920,17.0,53.0
1921,17.0,53.0
1922,17.0,53.0
1923,17.0,53.99999999999999
1924,17.0,53.99999999999999
1925,17.0,53.99999999999999
1926,17.0,53.99999999999999
1927,17.0,53.99999999999999
1928,17.0,53.99999999999999
1929,17.0,53.99999999999999
1930,17.0,53.99999999999999
1931,17.0,55.0
1932,17.0,56.0
1933,17.0,57.0
1934,17.0,58.0
1935,17.0,59.0
1936,17.0,60.0
1937,17.0,60.0
1938,17.0,61.0
1939,17.0,62.0
1940,17.0,62.0
1941,17.0,63.0
1942,17.0,63.0
1943,17.0,63.0
1944,17.0,63.0
1945,17.0,64.0
1946,17.0,65.0
1947,17.0,65.0
1948,17.0,65.0
1949,17.0,64.0
1950,17.0,64.0
1951,17.0,63.0
1952,17.0,64.0
1953,17.0,64.0
1954,17.0,63.0
1955,17.0,63.0
1956,17.0,62.0
1957,17.0,62.0
1958,17.0,62.0
1959,17.0,60.0
1960,17.0,59.0
1961,17.0,58.0
1962,17.0,58.0
1963,17.0,59.0
1964,17.0,59.0
1965,17.0,58.0
1966,17.0,58.0
1967,17.0,58.0
1968,17.0,58.0
1969,17.0,58.0
1970,17.0,58.0
1971,17.0,58.0
1972,17.0,57.0
1973,17.0,63.0
1974,17.0,64.0
1975,17.0,65.0
1976,17.0,66.0
1977,17.0,66.0
1978,17.0,66.0
1979,17.0,65.0
1980,17.0,66.0
1981,17.0,65.0
1982,17.0,66.0
1983,17.0,65.0
1984,17.0,64.0
1985,17.0,62.0
1986,17.0,62.0
1987,17.0,63.0
1988,17.0,64.0
1989,17.0,63.0
1990,17.0,63.0
1991,17.0,62.0
1992,17.0,62.0
1993,17.0,62.0
1994,17.0,61.0
1995,17.0,61.0
1996,17.0,61.0
1997,17.0,52.0
1998,17.0,53.0
1999,17.0,53.0
2000,17.0,53.99999999999999
2001,17.0,55.0
2002,17.0,56.0
2003,17.0,56.0
2004,17.0,57.0
2005,17.0,58.0
2006,17.0,59.0
2007,17.0,59.0
2008,17.0,60.0
2009,17.0,60.0
2010,17.0,60.0
2011,17.0,60.0
2012,17.0,61.0
2013,17.0,62.0
2014,17.0,61.0
2015,17.0,61.0
2016,17.0,60.0
2017,17.0,60.0
2018,17.0,60.0
2019,17.0,60.0
2020,17.0,60.0
2021,17.0,69.0
2022,17.0,69.0
2023,17.0,69.0
2024,17.0,69.0
2025,17.0,69.0
2026,17.0,68.0
2027,17.0,67.0
2028,17.0,67.0
2029,17.0,66.0
2030,17.0,65.0
2031,17.0,64.0
2032,17.0,64.0
2033,17.0,64.0
2034,17.0,65.0
2035,17.0,65.0
2036,17.0,65.0
2037,17.0,65.0
2038,17.0,65.0
2039,17.0,65.0
2040,17.0,65.0
2041,17.0,66.0
2042,17.0,66.0
2043,17.0,66.0
2044,17.0,66.0
2045,17.0,89.0
2046,17.0,85.99999999999999
2047,17.0,84.0
2048,17.0,82.0
2049,17.0,80.0
2050,17.0,78.0
2051,17.0,76.0
2052,17.0,75.0
2053,17.0,75.0
2054,17.0,74.0
2055,17.0,74.0
2056,17.0,73.00000000000001
2057,17.0,72.0
2058,17.0,72.0
2059,17.0,71.0
2060,17.0,71.0
2061,17.0,70.0
2062,17.0,68.0
2063,17.0,67.0
2064,17.0,67.0
2065,17.0,67.0
2066,17.0,66.0
2067,17.0,65.0
2068,17.0,65.0
2069,17.0,83.0
2070,17.0,84.0
2071,17.0,84.0
2072,17.0,84.0
2073,17.0,85.0
2074,17.0,85.0
2075,17.0,85.0
2076,17.0,85.99999999999999
2077,17.0,87.0
2078,17.0,87.0
2079,17.0,88.0
2080,17.0,88.0
2081,17.0,87.0
2082,17.0,87.0
2083,17.0,85.99999999999999
2084,17.0,85.0
2085,17.0,85.0
2086,17.0,85.0
2087,17.0,84.0
2088,17.0,82.0
2089,17.0,81.0
2090,17.0,80.0
2091,17.0,79.0
2092,17.0,79.0
2093,17.0,51.0
2094,17.0,49.0
2095,17.0,46.0
2096,17.0,44.0
2097,17.0,48.0
2098,17.0,51.0
2099,17.0,51.0
2100,17.0,52.0
2101,17.0,53.0
2102,17.0,53.99999999999999
2103,17.0,55.0
2104,17.0,56.0
2105,17.0,56.0
2106,17.0,56.0
2107,17.0,57.0
2108,17.0,57.0
2109,17.0,57.0
2110,17.0,57.0
2111,17.0,56.0
2112,17.0,56.0
2113,17.0,56.0
2114,17.0,56.0
2115,17.0,56.0
2116,17.0,56.0
2117,17.0,56.0
2118,17.0,56.0
2119,17.0,55.0
2120,17.0,55.0
2121,17.0,53.99999999999999
2122,17.0,53.99999999999999
2123,17.0,53.0
2124,17.0,53.0
2125,17.0,53.0
2126,17.0,53.99999999999999
2127,17.0,53.0
2128,17.0,53.99999999999999
2129,17.0,53.0
2130,17.0,53.0
2131,17.0,53.99999999999999
2132,17.0,55.0
2133,17.0,55.0
2134,17.0,53.99999999999999
2135,17.0,53.99999999999999
2136,17.0,53.99999999999999
2137,17.0,53.0
2138,17.0,53.0
2139,17.0,52.0
2140,17.0,51.0
2141,17.0,56.0
2142,17.0,55.0
2143,17.0,53.99999999999999
2144,17.0,53.99999999999999
2145,17.0,53.99999999999999
2146,17.0,55.0
2147,17.0,56.0
2148,17.0,57.0
2149,17.0,58.0
2150,17.0,59.0
2151,17.0,59.0
2152,17.0,60.0
2153,17.0,61.0
2154,17.0,59.0
2155,17.0,60.0
2156,17.0,61.0
2157,17.0,61.0
2158,17.0,61.0
2159,17.0,62.0
2160,17.0,63.0
2161,17.0,63.0
2162,17.0,65.0
2163,17.0,65.0
2164,17.0,66.0
2165,17.0,67.0
2166,17.0,67.0
2167,17.0,68.0
2168,17.0,68.0
2169,17.0,67.0
2170,17.0,67.0
2171,17.0,66.0
2172,17.0,65.0
2173,17.0,64.0
2174,17.0,64.0
2175,17.0,64.0
2176,17.0,63.0
2177,17.0,62.0
2178,17.0,63.0
2179,17.0,62.0
2180,17.0,62.0
2181,17.0,61.0
2182,17.0,62.0
2183,17.0,62.0
2184,17.0,61.0
2185,17.0,61.0
2186,17.0,59.0
2187,17.0,59.0
2188,17.0,59.0
2189,17.0,59.0
2190,17.0,58.0
2191,17.0,58.0
2192,17.0,58.0
2193,17.0,59.0
2194,17.0,61.0
2195,17.0,62.0
2196,17.0,63.0
2197,17.0,64.0
2198,17.0,66.0
2199,17.0,66.0
2200,17.0,67.0
2201,17.0,66.0
2202,17.0,67.0
2203,17.0,68.0
2204,17.0,68.0
2205,17.0,68.0
2206,17.0,67.0
2207,17.0,67.0
2208,17.0,67.0
2209,17.0,68.0
2210,17.0,69.0
2211,17.0,69.0
2212,17.0,69.0
2213,17.0,69.0
2214,17.0,69.0
2215,17.0,69.0
2216,17.0,69.0
2217,17.0,70.0
2218,17.0,70.0
2219,17.0,69.0
2220,17.0,69.0
2221,17.0,69.0
2222,17.0,69.0
2223,17.0,69.0
2224,17.0,68.0
2225,17.0,68.0
2226,17.0,67.0
2227,17.0,67.0
2228,17.0,69.0
2229,17.0,70.0
2230,17.0,71.0
2231,17.0,71.0
2232,17.0,71.0
2233,17.0,71.0
2234,17.0,70.0
2235,17.0,71.0
2236,17.0,71.0
2237,17.0,71.0
2238,17.0,72.0
2239,17.0,73.00000000000001
2240,17.0,73.00000000000001
2241,17.0,73.00000000000001
2242,17.0,74.0
2243,17.0,73.00000000000001
2244,17.0,74.0
2245,17.0,73.00000000000001
2246,17.0,73.00000000000001
2247,17.0,73.00000000000001
2248,17.0,74.0
2249,17.0,75.0
2250,17.0,76.0
2251,17.0,76.0
2252,17.0,74.0
2253,17.0,72.0
2254,17.0,72.0
2255,17.0,72.0
2256,17.0,72.0
2257,17.0,72.0
2258,17.0,72.0
2259,17.0,72.0
2260,17.0,72.0
2261,17.0,73.00000000000001
2262,17.0,73.00000000000001
2263,17.0,73.00000000000001
2264,17.0,74.0
2265,17.0,74.0
2266,17.0,74.0
2267,17.0,75.0
2268,17.0,75.0
2269,17.0,75.0
2270,17.0,74.0
2271,17.0,73.00000000000001
2272,17.0,73.00000000000001
2273,17.0,73.00000000000001
2274,17.0,73.00000000000001
2275,17.0,73.00000000000001
2276,17.0,74.0
2277,17.0,75.0
2278,17.0,76.0
2279,17.0,76.0
2280,17.0,77.0
2281,17.0,77.0
2282,17.0,77.0
2283,17.0,77.0
2284,17.0,77.0
2285,17.0,76.0
2286,17.0,76.0
2287,17.0,75.0
2288,17.0,74.0
2289,17.0,74.0
2290,17.0,74.0
2291,17.0,73.00000000000001
2292,17.0,74.0
2293,17.0,75.0
2294,17.0,75.0
2295,17.0,77.0
2296,17.0,78.0
2297,17.0,79.0
2298,17.0,79.0
2299,17.0,78.0
2300,17.0,77.0
2301,17.0,76.0
2302,17.0,87.0
2303,17.0,87.0
2304,17.0,84.0
2305,17.0,84.0
2306,17.0,77.0
2307,17.0,77.0
2308,17.0,76.0
2309,17.0,76.0
2310,17.0,75.0
2311,17.0,74.0
2312,17.0,75.0
2313,17.0,74.0
2314,17.0,74.0
2315,17.0,74.0
2316,17.0,73.00000000000001
2317,17.0,72.0
2318,17.0,73.00000000000001
2319,17.0,74.0
2320,17.0,74.0
2321,17.0,74.0
2322,17.0,74.0
2323,17.0,75.0
2324,17.0,77.0
2325,17.0,77.0
2326,17.0,79.0
2327,17.0,80.0
2328,17.0,81.0
2329,17.0,81.0
2330,17.0,81.0
2331,17.0,80.0
2332,17.0,80.0
2333,17.0,80.0
2334,17.0,81.0
2335,17.0,82.0
2336,17.0,82.0
2337,17.0,82.0
2338,17.0,82.0
2339,17.0,82.0
2340,17.0,83.0
2341,17.0,83.0
2342,17.0,83.0
2343,17.0,82.0
2344,17.0,80.0
2345,17.0,79.0
2346,17.0,79.0
2347,17.0,80.0
2348,17.0,79.0
2349,17.0,79.0
2350,17.0,78.0
2351,17.0,78.0
2352,17.0,76.0
2353,17.0,76.0
2354,17.0,76.0
2355,17.0,76.0
2356,17.0,76.0
2357,17.0,76.0
2358,17.0,76.0
2359,17.0,76.0
2360,17.0,76.0
2361,17.0,75.0
2362,17.0,75.0
2363,17.0,75.0
2364,17.0,74.0
2365,17.0,74.0
2366,17.0,74.0
2367,17.0,76.0
2368,17.0,76.0
2369,17.0,77.0
2370,17.0,77.0
2371,17.0,76.0
2372,17.0,76.0
2373,17.0,75.0
2374,17.0,76.0
2375,17.0,75.0
2376,17.0,75.0
2377,17.0,74.0
2378,17.0,74.0
2379,17.0,74.0
2380,17.0,74.0
2381,17.0,73.00000000000001
2382,17.0,72.0
2383,17.0,72.0
2384,17.0,72.0
2385,17.0,72.0
2386,17.0,72.0
2387,17.0,72.0
2388,17.0,72.0
2389,17.0,71.0
2390,17.0,70.0
2391,17.0,70.0
2392,17.0,71.0
2393,17.0,69.0
2394,17.0,70.0
2395,17.0,72.0
2396,17.0,73.00000000000001
2397,17.0,73.00000000000001
2398,17.0,73.00000000000001
2399,17.0,73.00000000000001
2400,17.0,73.00000000000001
2401,17.0,73.00000000000001
2402,17.0,74.0
2403,17.0,75.0
2404,17.0,76.0
2405,17.0,76.0
2406,17.0,78.0
2407,17.0,78.0
2408,17.0,78.0
2409,17.0,78.0
2410,17.0,78.0
2411,17.0,78.0
2412,17.0,78.0
2413,17.0,79.0
2414,17.0,80.0
2415,17.0,79.0
2416,17.0,78.0
2417,17.0,80.0
2418,17.0,79.0
2419,17.0,77.0
2420,17.0,77.0
2421,17.0,75.0
2422,17.0,74.0
2423,17.0,74.0
2424,17.0,73.00000000000001
2425,17.0,73.00000000000001
2426,17.0,72.0
2427,17.0,72.0
2428,17.0,72.0
2429,17.0,71.0
2430,17.0,71.0
2431,17.0,71.0
2432,17.0,71.0
2433,17.0,70.0
2434,17.0,70.0
2435,17.0,69.0
2436,17.0,69.0
2437,17.0,68.0
2438,17.0,68.0
2439,17.0,68.0
2440,17.0,67.0
2441,17.0,66.0
2442,17.0,66.0
2443,17.0,66.0
2444,17.0,65.0
2445,17.0,65.0
2446,17.0,65.0
2447,17.0,65.0
2448,17.0,64.0
2449,17.0,64.0
2450,17.0,63.0
2451,17.0,63.0
2452,17.0,63.0
2453,17.0,62.0
2454,17.0,62.0
2455,17.0,62.0
2456,17.0,63.0
2457,17.0,63.0
2458,17.0,63.0
2459,17.0,63.0
2460,17.0,63.0
2461,17.0,62.0
2462,17.0,60.0
2463,17.0,60.0
2464,17.0,59.0
2465,17.0,59.0
2466,17.0,58.0
2467,17.0,58.0
2468,17.0,58.0
2469,17.0,58.0
2470,17.0,58.0
2471,17.0,58.0
2472,17.0,58.0
2473,17.0,58.0
2474,17.0,58.0
2475,17.0,57.0
2476,17.0,57.0
2477,17.0,57.0
2478,17.0,57.0
2479,17.0,56.0
2480,17.0,56.0
2481,17.0,56.0
2482,17.0,56.0
2483,17.0,56.0
2484,17.0,57.0
2485,17.0,57.0
2486,17.0,58.0
2487,17.0,58.0
2488,17.0,58.0
2489,17.0,58.0
2490,17.0,59.0
2491,17.0,59.0
2492,17.0,59.0
2493,17.0,60.0
2494,17.0,60.0
2495,17.0,60.0
2496,17.0,59.0
2497,17.0,59.0
2498,17.0,59.0
2499,17.0,60.0
2500,17.0,60.0
2501,17.0,61.0
2502,17.0,61.0
2503,17.0,61.0
2504,17.0,61.0
2505,17.0,60.0
2506,17.0,60.0
2507,17.0,60.0
2508,17.0,60.0
2509,17.0,60.0
2510,17.0,61.0
2511,17.0,61.0
2512,17.0,62.0
2513,17.0,62.0
2514,17.0,61.0
2515,17.0,61.0
2516,17.0,60.0
2517,17.0,60.0
2518,17.0,59.0
2519,17.0,59.0
2520,17.0,59.0
2521,17.0,59.0
2522,17.0,60.0
2523,17.0,60.0
2524,17.0,59.0
2525,17.0,59.0
2526,17.0,59.0
2527,17.0,59.0
2528,17.0,59.0
2529,17.0,59.0
2530,17.0,59.0
2531,17.0,59.0
2532,17.0,59.0
2533,17.0,59.0
2534,17.0,58.0
2535,17.0,58.0
2536,17.0,57.0
2537,17.0,57.0
2538,17.0,57.0
2539,17.0,58.0
2540,17.0,58.0
2541,17.0,58.0
2542,17.0,58.0
2543,17.0,58.0
2544,17.0,59.0
2545,17.0,59.0
2546,17.0,59.0
2547,17.0,58.0
2548,17.0,58.0
2549,17.0,58.0
2550,17.0,58.0
2551,17.0,58.0
2552,17.0,58.0
2553,17.0,59.0
2554,17.0,58.0
2555,17.0,58.0
2556,17.0,57.0
2557,17.0,56.0
2558,17.0,56.0
2559,17.0,55.0
2560,17.0,55.0
2561,17.0,53.99999999999999
2562,17.0,53.99999999999999
2563,17.0,53.99999999999999
2564,17.0,53.99999999999999
2565,17.0,53.99999999999999
2566,17.0,53.99999999999999
2567,17.0,53.99999999999999
2568,17.0,53.99999999999999
2569,17.0,53.99999999999999
2570,17.0,53.99999999999999
2571,17.0,53.99999999999999
2572,17.0,53.99999999999999
2573,17.0,53.99999999999999
2574,17.0,53.99999999999999
2575,17.0,53.99999999999999
2576,17.0,53.0
2577,17.0,53.0
2578,17.0,53.0
2579,17.0,52.0
2580,17.0,52.0
2581,17.0,51.0
2582,17.0,50.0
2583,17.0,48.0
2584,17.0,46.0
2585,17.0,45.0
2586,17.0,45.0
2587,17.0,45.0
2588,17.0,44.0
2589,17.0,42.0
2590,17.0,41.0
2591,17.0,39.0
2592,17.0,38.0
2593,17.0,38.0
2594,17.0,38.0
2595,17.0,38.0
2596,17.0,39.0
2597,17.0,30.0
2598,17.0,30.0
2599,17.0,30.0
2600,17.0,30.0
2601,17.0,31.0
2602,17.0,32.0
2603,17.0,34.0
2604,17.0,35.0
2605,17.0,36.0
2606,17.0,39.0
2607,17.0,41.0
2608,17.0,42.0
2609,17.0,42.0
2610,17.0,42.0
2611,17.0,42.0
2612,17.0,42.99999999999999
2613,17.0,42.99999999999999
2614,17.0,42.99999999999999
2615,17.0,44.0
2616,17.0,46.0
2617,17.0,48.0
2618,17.0,49.0
2619,17.0,51.0
2620,17.0,52.0
2621,17.0,56.0
2622,17.0,57.0
2623,17.0,58.0
2624,17.0,58.0
2625,17.0,59.0
2626,17.0,60.0
2627,17.0,60.0
2628,17.0,60.0
2629,17.0,60.0
2630,17.0,61.0
2631,17.0,61.0
2632,17.0,61.0
2633,17.0,60.0
2634,17.0,61.0
2635,17.0,61.0
2636,17.0,62.0
2637,17.0,61.0
2638,17.0,62.0
2639,17.0,62.0
2640,17.0,62.0
2641,17.0,62.0
2642,17.0,63.0
2643,17.0,63.0
2644,17.0,63.0
2645,17.0,65.0
2646,17.0,66.0
2647,17.0,66.0
2648,17.0,66.0
2649,17.0,65.0
2650,17.0,65.0
2651,17.0,65.0
2652,17.0,65.0
2653,17.0,65.0
2654,17.0,65.0
2655,17.0,64.0
2656,17.0,64.0
2657,17.0,64.0
2658,17.0,63.0
2659,17.0,63.0
2660,17.0,63.0
2661,17.0,63.0
2662,17.0,62.0
2663,17.0,61.0
2664,17.0,61.0
2665,17.0,61.0
2666,17.0,60.0
2667,17.0,60.0
2668,17.0,60.0
2669,17.0,57.0
2670,17.0,56.0
2671,17.0,55.0
2672,17.0,53.99999999999999
2673,17.0,53.0
2674,17.0,53.0
2675,17.0,52.0
2676,17.0,52.0
2677,17.0,51.0
2678,17.0,49.0
2679,17.0,47.0
2680,17.0,45.0
2681,17.0,44.0
2682,17.0,40.0
2683,17.0,37.0
2684,17.0,39.0
2685,17.0,39.0
2686,17.0,38.0
2687,17.0,38.0
2688,17.0,38.0
2689,17.0,38.0
2690,17.0,34.0
2691,17.0,34.0
2692,17.0,35.0
2693,17.0,61.0
2694,17.0,61.0
2695,17.0,61.0
2696,17.0,61.0
2697,17.0,62.0
2698,17.0,64.0
2699,17.0,64.0
2700,17.0,64.0
2701,17.0,63.0
2702,17.0,63.0
2703,17.0,63.0
2704,17.0,64.0
2705,17.0,65.0
2706,17.0,66.0
2707,17.0,66.0
2708,17.0,66.0
2709,17.0,66.0
2710,17.0,66.0
2711,17.0,68.0
2712,17.0,68.0
2713,17.0,68.0
2714,17.0,69.0
2715,17.0,70.0
2716,17.0,70.0
2717,17.0,60.0
2718,17.0,60.0
2719,17.0,59.0
2720,17.0,60.0
2721,17.0,60.0
2722,17.0,60.0
2723,17.0,60.0
2724,17.0,60.0
2725,17.0,60.0
2726,17.0,60.0
2727,17.0,60.0
2728,17.0,60.0
2729,17.0,61.0
2730,17.0,61.0
2731,17.0,61.0
2732,17.0,60.0
2733,17.0,59.0
2734,17.0,59.0
2735,17.0,59.0
2736,17.0,59.0
2737,17.0,60.0
2738,17.0,60.0
2739,17.0,60.0
2740,17.0,60.0
2741,17.0,66.0
2742,17.0,66.0
2743,17.0,66.0
2744,17.0,66.0
2745,17.0,67.0
2746,17.0,68.0
2747,17.0,69.0
2748,17.0,70.0
2749,17.0,71.0
2750,17.0,72.0
2751,17.0,73.00000000000001
2752,17.0,74.0
2753,17.0,74.0
2754,17.0,75.0
2755,17.0,75.0
2756,17.0,76.0
2757,17.0,76.0
2758,17.0,76.0
2759,17.0,76.0
2760,17.0,77.0
2761,17.0,77.0
2762,17.0,77.0
2763,17.0,78.0
2764,17.0,78.0
2765,17.0,64.0
2766,17.0,64.0
2767,17.0,65.0
2768,17.0,65.0
2769,17.0,65.0
2770,17.0,66.0
2771,17.0,66.0
2772,17.0,67.0
2773,17.0,67.0
2774,17.0,68.0
2775,17.0,69.0
2776,17.0,70.0
2777,17.0,71.0
2778,17.0,71.0
2779,17.0,71.0
2780,17.0,72.0
2781,17.0,73.00000000000001
2782,17.0,74.0
2783,17.0,76.0
2784,17.0,76.0
2785,17.0,76.0
2786,17.0,77.0
2787,17.0,78.0
2788,17.0,79.0
2789,17.0,80.0
2790,17.0,80.0
2791,17.0,80.0
2792,17.0,81.0
2793,17.0,80.0
2794,17.0,80.0
2795,17.0,80.0
2796,17.0,80.0
2797,17.0,79.0
2798,17.0,80.0
2799,17.0,80.0
2800,17.0,80.0
2801,17.0,81.0
2802,17.0,81.0
2803,17.0,83.0
2804,17.0,84.0
2805,17.0,85.0
2806,17.0,87.0
2807,17.0,97.0
2808,17.0,104.0
2809,17.0,101.0
2810,17.0,96.0
2811,17.0,97.0
2812,17.0,97.0
2813,17.0,56.0
2814,17.0,55.0
2815,17.0,56.0
2816,17.0,56.0
2817,17.0,55.0
2818,17.0,53.99999999999999
2819,17.0,53.99999999999999
2820,17.0,53.0
2821,17.0,53.0
2822,17.0,52.0
2823,17.0,52.0
2824,17.0,51.0
2825,17.0,51.0
2826,17.0,51.0
2827,17.0,51.0
2828,17.0,51.0
2829,17.0,50.0
2830,17.0,51.0
2831,17.0,52.0
2832,17.0,52.0
2833,17.0,52.0
2834,17.0,51.0
2835,17.0,51.0
2836,17.0,51.0
2837,17.0,50.0
2838,17.0,48.0
2839,17.0,49.0
2840,17.0,49.0
2841,17.0,50.0
2842,17.0,51.0
2843,17.0,51.0
2844,17.0,51.0
2845,17.0,52.0
2846,17.0,52.0
2847,17.0,53.0
2848,17.0,53.0
2849,17.0,53.0
2850,17.0,53.99999999999999
2851,17.0,53.99999999999999
2852,17.0,53.0
2853,17.0,52.0
2854,17.0,52.0
2855,17.0,52.0
2856,17.0,52.0
2857,17.0,52.0
2858,17.0,52.0
2859,17.0,52.0
2860,17.0,52.0
2861,17.0,55.0
2862,17.0,56.0
2863,17.0,56.0
2864,17.0,57.0
2865,17.0,58.0
2866,17.0,58.0
2867,17.0,59.0
2868,17.0,60.0
2869,17.0,59.0
2870,17.0,59.0
2871,17.0,58.0
2872,17.0,58.0
2873,17.0,57.0
2874,17.0,58.0
2875,17.0,58.0
2876,17.0,58.0
2877,17.0,58.0
2878,17.0,58.0
2879,17.0,57.0
2880,17.0,57.0
2881,17.0,58.0
2882,17.0,59.0
2883,17.0,60.0
2884,17.0,60.0
2885,17.0,60.0
2886,17.0,60.0
2887,17.0,61.0
2888,17.0,61.0
2889,17.0,61.0
2890,17.0,61.0
2891,17.0,60.0
2892,17.0,59.0
2893,17.0,59.0
2894,17.0,59.0
2895,17.0,60.0
2896,17.0,61.0
2897,17.0,62.0
2898,17.0,62.0
2899,17.0,62.0
2900,17.0,61.0
2901,17.0,61.0
2902,17.0,60.0
2903,17.0,60.0
2904,17.0,60.0
2905,17.0,59.0
2906,17.0,58.0
2907,17.0,58.0
2908,17.0,57.0
2909,17.0,57.0
2910,17.0,56.0
2911,17.0,56.0
2912,17.0,55.0
2913,17.0,55.0
2914,17.0,55.0
2915,17.0,56.0
2916,17.0,56.0
2917,17.0,57.0
2918,17.0,57.0
2919,17.0,57.0
2920,17.0,56.0
2921,17.0,56.0
2922,17.0,57.0
2923,17.0,58.0
2924,17.0,59.0
2925,17.0,59.0
2926,17.0,59.0
2927,17.0,59.0
2928,17.0,59.0
2929,17.0,60.0
2930,17.0,60.0
2931,17.0,61.0
2932,17.0,61.0
2933,17.0,62.0
2934,17.0,62.0
2935,17.0,63.0
2936,17.0,64.0
2937,17.0,64.0
2938,17.0,65.0
2939,17.0,65.0
2940,17.0,66.0
2941,17.0,66.0
2942,17.0,67.0
2943,17.0,67.0
2944,17.0,68.0
2945,17.0,68.0
2946,17.0,67.0
2947,17.0,68.0
2948,17.0,67.0
2949,17.0,69.0
2950,17.0,69.0
2951,17.0,69.0
2952,17.0,70.0
2953,17.0,70.0
2954,17.0,71.0
2955,17.0,72.0
2956,17.0,74.0
2957,17.0,74.0
2958,17.0,75.0
2959,17.0,76.0
2960,17.0,76.0
2961,17.0,77.0
2962,17.0,77.0
2963,17.0,78.0
2964,17.0,78.0
2965,17.0,79.0
2966,17.0,79.0
2967,17.0,80.0
2968,17.0,80.0
2969,17.0,79.0
2970,17.0,79.0
2971,17.0,78.0
2972,17.0,78.0
2973,17.0,77.0
2974,17.0,77.0
2975,17.0,76.0
2976,17.0,76.0
2977,17.0,76.0
2978,17.0,75.0
2979,17.0,74.0
2980,17.0,73.00000000000001
2981,17.0,72.0
2982,17.0,71.0
2983,17.0,71.0
2984,17.0,70.0
2985,17.0,68.0
2986,17.0,66.0
2987,17.0,65.0
2988,17.0,63.0
2989,17.0,62.0
2990,17.0,60.0
2991,17.0,59.0
2992,17.0,58.0
2993,17.0,58.0
2994,17.0,57.0
2995,17.0,57.0
2996,17.0,57.0
2997,17.0,57.0
2998,17.0,57.0
2999,17.0,57.0
3000,17.0,58.0
3001,17.0,58.0
3002,17.0,58.0
3003,17.0,58.0
3004,17.0,58.0
3005,17.0,57.0
3006,17.0,57.0
3007,17.0,56.0
3008,17.0,56.0
3009,17.0,56.0
3010,17.0,56.0
3011,17.0,56.0
3012,17.0,56.0
3013,17.0,57.0
3014,17.0,56.0
3015,17.0,57.0
3016,17.0,57.0
3017,17.0,57.0
3018,17.0,58.0
3019,17.0,59.0
3020,17.0,60.0
3021,17.0,61.0
3022,17.0,61.0
3023,17.0,61.0
3024,17.0,61.0
3025,17.0,60.0
3026,17.0,60.0
3027,17.0,59.0
3028,17.0,59.0
3029,17.0,58.0
3030,17.0,59.0
3031,17.0,58.0
3032,17.0,58.0
3033,17.0,58.0
3034,17.0,58.0
3035,17.0,58.0
3036,17.0,58.0
3037,17.0,58.0
3038,17.0,58.0
3039,17.0,57.0
3040,17.0,57.0
3041,17.0,57.0
3042,17.0,56.0
3043,17.0,53.99999999999999
3044,17.0,53.0
3045,17.0,53.0
3046,17.0,53.0
3047,17.0,52.0
3048,17.0,52.0
3049,17.0,52.0
3050,17.0,53.0
3051,17.0,53.0
3052,17.0,53.99999999999999
3053,17.0,53.99999999999999
3054,17.0,55.0
3055,17.0,55.0
3056,17.0,56.0
3057,17.0,56.0
3058,17.0,57.0
3059,17.0,58.0
3060,17.0,59.0
3061,17.0,59.0
3062,17.0,60.0
3063,17.0,62.0
3064,17.0,63.0
3065,17.0,63.0
3066,17.0,63.0
3067,17.0,64.0
3068,17.0,64.0
3069,17.0,64.0
3070,17.0,64.0
3071,17.0,65.0
3072,17.0,65.0
3073,17.0,65.0
3074,17.0,65.0
3075,17.0,65.0
3076,17.0,65.0
3077,17.0,65.0
3078,17.0,65.0
3079,17.0,65.0
3080,17.0,65.0
3081,17.0,65.0
3082,17.0,65.0
3083,17.0,65.0
3084,17.0,66.0
3085,17.0,65.0
3086,17.0,66.0
3087,17.0,65.0
3088,17.0,64.0
3089,17.0,63.0
3090,17.0,63.0
3091,17.0,63.0
3092,17.0,63.0
3093,17.0,62.0
3094,17.0,63.0
3095,17.0,63.0
3096,17.0,62.0
3097,17.0,61.0
3098,17.0,62.0
3099,17.0,62.0
3100,17.0,63.0
3101,17.0,63.0
3102,17.0,63.0
3103,17.0,64.0
3104,17.0,64.0
3105,17.0,64.0
3106,17.0,64.0
3107,17.0,65.0
3108,17.0,65.0
3109,17.0,66.0
3110,17.0,66.0
3111,17.0,66.0
3112,17.0,66.0
3113,17.0,67.0
3114,17.0,66.0
3115,17.0,66.0
3116,17.0,66.0
3117,17.0,66.0
3118,17.0,65.0
3119,17.0,65.0
3120,17.0,66.0
3121,17.0,67.0
3122,17.0,67.0
3123,17.0,67.0
3124,17.0,67.0
3125,17.0,68.0
3126,17.0,68.0
3127,17.0,68.0
3128,17.0,67.0
3129,17.0,68.0
3130,17.0,67.0
3131,17.0,67.0
3132,17.0,67.0
3133,17.0,67.0
3134,17.0,66.0
3135,17.0,67.0
3136,17.0,68.0
3137,17.0,69.0
3138,17.0,69.0
3139,17.0,69.0
3140,17.0,70.0
3141,17.0,70.0
3142,17.0,71.0
3143,17.0,70.0
3144,17.0,70.0
3145,17.0,69.0
3146,17.0,69.0
3147,17.0,68.0
3148,17.0,68.0
3149,17.0,68.0
3150,17.0,68.0
3151,17.0,68.0
3152,17.0,68.0
3153,17.0,68.0
3154,17.0,68.0
3155,17.0,68.0
3156,17.0,68.0
3157,17.0,68.0
3158,17.0,68.0
3159,17.0,69.0
3160,17.0,68.0
3161,17.0,68.0
3162,17.0,68.0
3163,17.0,69.0
3164,17.0,68.0
3165,17.0,68.0
3166,17.0,68.0
3167,17.0,68.0
3168,17.0,67.0
3169,17.0,68.0
3170,17.0,68.0
3171,17.0,68.0
3172,17.0,69.0
3173,17.0,69.0
3174,17.0,69.0
3175,17.0,70.0
3176,17.0,70.0
3177,17.0,71.0
3178,17.0,72.0
3179,17.0,72.0
3180,17.0,72.0
3181,17.0,72.0
3182,17.0,72.0
3183,17.0,72.0
3184,17.0,72.0
3185,17.0,72.0
3186,17.0,72.0
3187,17.0,72.0
3188,17.0,72.0
3189,17.0,73.00000000000001
3190,17.0,73.00000000000001
3191,17.0,73.00000000000001
3192,17.0,73.00000000000001
3193,17.0,73.00000000000001
3194,17.0,74.0
3195,17.0,74.0
3196,17.0,74.0
3197,17.0,73.00000000000001
3198,17.0,74.0
3199,17.0,74.0
3200,17.0,74.0
3201,17.0,74.0
3202,17.0,75.0
3203,17.0,75.0
3204,17.0,75.0
3205,17.0,76.0
3206,17.0,76.0
3207,17.0,75.0
3208,17.0,75.0
3209,17.0,75.0
3210,17.0,76.0
3211,17.0,76.0
3212,17.0,76.0
3213,17.0,76.0
3214,17.0,76.0
3215,17.0,76.0
3216,17.0,76.0
3217,17.0,76.0
3218,17.0,76.0
3219,17.0,75.0
3220,17.0,76.0
3221,17.0,76.0
3222,17.0,76.0
3223,17.0,75.0
3224,17.0,74.0
3225,17.0,74.0
3226,17.0,74.0
3227,17.0,74.0
3228,17.0,74.0
3229,17.0,74.0
3230,17.0,74.0
3231,17.0,75.0
3232,17.0,76.0
3233,17.0,77.0
3234,17.0,76.0
3235,17.0,76.0
3236,17.0,77.0
3237,17.0,78.0
3238,17.0,79.0
3239,17.0,79.0
3240,17.0,80.0
3241,17.0,80.0
3242,17.0,81.0
3243,17.0,81.0
3244,17.0,81.0
3245,17.0,82.0
3246,17.0,83.0
3247,17.0,83.0
3248,17.0,83.0
3249,17.0,83.0
3250,17.0,84.0
3251,17.0,85.0
3252,17.0,85.0
3253,17.0,85.0
3254,17.0,85.0
3255,17.0,85.99999999999999
3256,17.0,85.99999999999999
3257,17.0,85.0
3258,17.0,85.0
3259,17.0,85.0
3260,17.0,85.0
3261,17.0,85.0
3262,17.0,85.0
3263,17.0,85.0
3264,17.0,85.0
3265,17.0,87.0
3266,17.0,87.0
3267,17.0,88.0
3268,17.0,88.0
3269,17.0,87.0
3270,17.0,85.99999999999999
3271,17.0,87.0
3272,17.0,87.0
3273,17.0,88.0
3274,17.0,88.0
3275,17.0,87.0
3276,17.0,87.0
3277,17.0,87.0
3278,17.0,87.0
3279,17.0,85.99999999999999
3280,17.0,85.0
3281,17.0,85.99999999999999
3282,17.0,85.99999999999999
3283,17.0,85.99999999999999
3284,17.0,85.0
3285,17.0,85.0
3286,17.0,84.0
3287,17.0,85.0
3288,17.0,84.0
3289,17.0,83.0
3290,17.0,84.0
3291,17.0,83.0
3292,17.0,83.0
3293,17.0,82.0
3294,17.0,81.0
3295,17.0,80.0
3296,17.0,79.0
3297,17.0,77.0
3298,17.0,75.0
3299,17.0,74.0
3300,17.0,73.00000000000001
3301,17.0,71.0
3302,17.0,70.0
3303,17.0,71.0
3304,17.0,71.0
3305,17.0,70.0
3306,17.0,70.0
3307,17.0,71.0
3308,17.0,71.0
3309,17.0,71.0
3310,17.0,71.0
3311,17.0,70.0
3312,17.0,69.0
3313,17.0,68.0
3314,17.0,68.0
3315,17.0,67.0
3316,17.0,66.0
3317,17.0,40.0
3318,17.0,42.0
3319,17.0,42.99999999999999
3320,17.0,44.0
3321,17.0,46.0
3322,17.0,46.0
3323,17.0,48.0
3324,17.0,49.0
3325,17.0,49.0
3326,17.0,50.0
3327,17.0,50.0
3328,17.0,50.0
3329,17.0,52.0
3330,17.0,52.0
3331,17.0,52.0
3332,17.0,52.0
3333,17.0,52.0
3334,17.0,53.0
3335,17.0,53.0
3336,17.0,53.0
3337,17.0,53.0
3338,17.0,53.0
3339,17.0,53.0
3340,17.0,53.0
3341,17.0,52.0
3342,17.0,53.0
3343,17.0,53.0
3344,17.0,53.0
3345,17.0,53.99999999999999
3346,17.0,53.99999999999999
3347,17.0,53.99999999999999
3348,17.0,53.99999999999999
3349,17.0,53.0
3350,17.0,53.0
3351,17.0,53.0
3352,17.0,53.0
3353,17.0,53.99999999999999
3354,17.0,53.99999999999999
3355,17.0,53.99999999999999
3356,17.0,53.99999999999999
3357,17.0,53.99999999999999
3358,17.0,53.99999999999999
3359,17.0,55.0
3360,17.0,55.0
3361,17.0,56.0
3362,17.0,56.0
3363,17.0,56.0
3364,17.0,55.0
3365,17.0,62.0
3366,17.0,62.0
3367,17.0,62.0
3368,17.0,62.0
3369,17.0,61.0
3370,17.0,61.0
3371,17.0,61.0
3372,17.0,61.0
3373,17.0,61.0
3374,17.0,61.0
3375,17.0,61.0
3376,17.0,62.0
3377,17.0,62.0
3378,17.0,62.0
3379,17.0,61.0
3380,17.0,60.0
3381,17.0,60.0
3382,17.0,60.0
3383,17.0,60.0
3384,17.0,60.0
3385,17.0,60.0
3386,17.0,61.0
3387,17.0,62.0
3388,17.0,61.0
3389,17.0,60.0
3390,17.0,60.0
3391,17.0,60.0
3392,17.0,60.0
3393,17.0,60.0
3394,17.0,60.0
3395,17.0,60.0
3396,17.0,60.0
3397,17.0,59.0
3398,17.0,58.0
3399,17.0,57.0
3400,17.0,57.0
3401,17.0,56.0
3402,17.0,56.0
3403,17.0,56.0
3404,17.0,56.0
3405,17.0,56.0
3406,17.0,57.0
3407,17.0,57.0
3408,17.0,57.0
3409,17.0,57.0
3410,17.0,57.0
3411,17.0,57.0
3412,17.0,57.0
3413,17.0,36.0
3414,17.0,38.0
3415,17.0,39.0
3416,17.0,42.99999999999999
3417,17.0,46.0
3418,17.0,47.0
3419,17.0,49.0
3420,17.0,51.0
3421,17.0,52.0
3422,17.0,52.0
3423,17.0,52.0
3424,17.0,53.0
3425,17.0,53.0
3426,17.0,53.0
3427,17.0,53.99999999999999
3428,17.0,53.0
3429,17.0,53.0
3430,17.0,53.0
3431,17.0,53.0
3432,17.0,53.0
3433,17.0,53.0
3434,17.0,53.99999999999999
3435,17.0,53.99999999999999
3436,17.0,53.0
3437,17.0,70.0
3438,17.0,72.0
3439,17.0,71.0
3440,17.0,70.0
3441,17.0,69.0
3442,17.0,68.0
3443,17.0,68.0
3444,17.0,67.0
3445,17.0,68.0
3446,17.0,68.0
3447,17.0,68.0
3448,17.0,67.0
3449,17.0,67.0
3450,17.0,66.0
3451,17.0,66.0
3452,17.0,66.0
3453,17.0,66.0
3454,17.0,67.0
3455,17.0,66.0
3456,17.0,66.0
3457,17.0,65.0
3458,17.0,65.0
3459,17.0,65.0
3460,17.0,65.0
3461,17.0,60.0
3462,17.0,60.0
3463,17.0,60.0
3464,17.0,60.0
3465,17.0,59.0
3466,17.0,59.0
3467,17.0,59.0
3468,17.0,59.0
3469,17.0,59.0
3470,17.0,58.0
3471,17.0,58.0
3472,17.0,57.0
3473,17.0,57.0
3474,17.0,58.0
3475,17.0,58.0
3476,17.0,59.0
3477,17.0,60.0
3478,17.0,60.0
3479,17.0,60.0
3480,17.0,61.0
3481,17.0,61.0
3482,17.0,62.0
3483,17.0,63.0
3484,17.0,63.0
3485,17.0,78.0
3486,17.0,79.0
3487,17.0,79.0
3488,17.0,80.0
3489,17.0,80.0
3490,17.0,81.0
3491,17.0,81.0
3492,17.0,82.0
3493,17.0,83.0
3494,17.0,83.0
3495,17.0,84.0
3496,17.0,83.0
3497,17.0,83.0
3498,17.0,83.0
3499,17.0,82.0
3500,17.0,82.0
3501,17.0,82.0
3502,17.0,81.0
3503,17.0,81.0
3504,17.0,81.0
3505,17.0,80.0
3506,17.0,79.0
3507,17.0,79.0
3508,17.0,79.0
3509,17.0,80.0
3510,17.0,80.0
3511,17.0,81.0
3512,17.0,82.0
3513,17.0,83.0
3514,17.0,84.0
3515,17.0,85.0
3516,17.0,85.99999999999999
3517,17.0,87.0
3518,17.0,89.0
3519,17.0,91.0
3520,17.0,92.0
3521,17.0,92.0
3522,17.0,93.0
3523,17.0,93.0
3524,17.0,93.0
3525,17.0,93.0
3526,17.0,92.0
3527,17.0,91.0
3528,17.0,91.0
3529,17.0,91.0
3530,17.0,90.0
3531,17.0,88.0
3532,17.0,87.0
3533,17.0,98.0
3534,17.0,98.0
3535,17.0,99.0
3536,17.0,106.0
3537,17.0,111.0
3538,17.0,124.0
3539,17.0,132.0
3540,17.0,135.0
3541,17.0,139.0
3542,17.0,143.0
3543,17.0,151.0
3544,17.0,152.0
3545,17.0,152.0
3546,17.0,152.0
3547,17.0,151.0
3548,17.0,151.0
3549,17.0,151.0
3550,17.0,148.0
3551,17.0,137.0
3552,17.0,125.0
3553,17.0,119.0
3554,17.0,113.0
3555,17.0,118.0
3556,17.0,124.0
3557,17.0,50.0
3558,17.0,51.0
3559,17.0,52.0
3560,17.0,52.0
3561,17.0,52.0
3562,17.0,52.0
3563,17.0,53.0
3564,17.0,53.0
3565,17.0,53.99999999999999
3566,17.0,53.99999999999999
3567,17.0,55.0
3568,17.0,55.0
3569,17.0,55.0
3570,17.0,55.0
3571,17.0,56.0
3572,17.0,56.0
3573,17.0,57.0
3574,17.0,58.0
3575,17.0,58.0
3576,17.0,59.0
3577,17.0,59.0
3578,17.0,60.0
3579,17.0,61.0
3580,17.0,61.0
3581,17.0,52.0
3582,17.0,53.0
3583,17.0,53.0
3584,17.0,53.0
3585,17.0,53.0
3586,17.0,53.0
3587,17.0,53.0
3588,17.0,53.0
3589,17.0,53.0
3590,17.0,52.0
3591,17.0,52.0
3592,17.0,52.0
3593,17.0,52.0
3594,17.0,50.0
3595,17.0,48.0
3596,17.0,45.0
3597,17.0,47.0
3598,17.0,51.0
3599,17.0,52.0
3600,17.0,53.0
3601,17.0,53.0
3602,17.0,53.0
3603,17.0,53.0
3604,17.0,53.0
3605,17.0,66.0
3606,17.0,66.0
3607,17.0,66.0
3608,17.0,67.0
3609,17.0,67.0
3610,17.0,67.0
3611,17.0,67.0
3612,17.0,67.0
3613,17.0,67.0
3614,17.0,67.0
3615,17.0,68.0
3616,17.0,68.0
3617,17.0,69.0
3618,17.0,69.0
3619,17.0,70.0
3620,17.0,71.0
3621,17.0,72.0
3622,17.0,73.00000000000001
3623,17.0,74.0
3624,17.0,75.0
3625,17.0,76.0
3626,17.0,76.0
3627,17.0,77.0
3628,17.0,77.0
3629,17.0,77.0
3630,17.0,77.0
3631,17.0,77.0
3632,17.0,76.0
3633,17.0,75.0
3634,17.0,74.0
3635,17.0,73.00000000000001
3636,17.0,72.0
3637,17.0,72.0
3638,17.0,71.0
3639,17.0,71.0
3640,17.0,70.0
3641,17.0,69.0
3642,17.0,69.0
3643,17.0,68.0
3644,17.0,67.0
3645,17.0,66.0
3646,17.0,65.0
3647,17.0,64.0
3648,17.0,62.0
3649,17.0,61.0
3650,17.0,60.0
3651,17.0,59.0
3652,17.0,58.0
3653,17.0,57.0
3654,17.0,56.0
3655,17.0,55.0
3656,17.0,55.0
3657,17.0,55.0
3658,17.0,55.0
3659,17.0,55.0
3660,17.0,56.0
3661,17.0,56.0
3662,17.0,57.0
3663,17.0,57.0
3664,17.0,57.0
3665,17.0,58.0
3666,17.0,58.0
3667,17.0,58.0
3668,17.0,59.0
3669,17.0,59.0
3670,17.0,60.0
3671,17.0,61.0
3672,17.0,77.0
3673,17.0,87.0
3674,17.0,84.0
3675,17.0,64.0
3676,17.0,64.0
3677,17.0,65.0
3678,17.0,65.0
3679,17.0,66.0
3680,17.0,67.0
3681,17.0,68.0
3682,17.0,70.0
3683,17.0,70.0
3684,17.0,71.0
3685,17.0,72.0
3686,17.0,72.0
3687,17.0,73.00000000000001
3688,17.0,74.0
3689,17.0,74.0
3690,17.0,74.0
3691,17.0,75.0
3692,17.0,75.0
3693,17.0,75.0
3694,17.0,75.0
3695,17.0,74.0
3696,17.0,74.0
3697,17.0,74.0
3698,17.0,74.0
3699,17.0,74.0
3700,17.0,74.0
3701,17.0,74.0
3702,17.0,74.0
3703,17.0,74.0
3704,17.0,74.0
3705,17.0,73.00000000000001
3706,17.0,73.00000000000001
3707,17.0,72.0
3708,17.0,72.0
3709,17.0,71.0
3710,17.0,70.0
3711,17.0,68.0
3712,17.0,67.0
3713,17.0,67.0
3714,17.0,66.0
3715,17.0,66.0
3716,17.0,66.0
3717,17.0,66.0
3718,17.0,66.0
3719,17.0,66.0
3720,17.0,66.0
3721,17.0,65.0
3722,17.0,65.0
3723,17.0,65.0
3724,17.0,64.0
3725,17.0,63.0
3726,17.0,63.0
3727,17.0,62.0
3728,17.0,62.0
3729,17.0,61.0
3730,17.0,62.0
3731,17.0,62.0
3732,17.0,63.0
3733,17.0,63.0
3734,17.0,64.0
3735,17.0,66.0
3736,17.0,67.0
3737,17.0,68.0
3738,17.0,67.0
3739,17.0,67.0
3740,17.0,67.0
3741,17.0,67.0
3742,17.0,66.0
3743,17.0,66.0
3744,17.0,67.0
3745,17.0,68.0
3746,17.0,68.0
3747,17.0,69.0
3748,17.0,70.0
3749,17.0,71.0
3750,17.0,71.0
3751,17.0,72.0
3752,17.0,72.0
3753,17.0,72.0
3754,17.0,72.0
3755,17.0,71.0
3756,17.0,71.0
3757,17.0,70.0
3758,17.0,70.0
3759,17.0,69.0
3760,17.0,69.0
3761,17.0,68.0
3762,17.0,68.0
3763,17.0,68.0
3764,17.0,68.0
3765,17.0,68.0
3766,17.0,68.0
3767,17.0,68.0
3768,17.0,68.0
3769,17.0,67.0
3770,17.0,67.0
3771,17.0,67.0
3772,17.0,66.0
3773,17.0,66.0
3774,17.0,66.0
3775,17.0,66.0
3776,17.0,66.0
3777,17.0,65.0
3778,17.0,64.0
3779,17.0,64.0
3780,17.0,63.0
3781,17.0,62.0
3782,17.0,62.0
3783,17.0,61.0
3784,17.0,60.0
3785,17.0,61.0
3786,17.0,61.0
3787,17.0,61.0
3788,17.0,61.0
3789,17.0,61.0
3790,17.0,61.0
3791,17.0,61.0
3792,17.0,61.0
3793,17.0,61.0
3794,17.0,61.0
3795,17.0,61.0
3796,17.0,62.0
3797,17.0,61.0
3798,17.0,61.0
3799,17.0,61.0
3800,17.0,61.0
3801,17.0,61.0
3802,17.0,62.0
3803,17.0,62.0
3804,17.0,63.0
3805,17.0,63.0
3806,17.0,64.0
3807,17.0,64.0
3808,17.0,65.0
3809,17.0,66.0
3810,17.0,66.0
3811,17.0,67.0
3812,17.0,67.0
3813,17.0,66.0
3814,17.0,66.0
3815,17.0,66.0
3816,17.0,67.0
3817,17.0,67.0
3818,17.0,67.0
3819,17.0,66.0
3820,17.0,66.0
3821,17.0,65.0
3822,17.0,65.0
3823,17.0,65.0
3824,17.0,65.0
3825,17.0,65.0
3826,17.0,65.0
3827,17.0,65.0
3828,17.0,65.0
3829,17.0,65.0
3830,17.0,65.0
3831,17.0,64.0
3832,17.0,64.0
3833,17.0,65.0
3834,17.0,65.0
3835,17.0,66.0
3836,17.0,67.0
3837,17.0,68.0
3838,17.0,70.0
3839,17.0,70.0
3840,17.0,70.0
3841,17.0,72.0
3842,17.0,73.00000000000001
3843,17.0,75.0
3844,17.0,76.0
3845,17.0,77.0
3846,17.0,79.0
3847,17.0,80.0
3848,17.0,81.0
3849,17.0,82.0
3850,17.0,83.0
3851,17.0,85.0
3852,17.0,85.99999999999999
3853,17.0,87.0
3854,17.0,88.0
3855,17.0,88.0
3856,17.0,88.0
3857,17.0,88.0
3858,17.0,88.0
3859,17.0,88.0
3860,17.0,87.0
3861,17.0,88.0
3862,17.0,87.0
3863,17.0,88.0
3864,17.0,87.0
3865,17.0,85.99999999999999
3866,17.0,85.0
3867,17.0,85.0
3868,17.0,84.0
3869,17.0,84.0
3870,17.0,83.0
3871,17.0,84.0
3872,17.0,84.0
3873,17.0,83.0
3874,17.0,83.0
3875,17.0,83.0
3876,17.0,84.0
3877,17.0,84.0
3878,17.0,84.0
3879,17.0,84.0
3880,17.0,85.0
3881,17.0,85.0
3882,17.0,85.99999999999999
3883,17.0,85.99999999999999
3884,17.0,85.99999999999999
3885,17.0,85.0
3886,17.0,85.0
3887,17.0,85.99999999999999
3888,17.0,85.99999999999999
3889,17.0,85.99999999999999
3890,17.0,87.0
3891,17.0,87.0
3892,17.0,87.0
3893,17.0,87.0
3894,17.0,88.0
3895,17.0,88.0
3896,17.0,88.0
3897,17.0,88.0
3898,17.0,89.0
3899,17.0,90.0
3900,17.0,90.0
3901,17.0,90.0
3902,17.0,90.0
3903,17.0,90.0
3904,17.0,91.0
3905,17.0,91.0
3906,17.0,91.0
3907,17.0,90.0
3908,17.0,90.0
3909,17.0,90.0
3910,17.0,90.0
3911,17.0,90.0
3912,17.0,89.0
3913,17.0,89.0
3914,17.0,89.0
3915,17.0,89.0
3916,17.0,88.0
3917,17.0,88.0
3918,17.0,87.0
3919,17.0,87.0
3920,17.0,85.99999999999999
3921,17.0,85.0
3922,17.0,84.0
3923,17.0,84.0
3924,17.0,83.0
3925,17.0,82.0
3926,17.0,82.0
3927,17.0,81.0
3928,17.0,80.0
3929,17.0,79.0
3930,17.0,78.0
3931,17.0,78.0
3932,17.0,77.0
3933,17.0,76.0
3934,17.0,76.0
3935,17.0,75.0
3936,17.0,75.0
3937,17.0,75.0
3938,17.0,74.0
3939,17.0,74.0
3940,17.0,74.0
3941,17.0,74.0
3942,17.0,73.00000000000001
3943,17.0,74.0
3944,17.0,74.0
3945,17.0,74.0
3946,17.0,73.00000000000001
3947,17.0,73.00000000000001
3948,17.0,72.0
3949,17.0,73.00000000000001
3950,17.0,73.00000000000001
3951,17.0,74.0
3952,17.0,75.0
3953,17.0,77.0
3954,17.0,77.0
3955,17.0,78.0
3956,17.0,79.0
3957,17.0,78.0
3958,17.0,78.0
3959,17.0,79.0
3960,17.0,79.0
3961,17.0,79.0
3962,17.0,79.0
3963,17.0,79.0
3964,17.0,78.0
3965,17.0,78.0
3966,17.0,78.0
3967,17.0,77.0
3968,17.0,77.0
3969,17.0,77.0
3970,17.0,76.0
3971,17.0,77.0
3972,17.0,77.0
3973,17.0,77.0
3974,17.0,76.0
3975,17.0,76.0
3976,17.0,76.0
3977,17.0,75.0
3978,17.0,76.0
3979,17.0,75.0
3980,17.0,73.00000000000001
3981,17.0,74.0
3982,17.0,74.0
3983,17.0,73.00000000000001
3984,17.0,73.00000000000001
3985,17.0,73.00000000000001
3986,17.0,73.00000000000001
3987,17.0,73.00000000000001
3988,17.0,73.00000000000001
3989,17.0,73.00000000000001
3990,17.0,73.00000000000001
3991,17.0,73.00000000000001
3992,17.0,72.0
3993,17.0,72.0
3994,17.0,72.0
3995,17.0,72.0
3996,17.0,71.0
3997,17.0,71.0
3998,17.0,70.0
3999,17.0,70.0
4000,17.0,70.0
4001,17.0,70.0
4002,17.0,69.0
4003,17.0,69.0
4004,17.0,69.0
4005,17.0,70.0
4006,17.0,70.0
4007,17.0,72.0
4008,17.0,72.0
4009,17.0,72.0
4010,17.0,72.0
4011,17.0,73.00000000000001
4012,17.0,74.0
4013,17.0,75.0
4014,17.0,75.0
4015,17.0,75.0
4016,17.0,74.0
4017,17.0,73.00000000000001
4018,17.0,72.0
4019,17.0,72.0
4020,17.0,71.0
4021,17.0,71.0
4022,17.0,71.0
4023,17.0,69.0
4024,17.0,69.0
4025,17.0,68.0
4026,17.0,68.0
4027,17.0,67.0
4028,17.0,68.0
4029,17.0,68.0
4030,17.0,68.0
4031,17.0,68.0
4032,17.0,68.0
4033,17.0,68.0
4034,17.0,68.0
4035,17.0,68.0
4036,17.0,67.0
4037,17.0,67.0
4038,17.0,67.0
4039,17.0,68.0
4040,17.0,68.0
4041,17.0,68.0
4042,17.0,69.0
4043,17.0,69.0
4044,17.0,69.0
4045,17.0,69.0
4046,17.0,69.0
4047,17.0,69.0
4048,17.0,69.0
4049,17.0,70.0
4050,17.0,71.0
4051,17.0,71.0
4052,17.0,71.0
4053,17.0,71.0
4054,17.0,71.0
4055,17.0,71.0
4056,17.0,71.0
4057,17.0,71.0
4058,17.0,71.0
4059,17.0,71.0
4060,17.0,71.0
4061,17.0,53.0
4062,17.0,53.99999999999999
4063,17.0,53.99999999999999
4064,17.0,55.0
4065,17.0,55.0
4066,17.0,56.0
4067,17.0,56.0
4068,17.0,56.0
4069,17.0,56.0
4070,17.0,56.0
4071,17.0,56.0
4072,17.0,57.0
4073,17.0,56.0
4074,17.0,56.0
4075,17.0,55.0
4076,17.0,53.99999999999999
4077,17.0,55.0
4078,17.0,57.0
4079,17.0,57.0
4080,17.0,57.0
4081,17.0,57.0
4082,17.0,57.0
4083,17.0,56.0
4084,17.0,57.0
4085,17.0,53.99999999999999
4086,17.0,53.99999999999999
4087,17.0,53.99999999999999
4088,17.0,53.99999999999999
4089,17.0,53.0
4090,17.0,53.0
4091,17.0,52.0
4092,17.0,53.0
4093,17.0,52.0
4094,17.0,52.0
4095,17.0,52.0
4096,17.0,52.0
4097,17.0,52.0
4098,17.0,52.0
4099,17.0,52.0
4100,17.0,53.0
4101,17.0,53.0
4102,17.0,53.0
4103,17.0,53.0
4104,17.0,52.0
4105,17.0,52.0
4106,17.0,52.0
4107,17.0,53.0
4108,17.0,53.0
4109,17.0,61.0
4110,17.0,61.0
4111,17.0,60.0
4112,17.0,60.0
4113,17.0,59.0
4114,17.0,59.0
4115,17.0,58.0
4116,17.0,58.0
4117,17.0,58.0
4118,17.0,58.0
4119,17.0,57.0
4120,17.0,57.0
4121,17.0,56.0
4122,17.0,55.0
4123,17.0,55.0
4124,17.0,55.0
4125,17.0,55.0
4126,17.0,55.0
4127,17.0,53.99999999999999
4128,17.0,53.99999999999999
4129,17.0,53.0
4130,17.0,51.0
4131,17.0,46.0
4132,17.0,42.99999999999999
4133,17.0,56.0
4134,17.0,55.0
4135,17.0,55.0
4136,17.0,55.0
4137,17.0,55.0
4138,17.0,53.99999999999999
4139,17.0,53.99999999999999
4140,17.0,53.99999999999999
4141,17.0,53.0
4142,17.0,53.99999999999999
4143,17.0,55.0
4144,17.0,55.0
4145,17.0,53.99999999999999
4146,17.0,53.99999999999999
4147,17.0,53.0
4148,17.0,52.0
4149,17.0,52.0
4150,17.0,51.0
4151,17.0,52.0
4152,17.0,52.0
4153,17.0,52.0
4154,17.0,53.0
4155,17.0,53.0
4156,17.0,53.0
4157,17.0,53.0
4158,17.0,53.0
4159,17.0,52.0
4160,17.0,52.0
4161,17.0,51.0
4162,17.0,51.0
4163,17.0,51.0
4164,17.0,49.0
4165,17.0,47.0
4166,17.0,45.0
4167,17.0,45.0
4168,17.0,45.0
4169,17.0,44.0
4170,17.0,44.0
4171,17.0,45.0
4172,17.0,44.0
4173,17.0,45.0
4174,17.0,47.0
4175,17.0,48.0
4176,17.0,49.0
4177,17.0,50.0
4178,17.0,51.0
4179,17.0,52.0
4180,17.0,53.0
4181,17.0,64.0
4182,17.0,63.0
4183,17.0,63.0
4184,17.0,64.0
4185,17.0,66.0
4186,17.0,67.0
4187,17.0,69.0
4188,17.0,70.0
4189,17.0,72.0
4190,17.0,71.0
4191,17.0,72.0
4192,17.0,72.0
4193,17.0,72.0
4194,17.0,72.0
4195,17.0,73.00000000000001
4196,17.0,72.0
4197,17.0,72.0
4198,17.0,72.0
4199,17.0,71.0
4200,17.0,71.0
4201,17.0,71.0
4202,17.0,71.0
4203,17.0,71.0
4204,17.0,69.0
4205,17.0,64.0
4206,17.0,64.0
4207,17.0,64.0
4208,17.0,65.0
4209,17.0,65.0
4210,17.0,65.0
4211,17.0,66.0
4212,17.0,66.0
4213,17.0,65.0
4214,17.0,64.0
4215,17.0,64.0
4216,17.0,63.0
4217,17.0,63.0
4218,17.0,62.0
4219,17.0,61.0
4220,17.0,60.0
4221,17.0,59.0
4222,17.0,59.0
4223,17.0,59.0
4224,17.0,59.0
4225,17.0,59.0
4226,17.0,59.0
4227,17.0,59.0
4228,17.0,59.0
4229,17.0,78.0
4230,17.0,78.0
4231,17.0,77.0
4232,17.0,76.0
4233,17.0,76.0
4234,17.0,75.0
4235,17.0,74.0
4236,17.0,74.0
4237,17.0,73.00000000000001
4238,17.0,73.00000000000001
4239,17.0,72.0
4240,17.0,72.0
4241,17.0,72.0
4242,17.0,71.0
4243,17.0,71.0
4244,17.0,71.0
4245,17.0,71.0
4246,17.0,71.0
4247,17.0,71.0
4248,17.0,71.0
4249,17.0,71.0
4250,17.0,72.0
4251,17.0,71.0
4252,17.0,71.0
4253,17.0,87.0
4254,17.0,87.0
4255,17.0,85.99999999999999
4256,17.0,85.99999999999999
4257,17.0,85.99999999999999
4258,17.0,85.0
4259,17.0,84.0
4260,17.0,83.0
4261,17.0,83.0
4262,17.0,81.0
4263,17.0,79.0
4264,17.0,79.0
4265,17.0,79.0
4266,17.0,79.0
4267,17.0,79.0
4268,17.0,79.0
4269,17.0,79.0
4270,17.0,79.0
4271,17.0,79.0
4272,17.0,78.0
4273,17.0,77.0
4274,17.0,76.0
4275,17.0,77.0
4276,17.0,77.0
4277,17.0,123.0
4278,17.0,122.0
4279,17.0,122.0
4280,17.0,119.0
4281,17.0,123.0
4282,17.0,118.0
4283,17.0,116.0
4284,17.0,114.0
4285,17.0,110.0
4286,17.0,105.0
4287,17.0,100.0
4288,17.0,98.0
4289,17.0,97.0
4290,17.0,96.0
4291,17.0,97.0
4292,17.0,96.0
4293,17.0,111.0
4294,17.0,111.0
4295,17.0,116.0
4296,17.0,111.0
4297,17.0,101.0
4298,17.0,92.0
4299,17.0,90.0
4300,17.0,88.0
4301,17.0,62.0
4302,17.0,62.0
4303,17.0,63.0
4304,17.0,63.0
4305,17.0,64.0
4306,17.0,65.0
4307,17.0,65.0
4308,17.0,65.0
4309,17.0,65.0
4310,17.0,66.0
4311,17.0,66.0
4312,17.0,66.0
4313,17.0,66.0
4314,17.0,65.0
4315,17.0,65.0
4316,17.0,64.0
4317,17.0,63.0
4318,17.0,62.0
4319,17.0,61.0
4320,17.0,61.0
4321,17.0,61.0
4322,17.0,60.0
4323,17.0,60.0
4324,17.0,59.0
4325,17.0,53.0
4326,17.0,53.0
4327,17.0,53.0
4328,17.0,53.0
4329,17.0,53.0
4330,17.0,53.0
4331,17.0,53.0
4332,17.0,53.0
4333,17.0,53.0
4334,17.0,53.99999999999999
4335,17.0,55.0
4336,17.0,55.0
4337,17.0,56.0
4338,17.0,56.0
4339,17.0,56.0
4340,17.0,57.0
4341,17.0,57.0
4342,17.0,56.0
4343,17.0,55.0
4344,17.0,55.0
4345,17.0,53.99999999999999
4346,17.0,53.99999999999999
4347,17.0,55.0
4348,17.0,55.0
4349,17.0,88.0
4350,17.0,87.0
4351,17.0,87.0
4352,17.0,85.99999999999999
4353,17.0,85.0
4354,17.0,84.0
4355,17.0,83.0
4356,17.0,82.0
4357,17.0,80.0
4358,17.0,79.0
4359,17.0,78.0
4360,17.0,78.0
4361,17.0,77.0
4362,17.0,77.0
4363,17.0,76.0
4364,17.0,75.0
4365,17.0,74.0
4366,17.0,74.0
4367,17.0,73.00000000000001
4368,17.0,72.0
4369,17.0,71.0
4370,17.0,70.0
4371,17.0,69.0
4372,17.0,68.0
4373,17.0,67.0
4374,17.0,67.0
4375,17.0,66.0
4376,17.0,66.0
4377,17.0,66.0
4378,17.0,66.0
4379,17.0,66.0
4380,17.0,65.0
4381,17.0,65.0
4382,17.0,65.0
4383,17.0,65.0
4384,17.0,64.0
4385,17.0,63.0
4386,17.0,63.0
4387,17.0,63.0
4388,17.0,63.0
4389,17.0,63.0
4390,17.0,63.0
4391,17.0,63.0
4392,17.0,63.0
4393,17.0,64.0
4394,17.0,64.0
4395,17.0,65.0
4396,17.0,66.0
4397,17.0,67.0
4398,17.0,68.0
4399,17.0,68.0
4400,17.0,69.0
4401,17.0,70.0
4402,17.0,70.0
4403,17.0,70.0
4404,17.0,71.0
4405,17.0,71.0
4406,17.0,71.0
4407,17.0,72.0
4408,17.0,73.00000000000001
4409,17.0,73.00000000000001
4410,17.0,74.0
4411,17.0,74.0
4412,17.0,75.0
4413,17.0,75.0
4414,17.0,76.0
4415,17.0,76.0
4416,17.0,76.0
4417,17.0,76.0
4418,17.0,76.0
4419,17.0,76.0
4420,17.0,75.0
4421,17.0,74.0
4422,17.0,74.0
4423,17.0,73.00000000000001
4424,17.0,73.00000000000001
4425,17.0,72.0
4426,17.0,72.0
4427,17.0,72.0
4428,17.0,72.0
4429,17.0,73.00000000000001
4430,17.0,73.00000000000001
4431,17.0,72.0
4432,17.0,71.0
4433,17.0,71.0
4434,17.0,71.0
4435,17.0,71.0
4436,17.0,71.0
4437,17.0,71.0
4438,17.0,70.0
4439,17.0,70.0
4440,17.0,74.0
4441,17.0,70.0
4442,17.0,71.0
4443,17.0,71.0
4444,17.0,71.0
4445,17.0,72.0
4446,17.0,73.00000000000001
4447,17.0,73.00000000000001
4448,17.0,74.0
4449,17.0,75.0
4450,17.0,75.0
4451,17.0,75.0
4452,17.0,75.0
4453,17.0,74.0
4454,17.0,73.00000000000001
4455,17.0,74.0
4456,17.0,74.0
4457,17.0,75.0
4458,17.0,74.0
4459,17.0,74.0
4460,17.0,74.0
4461,17.0,74.0
4462,17.0,74.0
4463,17.0,74.0
4464,17.0,74.0
4465,17.0,73.00000000000001
4466,17.0,73.00000000000001
4467,17.0,73.00000000000001
4468,17.0,73.00000000000001
4469,17.0,72.0
4470,17.0,71.0
4471,17.0,70.0
4472,17.0,69.0
4473,17.0,67.0
4474,17.0,66.0
4475,17.0,64.0
4476,17.0,63.0
4477,17.0,62.0
4478,17.0,61.0
4479,17.0,60.0
4480,17.0,60.0
4481,17.0,60.0
4482,17.0,60.0
4483,17.0,59.0
4484,17.0,59.0
4485,17.0,59.0
4486,17.0,59.0
4487,17.0,58.0
4488,17.0,58.0
4489,17.0,58.0
4490,17.0,58.0
4491,17.0,58.0
4492,17.0,57.0
4493,17.0,57.0
4494,17.0,57.0
4495,17.0,56.0
4496,17.0,57.0
4497,17.0,57.0
4498,17.0,58.0
4499,17.0,59.0
4500,17.0,59.0
4501,17.0,60.0
4502,17.0,61.0
4503,17.0,61.0
4504,17.0,61.0
4505,17.0,61.0
4506,17.0,61.0
4507,17.0,61.0
4508,17.0,61.0
4509,17.0,67.0
4510,17.0,74.0
4511,17.0,84.0
4512,17.0,77.0
4513,17.0,64.0
4514,17.0,61.0
4515,17.0,60.0
4516,17.0,60.0
4517,17.0,59.0
4518,17.0,59.0
4519,17.0,59.0
4520,17.0,58.0
4521,17.0,58.0
4522,17.0,57.0
4523,17.0,57.0
4524,17.0,57.0
4525,17.0,56.0
4526,17.0,57.0
4527,17.0,56.0
4528,17.0,56.0
4529,17.0,56.0
4530,17.0,56.0
4531,17.0,56.0
4532,17.0,55.0
4533,17.0,53.99999999999999
4534,17.0,53.0
4535,17.0,53.0
4536,17.0,53.0
4537,17.0,53.0
4538,17.0,52.0
4539,17.0,52.0
4540,17.0,53.0
4541,17.0,53.0
4542,17.0,53.0
4543,17.0,53.0
4544,17.0,53.0
4545,17.0,53.0
4546,17.0,53.0
4547,17.0,52.0
4548,17.0,52.0
4549,17.0,52.0
4550,17.0,52.0
4551,17.0,52.0
4552,17.0,53.0
4553,17.0,52.0
4554,17.0,50.0
4555,17.0,48.0
4556,17.0,48.0
4557,17.0,50.0
4558,17.0,50.0
4559,17.0,50.0
4560,17.0,50.0
4561,17.0,49.0
4562,17.0,49.0
4563,17.0,49.0
4564,17.0,47.0
4565,17.0,47.0
4566,17.0,47.0
4567,17.0,47.0
4568,17.0,48.0
4569,17.0,50.0
4570,17.0,51.0
4571,17.0,52.0
4572,17.0,52.0
4573,17.0,51.0
4574,17.0,48.0
4575,17.0,45.0
4576,17.0,42.99999999999999
4577,17.0,42.0
4578,17.0,42.0
4579,17.0,42.0
4580,17.0,42.99999999999999
4581,17.0,42.99999999999999
4582,17.0,42.0
4583,17.0,42.0
4584,17.0,41.0
4585,17.0,39.0
4586,17.0,40.0
4587,17.0,40.0
4588,17.0,41.0
4589,17.0,41.0
4590,17.0,41.0
4591,17.0,39.0
4592,17.0,37.0
4593,17.0,35.0
4594,17.0,33.0
4595,17.0,32.0
4596,17.0,32.0
4597,17.0,33.0
4598,17.0,35.0
4599,17.0,37.0
4600,17.0,40.0
4601,17.0,41.0
4602,17.0,45.0
4603,17.0,48.0
4604,17.0,49.0
4605,17.0,49.0
4606,17.0,51.0
4607,17.0,52.0
4608,17.0,52.0
4609,17.0,52.0
4610,17.0,52.0
4611,17.0,52.0
4612,17.0,53.0
4613,17.0,53.0
4614,17.0,53.0
4615,17.0,53.0
4616,17.0,53.99999999999999
4617,17.0,55.0
4618,17.0,55.0
4619,17.0,56.0
4620,17.0,56.0
4621,17.0,57.0
4622,17.0,56.0
4623,17.0,56.0
4624,17.0,55.0
4625,17.0,55.0
4626,17.0,53.99999999999999
4627,17.0,53.0
4628,17.0,53.0
4629,17.0,53.0
4630,17.0,52.0
4631,17.0,52.0
4632,17.0,52.0
4633,17.0,52.0
4634,17.0,52.0
4635,17.0,52.0
4636,17.0,53.0
4637,17.0,53.99999999999999
4638,17.0,55.0
4639,17.0,55.0
4640,17.0,56.0
4641,17.0,56.0
4642,17.0,56.0
4643,17.0,56.0
4644,17.0,55.0
4645,17.0,55.0
4646,17.0,55.0
4647,17.0,55.0
4648,17.0,55.0
4649,17.0,55.0
4650,17.0,55.0
4651,17.0,55.0
4652,17.0,55.0
4653,17.0,56.0
4654,17.0,57.0
4655,17.0,57.0
4656,17.0,58.0
4657,17.0,59.0
4658,17.0,60.0
4659,17.0,60.0
4660,17.0,61.0
4661,17.0,61.0
4662,17.0,62.0
4663,17.0,62.0
4664,17.0,62.0
4665,17.0,62.0
4666,17.0,63.0
4667,17.0,63.0
4668,17.0,65.0
4669,17.0,66.0
4670,17.0,67.0
4671,17.0,68.0
4672,17.0,68.0
4673,17.0,69.0
4674,17.0,70.0
4675,17.0,70.0
4676,17.0,72.0
4677,17.0,72.0
4678,17.0,73.00000000000001
4679,17.0,74.0
4680,17.0,74.0
4681,17.0,75.0
4682,17.0,75.0
4683,17.0,76.0
4684,17.0,77.0
4685,17.0,78.0
4686,17.0,79.0
4687,17.0,81.0
4688,17.0,82.0
4689,17.0,83.0
4690,17.0,84.0
4691,17.0,84.0
4692,17.0,85.0
4693,17.0,85.0
4694,17.0,85.99999999999999
4695,17.0,85.99999999999999
4696,17.0,87.0
4697,17.0,87.0
4698,17.0,87.0
4699,17.0,88.0
4700,17.0,88.0
4701,17.0,88.0
4702,17.0,89.0
4703,17.0,89.0
4704,17.0,90.0
4705,17.0,89.0
4706,17.0,89.0
4707,17.0,89.0
4708,17.0,89.0
4709,17.0,88.0
4710,17.0,87.0
4711,17.0,85.99999999999999
4712,17.0,85.99999999999999
4713,17.0,85.99999999999999
4714,17.0,85.0
4715,17.0,85.0
4716,17.0,85.0
4717,17.0,85.0
4718,17.0,84.0
4719,17.0,84.0
4720,17.0,84.0
4721,17.0,83.0
4722,17.0,83.0
4723,17.0,82.0
4724,17.0,82.0
4725,17.0,82.0
4726,17.0,82.0
4727,17.0,82.0
4728,17.0,84.0
4729,17.0,85.0
4730,17.0,85.99999999999999
4731,17.0,85.99999999999999
4732,17.0,85.99999999999999
4733,17.0,85.99999999999999
4734,17.0,87.0
4735,17.0,87.0
4736,17.0,87.0
4737,17.0,88.0
4738,17.0,89.0
4739,17.0,90.0
4740,17.0,91.0
4741,17.0,92.0
4742,17.0,93.0
4743,17.0,94.0
4744,17.0,95.00000000000001
4745,17.0,97.0
4746,17.0,99.0
4747,17.0,100.0
4748,17.0,107.0
4749,17.0,111.0
4750,17.0,113.0
4751,17.0,122.0
4752,17.0,117.00000000000001
4753,17.0,115.0
4754,17.0,114.0
4755,17.0,119.0
4756,17.0,121.0
4757,17.0,125.0
4758,17.0,125.0
4759,17.0,127.0
4760,17.0,128.0
4761,17.0,130.0
4762,17.0,127.0
4763,17.0,113.0
4764,17.0,99.0
4765,17.0,98.0
4766,17.0,95.00000000000001
4767,17.0,94.0
4768,17.0,92.0
4769,17.0,90.0
4770,17.0,89.0
4771,17.0,87.0
4772,17.0,87.0
4773,17.0,85.99999999999999
4774,17.0,85.99999999999999
4775,17.0,84.0
4776,17.0,87.0
4777,17.0,84.0
4778,17.0,83.0
4779,17.0,81.0
4780,17.0,81.0
4781,17.0,57.0
4782,17.0,56.0
4783,17.0,55.0
4784,17.0,53.99999999999999
4785,17.0,53.99999999999999
4786,17.0,53.99999999999999
4787,17.0,53.99999999999999
4788,17.0,53.99999999999999
4789,17.0,55.0
4790,17.0,56.0
4791,17.0,56.0
4792,17.0,55.0
4793,17.0,57.0
4794,17.0,57.0
4795,17.0,57.0
4796,17.0,57.0
4797,17.0,56.0
4798,17.0,55.0
4799,17.0,55.0
4800,17.0,55.0
4801,17.0,55.0
4802,17.0,55.0
4803,17.0,55.0
4804,17.0,55.0
4805,17.0,53.0
4806,17.0,53.0
4807,17.0,52.0
4808,17.0,52.0
4809,17.0,52.0
4810,17.0,52.0
4811,17.0,52.0
4812,17.0,53.0
4813,17.0,53.0
4814,17.0,53.0
4815,17.0,53.0
4816,17.0,53.0
4817,17.0,53.0
4818,17.0,53.0
4819,17.0,53.0
4820,17.0,53.99999999999999
4821,17.0,53.0
4822,17.0,53.0
4823,17.0,53.0
4824,17.0,53.99999999999999
4825,17.0,53.0
4826,17.0,53.0
4827,17.0,53.0
4828,17.0,53.0
4829,17.0,41.0
4830,17.0,40.0
4831,17.0,39.0
4832,17.0,39.0
4833,17.0,39.0
4834,17.0,39.0
4835,17.0,39.0
4836,17.0,40.0
4837,17.0,40.0
4838,17.0,40.0
4839,17.0,40.0
4840,17.0,40.0
4841,17.0,41.0
4842,17.0,41.0
4843,17.0,42.0
4844,17.0,42.99999999999999
4845,17.0,42.0
4846,17.0,42.0
4847,17.0,41.0
4848,17.0,42.99999999999999
4849,17.0,45.0
4850,17.0,46.0
4851,17.0,46.0
4852,17.0,47.0
4853,17.0,53.99999999999999
4854,17.0,53.99999999999999
4855,17.0,53.99999999999999
4856,17.0,55.0
4857,17.0,55.0
4858,17.0,56.0
4859,17.0,56.0
4860,17.0,57.0
4861,17.0,57.0
4862,17.0,58.0
4863,17.0,59.0
4864,17.0,59.0
4865,17.0,60.0
4866,17.0,61.0
4867,17.0,62.0
4868,17.0,62.0
4869,17.0,63.0
4870,17.0,64.0
4871,17.0,64.0
4872,17.0,64.0
4873,17.0,64.0
4874,17.0,64.0
4875,17.0,65.0
4876,17.0,67.0
4877,17.0,55.0
4878,17.0,55.0
4879,17.0,56.0
4880,17.0,57.0
4881,17.0,57.0
4882,17.0,58.0
4883,17.0,59.0
4884,17.0,60.0
4885,17.0,60.0
4886,17.0,62.0
4887,17.0,62.0
4888,17.0,63.0
4889,17.0,63.0
4890,17.0,62.0
4891,17.0,63.0
4892,17.0,63.0
4893,17.0,62.0
4894,17.0,62.0
4895,17.0,62.0
4896,17.0,63.0
4897,17.0,63.0
4898,17.0,64.0
4899,17.0,64.0
4900,17.0,64.0
4901,17.0,69.0
4902,17.0,68.0
4903,17.0,67.0
4904,17.0,67.0
4905,17.0,66.0
4906,17.0,65.0
4907,17.0,64.0
4908,17.0,63.0
4909,17.0,62.0
4910,17.0,62.0
4911,17.0,61.0
4912,17.0,61.0
4913,17.0,60.0
4914,17.0,60.0
4915,17.0,59.0
4916,17.0,59.0
4917,17.0,58.0
4918,17.0,57.0
4919,17.0,58.0
4920,17.0,58.0
4921,17.0,58.0
4922,17.0,58.0
4923,17.0,58.0
4924,17.0,59.0
4925,17.0,59.0
4926,17.0,60.0
4927,17.0,60.0
4928,17.0,61.0
4929,17.0,61.0
4930,17.0,60.0
4931,17.0,59.0
4932,17.0,58.0
4933,17.0,59.0
4934,17.0,59.0
4935,17.0,59.0
4936,17.0,59.0
4937,17.0,59.0
4938,17.0,59.0
4939,17.0,58.0
4940,17.0,58.0
4941,17.0,58.0
4942,17.0,57.0
4943,17.0,57.0
4944,17.0,57.0
4945,17.0,56.0
4946,17.0,56.0
4947,17.0,55.0
4948,17.0,53.99999999999999
4949,17.0,71.0
4950,17.0,71.0
4951,17.0,70.0
4952,17.0,70.0
4953,17.0,69.0
4954,17.0,69.0
4955,17.0,68.0
4956,17.0,68.0
4957,17.0,66.0
4958,17.0,65.0
4959,17.0,64.0
4960,17.0,64.0
4961,17.0,64.0
4962,17.0,64.0
4963,17.0,64.0
4964,17.0,63.0
4965,17.0,63.0
4966,17.0,63.0
4967,17.0,63.0
4968,17.0,64.0
4969,17.0,63.0
4970,17.0,63.0
4971,17.0,63.0
4972,17.0,63.0
4973,17.0,77.0
4974,17.0,76.0
4975,17.0,77.0
4976,17.0,76.0
4977,17.0,75.0
4978,17.0,75.0
4979,17.0,74.0
4980,17.0,74.0
4981,17.0,72.0
4982,17.0,72.0
4983,17.0,71.0
4984,17.0,71.0
4985,17.0,71.0
4986,17.0,70.0
4987,17.0,69.0
4988,17.0,69.0
4989,17.0,69.0
4990,17.0,69.0
4991,17.0,69.0
4992,17.0,70.0
4993,17.0,71.0
4994,17.0,71.0
4995,17.0,72.0
4996,17.0,74.0
4997,17.0,87.0
4998,17.0,85.0
4999,17.0,84.0
5000,17.0,83.0
5001,17.0,81.0
5002,17.0,80.0
5003,17.0,80.0
5004,17.0,79.0
5005,17.0,78.0
5006,17.0,78.0
5007,17.0,77.0
5008,17.0,76.0
5009,17.0,77.0
5010,17.0,77.0
5011,17.0,75.0
5012,17.0,74.0
5013,17.0,72.0
5014,17.0,71.0
5015,17.0,72.0
5016,17.0,72.0
5017,17.0,72.0
5018,17.0,72.0
5019,17.0,73.00000000000001
5020,17.0,73.00000000000001
5021,17.0,59.0
5022,17.0,59.0
5023,17.0,59.0
5024,17.0,58.0
5025,17.0,58.0
5026,17.0,57.0
5027,17.0,57.0
5028,17.0,56.0
5029,17.0,57.0
5030,17.0,57.0
5031,17.0,57.0
5032,17.0,57.0
5033,17.0,58.0
5034,17.0,58.0
5035,17.0,59.0
5036,17.0,59.0
5037,17.0,59.0
5038,17.0,60.0
5039,17.0,59.0
5040,17.0,60.0
5041,17.0,61.0
5042,17.0,61.0
5043,17.0,61.0
5044,17.0,61.0
5045,17.0,55.0
5046,17.0,56.0
5047,17.0,56.0
5048,17.0,56.0
5049,17.0,57.0
5050,17.0,58.0
5051,17.0,58.0
5052,17.0,58.0
5053,17.0,58.0
5054,17.0,58.0
5055,17.0,58.0
5056,17.0,57.0
5057,17.0,57.0
5058,17.0,57.0
5059,17.0,57.0
5060,17.0,58.0
5061,17.0,58.0
5062,17.0,59.0
5063,17.0,59.0
5064,17.0,60.0
5065,17.0,60.0
5066,17.0,60.0
5067,17.0,60.0
5068,17.0,60.0
5069,17.0,68.0
5070,17.0,68.0
5071,17.0,69.0
5072,17.0,70.0
5073,17.0,70.0
5074,17.0,71.0
5075,17.0,71.0
5076,17.0,72.0
5077,17.0,72.0
5078,17.0,72.0
5079,17.0,73.00000000000001
5080,17.0,73.00000000000001
5081,17.0,74.0
5082,17.0,75.0
5083,17.0,76.0
5084,17.0,77.0
5085,17.0,97.0
5086,17.0,97.0
5087,17.0,78.0
5088,17.0,79.0
5089,17.0,79.0
5090,17.0,79.0
5091,17.0,80.0
5092,17.0,80.0
5093,17.0,80.0
5094,17.0,80.0
5095,17.0,80.0
5096,17.0,81.0
5097,17.0,82.0
5098,17.0,83.0
5099,17.0,84.0
5100,17.0,85.0
5101,17.0,85.99999999999999
5102,17.0,88.0
5103,17.0,89.0
5104,17.0,90.0
5105,17.0,89.0
5106,17.0,89.0
5107,17.0,88.0
5108,17.0,87.0
5109,17.0,85.0
5110,17.0,84.0
5111,17.0,84.0
5112,17.0,82.0
5113,17.0,81.0
5114,17.0,81.0
5115,17.0,80.0
5116,17.0,80.0
5117,17.0,79.0
5118,17.0,79.0
5119,17.0,79.0
5120,17.0,78.0
5121,17.0,77.0
5122,17.0,76.0
5123,17.0,74.0
5124,17.0,73.00000000000001
5125,17.0,71.0
5126,17.0,69.0
5127,17.0,68.0
5128,17.0,67.0
5129,17.0,67.0
5130,17.0,66.0
5131,17.0,65.0
5132,17.0,65.0
5133,17.0,66.0
5134,17.0,66.0
5135,17.0,93.0
5136,17.0,80.0
5137,17.0,65.0
5138,17.0,65.0
5139,17.0,65.0
5140,17.0,65.0
5141,17.0,64.0
5142,17.0,64.0
5143,17.0,63.0
5144,17.0,61.0
5145,17.0,60.0
5146,17.0,59.0
5147,17.0,58.0
5148,17.0,58.0
5149,17.0,57.0
5150,17.0,57.0
5151,17.0,56.0
5152,17.0,55.0
5153,17.0,55.0
5154,17.0,53.99999999999999
5155,17.0,53.99999999999999
5156,17.0,53.99999999999999
5157,17.0,53.99999999999999
5158,17.0,53.99999999999999
5159,17.0,55.0
5160,17.0,55.0
5161,17.0,55.0
5162,17.0,55.0
5163,17.0,56.0
5164,17.0,57.0
5165,17.0,58.0
5166,17.0,59.0
5167,17.0,60.0
5168,17.0,61.0
5169,17.0,63.0
5170,17.0,64.0
5171,17.0,66.0
5172,17.0,67.0
5173,17.0,68.0
5174,17.0,69.0
5175,17.0,69.0
5176,17.0,70.0
5177,17.0,70.0
5178,17.0,71.0
5179,17.0,73.00000000000001
5180,17.0,74.0
5181,17.0,75.0
5182,17.0,74.0
5183,17.0,75.0
5184,17.0,75.0
5185,17.0,76.0
5186,17.0,77.0
5187,17.0,77.0
5188,17.0,78.0
5189,17.0,78.0
5190,17.0,79.0
5191,17.0,80.0
5192,17.0,81.0
5193,17.0,82.0
5194,17.0,82.0
5195,17.0,82.0
5196,17.0,83.0
5197,17.0,83.0
5198,17.0,85.0
5199,17.0,87.0
5200,17.0,88.0
5201,17.0,90.0
5202,17.0,92.0
5203,17.0,93.0
5204,17.0,94.0
5205,17.0,95.00000000000001
5206,17.0,96.0
5207,17.0,97.0
5208,17.0,96.0
5209,17.0,97.0
5210,17.0,96.0
5211,17.0,96.0
5212,17.0,95.00000000000001
5213,17.0,95.00000000000001
5214,17.0,94.0
5215,17.0,93.0
5216,17.0,92.0
5217,17.0,92.0
5218,17.0,91.0
5219,17.0,91.0
5220,17.0,91.0
5221,17.0,90.0
5222,17.0,90.0
5223,17.0,90.0
5224,17.0,89.0
5225,17.0,88.0
5226,17.0,87.0
5227,17.0,87.0
5228,17.0,85.0
5229,17.0,84.0
5230,17.0,83.0
5231,17.0,83.0
5232,17.0,83.0
5233,17.0,83.0
5234,17.0,83.0
5235,17.0,83.0
5236,17.0,82.0
5237,17.0,82.0
5238,17.0,81.0
5239,17.0,81.0
5240,17.0,81.0
5241,17.0,81.0
5242,17.0,81.0
5243,17.0,80.0
5244,17.0,80.0
5245,17.0,79.0
5246,17.0,78.0
5247,17.0,78.0
5248,17.0,76.0
5249,17.0,74.0
5250,17.0,73.00000000000001
5251,17.0,71.0
5252,17.0,70.0
5253,17.0,69.0
5254,17.0,68.0
5255,17.0,68.0
5256,17.0,65.0
5257,17.0,65.0
5258,17.0,65.0
5259,17.0,63.0
5260,17.0,63.0
5261,17.0,62.0
5262,17.0,62.0
5263,17.0,61.0
5264,17.0,60.0
5265,17.0,60.0
5266,17.0,60.0
5267,17.0,60.0
5268,17.0,59.0
5269,17.0,59.0
5270,17.0,59.0
5271,17.0,58.0
5272,17.0,60.0
5273,17.0,60.0
5274,17.0,61.0
5275,17.0,60.0
5276,17.0,60.0
5277,17.0,60.0
5278,17.0,60.0
5279,17.0,59.0
5280,17.0,59.0
5281,17.0,59.0
5282,17.0,59.0
5283,17.0,59.0
5284,17.0,60.0
5285,17.0,60.0
5286,17.0,61.0
5287,17.0,61.0
5288,17.0,62.0
5289,17.0,62.0
5290,17.0,62.0
5291,17.0,62.0
5292,17.0,62.0
5293,17.0,62.0
5294,17.0,61.0
5295,17.0,60.0
5296,17.0,59.0
5297,17.0,58.0
5298,17.0,58.0
5299,17.0,59.0
5300,17.0,59.0
5301,17.0,59.0
5302,17.0,59.0
5303,17.0,59.0
5304,17.0,59.0
5305,17.0,58.0
5306,17.0,58.0
5307,17.0,57.0
5308,17.0,57.0
5309,17.0,56.0
5310,17.0,55.0
5311,17.0,55.0
5312,17.0,53.99999999999999
5313,17.0,53.0
5314,17.0,52.0
5315,17.0,52.0
5316,17.0,51.0
5317,17.0,50.0
5318,17.0,51.0
5319,17.0,50.0
5320,17.0,50.0
5321,17.0,51.0
5322,17.0,50.0
5323,17.0,47.0
5324,17.0,48.0
5325,17.0,58.0
5326,17.0,61.0
5327,17.0,84.0
5328,17.0,104.0
5329,17.0,97.0
5330,17.0,67.0
5331,17.0,49.0
5332,17.0,50.0
5333,17.0,50.0
5334,17.0,51.0
5335,17.0,51.0
5336,17.0,50.0
5337,17.0,51.0
5338,17.0,52.0
5339,17.0,52.0
5340,17.0,52.0
5341,17.0,53.0
5342,17.0,52.0
5343,17.0,53.0
5344,17.0,53.0
5345,17.0,53.0
5346,17.0,53.99999999999999
5347,17.0,53.99999999999999
5348,17.0,53.99999999999999
5349,17.0,53.0
5350,17.0,53.0
5351,17.0,53.0
5352,17.0,53.0
5353,17.0,53.0
5354,17.0,53.99999999999999
5355,17.0,53.99999999999999
5356,17.0,53.99999999999999
5357,17.0,53.99999999999999
5358,17.0,53.99999999999999
5359,17.0,53.99999999999999
5360,17.0,55.0
5361,17.0,55.0
5362,17.0,53.99999999999999
5363,17.0,55.0
5364,17.0,55.0
5365,17.0,55.0
5366,17.0,55.0
5367,17.0,55.0
5368,17.0,55.0
5369,17.0,55.0
5370,17.0,55.0
5371,17.0,53.99999999999999
5372,17.0,55.0
5373,17.0,53.99999999999999
5374,17.0,53.99999999999999
5375,17.0,55.0
5376,17.0,55.0
5377,17.0,55.0
5378,17.0,55.0
5379,17.0,55.0
5380,17.0,55.0
5381,17.0,55.0
5382,17.0,55.0
5383,17.0,55.0
5384,17.0,55.0
5385,17.0,56.0
5386,17.0,56.0
5387,17.0,56.0
5388,17.0,56.0
5389,17.0,56.0
5390,17.0,57.0
5391,17.0,57.0
5392,17.0,57.0
5393,17.0,56.0
5394,17.0,56.0
5395,17.0,55.0
5396,17.0,55.0
5397,17.0,55.0
5398,17.0,56.0
5399,17.0,56.0
5400,17.0,56.0
5401,17.0,56.0
5402,17.0,56.0
5403,17.0,56.0
5404,17.0,57.0
5405,17.0,57.0
5406,17.0,57.0
5407,17.0,57.0
5408,17.0,57.0
5409,17.0,57.0
5410,17.0,57.0
5411,17.0,58.0
5412,17.0,58.0
5413,17.0,59.0
5414,17.0,59.0
5415,17.0,60.0
5416,17.0,61.0
5417,17.0,61.0
5418,17.0,62.0
5419,17.0,63.0
5420,17.0,65.0
5421,17.0,66.0
5422,17.0,67.0
5423,17.0,68.0
5424,17.0,69.0
5425,17.0,70.0
5426,17.0,71.0
5427,17.0,72.0
5428,17.0,73.00000000000001
5429,17.0,73.00000000000001
5430,17.0,74.0
5431,17.0,75.0
5432,17.0,76.0
5433,17.0,77.0
5434,17.0,79.0
5435,17.0,79.0
5436,17.0,80.0
5437,17.0,81.0
5438,17.0,82.0
5439,17.0,82.0
5440,17.0,83.0
5441,17.0,84.0
5442,17.0,85.0
5443,17.0,85.0
5444,17.0,85.0
5445,17.0,84.0
5446,17.0,84.0
5447,17.0,83.0
5448,17.0,82.0
5449,17.0,81.0
5450,17.0,80.0
5451,17.0,79.0
5452,17.0,78.0
5453,17.0,78.0
5454,17.0,77.0
5455,17.0,76.0
5456,17.0,75.0
5457,17.0,74.0
5458,17.0,72.0
5459,17.0,71.0
5460,17.0,70.0
5461,17.0,69.0
5462,17.0,68.0
5463,17.0,66.0
5464,17.0,65.0
5465,17.0,65.0
5466,17.0,63.0
5467,17.0,62.0
5468,17.0,61.0
5469,17.0,61.0
5470,17.0,60.0
5471,17.0,60.0
5472,17.0,60.0
5473,17.0,60.0
5474,17.0,60.0
5475,17.0,60.0
5476,17.0,59.0
5477,17.0,58.0
5478,17.0,58.0
5479,17.0,57.0
5480,17.0,57.0
5481,17.0,56.0
5482,17.0,56.0
5483,17.0,56.0
5484,17.0,56.0
5485,17.0,56.0
5486,17.0,56.0
5487,17.0,56.0
5488,17.0,55.0
5489,17.0,55.0
5490,17.0,53.99999999999999
5491,17.0,53.99999999999999
5492,17.0,53.99999999999999
5493,17.0,53.99999999999999
5494,17.0,53.99999999999999
5495,17.0,53.99999999999999
5496,17.0,53.99999999999999
5497,17.0,53.99999999999999
5498,17.0,53.99999999999999
5499,17.0,53.99999999999999
5500,17.0,55.0
5501,17.0,55.0
5502,17.0,56.0
5503,17.0,56.0
5504,17.0,57.0
5505,17.0,57.0
5506,17.0,58.0
5507,17.0,58.0
5508,17.0,59.0
5509,17.0,59.0
5510,17.0,59.0
5511,17.0,59.0
5512,17.0,60.0
5513,17.0,61.0
5514,17.0,62.0
5515,17.0,64.0
5516,17.0,65.0
5517,17.0,66.0
5518,17.0,67.0
5519,17.0,69.0
5520,17.0,69.0
5521,17.0,71.0
5522,17.0,71.0
5523,17.0,70.0
5524,17.0,70.0
5525,17.0,56.0
5526,17.0,56.0
5527,17.0,56.0
5528,17.0,57.0
5529,17.0,57.0
5530,17.0,57.0
5531,17.0,57.0
5532,17.0,57.0
5533,17.0,57.0
5534,17.0,55.0
5535,17.0,55.0
5536,17.0,55.0
5537,17.0,53.99999999999999
5538,17.0,53.99999999999999
5539,17.0,53.99999999999999
5540,17.0,55.0
5541,17.0,55.0
5542,17.0,55.0
5543,17.0,55.0
5544,17.0,55.0
5545,17.0,55.0
5546,17.0,53.99999999999999
5547,17.0,53.99999999999999
5548,17.0,53.99999999999999
5549,17.0,53.99999999999999
5550,17.0,55.0
5551,17.0,56.0
5552,17.0,57.0
5553,17.0,57.0
5554,17.0,57.0
5555,17.0,57.0
5556,17.0,57.0
5557,17.0,57.0
5558,17.0,57.0
5559,17.0,56.0
5560,17.0,56.0
5561,17.0,56.0
5562,17.0,56.0
5563,17.0,56.0
5564,17.0,56.0
5565,17.0,56.0
5566,17.0,55.0
5567,17.0,55.0
5568,17.0,55.0
5569,17.0,55.0
5570,17.0,55.0
5571,17.0,53.99999999999999
5572,17.0,53.99999999999999
5573,17.0,48.0
5574,17.0,48.0
5575,17.0,49.0
5576,17.0,48.0
5577,17.0,48.0
5578,17.0,48.0
5579,17.0,48.0
5580,17.0,47.0
5581,17.0,47.0
5582,17.0,47.0
5583,17.0,47.0
5584,17.0,48.0
5585,17.0,48.0
5586,17.0,48.0
5587,17.0,47.0
5588,17.0,46.0
5589,17.0,48.0
5590,17.0,49.0
5591,17.0,50.0
5592,17.0,48.0
5593,17.0,46.0
5594,17.0,45.0
5595,17.0,45.0
5596,17.0,44.0
5597,17.0,69.0
5598,17.0,70.0
5599,17.0,72.0
5600,17.0,74.0
5601,17.0,75.0
5602,17.0,77.0
5603,17.0,78.0
5604,17.0,80.0
5605,17.0,80.0
5606,17.0,81.0
5607,17.0,82.0
5608,17.0,82.0
5609,17.0,82.0
5610,17.0,83.0
5611,17.0,85.0
5612,17.0,87.0
5613,17.0,88.0
5614,17.0,88.0
5615,17.0,129.0
5616,17.0,116.0
5617,17.0,104.0
5618,17.0,89.0
5619,17.0,89.0
5620,17.0,87.0
5621,17.0,64.0
5622,17.0,64.0
5623,17.0,63.0
5624,17.0,64.0
5625,17.0,65.0
5626,17.0,66.0
5627,17.0,66.0
5628,17.0,66.0
5629,17.0,67.0
5630,17.0,67.0
5631,17.0,68.0
5632,17.0,68.0
5633,17.0,69.0
5634,17.0,70.0
5635,17.0,70.0
5636,17.0,71.0
5637,17.0,72.0
5638,17.0,73.00000000000001
5639,17.0,72.0
5640,17.0,72.0
5641,17.0,72.0
5642,17.0,71.0
5643,17.0,70.0
5644,17.0,69.0
5645,17.0,59.0
5646,17.0,59.0
5647,17.0,59.0
5648,17.0,58.0
5649,17.0,58.0
5650,17.0,58.0
5651,17.0,58.0
5652,17.0,58.0
5653,17.0,59.0
5654,17.0,59.0
5655,17.0,59.0
5656,17.0,60.0
5657,17.0,60.0
5658,17.0,62.0
5659,17.0,62.0
5660,17.0,62.0
5661,17.0,63.0
5662,17.0,64.0
5663,17.0,63.0
5664,17.0,63.0
5665,17.0,63.0
5666,17.0,63.0
5667,17.0,64.0
5668,17.0,65.0
5669,17.0,53.0
5670,17.0,52.0
5671,17.0,48.0
5672,17.0,44.0
5673,17.0,40.0
5674,17.0,40.0
5675,17.0,41.0
5676,17.0,41.0
5677,17.0,41.0
5678,17.0,42.0
5679,17.0,42.99999999999999
5680,17.0,42.99999999999999
5681,17.0,42.0
5682,17.0,42.0
5683,17.0,42.99999999999999
5684,17.0,44.0
5685,17.0,46.0
5686,17.0,49.0
5687,17.0,50.0
5688,17.0,52.0
5689,17.0,52.0
5690,17.0,52.0
5691,17.0,52.0
5692,17.0,52.0
5693,17.0,63.0
5694,17.0,63.0
5695,17.0,63.0
5696,17.0,64.0
5697,17.0,64.0
5698,17.0,66.0
5699,17.0,66.0
5700,17.0,68.0
5701,17.0,69.0
5702,17.0,71.0
5703,17.0,72.0
5704,17.0,72.0
5705,17.0,72.0
5706,17.0,73.00000000000001
5707,17.0,73.00000000000001
5708,17.0,73.00000000000001
5709,17.0,73.00000000000001
5710,17.0,73.00000000000001
5711,17.0,73.00000000000001
5712,17.0,73.00000000000001
5713,17.0,73.00000000000001
5714,17.0,74.0
5715,17.0,74.0
5716,17.0,75.0
5717,17.0,75.0
5718,17.0,76.0
5719,17.0,76.0
5720,17.0,76.0
5721,17.0,76.0
5722,17.0,76.0
5723,17.0,76.0
5724,17.0,76.0
5725,17.0,77.0
5726,17.0,77.0
5727,17.0,77.0
5728,17.0,77.0
5729,17.0,76.0
5730,17.0,77.0
5731,17.0,78.0
5732,17.0,78.0
5733,17.0,79.0
5734,17.0,79.0
5735,17.0,80.0
5736,17.0,81.0
5737,17.0,82.0
5738,17.0,82.0
5739,17.0,82.0
5740,17.0,81.0
5741,17.0,73.00000000000001
5742,17.0,72.0
5743,17.0,72.0
5744,17.0,72.0
5745,17.0,71.0
5746,17.0,71.0
5747,17.0,70.0
5748,17.0,69.0
5749,17.0,68.0
5750,17.0,67.0
5751,17.0,68.0
5752,17.0,68.0
5753,17.0,67.0
5754,17.0,66.0
5755,17.0,67.0
5756,17.0,67.0
5757,17.0,77.0
5758,17.0,80.0
5759,17.0,97.0
5760,17.0,101.0
5761,17.0,97.0
5762,17.0,80.0
5763,17.0,64.0
5764,17.0,64.0
5765,17.0,61.0
5766,17.0,60.0
5767,17.0,60.0
5768,17.0,59.0
5769,17.0,59.0
5770,17.0,59.0
5771,17.0,59.0
5772,17.0,60.0
5773,17.0,59.0
5774,17.0,59.0
5775,17.0,58.0
5776,17.0,58.0
5777,17.0,57.0
5778,17.0,57.0
5779,17.0,56.0
5780,17.0,56.0
5781,17.0,55.0
5782,17.0,55.0
5783,17.0,55.0
5784,17.0,53.99999999999999
5785,17.0,53.0
5786,17.0,53.0
5787,17.0,53.0
5788,17.0,52.0
5789,17.0,60.0
5790,17.0,61.0
5791,17.0,61.0
5792,17.0,62.0
5793,17.0,63.0
5794,17.0,63.0
5795,17.0,63.0
5796,17.0,63.0
5797,17.0,63.0
5798,17.0,63.0
5799,17.0,63.0
5800,17.0,63.0
5801,17.0,64.0
5802,17.0,65.0
5803,17.0,65.0
5804,17.0,65.0
5805,17.0,64.0
5806,17.0,64.0
5807,17.0,64.0
5808,17.0,64.0
5809,17.0,64.0
5810,17.0,63.0
5811,17.0,63.0
5812,17.0,62.0
5813,17.0,53.99999999999999
5814,17.0,53.99999999999999
5815,17.0,53.99999999999999
5816,17.0,53.99999999999999
5817,17.0,53.99999999999999
5818,17.0,55.0
5819,17.0,56.0
5820,17.0,57.0
5821,17.0,57.0
5822,17.0,58.0
5823,17.0,58.0
5824,17.0,59.0
5825,17.0,59.0
5826,17.0,59.0
5827,17.0,59.0
5828,17.0,60.0
5829,17.0,60.0
5830,17.0,60.0
5831,17.0,59.0
5832,17.0,59.0
5833,17.0,59.0
5834,17.0,59.0
5835,17.0,59.0
5836,17.0,59.0
5837,17.0,58.0
5838,17.0,58.0
5839,17.0,58.0
5840,17.0,58.0
5841,17.0,58.0
5842,17.0,57.0
5843,17.0,56.0
5844,17.0,55.0
5845,17.0,55.0
5846,17.0,55.0
5847,17.0,55.0
5848,17.0,55.0
5849,17.0,55.0
5850,17.0,53.99999999999999
5851,17.0,55.0
5852,17.0,53.0
5853,17.0,52.0
5854,17.0,53.0
5855,17.0,53.0
5856,17.0,52.0
5857,17.0,52.0
5858,17.0,52.0
5859,17.0,51.0
5860,17.0,50.0
5861,17.0,49.0
5862,17.0,49.0
5863,17.0,46.0
5864,17.0,45.0
5865,17.0,42.99999999999999
5866,17.0,42.99999999999999
5867,17.0,42.99999999999999
5868,17.0,42.99999999999999
5869,17.0,42.0
5870,17.0,42.99999999999999
5871,17.0,44.0
5872,17.0,44.0
5873,17.0,45.0
5874,17.0,44.0
5875,17.0,42.0
5876,17.0,42.99999999999999
5877,17.0,44.0
5878,17.0,42.99999999999999
5879,17.0,44.0
5880,17.0,45.0
5881,17.0,46.0
5882,17.0,47.0
5883,17.0,48.0
5884,17.0,49.0
5885,17.0,49.0
5886,17.0,49.0
5887,17.0,50.0
5888,17.0,51.0
5889,17.0,51.0
5890,17.0,52.0
5891,17.0,52.0
5892,17.0,52.0
5893,17.0,52.0
5894,17.0,52.0
5895,17.0,52.0
5896,17.0,52.0
5897,17.0,52.0
5898,17.0,53.0
5899,17.0,53.99999999999999
5900,17.0,53.99999999999999
5901,17.0,53.99999999999999
5902,17.0,55.0
5903,17.0,55.0
5904,17.0,55.0
5905,17.0,55.0
5906,17.0,55.0
5907,17.0,55.0
5908,17.0,55.0
5909,17.0,55.0
5910,17.0,56.0
5911,17.0,56.0
5912,17.0,56.0
5913,17.0,56.0
5914,17.0,56.0
5915,17.0,56.0
5916,17.0,57.0
5917,17.0,57.0
5918,17.0,58.0
5919,17.0,59.0
5920,17.0,60.0
5921,17.0,60.0
5922,17.0,60.0
5923,17.0,59.0
5924,17.0,59.0
5925,17.0,60.0
5926,17.0,61.0
5927,17.0,61.0
5928,17.0,61.0
5929,17.0,61.0
5930,17.0,61.0
5931,17.0,61.0
5932,17.0,61.0
5933,17.0,60.0
5934,17.0,60.0
5935,17.0,60.0
5936,17.0,60.0
5937,17.0,60.0
5938,17.0,60.0
5939,17.0,60.0
5940,17.0,60.0
5941,17.0,59.0
5942,17.0,59.0
5943,17.0,58.0
5944,17.0,57.0
5945,17.0,56.0
5946,17.0,56.0
5947,17.0,56.0
5948,17.0,56.0
5949,17.0,55.0
5950,17.0,53.99999999999999
5951,17.0,53.99999999999999
5952,17.0,53.99999999999999
5953,17.0,53.99999999999999
5954,17.0,53.99999999999999
5955,17.0,53.99999999999999
5956,17.0,55.0
5957,17.0,55.0
5958,17.0,55.0
5959,17.0,55.0
5960,17.0,55.0
5961,17.0,53.99999999999999
5962,17.0,53.99999999999999
5963,17.0,53.99999999999999
5964,17.0,53.99999999999999
5965,17.0,53.99999999999999
5966,17.0,53.99999999999999
5967,17.0,53.99999999999999
5968,17.0,53.0
5969,17.0,53.99999999999999
5970,17.0,53.99999999999999
5971,17.0,53.99999999999999
5972,17.0,53.99999999999999
5973,17.0,53.99999999999999
5974,17.0,53.99999999999999
5975,17.0,53.99999999999999
5976,17.0,53.99999999999999
5977,17.0,53.99999999999999
5978,17.0,53.99999999999999
5979,17.0,53.99999999999999
5980,17.0,53.99999999999999
5981,17.0,53.99999999999999
5982,17.0,53.99999999999999
5983,17.0,55.0
5984,17.0,55.0
5985,17.0,55.0
5986,17.0,55.0
5987,17.0,56.0
5988,17.0,56.0
5989,17.0,56.0
5990,17.0,56.0
5991,17.0,57.0
5992,17.0,56.0
5993,17.0,57.0
5994,17.0,56.0
5995,17.0,57.0
5996,17.0,57.0
5997,17.0,58.0
5998,17.0,58.0
5999,17.0,58.0
6000,17.0,58.0
6001,17.0,58.0
6002,17.0,58.0
6003,17.0,57.0
6004,17.0,57.0
6005,17.0,57.0
6006,17.0,57.0
6007,17.0,56.0
6008,17.0,56.0
6009,17.0,56.0
6010,17.0,55.0
6011,17.0,55.0
6012,17.0,55.0
6013,17.0,55.0
6014,17.0,55.0
6015,17.0,56.0
6016,17.0,57.0
6017,17.0,59.0
6018,17.0,60.0
6019,17.0,60.0
6020,17.0,59.0
6021,17.0,60.0
6022,17.0,60.0
6023,17.0,59.0
6024,17.0,59.0
6025,17.0,59.0
6026,17.0,59.0
6027,17.0,59.0
6028,17.0,59.0
6029,17.0,59.0
6030,17.0,59.0
6031,17.0,59.0
6032,17.0,59.0
6033,17.0,59.0
6034,17.0,58.0
6035,17.0,58.0
6036,17.0,58.0
6037,17.0,58.0
6038,17.0,57.0
6039,17.0,56.0
6040,17.0,55.0
6041,17.0,53.0
6042,17.0,52.0
6043,17.0,52.0
6044,17.0,52.0
6045,17.0,52.0
6046,17.0,51.0
6047,17.0,52.0
6048,17.0,52.0
6049,17.0,53.0
6050,17.0,53.0
6051,17.0,53.99999999999999
6052,17.0,53.0
6053,17.0,53.99999999999999
6054,17.0,53.0
6055,17.0,53.0
6056,17.0,53.0
6057,17.0,53.0
6058,17.0,53.0
6059,17.0,52.0
6060,17.0,52.0
6061,17.0,52.0
6062,17.0,52.0
6063,17.0,53.0
6064,17.0,53.0
6065,17.0,53.0
6066,17.0,53.0
6067,17.0,52.0
6068,17.0,53.0
6069,17.0,53.0
6070,17.0,53.0
6071,17.0,53.0
6072,17.0,52.0
6073,17.0,52.0
6074,17.0,50.0
6075,17.0,49.0
6076,17.0,48.0
6077,17.0,47.0
6078,17.0,46.0
6079,17.0,45.0
6080,17.0,45.0
6081,17.0,45.0
6082,17.0,45.0
6083,17.0,46.0
6084,17.0,45.0
6085,17.0,45.0
6086,17.0,46.0
6087,17.0,45.0
6088,17.0,45.0
6089,17.0,45.0
6090,17.0,47.0
6091,17.0,48.0
6092,17.0,48.0
6093,17.0,48.0
6094,17.0,48.0
6095,17.0,49.0
6096,17.0,49.0
6097,17.0,49.0
6098,17.0,49.0
6099,17.0,49.0
6100,17.0,49.0
6101,17.0,48.0
6102,17.0,49.0
6103,17.0,50.0
6104,17.0,51.0
6105,17.0,52.0
6106,17.0,52.0
6107,17.0,52.0
6108,17.0,52.0
6109,17.0,52.0
6110,17.0,52.0
6111,17.0,52.0
6112,17.0,52.0
6113,17.0,52.0
6114,17.0,51.0
6115,17.0,52.0
6116,17.0,51.0
6117,17.0,51.0
6118,17.0,49.0
6119,17.0,47.0
6120,17.0,47.0
6121,17.0,49.0
6122,17.0,51.0
6123,17.0,51.0
6124,17.0,52.0
6125,17.0,52.0
6126,17.0,53.0
6127,17.0,53.0
6128,17.0,53.0
6129,17.0,53.0
6130,17.0,53.0
6131,17.0,53.0
6132,17.0,53.0
6133,17.0,53.99999999999999
6134,17.0,53.99999999999999
6135,17.0,53.99999999999999
6136,17.0,53.99999999999999
6137,17.0,53.99999999999999
6138,17.0,53.99999999999999
6139,17.0,53.0
6140,17.0,53.0
6141,17.0,53.0
6142,17.0,52.0
6143,17.0,53.0
6144,17.0,52.0
6145,17.0,52.0
6146,17.0,51.0
6147,17.0,50.0
6148,17.0,49.0
6149,17.0,47.0
6150,17.0,47.0
6151,17.0,46.0
6152,17.0,45.0
6153,17.0,44.0
6154,17.0,44.0
6155,17.0,44.0
6156,17.0,44.0
6157,17.0,42.99999999999999
6158,17.0,42.99999999999999
6159,17.0,42.0
6160,17.0,41.0
6161,17.0,41.0
6162,17.0,40.0
6163,17.0,41.0
6164,17.0,42.99999999999999
6165,17.0,46.0
6166,17.0,47.0
6167,17.0,47.0
6168,17.0,48.0
6169,17.0,49.0
6170,17.0,49.0
6171,17.0,49.0
6172,17.0,50.0
6173,17.0,51.0
6174,17.0,52.0
6175,17.0,53.0
6176,17.0,53.99999999999999
6177,17.0,53.99999999999999
6178,17.0,55.0
6179,17.0,55.0
6180,17.0,55.0
6181,17.0,55.0
6182,17.0,56.0
6183,17.0,56.0
6184,17.0,56.0
6185,17.0,56.0
6186,17.0,56.0
6187,17.0,56.0
6188,17.0,55.0
6189,17.0,53.99999999999999
6190,17.0,53.0
6191,17.0,53.0
6192,17.0,53.99999999999999
6193,17.0,53.0
6194,17.0,53.0
6195,17.0,53.0
6196,17.0,53.0
6197,17.0,52.0
6198,17.0,51.0
6199,17.0,48.0
6200,17.0,45.0
6201,17.0,42.99999999999999
6202,17.0,40.0
6203,17.0,40.0
6204,17.0,38.0
6205,17.0,39.0
6206,17.0,38.0
6207,17.0,38.0
6208,17.0,38.0
6209,17.0,38.0
6210,17.0,38.0
6211,17.0,37.0
6212,17.0,38.0
6213,17.0,39.0
6214,17.0,39.0
6215,17.0,39.0
6216,17.0,39.0
6217,17.0,39.0
6218,17.0,42.0
6219,17.0,44.0
6220,17.0,45.0
6221,17.0,46.0
6222,17.0,48.0
6223,17.0,49.0
6224,17.0,51.0
6225,17.0,52.0
6226,17.0,52.0
6227,17.0,53.0
6228,17.0,53.99999999999999
6229,17.0,53.99999999999999
6230,17.0,55.0
6231,17.0,56.0
6232,17.0,57.0
6233,17.0,58.0
6234,17.0,59.0
6235,17.0,60.0
6236,17.0,61.0
6237,17.0,61.0
6238,17.0,62.0
6239,17.0,62.0
6240,17.0,62.0
6241,17.0,62.0
6242,17.0,61.0
6243,17.0,61.0
6244,17.0,61.0
6245,17.0,53.99999999999999
6246,17.0,53.99999999999999
6247,17.0,53.99999999999999
6248,17.0,55.0
6249,17.0,55.0
6250,17.0,56.0
6251,17.0,56.0
6252,17.0,56.0
6253,17.0,57.0
6254,17.0,58.0
6255,17.0,58.0
6256,17.0,58.0
6257,17.0,58.0
6258,17.0,58.0
6259,17.0,58.0
6260,17.0,58.0
6261,17.0,58.0
6262,17.0,59.0
6263,17.0,60.0
6264,17.0,61.0
6265,17.0,61.0
6266,17.0,62.0
6267,17.0,63.0
6268,17.0,64.0
6269,17.0,53.0
6270,17.0,52.0
6271,17.0,51.0
6272,17.0,49.0
6273,17.0,49.0
6274,17.0,49.0
6275,17.0,51.0
6276,17.0,51.0
6277,17.0,51.0
6278,17.0,51.0
6279,17.0,51.0
6280,17.0,52.0
6281,17.0,52.0
6282,17.0,52.0
6283,17.0,52.0
6284,17.0,52.0
6285,17.0,52.0
6286,17.0,52.0
6287,17.0,52.0
6288,17.0,51.0
6289,17.0,50.0
6290,17.0,49.0
6291,17.0,48.0
6292,17.0,48.0
6293,17.0,42.0
6294,17.0,42.99999999999999
6295,17.0,42.99999999999999
6296,17.0,42.0
6297,17.0,42.0
6298,17.0,42.0
6299,17.0,42.0
6300,17.0,42.0
6301,17.0,42.0
6302,17.0,41.0
6303,17.0,42.0
6304,17.0,42.0
6305,17.0,42.99999999999999
6306,17.0,42.0
6307,17.0,42.99999999999999
6308,17.0,45.0
6309,17.0,46.0
6310,17.0,44.0
6311,17.0,41.0
6312,17.0,40.0
6313,17.0,41.0
6314,17.0,41.0
6315,17.0,41.0
6316,17.0,42.0
6317,17.0,87.0
6318,17.0,87.0
6319,17.0,87.0
6320,17.0,88.0
6321,17.0,88.0
6322,17.0,88.0
6323,17.0,87.0
6324,17.0,87.0
6325,17.0,88.0
6326,17.0,88.0
6327,17.0,88.0
6328,17.0,89.0
6329,17.0,89.0
6330,17.0,90.0
6331,17.0,89.0
6332,17.0,89.0
6333,17.0,88.0
6334,17.0,88.0
6335,17.0,89.0
6336,17.0,89.0
6337,17.0,89.0
6338,17.0,89.0
6339,17.0,91.0
6340,17.0,90.0
6341,17.0,69.0
6342,17.0,68.0
6343,17.0,68.0
6344,17.0,68.0
6345,17.0,67.0
6346,17.0,67.0
6347,17.0,66.0
6348,17.0,65.0
6349,17.0,65.0
6350,17.0,64.0
6351,17.0,63.0
6352,17.0,62.0
6353,17.0,62.0
6354,17.0,61.0
6355,17.0,61.0
6356,17.0,60.0
6357,17.0,60.0
6358,17.0,59.0
6359,17.0,59.0
6360,17.0,59.0
6361,17.0,59.0
6362,17.0,59.0
6363,17.0,60.0
6364,17.0,60.0
6365,17.0,66.0
6366,17.0,67.0
6367,17.0,68.0
6368,17.0,68.0
6369,17.0,68.0
6370,17.0,67.0
6371,17.0,66.0
6372,17.0,65.0
6373,17.0,64.0
6374,17.0,63.0
6375,17.0,63.0
6376,17.0,63.0
6377,17.0,63.0
6378,17.0,62.0
6379,17.0,63.0
6380,17.0,63.0
6381,17.0,62.0
6382,17.0,61.0
6383,17.0,61.0
6384,17.0,60.0
6385,17.0,61.0
6386,17.0,60.0
6387,17.0,59.0
6388,17.0,57.0
6389,17.0,52.0
6390,17.0,52.0
6391,17.0,52.0
6392,17.0,53.0
6393,17.0,53.0
6394,17.0,53.0
6395,17.0,53.0
6396,17.0,53.99999999999999
6397,17.0,53.99999999999999
6398,17.0,55.0
6399,17.0,55.0
6400,17.0,55.0
6401,17.0,55.0
6402,17.0,55.0
6403,17.0,56.0
6404,17.0,55.0
6405,17.0,55.0
6406,17.0,55.0
6407,17.0,55.0
6408,17.0,55.0
6409,17.0,55.0
6410,17.0,53.99999999999999
6411,17.0,53.99999999999999
6412,17.0,55.0
6413,17.0,76.0
6414,17.0,76.0
6415,17.0,76.0
6416,17.0,76.0
6417,17.0,76.0
6418,17.0,75.0
6419,17.0,75.0
6420,17.0,74.0
6421,17.0,74.0
6422,17.0,73.00000000000001
6423,17.0,72.0
6424,17.0,72.0
6425,17.0,71.0
6426,17.0,71.0
6427,17.0,71.0
6428,17.0,70.0
6429,17.0,70.0
6430,17.0,70.0
6431,17.0,70.0
6432,17.0,69.0
6433,17.0,69.0
6434,17.0,68.0
6435,17.0,67.0
6436,17.0,67.0
6437,17.0,81.0
6438,17.0,82.0
6439,17.0,82.0
6440,17.0,83.0
6441,17.0,84.0
6442,17.0,85.0
6443,17.0,87.0
6444,17.0,88.0
6445,17.0,89.0
6446,17.0,90.0
6447,17.0,91.0
6448,17.0,92.0
6449,17.0,93.0
6450,17.0,92.0
6451,17.0,92.0
6452,17.0,92.0
6453,17.0,92.0
6454,17.0,91.0
6455,17.0,91.0
6456,17.0,90.0
6457,17.0,89.0
6458,17.0,89.0
6459,17.0,89.0
6460,17.0,89.0
6461,17.0,64.0
6462,17.0,64.0
6463,17.0,64.0
6464,17.0,64.0
6465,17.0,64.0
6466,17.0,64.0
6467,17.0,64.0
6468,17.0,64.0
6469,17.0,64.0
6470,17.0,64.0
6471,17.0,62.0
6472,17.0,61.0
6473,17.0,61.0
6474,17.0,61.0
6475,17.0,61.0
6476,17.0,62.0
6477,17.0,63.0
6478,17.0,64.0
6479,17.0,74.0
6480,17.0,77.0
6481,17.0,67.0
6482,17.0,66.0
6483,17.0,67.0
6484,17.0,67.0
6485,17.0,52.0
6486,17.0,53.0
6487,17.0,53.0
6488,17.0,53.99999999999999
6489,17.0,53.99999999999999
6490,17.0,53.99999999999999
6491,17.0,53.0
6492,17.0,52.0
6493,17.0,52.0
6494,17.0,50.0
6495,17.0,50.0
6496,17.0,49.0
6497,17.0,48.0
6498,17.0,47.0
6499,17.0,48.0
6500,17.0,49.0
6501,17.0,50.0
6502,17.0,51.0
6503,17.0,52.0
6504,17.0,52.0
6505,17.0,52.0
6506,17.0,52.0
6507,17.0,53.0
6508,17.0,53.0
6509,17.0,62.0
6510,17.0,61.0
6511,17.0,60.0
6512,17.0,59.0
6513,17.0,58.0
6514,17.0,57.0
6515,17.0,57.0
6516,17.0,56.0
6517,17.0,56.0
6518,17.0,56.0
6519,17.0,56.0
6520,17.0,56.0
6521,17.0,55.0
6522,17.0,56.0
6523,17.0,56.0
6524,17.0,53.99999999999999
6525,17.0,53.99999999999999
6526,17.0,53.0
6527,17.0,53.0
6528,17.0,53.0
6529,17.0,53.0
6530,17.0,53.99999999999999
6531,17.0,53.99999999999999
6532,17.0,53.99999999999999
6533,17.0,53.99999999999999
6534,17.0,53.99999999999999
6535,17.0,53.99999999999999
6536,17.0,53.99999999999999
6537,17.0,53.99999999999999
6538,17.0,53.99999999999999
6539,17.0,55.0
6540,17.0,55.0
6541,17.0,55.0
6542,17.0,55.0
6543,17.0,55.0
6544,17.0,55.0
6545,17.0,55.0
6546,17.0,53.99999999999999
6547,17.0,53.0
6548,17.0,55.0
6549,17.0,55.0
6550,17.0,55.0
6551,17.0,55.0
6552,17.0,55.0
6553,17.0,55.0
6554,17.0,56.0
6555,17.0,56.0
6556,17.0,57.0
6557,17.0,57.0
6558,17.0,57.0
6559,17.0,58.0
6560,17.0,58.0
6561,17.0,59.0
6562,17.0,59.0
6563,17.0,59.0
6564,17.0,59.0
6565,17.0,59.0
6566,17.0,59.0
6567,17.0,59.0
6568,17.0,59.0
6569,17.0,59.0
6570,17.0,60.0
6571,17.0,61.0
6572,17.0,60.0
6573,17.0,60.0
6574,17.0,60.0
6575,17.0,61.0
6576,17.0,61.0
6577,17.0,61.0
6578,17.0,61.0
6579,17.0,60.0
6580,17.0,60.0
6581,17.0,59.0
6582,17.0,59.0
6583,17.0,58.0
6584,17.0,58.0
6585,17.0,57.0
6586,17.0,57.0
6587,17.0,57.0
6588,17.0,57.0
6589,17.0,57.0
6590,17.0,58.0
6591,17.0,58.0
6592,17.0,58.0
6593,17.0,58.0
6594,17.0,57.0
6595,17.0,57.0
6596,17.0,58.0
6597,17.0,58.0
6598,17.0,57.0
6599,17.0,57.0
6600,17.0,56.0
6601,17.0,56.0
6602,17.0,56.0
6603,17.0,57.0
6604,17.0,57.0
6605,17.0,58.0
6606,17.0,58.0
6607,17.0,58.0
6608,17.0,58.0
6609,17.0,58.0
6610,17.0,58.0
6611,17.0,58.0
6612,17.0,57.0
6613,17.0,57.0
6614,17.0,56.0
6615,17.0,56.0
6616,17.0,56.0
6617,17.0,56.0
6618,17.0,55.0
6619,17.0,55.0
6620,17.0,55.0
6621,17.0,55.0
6622,17.0,55.0
6623,17.0,55.0
6624,17.0,55.0
6625,17.0,53.99999999999999
6626,17.0,53.99999999999999
6627,17.0,53.0
6628,17.0,53.0
6629,17.0,52.0
6630,17.0,52.0
6631,17.0,52.0
6632,17.0,52.0
6633,17.0,52.0
6634,17.0,52.0
6635,17.0,52.0
6636,17.0,52.0
6637,17.0,52.0
6638,17.0,53.0
6639,17.0,53.0
6640,17.0,53.0
6641,17.0,53.0
6642,17.0,53.99999999999999
6643,17.0,53.0
6644,17.0,53.0
6645,17.0,53.0
6646,17.0,53.0
6647,17.0,53.0
6648,17.0,53.0
6649,17.0,53.0
6650,17.0,53.99999999999999
6651,17.0,55.0
6652,17.0,55.0
6653,17.0,55.0
6654,17.0,55.0
6655,17.0,55.0
6656,17.0,55.0
6657,17.0,55.0
6658,17.0,56.0
6659,17.0,56.0
6660,17.0,55.0
6661,17.0,55.0
6662,17.0,53.99999999999999
6663,17.0,53.99999999999999
6664,17.0,53.99999999999999
6665,17.0,53.99999999999999
6666,17.0,53.99999999999999
6667,17.0,55.0
6668,17.0,53.99999999999999
6669,17.0,55.0
6670,17.0,55.0
6671,17.0,56.0
6672,17.0,56.0
6673,17.0,56.0
6674,17.0,53.99999999999999
6675,17.0,53.99999999999999
6676,17.0,53.0
6677,17.0,53.0
6678,17.0,53.0
6679,17.0,52.0
6680,17.0,52.0
6681,17.0,52.0
6682,17.0,51.0
6683,17.0,50.0
6684,17.0,50.0
6685,17.0,50.0
6686,17.0,51.0
6687,17.0,52.0
6688,17.0,52.0
6689,17.0,52.0
6690,17.0,52.0
6691,17.0,52.0
6692,17.0,52.0
6693,17.0,52.0
6694,17.0,52.0
6695,17.0,51.0
6696,17.0,51.0
6697,17.0,51.0
6698,17.0,52.0
6699,17.0,53.0
6700,17.0,53.0
6701,17.0,53.99999999999999
6702,17.0,53.99999999999999
6703,17.0,55.0
6704,17.0,55.0
6705,17.0,56.0
6706,17.0,56.0
6707,17.0,57.0
6708,17.0,57.0
6709,17.0,57.0
6710,17.0,57.0
6711,17.0,57.0
6712,17.0,57.0
6713,17.0,57.0
6714,17.0,58.0
6715,17.0,58.0
6716,17.0,57.0
6717,17.0,57.0
6718,17.0,58.0
6719,17.0,58.0
6720,17.0,59.0
6721,17.0,59.0
6722,17.0,59.0
6723,17.0,59.0
6724,17.0,59.0
6725,17.0,60.0
6726,17.0,60.0
6727,17.0,60.0
6728,17.0,61.0
6729,17.0,61.0
6730,17.0,61.0
6731,17.0,62.0
6732,17.0,62.0
6733,17.0,62.0
6734,17.0,63.0
6735,17.0,63.0
6736,17.0,63.0
6737,17.0,63.0
6738,17.0,63.0
6739,17.0,63.0
6740,17.0,63.0
6741,17.0,63.0
6742,17.0,62.0
6743,17.0,62.0
6744,17.0,62.0
6745,17.0,63.0
6746,17.0,63.0
6747,17.0,63.0
6748,17.0,62.0
6749,17.0,62.0
6750,17.0,62.0
6751,17.0,62.0
6752,17.0,62.0
6753,17.0,61.0
6754,17.0,61.0
6755,17.0,61.0
6756,17.0,62.0
6757,17.0,62.0
6758,17.0,62.0
6759,17.0,63.0
6760,17.0,64.0
6761,17.0,63.0
6762,17.0,63.0
6763,17.0,62.0
6764,17.0,62.0
6765,17.0,63.0
6766,17.0,64.0
6767,17.0,64.0
6768,17.0,63.0
6769,17.0,62.0
6770,17.0,62.0
6771,17.0,62.0
6772,17.0,62.0
6773,17.0,62.0
6774,17.0,62.0
6775,17.0,63.0
6776,17.0,63.0
6777,17.0,64.0
6778,17.0,64.0
6779,17.0,65.0
6780,17.0,65.0
6781,17.0,65.0
6782,17.0,64.0
6783,17.0,64.0
6784,17.0,64.0
6785,17.0,65.0
6786,17.0,65.0
6787,17.0,65.0
6788,17.0,65.0
6789,17.0,64.0
6790,17.0,65.0
6791,17.0,66.0
6792,17.0,66.0
6793,17.0,66.0
6794,17.0,66.0
6795,17.0,66.0
6796,17.0,65.0
6797,17.0,65.0
6798,17.0,65.0
6799,17.0,64.0
6800,17.0,63.0
6801,17.0,62.0
6802,17.0,61.0
6803,17.0,60.0
6804,17.0,59.0
6805,17.0,58.0
6806,17.0,58.0
6807,17.0,57.0
6808,17.0,56.0
6809,17.0,53.99999999999999
6810,17.0,53.99999999999999
6811,17.0,53.99999999999999
6812,17.0,53.0
6813,17.0,53.99999999999999
6814,17.0,52.0
6815,17.0,51.0
6816,17.0,49.0
6817,17.0,49.0
6818,17.0,50.0
6819,17.0,51.0
6820,17.0,52.0
6821,17.0,52.0
6822,17.0,52.0
6823,17.0,52.0
6824,17.0,51.0
6825,17.0,51.0
6826,17.0,50.0
6827,17.0,50.0
6828,17.0,48.0
6829,17.0,49.0
6830,17.0,48.0
6831,17.0,51.0
6832,17.0,51.0
6833,17.0,52.0
6834,17.0,53.0
6835,17.0,52.0
6836,17.0,53.0
6837,17.0,53.0
6838,17.0,53.0
6839,17.0,53.0
6840,17.0,53.0
6841,17.0,53.0
6842,17.0,53.0
6843,17.0,52.0
6844,17.0,52.0
6845,17.0,53.0
6846,17.0,53.0
6847,17.0,53.0
6848,17.0,53.99999999999999
6849,17.0,53.99999999999999
6850,17.0,53.99999999999999
6851,17.0,53.99999999999999
6852,17.0,53.99999999999999
6853,17.0,53.99999999999999
6854,17.0,53.99999999999999
6855,17.0,53.0
6856,17.0,53.0
6857,17.0,52.0
6858,17.0,52.0
6859,17.0,52.0
6860,17.0,52.0
6861,17.0,52.0
6862,17.0,52.0
6863,17.0,52.0
6864,17.0,52.0
6865,17.0,52.0
6866,17.0,52.0
6867,17.0,52.0
6868,17.0,52.0
6869,17.0,52.0
6870,17.0,51.0
6871,17.0,52.0
6872,17.0,52.0
6873,17.0,52.0
6874,17.0,52.0
6875,17.0,52.0
6876,17.0,53.0
6877,17.0,53.0
6878,17.0,53.0
6879,17.0,53.0
6880,17.0,53.99999999999999
6881,17.0,55.0
6882,17.0,55.0
6883,17.0,53.99999999999999
6884,17.0,53.99999999999999
6885,17.0,55.0
6886,17.0,55.0
6887,17.0,55.0
6888,17.0,55.0
6889,17.0,53.99999999999999
6890,17.0,53.99999999999999
6891,17.0,53.99999999999999
6892,17.0,53.99999999999999
6893,17.0,53.99999999999999
6894,17.0,55.0
6895,17.0,53.99999999999999
6896,17.0,55.0
6897,17.0,55.0
6898,17.0,55.0
6899,17.0,53.99999999999999
6900,17.0,53.99999999999999
6901,17.0,53.99999999999999
6902,17.0,53.99999999999999
6903,17.0,53.99999999999999
6904,17.0,53.0
6905,17.0,53.99999999999999
6906,17.0,53.99999999999999
6907,17.0,53.0
6908,17.0,53.0
6909,17.0,53.0
6910,17.0,53.0
6911,17.0,52.0
6912,17.0,53.0
6913,17.0,53.0
6914,17.0,53.0
6915,17.0,53.0
6916,17.0,52.0
6917,17.0,52.0
6918,17.0,52.0
6919,17.0,52.0
6920,17.0,52.0
6921,17.0,52.0
6922,17.0,52.0
6923,17.0,53.0
6924,17.0,53.0
6925,17.0,53.0
6926,17.0,53.0
6927,17.0,52.0
6928,17.0,52.0
6929,17.0,52.0
6930,17.0,51.0
6931,17.0,52.0
6932,17.0,51.0
6933,17.0,52.0
6934,17.0,52.0
6935,17.0,52.0
6936,17.0,52.0
6937,17.0,52.0
6938,17.0,52.0
6939,17.0,52.0
6940,17.0,51.0
6941,17.0,51.0
6942,17.0,49.0
6943,17.0,47.0
6944,17.0,47.0
6945,17.0,46.0
6946,17.0,46.0
6947,17.0,45.0
6948,17.0,44.0
6949,17.0,44.0
6950,17.0,44.0
6951,17.0,46.0
6952,17.0,48.0
6953,17.0,49.0
6954,17.0,52.0
6955,17.0,51.0
6956,17.0,52.0
6957,17.0,51.0
6958,17.0,51.0
6959,17.0,52.0
6960,17.0,52.0
6961,17.0,53.0
6962,17.0,53.0
6963,17.0,53.0
6964,17.0,53.99999999999999
6965,17.0,53.99999999999999
6966,17.0,55.0
6967,17.0,55.0
6968,17.0,55.0
6969,17.0,56.0
6970,17.0,56.0
6971,17.0,56.0
6972,17.0,56.0
6973,17.0,56.0
6974,17.0,57.0
6975,17.0,57.0
6976,17.0,57.0
6977,17.0,57.0
6978,17.0,56.0
6979,17.0,57.0
6980,17.0,57.0
6981,17.0,57.0
6982,17.0,58.0
6983,17.0,58.0
6984,17.0,57.0
6985,17.0,57.0
6986,17.0,57.0
6987,17.0,57.0
6988,17.0,57.0
