,prediction,actual
0,56.571983,58.0
1,57.75428,58.0
2,58.060993,59.0
3,58.98435,59.0
4,59.286625,59.0
5,59.419865,58.0
6,58.26115,58.0
7,57.798355,58.0
8,57.654804,58.0
9,57.691353,58.0
10,57.80136,58.0
11,57.95362,58.0
12,58.087543,58.0
13,58.200367,58.0
14,58.178364,58.0
15,58.06872,58.0
16,57.85949,58.0
17,57.880108,58.0
18,57.90752,57.0
19,57.082138,57.0
20,56.675053,57.0
21,56.5946,57.0
22,56.657246,57.0
23,56.77741,57.0
24,56.758816,56.0
25,55.749012,56.0
26,55.45226,56.0
27,55.485325,56.0
28,55.5257,56.0
29,55.665947,58.0
30,57.47002,58.0
31,58.374023,58.0
32,58.635624,57.0
33,57.679012,57.0
34,57.155502,57.0
35,56.8275,57.0
36,56.690556,57.0
37,56.692833,57.0
38,56.77989,57.0
39,56.916843,57.0
40,57.153736,57.0
41,57.211403,56.0
42,56.13212,56.0
43,55.693207,56.0
44,55.47538,55.0
45,54.548855,55.0
46,54.339954,55.0
47,54.50236,55.0
48,54.7689,55.0
49,54.839523,55.0
50,54.892017,55.0
51,54.913136,55.0
52,54.812958,55.0
53,54.78003,53.99999999999999
54,53.901012,55.0
55,54.5354,55.0
56,54.815853,55.0
57,54.959106,55.0
58,55.049164,55.0
59,55.074947,55.0
60,55.06267,55.0
61,55.02989,55.0
62,55.01374,55.0
63,55.054386,55.0
64,55.12312,56.0
65,56.17424,56.0
66,56.49101,56.0
67,56.417397,56.0
68,56.114906,57.0
69,56.830803,57.0
70,56.98516,57.0
71,56.921253,57.0
72,56.6992,57.0
73,56.646793,57.0
74,56.682785,57.0
75,56.70174,57.0
76,56.688824,57.0
77,56.73464,56.0
78,55.879322,55.0
79,54.745106,55.0
80,54.437355,55.0
81,54.43967,55.0
82,54.60152,55.0
83,54.779617,55.0
84,54.928448,53.99999999999999
85,54.172188,53.99999999999999
86,53.91435,53.99999999999999
87,53.897907,53.99999999999999
88,53.95117,53.99999999999999
89,53.993862,53.99999999999999
90,53.960762,53.99999999999999
91,53.818592,53.99999999999999
92,53.89189,55.0
93,54.824158,55.0
94,55.143307,55.0
95,54.922203,55.0
96,54.504288,55.0
97,54.524693,55.0
98,54.688572,55.0
99,54.746628,55.0
100,54.76935,56.0
101,55.618343,56.0
102,55.986908,57.0
103,56.999565,57.0
104,57.303238,57.0
105,57.333073,57.0
106,57.283543,57.0
107,57.178043,57.0
108,57.08154,57.0
109,57.01386,57.0
110,56.91517,57.0
111,56.92326,57.0
112,56.987476,57.0
113,57.12827,58.0
114,58.136806,58.0
115,58.36463,58.0
116,58.28484,58.0
117,58.03106,58.0
118,57.64427,58.0
119,57.592144,57.0
120,56.57922,57.0
121,56.17779,57.0
122,56.26048,57.0
123,56.499023,56.0
124,55.817127,55.0
125,54.845097,55.0
126,54.571606,53.99999999999999
127,53.726032,53.99999999999999
128,53.596394,53.99999999999999
129,53.714233,53.99999999999999
130,53.920506,53.99999999999999
131,54.115227,53.99999999999999
132,54.249928,53.99999999999999
133,54.285614,53.99999999999999
134,54.14512,55.0
135,54.88056,55.0
136,55.12569,53.99999999999999
137,54.214542,53.99999999999999
138,53.733284,53.99999999999999
139,53.50708,53.99999999999999
140,53.471737,53.99999999999999
141,53.569077,53.99999999999999
142,53.73693,55.0
143,54.71224,57.0
144,56.51923,58.0
145,58.60733,59.0
146,59.81601,60.0
147,60.834778,61.0
148,61.527336,62.0
149,62.286976,63.0
150,63.064503,64.0
151,64.14085,64.0
152,64.580124,64.0
153,64.553665,65.0
154,65.14662,65.0
155,65.2529,65.0
156,65.233154,66.0
157,66.07648,66.0
158,66.39859,66.0
159,66.43857,66.0
160,66.49682,66.0
161,66.31628,67.0
162,67.19589,67.0
163,67.25989,66.0
164,66.02725,66.0
165,65.1429,65.0
166,63.556553,64.0
167,62.39669,62.0
168,60.614918,62.0
169,60.38039,60.0
170,58.83725,59.0
171,57.831627,59.0
172,57.909397,58.0
173,57.397835,57.0
174,56.568638,57.0
175,56.541527,57.0
176,56.706066,57.0
177,56.86062,57.0
178,56.958828,58.0
179,57.815517,58.0
180,58.10096,58.0
181,58.179672,58.0
182,58.209732,58.0
183,58.02833,59.0
184,58.928432,60.0
185,60.125515,60.0
186,60.40204,59.0
187,59.07774,61.0
188,60.454285,61.0
189,60.93449,71.0
190,68.77545,64.0
191,64.78461,71.0
192,69.322464,64.0
193,64.43604,64.0
194,63.013805,64.0
195,62.61697,64.0
196,62.840645,64.0
197,63.314693,64.0
198,63.811638,64.0
199,64.14757,65.0
200,65.17519,65.0
201,65.4881,65.0
202,65.45435,65.0
203,65.303795,65.0
204,65.20614,64.0
205,64.1103,64.0
206,63.610462,64.0
207,63.505642,62.0
208,61.64074,62.0
209,61.02846,61.0
210,59.992924,62.0
211,60.967167,62.0
212,61.741047,62.0
213,62.13807,60.0
214,60.04289,61.0
215,60.12053,60.0
216,59.395855,59.0
217,58.376785,60.0
218,59.042194,60.0
219,59.613716,59.0
220,59.032974,59.0
221,58.957054,59.0
222,58.942368,59.0
223,58.966663,59.0
224,59.028156,59.0
225,59.034798,59.0
226,58.987434,59.0
227,58.971684,59.0
228,58.944973,59.0
229,59.018024,58.0
230,58.150677,58.0
231,57.67332,58.0
232,57.506393,58.0
233,57.866238,57.0
234,56.810955,57.0
235,56.710583,56.0
236,55.791275,56.0
237,55.591515,56.0
238,55.683224,55.0
239,54.946377,55.0
240,54.691177,55.0
241,54.664238,53.99999999999999
242,53.844975,53.99999999999999
243,53.65483,53.99999999999999
244,53.718582,53.0
245,52.92457,53.0
246,52.781998,52.0
247,51.93736,52.0
248,51.544407,52.0
249,51.55245,50.0
250,49.880222,47.0
251,46.603813,44.0
252,42.61364,42.99999999999999
253,40.431206,45.0
254,42.270382,45.0
255,44.23354,45.0
256,45.779152,45.0
257,46.387672,46.0
258,47.333588,46.0
259,47.103733,45.0
260,45.50847,42.99999999999999
261,41.96503,46.0
262,43.557343,47.0
263,46.210552,51.0
264,51.511852,61.0
265,60.426933,61.0
266,62.967926,51.0
267,53.751057,48.0
268,46.471188,50.0
269,45.509583,49.0
270,45.651115,51.0
271,48.29379,51.0
272,50.15447,51.0
273,51.40032,51.0
274,52.09495,52.0
275,53.02683,53.0
276,53.89742,53.0
277,53.98854,53.0
278,53.64595,53.99999999999999
279,53.99151,55.0
280,54.879448,56.0
281,56.36859,56.0
282,56.709244,56.0
283,56.438717,57.0
284,57.014656,58.0
285,58.030148,59.0
286,59.19481,59.0
287,59.335392,59.0
288,59.149166,59.0
289,58.938225,60.0
290,59.65632,61.0
291,60.880535,61.0
292,61.223816,61.0
293,61.216274,62.0
294,62.00319,62.0
295,62.243294,62.0
296,62.114944,63.0
297,62.920036,63.0
298,63.19314,65.0
299,64.99239,65.0
300,65.55578,65.0
301,65.66513,65.0
302,65.493286,65.0
303,65.22778,64.0
304,63.947216,63.0
305,62.411575,63.0
306,61.947346,62.0
307,61.074024,62.0
308,61.246883,63.0
309,62.676483,62.0
310,62.334465,64.0
311,64.04364,63.0
312,63.548283,63.0
313,63.067745,62.0
314,61.5853,61.0
315,60.23325,60.0
316,58.9557,60.0
317,58.72594,60.0
318,58.995773,60.0
319,59.482742,60.0
320,59.839073,59.0
321,59.136112,60.0
322,59.858543,60.0
323,60.00057,60.0
324,59.961823,60.0
325,59.910046,60.0
326,59.93919,61.0
327,60.8401,62.0
328,62.02674,62.0
329,62.42847,62.0
330,62.348118,63.0
331,63.009827,63.0
332,62.993393,61.0
333,60.60378,61.0
334,59.65918,62.0
335,60.601658,64.0
336,63.426983,71.0
337,69.63859,71.0
338,71.59841,63.0
339,64.71389,63.0
340,62.10048,63.0
341,61.083954,63.0
342,61.227108,63.0
343,61.919163,63.0
344,62.75748,63.0
345,63.280067,62.0
346,62.567577,61.0
347,61.333145,61.0
348,60.895298,59.0
349,58.828796,59.0
350,58.139793,57.0
351,56.097153,57.0
352,55.782757,57.0
353,56.52788,58.0
354,58.411873,56.0
355,56.961018,56.0
356,55.59154,57.0
357,56.12478,58.0
358,57.703945,58.0
359,58.284424,57.0
360,57.21531,58.0
361,57.663715,57.0
362,56.911926,57.0
363,56.383358,58.0
364,57.199,57.0
365,56.759235,57.0
366,56.619926,57.0
367,56.696632,57.0
368,56.861015,57.0
369,57.010365,57.0
370,57.08316,58.0
371,57.932907,58.0
372,58.23163,59.0
373,59.17328,59.0
374,59.438385,60.0
375,60.31725,61.0
376,61.384,61.0
377,61.50054,62.0
378,62.25995,63.0
379,63.33853,63.0
380,63.38945,63.0
381,63.067368,62.0
382,61.849667,61.0
383,60.133583,61.0
384,59.71783,61.0
385,59.95404,61.0
386,60.496227,62.0
387,61.748512,62.0
388,62.28394,63.0
389,63.321827,64.0
390,64.441414,64.0
391,64.5544,63.0
392,63.505066,63.0
393,62.92061,62.0
394,61.78787,61.0
395,60.59615,60.0
396,59.43239,59.0
397,58.30982,59.0
398,58.113834,58.0
399,57.48741,58.0
400,57.463196,58.0
401,57.81939,57.0
402,57.05137,57.0
403,56.68352,57.0
404,56.491467,57.0
405,56.511368,57.0
406,56.48812,56.0
407,55.64951,56.0
408,55.585327,55.0
409,54.547585,55.0
410,54.357327,55.0
411,54.450893,55.0
412,54.651848,55.0
413,54.88615,52.0
414,52.5252,51.0
415,50.850315,49.0
416,48.53978,49.0
417,47.810844,48.0
418,47.04006,47.0
419,46.37259,45.0
420,44.82728,44.0
421,43.572365,42.99999999999999
422,42.475918,42.0
423,41.356976,41.0
424,40.23427,40.0
425,39.200745,39.0
426,38.236595,37.0
427,36.43997,36.0
428,35.096123,37.0
429,36.120754,37.0
430,36.843895,37.0
431,37.47534,37.0
432,37.714798,37.0
433,37.46565,36.0
434,36.122845,35.0
435,34.354027,34.0
436,32.755054,33.0
437,31.465157,33.0
438,31.382051,32.0
439,31.642656,33.0
440,33.144676,32.0
441,33.30526,33.0
442,33.97888,33.0
443,34.16951,32.0
444,33.053947,32.0
445,32.208115,31.0
446,30.802116,31.0
447,30.10381,31.0
448,30.325422,31.0
449,31.096636,31.0
450,31.729052,31.0
451,32.009537,31.0
452,31.869568,32.0
453,32.58715,30.0
454,31.194359,30.0
455,29.725897,31.0
456,30.255705,30.0
457,29.811615,31.0
458,30.809587,32.0
459,32.39057,32.0
460,33.01992,32.0
461,33.07399,53.99999999999999
462,46.26685,53.0
463,51.287457,53.99999999999999
464,55.09558,53.99999999999999
465,56.32852,55.0
466,56.78957,55.0
467,56.046093,56.0
468,56.09054,57.0
469,56.654404,57.0
470,56.66597,58.0
471,57.50596,57.0
472,57.06843,57.0
473,56.851067,57.0
474,56.870388,56.0
475,55.675354,56.0
476,55.19369,56.0
477,55.340225,56.0
478,55.6973,56.0
479,56.07322,56.0
480,56.03871,56.0
481,56.087837,57.0
482,56.914417,57.0
483,57.02268,57.0
484,57.264008,57.0
485,57.046135,60.0
486,59.296104,60.0
487,60.17399,60.0
488,60.3763,59.0
489,59.42779,58.0
490,58.133636,58.0
491,57.61878,58.0
492,57.522533,57.0
493,56.67752,57.0
494,56.538982,57.0
495,56.680267,56.0
496,56.033405,55.0
497,54.757454,56.0
498,55.20948,55.0
499,54.53222,55.0
500,54.491333,55.0
501,54.64702,55.0
502,54.81092,55.0
503,54.82,55.0
504,54.770332,55.0
505,54.92207,55.0
506,54.88479,55.0
507,54.872562,55.0
508,54.917965,56.0
509,55.778126,78.0
510,67.46617,80.0
511,72.229355,80.0
512,75.45067,81.0
513,78.15689,80.0
514,79.8111,80.0
515,80.75695,78.0
516,79.38168,77.0
517,77.095055,76.0
518,74.57976,75.0
519,73.01681,74.0
520,72.70799,73.00000000000001
521,72.43738,73.00000000000001
522,72.73667,72.0
523,72.07353,71.0
524,70.78256,70.0
525,69.33665,68.0
526,67.02453,69.0
527,67.601036,68.0
528,67.22549,68.0
529,67.34352,68.0
530,67.53451,66.0
531,65.81898,66.0
532,65.19297,64.0
533,63.38555,65.0
534,63.813095,65.0
535,64.32391,65.0
536,64.68961,65.0
537,64.90771,65.0
538,65.06746,66.0
539,65.91111,66.0
540,66.226944,65.0
541,65.32656,65.0
542,64.81486,65.0
543,64.59029,65.0
544,64.58342,64.0
545,63.724678,64.0
546,63.553623,64.0
547,63.67236,64.0
548,63.76748,63.0
549,62.784843,63.0
550,62.347942,63.0
551,62.453327,62.0
552,61.408688,63.0
553,62.312904,62.0
554,61.75579,61.0
555,60.715923,61.0
556,60.40387,60.0
557,59.58061,68.0
558,65.122154,67.0
559,66.57302,67.0
560,67.5409,66.0
561,66.832214,65.0
562,65.34299,65.0
563,64.60151,68.0
564,66.89068,71.0
565,69.81697,75.0
566,73.40219,78.0
567,77.11094,81.0
568,81.31129,85.0
569,86.18793,88.0
570,89.839165,91.0
571,92.44802,95.00000000000001
572,95.96372,98.0
573,99.07193,102.0
574,102.87323,105.0
575,106.0177,107.99999999999999
576,108.96119,112.0
577,112.12114,115.0
578,114.56804,118.0
579,117.36495,122.0
580,120.85534,125.0
581,123.48507,129.0
582,127.50918,139.0
583,136.92316,144.0
584,142.9533,149.0
585,149.0212,145.0
586,146.13777,128.0
587,122.26672,113.0
588,96.734856,99.0
589,78.94289,98.0
590,80.19025,96.0
591,84.2246,95.00000000000001
592,87.13732,94.0
593,89.54881,93.0
594,91.534485,93.0
595,92.504486,92.0
596,92.3263,92.0
597,91.88587,92.0
598,91.16817,91.0
599,89.70371,91.0
600,89.330376,91.0
601,89.626175,91.0
602,89.76845,91.0
603,89.9803,91.0
604,89.66379,91.0
605,89.35302,81.0
606,80.53175,80.0
607,76.9894,79.0
608,76.04809,78.0
609,75.9771,77.0
610,75.813324,76.0
611,75.48826,76.0
612,75.7227,74.0
613,74.13038,72.0
614,71.90136,71.0
615,70.336525,69.0
616,67.99456,69.0
617,67.71405,68.0
618,67.263725,67.0
619,66.62078,68.0
620,67.852875,69.0
621,69.360374,69.0
622,69.693,69.0
623,69.187996,70.0
624,69.52616,69.0
625,68.90879,71.0
626,70.47922,71.0
627,70.724335,71.0
628,70.409195,72.0
629,71.1491,65.0
630,65.47357,65.0
631,63.926865,65.0
632,63.68064,64.0
633,63.284542,64.0
634,63.40672,64.0
635,63.682816,64.0
636,63.997105,64.0
637,64.24994,64.0
638,64.43189,64.0
639,64.359215,64.0
640,64.20429,64.0
641,63.994076,65.0
642,64.922264,65.0
643,65.21389,66.0
644,66.30002,66.0
645,66.41585,97.0
646,87.00574,100.0
647,94.42917,106.0
648,104.0006,104.0
649,105.49385,93.0
650,93.78111,71.0
651,64.78745,68.0
652,52.64223,68.0
653,53.34819,56.0
654,49.23261,55.0
655,50.081432,55.0
656,52.28699,55.0
657,54.295956,55.0
658,56.13274,53.99999999999999
659,56.49992,53.99999999999999
660,56.536907,53.99999999999999
661,55.877495,53.0
662,53.241894,53.0
663,51.468033,53.0
664,51.16905,53.0
665,52.057053,53.0
666,53.05992,53.0
667,53.486767,52.0
668,52.206806,53.0
669,52.576656,52.0
670,51.877026,52.0
671,51.599224,53.0
672,52.524895,53.0
673,52.99012,53.0
674,53.20754,53.0
675,53.16156,53.0
676,52.91095,53.0
677,52.740307,89.0
678,71.74138,88.0
679,76.9575,87.0
680,80.78393,88.0
681,83.43929,89.0
682,85.639175,87.0
683,85.85412,87.0
684,86.15972,85.0
685,85.29138,85.0
686,84.48628,85.0
687,84.136406,85.0
688,84.11071,85.0
689,84.32953,85.0
690,84.964096,84.0
691,83.73879,83.0
692,81.96477,83.0
693,81.48098,83.0
694,81.834785,83.0
695,82.196304,83.0
696,82.48321,83.0
697,82.44965,82.0
698,81.52159,83.0
699,82.29513,81.0
700,81.01457,80.0
701,79.21322,80.0
702,78.8024,82.0
703,80.536964,84.0
704,83.37538,82.0
705,82.111145,79.0
706,78.66474,81.0
707,80.1752,83.0
708,82.37994,87.0
709,86.348694,89.0
710,89.7207,88.0
711,89.6511,87.0
712,87.46557,87.0
713,86.04868,87.0
714,85.38873,88.0
715,86.98124,89.0
716,89.00955,91.0
717,91.359726,91.0
718,92.0019,92.0
719,91.88275,92.0
720,91.640175,93.0
721,92.039635,94.0
722,93.544525,92.0
723,92.01595,91.0
724,90.28726,91.0
725,90.00599,93.0
726,91.84014,94.0
727,93.210236,96.0
728,94.45082,99.0
729,98.24889,101.0
730,101.20125,100.0
731,101.248955,97.0
732,97.43837,94.0
733,92.83569,91.0
734,88.57941,93.0
735,90.45849,94.0
736,94.142,94.0
737,95.23396,94.0
738,94.991425,94.0
739,94.17174,93.0
740,92.34825,90.0
741,88.05121,89.0
742,86.21121,89.0
743,86.83619,90.0
744,88.755424,89.0
745,88.62881,87.0
746,86.529755,89.0
747,88.22483,91.0
748,91.124916,92.0
749,93.021484,94.0
750,94.84159,94.0
751,95.379715,90.0
752,90.432144,89.0
753,87.70255,88.0
754,86.81255,88.0
755,86.99288,91.0
756,89.33136,95.00000000000001
757,93.40145,94.0
758,95.25885,93.0
759,93.530136,93.0
760,93.53408,93.0
761,92.233894,93.0
762,92.35807,93.0
763,92.28442,93.0
764,92.28338,94.0
765,93.43335,95.00000000000001
766,95.01778,95.00000000000001
767,95.48646,96.0
768,96.07494,97.0
769,97.02163,96.0
770,96.34249,96.0
771,95.94089,94.0
772,93.65021,95.00000000000001
773,94.18237,94.0
774,93.67415,92.0
775,92.01149,91.0
776,90.41059,91.0
777,89.8051,91.0
778,90.57022,91.0
779,91.20472,88.0
780,88.05758,84.0
781,82.547226,85.99999999999999
782,83.65637,85.99999999999999
783,84.64778,85.0
784,84.695526,84.0
785,83.64037,84.0
786,83.345215,84.0
787,83.330635,84.0
788,83.588715,84.0
789,83.54122,84.0
790,83.40673,84.0
791,83.29892,83.0
792,82.57761,83.0
793,82.10996,84.0
794,82.980896,84.0
795,83.4067,85.0
796,84.65461,84.0
797,83.930786,82.0
798,81.32819,81.0
799,80.27543,81.0
800,80.29949,81.0
801,80.509575,81.0
802,80.9673,80.0
803,80.32183,82.0
804,82.18716,82.0
805,82.591934,81.0
806,81.541504,81.0
807,81.10683,81.0
808,80.997986,82.0
809,81.88838,82.0
810,82.205505,81.0
811,80.780914,81.0
812,79.95701,80.0
813,79.107086,80.0
814,78.95643,80.0
815,79.21045,80.0
816,79.89117,79.0
817,78.7568,78.0
818,77.44843,77.0
819,76.29779,76.0
820,75.11611,76.0
821,75.1152,75.0
822,74.57369,75.0
823,74.69351,74.0
824,73.93803,73.00000000000001
825,72.86819,73.00000000000001
826,72.58863,72.0
827,71.70109,72.0
828,71.60824,71.0
829,70.85024,71.0
830,70.75131,71.0
831,70.82064,71.0
832,70.83589,71.0
833,70.86185,71.0
834,70.671425,72.0
835,71.59253,72.0
836,71.65818,73.00000000000001
837,72.79098,74.0
838,74.19225,73.00000000000001
839,73.22844,74.0
840,73.73921,75.0
841,74.56285,77.0
842,76.20513,78.0
843,77.38166,80.0
844,79.185265,82.0
845,80.894135,83.0
846,81.63016,84.0
847,82.70917,87.0
848,84.87644,88.0
849,86.405914,90.0
850,88.78622,91.0
851,90.4444,93.0
852,93.55725,93.0
853,94.351,92.0
854,92.71809,90.0
855,89.51271,89.0
856,87.52385,88.0
857,86.25419,87.0
858,85.67067,85.0
859,83.87331,84.0
860,82.643616,83.0
861,82.02163,82.0
862,81.190636,81.0
863,80.21255,80.0
864,79.35226,79.0
865,77.96335,78.0
866,77.13293,77.0
867,75.935974,75.0
868,73.88842,75.0
869,73.81291,75.0
870,74.17095,76.0
871,75.50519,77.0
872,77.23753,78.0
873,78.42646,78.0
874,78.64609,78.0
875,78.364845,78.0
876,78.03844,79.0
877,78.77413,81.0
878,80.53332,82.0
879,82.02948,83.0
880,83.61813,84.0
881,85.11489,84.0
882,84.905205,85.0
883,85.18626,85.99999999999999
884,86.00404,85.99999999999999
885,85.84693,85.99999999999999
886,85.62163,85.0
887,84.40065,84.0
888,83.093254,84.0
889,83.30774,84.0
890,83.5719,83.0
891,83.460365,82.0
892,82.19769,81.0
893,80.75028,81.0
894,80.41137,78.0
895,77.58611,76.0
896,74.93759,74.0
897,72.652504,71.0
898,69.54493,70.0
899,68.24667,68.0
900,66.6577,67.0
901,65.85927,66.0
902,65.24187,65.0
903,64.44959,64.0
904,63.512302,64.0
905,63.49977,63.0
906,62.66933,63.0
907,62.48759,62.0
908,61.542183,61.0
909,60.28201,62.0
910,61.08897,62.0
911,61.61037,63.0
912,62.98438,63.0
913,63.220554,63.0
914,63.26278,62.0
915,62.192375,62.0
916,61.64677,62.0
917,61.512897,62.0
918,61.557926,62.0
919,61.736477,62.0
920,61.902073,62.0
921,61.977013,62.0
922,62.046116,63.0
923,62.93225,63.0
924,63.20029,64.0
925,64.13615,64.0
926,64.377495,64.0
927,64.30322,65.0
928,65.06705,66.0
929,66.16598,66.0
930,66.346146,66.0
931,66.0717,67.0
932,66.81743,66.0
933,65.99704,65.0
934,64.68227,65.0
935,64.28749,64.0
936,63.25847,64.0
937,63.25175,64.0
938,63.620033,65.0
939,64.79431,65.0
940,65.358,64.0
941,64.590385,63.0
942,63.28014,63.0
943,62.702755,62.0
944,61.609833,61.0
945,60.425343,60.0
946,59.299828,60.0
947,59.181957,59.0
948,58.483833,58.0
949,57.593586,57.0
950,56.608593,57.0
951,56.37807,56.0
952,55.595078,55.0
953,54.485264,55.0
954,54.198612,53.99999999999999
955,53.37099,53.0
956,52.26736,53.99999999999999
957,53.07052,55.0
958,54.71117,55.0
959,55.41182,55.0
960,55.55831,55.0
961,55.285374,55.0
962,54.94156,53.99999999999999
963,53.92183,53.99999999999999
964,53.55859,53.99999999999999
965,53.442905,53.99999999999999
966,53.5637,53.99999999999999
967,53.74903,53.99999999999999
968,53.91579,53.99999999999999
969,53.978165,53.99999999999999
970,54.15197,53.99999999999999
971,54.153473,53.99999999999999
972,54.132263,53.99999999999999
973,54.07249,53.99999999999999
974,53.994564,53.0
975,53.019943,53.0
976,52.64713,53.0
977,52.45691,53.99999999999999
978,53.56408,53.0
979,53.147274,53.99999999999999
980,53.88733,52.0
981,51.99893,53.0
982,52.2623,53.0
983,52.462852,53.0
984,52.72376,52.0
985,52.099445,52.0
986,51.772686,52.0
987,51.69045,52.0
988,51.754894,52.0
989,51.8793,52.0
990,51.958225,52.0
991,51.99628,52.0
992,52.05812,52.0
993,52.12738,52.0
994,52.134384,53.0
995,52.965546,52.0
996,52.38835,52.0
997,52.09738,52.0
998,51.89984,52.0
999,51.769913,53.0
1000,52.542103,52.0
1001,52.07592,53.0
1002,53.02685,52.0
1003,52.261185,52.0
1004,51.676136,52.0
1005,51.462006,51.0
1006,50.519283,50.0
1007,49.17926,48.0
1008,47.197437,49.0
1009,47.755802,48.0
1010,47.672775,50.0
1011,49.80097,49.0
1012,49.964146,48.0
1013,49.081055,48.0
1014,48.464645,49.0
1015,48.879288,50.0
1016,49.845505,50.0
1017,50.251072,50.0
1018,50.287514,49.0
1019,49.22996,49.0
1020,48.879917,48.0
1021,47.72596,49.0
1022,48.19815,48.0
1023,47.761715,45.0
1024,44.710094,46.0
1025,44.7266,45.0
1026,44.26918,46.0
1027,45.57186,47.0
1028,47.546474,47.0
1029,48.241695,47.0
1030,48.24587,47.0
1031,47.637924,48.0
1032,48.008614,48.0
1033,47.933502,48.0
1034,47.90746,46.0
1035,46.100475,47.0
1036,46.261024,48.0
1037,47.41539,48.0
1038,47.98473,47.0
1039,47.41545,47.0
1040,47.18242,47.0
1041,47.01067,47.0
1042,46.992756,48.0
1043,47.746166,50.0
1044,49.652725,51.0
1045,51.208958,51.0
1046,51.773277,51.0
1047,51.805477,52.0
1048,52.248245,52.0
1049,52.044437,52.0
1050,51.72803,52.0
1051,51.558514,53.0
1052,52.576733,53.99999999999999
1053,54.122505,53.99999999999999
1054,54.5693,53.99999999999999
1055,54.501377,53.99999999999999
1056,54.3288,53.99999999999999
1057,54.0526,53.99999999999999
1058,53.942585,55.0
1059,54.76234,55.0
1060,55.098763,55.0
1061,55.176563,55.0
1062,55.151066,56.0
1063,55.94082,56.0
1064,56.3815,56.0
1065,56.39821,56.0
1066,56.265278,56.0
1067,56.08639,56.0
1068,56.014706,56.0
1069,55.94737,56.0
1070,55.90689,55.0
1071,54.902905,55.0
1072,54.50924,55.0
1073,54.615448,55.0
1074,54.715523,55.0
1075,54.995285,55.0
1076,54.98724,53.99999999999999
1077,53.75175,53.99999999999999
1078,53.304886,53.99999999999999
1079,53.489754,53.99999999999999
1080,53.756725,53.0
1081,53.015465,53.99999999999999
1082,53.640198,53.99999999999999
1083,53.9335,53.99999999999999
1084,54.039047,53.99999999999999
1085,54.063316,53.99999999999999
1086,54.099052,53.99999999999999
1087,54.05487,55.0
1088,54.8644,55.0
1089,55.147984,55.0
1090,55.1936,55.0
1091,55.117123,55.0
1092,54.996006,55.0
1093,54.89185,55.0
1094,54.832554,55.0
1095,54.81032,56.0
1096,55.784584,55.0
1097,55.22313,56.0
1098,55.99064,56.0
1099,56.214546,57.0
1100,57.092133,57.0
1101,57.178482,56.0
1102,56.236458,56.0
1103,55.83832,57.0
1104,56.48868,57.0
1105,56.811142,57.0
1106,56.980705,56.0
1107,56.146145,56.0
1108,55.910046,56.0
1109,55.824547,55.0
1110,54.851116,55.0
1111,54.68523,55.0
1112,54.810833,53.99999999999999
1113,53.993793,53.99999999999999
1114,53.72495,53.99999999999999
1115,53.945347,53.0
1116,53.04483,53.0
1117,52.730408,53.0
1118,52.7248,53.0
1119,52.796814,52.0
1120,51.97773,52.0
1121,51.587727,51.0
1122,50.56381,49.0
1123,48.296074,48.0
1124,46.623177,48.0
1125,46.344124,48.0
1126,46.888264,49.0
1127,48.650295,50.0
1128,50.468292,50.0
1129,50.873756,51.0
1130,51.618366,51.0
1131,51.61416,51.0
1132,51.169518,51.0
1133,50.728256,32.0
1134,33.921597,32.0
1135,26.152931,33.0
1136,25.304544,33.0
1137,26.895214,33.0
1138,28.953953,34.0
1139,31.880997,35.0
1140,34.91369,36.0
1141,37.67112,37.0
1142,39.741848,38.0
1143,41.16739,39.0
1144,41.2632,39.0
1145,39.831364,41.0
1146,40.28209,42.0
1147,41.335545,41.0
1148,40.785507,40.0
1149,39.489075,40.0
1150,39.06375,40.0
1151,39.174515,39.0
1152,38.7163,40.0
1153,39.821747,40.0
1154,40.400284,40.0
1155,40.63637,40.0
1156,40.672344,40.0
1157,40.463478,33.0
1158,34.406754,33.0
1159,31.377497,33.0
1160,30.460192,34.0
1161,31.728985,35.0
1162,34.038063,36.0
1163,36.556168,37.0
1164,38.778767,37.0
1165,39.389164,38.0
1166,39.869854,38.0
1167,39.436752,38.0
1168,38.04946,38.0
1169,37.216442,39.0
1170,37.729885,40.0
1171,39.43743,40.0
1172,40.483707,40.0
1173,40.979115,41.0
1174,41.944984,42.99999999999999
1175,43.938072,44.0
1176,45.22961,46.0
1177,47.26812,46.0
1178,47.29353,47.0
1179,47.70661,48.0
1180,48.454437,49.0
1181,49.295723,57.0
1182,55.13921,58.0
1183,58.351616,57.0
1184,58.80994,57.0
1185,58.36504,57.0
1186,57.673367,57.0
1187,56.950188,56.0
1188,55.686993,56.0
1189,55.235947,56.0
1190,55.170994,55.0
1191,54.585392,53.99999999999999
1192,53.798775,55.0
1193,54.5551,56.0
1194,55.924625,56.0
1195,56.536148,56.0
1196,56.924786,56.0
1197,56.467453,56.0
1198,56.177135,56.0
1199,55.768444,55.0
1200,54.55035,55.0
1201,53.968353,55.0
1202,53.990936,53.99999999999999
1203,53.3477,53.99999999999999
1204,53.361515,53.99999999999999
1205,53.576565,57.0
1206,55.990795,58.0
1207,57.819687,58.0
1208,58.57561,58.0
1209,58.76132,59.0
1210,59.414547,59.0
1211,59.382072,60.0
1212,60.005432,60.0
1213,60.06009,60.0
1214,59.963497,60.0
1215,59.85871,62.0
1216,61.274845,64.0
1217,64.09604,64.0
1218,65.07343,65.0
1219,65.70721,64.0
1220,64.788,64.0
1221,63.83773,64.0
1222,63.453743,63.0
1223,62.33381,63.0
1224,62.27559,63.0
1225,62.430187,63.0
1226,62.844444,63.0
1227,62.876263,64.0
1228,63.9893,64.0
1229,64.40397,63.0
1230,63.749805,61.0
1231,61.56806,60.0
1232,59.590866,58.0
1233,57.335926,58.0
1234,56.800797,58.0
1235,57.060463,59.0
1236,58.667164,58.0
1237,58.711613,60.0
1238,60.521004,60.0
1239,60.928146,61.0
1240,61.696877,61.0
1241,61.739697,62.0
1242,62.3415,62.0
1243,62.41997,62.0
1244,62.10089,62.0
1245,61.824448,62.0
1246,61.616985,61.0
1247,60.49551,61.0
1248,60.210617,62.0
1249,61.218777,61.0
1250,60.84934,62.0
1251,61.734287,63.0
1252,62.896103,64.0
1253,64.22678,59.0
1254,60.137646,58.0
1255,57.824657,57.0
1256,56.034473,56.0
1257,54.76093,56.0
1258,54.690475,55.0
1259,54.268646,53.99999999999999
1260,53.565056,53.0
1261,52.82051,53.0
1262,52.769016,52.0
1263,52.04918,51.0
1264,50.999126,50.0
1265,49.526474,50.0
1266,49.22725,50.0
1267,49.263927,51.0
1268,50.651665,52.0
1269,52.38085,52.0
1270,52.829884,52.0
1271,52.5352,52.0
1272,51.940086,52.0
1273,51.50692,52.0
1274,51.37403,52.0
1275,51.577606,52.0
1276,51.73103,52.0
1277,51.81139,55.0
1278,54.113625,59.0
1279,57.451393,63.0
1280,60.901447,67.0
1281,64.30768,67.0
1282,65.87785,68.0
1283,67.533424,68.0
1284,68.50857,68.0
1285,68.75613,68.0
1286,68.4306,68.0
1287,67.82314,68.0
1288,67.439606,68.0
1289,67.70226,68.0
1290,67.97686,68.0
1291,68.08902,69.0
1292,69.091225,68.0
1293,68.300156,69.0
1294,68.908966,69.0
1295,68.94091,69.0
1296,68.84672,70.0
1297,69.8055,70.0
1298,70.101295,70.0
1299,70.041466,70.0
1300,69.94243,69.0
1301,68.94649,91.0
1302,80.101105,91.0
1303,82.85981,91.0
1304,85.50582,90.0
1305,86.98178,91.0
1306,89.22485,93.0
1307,91.719574,95.00000000000001
1308,94.1733,97.0
1309,97.484116,97.0
1310,97.7027,97.0
1311,96.62328,97.0
1312,96.11382,96.0
1313,94.34529,97.0
1314,95.27446,96.0
1315,94.766235,96.0
1316,95.44206,95.00000000000001
1317,94.38863,94.0
1318,92.52086,94.0
1319,92.209236,94.0
1320,92.63027,93.0
1321,92.2503,93.0
1322,92.328415,92.0
1323,91.44466,92.0
1324,91.51095,90.0
1325,89.18833,72.0
1326,69.87141,72.0
1327,64.46097,72.0
1328,65.043755,73.00000000000001
1329,67.984566,73.00000000000001
1330,69.83757,73.00000000000001
1331,71.11832,73.00000000000001
1332,72.243004,73.00000000000001
1333,72.952415,74.0
1334,74.50271,75.0
1335,75.95629,76.0
1336,77.18477,76.0
1337,76.74935,78.0
1338,78.15466,80.0
1339,80.027756,80.0
1340,80.264305,80.0
1341,80.01038,93.0
1342,89.511765,90.0
1343,89.9351,106.0
1344,101.409775,104.0
1345,102.53273,90.0
1346,89.419106,84.0
1347,79.67184,84.0
1348,77.769325,84.0
1349,79.782196,68.0
1350,65.813705,68.0
1351,63.11389,68.0
1352,64.6386,68.0
1353,66.7552,67.0
1354,67.77253,65.0
1355,66.91116,65.0
1356,66.30078,64.0
1357,64.61043,63.0
1358,62.424786,62.0
1359,61.024242,61.0
1360,60.25109,60.0
1361,59.459843,59.0
1362,58.622517,58.0
1363,57.77964,57.0
1364,56.323456,55.0
1365,54.069473,53.99999999999999
1366,52.603928,53.0
1367,51.554916,52.0
1368,50.919525,52.0
1369,51.217922,53.0
1370,52.730415,52.0
1371,52.398857,51.0
1372,51.297348,51.0
1373,50.81212,53.0
1374,52.524063,53.0
1375,53.14573,53.99999999999999
1376,54.10318,53.99999999999999
1377,54.335167,53.99999999999999
1378,54.285294,53.99999999999999
1379,54.14807,53.99999999999999
1380,53.951614,53.99999999999999
1381,53.844616,53.99999999999999
1382,53.80302,53.99999999999999
1383,53.787567,53.99999999999999
1384,53.905205,53.99999999999999
1385,54.035095,53.99999999999999
1386,54.13075,55.0
1387,55.060204,55.0
1388,55.295578,53.99999999999999
1389,54.15394,53.99999999999999
1390,53.495846,55.0
1391,54.229145,53.99999999999999
1392,53.752945,53.99999999999999
1393,53.589783,53.99999999999999
1394,53.648903,55.0
1395,54.639996,55.0
1396,55.0427,55.0
1397,55.12,60.0
1398,58.918083,61.0
1399,61.164433,61.0
1400,62.036274,62.0
1401,62.74028,61.0
1402,61.885956,63.0
1403,62.90419,64.0
1404,63.94677,65.0
1405,65.20628,66.0
1406,66.343925,67.0
1407,67.4965,67.0
1408,67.78119,68.0
1409,68.50291,67.0
1410,67.362526,68.0
1411,67.908844,68.0
1412,67.89064,69.0
1413,68.89738,69.0
1414,69.19011,69.0
1415,69.102905,69.0
1416,68.74499,69.0
1417,68.89421,69.0
1418,68.74233,69.0
1419,68.763145,68.0
1420,67.865,67.0
1421,66.683556,66.0
1422,65.47417,66.0
1423,65.187416,66.0
1424,65.351234,66.0
1425,65.67041,67.0
1426,66.984764,66.0
1427,66.495895,64.0
1428,64.45073,63.0
1429,62.69502,62.0
1430,61.181652,61.0
1431,59.690865,61.0
1432,59.672607,61.0
1433,60.321346,62.0
1434,62.125267,61.0
1435,61.698296,61.0
1436,61.25164,61.0
1437,60.85478,61.0
1438,60.683136,60.0
1439,59.807743,60.0
1440,59.576397,59.0
1441,58.74274,59.0
1442,58.547207,59.0
1443,58.621216,59.0
1444,58.731403,60.0
1445,59.707214,60.0
1446,60.18189,59.0
1447,59.442696,58.0
1448,58.28501,57.0
1449,56.92871,57.0
1450,56.41563,57.0
1451,56.399307,57.0
1452,56.50405,57.0
1453,56.796787,58.0
1454,57.724743,59.0
1455,59.090923,59.0
1456,59.34987,60.0
1457,60.333363,60.0
1458,60.56447,61.0
1459,61.20205,61.0
1460,61.15192,60.0
1461,59.96483,60.0
1462,59.563892,61.0
1463,60.34093,61.0
1464,60.800446,63.0
1465,62.917557,64.0
1466,64.533005,65.0
1467,65.81352,66.0
1468,66.836,67.0
1469,67.76542,68.0
1470,68.522285,69.0
1471,69.337875,70.0
1472,70.23139,71.0
1473,71.34671,72.0
1474,72.49212,72.0
1475,72.94693,71.0
1476,71.6952,71.0
1477,70.98441,71.0
1478,70.65579,70.0
1479,69.50569,69.0
1480,68.34548,68.0
1481,67.31733,69.0
1482,67.90267,68.0
1483,67.89022,69.0
1484,68.98891,69.0
1485,69.467026,69.0
1486,69.36129,69.0
1487,69.07608,68.0
1488,67.7062,67.0
1489,66.36532,65.0
1490,63.99003,64.0
1491,62.553955,63.0
1492,61.59625,63.0
1493,61.77937,62.0
1494,61.390667,62.0
1495,61.614555,62.0
1496,61.916107,62.0
1497,62.14925,61.0
1498,61.323246,62.0
1499,61.83293,63.0
1500,62.8261,63.0
1501,63.11778,63.0
1502,63.014423,64.0
1503,63.743652,65.0
1504,64.67284,66.0
1505,66.2815,66.0
1506,66.66708,67.0
1507,67.53065,67.0
1508,67.44052,67.0
1509,66.94288,67.0
1510,66.42547,67.0
1511,66.469795,67.0
1512,66.54482,69.0
1513,68.74636,69.0
1514,69.47603,70.0
1515,70.23355,71.0
1516,71.442474,71.0
1517,71.63078,72.0
1518,72.38704,71.0
1519,71.51991,71.0
1520,71.03864,71.0
1521,70.98439,70.0
1522,70.12224,69.0
1523,68.734,68.0
1524,67.48555,67.0
1525,66.31737,66.0
1526,65.14507,66.0
1527,65.139595,65.0
1528,64.59418,65.0
1529,64.684235,64.0
1530,63.71093,64.0
1531,63.348244,63.0
1532,62.391502,63.0
1533,62.395058,64.0
1534,63.613293,63.0
1535,63.05712,63.0
1536,62.723553,62.0
1537,61.494476,62.0
1538,61.251255,62.0
1539,61.266785,61.0
1540,60.60073,60.0
1541,59.562687,58.0
1542,57.491207,58.0
1543,57.029472,57.0
1544,56.288246,56.0
1545,55.449097,58.0
1546,57.254623,58.0
1547,58.10417,57.0
1548,57.6274,58.0
1549,58.1584,59.0
1550,59.020214,59.0
1551,59.16047,59.0
1552,59.2488,60.0
1553,59.973022,60.0
1554,60.17533,59.0
1555,58.94955,58.0
1556,57.23286,58.0
1557,56.734417,58.0
1558,56.951668,58.0
1559,57.276966,58.0
1560,57.764828,58.0
1561,58.009686,59.0
1562,59.01579,58.0
1563,58.46838,57.0
1564,57.212986,57.0
1565,56.739525,57.0
1566,56.598747,57.0
1567,56.655857,57.0
1568,56.80157,56.0
1569,56.12317,56.0
1570,55.8846,56.0
1571,55.822998,57.0
1572,56.788242,56.0
1573,56.35285,55.0
1574,55.21698,53.99999999999999
1575,53.781708,53.0
1576,52.01865,52.0
1577,50.506294,52.0
1578,50.398304,51.0
1579,50.048943,52.0
1580,51.369144,52.0
1581,52.184685,52.0
1582,52.336826,52.0
1583,52.32968,52.0
1584,52.044506,53.0
1585,52.809322,53.0
1586,53.010868,53.0
1587,53.102074,53.99999999999999
1588,53.818485,55.0
1589,54.906643,56.0
1590,56.065514,57.0
1591,57.336372,58.0
1592,58.514977,59.0
1593,59.54475,59.0
1594,59.706535,59.0
1595,59.54429,59.0
1596,59.33242,59.0
1597,58.988285,58.0
1598,57.868484,58.0
1599,57.483162,58.0
1600,57.398464,58.0
1601,57.607758,57.0
1602,57.04103,58.0
1603,57.9237,57.0
1604,57.45516,57.0
1605,57.13257,56.0
1606,55.92979,56.0
1607,55.540432,55.0
1608,54.492348,53.99999999999999
1609,53.269382,53.99999999999999
1610,52.972115,55.0
1611,54.153522,55.0
1612,54.87762,55.0
1613,55.1156,53.99999999999999
1614,54.2796,53.99999999999999
1615,54.012314,53.0
1616,52.96813,53.0
1617,52.631214,52.0
1618,51.48774,52.0
1619,51.24231,53.0
1620,52.049892,53.0
1621,52.564167,53.99999999999999
1622,53.740353,53.99999999999999
1623,54.31301,55.0
1624,55.403893,55.0
1625,55.691532,56.0
1626,56.466835,57.0
1627,57.243538,58.0
1628,58.26578,58.0
1629,58.442223,59.0
1630,59.26545,60.0
1631,60.161667,61.0
1632,61.18615,61.0
1633,61.38665,61.0
1634,61.17043,60.0
1635,59.960835,60.0
1636,59.471542,60.0
1637,59.4736,59.0
1638,58.6994,59.0
1639,58.460182,59.0
1640,58.711678,60.0
1641,59.86271,60.0
1642,60.251347,61.0
1643,61.195873,61.0
1644,61.354218,61.0
1645,61.270267,62.0
1646,62.058422,63.0
1647,63.13083,64.0
1648,64.298965,64.0
1649,64.54235,64.0
1650,64.43071,63.0
1651,62.9002,62.0
1652,61.29286,62.0
1653,60.838856,62.0
1654,61.023746,60.0
1655,59.283047,60.0
1656,59.037937,60.0
1657,59.059315,60.0
1658,59.480747,60.0
1659,59.892387,60.0
1660,60.094925,60.0
1661,60.25659,60.0
1662,60.18976,60.0
1663,60.134735,60.0
1664,60.042767,59.0
1665,59.11227,59.0
1666,58.789642,59.0
1667,58.686226,59.0
1668,58.70131,59.0
1669,58.826,59.0
1670,58.93789,59.0
1671,58.92629,59.0
1672,58.910378,59.0
1673,59.041943,58.0
1674,58.034294,59.0
1675,58.597614,59.0
1676,58.79256,59.0
1677,58.852127,59.0
1678,58.930923,60.0
1679,59.841484,61.0
1680,61.14901,61.0
1681,61.434956,62.0
1682,62.255417,62.0
1683,62.34558,62.0
1684,62.12596,62.0
1685,61.930717,62.0
1686,61.689613,63.0
1687,62.470364,63.0
1688,62.823895,64.0
1689,63.815872,65.0
1690,65.00307,65.0
1691,65.377846,65.0
1692,65.36963,66.0
1693,66.10482,66.0
1694,66.17923,67.0
1695,66.98572,66.0
1696,66.39501,65.0
1697,65.109604,66.0
1698,65.655235,66.0
1699,65.7994,65.0
1700,64.76235,65.0
1701,64.47151,65.0
1702,64.56177,65.0
1703,64.739075,66.0
1704,65.861015,66.0
1705,66.279724,65.0
1706,65.24451,66.0
1707,65.74234,66.0
1708,65.933365,67.0
1709,66.75276,67.0
1710,66.941315,66.0
1711,66.06094,66.0
1712,65.7382,66.0
1713,65.55723,65.0
1714,64.989006,65.0
1715,64.62037,65.0
1716,64.579605,64.0
1717,63.739906,64.0
1718,63.485664,63.0
1719,62.516884,63.0
1720,62.343403,63.0
1721,62.613106,63.0
1722,62.895752,62.0
1723,62.00855,63.0
1724,62.599644,63.0
1725,62.803448,63.0
1726,62.891205,63.0
1727,62.898323,62.0
1728,61.8061,62.0
1729,61.566475,63.0
1730,62.33728,63.0
1731,62.785633,62.0
1732,62.021175,62.0
1733,61.80284,62.0
1734,61.573887,63.0
1735,62.308098,63.0
1736,62.63363,63.0
1737,62.94433,63.0
1738,63.146324,63.0
1739,63.142117,63.0
1740,63.027794,63.0
1741,62.92062,63.0
1742,62.879124,62.0
1743,62.00089,62.0
1744,61.61796,64.0
1745,63.398533,65.0
1746,65.134415,66.0
1747,67.050964,66.0
1748,67.187775,65.0
1749,65.63759,66.0
1750,65.33564,66.0
1751,65.49402,66.0
1752,65.74883,65.0
1753,64.61851,65.0
1754,64.26354,65.0
1755,64.50666,65.0
1756,64.6171,65.0
1757,64.64758,66.0
1758,65.82124,66.0
1759,66.25525,67.0
1760,67.121544,68.0
1761,68.18355,68.0
1762,68.33221,69.0
1763,69.16725,69.0
1764,69.21642,70.0
1765,70.08103,70.0
1766,70.25439,71.0
1767,71.05625,71.0
1768,71.25583,70.0
1769,70.34056,69.0
1770,68.77915,69.0
1771,68.133606,69.0
1772,68.09706,70.0
1773,69.58134,69.0
1774,68.91514,68.0
1775,67.74791,68.0
1776,67.508,69.0
1777,68.67219,68.0
1778,68.25256,68.0
1779,67.9048,68.0
1780,67.75507,69.0
1781,68.50815,68.0
1782,68.293785,68.0
1783,67.977165,68.0
1784,67.83929,68.0
1785,67.77859,68.0
1786,67.798546,68.0
1787,67.80649,68.0
1788,67.832565,68.0
1789,67.839584,68.0
1790,67.8932,67.0
1791,66.962074,66.0
1792,65.72946,66.0
1793,65.369415,66.0
1794,65.52562,66.0
1795,65.73881,67.0
1796,66.84731,67.0
1797,67.255775,67.0
1798,67.33992,67.0
1799,67.171135,66.0
1800,65.86973,66.0
1801,65.37532,67.0
1802,66.296196,67.0
1803,66.84717,66.0
1804,66.00923,65.0
1805,64.76518,65.0
1806,64.350266,65.0
1807,64.509926,64.0
1808,63.70411,63.0
1809,62.70271,63.0
1810,62.38036,62.0
1811,61.64009,63.0
1812,62.30913,62.0
1813,61.885315,63.0
1814,62.583466,64.0
1815,63.962757,66.0
1816,66.20008,67.0
1817,67.915726,69.0
1818,70.07369,69.0
1819,70.25384,70.0
1820,70.65148,71.0
1821,71.301445,71.0
1822,70.974236,72.0
1823,71.66913,72.0
1824,71.81091,71.0
1825,70.81493,71.0
1826,70.54038,72.0
1827,71.5401,72.0
1828,71.876,73.00000000000001
1829,72.715256,74.0
1830,73.727936,74.0
1831,74.3404,74.0
1832,74.56946,73.00000000000001
1833,73.639145,73.00000000000001
1834,73.12214,72.0
1835,72.17949,71.0
1836,70.68129,71.0
1837,70.508446,69.0
1838,68.66909,68.0
1839,67.26678,66.0
1840,64.94439,64.0
1841,62.25838,64.0
1842,62.11165,63.0
1843,61.92404,62.0
1844,61.294388,61.0
1845,60.28017,61.0
1846,60.26436,62.0
1847,61.623753,62.0
1848,62.078796,62.0
1849,62.238056,62.0
1850,62.01136,62.0
1851,61.69024,63.0
1852,62.42732,63.0
1853,62.70167,52.0
1854,53.349632,51.0
1855,48.822945,51.0
1856,47.618664,52.0
1857,49.05503,52.0
1858,50.55611,52.0
1859,51.983448,52.0
1860,52.78279,53.0
1861,53.90727,53.0
1862,54.138325,53.99999999999999
1863,54.911606,53.99999999999999
1864,54.81846,55.0
1865,55.305927,55.0
1866,55.20821,55.0
1867,54.784637,56.0
1868,55.63818,56.0
1869,55.721573,55.0
1870,54.66155,55.0
1871,54.33276,55.0
1872,54.396854,56.0
1873,55.4781,56.0
1874,56.028503,55.0
1875,55.391163,55.0
1876,55.081013,55.0
1877,55.000355,40.0
1878,41.834232,41.0
1879,36.861122,42.0
1880,36.93795,42.0
1881,38.501476,42.0
1882,40.78902,41.0
1883,42.34031,39.0
1884,41.10781,38.0
1885,39.74671,37.0
1886,37.61283,36.0
1887,35.222775,34.0
1888,32.279724,33.0
1889,30.757973,32.0
1890,30.321968,31.0
1891,30.129854,30.0
1892,30.033249,30.0
1893,30.458998,29.0
1894,29.977451,30.0
1895,30.332512,30.0
1896,30.70466,28.0
1897,29.025623,26.999999999999996
1898,27.193933,26.0
1899,25.389566,26.999999999999996
1900,25.783634,29.0
1901,28.163212,50.0
1902,41.90983,50.0
1903,47.882732,50.0
1904,51.674313,51.0
1905,53.65035,51.0
1906,53.415146,50.0
1907,51.521645,50.0
1908,49.986942,50.0
1909,48.874546,50.0
1910,48.41916,50.0
1911,48.72203,50.0
1912,49.426285,51.0
1913,51.157833,51.0
1914,51.981358,51.0
1915,51.932137,52.0
1916,52.59512,52.0
1917,52.35067,53.0
1918,52.65096,53.0
1919,52.645344,53.0
1920,52.575905,53.0
1921,52.437668,53.0
1922,52.452618,53.0
1923,52.52104,53.99999999999999
1924,53.43025,53.99999999999999
1925,53.83635,53.99999999999999
1926,54.23781,53.99999999999999
1927,54.345364,53.99999999999999
1928,54.32785,53.99999999999999
1929,54.18934,53.99999999999999
1930,54.018295,53.99999999999999
1931,53.918404,55.0
1932,54.78144,56.0
1933,55.974606,57.0
1934,57.359127,58.0
1935,58.716263,59.0
1936,59.91727,60.0
1937,61.032692,60.0
1938,60.63414,61.0
1939,60.930393,62.0
1940,61.99433,62.0
1941,62.065052,63.0
1942,62.887413,63.0
1943,63.026104,63.0
1944,62.810303,63.0
1945,62.736595,64.0
1946,63.74908,65.0
1947,65.008316,65.0
1948,65.443054,65.0
1949,65.457985,64.0
1950,64.128784,64.0
1951,63.83176,63.0
1952,62.885548,64.0
1953,63.625153,64.0
1954,63.971676,63.0
1955,63.269497,63.0
1956,63.11842,62.0
1957,62.18014,62.0
1958,61.94484,62.0
1959,61.79805,60.0
1960,59.68664,59.0
1961,57.942265,58.0
1962,56.655956,58.0
1963,56.787827,59.0
1964,58.497612,59.0
1965,59.27927,58.0
1966,58.261852,58.0
1967,57.80113,58.0
1968,57.503323,58.0
1969,57.51757,58.0
1970,57.680798,58.0
1971,57.62695,58.0
1972,57.88823,57.0
1973,56.984203,63.0
1974,60.95094,64.0
1975,62.89855,65.0
1976,64.48509,66.0
1977,65.982185,66.0
1978,66.753,66.0
1979,66.79934,65.0
1980,65.688126,66.0
1981,65.694695,65.0
1982,64.597694,66.0
1983,65.14969,65.0
1984,64.69812,64.0
1985,63.744186,62.0
1986,61.46331,62.0
1987,60.76981,63.0
1988,61.939598,64.0
1989,63.62142,63.0
1990,63.384098,63.0
1991,63.275078,62.0
1992,62.173416,62.0
1993,61.54133,62.0
1994,61.305954,61.0
1995,60.377197,61.0
1996,60.27667,61.0
1997,60.364704,52.0
1998,52.667816,53.0
1999,50.76913,53.0
2000,50.71054,53.99999999999999
2001,52.20883,55.0
2002,53.947372,56.0
2003,55.734848,56.0
2004,56.729298,57.0
2005,57.728745,58.0
2006,58.60164,59.0
2007,59.37452,59.0
2008,59.479877,60.0
2009,60.15602,60.0
2010,60.212814,60.0
2011,60.04729,60.0
2012,59.859863,61.0
2013,60.69168,62.0
2014,61.83091,61.0
2015,61.196854,61.0
2016,60.97086,60.0
2017,59.825455,60.0
2018,59.43417,60.0
2019,59.45699,60.0
2020,59.67541,60.0
2021,59.8265,69.0
2022,65.85014,69.0
2023,67.986176,69.0
2024,69.44757,69.0
2025,70.04219,69.0
2026,69.974686,68.0
2027,68.68281,67.0
2028,66.87054,67.0
2029,65.97989,66.0
2030,64.74516,65.0
2031,63.93213,64.0
2032,63.23365,64.0
2033,63.433308,64.0
2034,63.786983,65.0
2035,65.07034,65.0
2036,65.500626,65.0
2037,65.409996,65.0
2038,65.19974,65.0
2039,64.743034,65.0
2040,64.57489,65.0
2041,64.39234,66.0
2042,65.39569,66.0
2043,65.57597,66.0
2044,65.634384,66.0
2045,65.74809,89.0
2046,78.98579,85.99999999999999
2047,81.58621,84.0
2048,83.18104,82.0
2049,82.98415,80.0
2050,81.03763,78.0
2051,77.913315,76.0
2052,74.60921,75.0
2053,72.76767,75.0
2054,72.85873,74.0
2055,72.897285,74.0
2056,74.083755,73.00000000000001
2057,73.41461,72.0
2058,71.84461,72.0
2059,71.201416,71.0
2060,69.993774,71.0
2061,69.88345,70.0
2062,69.232185,68.0
2063,67.16042,67.0
2064,65.73551,67.0
2065,65.632935,67.0
2066,66.081474,66.0
2067,65.59105,65.0
2068,64.7809,65.0
2069,64.4155,83.0
2070,74.277374,84.0
2071,77.22381,84.0
2072,79.85947,84.0
2073,81.60382,85.0
2074,83.59483,85.0
2075,84.640945,85.0
2076,85.25696,85.99999999999999
2077,86.25817,87.0
2078,87.26806,87.0
2079,87.49803,88.0
2080,87.61773,88.0
2081,87.13308,87.0
2082,85.473236,87.0
2083,85.22568,85.99999999999999
2084,84.47609,85.0
2085,83.77185,85.0
2086,83.90531,85.0
2087,84.453995,84.0
2088,83.797295,82.0
2089,81.55012,81.0
2090,79.99686,80.0
2091,78.54874,79.0
2092,77.778625,79.0
2093,78.00454,51.0
2094,51.13926,49.0
2095,39.91177,46.0
2096,35.63706,44.0
2097,35.805798,48.0
2098,40.196102,51.0
2099,45.275257,51.0
2100,48.5752,52.0
2101,52.00671,53.0
2102,55.320644,53.99999999999999
2103,57.14089,55.0
2104,57.216618,56.0
2105,57.33118,56.0
2106,56.204727,56.0
2107,55.212715,57.0
2108,55.850563,57.0
2109,56.207996,57.0
2110,56.20027,57.0
2111,56.446167,56.0
2112,55.758064,56.0
2113,55.708668,56.0
2114,55.728565,56.0
2115,55.69397,56.0
2116,55.975143,56.0
2117,56.109016,56.0
2118,56.344707,56.0
2119,56.1903,55.0
2120,55.394005,55.0
2121,54.87609,53.99999999999999
2122,53.89433,53.99999999999999
2123,53.46953,53.0
2124,52.606934,53.0
2125,52.524647,53.0
2126,52.879696,53.99999999999999
2127,54.207737,53.0
2128,53.619286,53.99999999999999
2129,54.28161,53.0
2130,53.19516,53.0
2131,52.545303,53.99999999999999
2132,53.384415,55.0
2133,54.80144,55.0
2134,55.4159,53.99999999999999
2135,54.587494,53.99999999999999
2136,53.695976,53.99999999999999
2137,53.39601,53.0
2138,52.49386,53.0
2139,52.26849,52.0
2140,51.604156,51.0
2141,50.61954,56.0
2142,54.30022,55.0
2143,55.047016,53.99999999999999
2144,54.660435,53.99999999999999
2145,54.419716,53.99999999999999
2146,54.17484,55.0
2147,54.871895,56.0
2148,55.91637,57.0
2149,57.053204,58.0
2150,58.228806,59.0
2151,59.37934,59.0
2152,59.589184,60.0
2153,60.332386,61.0
2154,61.334877,59.0
2155,59.458218,60.0
2156,59.58725,61.0
2157,60.681393,61.0
2158,61.04132,61.0
2159,61.08247,62.0
2160,61.974594,63.0
2161,63.09538,63.0
2162,63.451694,65.0
2163,65.16769,65.0
2164,65.584854,66.0
2165,66.30812,67.0
2166,67.28995,67.0
2167,67.41824,68.0
2168,68.22207,68.0
2169,68.36341,67.0
2170,67.41237,67.0
2171,66.97559,66.0
2172,65.70361,65.0
2173,64.43726,64.0
2174,63.226185,64.0
2175,63.045105,64.0
2176,63.411324,63.0
2177,62.86858,62.0
2178,61.85909,63.0
2179,62.59884,62.0
2180,61.925953,62.0
2181,61.68786,61.0
2182,60.63191,62.0
2183,61.213455,62.0
2184,61.51064,61.0
2185,60.87336,61.0
2186,60.475567,59.0
2187,58.15087,59.0
2188,57.78957,59.0
2189,57.97835,59.0
2190,58.22088,58.0
2191,57.78271,58.0
2192,57.70013,58.0
2193,57.775974,59.0
2194,58.797653,61.0
2195,60.70125,62.0
2196,62.189445,63.0
2197,63.394062,64.0
2198,64.502174,66.0
2199,66.31277,66.0
2200,66.99417,67.0
2201,67.622345,66.0
2202,66.43608,67.0
2203,66.676735,68.0
2204,68.06437,68.0
2205,68.3306,68.0
2206,68.148415,67.0
2207,66.71952,67.0
2208,66.48235,67.0
2209,66.43614,68.0
2210,67.75688,69.0
2211,68.94559,69.0
2212,69.44951,69.0
2213,69.42541,69.0
2214,69.29064,69.0
2215,69.16011,69.0
2216,68.9691,69.0
2217,68.769356,70.0
2218,69.68248,70.0
2219,70.073235,69.0
2220,69.25895,69.0
2221,68.80457,69.0
2222,68.61081,69.0
2223,68.60303,69.0
2224,68.676765,68.0
2225,67.76823,68.0
2226,67.56592,67.0
2227,66.602104,67.0
2228,66.466354,69.0
2229,68.6304,70.0
2230,70.41021,71.0
2231,71.60021,71.0
2232,71.83376,71.0
2233,71.53584,71.0
2234,70.6319,70.0
2235,69.271355,71.0
2236,70.149956,71.0
2237,70.62127,71.0
2238,70.83746,72.0
2239,71.95904,73.00000000000001
2240,73.20479,73.00000000000001
2241,73.47727,73.00000000000001
2242,73.4512,74.0
2243,74.11827,73.00000000000001
2244,73.42563,74.0
2245,73.86144,73.00000000000001
2246,73.02097,73.00000000000001
2247,72.618904,73.00000000000001
2248,72.60178,74.0
2249,73.76654,75.0
2250,75.292046,76.0
2251,76.695694,76.0
2252,76.89505,74.0
2253,74.464745,72.0
2254,71.3233,72.0
2255,70.49842,72.0
2256,70.79744,72.0
2257,71.31063,72.0
2258,71.80723,72.0
2259,72.01456,72.0
2260,72.08338,72.0
2261,71.953865,73.00000000000001
2262,72.69655,73.00000000000001
2263,72.961464,73.00000000000001
2264,72.91909,74.0
2265,73.799576,74.0
2266,73.958694,74.0
2267,73.99314,75.0
2268,74.92627,75.0
2269,75.105965,75.0
2270,75.13055,74.0
2271,74.01427,73.00000000000001
2272,72.75419,73.00000000000001
2273,72.32431,73.00000000000001
2274,72.4634,73.00000000000001
2275,72.53157,73.00000000000001
2276,72.820625,74.0
2277,73.72075,75.0
2278,75.15839,76.0
2279,76.61509,76.0
2280,76.78312,77.0
2281,77.42753,77.0
2282,77.20639,77.0
2283,76.84437,77.0
2284,76.689606,77.0
2285,76.68798,76.0
2286,75.87933,76.0
2287,75.671,75.0
2288,74.67452,74.0
2289,73.53093,74.0
2290,73.25106,74.0
2291,73.51276,73.00000000000001
2292,72.82716,74.0
2293,73.595985,75.0
2294,74.822044,75.0
2295,75.305626,77.0
2296,77.37655,78.0
2297,78.90642,79.0
2298,79.93582,79.0
2299,79.8393,78.0
2300,77.92055,77.0
2301,75.80131,76.0
2302,74.31879,87.0
2303,83.40242,87.0
2304,85.73124,84.0
2305,84.352,84.0
2306,83.98634,77.0
2307,76.463486,77.0
2308,74.04541,76.0
2309,73.12323,76.0
2310,73.92255,75.0
2311,74.163506,74.0
2312,73.96687,75.0
2313,75.09205,74.0
2314,74.484085,74.0
2315,74.363106,74.0
2316,74.20213,73.00000000000001
2317,73.119675,72.0
2318,71.69085,73.00000000000001
2319,72.35375,74.0
2320,74.08409,74.0
2321,74.67249,74.0
2322,74.5776,74.0
2323,74.05053,75.0
2324,74.47739,77.0
2325,76.77676,77.0
2326,77.567215,79.0
2327,79.32663,80.0
2328,80.12199,81.0
2329,80.6406,81.0
2330,80.865105,81.0
2331,80.64307,80.0
2332,79.79287,80.0
2333,79.478775,80.0
2334,79.52495,81.0
2335,80.69251,82.0
2336,82.01533,82.0
2337,82.53457,82.0
2338,82.68057,82.0
2339,82.5802,82.0
2340,82.321304,83.0
2341,83.28468,83.0
2342,83.540565,83.0
2343,83.61676,82.0
2344,82.01428,80.0
2345,78.547646,79.0
2346,76.41772,79.0
2347,76.69486,80.0
2348,79.28436,79.0
2349,79.81328,79.0
2350,79.48846,78.0
2351,78.099014,78.0
2352,77.37827,76.0
2353,75.2,76.0
2354,74.87796,76.0
2355,74.96899,76.0
2356,75.304054,76.0
2357,75.651344,76.0
2358,75.86435,76.0
2359,75.980515,76.0
2360,75.96941,76.0
2361,76.11764,75.0
2362,75.27606,75.0
2363,74.84062,75.0
2364,74.84745,74.0
2365,73.819336,74.0
2366,73.514305,74.0
2367,73.51666,76.0
2368,75.72013,76.0
2369,76.70286,77.0
2370,77.43842,77.0
2371,77.25102,76.0
2372,75.4937,76.0
2373,74.97723,75.0
2374,73.46139,76.0
2375,75.20875,75.0
2376,74.59642,75.0
2377,73.49121,74.0
2378,73.40469,74.0
2379,73.40124,74.0
2380,73.36543,74.0
2381,73.58326,73.00000000000001
2382,72.97377,72.0
2383,72.06673,72.0
2384,71.72039,72.0
2385,71.76623,72.0
2386,71.931725,72.0
2387,71.98474,72.0
2388,72.071335,72.0
2389,72.011154,71.0
2390,71.038246,70.0
2391,69.56242,70.0
2392,69.32721,71.0
2393,70.30169,69.0
2394,68.93315,70.0
2395,69.23239,72.0
2396,71.882645,73.00000000000001
2397,73.68862,73.00000000000001
2398,73.72795,73.00000000000001
2399,73.33926,73.00000000000001
2400,72.73186,73.00000000000001
2401,72.27358,73.00000000000001
2402,71.92637,74.0
2403,72.55874,75.0
2404,73.558655,76.0
2405,74.61541,76.0
2406,74.9198,78.0
2407,76.66369,78.0
2408,77.68161,78.0
2409,78.33959,78.0
2410,78.674995,78.0
2411,78.635506,78.0
2412,78.239174,78.0
2413,77.895386,79.0
2414,78.81774,80.0
2415,80.12745,79.0
2416,79.65003,78.0
2417,77.53064,80.0
2418,79.0916,79.0
2419,78.69087,77.0
2420,76.21324,77.0
2421,75.70634,75.0
2422,73.93318,74.0
2423,72.71296,74.0
2424,72.88524,73.00000000000001
2425,72.46921,73.00000000000001
2426,72.69496,72.0
2427,72.022705,72.0
2428,71.96385,72.0
2429,72.00496,71.0
2430,71.055466,71.0
2431,70.75839,71.0
2432,70.73366,71.0
2433,70.812386,70.0
2434,69.95682,70.0
2435,69.76968,69.0
2436,68.86502,69.0
2437,68.65735,68.0
2438,67.74795,68.0
2439,67.423904,68.0
2440,67.63106,67.0
2441,66.806564,66.0
2442,65.637474,66.0
2443,65.186165,66.0
2444,65.380104,65.0
2445,64.55386,65.0
2446,64.329765,65.0
2447,64.28901,65.0
2448,64.66836,64.0
2449,63.91606,64.0
2450,63.701904,63.0
2451,62.760895,63.0
2452,62.629562,63.0
2453,62.550144,62.0
2454,61.83337,62.0
2455,61.67174,62.0
2456,61.711,63.0
2457,62.726925,63.0
2458,63.12188,63.0
2459,63.26331,63.0
2460,63.15354,63.0
2461,63.241505,62.0
2462,62.14769,60.0
2463,59.732506,60.0
2464,58.82174,59.0
2465,57.77479,59.0
2466,57.92946,58.0
2467,57.354645,58.0
2468,57.475445,58.0
2469,57.818325,58.0
2470,58.063965,58.0
2471,58.1498,58.0
2472,58.09228,58.0
2473,57.934315,58.0
2474,57.8263,58.0
2475,57.837402,57.0
2476,56.945858,57.0
2477,56.653713,57.0
2478,56.49056,57.0
2479,56.54136,56.0
2480,55.816925,56.0
2481,55.69255,56.0
2482,55.705868,56.0
2483,55.738438,56.0
2484,55.77881,57.0
2485,56.73791,57.0
2486,57.088345,58.0
2487,58.058376,58.0
2488,58.316425,58.0
2489,58.312366,58.0
2490,58.21251,59.0
2491,59.078976,59.0
2492,59.219036,59.0
2493,59.159863,60.0
2494,59.71805,60.0
2495,60.021397,60.0
2496,60.275482,59.0
2497,59.124115,59.0
2498,58.701347,59.0
2499,58.57365,60.0
2500,59.4287,60.0
2501,59.85387,61.0
2502,61.045475,61.0
2503,61.445873,61.0
2504,61.440212,61.0
2505,61.282013,60.0
2506,60.262497,60.0
2507,59.818813,60.0
2508,59.66637,60.0
2509,59.65981,60.0
2510,59.728172,61.0
2511,60.71549,61.0
2512,61.13559,62.0
2513,62.21194,62.0
2514,62.449646,61.0
2515,61.411274,61.0
2516,60.832222,60.0
2517,59.554535,60.0
2518,59.066494,59.0
2519,58.281727,59.0
2520,58.35513,59.0
2521,58.653893,59.0
2522,58.940643,60.0
2523,60.011856,60.0
2524,60.36261,59.0
2525,59.443542,59.0
2526,59.003716,59.0
2527,58.757565,59.0
2528,58.75849,59.0
2529,58.82312,59.0
2530,58.882465,59.0
2531,58.93677,59.0
2532,58.972023,59.0
2533,58.97453,59.0
2534,58.994236,58.0
2535,58.046425,58.0
2536,57.75057,57.0
2537,56.832054,57.0
2538,56.619995,57.0
2539,56.506004,58.0
2540,57.70628,58.0
2541,58.086624,58.0
2542,58.255817,58.0
2543,58.15049,58.0
2544,58.165253,59.0
2545,58.995163,59.0
2546,59.178005,59.0
2547,59.157417,58.0
2548,58.11602,58.0
2549,57.647095,58.0
2550,57.52135,58.0
2551,57.569454,58.0
2552,57.69246,58.0
2553,57.836617,59.0
2554,58.824215,58.0
2555,58.414165,58.0
2556,58.239304,57.0
2557,57.14609,56.0
2558,55.602905,56.0
2559,55.155197,55.0
2560,54.143616,55.0
2561,54.044014,53.99999999999999
2562,53.468307,53.99999999999999
2563,53.706017,53.99999999999999
2564,53.94722,53.99999999999999
2565,54.254562,53.99999999999999
2566,54.246555,53.99999999999999
2567,54.189655,53.99999999999999
2568,54.03949,53.99999999999999
2569,53.749023,53.99999999999999
2570,53.65992,53.99999999999999
2571,53.67292,53.99999999999999
2572,53.690742,53.99999999999999
2573,53.508984,53.99999999999999
2574,53.938877,53.99999999999999
2575,54.07137,53.99999999999999
2576,54.059544,53.0
2577,53.06647,53.0
2578,52.596004,53.0
2579,52.48412,52.0
2580,51.675026,52.0
2581,51.547348,51.0
2582,50.74247,50.0
2583,49.655636,48.0
2584,47.612946,46.0
2585,44.985527,45.0
2586,43.243107,45.0
2587,43.27455,45.0
2588,44.16324,44.0
2589,44.0813,42.0
2590,42.08043,41.0
2591,40.00563,39.0
2592,37.58829,38.0
2593,36.05222,38.0
2594,36.38798,38.0
2595,37.466637,38.0
2596,38.320076,39.0
2597,39.67992,30.0
2598,32.7007,30.0
2599,29.142431,30.0
2600,27.759851,30.0
2601,28.052664,31.0
2602,29.676138,32.0
2603,31.813396,34.0
2604,34.690933,35.0
2605,36.790123,36.0
2606,38.12611,39.0
2607,40.710545,41.0
2608,42.78335,42.0
2609,43.87209,42.0
2610,43.372185,42.0
2611,42.34451,42.0
2612,41.307568,42.99999999999999
2613,41.866753,42.99999999999999
2614,42.79182,42.99999999999999
2615,43.097935,44.0
2616,44.304523,46.0
2617,46.788116,48.0
2618,49.368626,49.0
2619,50.67333,51.0
2620,52.2389,52.0
2621,53.18269,56.0
2622,56.362865,57.0
2623,57.95171,58.0
2624,58.882843,58.0
2625,58.81508,59.0
2626,59.318287,60.0
2627,60.032223,60.0
2628,60.148186,60.0
2629,60.110394,60.0
2630,59.98069,61.0
2631,60.801662,61.0
2632,61.093838,61.0
2633,61.22992,60.0
2634,60.21592,61.0
2635,60.829945,61.0
2636,61.11845,62.0
2637,62.291016,61.0
2638,61.421696,62.0
2639,61.944027,62.0
2640,62.09596,62.0
2641,61.909924,62.0
2642,61.85934,63.0
2643,62.617817,63.0
2644,62.81489,63.0
2645,62.806248,65.0
2646,64.691284,66.0
2647,66.0072,66.0
2648,66.24577,66.0
2649,66.34605,65.0
2650,65.42105,65.0
2651,64.90059,65.0
2652,64.71375,65.0
2653,64.59868,65.0
2654,64.749405,65.0
2655,64.95524,64.0
2656,64.15403,64.0
2657,63.87288,64.0
2658,63.61981,63.0
2659,62.414917,63.0
2660,61.954193,63.0
2661,62.099815,63.0
2662,62.538586,62.0
2663,61.79488,61.0
2664,60.6016,61.0
2665,60.272305,61.0
2666,60.437126,60.0
2667,59.729084,60.0
2668,59.55507,60.0
2669,59.64149,57.0
2670,57.30008,56.0
2671,55.803577,55.0
2672,54.311527,53.99999999999999
2673,53.077908,53.0
2674,52.07697,53.0
2675,52.040447,52.0
2676,51.513634,52.0
2677,51.76053,51.0
2678,51.18133,49.0
2679,49.016216,47.0
2680,45.983196,45.0
2681,43.034187,44.0
2682,41.661182,40.0
2683,38.052063,37.0
2684,34.542355,39.0
2685,36.468746,39.0
2686,38.66879,38.0
2687,39.258896,38.0
2688,39.415504,38.0
2689,38.866978,38.0
2690,38.227795,34.0
2691,34.244873,34.0
2692,32.478004,35.0
2693,32.79156,61.0
2694,47.65649,61.0
2695,53.518578,61.0
2696,57.37233,61.0
2697,59.826885,62.0
2698,61.91353,64.0
2699,64.06641,64.0
2700,65.00501,64.0
2701,64.93325,63.0
2702,63.507874,63.0
2703,62.385727,63.0
2704,62.08007,64.0
2705,63.171288,65.0
2706,65.06116,66.0
2707,66.80957,66.0
2708,67.24478,66.0
2709,66.966896,66.0
2710,66.46588,66.0
2711,65.990906,68.0
2712,67.63263,68.0
2713,68.19157,68.0
2714,68.21253,69.0
2715,69.06432,70.0
2716,70.09915,70.0
2717,70.31439,60.0
2718,60.93849,60.0
2719,57.548046,59.0
2720,56.11459,60.0
2721,57.637188,60.0
2722,58.87228,60.0
2723,59.71181,60.0
2724,60.27976,60.0
2725,60.552338,60.0
2726,60.50147,60.0
2727,60.31664,60.0
2728,60.212006,60.0
2729,60.049583,61.0
2730,60.828533,61.0
2731,61.012695,61.0
2732,61.059513,60.0
2733,59.84934,59.0
2734,58.515076,59.0
2735,58.231434,59.0
2736,58.30192,59.0
2737,58.586876,60.0
2738,59.856476,60.0
2739,60.34616,60.0
2740,60.526073,60.0
2741,60.49505,66.0
2742,64.55979,66.0
2743,66.023705,66.0
2744,66.63136,66.0
2745,66.646576,67.0
2746,67.31148,68.0
2747,68.184906,69.0
2748,69.16676,70.0
2749,70.20713,71.0
2750,71.242935,72.0
2751,72.279236,73.00000000000001
2752,73.34077,74.0
2753,74.44784,74.0
2754,74.618225,75.0
2755,75.28687,75.0
2756,75.176994,76.0
2757,75.93164,76.0
2758,75.68455,76.0
2759,75.572014,76.0
2760,75.63933,77.0
2761,76.4144,77.0
2762,76.8251,77.0
2763,76.957634,78.0
2764,77.98318,78.0
2765,78.192566,64.0
2766,64.52267,64.0
2767,59.839813,65.0
2768,60.571938,65.0
2769,62.129353,65.0
2770,63.45963,66.0
2771,65.143456,66.0
2772,66.178406,67.0
2773,67.75862,67.0
2774,68.24043,68.0
2775,68.79326,69.0
2776,69.48837,70.0
2777,70.34298,71.0
2778,71.5187,71.0
2779,71.81212,71.0
2780,71.138405,72.0
2781,71.6714,73.00000000000001
2782,72.688065,74.0
2783,73.78219,76.0
2784,76.15372,76.0
2785,76.63929,76.0
2786,76.33163,77.0
2787,76.77924,78.0
2788,77.6649,79.0
2789,78.667015,80.0
2790,79.62121,80.0
2791,79.68926,80.0
2792,79.96675,81.0
2793,80.97719,80.0
2794,80.36983,80.0
2795,80.08224,80.0
2796,79.92252,80.0
2797,80.03519,79.0
2798,79.09608,80.0
2799,80.01375,80.0
2800,80.331436,80.0
2801,80.24192,81.0
2802,81.230965,81.0
2803,81.31169,83.0
2804,83.15992,84.0
2805,84.22962,85.0
2806,85.06968,87.0
2807,87.26616,97.0
2808,96.15955,104.0
2809,102.899414,101.0
2810,101.83389,96.0
2811,96.26474,97.0
2812,95.33115,97.0
2813,95.130905,56.0
2814,50.05491,55.0
2815,33.935844,56.0
2816,35.4792,56.0
2817,41.556572,55.0
2818,46.19933,53.99999999999999
2819,49.993935,53.99999999999999
2820,53.33175,53.0
2821,55.481407,53.0
2822,56.72367,52.0
2823,55.423576,52.0
2824,52.956657,51.0
2825,49.575665,51.0
2826,48.004852,51.0
2827,48.771484,51.0
2828,50.145653,51.0
2829,51.314377,50.0
2830,50.77956,51.0
2831,51.531292,52.0
2832,52.6342,52.0
2833,52.774784,52.0
2834,52.510567,51.0
2835,51.385124,51.0
2836,50.851322,51.0
2837,50.494846,50.0
2838,49.96976,48.0
2839,48.035294,49.0
2840,48.08505,49.0
2841,48.493954,50.0
2842,49.670994,51.0
2843,51.31447,51.0
2844,51.909378,51.0
2845,51.92986,52.0
2846,52.48245,52.0
2847,52.366013,53.0
2848,53.033646,53.0
2849,53.165764,53.0
2850,53.003464,53.99999999999999
2851,53.746586,53.99999999999999
2852,53.887062,53.0
2853,52.83491,52.0
2854,51.37678,52.0
2855,51.054413,52.0
2856,51.12842,52.0
2857,51.472534,52.0
2858,51.910126,52.0
2859,52.32457,52.0
2860,52.433437,52.0
2861,52.342365,55.0
2862,54.67825,56.0
2863,56.391865,56.0
2864,56.979748,57.0
2865,57.646633,58.0
2866,58.46738,58.0
2867,58.50886,59.0
2868,59.12681,60.0
2869,59.948082,59.0
2870,59.139927,59.0
2871,58.88551,58.0
2872,57.703377,58.0
2873,57.20843,57.0
2874,56.25639,58.0
2875,57.13701,58.0
2876,57.76458,58.0
2877,58.19822,58.0
2878,58.33121,58.0
2879,58.22013,57.0
2880,57.067173,57.0
2881,56.60699,58.0
2882,57.398216,59.0
2883,58.614304,60.0
2884,59.989594,60.0
2885,60.332653,60.0
2886,60.233067,60.0
2887,60.184685,61.0
2888,60.918144,61.0
2889,61.026627,61.0
2890,60.99052,61.0
2891,61.132587,60.0
2892,60.08721,59.0
2893,58.927467,59.0
2894,58.357582,59.0
2895,58.344173,60.0
2896,59.493378,61.0
2897,61.01492,62.0
2898,62.401558,62.0
2899,62.72814,62.0
2900,62.728554,61.0
2901,61.31057,61.0
2902,60.467678,60.0
2903,59.07542,60.0
2904,58.931126,60.0
2905,59.261055,59.0
2906,58.76142,58.0
2907,57.75962,58.0
2908,57.513313,57.0
2909,56.68804,57.0
2910,56.572586,56.0
2911,55.83976,56.0
2912,55.69494,55.0
2913,54.865417,55.0
2914,54.597633,55.0
2915,54.55931,56.0
2916,55.549164,56.0
2917,55.978012,57.0
2918,56.964558,57.0
2919,57.22973,57.0
2920,57.242027,56.0
2921,56.083088,56.0
2922,55.62892,57.0
2923,56.426926,58.0
2924,57.988564,59.0
2925,59.509903,59.0
2926,59.938,59.0
2927,59.46473,59.0
2928,59.002472,59.0
2929,58.775696,60.0
2930,59.44219,60.0
2931,59.705994,61.0
2932,60.898956,61.0
2933,61.266502,62.0
2934,62.141537,62.0
2935,62.30902,63.0
2936,63.16908,64.0
2937,64.20113,64.0
2938,64.510666,65.0
2939,65.314285,65.0
2940,65.4971,66.0
2941,66.32224,66.0
2942,66.399506,67.0
2943,67.18731,67.0
2944,67.20634,68.0
2945,68.06687,68.0
2946,68.22405,67.0
2947,67.134315,68.0
2948,67.555595,67.0
2949,66.74042,69.0
2950,68.56443,69.0
2951,69.212906,69.0
2952,69.27853,70.0
2953,70.074776,70.0
2954,70.04347,71.0
2955,70.85601,72.0
2956,71.98502,74.0
2957,73.77755,74.0
2958,74.444664,75.0
2959,75.282814,76.0
2960,76.075325,76.0
2961,76.06464,77.0
2962,76.98896,77.0
2963,77.280334,78.0
2964,78.23974,78.0
2965,78.33649,79.0
2966,79.21263,79.0
2967,79.32328,80.0
2968,80.28136,80.0
2969,80.29204,79.0
2970,78.83866,79.0
2971,78.00465,78.0
2972,77.12747,78.0
2973,76.95607,77.0
2974,76.298195,77.0
2975,76.527374,76.0
2976,75.78127,76.0
2977,75.61399,76.0
2978,75.54457,75.0
2979,74.72127,74.0
2980,73.60537,73.00000000000001
2981,72.29229,72.0
2982,71.144424,71.0
2983,70.09386,71.0
2984,70.20035,70.0
2985,69.681465,68.0
2986,67.87908,66.0
2987,65.487946,65.0
2988,63.917824,63.0
2989,61.716213,62.0
2990,60.533966,60.0
2991,58.75542,59.0
2992,57.752605,58.0
2993,56.964367,58.0
2994,57.20294,57.0
2995,56.72788,57.0
2996,56.81706,57.0
2997,56.932674,57.0
2998,57.002293,57.0
2999,56.930286,57.0
3000,56.67705,58.0
3001,57.594948,58.0
3002,57.870544,58.0
3003,57.90793,58.0
3004,57.8688,58.0
3005,57.808525,57.0
3006,56.81062,57.0
3007,56.468422,56.0
3008,55.59113,56.0
3009,55.3979,56.0
3010,55.52741,56.0
3011,55.761208,56.0
3012,55.929005,56.0
3013,56.05999,57.0
3014,56.94491,56.0
3015,56.359253,57.0
3016,57.038994,57.0
3017,57.24363,57.0
3018,57.185673,58.0
3019,57.982338,59.0
3020,58.991665,60.0
3021,60.353714,61.0
3022,61.52933,61.0
3023,61.345116,61.0
3024,61.226963,61.0
3025,60.828358,60.0
3026,59.688156,60.0
3027,59.349228,59.0
3028,58.389557,59.0
3029,58.17214,58.0
3030,57.554092,59.0
3031,58.388084,58.0
3032,58.00163,58.0
3033,57.97231,58.0
3034,58.06712,58.0
3035,58.170902,58.0
3036,58.17419,58.0
3037,58.10888,58.0
3038,58.004803,58.0
3039,58.002174,57.0
3040,56.97504,57.0
3041,56.52795,57.0
3042,56.441216,56.0
3043,55.600277,53.99999999999999
3044,53.503803,53.0
3045,51.876205,53.0
3046,51.703133,53.0
3047,52.02334,52.0
3048,51.603302,52.0
3049,51.810497,52.0
3050,52.016796,53.0
3051,52.933937,53.0
3052,53.162354,53.99999999999999
3053,54.011765,53.99999999999999
3054,54.24037,55.0
3055,54.98843,55.0
3056,55.082558,56.0
3057,55.826405,56.0
3058,55.95999,57.0
3059,56.816936,58.0
3060,57.98172,59.0
3061,59.19693,59.0
3062,59.50051,60.0
3063,60.35706,62.0
3064,62.341953,63.0
3065,63.824467,63.0
3066,64.07894,63.0
3067,63.731976,64.0
3068,64.2398,64.0
3069,64.2208,64.0
3070,64.03483,64.0
3071,63.74586,65.0
3072,64.49325,65.0
3073,64.7528,65.0
3074,64.97519,65.0
3075,65.21942,65.0
3076,65.11695,65.0
3077,64.98862,65.0
3078,64.8365,65.0
3079,64.76092,65.0
3080,64.75446,65.0
3081,64.814095,65.0
3082,64.85044,65.0
3083,64.8654,65.0
3084,64.872185,66.0
3085,65.79613,65.0
3086,65.2887,66.0
3087,65.83569,65.0
3088,65.151054,64.0
3089,63.80532,63.0
3090,62.523605,63.0
3091,62.106453,63.0
3092,62.183853,63.0
3093,62.51392,62.0
3094,61.93392,63.0
3095,62.893436,63.0
3096,63.14091,62.0
3097,62.091454,61.0
3098,60.805927,62.0
3099,61.311142,62.0
3100,61.55592,63.0
3101,62.68657,63.0
3102,63.242302,63.0
3103,63.429848,64.0
3104,64.212234,64.0
3105,64.30246,64.0
3106,64.1765,64.0
3107,63.908363,65.0
3108,64.686035,65.0
3109,64.95426,66.0
3110,65.949295,66.0
3111,66.116936,66.0
3112,66.38716,66.0
3113,66.2334,67.0
3114,66.98139,66.0
3115,66.22951,66.0
3116,65.87376,66.0
3117,65.78034,66.0
3118,65.85291,65.0
3119,64.950386,65.0
3120,64.69563,66.0
3121,65.6492,67.0
3122,67.12338,67.0
3123,67.642685,67.0
3124,67.52696,67.0
3125,67.29351,68.0
3126,67.937325,68.0
3127,68.1258,68.0
3128,68.09458,67.0
3129,67.04482,68.0
3130,67.556206,67.0
3131,66.8431,67.0
3132,66.67222,67.0
3133,66.64878,67.0
3134,66.70725,66.0
3135,65.91425,67.0
3136,66.63865,68.0
3137,67.89237,69.0
3138,69.50021,69.0
3139,69.82738,69.0
3140,69.52846,70.0
3141,69.78795,70.0
3142,69.8991,71.0
3143,70.99468,70.0
3144,70.09338,70.0
3145,69.759186,69.0
3146,68.653824,69.0
3147,68.303154,68.0
3148,67.259346,68.0
3149,67.26255,68.0
3150,67.39871,68.0
3151,67.7017,68.0
3152,67.93295,68.0
3153,68.000336,68.0
3154,68.038864,68.0
3155,67.99095,68.0
3156,67.91761,68.0
3157,67.86827,68.0
3158,67.71989,68.0
3159,67.673615,69.0
3160,68.7208,68.0
3161,68.14658,68.0
3162,68.0023,68.0
3163,67.946976,69.0
3164,68.89581,68.0
3165,68.29554,68.0
3166,67.953,68.0
3167,67.727264,68.0
3168,67.70027,67.0
3169,66.76451,68.0
3170,67.47413,68.0
3171,67.71972,68.0
3172,67.85616,69.0
3173,68.885124,69.0
3174,69.10666,69.0
3175,69.192085,70.0
3176,69.991356,70.0
3177,70.299034,71.0
3178,71.092,72.0
3179,72.21237,72.0
3180,72.40378,72.0
3181,72.26059,72.0
3182,72.01598,72.0
3183,71.75275,72.0
3184,71.70283,72.0
3185,71.82812,72.0
3186,72.14672,72.0
3187,72.299736,72.0
3188,72.166405,72.0
3189,72.05728,73.00000000000001
3190,72.97472,73.00000000000001
3191,73.30848,73.00000000000001
3192,73.238495,73.00000000000001
3193,73.117935,73.00000000000001
3194,72.84992,74.0
3195,73.74344,74.0
3196,73.93593,74.0
3197,74.000305,73.00000000000001
3198,73.137245,74.0
3199,73.59617,74.0
3200,73.78199,74.0
3201,73.94158,74.0
3202,74.04894,75.0
3203,74.9897,75.0
3204,75.15536,75.0
3205,75.15161,76.0
3206,75.94309,76.0
3207,76.116394,75.0
3208,75.1416,75.0
3209,74.74413,75.0
3210,74.693665,76.0
3211,75.658134,76.0
3212,76.29651,76.0
3213,76.24224,76.0
3214,76.09727,76.0
3215,75.94047,76.0
3216,75.971596,76.0
3217,75.93386,76.0
3218,75.87258,76.0
3219,75.834656,75.0
3220,74.69226,76.0
3221,75.25223,76.0
3222,75.76839,76.0
3223,75.68369,75.0
3224,74.849785,74.0
3225,73.329994,74.0
3226,72.91356,74.0
3227,73.145485,74.0
3228,73.43128,74.0
3229,73.7452,74.0
3230,73.821144,74.0
3231,73.979004,75.0
3232,74.8277,76.0
3233,76.20675,77.0
3234,77.51642,76.0
3235,76.52732,76.0
3236,75.79828,77.0
3237,76.22786,78.0
3238,77.681015,79.0
3239,79.26983,79.0
3240,79.47918,80.0
3241,80.3413,80.0
3242,80.34752,81.0
3243,80.90671,81.0
3244,81.14575,81.0
3245,80.89184,82.0
3246,81.82166,83.0
3247,83.09962,83.0
3248,83.47709,83.0
3249,83.283424,83.0
3250,83.04576,84.0
3251,83.71955,85.0
3252,85.13472,85.0
3253,85.54816,85.0
3254,85.427246,85.0
3255,85.13753,85.99999999999999
3256,85.85325,85.99999999999999
3257,86.17428,85.0
3258,84.97544,85.0
3259,84.41183,85.0
3260,84.27518,85.0
3261,84.507385,85.0
3262,84.90761,85.0
3263,84.91117,85.0
3264,85.04729,85.0
3265,85.04617,87.0
3266,86.84349,87.0
3267,87.59943,88.0
3268,88.36505,88.0
3269,88.53328,87.0
3270,87.09406,85.99999999999999
3271,85.39478,87.0
3272,85.92329,87.0
3273,86.54233,88.0
3274,87.89241,88.0
3275,88.4072,87.0
3276,87.577896,87.0
3277,87.031784,87.0
3278,86.68158,87.0
3279,86.65595,85.99999999999999
3280,85.59315,85.0
3281,83.914055,85.99999999999999
3282,84.93825,85.99999999999999
3283,85.640495,85.99999999999999
3284,85.82191,85.0
3285,84.880806,85.0
3286,84.51227,84.0
3287,83.4383,85.0
3288,84.48347,84.0
3289,83.94201,83.0
3290,82.69613,84.0
3291,83.42398,83.0
3292,82.64942,83.0
3293,82.61392,82.0
3294,81.744514,81.0
3295,80.36098,80.0
3296,79.266685,79.0
3297,78.193214,77.0
3298,76.217834,75.0
3299,73.940834,74.0
3300,72.70577,73.00000000000001
3301,71.85555,71.0
3302,70.12194,70.0
3303,69.05472,71.0
3304,70.23506,71.0
3305,71.033455,70.0
3306,70.317856,70.0
3307,70.007034,71.0
3308,70.80169,71.0
3309,70.968094,71.0
3310,70.838524,71.0
3311,70.70374,70.0
3312,69.622284,69.0
3313,68.25598,68.0
3314,66.98563,68.0
3315,66.89339,67.0
3316,66.22694,66.0
3317,65.31781,40.0
3318,42.310658,42.0
3319,34.90048,42.99999999999999
3320,34.514748,44.0
3321,36.95634,46.0
3322,40.40121,46.0
3323,43.087128,48.0
3324,46.457092,49.0
3325,49.07142,49.0
3326,51.05848,50.0
3327,52.748116,50.0
3328,52.044052,50.0
3329,50.26025,52.0
3330,50.96635,52.0
3331,51.401173,52.0
3332,51.640965,52.0
3333,51.61432,52.0
3334,51.532375,53.0
3335,52.447014,53.0
3336,53.07567,53.0
3337,53.21123,53.0
3338,53.14842,53.0
3339,52.971107,53.0
3340,52.979603,53.0
3341,52.933994,52.0
3342,52.01416,53.0
3343,52.6602,53.0
3344,52.96826,53.0
3345,53.150204,53.99999999999999
3346,54.009052,53.99999999999999
3347,54.30013,53.99999999999999
3348,54.345257,53.99999999999999
3349,54.256,53.0
3350,53.198914,53.0
3351,52.668865,53.0
3352,52.445564,53.0
3353,52.515007,53.99999999999999
3354,53.674946,53.99999999999999
3355,54.189037,53.99999999999999
3356,54.30835,53.99999999999999
3357,54.15237,53.99999999999999
3358,53.84762,53.99999999999999
3359,53.556274,55.0
3360,54.469883,55.0
3361,54.72196,56.0
3362,55.81922,56.0
3363,56.109333,56.0
3364,56.10043,55.0
3365,55.309765,62.0
3366,59.75397,62.0
3367,61.675236,62.0
3368,62.605206,62.0
3369,62.825005,61.0
3370,61.75131,61.0
3371,61.088078,61.0
3372,60.659103,61.0
3373,60.510918,61.0
3374,60.53209,61.0
3375,60.691677,61.0
3376,60.987347,62.0
3377,62.110615,62.0
3378,62.513653,62.0
3379,62.454163,61.0
3380,61.05485,60.0
3381,59.295967,60.0
3382,58.909706,60.0
3383,59.139576,60.0
3384,59.23158,60.0
3385,59.607613,60.0
3386,59.8383,61.0
3387,60.844593,62.0
3388,62.13267,61.0
3389,61.598995,60.0
3390,60.133583,60.0
3391,59.601837,60.0
3392,59.455967,60.0
3393,59.464317,60.0
3394,59.565613,60.0
3395,59.792038,60.0
3396,59.996513,60.0
3397,60.12812,59.0
3398,59.343857,58.0
3399,58.024864,57.0
3400,56.6797,57.0
3401,56.309387,56.0
3402,55.411163,56.0
3403,55.23796,56.0
3404,55.66532,56.0
3405,56.193314,56.0
3406,56.298073,57.0
3407,57.17326,57.0
3408,57.36862,57.0
3409,57.116165,57.0
3410,56.86773,57.0
3411,56.76101,57.0
3412,56.713093,57.0
3413,56.690277,36.0
3414,38.104084,38.0
3415,32.045315,39.0
3416,32.075764,42.99999999999999
3417,36.082436,46.0
3418,40.71423,47.0
3419,44.39989,49.0
3420,47.963726,51.0
3421,51.452087,52.0
3422,54.563793,52.0
3423,54.36657,52.0
3424,53.373657,53.0
3425,52.66603,53.0
3426,51.909134,53.0
3427,51.877617,53.99999999999999
3428,53.23127,53.0
3429,52.885395,53.0
3430,52.5292,53.0
3431,52.690605,53.0
3432,52.84079,53.0
3433,53.000618,53.0
3434,53.001526,53.99999999999999
3435,53.914085,53.99999999999999
3436,54.234707,53.0
3437,53.44088,70.0
3438,62.756413,72.0
3439,66.59971,71.0
3440,68.73716,70.0
3441,69.84928,69.0
3442,69.96408,68.0
3443,68.7424,68.0
3444,68.12837,67.0
3445,66.5473,68.0
3446,66.805176,68.0
3447,67.06263,68.0
3448,67.57995,67.0
3449,66.8849,67.0
3450,66.7398,66.0
3451,65.70476,66.0
3452,65.32379,66.0
3453,65.26953,66.0
3454,65.581154,67.0
3455,66.744385,66.0
3456,66.172806,66.0
3457,65.80686,65.0
3458,64.659,65.0
3459,64.26136,65.0
3460,64.24601,65.0
3461,64.39223,60.0
3462,60.23663,60.0
3463,58.895054,60.0
3464,58.751812,60.0
3465,59.099884,59.0
3466,58.782284,59.0
3467,58.820232,59.0
3468,58.961582,59.0
3469,59.063698,59.0
3470,59.123817,58.0
3471,58.2379,58.0
3472,57.883537,57.0
3473,56.8191,57.0
3474,56.457405,58.0
3475,57.44118,58.0
3476,58.012127,59.0
3477,59.173603,60.0
3478,60.492622,60.0
3479,60.691696,60.0
3480,60.411564,61.0
3481,60.93002,61.0
3482,60.85027,62.0
3483,61.651917,63.0
3484,62.884144,63.0
3485,63.249516,78.0
3486,71.60024,79.0
3487,74.53308,79.0
3488,76.59682,80.0
3489,78.50549,80.0
3490,79.809845,81.0
3491,81.25256,81.0
3492,81.73993,82.0
3493,82.608665,83.0
3494,83.14242,83.0
3495,83.02387,84.0
3496,84.14891,83.0
3497,83.43018,83.0
3498,82.87373,83.0
3499,82.4617,82.0
3500,81.46189,82.0
3501,81.20074,82.0
3502,81.135544,81.0
3503,80.292114,81.0
3504,80.35835,81.0
3505,80.64273,80.0
3506,79.70535,79.0
3507,78.47141,79.0
3508,78.18699,79.0
3509,78.52266,80.0
3510,79.77128,80.0
3511,80.63453,81.0
3512,81.64425,82.0
3513,82.368034,83.0
3514,83.05329,84.0
3515,83.93633,85.0
3516,85.19675,85.99999999999999
3517,86.197876,87.0
3518,87.030106,89.0
3519,88.90205,91.0
3520,91.37875,92.0
3521,92.113266,92.0
3522,91.45043,93.0
3523,91.51727,93.0
3524,91.24001,93.0
3525,91.30895,93.0
3526,91.28449,92.0
3527,91.154076,91.0
3528,90.21229,91.0
3529,89.6995,91.0
3530,90.12959,90.0
3531,89.48462,88.0
3532,87.8549,87.0
3533,85.87948,98.0
3534,93.915665,98.0
3535,96.08126,99.0
3536,98.3782,106.0
3537,104.404144,111.0
3538,110.98014,124.0
3539,123.0024,132.0
3540,133.19632,135.0
3541,139.06432,139.0
3542,142.95297,143.0
3543,145.43088,151.0
3544,153.21068,152.0
3545,153.55528,152.0
3546,150.83885,152.0
3547,147.77774,151.0
3548,146.57793,151.0
3549,146.10994,151.0
3550,148.62775,148.0
3551,146.01079,137.0
3552,130.98276,125.0
3553,112.49435,119.0
3554,107.962494,113.0
3555,106.4133,118.0
3556,111.72133,124.0
3557,118.27863,50.0
3558,40.319534,51.0
3559,19.346096,52.0
3560,20.485865,52.0
3561,28.678713,52.0
3562,36.098167,52.0
3563,41.7073,53.0
3564,46.764847,53.0
3565,50.720657,53.99999999999999
3566,54.669464,53.99999999999999
3567,56.907597,55.0
3568,57.6855,55.0
3569,56.317448,55.0
3570,53.69037,55.0
3571,52.82275,56.0
3572,53.829163,56.0
3573,55.175747,57.0
3574,56.77038,58.0
3575,58.924625,58.0
3576,59.513718,59.0
3577,59.907322,59.0
3578,59.611492,60.0
3579,60.040836,61.0
3580,60.870277,61.0
3581,61.11652,52.0
3582,53.546307,53.0
3583,51.379936,53.0
3584,50.89913,53.0
3585,51.53127,53.0
3586,52.382122,53.0
3587,53.10571,53.0
3588,53.599663,53.0
3589,53.90255,53.0
3590,53.895874,52.0
3591,52.642513,52.0
3592,51.695248,52.0
3593,50.964577,52.0
3594,51.15432,50.0
3595,49.49278,48.0
3596,46.84401,45.0
3597,42.920757,47.0
3598,44.385242,51.0
3599,49.329445,52.0
3600,52.53819,53.0
3601,54.739323,53.0
3602,55.008408,53.0
3603,54.371986,53.0
3604,53.533882,53.0
3605,52.716236,66.0
3606,60.434914,66.0
3607,63.211147,66.0
3608,65.00913,67.0
3609,66.58077,67.0
3610,67.325806,67.0
3611,67.55266,67.0
3612,67.42138,67.0
3613,67.07026,67.0
3614,66.75737,67.0
3615,66.56702,68.0
3616,67.60646,68.0
3617,68.08219,69.0
3618,69.321465,69.0
3619,69.65383,70.0
3620,70.44926,71.0
3621,71.361244,72.0
3622,72.359215,73.00000000000001
3623,73.37866,74.0
3624,74.42164,75.0
3625,75.3441,76.0
3626,76.28696,76.0
3627,76.1808,77.0
3628,76.866875,77.0
3629,76.987686,77.0
3630,76.895424,77.0
3631,76.7416,77.0
3632,76.71098,76.0
3633,76.03128,75.0
3634,74.88081,74.0
3635,73.58737,73.00000000000001
3636,72.274155,72.0
3637,71.14877,72.0
3638,71.10223,71.0
3639,70.49072,71.0
3640,70.53569,70.0
3641,69.76584,69.0
3642,68.61503,69.0
3643,68.35975,68.0
3644,67.452126,67.0
3645,66.334,66.0
3646,65.080475,65.0
3647,63.932,64.0
3648,62.89557,62.0
3649,60.968166,61.0
3650,59.743526,60.0
3651,58.862095,59.0
3652,57.941742,58.0
3653,57.32342,57.0
3654,56.420044,56.0
3655,55.41699,55.0
3656,54.38209,55.0
3657,54.29888,55.0
3658,54.541107,55.0
3659,54.78553,55.0
3660,54.94688,56.0
3661,55.86364,56.0
3662,56.125042,57.0
3663,57.031517,57.0
3664,57.2956,57.0
3665,57.19259,58.0
3666,57.926395,58.0
3667,58.020233,58.0
3668,58.092327,59.0
3669,58.797905,59.0
3670,58.97915,60.0
3671,59.875343,61.0
3672,60.999855,77.0
3673,71.75738,87.0
3674,80.4865,84.0
3675,81.923805,64.0
3676,65.162704,64.0
3677,59.82843,65.0
3678,59.91749,65.0
3679,61.6476,66.0
3680,63.736023,67.0
3681,65.65005,68.0
3682,67.39232,70.0
3683,69.6988,70.0
3684,70.88598,71.0
3685,72.16201,72.0
3686,73.187584,72.0
3687,72.754585,73.00000000000001
3688,72.96028,74.0
3689,73.9463,74.0
3690,74.01074,74.0
3691,74.071625,75.0
3692,75.04854,75.0
3693,74.98296,75.0
3694,75.015305,75.0
3695,74.75637,74.0
3696,73.706665,74.0
3697,73.29361,74.0
3698,73.27045,74.0
3699,73.43993,74.0
3700,73.659004,74.0
3701,73.866875,74.0
3702,73.94891,74.0
3703,74.069725,74.0
3704,74.003136,74.0
3705,73.83937,73.00000000000001
3706,72.745964,73.00000000000001
3707,72.70812,72.0
3708,71.84469,72.0
3709,71.5692,71.0
3710,70.37512,70.0
3711,69.441345,68.0
3712,67.385254,67.0
3713,65.81841,67.0
3714,65.75174,66.0
3715,65.113785,66.0
3716,65.328476,66.0
3717,65.77524,66.0
3718,66.162186,66.0
3719,66.07413,66.0
3720,66.01063,66.0
3721,65.81692,65.0
3722,64.53501,65.0
3723,64.231575,65.0
3724,64.21974,64.0
3725,63.45529,63.0
3726,62.41878,63.0
3727,62.336285,62.0
3728,61.62543,62.0
3729,61.55676,61.0
3730,60.76708,62.0
3731,61.46906,62.0
3732,61.84938,63.0
3733,62.9351,63.0
3734,63.373894,64.0
3735,64.06187,66.0
3736,65.88527,67.0
3737,67.592224,68.0
3738,68.91785,67.0
3739,67.590515,67.0
3740,66.82288,67.0
3741,66.328606,67.0
3742,66.21684,66.0
3743,65.171844,66.0
3744,65.12152,67.0
3745,66.365524,68.0
3746,67.93971,68.0
3747,68.48469,69.0
3748,69.38835,70.0
3749,70.22018,71.0
3750,71.15866,71.0
3751,71.30892,72.0
3752,72.10262,72.0
3753,71.980354,72.0
3754,71.826744,72.0
3755,71.84647,71.0
3756,70.92517,71.0
3757,70.589806,70.0
3758,69.677765,70.0
3759,69.50039,69.0
3760,68.590385,69.0
3761,68.53743,68.0
3762,67.687195,68.0
3763,67.31661,68.0
3764,67.42912,68.0
3765,67.518486,68.0
3766,67.7576,68.0
3767,67.894615,68.0
3768,67.89962,68.0
3769,67.87383,67.0
3770,66.85148,67.0
3771,66.50854,67.0
3772,66.49476,66.0
3773,65.68421,66.0
3774,65.48073,66.0
3775,65.548996,66.0
3776,65.7068,66.0
3777,65.92775,65.0
3778,65.13859,64.0
3779,64.18797,64.0
3780,63.69724,63.0
3781,62.6434,62.0
3782,61.478462,62.0
3783,61.23087,61.0
3784,60.469723,60.0
3785,59.482624,61.0
3786,60.34249,61.0
3787,60.92619,61.0
3788,61.10147,61.0
3789,61.109688,61.0
3790,60.933983,61.0
3791,60.753105,61.0
3792,60.576633,61.0
3793,60.55668,61.0
3794,60.603516,61.0
3795,60.623787,61.0
3796,60.620552,62.0
3797,61.60537,61.0
3798,61.151337,61.0
3799,60.975475,61.0
3800,60.857506,61.0
3801,60.814884,61.0
3802,60.834515,62.0
3803,61.680397,62.0
3804,62.033524,63.0
3805,63.028023,63.0
3806,63.30026,64.0
3807,64.16228,64.0
3808,64.26555,65.0
3809,65.10397,66.0
3810,66.15978,66.0
3811,66.33613,67.0
3812,67.192795,67.0
3813,67.330734,66.0
3814,66.26795,66.0
3815,65.76045,66.0
3816,65.50899,67.0
3817,66.53042,67.0
3818,67.02178,67.0
3819,67.179054,66.0
3820,66.24499,66.0
3821,65.79355,65.0
3822,64.68975,65.0
3823,64.412994,65.0
3824,64.51114,65.0
3825,64.77959,65.0
3826,64.981514,65.0
3827,65.08302,65.0
3828,65.07184,65.0
3829,65.01316,65.0
3830,64.93132,65.0
3831,64.78584,64.0
3832,64.03865,64.0
3833,63.594276,65.0
3834,64.55122,65.0
3835,64.85701,66.0
3836,65.862144,67.0
3837,67.11468,68.0
3838,68.55373,70.0
3839,70.56363,70.0
3840,70.81731,70.0
3841,70.26107,72.0
3842,71.7066,73.00000000000001
3843,72.88178,75.0
3844,74.61017,76.0
3845,75.782745,77.0
3846,76.89507,79.0
3847,78.4158,80.0
3848,79.73559,81.0
3849,81.03619,82.0
3850,82.206795,83.0
3851,83.416756,85.0
3852,85.181,85.99999999999999
3853,86.58974,87.0
3854,87.71332,88.0
3855,88.50741,88.0
3856,88.72402,88.0
3857,87.73925,88.0
3858,87.10696,88.0
3859,87.38198,88.0
3860,87.21537,87.0
3861,86.300644,88.0
3862,87.17488,87.0
3863,86.643425,88.0
3864,87.41346,87.0
3865,86.59754,85.99999999999999
3866,85.46269,85.0
3867,84.32204,85.0
3868,84.253784,84.0
3869,83.54133,84.0
3870,83.50759,83.0
3871,82.66402,84.0
3872,83.62778,84.0
3873,84.01985,83.0
3874,83.179535,83.0
3875,82.914474,83.0
3876,82.801895,84.0
3877,83.72179,84.0
3878,83.89422,84.0
3879,83.79124,84.0
3880,83.919716,85.0
3881,84.70281,85.0
3882,85.191986,85.99999999999999
3883,85.953575,85.99999999999999
3884,86.13218,85.99999999999999
3885,85.68903,85.0
3886,84.14457,85.0
3887,83.59537,85.99999999999999
3888,84.47445,85.99999999999999
3889,85.13749,85.99999999999999
3890,85.12613,87.0
3891,86.00634,87.0
3892,86.212814,87.0
3893,86.03013,87.0
3894,86.3387,88.0
3895,87.09431,88.0
3896,87.297386,88.0
3897,87.23565,88.0
3898,87.38682,89.0
3899,88.956566,90.0
3900,90.66385,90.0
3901,90.95243,90.0
3902,90.64652,90.0
3903,90.19061,90.0
3904,89.65642,91.0
3905,90.311295,91.0
3906,90.488174,91.0
3907,90.71282,90.0
3908,89.57947,90.0
3909,89.13875,90.0
3910,89.42676,90.0
3911,89.22868,90.0
3912,89.4626,89.0
3913,88.50467,89.0
3914,88.344406,89.0
3915,88.39362,89.0
3916,88.31049,88.0
3917,87.49967,88.0
3918,87.320946,87.0
3919,86.71146,87.0
3920,86.83922,85.99999999999999
3921,85.9099,85.0
3922,84.65876,84.0
3923,83.43909,84.0
3924,83.34725,83.0
3925,82.507515,82.0
3926,81.45706,82.0
3927,81.29391,81.0
3928,80.58205,80.0
3929,79.53344,79.0
3930,78.35724,78.0
3931,76.91098,78.0
3932,76.89184,77.0
3933,76.02023,76.0
3934,74.97062,76.0
3935,74.83771,75.0
3936,74.2707,75.0
3937,74.21278,75.0
3938,74.38754,74.0
3939,73.78971,74.0
3940,73.503494,74.0
3941,73.489365,74.0
3942,73.51732,73.00000000000001
3943,72.445724,74.0
3944,73.09077,74.0
3945,73.54269,74.0
3946,73.791695,73.00000000000001
3947,73.089455,73.00000000000001
3948,72.924385,72.0
3949,71.933624,73.00000000000001
3950,72.50474,73.00000000000001
3951,72.76752,74.0
3952,74.087685,75.0
3953,75.48291,77.0
3954,77.867905,77.0
3955,78.103226,78.0
3956,78.36635,79.0
3957,78.88758,78.0
3958,77.644066,78.0
3959,76.9651,79.0
3960,78.173744,79.0
3961,78.74982,79.0
3962,79.16353,79.0
3963,79.234184,79.0
3964,79.09381,78.0
3965,77.899635,78.0
3966,77.42862,78.0
3967,77.4641,77.0
3968,76.73231,77.0
3969,76.61558,77.0
3970,76.74904,76.0
3971,76.01978,77.0
3972,76.813385,77.0
3973,77.262825,77.0
3974,77.21259,76.0
3975,75.95823,76.0
3976,75.438736,76.0
3977,75.306274,75.0
3978,74.20303,76.0
3979,74.931656,75.0
3980,74.447975,73.00000000000001
3981,72.297745,74.0
3982,72.57551,74.0
3983,73.20321,73.00000000000001
3984,72.729294,73.00000000000001
3985,72.64492,73.00000000000001
3986,72.54894,73.00000000000001
3987,72.62764,73.00000000000001
3988,72.853035,73.00000000000001
3989,72.99386,73.00000000000001
3990,72.96083,73.00000000000001
3991,72.97611,73.00000000000001
3992,72.96144,72.0
3993,72.01935,72.0
3994,71.66709,72.0
3995,71.64831,72.0
3996,71.708275,71.0
3997,70.89188,71.0
3998,70.67448,70.0
3999,69.68609,70.0
4000,69.521484,70.0
4001,69.62617,70.0
4002,69.800125,69.0
4003,68.7741,69.0
4004,68.29037,69.0
4005,68.595406,70.0
4006,69.51111,70.0
4007,70.08005,72.0
4008,71.96677,72.0
4009,72.05558,72.0
4010,71.98207,72.0
4011,71.689835,73.00000000000001
4012,72.13355,74.0
4013,73.458046,75.0
4014,74.4056,75.0
4015,75.0924,75.0
4016,75.912315,74.0
4017,74.86233,73.00000000000001
4018,73.21735,72.0
4019,71.551384,72.0
4020,71.13559,71.0
4021,70.28379,71.0
4022,70.29908,71.0
4023,70.53497,69.0
4024,68.878944,69.0
4025,68.46051,68.0
4026,67.62016,68.0
4027,67.40935,67.0
4028,66.464035,68.0
4029,67.382095,68.0
4030,67.86344,68.0
4031,68.07604,68.0
4032,67.82811,68.0
4033,67.62251,68.0
4034,67.06221,68.0
4035,67.0839,68.0
4036,67.22003,67.0
4037,66.58558,67.0
4038,66.413155,67.0
4039,66.55437,68.0
4040,67.66048,68.0
4041,68.38769,68.0
4042,68.426636,69.0
4043,69.26368,69.0
4044,69.29036,69.0
4045,69.21838,69.0
4046,69.039856,69.0
4047,68.95747,69.0
4048,68.91036,69.0
4049,68.83762,70.0
4050,69.858574,71.0
4051,71.2755,71.0
4052,71.660126,71.0
4053,71.31149,71.0
4054,70.816765,71.0
4055,70.66688,71.0
4056,70.467834,71.0
4057,70.496086,71.0
4058,70.614525,71.0
4059,70.771324,71.0
4060,70.8125,71.0
4061,70.838646,53.0
4062,54.05206,53.99999999999999
4063,48.839706,53.99999999999999
4064,48.423225,55.0
4065,50.526154,55.0
4066,52.343628,56.0
4067,54.43671,56.0
4068,55.856632,56.0
4069,56.971245,56.0
4070,57.358486,56.0
4071,57.290623,56.0
4072,56.757996,57.0
4073,57.10639,56.0
4074,56.03024,56.0
4075,55.43319,55.0
4076,54.191376,53.99999999999999
4077,52.960453,55.0
4078,53.957195,57.0
4079,56.83529,57.0
4080,58.09194,57.0
4081,58.060287,57.0
4082,57.59469,57.0
4083,57.164368,56.0
4084,55.97771,57.0
4085,56.437782,53.99999999999999
4086,54.02639,53.99999999999999
4087,53.298904,53.99999999999999
4088,53.254368,53.99999999999999
4089,53.48408,53.0
4090,52.95117,53.0
4091,52.90928,52.0
4092,52.115795,53.0
4093,52.59041,52.0
4094,51.964264,52.0
4095,52.098007,52.0
4096,51.67475,52.0
4097,51.577484,52.0
4098,51.72972,52.0
4099,51.8441,52.0
4100,51.82951,53.0
4101,52.745857,53.0
4102,52.970417,53.0
4103,52.95452,53.0
4104,52.785572,52.0
4105,51.595364,52.0
4106,51.136124,52.0
4107,51.163177,53.0
4108,52.356125,53.0
4109,52.956875,61.0
4110,58.411297,61.0
4111,60.627277,60.0
4112,61.011215,60.0
4113,61.041862,59.0
4114,59.878403,59.0
4115,59.061935,58.0
4116,57.70365,58.0
4117,57.263313,58.0
4118,57.228287,58.0
4119,57.443424,57.0
4120,56.92932,57.0
4121,56.948135,56.0
4122,55.899323,55.0
4123,54.322586,55.0
4124,53.962868,55.0
4125,54.204453,55.0
4126,54.65026,55.0
4127,54.75781,53.99999999999999
4128,53.82656,53.99999999999999
4129,53.632614,53.0
4130,52.654537,51.0
4131,50.554398,46.0
4132,45.407524,42.99999999999999
4133,40.80366,56.0
4134,47.713383,55.0
4135,50.54037,55.0
4136,52.77392,55.0
4137,54.35248,55.0
4138,55.45687,53.99999999999999
4139,55.061928,53.99999999999999
4140,54.55349,53.99999999999999
4141,54.049255,53.0
4142,52.887814,53.99999999999999
4143,53.242092,55.0
4144,54.459946,55.0
4145,55.100677,53.99999999999999
4146,54.398594,53.99999999999999
4147,53.76546,53.0
4148,52.38858,52.0
4149,50.861855,52.0
4150,50.629185,51.0
4151,50.051186,52.0
4152,51.345913,52.0
4153,52.215763,52.0
4154,52.50838,53.0
4155,53.39053,53.0
4156,53.406975,53.0
4157,53.31234,53.0
4158,53.14905,53.0
4159,52.9226,52.0
4160,51.906075,52.0
4161,51.532337,51.0
4162,50.570423,51.0
4163,50.380856,51.0
4164,50.537727,49.0
4165,49.033627,47.0
4166,46.865913,45.0
4167,44.13353,45.0
4168,43.461227,45.0
4169,44.034573,44.0
4170,44.035572,44.0
4171,44.537704,45.0
4172,45.620193,44.0
4173,44.80815,45.0
4174,45.118675,47.0
4175,47.095585,48.0
4176,48.680748,49.0
4177,49.839695,50.0
4178,50.60727,51.0
4179,51.447845,52.0
4180,52.18537,53.0
4181,53.024326,64.0
4182,59.436825,63.0
4183,60.985508,63.0
4184,62.26212,64.0
4185,63.730488,66.0
4186,65.71059,67.0
4187,66.95952,69.0
4188,68.672844,70.0
4189,69.94487,72.0
4190,71.99508,71.0
4191,72.00499,72.0
4192,72.2763,72.0
4193,72.12012,72.0
4194,71.86114,72.0
4195,71.76963,73.00000000000001
4196,72.73992,72.0
4197,72.13419,72.0
4198,71.8558,72.0
4199,71.815636,71.0
4200,70.95709,71.0
4201,70.61112,71.0
4202,70.70581,71.0
4203,70.6627,71.0
4204,70.822266,69.0
4205,69.07274,64.0
4206,63.638653,64.0
4207,62.190792,64.0
4208,62.243286,65.0
4209,63.73817,65.0
4210,64.76219,65.0
4211,65.30966,66.0
4212,66.18645,66.0
4213,66.707275,65.0
4214,65.632805,64.0
4215,64.14681,64.0
4216,63.34158,63.0
4217,62.07338,63.0
4218,61.85733,62.0
4219,61.14788,61.0
4220,60.27344,60.0
4221,59.29078,59.0
4222,58.2667,59.0
4223,58.121517,59.0
4224,58.508194,59.0
4225,58.756905,59.0
4226,58.884254,59.0
4227,59.003098,59.0
4228,58.919174,59.0
4229,58.853703,78.0
4230,69.40135,78.0
4231,72.54068,77.0
4232,74.317184,76.0
4233,75.20932,76.0
4234,76.05922,75.0
4235,75.51346,74.0
4236,74.44965,74.0
4237,73.90193,73.00000000000001
4238,72.5594,73.00000000000001
4239,72.1295,72.0
4240,71.18123,72.0
4241,71.29542,72.0
4242,71.67515,71.0
4243,70.98829,71.0
4244,70.66392,71.0
4245,70.5822,71.0
4246,70.51278,71.0
4247,70.6675,71.0
4248,70.75299,71.0
4249,70.80799,71.0
4250,70.78676,72.0
4251,71.6093,71.0
4252,70.91058,71.0
4253,70.61003,87.0
4254,80.37069,87.0
4255,83.09308,85.99999999999999
4256,84.80459,85.99999999999999
4257,86.03148,85.99999999999999
4258,86.62836,85.0
4259,85.69368,84.0
4260,83.94526,83.0
4261,82.055435,83.0
4262,81.525024,81.0
4263,79.92076,79.0
4264,77.999725,79.0
4265,77.702126,79.0
4266,78.07538,79.0
4267,78.44464,79.0
4268,78.63426,79.0
4269,78.60753,79.0
4270,78.42203,79.0
4271,78.31652,79.0
4272,78.75456,78.0
4273,77.75179,77.0
4274,76.526665,76.0
4275,75.33183,77.0
4276,76.098976,77.0
4277,76.656746,123.0
4278,104.238014,122.0
4279,111.25289,122.0
4280,117.74563,119.0
4281,118.640755,123.0
4282,123.224556,118.0
4283,118.43648,116.0
4284,113.87125,114.0
4285,110.03358,110.0
4286,106.100945,105.0
4287,101.17385,100.0
4288,96.02587,98.0
4289,93.660355,97.0
4290,94.7773,96.0
4291,94.58185,97.0
4292,96.49397,96.0
4293,96.13454,111.0
4294,107.33045,111.0
4295,110.26617,116.0
4296,115.1619,111.0
4297,111.025734,101.0
4298,98.28529,92.0
4299,85.633286,90.0
4300,81.19759,88.0
4301,81.103165,62.0
4302,57.914352,62.0
4303,53.016403,63.0
4304,54.879997,63.0
4305,57.66408,64.0
4306,60.704414,65.0
4307,63.436752,65.0
4308,65.51126,65.0
4309,67.309105,65.0
4310,67.133965,66.0
4311,66.32495,66.0
4312,65.505554,66.0
4313,64.73853,66.0
4314,64.84394,65.0
4315,64.07739,65.0
4316,64.03434,64.0
4317,63.11932,63.0
4318,62.104088,62.0
4319,61.0645,61.0
4320,60.1108,61.0
4321,60.170357,61.0
4322,60.475807,60.0
4323,59.859367,60.0
4324,59.825222,59.0
4325,58.89949,53.0
4326,53.320118,53.0
4327,51.066437,53.0
4328,50.93028,53.0
4329,51.603714,53.0
4330,52.369614,53.0
4331,52.92302,53.0
4332,53.277294,53.0
4333,53.42113,53.0
4334,53.336006,53.99999999999999
4335,54.04903,55.0
4336,55.089382,55.0
4337,55.409767,56.0
4338,56.28339,56.0
4339,56.286263,56.0
4340,55.956226,57.0
4341,56.544323,57.0
4342,56.621117,56.0
4343,55.68748,55.0
4344,54.28349,55.0
4345,53.91869,53.99999999999999
4346,53.32583,53.99999999999999
4347,53.400036,55.0
4348,54.55657,55.0
4349,55.21568,88.0
4350,73.79637,87.0
4351,78.91041,87.0
4352,82.744225,85.99999999999999
4353,84.54604,85.0
4354,85.47635,84.0
4355,84.9536,83.0
4356,83.12928,82.0
4357,80.63387,80.0
4358,77.826294,79.0
4359,76.98328,78.0
4360,76.65261,78.0
4361,77.41148,77.0
4362,77.10654,77.0
4363,76.8923,76.0
4364,75.70999,75.0
4365,74.18169,74.0
4366,72.66883,74.0
4367,72.57666,73.00000000000001
4368,72.09157,72.0
4369,71.09001,71.0
4370,70.10768,70.0
4371,69.14084,69.0
4372,68.23348,68.0
4373,67.33503,67.0
4374,66.40737,67.0
4375,66.36848,66.0
4376,65.69794,66.0
4377,65.6767,66.0
4378,65.83283,66.0
4379,65.927574,66.0
4380,66.09407,65.0
4381,65.22966,65.0
4382,64.88605,65.0
4383,64.66435,65.0
4384,64.67079,64.0
4385,63.677708,63.0
4386,62.32033,63.0
4387,62.036686,63.0
4388,62.23146,63.0
4389,62.590767,63.0
4390,62.73117,63.0
4391,62.843903,63.0
4392,62.904522,63.0
4393,62.870567,64.0
4394,63.693798,64.0
4395,63.904583,65.0
4396,64.71419,66.0
4397,65.57188,67.0
4398,66.34778,68.0
4399,67.27427,68.0
4400,67.68421,69.0
4401,68.62927,70.0
4402,69.78582,70.0
4403,70.19548,70.0
4404,70.49586,71.0
4405,71.2772,71.0
4406,71.20644,71.0
4407,71.09586,72.0
4408,72.03868,73.00000000000001
4409,73.30478,73.00000000000001
4410,73.33558,74.0
4411,74.06373,74.0
4412,74.06758,75.0
4413,74.88661,75.0
4414,74.830246,76.0
4415,75.80228,76.0
4416,75.98241,76.0
4417,75.945694,76.0
4418,75.75201,76.0
4419,75.828476,76.0
4420,75.90084,75.0
4421,74.926865,74.0
4422,73.68019,74.0
4423,73.4465,73.00000000000001
4424,72.659775,73.00000000000001
4425,72.57666,72.0
4426,71.76135,72.0
4427,71.62341,72.0
4428,71.776596,72.0
4429,72.11325,73.00000000000001
4430,73.37204,73.00000000000001
4431,73.318634,72.0
4432,72.43514,71.0
4433,70.39283,71.0
4434,69.629364,71.0
4435,69.80283,71.0
4436,70.22606,71.0
4437,70.602005,71.0
4438,70.746864,70.0
4439,69.74038,70.0
4440,69.24941,74.0
4441,73.05372,70.0
4442,70.436226,71.0
4443,70.58157,71.0
4444,70.60114,71.0
4445,70.72291,72.0
4446,71.73781,73.00000000000001
4447,72.894775,73.00000000000001
4448,73.32355,74.0
4449,74.314224,75.0
4450,75.50167,75.0
4451,75.76209,75.0
4452,75.573074,75.0
4453,75.367905,74.0
4454,74.251526,73.00000000000001
4455,72.700485,74.0
4456,73.22374,74.0
4457,73.73193,75.0
4458,75.25869,74.0
4459,74.58506,74.0
4460,73.96345,74.0
4461,73.69001,74.0
4462,73.47423,74.0
4463,73.57558,74.0
4464,73.74255,74.0
4465,73.85174,73.00000000000001
4466,72.896454,73.00000000000001
4467,72.53937,73.00000000000001
4468,72.59876,73.00000000000001
4469,72.78224,72.0
4470,72.01078,71.0
4471,70.873245,70.0
4472,69.577415,69.0
4473,68.51089,67.0
4474,66.35531,66.0
4475,65.02679,64.0
4476,62.91731,63.0
4477,61.69222,62.0
4478,60.81514,61.0
4479,60.11478,60.0
4480,59.310883,60.0
4481,59.442493,60.0
4482,59.81116,60.0
4483,60.0546,59.0
4484,59.115227,59.0
4485,58.607178,59.0
4486,58.335545,59.0
4487,58.381905,58.0
4488,57.63946,58.0
4489,57.3017,58.0
4490,57.42516,58.0
4491,57.52159,58.0
4492,57.703148,57.0
4493,56.838196,57.0
4494,56.765324,57.0
4495,56.684345,56.0
4496,55.841656,57.0
4497,56.44074,57.0
4498,56.813404,58.0
4499,57.919086,59.0
4500,59.23196,59.0
4501,59.677887,60.0
4502,60.53735,61.0
4503,61.40657,61.0
4504,61.3192,61.0
4505,60.9583,61.0
4506,60.717884,61.0
4507,60.53384,61.0
4508,60.499016,61.0
4509,60.54495,67.0
4510,66.06862,74.0
4511,72.848854,84.0
4512,80.96441,77.0
4513,77.67565,64.0
4514,64.69312,61.0
4515,56.782272,60.0
4516,53.92891,60.0
4517,54.95132,59.0
4518,56.27927,59.0
4519,57.625847,59.0
4520,58.74599,58.0
4521,58.756565,58.0
4522,58.9086,57.0
4523,57.905792,57.0
4524,57.36029,57.0
4525,57.058838,56.0
4526,55.739174,57.0
4527,56.17742,56.0
4528,55.76664,56.0
4529,55.855236,56.0
4530,55.973503,56.0
4531,55.83265,56.0
4532,55.659824,55.0
4533,54.58798,53.99999999999999
4534,53.273064,53.0
4535,52.072426,53.0
4536,51.86668,53.0
4537,52.23885,53.0
4538,52.657852,52.0
4539,52.17771,52.0
4540,52.03016,53.0
4541,52.76342,53.0
4542,53.24171,53.0
4543,53.356922,53.0
4544,53.39888,53.0
4545,53.206577,53.0
4546,53.001225,53.0
4547,52.866135,52.0
4548,51.89508,52.0
4549,51.560104,52.0
4550,51.487415,52.0
4551,51.58824,52.0
4552,51.66794,53.0
4553,53.043774,52.0
4554,52.56319,50.0
4555,50.13928,48.0
4556,46.78594,48.0
4557,45.5189,50.0
4558,47.786335,50.0
4559,49.762474,50.0
4560,50.92895,50.0
4561,50.77164,49.0
4562,49.5354,49.0
4563,48.648884,49.0
4564,48.321198,47.0
4565,46.53171,47.0
4566,45.948093,47.0
4567,46.19802,47.0
4568,46.637936,48.0
4569,47.955124,50.0
4570,50.153137,51.0
4571,51.780006,52.0
4572,53.05468,52.0
4573,53.360237,51.0
4574,52.09453,48.0
4575,48.25168,45.0
4576,43.379265,42.99999999999999
4577,39.044693,42.0
4578,38.001877,42.0
4579,39.62272,42.0
4580,41.961224,42.99999999999999
4581,44.497593,42.99999999999999
4582,45.34667,42.0
4583,43.79299,42.0
4584,42.129154,41.0
4585,39.948803,39.0
4586,37.13185,40.0
4587,37.75821,40.0
4588,38.933113,41.0
4589,40.64983,41.0
4590,41.8552,41.0
4591,42.24139,39.0
4592,40.363842,37.0
4593,37.39076,35.0
4594,34.063126,33.0
4595,30.922739,32.0
4596,29.267967,32.0
4597,29.613491,33.0
4598,31.572859,35.0
4599,34.82496,37.0
4600,38.66831,40.0
4601,43.244457,41.0
4602,44.614697,45.0
4603,47.57563,48.0
4604,50.16382,49.0
4605,50.766174,49.0
4606,49.26467,51.0
4607,49.825306,52.0
4608,50.93009,52.0
4609,51.511753,52.0
4610,51.80744,52.0
4611,51.95376,52.0
4612,52.032597,53.0
4613,53.005608,53.0
4614,53.43191,53.0
4615,53.563213,53.0
4616,53.51446,53.99999999999999
4617,54.320618,55.0
4618,55.686184,55.0
4619,55.922604,56.0
4620,56.624657,56.0
4621,56.549538,57.0
4622,57.08124,56.0
4623,55.980766,56.0
4624,55.244804,55.0
4625,54.010815,55.0
4626,53.88606,53.99999999999999
4627,53.25926,53.0
4628,52.377773,53.0
4629,52.446404,53.0
4630,52.775036,52.0
4631,51.95082,52.0
4632,51.841824,52.0
4633,51.9234,52.0
4634,51.850353,52.0
4635,52.018097,52.0
4636,51.96224,53.0
4637,52.72561,53.99999999999999
4638,53.86093,55.0
4639,55.038795,55.0
4640,55.370304,56.0
4641,56.230507,56.0
4642,56.296352,56.0
4643,56.170197,56.0
4644,55.953377,55.0
4645,54.940163,55.0
4646,54.663048,55.0
4647,54.553085,55.0
4648,54.696815,55.0
4649,54.901108,55.0
4650,55.078926,55.0
4651,55.28943,55.0
4652,55.376,55.0
4653,55.430355,56.0
4654,56.234,57.0
4655,57.389244,57.0
4656,57.54891,58.0
4657,58.157597,59.0
4658,58.85087,60.0
4659,59.89582,60.0
4660,60.16583,61.0
4661,60.86319,61.0
4662,60.920067,62.0
4663,61.67455,62.0
4664,61.973534,62.0
4665,62.058033,62.0
4666,61.980576,63.0
4667,62.869778,63.0
4668,63.147648,65.0
4669,64.829544,66.0
4670,66.29483,67.0
4671,67.637726,68.0
4672,68.87691,68.0
4673,68.97716,69.0
4674,69.47554,70.0
4675,70.44894,70.0
4676,70.40915,72.0
4677,72.148155,72.0
4678,72.58358,73.00000000000001
4679,73.364204,74.0
4680,74.4005,74.0
4681,74.272766,75.0
4682,74.837746,75.0
4683,74.79562,76.0
4684,75.614204,77.0
4685,76.77596,78.0
4686,77.84801,79.0
4687,78.81448,81.0
4688,80.56367,82.0
4689,82.10678,83.0
4690,83.445145,84.0
4691,84.77874,84.0
4692,84.96768,85.0
4693,85.473785,85.0
4694,85.08047,85.99999999999999
4695,85.69405,85.99999999999999
4696,85.93832,87.0
4697,86.790436,87.0
4698,86.750336,87.0
4699,86.686966,88.0
4700,87.62282,88.0
4701,87.83583,88.0
4702,87.93046,89.0
4703,89.04799,89.0
4704,89.168755,90.0
4705,90.27906,89.0
4706,89.01814,89.0
4707,88.61771,89.0
4708,88.59274,89.0
4709,88.61425,88.0
4710,87.63195,87.0
4711,86.55296,85.99999999999999
4712,85.45115,85.99999999999999
4713,85.345215,85.99999999999999
4714,85.60389,85.0
4715,84.97732,85.0
4716,84.828926,85.0
4717,84.96269,85.0
4718,85.08918,84.0
4719,84.12327,84.0
4720,83.64127,84.0
4721,83.219734,83.0
4722,81.95159,83.0
4723,81.866486,82.0
4724,81.04945,82.0
4725,81.1285,82.0
4726,81.57972,82.0
4727,81.9577,82.0
4728,82.103584,84.0
4729,84.150406,85.0
4730,85.58996,85.99999999999999
4731,86.39015,85.99999999999999
4732,86.13782,85.99999999999999
4733,85.721535,85.99999999999999
4734,85.47356,87.0
4735,86.297806,87.0
4736,86.780174,87.0
4737,86.83482,88.0
4738,87.88957,89.0
4739,89.19861,90.0
4740,90.56048,91.0
4741,91.75843,92.0
4742,92.74806,93.0
4743,93.49421,94.0
4744,94.45427,95.00000000000001
4745,94.85084,97.0
4746,96.88991,99.0
4747,99.572754,100.0
4748,100.19772,107.0
4749,106.84526,111.0
4750,111.85719,113.0
4751,114.17374,122.0
4752,122.40466,117.00000000000001
4753,117.38818,115.0
4754,113.353455,114.0
4755,111.50303,119.0
4756,115.78235,121.0
4757,118.20864,125.0
4758,122.1756,125.0
4759,123.54458,127.0
4760,126.75863,128.0
4761,128.97804,130.0
4762,131.79474,127.0
4763,128.17073,113.0
4764,108.56473,99.0
4765,85.51703,98.0
4766,82.60663,95.00000000000001
4767,86.68191,94.0
4768,90.63259,92.0
4769,92.069756,90.0
4770,91.17117,89.0
4771,89.53308,87.0
4772,85.69055,87.0
4773,84.09697,85.99999999999999
4774,83.38601,85.99999999999999
4775,83.53636,84.0
4776,82.86633,87.0
4777,86.06942,84.0
4778,83.787155,83.0
4779,82.1428,81.0
4780,79.877144,81.0
4781,79.52175,57.0
4782,56.854523,56.0
4783,47.619343,55.0
4784,46.078423,53.99999999999999
4785,47.61453,53.99999999999999
4786,49.91188,53.99999999999999
4787,51.805237,53.99999999999999
4788,53.561768,53.99999999999999
4789,55.30632,55.0
4790,56.7199,56.0
4791,58.477978,56.0
4792,58.22052,55.0
4793,55.64888,57.0
4794,55.8162,57.0
4795,56.00479,57.0
4796,56.067986,57.0
4797,56.52136,56.0
4798,55.886063,55.0
4799,54.300713,55.0
4800,54.038883,55.0
4801,54.459454,55.0
4802,54.858047,55.0
4803,55.17928,55.0
4804,55.301434,55.0
4805,55.18596,53.0
4806,53.702686,53.0
4807,53.047497,52.0
4808,51.986843,52.0
4809,51.57319,52.0
4810,51.54923,52.0
4811,51.69843,52.0
4812,51.932278,53.0
4813,53.03568,53.0
4814,53.42441,53.0
4815,53.432526,53.0
4816,53.30634,53.0
4817,53.0976,53.0
4818,52.75585,53.0
4819,52.462402,53.0
4820,52.29243,53.99999999999999
4821,53.398228,53.0
4822,52.999958,53.0
4823,52.771038,53.0
4824,52.55312,53.99999999999999
4825,53.52581,53.0
4826,52.93134,53.0
4827,52.602657,53.0
4828,52.410423,53.0
4829,52.388103,41.0
4830,42.27646,40.0
4831,37.062927,39.0
4832,34.904377,39.0
4833,35.466953,39.0
4834,36.792763,39.0
4835,38.27805,39.0
4836,39.7298,40.0
4837,41.373882,40.0
4838,41.984364,40.0
4839,42.00338,40.0
4840,41.240498,40.0
4841,39.872196,41.0
4842,40.23819,41.0
4843,40.593605,42.0
4844,42.06787,42.99999999999999
4845,43.59148,42.0
4846,42.90901,42.0
4847,42.387936,41.0
4848,40.881016,42.99999999999999
4849,42.331676,45.0
4850,44.997906,46.0
4851,47.00189,46.0
4852,47.31424,47.0
4853,47.99922,53.99999999999999
4854,52.983135,53.99999999999999
4855,54.776825,53.99999999999999
4856,55.26552,55.0
4857,55.789074,55.0
4858,55.577858,56.0
4859,56.062546,56.0
4860,56.10048,57.0
4861,56.886032,57.0
4862,56.98626,58.0
4863,57.954216,59.0
4864,59.363693,59.0
4865,59.768612,60.0
4866,60.625324,61.0
4867,61.60079,62.0
4868,62.4797,62.0
4869,62.42347,63.0
4870,63.050476,64.0
4871,63.92844,64.0
4872,64.3217,64.0
4873,64.07259,64.0
4874,63.872494,64.0
4875,63.713634,65.0
4876,64.50073,67.0
4877,66.44785,55.0
4878,56.687756,55.0
4879,53.016907,56.0
4880,53.133537,57.0
4881,55.027966,57.0
4882,56.38054,58.0
4883,58.01819,59.0
4884,59.96789,60.0
4885,61.490204,60.0
4886,61.52593,62.0
4887,62.813904,62.0
4888,62.819016,63.0
4889,63.53322,63.0
4890,63.201324,62.0
4891,62.32781,63.0
4892,62.537155,63.0
4893,62.665794,62.0
4894,61.670406,62.0
4895,61.037548,62.0
4896,61.36007,63.0
4897,62.670338,63.0
4898,63.108414,64.0
4899,64.20022,64.0
4900,64.25575,64.0
4901,64.18319,69.0
4902,67.946495,68.0
4903,68.37569,67.0
4904,67.6184,67.0
4905,67.14976,66.0
4906,65.94873,65.0
4907,64.52697,64.0
4908,63.25655,63.0
4909,62.09328,62.0
4910,61.101055,62.0
4911,61.086456,61.0
4912,60.54468,61.0
4913,60.613083,60.0
4914,59.986588,60.0
4915,59.728172,59.0
4916,58.699825,59.0
4917,58.534134,58.0
4918,57.527603,57.0
4919,56.41305,58.0
4920,57.278854,58.0
4921,57.613953,58.0
4922,57.69797,58.0
4923,58.041996,58.0
4924,57.989517,59.0
4925,58.843456,59.0
4926,59.055252,60.0
4927,59.964237,60.0
4928,60.1757,61.0
4929,61.016006,61.0
4930,61.217796,60.0
4931,60.506573,59.0
4932,59.140533,58.0
4933,57.6173,59.0
4934,57.941944,59.0
4935,58.281994,59.0
4936,58.802143,59.0
4937,59.058495,59.0
4938,59.172195,59.0
4939,59.156372,58.0
4940,57.962513,58.0
4941,57.754623,58.0
4942,57.70578,57.0
4943,56.725212,57.0
4944,56.573895,57.0
4945,56.484062,56.0
4946,55.51102,56.0
4947,55.346405,55.0
4948,54.55403,53.99999999999999
4949,53.49014,71.0
4950,63.60258,71.0
4951,67.51518,70.0
4952,69.27714,70.0
4953,70.42837,69.0
4954,69.94023,69.0
4955,69.285484,68.0
4956,67.57535,68.0
4957,66.791595,66.0
4958,64.69415,65.0
4959,63.453953,64.0
4960,62.46837,64.0
4961,62.666084,64.0
4962,63.275963,64.0
4963,63.846985,64.0
4964,64.1948,63.0
4965,63.25028,63.0
4966,62.615974,63.0
4967,62.46939,63.0
4968,62.562275,64.0
4969,63.513462,63.0
4970,62.868855,63.0
4971,62.524147,63.0
4972,62.485764,63.0
4973,62.61879,77.0
4974,70.896164,76.0
4975,73.16344,77.0
4976,75.474525,76.0
4977,76.2585,75.0
4978,75.845055,75.0
4979,75.65673,74.0
4980,74.40164,74.0
4981,73.793846,72.0
4982,71.71613,72.0
4983,70.975426,71.0
4984,70.14153,71.0
4985,70.3469,71.0
4986,70.81501,70.0
4987,69.98385,69.0
4988,68.420334,69.0
4989,67.8925,69.0
4990,68.10041,69.0
4991,68.33223,69.0
4992,68.750824,70.0
4993,69.68581,71.0
4994,70.84301,71.0
4995,70.84516,72.0
4996,71.43063,74.0
4997,72.99749,87.0
4998,81.00086,85.0
4999,82.18661,84.0
5000,83.25451,83.0
5001,83.42906,81.0
5002,81.794304,80.0
5003,80.02992,80.0
5004,79.284164,79.0
5005,78.10438,78.0
5006,77.11526,78.0
5007,77.40924,77.0
5008,76.85453,76.0
5009,75.62452,77.0
5010,76.18353,77.0
5011,76.606674,75.0
5012,74.6213,74.0
5013,72.75657,72.0
5014,70.52782,71.0
5015,69.47467,72.0
5016,70.939354,72.0
5017,71.87727,72.0
5018,72.23858,72.0
5019,72.55394,73.00000000000001
5020,73.36143,73.00000000000001
5021,73.49406,59.0
5022,59.94104,59.0
5023,55.03376,59.0
5024,54.506863,58.0
5025,55.15862,58.0
5026,56.40143,57.0
5027,56.928135,57.0
5028,57.768257,56.0
5029,57.3937,57.0
5030,58.098064,57.0
5031,57.838387,57.0
5032,57.51783,57.0
5033,57.264553,58.0
5034,57.74912,58.0
5035,57.94136,59.0
5036,58.945312,59.0
5037,59.102867,59.0
5038,58.933613,60.0
5039,59.66965,59.0
5040,58.89589,60.0
5041,59.45204,61.0
5042,60.7711,61.0
5043,61.302597,61.0
5044,61.40366,61.0
5045,61.20938,55.0
5046,55.736217,56.0
5047,54.77131,56.0
5048,54.694157,56.0
5049,55.108105,57.0
5050,56.51273,58.0
5051,58.05388,58.0
5052,58.763756,58.0
5053,59.05875,58.0
5054,58.924294,58.0
5055,58.36057,58.0
5056,57.76547,57.0
5057,56.30817,57.0
5058,55.935368,57.0
5059,56.23868,57.0
5060,56.496784,58.0
5061,57.536766,58.0
5062,58.1339,59.0
5063,59.336945,59.0
5064,59.54952,60.0
5065,60.408318,60.0
5066,60.446865,60.0
5067,60.239883,60.0
5068,60.005203,60.0
5069,59.89818,68.0
5070,65.00202,68.0
5071,66.61508,69.0
5072,68.320335,70.0
5073,69.89238,70.0
5074,70.39523,71.0
5075,71.40948,71.0
5076,71.63864,72.0
5077,72.3561,72.0
5078,72.08425,72.0
5079,71.84607,73.00000000000001
5080,72.71324,73.00000000000001
5081,72.99107,74.0
5082,74.031906,75.0
5083,75.19042,76.0
5084,75.999306,77.0
5085,77.42836,97.0
5086,92.7845,97.0
5087,96.91554,78.0
5088,77.57527,79.0
5089,71.81864,79.0
5090,72.60862,79.0
5091,76.22585,80.0
5092,80.4174,80.0
5093,81.66566,80.0
5094,81.70262,80.0
5095,80.680244,80.0
5096,79.65459,81.0
5097,80.68977,82.0
5098,82.56036,83.0
5099,84.37957,84.0
5100,85.65745,85.0
5101,86.11008,85.99999999999999
5102,86.75902,88.0
5103,88.782394,89.0
5104,90.48697,90.0
5105,92.113914,89.0
5106,89.94404,89.0
5107,88.057625,88.0
5108,87.01077,87.0
5109,86.028496,85.0
5110,84.25514,84.0
5111,83.19048,84.0
5112,84.07215,82.0
5113,82.75825,81.0
5114,81.247696,81.0
5115,81.00709,80.0
5116,80.55481,80.0
5117,80.6621,79.0
5118,80.4622,79.0
5119,80.18053,79.0
5120,80.159325,78.0
5121,78.91577,77.0
5122,76.80353,76.0
5123,75.504395,74.0
5124,73.333694,73.00000000000001
5125,71.90292,71.0
5126,70.0094,69.0
5127,67.724365,68.0
5128,66.57653,67.0
5129,65.80247,67.0
5130,66.09548,66.0
5131,65.658104,65.0
5132,64.69289,65.0
5133,64.57224,66.0
5134,65.6129,66.0
5135,66.15117,93.0
5136,83.19911,80.0
5137,78.44606,65.0
5138,64.39261,65.0
5139,59.719078,65.0
5140,59.833527,65.0
5141,62.17475,64.0
5142,63.492737,64.0
5143,64.46533,63.0
5144,63.933235,61.0
5145,61.50706,60.0
5146,59.63857,59.0
5147,58.13417,58.0
5148,56.980083,58.0
5149,56.968094,57.0
5150,56.369656,57.0
5151,56.7781,56.0
5152,56.27411,55.0
5153,54.995888,55.0
5154,54.412468,53.99999999999999
5155,53.203682,53.99999999999999
5156,53.145103,53.99999999999999
5157,53.38538,53.99999999999999
5158,53.561317,53.99999999999999
5159,53.554844,55.0
5160,54.69561,55.0
5161,55.07514,55.0
5162,55.044888,55.0
5163,54.84703,56.0
5164,55.60726,57.0
5165,56.781082,58.0
5166,58.097286,59.0
5167,59.20054,60.0
5168,60.221138,61.0
5169,61.255077,63.0
5170,63.031624,64.0
5171,64.37595,66.0
5172,66.562935,67.0
5173,68.00304,68.0
5174,69.006996,69.0
5175,69.87057,69.0
5176,69.64267,70.0
5177,70.11195,70.0
5178,69.9942,71.0
5179,70.90611,73.00000000000001
5180,73.260956,74.0
5181,74.84379,75.0
5182,76.06218,74.0
5183,74.736145,75.0
5184,74.66671,75.0
5185,74.54427,76.0
5186,75.53988,77.0
5187,76.45402,77.0
5188,76.84125,78.0
5189,77.688545,78.0
5190,77.8813,79.0
5191,78.69453,80.0
5192,79.54328,81.0
5193,80.9115,82.0
5194,81.9271,82.0
5195,82.516846,82.0
5196,82.525024,83.0
5197,83.29009,83.0
5198,83.050026,85.0
5199,84.86273,87.0
5200,87.49472,88.0
5201,89.212715,90.0
5202,91.01496,92.0
5203,93.33754,93.0
5204,93.232864,94.0
5205,94.06203,95.00000000000001
5206,94.85583,96.0
5207,95.61164,97.0
5208,96.62338,96.0
5209,95.84204,97.0
5210,96.60414,96.0
5211,95.946266,96.0
5212,95.7616,95.00000000000001
5213,94.75483,95.00000000000001
5214,94.52168,94.0
5215,93.78053,93.0
5216,92.90489,92.0
5217,92.00636,92.0
5218,92.06201,91.0
5219,91.14465,91.0
5220,91.32805,91.0
5221,91.75222,90.0
5222,90.61847,90.0
5223,89.95174,90.0
5224,89.6395,89.0
5225,88.20403,88.0
5226,87.10135,87.0
5227,85.77322,87.0
5228,85.495544,85.0
5229,83.624695,84.0
5230,82.212524,83.0
5231,81.18176,83.0
5232,81.76456,83.0
5233,82.21885,83.0
5234,82.90131,83.0
5235,82.71887,83.0
5236,82.80286,82.0
5237,82.00373,82.0
5238,81.77096,81.0
5239,80.832924,81.0
5240,80.61906,81.0
5241,80.670074,81.0
5242,80.793236,81.0
5243,81.10111,80.0
5244,80.47092,80.0
5245,80.28585,79.0
5246,79.140144,78.0
5247,77.65919,78.0
5248,77.2557,76.0
5249,75.252045,74.0
5250,72.41225,73.00000000000001
5251,71.05354,71.0
5252,69.16782,70.0
5253,68.382614,69.0
5254,67.81305,68.0
5255,67.25491,68.0
5256,67.50924,65.0
5257,64.84403,65.0
5258,64.02744,65.0
5259,64.18054,63.0
5260,62.660515,63.0
5261,62.34171,62.0
5262,61.577526,62.0
5263,61.47751,61.0
5264,60.6705,60.0
5265,59.610577,60.0
5266,59.316032,60.0
5267,59.42326,60.0
5268,59.639603,59.0
5269,58.998306,59.0
5270,58.868645,59.0
5271,58.81153,58.0
5272,57.9042,60.0
5273,59.36089,60.0
5274,60.012383,61.0
5275,61.102013,60.0
5276,60.393486,60.0
5277,59.87898,60.0
5278,59.55978,60.0
5279,59.59185,59.0
5280,58.63605,59.0
5281,58.421955,59.0
5282,58.50192,59.0
5283,58.762802,59.0
5284,58.946617,60.0
5285,59.89933,60.0
5286,60.28851,61.0
5287,61.16999,61.0
5288,61.409542,62.0
5289,62.153355,62.0
5290,62.290794,62.0
5291,62.18664,62.0
5292,62.0183,62.0
5293,61.799423,62.0
5294,61.653408,61.0
5295,60.820004,60.0
5296,59.630222,59.0
5297,58.346508,58.0
5298,57.01542,58.0
5299,57.067356,59.0
5300,58.457676,59.0
5301,59.230286,59.0
5302,59.444267,59.0
5303,59.407333,59.0
5304,59.148746,59.0
5305,58.830673,58.0
5306,57.70491,58.0
5307,57.413033,57.0
5308,56.55754,57.0
5309,56.439022,56.0
5310,55.711998,55.0
5311,54.717186,55.0
5312,54.493465,53.99999999999999
5313,53.697,53.0
5314,52.698154,52.0
5315,51.543888,52.0
5316,51.335846,51.0
5317,50.5426,50.0
5318,49.625206,51.0
5319,50.401863,50.0
5320,49.98082,50.0
5321,49.971027,51.0
5322,50.79462,50.0
5323,50.248955,47.0
5324,46.488865,48.0
5325,45.8876,58.0
5326,54.33568,61.0
5327,59.9798,84.0
5328,75.0145,104.0
5329,90.94358,97.0
5330,92.60281,67.0
5331,67.457596,49.0
5332,40.008083,50.0
5333,32.41518,50.0
5334,33.90846,51.0
5335,38.10269,51.0
5336,42.375137,50.0
5337,45.229652,51.0
5338,48.719864,52.0
5339,51.95141,52.0
5340,54.16157,52.0
5341,54.769943,53.0
5342,54.90473,52.0
5343,52.830254,53.0
5344,51.73465,53.0
5345,50.89368,53.0
5346,51.483376,53.99999999999999
5347,53.7928,53.99999999999999
5348,54.494843,53.99999999999999
5349,54.497364,53.0
5350,53.148243,53.0
5351,52.583866,53.0
5352,52.52583,53.0
5353,52.54459,53.0
5354,52.737995,53.99999999999999
5355,53.842724,53.99999999999999
5356,54.3315,53.99999999999999
5357,54.417843,53.99999999999999
5358,54.393063,53.99999999999999
5359,54.239193,53.99999999999999
5360,54.078495,55.0
5361,54.694347,55.0
5362,55.136814,53.99999999999999
5363,54.282806,55.0
5364,54.724613,55.0
5365,54.848164,55.0
5366,54.873096,55.0
5367,54.891598,55.0
5368,54.91971,55.0
5369,54.835266,55.0
5370,54.850567,55.0
5371,54.73244,53.99999999999999
5372,53.563522,55.0
5373,54.321507,53.99999999999999
5374,53.815968,53.99999999999999
5375,53.62948,55.0
5376,54.61057,55.0
5377,55.112743,55.0
5378,55.175877,55.0
5379,55.12475,55.0
5380,55.06843,55.0
5381,55.042377,55.0
5382,54.93992,55.0
5383,54.88781,55.0
5384,54.843082,55.0
5385,54.884346,56.0
5386,55.71718,56.0
5387,56.059036,56.0
5388,56.170364,56.0
5389,56.120007,56.0
5390,56.003178,57.0
5391,56.737263,57.0
5392,57.00389,57.0
5393,57.077705,56.0
5394,56.297947,56.0
5395,55.586834,55.0
5396,54.2963,55.0
5397,53.9235,55.0
5398,54.22784,56.0
5399,55.57803,56.0
5400,56.32555,56.0
5401,56.503166,56.0
5402,56.51273,56.0
5403,56.472034,56.0
5404,56.2075,57.0
5405,56.833847,57.0
5406,56.965794,57.0
5407,56.961887,57.0
5408,56.97148,57.0
5409,56.963573,57.0
5410,56.865284,57.0
5411,56.847,58.0
5412,57.62259,58.0
5413,57.96645,59.0
5414,58.909645,59.0
5415,59.175293,60.0
5416,60.09224,61.0
5417,61.472584,61.0
5418,61.806656,62.0
5419,62.59962,63.0
5420,63.497444,65.0
5421,65.36537,66.0
5422,66.58303,67.0
5423,67.626724,68.0
5424,68.43773,69.0
5425,69.28887,70.0
5426,70.127975,71.0
5427,70.90978,72.0
5428,71.82827,73.00000000000001
5429,72.70293,73.00000000000001
5430,72.89236,74.0
5431,73.61374,75.0
5432,74.74816,76.0
5433,75.89905,77.0
5434,77.08342,79.0
5435,78.90339,79.0
5436,79.63046,80.0
5437,80.72047,81.0
5438,81.6027,82.0
5439,82.47545,82.0
5440,82.483215,83.0
5441,83.01581,84.0
5442,83.94773,85.0
5443,85.07862,85.0
5444,85.214096,85.0
5445,84.953545,84.0
5446,83.53794,84.0
5447,82.98893,83.0
5448,81.88504,82.0
5449,80.84707,81.0
5450,80.24935,80.0
5451,79.512085,79.0
5452,78.5424,78.0
5453,77.48977,78.0
5454,77.446434,77.0
5455,76.71159,76.0
5456,75.61649,75.0
5457,74.50067,74.0
5458,73.49885,72.0
5459,71.51322,71.0
5460,70.21033,70.0
5461,69.23161,69.0
5462,68.277596,68.0
5463,67.22196,66.0
5464,65.116425,65.0
5465,63.685696,65.0
5466,63.766098,63.0
5467,62.316517,62.0
5468,61.094753,61.0
5469,59.853542,61.0
5470,59.88224,60.0
5471,59.387424,60.0
5472,59.42956,60.0
5473,59.55244,60.0
5474,59.798412,60.0
5475,59.92644,60.0
5476,59.99062,59.0
5477,59.223923,58.0
5478,58.016586,58.0
5479,57.380722,57.0
5480,56.55556,57.0
5481,56.332397,56.0
5482,55.53239,56.0
5483,55.427357,56.0
5484,55.578712,56.0
5485,55.81882,56.0
5486,55.983562,56.0
5487,56.016113,56.0
5488,56.026615,55.0
5489,54.94708,55.0
5490,54.509132,53.99999999999999
5491,53.23661,53.99999999999999
5492,52.7941,53.99999999999999
5493,52.94726,53.99999999999999
5494,53.405975,53.99999999999999
5495,53.768032,53.99999999999999
5496,53.954735,53.99999999999999
5497,54.069065,53.99999999999999
5498,53.998814,53.99999999999999
5499,53.9222,53.99999999999999
5500,53.887463,55.0
5501,54.836617,55.0
5502,55.156586,56.0
5503,55.99154,56.0
5504,56.195934,57.0
5505,57.017532,57.0
5506,57.2515,58.0
5507,58.074432,58.0
5508,58.220993,59.0
5509,59.025856,59.0
5510,59.192204,59.0
5511,59.09847,59.0
5512,58.983227,60.0
5513,59.850708,61.0
5514,61.253838,62.0
5515,62.56197,64.0
5516,64.49587,65.0
5517,65.790665,66.0
5518,66.95268,67.0
5519,67.81271,69.0
5520,69.41057,69.0
5521,69.49182,71.0
5522,71.048515,71.0
5523,71.43465,70.0
5524,70.28673,70.0
5525,69.651535,56.0
5526,56.59594,56.0
5527,51.678535,56.0
5528,51.138607,57.0
5529,53.250156,57.0
5530,54.85854,57.0
5531,56.235218,57.0
5532,57.47002,57.0
5533,58.408775,57.0
5534,58.60849,55.0
5535,56.221596,55.0
5536,54.367012,55.0
5537,53.34399,53.99999999999999
5538,52.605713,53.99999999999999
5539,53.137943,53.99999999999999
5540,53.835472,55.0
5541,55.653786,55.0
5542,55.796684,55.0
5543,55.79719,55.0
5544,55.266315,55.0
5545,55.14505,55.0
5546,54.76344,53.99999999999999
5547,53.67104,53.99999999999999
5548,53.42404,53.99999999999999
5549,53.50683,53.99999999999999
5550,53.52449,55.0
5551,54.620228,56.0
5552,55.97475,57.0
5553,57.24186,57.0
5554,58.039875,57.0
5555,57.926083,57.0
5556,57.493378,57.0
5557,56.988735,57.0
5558,56.59504,57.0
5559,56.471195,56.0
5560,55.664345,56.0
5561,55.390434,56.0
5562,55.45801,56.0
5563,55.860085,56.0
5564,56.118645,56.0
5565,56.181107,56.0
5566,56.08941,55.0
5567,54.9699,55.0
5568,54.42323,55.0
5569,54.370907,55.0
5570,54.44505,55.0
5571,54.547546,53.99999999999999
5572,53.87448,53.99999999999999
5573,53.737843,48.0
5574,48.31049,48.0
5575,46.1846,49.0
5576,46.70932,48.0
5577,46.92178,48.0
5578,47.638607,48.0
5579,48.25667,48.0
5580,48.57129,47.0
5581,47.758938,47.0
5582,47.347298,47.0
5583,47.077263,47.0
5584,46.924732,48.0
5585,47.78921,48.0
5586,48.2757,48.0
5587,48.409172,47.0
5588,47.258392,46.0
5589,45.708282,48.0
5590,47.10541,49.0
5591,48.87917,50.0
5592,50.526775,48.0
5593,48.939884,46.0
5594,46.148113,45.0
5595,43.74898,45.0
5596,43.161503,44.0
5597,42.809776,69.0
5598,56.59172,70.0
5599,61.931694,72.0
5600,66.31352,74.0
5601,69.93407,75.0
5602,72.481064,77.0
5603,75.116325,78.0
5604,77.154396,80.0
5605,79.45565,80.0
5606,80.64939,81.0
5607,81.7653,82.0
5608,82.37869,82.0
5609,81.71939,82.0
5610,81.60283,83.0
5611,82.45134,85.0
5612,85.01989,87.0
5613,88.043465,88.0
5614,89.176674,88.0
5615,88.79787,129.0
5616,117.9776,116.0
5617,114.14353,104.0
5618,104.20285,89.0
5619,84.21564,89.0
5620,79.27967,87.0
5621,80.08999,64.0
5622,59.564472,64.0
5623,55.67799,63.0
5624,56.669636,64.0
5625,60.146053,65.0
5626,63.363678,66.0
5627,66.71414,66.0
5628,68.84441,66.0
5629,69.05102,67.0
5630,68.94571,67.0
5631,67.63436,68.0
5632,67.82992,68.0
5633,67.47789,69.0
5634,68.538216,70.0
5635,70.10086,70.0
5636,70.34011,71.0
5637,70.87331,72.0
5638,71.94485,73.00000000000001
5639,73.20889,72.0
5640,72.3077,72.0
5641,71.80965,72.0
5642,71.50329,71.0
5643,70.57724,70.0
5644,69.36765,69.0
5645,68.29884,59.0
5646,58.790977,59.0
5647,55.70402,59.0
5648,55.707806,58.0
5649,56.405144,58.0
5650,57.54526,58.0
5651,58.41388,58.0
5652,58.974533,58.0
5653,59.094555,59.0
5654,59.688866,59.0
5655,59.469803,59.0
5656,59.02946,60.0
5657,59.63525,60.0
5658,59.820793,62.0
5659,61.812435,62.0
5660,62.482395,62.0
5661,62.384075,63.0
5662,63.146984,64.0
5663,64.14292,63.0
5664,63.30612,63.0
5665,62.829468,63.0
5666,62.552532,63.0
5667,62.480183,64.0
5668,63.35477,65.0
5669,64.626884,53.0
5670,54.1993,52.0
5671,49.332935,48.0
5672,44.721565,44.0
5673,40.495605,40.0
5674,36.833046,40.0
5675,37.00041,41.0
5676,38.80043,41.0
5677,40.395927,41.0
5678,41.761974,42.0
5679,43.621822,42.99999999999999
5680,45.299484,42.99999999999999
5681,45.231827,42.0
5682,43.31335,42.0
5683,41.4729,42.99999999999999
5684,41.71683,44.0
5685,43.20918,46.0
5686,46.19981,49.0
5687,49.918915,50.0
5688,51.710278,52.0
5689,53.584328,52.0
5690,53.41532,52.0
5691,52.65897,52.0
5692,51.833008,52.0
5693,51.202892,63.0
5694,58.27919,63.0
5695,61.21172,63.0
5696,63.10495,64.0
5697,64.71855,64.0
5698,64.995544,66.0
5699,66.505295,66.0
5700,66.711426,68.0
5701,68.17826,69.0
5702,69.324745,71.0
5703,71.332275,72.0
5704,72.75194,72.0
5705,72.93588,72.0
5706,72.34326,73.00000000000001
5707,72.74118,73.00000000000001
5708,72.8077,73.00000000000001
5709,72.78063,73.00000000000001
5710,72.81238,73.00000000000001
5711,72.700874,73.00000000000001
5712,72.66213,73.00000000000001
5713,72.715416,73.00000000000001
5714,72.81015,74.0
5715,73.86212,74.0
5716,73.97983,75.0
5717,74.877205,75.0
5718,75.24091,76.0
5719,76.36082,76.0
5720,76.4313,76.0
5721,76.29868,76.0
5722,75.93613,76.0
5723,75.832245,76.0
5724,75.75844,76.0
5725,75.78013,77.0
5726,76.7626,77.0
5727,77.09048,77.0
5728,77.33711,77.0
5729,77.1385,76.0
5730,75.840614,77.0
5731,76.276405,78.0
5732,77.36282,78.0
5733,77.73763,79.0
5734,78.788025,79.0
5735,79.046814,80.0
5736,79.87116,81.0
5737,80.89101,82.0
5738,82.19708,82.0
5739,82.348335,82.0
5740,81.751205,81.0
5741,80.5044,73.00000000000001
5742,72.36433,72.0
5743,69.39298,72.0
5744,69.26505,72.0
5745,70.23352,71.0
5746,70.48981,71.0
5747,71.00197,70.0
5748,70.60614,69.0
5749,69.56388,68.0
5750,68.190315,67.0
5751,66.27084,68.0
5752,66.900696,68.0
5753,67.84923,67.0
5754,67.66572,66.0
5755,65.958,67.0
5756,66.2294,67.0
5757,66.34713,77.0
5758,75.22628,80.0
5759,80.60788,97.0
5760,93.71991,101.0
5761,99.35279,97.0
5762,97.64834,80.0
5763,79.39623,64.0
5764,56.29441,64.0
5765,50.396706,61.0
5766,50.485573,60.0
5767,52.66897,60.0
5768,55.474186,59.0
5769,57.427605,59.0
5770,58.877655,59.0
5771,60.31436,59.0
5772,61.15201,60.0
5773,61.751007,59.0
5774,60.45882,59.0
5775,58.39717,58.0
5776,56.136364,58.0
5777,55.928665,57.0
5778,55.742916,57.0
5779,56.30474,56.0
5780,55.695404,56.0
5781,55.562283,55.0
5782,54.59247,55.0
5783,54.4526,55.0
5784,54.594837,53.99999999999999
5785,53.840794,53.0
5786,52.730625,53.0
5787,52.436226,53.0
5788,52.470924,52.0
5789,51.784573,60.0
5790,56.774857,61.0
5791,59.48753,61.0
5792,61.007374,62.0
5793,62.457813,63.0
5794,63.65182,63.0
5795,63.808353,63.0
5796,63.616806,63.0
5797,63.247704,63.0
5798,62.833153,63.0
5799,62.593166,63.0
5800,62.475723,63.0
5801,62.528854,64.0
5802,63.611694,65.0
5803,65.168846,65.0
5804,65.60311,65.0
5805,65.38643,64.0
5806,64.03165,64.0
5807,63.425423,64.0
5808,63.2912,64.0
5809,63.372623,64.0
5810,63.60706,63.0
5811,62.948036,63.0
5812,62.75133,62.0
5813,61.87138,53.99999999999999
5814,54.3572,53.99999999999999
5815,51.719624,53.99999999999999
5816,51.488503,53.99999999999999
5817,52.55518,53.99999999999999
5818,53.652096,55.0
5819,55.1707,56.0
5820,56.751953,57.0
5821,58.07697,57.0
5822,58.30116,58.0
5823,58.50196,58.0
5824,57.973965,59.0
5825,58.5335,59.0
5826,58.7661,59.0
5827,58.860947,59.0
5828,58.71676,60.0
5829,59.524563,60.0
5830,60.005653,60.0
5831,59.92474,59.0
5832,59.047142,59.0
5833,58.66616,59.0
5834,58.529896,59.0
5835,58.67206,59.0
5836,58.750298,59.0
5837,58.850708,58.0
5838,58.046654,58.0
5839,57.78162,58.0
5840,57.682693,58.0
5841,57.75679,58.0
5842,57.863064,57.0
5843,57.161377,56.0
5844,55.993835,55.0
5845,54.69409,55.0
5846,54.101234,55.0
5847,54.220192,55.0
5848,54.60113,55.0
5849,54.92839,55.0
5850,55.11344,53.99999999999999
5851,54.001556,55.0
5852,54.51024,53.0
5853,52.83625,52.0
5854,51.175713,53.0
5855,51.739544,53.0
5856,52.403015,52.0
5857,52.01967,52.0
5858,51.96482,52.0
5859,51.909668,51.0
5860,51.050884,50.0
5861,49.883778,49.0
5862,48.680782,49.0
5863,48.370758,46.0
5864,45.851597,45.0
5865,44.086,42.99999999999999
5866,41.903236,42.99999999999999
5867,41.431023,42.99999999999999
5868,41.75017,42.99999999999999
5869,42.466118,42.0
5870,42.28682,42.99999999999999
5871,43.18426,44.0
5872,44.530655,44.0
5873,44.963844,45.0
5874,45.879,44.0
5875,44.653076,42.0
5876,41.43369,42.99999999999999
5877,40.940407,44.0
5878,42.43443,42.99999999999999
5879,43.04598,44.0
5880,44.347874,45.0
5881,45.87164,46.0
5882,47.112923,47.0
5883,48.03544,48.0
5884,48.81447,49.0
5885,49.760944,49.0
5886,49.75179,49.0
5887,49.372467,50.0
5888,49.834415,51.0
5889,50.729435,51.0
5890,51.007824,52.0
5891,51.85679,52.0
5892,52.184242,52.0
5893,52.261864,52.0
5894,52.204212,52.0
5895,52.0628,52.0
5896,51.881615,52.0
5897,51.810658,52.0
5898,51.848343,53.0
5899,52.946484,53.99999999999999
5900,54.457283,53.99999999999999
5901,54.821335,53.99999999999999
5902,54.49037,55.0
5903,55.01802,55.0
5904,54.95185,55.0
5905,54.803654,55.0
5906,54.68354,55.0
5907,54.633713,55.0
5908,54.59094,55.0
5909,54.748,55.0
5910,54.855423,56.0
5911,55.798958,56.0
5912,56.119797,56.0
5913,56.27598,56.0
5914,56.213024,56.0
5915,56.1533,56.0
5916,56.01462,57.0
5917,56.827724,57.0
5918,57.143482,58.0
5919,57.895065,59.0
5920,59.11289,60.0
5921,60.637516,60.0
5922,60.957508,60.0
5923,60.503036,59.0
5924,58.78391,59.0
5925,57.908314,60.0
5926,58.870358,61.0
5927,60.501514,61.0
5928,61.083584,61.0
5929,61.230644,61.0
5930,61.075256,61.0
5931,60.953495,61.0
5932,60.790833,61.0
5933,60.719486,60.0
5934,59.821026,60.0
5935,59.698418,60.0
5936,59.779793,60.0
5937,59.93896,60.0
5938,60.069145,60.0
5939,60.09376,60.0
5940,60.082848,60.0
5941,60.11591,59.0
5942,59.143555,59.0
5943,58.72326,58.0
5944,57.51246,57.0
5945,56.036224,56.0
5946,54.729034,56.0
5947,54.809975,56.0
5948,55.528015,56.0
5949,56.02006,55.0
5950,55.01933,53.99999999999999
5951,53.62476,53.99999999999999
5952,53.20439,53.99999999999999
5953,53.483147,53.99999999999999
5954,53.72338,53.99999999999999
5955,53.872406,53.99999999999999
5956,53.995388,55.0
5957,54.98194,55.0
5958,55.255386,55.0
5959,55.267834,55.0
5960,55.174168,55.0
5961,55.07344,53.99999999999999
5962,54.124157,53.99999999999999
5963,53.700867,53.99999999999999
5964,53.594337,53.99999999999999
5965,53.6578,53.99999999999999
5966,53.772274,53.99999999999999
5967,53.919403,53.99999999999999
5968,54.064495,53.0
5969,53.214363,53.99999999999999
5970,53.73315,53.99999999999999
5971,54.005432,53.99999999999999
5972,54.101364,53.99999999999999
5973,54.126297,53.99999999999999
5974,53.962578,53.99999999999999
5975,53.73981,53.99999999999999
5976,53.658497,53.99999999999999
5977,53.608,53.99999999999999
5978,53.68412,53.99999999999999
5979,53.780373,53.99999999999999
5980,53.634743,53.99999999999999
5981,53.898327,53.99999999999999
5982,53.969666,53.99999999999999
5983,53.92052,55.0
5984,54.76949,55.0
5985,55.128807,55.0
5986,55.196304,55.0
5987,55.092354,56.0
5988,55.804,56.0
5989,56.041965,56.0
5990,56.078247,56.0
5991,56.0677,57.0
5992,56.986835,56.0
5993,56.315037,57.0
5994,56.99431,56.0
5995,56.13161,57.0
5996,56.67666,57.0
5997,56.683357,58.0
5998,57.73803,58.0
5999,58.201717,58.0
6000,58.18136,58.0
6001,58.07207,58.0
6002,57.86088,58.0
6003,57.721245,57.0
6004,56.679592,57.0
6005,56.52381,57.0
6006,56.660023,57.0
6007,56.772434,56.0
6008,56.080227,56.0
6009,55.87645,56.0
6010,55.795834,55.0
6011,54.90752,55.0
6012,54.6353,55.0
6013,54.5538,55.0
6014,54.621605,55.0
6015,54.709316,56.0
6016,55.554897,57.0
6017,57.048805,59.0
6018,59.326355,60.0
6019,60.98299,60.0
6020,60.96839,59.0
6021,59.37284,60.0
6022,59.544926,60.0
6023,59.385567,59.0
6024,58.5023,59.0
6025,58.28395,59.0
6026,58.468582,59.0
6027,58.7708,59.0
6028,58.905365,59.0
6029,59.082138,59.0
6030,59.123955,59.0
6031,59.1997,59.0
6032,59.248165,59.0
6033,59.325104,59.0
6034,59.322327,58.0
6035,58.25309,58.0
6036,57.742558,58.0
6037,57.576843,58.0
6038,57.574997,57.0
6039,56.72567,56.0
6040,55.62339,55.0
6041,54.416527,53.0
6042,52.220707,52.0
6043,50.502132,52.0
6044,50.31981,52.0
6045,50.938755,52.0
6046,51.616592,51.0
6047,51.08722,52.0
6048,51.803814,52.0
6049,51.956554,53.0
6050,52.855,53.0
6051,53.060303,53.99999999999999
6052,54.001225,53.0
6053,53.306915,53.99999999999999
6054,53.778046,53.0
6055,52.9939,53.0
6056,52.65232,53.0
6057,52.62696,53.0
6058,52.695534,53.0
6059,52.800026,52.0
6060,51.998646,52.0
6061,51.772537,52.0
6062,51.792675,52.0
6063,52.02067,53.0
6064,53.075027,53.0
6065,53.48657,53.0
6066,53.311573,53.0
6067,53.181313,52.0
6068,51.83398,53.0
6069,51.992172,53.0
6070,52.246822,53.0
6071,52.517994,53.0
6072,52.779636,52.0
6073,51.87536,52.0
6074,51.560814,50.0
6075,49.716606,49.0
6076,48.19239,48.0
6077,46.968777,47.0
6078,45.984837,46.0
6079,45.313583,45.0
6080,44.600254,45.0
6081,44.629368,45.0
6082,44.913925,45.0
6083,45.17768,46.0
6084,46.224197,45.0
6085,45.815372,45.0
6086,45.466652,46.0
6087,46.01651,45.0
6088,45.227684,45.0
6089,44.793568,45.0
6090,44.448284,47.0
6091,46.49324,48.0
6092,48.53676,48.0
6093,48.914253,48.0
6094,48.640026,48.0
6095,47.956516,49.0
6096,48.24678,49.0
6097,48.32377,49.0
6098,48.51418,49.0
6099,48.680565,49.0
6100,48.85528,49.0
6101,49.00006,48.0
6102,48.29693,49.0
6103,48.819054,50.0
6104,49.868298,51.0
6105,51.19731,52.0
6106,52.762577,52.0
6107,53.12181,52.0
6108,52.94535,52.0
6109,52.526222,52.0
6110,52.084366,52.0
6111,51.75014,52.0
6112,51.600494,52.0
6113,51.536827,52.0
6114,51.78919,51.0
6115,50.96833,52.0
6116,51.457546,51.0
6117,50.81036,51.0
6118,50.591095,49.0
6119,48.717487,47.0
6120,46.102127,47.0
6121,45.351295,49.0
6122,47.45263,51.0
6123,50.284927,51.0
6124,51.634735,52.0
6125,52.9212,52.0
6126,53.072926,53.0
6127,53.582138,53.0
6128,53.443462,53.0
6129,53.128197,53.0
6130,52.812546,53.0
6131,52.632732,53.0
6132,52.612896,53.0
6133,52.629555,53.99999999999999
6134,53.61433,53.99999999999999
6135,54.053204,53.99999999999999
6136,54.23172,53.99999999999999
6137,54.198833,53.99999999999999
6138,54.06368,53.99999999999999
6139,54.000393,53.0
6140,52.8996,53.0
6141,52.406586,53.0
6142,52.298763,52.0
6143,51.380375,53.0
6144,52.351635,52.0
6145,51.945396,52.0
6146,51.855274,51.0
6147,51.000374,50.0
6148,49.810165,49.0
6149,48.565746,47.0
6150,46.50636,47.0
6151,45.922466,46.0
6152,45.231995,45.0
6153,44.464893,44.0
6154,43.624413,44.0
6155,43.45662,44.0
6156,43.66136,44.0
6157,43.940746,42.99999999999999
6158,43.27132,42.99999999999999
6159,42.963882,42.0
6160,41.88228,41.0
6161,40.450874,41.0
6162,39.994644,40.0
6163,39.26666,41.0
6164,40.37567,42.99999999999999
6165,43.36981,46.0
6166,47.470367,47.0
6167,49.374054,47.0
6168,49.05433,48.0
6169,49.113987,49.0
6170,49.32537,49.0
6171,48.977303,49.0
6172,48.666843,50.0
6173,49.357536,51.0
6174,50.491177,52.0
6175,51.791874,53.0
6176,53.160965,53.99999999999999
6177,54.460346,53.99999999999999
6178,54.808044,55.0
6179,55.547256,55.0
6180,55.63531,55.0
6181,55.433296,55.0
6182,55.063816,56.0
6183,55.61266,56.0
6184,55.911564,56.0
6185,56.068825,56.0
6186,56.14655,56.0
6187,56.10477,56.0
6188,56.025326,55.0
6189,54.952705,53.99999999999999
6190,53.513504,53.0
6191,52.082623,53.0
6192,52.0027,53.99999999999999
6193,53.339954,53.0
6194,53.19292,53.0
6195,53.251335,53.0
6196,53.28868,53.0
6197,53.24401,52.0
6198,52.155632,51.0
6199,50.85466,48.0
6200,47.72557,45.0
6201,43.870193,42.99999999999999
6202,40.818756,40.0
6203,37.555183,40.0
6204,37.14439,38.0
6205,36.342262,39.0
6206,37.96323,38.0
6207,38.65362,38.0
6208,39.161327,38.0
6209,39.192604,38.0
6210,38.748,38.0
6211,38.109547,37.0
6212,36.502846,38.0
6213,36.721302,39.0
6214,38.14801,39.0
6215,39.056984,39.0
6216,39.457504,39.0
6217,39.35336,39.0
6218,39.058556,42.0
6219,41.749756,44.0
6220,44.700745,45.0
6221,46.427425,46.0
6222,47.46557,48.0
6223,48.96745,49.0
6224,49.821712,51.0
6225,51.517647,52.0
6226,52.617496,52.0
6227,52.61037,53.0
6228,53.208782,53.99999999999999
6229,54.16471,53.99999999999999
6230,54.26644,55.0
6231,55.138855,56.0
6232,56.12999,57.0
6233,57.544353,58.0
6234,58.843754,59.0
6235,59.99201,60.0
6236,60.820232,61.0
6237,61.71657,61.0
6238,61.49316,62.0
6239,62.005104,62.0
6240,61.957756,62.0
6241,61.78322,62.0
6242,61.653774,61.0
6243,60.650684,61.0
6244,60.414173,61.0
6245,60.439808,53.99999999999999
6246,54.593513,53.99999999999999
6247,52.574825,53.99999999999999
6248,52.336033,55.0
6249,53.82747,55.0
6250,54.85706,56.0
6251,56.346897,56.0
6252,57.00615,56.0
6253,57.093216,57.0
6254,57.722336,58.0
6255,58.420044,58.0
6256,58.302345,58.0
6257,58.0098,58.0
6258,57.50915,58.0
6259,57.34264,58.0
6260,57.43638,58.0
6261,57.87771,58.0
6262,58.143635,59.0
6263,59.120716,60.0
6264,60.401356,61.0
6265,61.6018,61.0
6266,61.653603,62.0
6267,62.277615,63.0
6268,63.112297,64.0
6269,64.14654,53.0
6270,54.559654,52.0
6271,49.8866,51.0
6272,47.552853,49.0
6273,46.058235,49.0
6274,46.85584,49.0
6275,48.1402,51.0
6276,50.654366,51.0
6277,52.003956,51.0
6278,52.50227,51.0
6279,52.511665,51.0
6280,51.933765,52.0
6281,52.028927,52.0
6282,51.59924,52.0
6283,51.43972,52.0
6284,51.500454,52.0
6285,51.595512,52.0
6286,51.58807,52.0
6287,51.488064,52.0
6288,51.682186,51.0
6289,51.063072,50.0
6290,49.87137,49.0
6291,48.53795,48.0
6292,47.305965,48.0
6293,47.007748,42.0
6294,42.19153,42.99999999999999
6295,41.25808,42.99999999999999
6296,41.53466,42.0
6297,41.52117,42.0
6298,42.015842,42.0
6299,42.487995,42.0
6300,42.6894,42.0
6301,42.69308,42.0
6302,42.5505,41.0
6303,41.233475,42.0
6304,41.550262,42.0
6305,41.89136,42.99999999999999
6306,43.212734,42.0
6307,42.718983,42.99999999999999
6308,43.242825,45.0
6309,45.352276,46.0
6310,46.96132,44.0
6311,45.01683,41.0
6312,40.665062,40.0
6313,37.97577,41.0
6314,38.41529,41.0
6315,39.495464,41.0
6316,40.72604,42.0
6317,42.455692,87.0
6318,65.085045,87.0
6319,72.41421,87.0
6320,77.94778,88.0
6321,82.495316,88.0
6322,85.505905,88.0
6323,87.347786,87.0
6324,87.54396,87.0
6325,87.42329,88.0
6326,87.50365,88.0
6327,87.71736,88.0
6328,87.55364,89.0
6329,88.62306,89.0
6330,89.05065,90.0
6331,90.06906,89.0
6332,89.24289,89.0
6333,88.47373,88.0
6334,86.82948,88.0
6335,86.50724,89.0
6336,87.869606,89.0
6337,88.71795,89.0
6338,89.04674,89.0
6339,89.27416,91.0
6340,90.67443,90.0
6341,90.797516,69.0
6342,68.564995,68.0
6343,60.603638,68.0
6344,60.530697,68.0
6345,63.234795,67.0
6346,64.733246,67.0
6347,66.428894,66.0
6348,67.45149,65.0
6349,67.25236,65.0
6350,66.72282,64.0
6351,64.76127,63.0
6352,62.348217,62.0
6353,60.135612,62.0
6354,60.27852,61.0
6355,60.104034,61.0
6356,60.442,60.0
6357,59.87564,60.0
6358,59.79332,59.0
6359,58.73788,59.0
6360,58.455635,59.0
6361,58.686268,59.0
6362,58.820362,59.0
6363,58.88236,60.0
6364,59.73513,60.0
6365,59.91914,66.0
6366,63.903236,67.0
6367,65.78989,68.0
6368,67.57143,68.0
6369,68.45642,68.0
6370,68.96997,67.0
6371,67.90741,66.0
6372,66.27626,65.0
6373,64.4424,64.0
6374,62.756348,63.0
6375,61.61856,63.0
6376,61.67446,63.0
6377,62.166164,63.0
6378,62.69239,62.0
6379,62.273518,63.0
6380,63.22316,63.0
6381,63.37141,62.0
6382,62.12483,61.0
6383,60.402645,61.0
6384,60.004097,60.0
6385,59.033516,61.0
6386,59.89154,60.0
6387,59.56945,59.0
6388,58.644886,57.0
6389,56.61635,52.0
6390,51.499947,52.0
6391,49.733162,52.0
6392,49.80632,53.0
6393,51.383045,53.0
6394,52.572983,53.0
6395,53.31509,53.0
6396,53.64631,53.99999999999999
6397,54.47671,53.99999999999999
6398,54.47433,55.0
6399,55.17056,55.0
6400,55.219902,55.0
6401,55.042454,55.0
6402,54.866188,55.0
6403,54.668827,56.0
6404,55.42967,55.0
6405,54.696743,55.0
6406,54.732883,55.0
6407,54.657757,55.0
6408,54.619675,55.0
6409,54.71826,55.0
6410,54.79474,53.99999999999999
6411,53.94562,53.99999999999999
6412,53.682564,55.0
6413,54.413475,76.0
6414,66.05939,76.0
6415,69.68906,76.0
6416,72.269844,76.0
6417,74.064255,76.0
6418,75.4496,75.0
6419,75.58392,75.0
6420,75.64442,74.0
6421,74.25981,74.0
6422,73.52836,73.00000000000001
6423,72.32011,72.0
6424,71.1437,72.0
6425,70.85532,71.0
6426,70.138824,71.0
6427,70.258606,71.0
6428,70.57749,70.0
6429,69.77249,70.0
6430,69.60517,70.0
6431,69.637314,70.0
6432,69.75666,69.0
6433,68.87095,69.0
6434,68.62682,68.0
6435,67.62153,67.0
6436,66.462265,67.0
6437,66.263145,81.0
6438,75.28244,82.0
6439,78.697365,82.0
6440,80.88539,83.0
6441,82.69239,84.0
6442,84.50716,85.0
6443,85.83902,87.0
6444,87.41042,88.0
6445,88.43184,89.0
6446,88.80164,90.0
6447,89.781746,91.0
6448,90.70621,92.0
6449,91.3326,93.0
6450,91.84878,92.0
6451,90.73276,92.0
6452,89.94974,92.0
6453,90.59747,92.0
6454,91.288055,91.0
6455,90.87777,91.0
6456,90.7501,90.0
6457,89.621735,89.0
6458,88.48279,89.0
6459,88.259415,89.0
6460,88.61055,89.0
6461,88.98547,64.0
6462,62.771828,64.0
6463,53.780174,64.0
6464,54.18381,64.0
6465,57.391247,64.0
6466,60.34124,64.0
6467,62.748497,64.0
6468,64.84536,64.0
6469,66.24643,64.0
6470,66.37212,64.0
6471,65.46737,62.0
6472,61.771343,61.0
6473,58.65154,61.0
6474,58.744514,61.0
6475,59.956226,61.0
6476,60.896,62.0
6477,62.244453,63.0
6478,63.84107,64.0
6479,64.9028,74.0
6480,73.046425,77.0
6481,76.89559,67.0
6482,68.113075,66.0
6483,64.54464,67.0
6484,64.54621,67.0
6485,65.30168,52.0
6486,52.653763,53.0
6487,48.96243,53.0
6488,48.865105,53.99999999999999
6489,50.968994,53.99999999999999
6490,53.2792,53.99999999999999
6491,54.912624,53.0
6492,55.057663,52.0
6493,53.738132,52.0
6494,52.871407,50.0
6495,49.87795,50.0
6496,48.32847,49.0
6497,47.307358,48.0
6498,46.811794,47.0
6499,46.50537,48.0
6500,48.130287,49.0
6501,50.24669,50.0
6502,51.694244,51.0
6503,52.579163,52.0
6504,53.208866,52.0
6505,52.705563,52.0
6506,51.967583,52.0
6507,51.529865,53.0
6508,52.334118,53.0
6509,52.51587,62.0
6510,58.304646,61.0
6511,60.027737,60.0
6512,60.615757,59.0
6513,59.8825,58.0
6514,58.21265,57.0
6515,56.793217,57.0
6516,56.172234,56.0
6517,55.198826,56.0
6518,55.066467,56.0
6519,55.334904,56.0
6520,55.889565,56.0
6521,56.3178,55.0
6522,55.36747,56.0
6523,55.791943,56.0
6524,55.92349,53.99999999999999
6525,53.839687,53.99999999999999
6526,52.983463,53.0
6527,51.848267,53.0
6528,51.76817,53.0
6529,52.286346,53.0
6530,52.823853,53.99999999999999
6531,54.07342,53.99999999999999
6532,54.576675,53.99999999999999
6533,54.676212,53.99999999999999
6534,54.552387,53.99999999999999
6535,54.329823,53.99999999999999
6536,54.140965,53.99999999999999
6537,53.980194,53.99999999999999
6538,53.88632,53.99999999999999
6539,53.78327,55.0
6540,54.600403,55.0
6541,54.955437,55.0
6542,55.06712,55.0
6543,55.00665,55.0
6544,54.964413,55.0
6545,54.942566,55.0
6546,54.915028,53.99999999999999
6547,53.93082,53.0
6548,52.390915,55.0
6549,53.875793,55.0
6550,54.710526,55.0
6551,55.244686,55.0
6552,55.400143,55.0
6553,55.272564,55.0
6554,55.10498,56.0
6555,55.83376,56.0
6556,56.07815,57.0
6557,56.953415,57.0
6558,57.235184,57.0
6559,57.239983,58.0
6560,57.985115,58.0
6561,58.186916,59.0
6562,59.024963,59.0
6563,59.226437,59.0
6564,59.19485,59.0
6565,59.112392,59.0
6566,58.993595,59.0
6567,58.841606,59.0
6568,58.75093,59.0
6569,58.682705,59.0
6570,58.77547,60.0
6571,59.880337,61.0
6572,61.251255,60.0
6573,60.64274,60.0
6574,60.13915,60.0
6575,59.819523,61.0
6576,60.634037,61.0
6577,60.912888,61.0
6578,61.048267,61.0
6579,61.101463,60.0
6580,60.1786,60.0
6581,59.77802,59.0
6582,58.782955,59.0
6583,58.5009,58.0
6584,57.67616,58.0
6585,57.56978,57.0
6586,56.797024,57.0
6587,56.696342,57.0
6588,56.77884,57.0
6589,56.7977,57.0
6590,57.03941,58.0
6591,57.83641,58.0
6592,58.178173,58.0
6593,58.203705,58.0
6594,58.10564,57.0
6595,56.897488,57.0
6596,56.398693,58.0
6597,57.083565,58.0
6598,57.565132,57.0
6599,56.98155,57.0
6600,56.85143,56.0
6601,55.92377,56.0
6602,55.60357,56.0
6603,55.529224,57.0
6604,56.56373,57.0
6605,57.112286,58.0
6606,58.115513,58.0
6607,58.426983,58.0
6608,58.382862,58.0
6609,58.28221,58.0
6610,58.131275,58.0
6611,57.95033,58.0
6612,57.84471,57.0
6613,56.95101,57.0
6614,56.66067,56.0
6615,55.687,56.0
6616,55.45229,56.0
6617,55.552994,56.0
6618,55.828285,55.0
6619,55.075966,55.0
6620,54.83498,55.0
6621,54.673553,55.0
6622,54.670944,55.0
6623,54.781456,55.0
6624,54.8733,55.0
6625,54.855564,53.99999999999999
6626,53.827152,53.99999999999999
6627,53.436424,53.0
6628,52.505726,53.0
6629,52.305634,52.0
6630,51.55364,52.0
6631,51.502773,52.0
6632,51.654884,52.0
6633,51.819523,52.0
6634,52.02734,52.0
6635,52.079727,52.0
6636,52.04039,52.0
6637,52.022537,52.0
6638,51.990025,53.0
6639,52.643497,53.0
6640,53.188805,53.0
6641,53.33536,53.0
6642,53.10136,53.99999999999999
6643,53.760075,53.0
6644,52.945976,53.0
6645,52.704815,53.0
6646,52.535336,53.0
6647,52.700928,53.0
6648,52.92438,53.0
6649,53.095856,53.0
6650,53.184,53.99999999999999
6651,54.03009,55.0
6652,55.224228,55.0
6653,55.582703,55.0
6654,55.537754,55.0
6655,55.287174,55.0
6656,55.08479,55.0
6657,54.926365,55.0
6658,54.822006,56.0
6659,55.664993,56.0
6660,56.011543,55.0
6661,55.2825,55.0
6662,54.923473,53.99999999999999
6663,53.79461,53.99999999999999
6664,53.477077,53.99999999999999
6665,53.508163,53.99999999999999
6666,53.713776,53.99999999999999
6667,53.90953,55.0
6668,55.023468,53.99999999999999
6669,54.18912,55.0
6670,54.706905,55.0
6671,54.83357,56.0
6672,55.743526,56.0
6673,55.983192,56.0
6674,56.035748,53.99999999999999
6675,54.217075,53.99999999999999
6676,53.405502,53.0
6677,52.323925,53.0
6678,52.08168,53.0
6679,52.317707,52.0
6680,51.795586,52.0
6681,51.74645,52.0
6682,51.905754,51.0
6683,51.23402,50.0
6684,50.14021,50.0
6685,49.782986,50.0
6686,49.648182,51.0
6687,50.511894,52.0
6688,52.11894,52.0
6689,52.786552,52.0
6690,52.69792,52.0
6691,52.434372,52.0
6692,51.507553,52.0
6693,51.235985,52.0
6694,51.13489,52.0
6695,51.33941,51.0
6696,50.844387,51.0
6697,50.66759,51.0
6698,50.7032,52.0
6699,51.674736,53.0
6700,52.96049,53.0
6701,53.522102,53.99999999999999
6702,54.505466,53.99999999999999
6703,54.750328,55.0
6704,55.489162,55.0
6705,55.514935,56.0
6706,56.170525,56.0
6707,56.253796,57.0
6708,57.042374,57.0
6709,57.2519,57.0
6710,57.183807,57.0
6711,56.94498,57.0
6712,56.696953,57.0
6713,56.80625,57.0
6714,56.925083,58.0
6715,57.863827,58.0
6716,58.179527,57.0
6717,57.153046,57.0
6718,56.859608,58.0
6719,57.359688,58.0
6720,57.70854,59.0
6721,58.894043,59.0
6722,59.199356,59.0
6723,59.277004,59.0
6724,59.114017,59.0
6725,58.806293,60.0
6726,59.654583,60.0
6727,59.979683,60.0
6728,60.116238,61.0
6729,60.958282,61.0
6730,61.19529,61.0
6731,61.22989,62.0
6732,62.004295,62.0
6733,62.256145,62.0
6734,62.272106,63.0
6735,63.01165,63.0
6736,63.062912,63.0
6737,63.10548,63.0
6738,63.07562,63.0
6739,62.956192,63.0
6740,62.877956,63.0
6741,62.61144,63.0
6742,62.64376,62.0
6743,61.660175,62.0
6744,61.440037,62.0
6745,61.43272,63.0
6746,62.593773,63.0
6747,63.031303,63.0
6748,63.05752,62.0
6749,62.33917,62.0
6750,61.88311,62.0
6751,61.74525,62.0
6752,61.706013,62.0
6753,61.779522,61.0
6754,61.00394,61.0
6755,60.71122,61.0
6756,60.6927,62.0
6757,61.65906,62.0
6758,62.130783,62.0
6759,62.18246,63.0
6760,62.751343,64.0
6761,64.06327,63.0
6762,63.632072,63.0
6763,62.943306,62.0
6764,61.695232,62.0
6765,61.019802,63.0
6766,62.000824,64.0
6767,63.57162,64.0
6768,64.22302,63.0
6769,63.51052,62.0
6770,62.08588,62.0
6771,61.559967,62.0
6772,61.46877,62.0
6773,61.6381,62.0
6774,61.85058,62.0
6775,61.93082,63.0
6776,62.94068,63.0
6777,63.255432,64.0
6778,64.170425,64.0
6779,64.45812,65.0
6780,65.31498,65.0
6781,65.42496,65.0
6782,65.187195,64.0
6783,64.04494,64.0
6784,63.54989,64.0
6785,63.438118,65.0
6786,64.41588,65.0
6787,65.16076,65.0
6788,65.17344,65.0
6789,64.90146,64.0
6790,63.74923,65.0
6791,64.320915,66.0
6792,65.79036,66.0
6793,66.25949,66.0
6794,66.248535,66.0
6795,66.20656,66.0
6796,66.004944,65.0
6797,65.00871,65.0
6798,64.67094,65.0
6799,64.644554,64.0
6800,63.85729,63.0
6801,62.763523,62.0
6802,61.582104,61.0
6803,60.46792,60.0
6804,59.3978,59.0
6805,58.37297,58.0
6806,57.395412,58.0
6807,57.362213,57.0
6808,56.638466,56.0
6809,55.617798,53.99999999999999
6810,53.431793,53.99999999999999
6811,52.85675,53.99999999999999
6812,53.016396,53.0
6813,52.383297,53.99999999999999
6814,53.59154,52.0
6815,52.140316,51.0
6816,50.58788,49.0
6817,48.133892,49.0
6818,47.41429,50.0
6819,48.735874,51.0
6820,50.598145,52.0
6821,52.43965,52.0
6822,53.006325,52.0
6823,52.911697,52.0
6824,52.51465,51.0
6825,51.228848,51.0
6826,50.57486,50.0
6827,49.455944,50.0
6828,49.140182,48.0
6829,47.51774,49.0
6830,48.049015,48.0
6831,47.67171,51.0
6832,50.359737,51.0
6833,51.67955,52.0
6834,53.147007,53.0
6835,54.271645,52.0
6836,53.009903,53.0
6837,52.75462,53.0
6838,52.355198,53.0
6839,52.28545,53.0
6840,52.475067,53.0
6841,52.745037,53.0
6842,52.916744,53.0
6843,52.904984,52.0
6844,51.99213,52.0
6845,51.629185,53.0
6846,52.51424,53.0
6847,52.890385,53.0
6848,53.12088,53.99999999999999
6849,54.037563,53.99999999999999
6850,54.307957,53.99999999999999
6851,54.268246,53.99999999999999
6852,54.15564,53.99999999999999
6853,54.033283,53.99999999999999
6854,53.842308,53.99999999999999
6855,53.76458,53.0
6856,52.839375,53.0
6857,52.544777,52.0
6858,51.722595,52.0
6859,51.5944,52.0
6860,51.463875,52.0
6861,51.67199,52.0
6862,52.08069,52.0
6863,52.05263,52.0
6864,52.005722,52.0
6865,51.952988,52.0
6866,51.86235,52.0
6867,51.80694,52.0
6868,51.781418,52.0
6869,51.824383,52.0
6870,51.903194,51.0
6871,51.011208,52.0
6872,51.54865,52.0
6873,51.80261,52.0
6874,51.96288,52.0
6875,51.99008,52.0
6876,51.936375,53.0
6877,52.784534,53.0
6878,53.122566,53.0
6879,53.179455,53.0
6880,53.130634,53.99999999999999
6881,54.04022,55.0
6882,55.295296,55.0
6883,55.523006,53.99999999999999
6884,54.42847,53.99999999999999
6885,53.7399,55.0
6886,54.388615,55.0
6887,54.76864,55.0
6888,55.045265,55.0
6889,55.026688,53.99999999999999
6890,54.1866,53.99999999999999
6891,53.866222,53.99999999999999
6892,53.65916,53.99999999999999
6893,53.730473,53.99999999999999
6894,53.88202,55.0
6895,54.909855,53.99999999999999
6896,54.42276,55.0
6897,55.168953,55.0
6898,55.33953,55.0
6899,55.308376,53.99999999999999
6900,54.238964,53.99999999999999
6901,53.71315,53.99999999999999
6902,53.492855,53.99999999999999
6903,53.48505,53.99999999999999
6904,53.595406,53.0
6905,52.822243,53.99999999999999
6906,53.69476,53.99999999999999
6907,54.10085,53.0
6908,53.185524,53.0
6909,52.83464,53.0
6910,52.70196,53.0
6911,52.68261,52.0
6912,51.58041,53.0
6913,52.400608,53.0
6914,52.815277,53.0
6915,53.000755,53.0
6916,52.996937,52.0
6917,52.246803,52.0
6918,51.915615,52.0
6919,51.83998,52.0
6920,51.860344,52.0
6921,51.93531,52.0
6922,51.997395,52.0
6923,52.020638,53.0
6924,52.862095,53.0
6925,53.159115,53.0
6926,53.20541,53.0
6927,53.132805,52.0
6928,52.05695,52.0
6929,51.62865,52.0
6930,51.505413,51.0
6931,50.500587,52.0
6932,51.27196,51.0
6933,51.061607,52.0
6934,51.963524,52.0
6935,52.192856,52.0
6936,52.525646,52.0
6937,52.14331,52.0
6938,51.930702,52.0
6939,52.026245,52.0
6940,51.972317,51.0
6941,51.037945,51.0
6942,50.684013,49.0
6943,49.000305,47.0
6944,46.586147,47.0
6945,45.82227,46.0
6946,44.98165,46.0
6947,45.044773,45.0
6948,44.761402,44.0
6949,44.11468,44.0
6950,43.914627,44.0
6951,43.905422,46.0
6952,45.621574,48.0
6953,48.083473,49.0
6954,50.435425,52.0
6955,53.509605,51.0
6956,52.940445,52.0
6957,52.796265,51.0
6958,50.72816,51.0
6959,49.68039,52.0
6960,50.550995,52.0
6961,51.259754,53.0
6962,52.792168,53.0
6963,53.42558,53.0
6964,53.629246,53.99999999999999
6965,54.426132,53.99999999999999
6966,54.58731,55.0
6967,55.266895,55.0
6968,55.427692,55.0
6969,55.33297,56.0
6970,56.024567,56.0
6971,56.15399,56.0
6972,56.121193,56.0
6973,56.02741,56.0
6974,55.964394,57.0
6975,56.723232,57.0
6976,57.084805,57.0
6977,57.179092,57.0
6978,57.143246,56.0
6979,55.97351,57.0
6980,56.429054,57.0
6981,56.60852,57.0
6982,56.673107,58.0
6983,57.798508,58.0
6984,58.240257,57.0
6985,57.42799,57.0
6986,56.98442,57.0
6987,56.78029,57.0
6988,56.738914,57.0
