,prediction,actual
0,61.42592,60.0
1,60.229015,58.99999999999999
2,59.400642,60.0
3,60.421566,60.0
4,60.217743,60.0
5,60.189507,60.0
6,60.053463,58.99999999999999
7,59.20733,58.99999999999999
8,59.19034,58.99999999999999
9,59.345547,58.99999999999999
10,59.281406,58.99999999999999
11,59.30468,58.99999999999999
12,59.314922,58.99999999999999
13,59.248184,58.99999999999999
14,59.34332,58.99999999999999
15,59.391277,58.99999999999999
16,59.440403,58.99999999999999
17,59.57037,58.99999999999999
18,59.32109,58.99999999999999
19,59.557587,58.99999999999999
20,59.330753,58.99999999999999
21,58.912796,60.0
22,60.00039,60.0
23,60.302246,60.0
24,60.49424,60.0
25,60.57306,58.99999999999999
26,59.5466,57.99999999999999
27,58.33103,57.99999999999999
28,58.179424,57.99999999999999
29,58.06436,57.99999999999999
30,58.029396,57.99999999999999
31,58.203625,58.99999999999999
32,59.12079,57.99999999999999
33,58.129993,57.99999999999999
34,58.085697,57.99999999999999
35,58.146194,57.99999999999999
36,58.14249,57.99999999999999
37,58.073273,57.99999999999999
38,58.09876,57.99999999999999
39,58.276577,57.99999999999999
40,58.503513,57.99999999999999
41,58.722816,58.99999999999999
42,59.56873,57.99999999999999
43,58.680798,57.99999999999999
44,58.691734,57.99999999999999
45,58.824417,57.99999999999999
46,58.398014,57.99999999999999
47,58.191216,57.99999999999999
48,58.46733,57.99999999999999
49,58.52377,57.99999999999999
50,58.484505,58.99999999999999
51,59.24693,58.99999999999999
52,59.167038,58.99999999999999
53,58.955257,57.99999999999999
54,57.841904,57.99999999999999
55,57.94817,57.00000000000001
56,56.91832,57.00000000000001
57,57.08794,57.00000000000001
58,57.279915,57.00000000000001
59,57.13023,57.00000000000001
60,56.921165,57.00000000000001
61,57.129074,57.00000000000001
62,57.18466,57.00000000000001
63,57.113976,57.00000000000001
64,57.35013,56.0
65,56.33559,56.0
66,56.35307,56.0
67,56.184086,56.0
68,56.27961,56.0
69,56.087234,56.0
70,56.214058,56.0
71,56.217407,56.0
72,56.56455,56.0
73,56.520016,56.0
74,56.2441,54.99999999999999
75,55.224716,57.00000000000001
76,57.451756,57.99999999999999
77,58.16792,57.99999999999999
78,58.084442,58.99999999999999
79,59.042492,58.99999999999999
80,58.962086,58.99999999999999
81,58.89142,58.99999999999999
82,58.89009,58.99999999999999
83,58.978046,58.99999999999999
84,58.88322,58.99999999999999
85,58.891106,58.99999999999999
86,58.97446,58.99999999999999
87,59.01791,58.99999999999999
88,59.370827,58.99999999999999
89,59.178856,58.99999999999999
90,59.12248,58.99999999999999
91,59.373554,58.99999999999999
92,58.847897,58.99999999999999
93,59.19295,60.0
94,60.475094,60.0
95,60.438805,60.0
96,60.390198,60.0
97,60.423725,60.0
98,60.29994,58.99999999999999
99,58.94662,57.00000000000001
100,56.93197,57.00000000000001
101,57.101032,57.00000000000001
102,56.96138,57.00000000000001
103,56.999416,57.00000000000001
104,56.86521,57.00000000000001
105,56.950825,57.00000000000001
106,57.00926,57.00000000000001
107,57.11893,57.00000000000001
108,57.10405,57.00000000000001
109,57.01173,57.00000000000001
110,57.04579,57.00000000000001
111,57.14735,57.00000000000001
112,57.051228,57.00000000000001
113,57.232327,57.00000000000001
114,57.432407,57.00000000000001
115,57.635487,57.99999999999999
116,58.8641,57.99999999999999
117,59.08733,57.00000000000001
118,57.162403,57.00000000000001
119,57.73934,58.99999999999999
120,60.135674,61.99999999999999
121,62.823257,65.99999999999999
122,66.76662,69.0
123,69.483665,69.99999999999999
124,70.33989,71.0
125,71.1818,71.0
126,71.14456,71.0
127,71.15316,71.0
128,70.99389,71.0
129,70.88262,71.0
130,70.94681,71.0
131,71.09142,71.0
132,71.07301,71.0
133,71.116005,71.0
134,71.08362,71.0
135,71.075005,72.0
136,72.03507,72.0
137,72.049965,72.0
138,71.80966,72.0
139,72.13861,72.0
140,72.2283,69.99999999999999
141,69.68148,71.0
142,70.60378,69.99999999999999
143,69.74989,69.0
144,69.16069,65.0
145,65.28753,60.0
146,59.963608,57.00000000000001
147,57.00729,54.99999999999999
148,55.033104,54.0
149,54.05206,53.00000000000001
150,53.065308,53.00000000000001
151,53.246517,54.0
152,54.143116,54.0
153,54.02959,54.0
154,54.053146,54.0
155,53.950905,54.0
156,53.91107,54.0
157,54.062077,54.0
158,54.02043,54.0
159,53.813683,54.0
160,54.01421,53.00000000000001
161,52.98414,53.00000000000001
162,52.5584,52.0
163,51.626823,50.99999999999999
164,50.753376,50.99999999999999
165,50.97516,50.99999999999999
166,51.183502,50.0
167,50.46661,50.99999999999999
168,51.671185,50.99999999999999
169,51.06411,53.00000000000001
170,53.1708,54.0
171,54.380127,54.99999999999999
172,55.191174,56.0
173,56.06475,57.00000000000001
174,57.04039,57.00000000000001
175,57.022575,56.0
176,55.963005,56.0
177,55.996147,57.00000000000001
178,56.96288,57.00000000000001
179,57.058304,57.00000000000001
180,57.036488,57.99999999999999
181,58.27061,58.99999999999999
182,59.67723,60.0
183,60.35728,60.0
184,60.418934,61.00000000000001
185,61.460762,61.99999999999999
186,62.270603,61.99999999999999
187,62.08996,62.99999999999999
188,62.81901,62.99999999999999
189,63.128387,62.99999999999999
190,63.57755,62.99999999999999
191,63.30964,61.99999999999999
192,62.23329,61.99999999999999
193,62.044525,61.00000000000001
194,61.00577,58.99999999999999
195,58.95042,58.99999999999999
196,58.904465,58.99999999999999
197,59.023933,58.99999999999999
198,59.007053,58.99999999999999
199,59.123966,60.0
200,60.33105,61.00000000000001
201,61.129017,61.00000000000001
202,61.043655,61.99999999999999
203,62.099438,61.99999999999999
204,62.112835,61.99999999999999
205,62.221188,61.99999999999999
206,62.35823,61.99999999999999
207,62.01425,61.99999999999999
208,62.482914,62.99999999999999
209,64.12563,64.0
210,64.774376,65.0
211,65.49626,65.0
212,65.49415,65.0
213,65.506516,67.0
214,67.64603,67.0
215,67.87652,68.0
216,68.692184,67.0
217,67.04397,68.0
218,68.243126,68.0
219,67.48434,68.0
220,68.242226,68.0
221,68.14507,68.0
222,68.13383,68.0
223,68.18193,67.0
224,67.326355,67.0
225,67.27786,67.0
226,67.26305,65.99999999999999
227,66.141914,65.99999999999999
228,66.14191,65.99999999999999
229,66.31915,67.0
230,67.73084,67.0
231,67.32657,67.0
232,66.766556,65.99999999999999
233,66.13794,65.99999999999999
234,66.08936,65.99999999999999
235,66.40209,65.0
236,64.92718,65.0
237,64.70881,65.0
238,65.3344,64.0
239,64.00383,62.99999999999999
240,63.281025,62.99999999999999
241,63.28747,64.0
242,64.39872,64.0
243,64.18242,62.99999999999999
244,63.153095,64.0
245,64.19849,62.99999999999999
246,63.006603,62.99999999999999
247,63.076847,62.99999999999999
248,63.22281,62.99999999999999
249,63.253586,62.99999999999999
250,63.123028,62.99999999999999
251,63.1467,62.99999999999999
252,63.088043,61.00000000000001
253,60.925945,58.99999999999999
254,58.775246,57.00000000000001
255,56.87116,57.00000000000001
256,56.7801,56.0
257,55.908737,54.0
258,53.700134,54.0
259,54.104645,54.0
260,54.020092,53.00000000000001
261,52.8774,53.00000000000001
262,53.15961,53.00000000000001
263,53.121544,52.0
264,52.297962,52.0
265,52.258972,52.0
266,52.22,50.99999999999999
267,51.266632,50.0
268,50.135098,48.0
269,47.99921,46.0
270,46.065655,45.00000000000001
271,45.065277,41.00000000000001
272,40.838966,38.0
273,38.1321,36.0
274,36.15186,34.0
275,34.175156,34.0
276,34.156685,35.0
277,35.089203,35.0
278,35.14892,36.0
279,35.68814,36.0
280,35.78621,35.0
281,35.07263,37.00000000000001
282,37.559364,36.0
283,36.78583,37.00000000000001
284,37.07097,42.0
285,42.422375,46.0
286,46.156334,46.99999999999999
287,46.83121,46.99999999999999
288,47.119087,44.0
289,44.211014,38.99999999999999
290,39.15545,37.00000000000001
291,37.242126,38.0
292,38.034763,38.0
293,38.231007,38.99999999999999
294,39.291214,42.0
295,42.279263,45.00000000000001
296,45.404522,48.0
297,48.27804,50.0
298,50.21328,52.0
299,52.15395,52.0
300,52.28898,53.00000000000001
301,53.237957,53.00000000000001
302,53.144955,54.0
303,54.258415,54.0
304,54.00418,54.99999999999999
305,55.261616,54.99999999999999
306,55.44747,54.99999999999999
307,55.31066,54.99999999999999
308,55.146942,56.0
309,56.561287,56.0
310,56.248203,57.00000000000001
311,57.45098,57.00000000000001
312,57.618053,57.00000000000001
313,57.26645,57.99999999999999
314,58.182835,57.99999999999999
315,58.11631,57.99999999999999
316,58.210377,58.99999999999999
317,59.273117,58.99999999999999
318,59.13341,58.99999999999999
319,59.132294,58.99999999999999
320,59.05738,58.99999999999999
321,59.197666,58.99999999999999
322,59.13492,58.99999999999999
323,59.20064,57.99999999999999
324,58.023388,57.99999999999999
325,57.976334,57.99999999999999
326,57.955444,57.00000000000001
327,56.774933,57.00000000000001
328,56.974453,56.0
329,56.219845,56.0
330,56.688885,56.0
331,56.248825,54.99999999999999
332,54.604183,54.99999999999999
333,55.304134,54.99999999999999
334,55.22928,54.99999999999999
335,55.08263,54.0
336,54.32566,54.0
337,54.147022,54.0
338,54.176167,54.99999999999999
339,53.614204,54.99999999999999
340,55.319466,54.99999999999999
341,54.640602,54.99999999999999
342,55.182495,54.99999999999999
343,55.087944,56.0
344,56.097572,56.0
345,56.399124,56.0
346,56.242184,57.00000000000001
347,57.265778,57.00000000000001
348,57.24746,57.99999999999999
349,58.16211,57.99999999999999
350,58.119637,58.99999999999999
351,59.083057,60.0
352,60.53958,60.0
353,60.482464,60.0
354,60.12491,61.00000000000001
355,61.8421,61.99999999999999
356,62.01931,61.99999999999999
357,61.900352,62.99999999999999
358,63.19292,62.99999999999999
359,62.9314,62.99999999999999
360,63.17999,62.99999999999999
361,63.24531,64.0
362,64.29646,64.0
363,64.30199,64.0
364,64.30566,64.0
365,64.384186,64.0
366,64.314064,64.0
367,64.28842,62.99999999999999
368,63.174603,62.99999999999999
369,63.13032,62.99999999999999
370,63.203125,62.99999999999999
371,63.22449,62.99999999999999
372,63.23974,62.99999999999999
373,63.27577,62.99999999999999
374,63.125015,64.0
375,64.10816,64.0
376,64.02759,64.0
377,64.19195,64.0
378,64.08812,64.0
379,64.16899,64.0
380,63.988655,64.0
381,63.953556,62.99999999999999
382,62.746082,62.99999999999999
383,63.24142,61.99999999999999
384,62.375607,61.99999999999999
385,62.3456,61.00000000000001
386,61.317856,61.00000000000001
387,61.341976,61.00000000000001
388,61.366196,60.0
389,60.396473,60.0
390,60.36521,58.99999999999999
391,59.32369,58.99999999999999
392,59.283054,58.99999999999999
393,59.316536,58.99999999999999
394,59.176994,58.99999999999999
395,59.130653,58.99999999999999
396,59.13739,58.99999999999999
397,59.349293,58.99999999999999
398,59.561382,58.99999999999999
399,59.27369,58.99999999999999
400,59.360416,58.99999999999999
401,59.37406,58.99999999999999
402,59.409447,58.99999999999999
403,59.25892,58.99999999999999
404,59.48073,60.0
405,60.497948,60.0
406,60.569252,61.00000000000001
407,61.395508,61.99999999999999
408,62.33352,62.99999999999999
409,63.274952,62.99999999999999
410,63.237724,64.0
411,64.35684,69.0
412,69.46725,69.0
413,69.45753,68.0
414,68.4066,65.99999999999999
415,66.03173,65.0
416,64.92097,64.0
417,63.940624,61.99999999999999
418,61.965153,60.0
419,60.101543,58.99999999999999
420,59.14009,57.00000000000001
421,57.255707,56.0
422,56.289745,56.0
423,56.426327,54.99999999999999
424,55.427586,54.99999999999999
425,55.802685,54.99999999999999
426,55.381805,54.0
427,54.379528,54.0
428,54.639656,54.0
429,54.49083,54.0
430,54.272995,54.0
431,54.349236,54.0
432,54.110695,53.00000000000001
433,52.99047,53.00000000000001
434,52.95685,52.0
435,52.09894,61.00000000000001
436,60.98862,61.00000000000001
437,61.007233,61.00000000000001
438,61.082687,60.0
439,60.0465,60.0
440,60.070435,60.0
441,60.069153,60.0
442,60.071934,58.99999999999999
443,58.961834,58.99999999999999
444,59.04131,57.99999999999999
445,58.109894,57.00000000000001
446,57.205315,56.0
447,56.056656,56.0
448,56.39268,54.99999999999999
449,55.129562,54.99999999999999
450,54.97671,54.0
451,54.291485,54.99999999999999
452,55.79867,54.99999999999999
453,55.554356,56.0
454,56.40616,56.0
455,56.591053,57.00000000000001
456,57.422607,56.0
457,56.016033,56.0
458,56.02583,57.00000000000001
459,57.15866,28.0
460,27.986563,28.0
461,28.055262,27.0
462,27.003384,26.0
463,26.745985,25.0
464,25.762098,25.0
465,25.50925,26.0
466,26.01373,26.0
467,26.282473,26.0
468,26.400911,26.0
469,26.327757,28.0
470,28.285454,29.0
471,29.216442,30.0
472,30.077131,30.0
473,30.152023,31.0
474,31.251926,32.0
475,32.271786,33.0
476,33.087605,34.0
477,33.9752,34.0
478,33.951504,35.0
479,35.133324,36.0
480,36.114307,37.00000000000001
481,37.15778,38.99999999999999
482,39.18086,41.00000000000001
483,41.31254,52.0
484,52.09859,52.0
485,52.103214,53.00000000000001
486,53.09147,53.00000000000001
487,53.08323,54.0
488,54.278137,54.99999999999999
489,55.32099,56.0
490,56.211155,56.0
491,56.207447,57.00000000000001
492,57.055206,57.00000000000001
493,57.05783,57.99999999999999
494,58.064903,57.99999999999999
495,58.10304,57.99999999999999
496,58.01,57.99999999999999
497,58.465374,57.99999999999999
498,57.9253,57.99999999999999
499,58.116375,57.99999999999999
500,58.16849,57.99999999999999
501,58.451485,57.00000000000001
502,57.23032,57.00000000000001
503,57.36747,57.00000000000001
504,57.103485,57.99999999999999
505,57.95076,57.99999999999999
506,58.06346,57.99999999999999
507,58.004642,61.99999999999999
508,62.145004,61.00000000000001
509,60.903576,60.0
510,60.20854,60.0
511,60.230625,60.0
512,60.287937,60.0
513,60.17561,60.0
514,60.119423,60.0
515,60.147427,60.0
516,60.175358,58.99999999999999
517,59.13452,57.99999999999999
518,58.148132,58.99999999999999
519,59.011963,57.99999999999999
520,57.724487,57.99999999999999
521,57.879368,57.00000000000001
522,57.335808,57.00000000000001
523,57.267284,57.00000000000001
524,57.425407,57.99999999999999
525,58.539116,57.99999999999999
526,58.478172,57.99999999999999
527,58.137,57.99999999999999
528,58.237755,57.99999999999999
529,58.25984,58.99999999999999
530,59.502144,60.0
531,60.469093,82.00000000000001
532,82.35748,82.00000000000001
533,82.52929,82.00000000000001
534,82.302505,81.0
535,80.98828,79.0
536,79.00976,77.99999999999999
537,78.07421,77.0
538,76.63388,76.0
539,75.70612,75.0
540,75.09413,74.00000000000001
541,73.75413,73.0
542,73.03825,73.0
543,73.14501,72.0
544,71.856186,72.0
545,72.11311,71.0
546,70.793495,71.0
547,71.03994,69.99999999999999
548,69.7385,69.99999999999999
549,69.665344,69.99999999999999
550,69.91594,68.0
551,68.011444,67.0
552,67.23198,65.0
553,65.14621,64.0
554,64.120865,62.99999999999999
555,63.11942,61.99999999999999
556,62.23426,62.99999999999999
557,63.289215,62.99999999999999
558,63.18757,61.99999999999999
559,62.16543,61.99999999999999
560,62.172085,61.99999999999999
561,62.187523,61.99999999999999
562,62.148407,61.99999999999999
563,62.16523,61.99999999999999
564,62.29701,61.99999999999999
565,62.269585,61.99999999999999
566,62.31885,62.99999999999999
567,63.366917,62.99999999999999
568,63.519165,62.99999999999999
569,63.377422,62.99999999999999
570,63.146423,62.99999999999999
571,63.18174,62.99999999999999
572,63.129875,62.99999999999999
573,63.665707,62.99999999999999
574,63.321995,64.0
575,64.41844,62.99999999999999
576,63.14784,61.99999999999999
577,62.14786,61.99999999999999
578,60.768723,61.00000000000001
579,61.152092,65.99999999999999
580,66.10993,65.0
581,65.0922,62.99999999999999
582,63.145393,61.99999999999999
583,62.15284,61.00000000000001
584,61.164513,61.00000000000001
585,61.199406,61.00000000000001
586,61.18681,61.00000000000001
587,61.209087,61.00000000000001
588,61.205498,61.99999999999999
589,62.359306,61.00000000000001
590,61.087788,61.00000000000001
591,61.162857,61.00000000000001
592,61.162003,61.99999999999999
593,62.377594,61.99999999999999
594,62.262924,61.00000000000001
595,61.185177,61.00000000000001
596,61.253292,61.00000000000001
597,61.1636,61.00000000000001
598,61.153446,60.0
599,60.13867,60.0
600,60.030888,61.00000000000001
601,61.258163,61.99999999999999
602,62.380424,61.99999999999999
603,62.199684,99.0
604,100.102394,98.00000000000001
605,99.14976,98.00000000000001
606,99.0696,97.0
607,98.02341,96.0
608,96.53097,93.99999999999999
609,94.291275,92.0
610,92.27186,90.00000000000001
611,90.31137,88.0
612,88.47309,85.99999999999999
613,86.42999,85.0
614,85.31931,84.0
615,84.55531,83.0
616,83.3364,83.0
617,83.7035,83.0
618,83.63942,82.00000000000001
619,82.56317,82.00000000000001
620,82.63088,82.00000000000001
621,82.67291,82.00000000000001
622,82.4874,81.0
623,81.430626,81.0
624,81.410324,80.0
625,80.548035,80.0
626,80.54493,79.0
627,79.53241,85.0
628,85.70213,84.0
629,84.663246,83.0
630,83.55444,82.00000000000001
631,82.5635,81.0
632,81.51455,80.0
633,80.64516,80.0
634,80.616516,79.0
635,79.5954,77.99999999999999
636,78.48262,76.0
637,76.44138,75.0
638,75.40265,76.0
639,76.6327,77.0
640,77.414986,77.0
641,77.42513,77.99999999999999
642,78.52676,77.99999999999999
643,78.4884,79.0
644,79.67172,81.0
645,81.67288,82.00000000000001
646,82.81951,83.0
647,84.04399,84.0
648,85.0532,85.0
649,85.70328,85.99999999999999
650,86.95673,85.99999999999999
651,86.86147,65.99999999999999
652,66.39212,65.99999999999999
653,66.33384,65.99999999999999
654,66.47016,65.99999999999999
655,66.417625,65.99999999999999
656,66.295044,67.0
657,67.31669,67.0
658,67.37152,67.0
659,67.36809,67.0
660,67.38062,67.0
661,67.36226,68.0
662,68.32309,68.0
663,68.5794,68.0
664,68.17219,69.0
665,69.27302,69.99999999999999
666,70.508316,71.0
667,71.686356,72.0
668,72.95224,73.0
669,73.38068,73.0
670,72.91916,72.0
671,72.27551,72.0
672,72.47606,72.0
673,72.61,72.0
674,72.50166,72.0
675,72.479485,57.99999999999999
676,58.12114,57.99999999999999
677,58.02626,57.99999999999999
678,58.17414,57.99999999999999
679,58.08419,57.99999999999999
680,58.049137,57.99999999999999
681,58.084396,57.99999999999999
682,58.164692,57.99999999999999
683,58.117847,57.99999999999999
684,58.159473,57.00000000000001
685,57.12244,57.00000000000001
686,57.07799,57.00000000000001
687,57.169014,57.99999999999999
688,58.170326,57.99999999999999
689,58.10216,57.00000000000001
690,57.11126,57.00000000000001
691,57.350464,56.0
692,56.054565,57.00000000000001
693,57.724274,57.00000000000001
694,57.853592,57.00000000000001
695,56.793137,57.00000000000001
696,57.147438,57.00000000000001
697,56.86824,57.00000000000001
698,56.96002,56.0
699,55.895596,89.0
700,89.63324,89.0
701,89.564026,89.0
702,89.51083,89.0
703,89.66122,89.0
704,89.60836,89.0
705,89.42335,89.0
706,89.53214,89.0
707,89.5713,89.0
708,89.83198,89.0
709,89.972984,90.00000000000001
710,91.05382,89.0
711,89.424164,88.0
712,88.69106,87.0
713,87.06072,87.0
714,87.67538,85.99999999999999
715,86.83238,85.99999999999999
716,86.67882,85.99999999999999
717,86.77464,87.0
718,88.00814,87.0
719,87.4165,88.0
720,88.242676,87.0
721,87.40445,88.0
722,88.949615,89.0
723,90.2464,89.0
724,89.90478,88.0
725,88.861694,88.0
726,88.775696,88.0
727,88.9111,88.0
728,88.86747,88.0
729,88.88091,87.0
730,87.792595,87.0
731,87.851906,87.0
732,87.817764,87.0
733,87.848785,87.0
734,87.61276,85.99999999999999
735,86.407646,87.0
736,87.8699,87.0
737,87.71021,88.0
738,89.71524,88.0
739,89.22428,88.0
740,88.99745,88.0
741,88.61709,88.0
742,89.166336,89.0
743,90.3356,90.00000000000001
744,91.43757,92.0
745,93.652054,93.0
746,94.18783,93.0
747,94.27482,93.0
748,94.082954,93.0
749,93.73851,93.99999999999999
750,94.97658,93.99999999999999
751,94.919716,93.99999999999999
752,94.99914,93.99999999999999
753,95.061485,95.0
754,96.10547,95.0
755,96.043,95.0
756,96.18484,96.0
757,97.27026,95.0
758,96.18877,96.0
759,96.65755,96.0
760,97.2942,96.0
761,97.80153,96.0
762,97.39821,96.0
763,97.48746,96.0
764,97.11816,96.0
765,96.87955,95.0
766,95.45067,95.0
767,95.312546,93.0
768,93.70111,91.0
769,91.53758,90.00000000000001
770,91.17894,90.00000000000001
771,90.89525,91.0
772,92.20399,92.0
773,93.207565,91.0
774,91.871445,91.0
775,91.749504,91.0
776,91.83784,90.00000000000001
777,90.791245,90.00000000000001
778,90.757484,89.0
779,89.569115,88.0
780,88.481895,87.0
781,87.34841,85.99999999999999
782,86.47708,85.0
783,85.25537,85.0
784,85.81415,85.0
785,86.0929,85.0
786,86.05346,85.0
787,86.01264,85.0
788,85.90469,85.99999999999999
789,87.275696,85.99999999999999
790,86.683,85.99999999999999
791,86.39399,85.99999999999999
792,86.74287,85.99999999999999
793,86.53802,85.0
794,85.685455,84.0
795,84.57936,83.0
796,83.73798,81.0
797,81.63162,81.0
798,81.61405,80.0
799,80.4625,79.0
800,79.079765,77.0
801,77.018005,75.0
802,75.12173,75.0
803,75.17442,74.00000000000001
804,74.303444,74.00000000000001
805,74.28287,74.00000000000001
806,74.3701,74.00000000000001
807,74.16842,73.0
808,73.49736,74.00000000000001
809,75.1664,75.0
810,77.166695,75.0
811,77.169975,76.0
812,77.52092,76.0
813,77.10124,76.0
814,76.918106,77.0
815,77.51931,77.0
816,77.73236,77.99999999999999
817,78.79991,80.0
818,80.724525,80.0
819,80.44029,80.0
820,80.50406,81.0
821,81.65475,81.0
822,81.45761,81.0
823,81.33501,83.0
824,83.58545,84.0
825,84.51975,85.0
826,85.446045,85.99999999999999
827,86.36867,88.0
828,88.41725,89.0
829,89.76345,90.00000000000001
830,91.01063,91.0
831,92.413345,92.0
832,94.2156,91.0
833,93.16347,91.0
834,93.73719,90.00000000000001
835,92.74794,90.00000000000001
836,92.326324,90.00000000000001
837,92.018585,90.00000000000001
838,91.81553,90.00000000000001
839,90.95787,90.00000000000001
840,91.31443,88.0
841,88.681725,87.0
842,87.560135,85.99999999999999
843,86.23278,85.99999999999999
844,86.48607,84.0
845,84.46077,84.0
846,84.39968,84.0
847,84.52305,83.0
848,83.3347,83.0
849,83.313194,82.00000000000001
850,82.292145,82.00000000000001
851,82.4391,81.0
852,81.34426,81.0
853,81.44928,82.00000000000001
854,83.086044,81.0
855,81.769966,81.0
856,81.90749,82.00000000000001
857,83.266556,82.00000000000001
858,83.025536,81.0
859,82.173035,81.0
860,82.16112,81.0
861,82.02377,81.0
862,82.39114,81.0
863,82.13548,81.0
864,81.82656,83.0
865,83.4694,84.0
866,84.65958,87.0
867,88.247246,90.00000000000001
868,91.512505,93.99999999999999
869,95.940414,97.0
870,98.77081,98.00000000000001
871,99.35911,103.0
872,104.863655,116.0
873,119.282646,116.0
874,116.82062,112.0
875,112.41357,105.0
876,105.35199,99.0
877,99.50687,96.0
878,96.81275,96.0
879,96.84534,93.99999999999999
880,94.41857,93.0
881,93.52038,92.0
882,92.28592,92.0
883,92.75242,92.0
884,92.875046,92.0
885,93.11273,91.0
886,91.412025,90.00000000000001
887,90.23614,89.0
888,89.02938,88.0
889,88.41941,88.0
890,88.35344,85.99999999999999
891,86.63867,84.0
892,84.57947,81.0
893,81.41577,79.0
894,79.41937,80.0
895,80.69017,80.0
896,80.68281,80.0
897,80.62971,81.0
898,81.58068,82.00000000000001
899,82.74,85.0
900,85.90159,87.0
901,87.92323,90.00000000000001
902,91.007545,90.00000000000001
903,90.17761,90.00000000000001
904,90.13567,91.0
905,91.89617,91.0
906,91.60573,91.0
907,89.370605,90.00000000000001
908,89.81307,89.0
909,89.05324,89.0
910,89.26082,88.0
911,87.83935,88.0
912,88.17181,88.0
913,88.7566,88.0
914,88.91101,87.0
915,87.76359,87.0
916,87.818756,88.0
917,89.389656,90.00000000000001
918,91.36346,89.0
919,90.062675,88.0
920,88.831924,87.0
921,87.62466,85.99999999999999
922,86.34054,85.0
923,85.4972,84.0
924,84.699684,84.0
925,84.43775,82.00000000000001
926,82.26513,82.00000000000001
927,82.076,82.00000000000001
928,81.86409,81.0
929,80.86351,80.0
930,80.2752,82.00000000000001
931,82.691345,83.0
932,83.95212,83.0
933,83.73299,84.0
934,84.52638,84.0
935,84.30639,84.0
936,84.09657,83.0
937,83.619385,84.0
938,85.02333,85.0
939,86.08501,85.99999999999999
940,86.91615,85.0
941,85.75702,83.0
942,83.77713,83.0
943,83.916466,83.0
944,83.564575,83.0
945,83.36865,83.0
946,83.39172,82.00000000000001
947,82.39507,82.00000000000001
948,82.33269,82.00000000000001
949,82.44077,82.00000000000001
950,82.27629,81.0
951,81.043144,81.0
952,80.85806,81.0
953,80.93667,81.0
954,81.13867,81.0
955,81.18653,80.0
956,80.5544,79.0
957,78.944115,79.0
958,78.87128,77.99999999999999
959,77.979836,79.0
960,78.92768,77.99999999999999
961,78.11905,77.0
962,77.33323,75.0
963,75.30125,73.0
964,73.31987,72.0
965,72.12837,69.99999999999999
966,70.30366,68.0
967,68.301735,67.0
968,67.14002,65.99999999999999
969,66.08466,65.0
970,65.10861,64.0
971,64.16939,64.0
972,64.12199,61.99999999999999
973,62.039536,61.99999999999999
974,62.087574,61.00000000000001
975,61.125767,61.00000000000001
976,60.970272,61.00000000000001
977,61.02215,61.00000000000001
978,61.376842,61.00000000000001
979,61.542233,60.0
980,60.546455,61.00000000000001
981,61.580933,61.99999999999999
982,62.8818,61.99999999999999
983,62.244568,61.99999999999999
984,62.292637,61.99999999999999
985,62.116016,61.99999999999999
986,62.243835,61.00000000000001
987,61.1474,61.00000000000001
988,61.18882,61.99999999999999
989,62.108635,61.00000000000001
990,61.02882,60.0
991,60.16954,60.0
992,60.068607,61.00000000000001
993,61.112434,60.0
994,60.10461,60.0
995,60.10792,60.0
996,60.114124,60.0
997,60.03842,60.0
998,59.936115,60.0
999,60.2578,60.0
1000,60.123753,60.0
1001,58.97142,60.0
1002,60.398422,60.0
1003,60.05442,60.0
1004,60.707684,60.0
1005,60.81913,57.99999999999999
1006,57.953262,57.99999999999999
1007,58.042053,57.00000000000001
1008,57.151955,57.00000000000001
1009,57.06927,56.0
1010,56.22368,56.0
1011,56.35491,56.0
1012,56.284992,56.0
1013,56.222,57.00000000000001
1014,57.222744,56.0
1015,56.146324,57.00000000000001
1016,57.223835,57.00000000000001
1017,57.110714,57.00000000000001
1018,57.066807,57.00000000000001
1019,57.088066,57.00000000000001
1020,57.082947,57.00000000000001
1021,56.9821,56.0
1022,55.88385,56.0
1023,55.93302,56.0
1024,56.192688,56.0
1025,56.08526,56.0
1026,55.711834,56.0
1027,56.44371,56.0
1028,56.471916,54.99999999999999
1029,55.53366,54.99999999999999
1030,55.26632,56.0
1031,56.144497,56.0
1032,56.164173,57.00000000000001
1033,57.427277,57.00000000000001
1034,56.943398,56.0
1035,56.115868,56.0
1036,56.176327,57.00000000000001
1037,57.407597,57.00000000000001
1038,57.276752,57.99999999999999
1039,58.32129,57.99999999999999
1040,58.26715,57.99999999999999
1041,58.08836,57.99999999999999
1042,58.08928,57.99999999999999
1043,58.026012,57.99999999999999
1044,58.05847,57.99999999999999
1045,58.07641,58.99999999999999
1046,59.028675,58.99999999999999
1047,58.821583,57.99999999999999
1048,57.679916,57.99999999999999
1049,57.83185,57.99999999999999
1050,58.05373,57.99999999999999
1051,58.27689,57.00000000000001
1052,56.849766,56.0
1053,55.660816,57.00000000000001
1054,57.085556,56.0
1055,55.769367,56.0
1056,56.056595,54.99999999999999
1057,55.17391,54.99999999999999
1058,55.143055,54.99999999999999
1059,55.05713,54.99999999999999
1060,54.808327,54.99999999999999
1061,55.207893,54.99999999999999
1062,55.099136,53.00000000000001
1063,53.111897,53.00000000000001
1064,53.298744,53.00000000000001
1065,53.24367,53.00000000000001
1066,53.269726,54.0
1067,54.34297,54.0
1068,54.2676,54.0
1069,54.08345,54.0
1070,54.24752,54.0
1071,54.332558,54.99999999999999
1072,55.648754,56.0
1073,56.35979,56.0
1074,56.35135,56.0
1075,56.316975,56.0
1076,56.148365,56.0
1077,56.190174,56.0
1078,55.9763,56.0
1079,56.15638,57.00000000000001
1080,57.074966,57.00000000000001
1081,57.25705,57.00000000000001
1082,57.30396,57.00000000000001
1083,57.35951,57.00000000000001
1084,57.352917,57.99999999999999
1085,58.405834,57.99999999999999
1086,58.332806,57.99999999999999
1087,58.22454,57.99999999999999
1088,58.21317,57.99999999999999
1089,58.11328,57.99999999999999
1090,58.13521,57.99999999999999
1091,58.1566,57.00000000000001
1092,57.10296,57.00000000000001
1093,57.126377,57.99999999999999
1094,58.607384,57.99999999999999
1095,58.12436,57.00000000000001
1096,57.000195,57.99999999999999
1097,58.636177,57.99999999999999
1098,58.43958,57.99999999999999
1099,58.330173,58.99999999999999
1100,59.544,57.99999999999999
1101,57.956856,58.99999999999999
1102,59.20375,58.99999999999999
1103,59.25063,60.0
1104,60.370644,60.0
1105,60.25124,61.00000000000001
1106,61.422436,61.00000000000001
1107,61.59336,61.99999999999999
1108,62.44832,61.99999999999999
1109,62.405464,61.99999999999999
1110,62.28622,62.99999999999999
1111,63.169262,62.99999999999999
1112,63.148323,62.99999999999999
1113,63.116814,64.0
1114,64.12587,64.0
1115,64.12809,64.0
1116,64.08735,65.0
1117,65.19968,65.0
1118,65.59608,65.99999999999999
1119,66.51906,67.0
1120,67.144714,67.0
1121,67.249245,67.0
1122,67.13594,67.0
1123,67.23261,67.0
1124,67.11928,67.0
1125,67.01873,65.99999999999999
1126,66.02482,65.99999999999999
1127,66.0209,65.99999999999999
1128,66.26505,65.99999999999999
1129,66.26965,65.99999999999999
1130,66.27308,65.0
1131,65.35424,52.0
1132,52.001423,50.0
1133,49.849766,48.0
1134,47.965908,49.00000000000001
1135,48.985397,49.00000000000001
1136,49.001514,50.0
1137,50.087116,52.0
1138,52.125614,52.0
1139,52.20931,52.0
1140,52.21434,52.0
1141,52.18582,52.0
1142,52.169453,52.0
1143,52.198612,52.0
1144,52.309956,50.0
1145,49.957596,48.0
1146,47.888603,49.00000000000001
1147,49.670185,50.0
1148,51.039276,49.00000000000001
1149,49.10922,49.00000000000001
1150,49.20815,49.00000000000001
1151,49.327713,50.99999999999999
1152,51.12975,52.0
1153,52.25986,53.00000000000001
1154,53.540565,53.00000000000001
1155,51.882263,56.0
1156,55.9019,57.00000000000001
1157,57.157528,57.00000000000001
1158,57.053833,57.99999999999999
1159,58.203804,57.99999999999999
1160,58.059105,57.99999999999999
1161,58.218384,57.99999999999999
1162,57.83682,57.99999999999999
1163,58.037514,57.99999999999999
1164,58.083015,58.99999999999999
1165,59.213745,58.99999999999999
1166,59.01202,60.0
1167,60.250706,60.0
1168,59.96694,60.0
1169,59.84623,60.0
1170,60.627632,61.00000000000001
1171,61.653797,60.0
1172,59.93077,60.0
1173,59.87976,60.0
1174,60.380077,58.99999999999999
1175,59.263405,61.00000000000001
1176,61.606434,61.00000000000001
1177,60.99608,61.99999999999999
1178,62.2494,61.99999999999999
1179,62.1922,44.0
1180,44.22778,46.0
1181,46.268982,48.0
1182,48.22075,49.00000000000001
1183,49.226322,50.0
1184,50.25414,52.0
1185,52.34318,50.99999999999999
1186,51.30994,50.99999999999999
1187,51.207043,52.0
1188,52.181694,52.0
1189,52.177185,52.0
1190,52.13619,52.0
1191,52.21073,52.0
1192,52.183155,52.0
1193,52.154507,52.0
1194,52.24794,52.0
1195,52.309822,52.0
1196,52.318165,53.00000000000001
1197,53.51185,53.00000000000001
1198,53.484985,53.00000000000001
1199,53.242245,53.00000000000001
1200,53.251076,53.00000000000001
1201,53.13133,53.00000000000001
1202,53.079308,53.00000000000001
1203,53.173748,58.99999999999999
1204,59.126793,58.99999999999999
1205,59.063988,58.99999999999999
1206,58.93437,57.99999999999999
1207,57.955204,57.99999999999999
1208,58.037994,57.00000000000001
1209,57.019386,57.00000000000001
1210,56.788025,56.0
1211,55.781303,54.99999999999999
1212,55.069443,54.99999999999999
1213,55.038345,54.99999999999999
1214,55.13791,54.99999999999999
1215,55.064476,54.99999999999999
1216,54.995953,54.99999999999999
1217,55.13477,54.0
1218,53.84003,54.0
1219,54.153973,54.0
1220,54.414112,54.99999999999999
1221,55.7802,54.99999999999999
1222,55.52967,54.99999999999999
1223,55.445972,56.0
1224,56.14138,56.0
1225,55.992825,56.0
1226,56.04404,56.0
1227,56.050945,61.00000000000001
1228,61.32589,61.99999999999999
1229,62.363388,62.99999999999999
1230,63.346478,62.99999999999999
1231,63.27515,64.0
1232,64.34143,64.0
1233,64.25619,64.0
1234,64.25209,65.0
1235,65.26346,65.0
1236,65.29697,65.0
1237,65.56287,65.99999999999999
1238,66.48905,65.99999999999999
1239,66.3638,67.0
1240,67.09541,68.0
1241,68.11234,68.0
1242,68.42745,68.0
1243,68.115875,68.0
1244,67.86985,67.0
1245,66.46324,67.0
1246,66.86118,65.99999999999999
1247,65.840065,67.0
1248,67.09955,65.99999999999999
1249,66.101814,65.99999999999999
1250,66.220894,65.0
1251,65.10987,62.99999999999999
1252,63.119347,62.99999999999999
1253,63.148174,61.99999999999999
1254,62.09547,61.99999999999999
1255,61.86078,61.00000000000001
1256,60.93197,61.00000000000001
1257,60.9296,61.00000000000001
1258,60.986885,61.00000000000001
1259,61.060863,61.00000000000001
1260,61.06465,61.00000000000001
1261,60.943398,61.00000000000001
1262,61.014454,61.00000000000001
1263,61.13665,61.99999999999999
1264,62.287148,61.00000000000001
1265,60.979088,61.00000000000001
1266,61.011555,61.00000000000001
1267,61.17473,61.00000000000001
1268,61.168533,61.00000000000001
1269,61.04473,61.00000000000001
1270,60.8752,61.00000000000001
1271,61.280876,61.00000000000001
1272,61.400867,61.00000000000001
1273,61.308342,61.00000000000001
1274,61.299686,61.00000000000001
1275,61.379982,61.00000000000001
1276,61.09379,60.0
1277,60.000923,60.0
1278,59.901917,58.99999999999999
1279,58.980633,58.99999999999999
1280,59.028088,57.99999999999999
1281,58.059395,57.99999999999999
1282,58.15064,57.00000000000001
1283,57.19444,56.0
1284,56.282074,54.99999999999999
1285,55.12496,54.99999999999999
1286,55.0761,54.0
1287,54.06331,54.0
1288,53.971485,53.00000000000001
1289,52.9753,53.00000000000001
1290,53.21282,53.00000000000001
1291,53.46501,53.00000000000001
1292,53.505646,53.00000000000001
1293,53.474747,52.0
1294,52.208046,52.0
1295,52.15787,52.0
1296,52.113228,52.0
1297,52.094135,52.0
1298,52.308594,53.00000000000001
1299,53.2196,62.99999999999999
1300,63.150936,62.99999999999999
1301,63.079113,62.99999999999999
1302,63.145832,62.99999999999999
1303,63.181725,62.99999999999999
1304,63.1136,62.99999999999999
1305,63.052303,61.99999999999999
1306,61.990196,61.99999999999999
1307,62.129528,61.99999999999999
1308,62.069958,61.00000000000001
1309,61.289227,61.99999999999999
1310,62.39513,61.99999999999999
1311,62.37159,61.99999999999999
1312,62.281837,62.99999999999999
1313,63.557484,62.99999999999999
1314,63.658623,62.99999999999999
1315,63.400276,62.99999999999999
1316,63.809402,64.0
1317,64.422195,64.0
1318,64.493416,64.0
1319,64.54111,65.0
1320,65.42132,65.0
1321,65.400246,65.99999999999999
1322,66.395775,65.99999999999999
1323,66.30237,80.0
1324,80.31614,80.0
1325,80.23697,80.0
1326,80.24313,80.0
1327,80.256195,81.0
1328,81.28784,83.0
1329,83.51016,84.0
1330,84.37298,83.0
1331,82.82623,84.0
1332,84.14738,83.0
1333,82.98999,83.0
1334,82.78424,82.00000000000001
1335,81.52575,81.0
1336,80.994736,81.0
1337,80.89524,80.0
1338,79.45771,79.0
1339,78.51734,77.0
1340,77.16947,77.0
1341,77.37084,77.0
1342,77.548996,76.0
1343,76.473694,77.0
1344,77.53201,77.0
1345,74.26237,77.0
1346,74.12857,77.0
1347,74.48248,87.0
1348,87.8648,87.0
1349,87.73194,88.0
1350,88.71914,88.0
1351,88.71897,88.0
1352,88.613914,88.0
1353,88.778145,88.0
1354,88.73435,88.0
1355,88.784035,89.0
1356,89.82935,90.00000000000001
1357,90.80273,90.00000000000001
1358,90.54139,90.00000000000001
1359,90.89228,91.0
1360,92.26542,92.0
1361,94.02763,93.0
1362,94.27248,95.0
1363,97.859375,95.0
1364,97.44093,96.0
1365,98.32526,96.0
1366,97.92717,96.0
1367,97.22191,96.0
1368,97.53856,96.0
1369,97.46696,96.0
1370,97.58452,96.0
1371,97.08321,72.0
1372,72.54879,72.0
1373,72.18366,72.0
1374,72.343956,69.99999999999999
1375,70.09282,69.0
1376,69.10569,68.0
1377,68.161705,67.0
1378,66.968254,65.99999999999999
1379,66.06141,65.0
1380,65.30155,64.0
1381,64.14763,62.99999999999999
1382,62.93798,61.99999999999999
1383,62.0804,61.00000000000001
1384,61.07515,60.0
1385,59.94121,58.99999999999999
1386,58.88,57.00000000000001
1387,57.31767,56.0
1388,56.352238,54.99999999999999
1389,55.2497,54.99999999999999
1390,55.256905,54.99999999999999
1391,55.04298,54.99999999999999
1392,55.132202,54.0
1393,54.095406,54.0
1394,54.279465,54.0
1395,54.27062,56.0
1396,56.091377,56.0
1397,56.05645,57.00000000000001
1398,57.080093,57.00000000000001
1399,57.07755,57.00000000000001
1400,57.07732,57.00000000000001
1401,57.132996,57.00000000000001
1402,57.13577,57.00000000000001
1403,57.07203,57.99999999999999
1404,58.08197,57.99999999999999
1405,58.008125,57.99999999999999
1406,58.18018,57.99999999999999
1407,58.256504,57.99999999999999
1408,58.339916,57.99999999999999
1409,58.405148,58.99999999999999
1410,59.248276,57.99999999999999
1411,58.17529,58.99999999999999
1412,59.048157,58.99999999999999
1413,59.398087,58.99999999999999
1414,59.33574,58.99999999999999
1415,59.322407,58.99999999999999
1416,59.043873,60.0
1417,59.78405,60.0
1418,60.261566,60.0
1419,60.179745,67.0
1420,67.245255,67.0
1421,67.29664,67.0
1422,67.27625,67.0
1423,67.34416,67.0
1424,67.38063,68.0
1425,68.34144,68.0
1426,68.24342,67.0
1427,67.2462,67.0
1428,67.34582,67.0
1429,67.24535,67.0
1430,67.2359,67.0
1431,67.00416,67.0
1432,67.03447,67.0
1433,67.22422,68.0
1434,68.35213,68.0
1435,68.277534,69.0
1436,69.187065,69.0
1437,69.4869,69.0
1438,69.26225,69.99999999999999
1439,70.63223,69.0
1440,69.265175,69.0
1441,69.22724,69.0
1442,69.300156,69.0
1443,69.16845,69.0
1444,69.22405,68.0
1445,68.291855,68.0
1446,68.27911,67.0
1447,67.27241,67.0
1448,67.19617,65.99999999999999
1449,66.10735,65.99999999999999
1450,66.10157,67.0
1451,67.254684,65.99999999999999
1452,66.179504,67.0
1453,67.1901,67.0
1454,67.44885,68.0
1455,68.3545,68.0
1456,68.475624,68.0
1457,68.25813,68.0
1458,67.975624,67.0
1459,66.97161,67.0
1460,67.065445,67.0
1461,67.1605,65.99999999999999
1462,66.05642,65.99999999999999
1463,66.319466,67.0
1464,67.35042,67.0
1465,67.109886,67.0
1466,67.01343,67.0
1467,67.07327,67.0
1468,67.15758,67.0
1469,67.19894,67.0
1470,67.26511,67.0
1471,67.23897,67.0
1472,67.22049,67.0
1473,67.18022,67.0
1474,67.31516,67.0
1475,67.254196,68.0
1476,68.23231,68.0
1477,68.11636,68.0
1478,68.51196,68.0
1479,68.21949,68.0
1480,68.13968,69.0
1481,69.37042,69.0
1482,69.132034,69.0
1483,69.04763,69.99999999999999
1484,70.37144,69.99999999999999
1485,70.760124,71.0
1486,71.667465,72.0
1487,72.558784,72.0
1488,72.348976,72.0
1489,72.19229,73.0
1490,73.29533,74.00000000000001
1491,74.43461,74.00000000000001
1492,74.480606,75.0
1493,75.516815,76.0
1494,76.420364,76.0
1495,76.50459,76.0
1496,76.29877,76.0
1497,76.1189,75.0
1498,75.201775,74.00000000000001
1499,74.22044,73.0
1500,73.163,72.0
1501,71.97548,72.0
1502,71.96917,71.0
1503,70.81788,71.0
1504,70.92845,69.0
1505,68.78645,69.0
1506,69.00276,69.0
1507,68.888855,68.0
1508,67.909904,67.0
1509,66.88454,65.0
1510,65.02705,64.0
1511,64.18808,65.0
1512,65.32369,65.99999999999999
1513,66.27398,65.99999999999999
1514,66.257256,65.0
1515,65.12453,65.0
1516,65.15588,64.0
1517,64.260956,64.0
1518,64.17215,62.99999999999999
1519,63.21826,64.0
1520,64.314926,65.0
1521,65.328606,65.99999999999999
1522,66.31292,67.0
1523,67.23151,68.0
1524,68.26044,69.0
1525,69.324,69.0
1526,69.39396,69.99999999999999
1527,70.58671,71.0
1528,71.237564,72.0
1529,72.74541,73.0
1530,73.73846,74.00000000000001
1531,74.00847,74.00000000000001
1532,73.90663,75.0
1533,75.184074,77.0
1534,77.28405,77.0
1535,77.309685,77.0
1536,77.203255,77.0
1537,77.306305,77.99999999999999
1538,78.55125,79.0
1539,79.36294,80.0
1540,80.40956,81.0
1541,81.4434,82.00000000000001
1542,82.4375,81.0
1543,81.19707,80.0
1544,79.70982,79.0
1545,79.19638,77.99999999999999
1546,78.06102,76.0
1547,76.14231,75.0
1548,75.129814,74.00000000000001
1549,73.93597,75.0
1550,75.26811,74.00000000000001
1551,73.92781,73.0
1552,73.019394,72.0
1553,71.83114,72.0
1554,72.17364,71.0
1555,71.26418,71.0
1556,71.30193,69.99999999999999
1557,69.81857,69.0
1558,68.93279,68.0
1559,68.035515,67.0
1560,66.94277,65.99999999999999
1561,66.12899,65.0
1562,65.12979,62.99999999999999
1563,63.084625,61.99999999999999
1564,62.119793,61.00000000000001
1565,61.093666,60.0
1566,60.11482,60.0
1567,60.20787,60.0
1568,60.13083,61.00000000000001
1569,61.026234,61.99999999999999
1570,62.090218,62.99999999999999
1571,63.165905,64.0
1572,64.24864,65.0
1573,65.3172,64.0
1574,64.715836,65.0
1575,65.37245,64.0
1576,64.00861,64.0
1577,63.761036,64.0
1578,63.708282,62.99999999999999
1579,62.82683,62.99999999999999
1580,63.264893,62.99999999999999
1581,62.92246,62.99999999999999
1582,62.949005,62.99999999999999
1583,62.854305,61.99999999999999
1584,61.697105,61.99999999999999
1585,62.141968,61.99999999999999
1586,62.14623,61.00000000000001
1587,61.300774,61.00000000000001
1588,61.191246,60.0
1589,60.16156,60.0
1590,60.265533,58.99999999999999
1591,59.25047,58.99999999999999
1592,59.230515,58.99999999999999
1593,59.250584,57.99999999999999
1594,58.246563,57.00000000000001
1595,57.251614,57.00000000000001
1596,57.143898,56.0
1597,56.18018,54.99999999999999
1598,55.23095,54.99999999999999
1599,55.346233,54.99999999999999
1600,55.02996,54.99999999999999
1601,55.43069,54.99999999999999
1602,55.18041,56.0
1603,56.377605,54.99999999999999
1604,55.43381,56.0
1605,56.10705,56.0
1606,55.77655,56.0
1607,56.010708,57.00000000000001
1608,57.025898,57.00000000000001
1609,57.06812,57.00000000000001
1610,56.960274,57.00000000000001
1611,57.209854,57.99999999999999
1612,58.07935,58.99999999999999
1613,59.093678,58.99999999999999
1614,59.135326,60.0
1615,60.308144,60.0
1616,60.132057,60.0
1617,59.881176,60.0
1618,59.820744,58.99999999999999
1619,58.917957,58.99999999999999
1620,58.78878,57.99999999999999
1621,57.93258,57.00000000000001
1622,56.69026,56.0
1623,55.47864,56.0
1624,55.886223,56.0
1625,55.947365,56.0
1626,55.98729,54.99999999999999
1627,54.950596,54.99999999999999
1628,55.041092,54.99999999999999
1629,54.668427,54.99999999999999
1630,55.05887,54.99999999999999
1631,54.80268,56.0
1632,56.353382,57.00000000000001
1633,57.410465,60.0
1634,60.51397,60.0
1635,60.32754,60.0
1636,60.14622,60.0
1637,60.212914,60.0
1638,60.20328,60.0
1639,60.14203,60.0
1640,60.175827,61.00000000000001
1641,61.157494,61.00000000000001
1642,61.070633,61.99999999999999
1643,62.117554,62.99999999999999
1644,63.144012,64.0
1645,64.19904,65.0
1646,65.108604,65.99999999999999
1647,65.912544,65.99999999999999
1648,65.91188,65.99999999999999
1649,65.45062,67.0
1650,66.97787,67.0
1651,66.83293,67.0
1652,67.07785,68.0
1653,67.5805,67.0
1654,66.94617,67.0
1655,67.33092,65.99999999999999
1656,66.30421,65.99999999999999
1657,66.306946,64.0
1658,64.18571,64.0
1659,64.157074,64.0
1660,64.12985,64.0
1661,64.36187,64.0
1662,64.18953,65.0
1663,65.327126,65.0
1664,65.16482,65.0
1665,65.12517,65.99999999999999
1666,66.19857,65.99999999999999
1667,66.23635,67.0
1668,67.281586,65.99999999999999
1669,66.14165,65.0
1670,64.76818,65.99999999999999
1671,66.16459,65.99999999999999
1672,66.35885,65.99999999999999
1673,66.19535,65.99999999999999
1674,65.9504,65.0
1675,64.87495,65.0
1676,64.99669,65.0
1677,64.89352,65.0
1678,65.12091,65.0
1679,64.89763,65.0
1680,65.03325,64.0
1681,64.11994,64.0
1682,64.11692,65.0
1683,65.19999,65.0
1684,65.22645,64.0
1685,64.128105,64.0
1686,64.05551,62.99999999999999
1687,63.074627,62.99999999999999
1688,63.080856,62.99999999999999
1689,63.1444,62.99999999999999
1690,63.164337,62.99999999999999
1691,63.214123,64.0
1692,64.24195,64.0
1693,64.37293,65.99999999999999
1694,66.41543,65.99999999999999
1695,66.13481,65.99999999999999
1696,66.47645,65.99999999999999
1697,66.0738,65.99999999999999
1698,66.08164,65.99999999999999
1699,65.83481,67.0
1700,66.979416,67.0
1701,66.99311,68.0
1702,68.22677,68.0
1703,68.15681,69.0
1704,69.55952,69.99999999999999
1705,70.3626,69.99999999999999
1706,70.29565,69.99999999999999
1707,70.22271,69.99999999999999
1708,70.27763,69.99999999999999
1709,70.4157,71.0
1710,71.51356,71.0
1711,71.44417,71.0
1712,71.41653,72.0
1713,72.34258,72.0
1714,72.339966,73.0
1715,73.617935,73.0
1716,73.48256,73.0
1717,73.265594,72.0
1718,71.99978,72.0
1719,71.95009,69.99999999999999
1720,69.62744,69.99999999999999
1721,69.92177,69.99999999999999
1722,69.66099,69.99999999999999
1723,69.780334,69.99999999999999
1724,70.21274,69.99999999999999
1725,70.016846,69.99999999999999
1726,70.43077,71.0
1727,71.31359,71.0
1728,71.37039,72.0
1729,72.37164,75.0
1730,75.42918,77.0
1731,77.55727,77.0
1732,77.16959,77.99999999999999
1733,78.44228,77.99999999999999
1734,78.27891,77.99999999999999
1735,78.29458,77.99999999999999
1736,78.357254,77.0
1737,77.31013,77.0
1738,77.451004,76.0
1739,76.43109,76.0
1740,76.44322,74.00000000000001
1741,74.24309,74.00000000000001
1742,74.19764,74.00000000000001
1743,74.12176,75.0
1744,74.85759,74.00000000000001
1745,73.63426,75.0
1746,74.95777,75.0
1747,74.74609,75.0
1748,74.87016,75.0
1749,74.6322,74.00000000000001
1750,74.06037,75.0
1751,75.151764,74.00000000000001
1752,74.166115,72.0
1753,72.28008,69.99999999999999
1754,70.51496,68.0
1755,68.56631,68.0
1756,68.490364,67.0
1757,67.550255,67.0
1758,67.31794,65.99999999999999
1759,66.30574,65.99999999999999
1760,66.27497,65.99999999999999
1761,66.30448,65.99999999999999
1762,66.22923,65.0
1763,65.227745,65.99999999999999
1764,66.469475,65.99999999999999
1765,66.31092,68.0
1766,68.3506,69.0
1767,69.43461,69.99999999999999
1768,70.34524,71.0
1769,70.51216,71.0
1770,70.54793,71.0
1771,70.70169,71.0
1772,70.91298,72.0
1773,71.989876,71.0
1774,70.56907,69.99999999999999
1775,69.7067,69.99999999999999
1776,69.99799,69.99999999999999
1777,70.36412,69.99999999999999
1778,70.24647,71.0
1779,71.75035,71.0
1780,71.40032,72.0
1781,72.4286,72.0
1782,72.32754,73.0
1783,73.284164,74.00000000000001
1784,74.026115,74.00000000000001
1785,74.095146,74.00000000000001
1786,74.18322,75.0
1787,75.316086,75.0
1788,75.2072,75.0
1789,75.30928,75.0
1790,75.3353,74.00000000000001
1791,73.87167,74.00000000000001
1792,73.979355,74.00000000000001
1793,73.96921,74.00000000000001
1794,73.43596,74.00000000000001
1795,73.96578,74.00000000000001
1796,73.302605,73.0
1797,72.49884,73.0
1798,72.587746,73.0
1799,72.864555,74.00000000000001
1800,74.20336,73.0
1801,73.14451,73.0
1802,73.08428,71.0
1803,70.68114,71.0
1804,71.16293,69.99999999999999
1805,70.26196,69.0
1806,69.274315,69.0
1807,69.17885,68.0
1808,68.27033,67.0
1809,67.168335,67.0
1810,67.35423,67.0
1811,67.39503,67.0
1812,67.429886,65.0
1813,65.12456,65.0
1814,65.03095,64.0
1815,63.986893,62.99999999999999
1816,62.508522,62.99999999999999
1817,63.15302,62.99999999999999
1818,63.372677,62.99999999999999
1819,63.426853,62.99999999999999
1820,63.267193,62.99999999999999
1821,62.881775,62.99999999999999
1822,62.976776,62.99999999999999
1823,63.413364,62.99999999999999
1824,63.43343,64.0
1825,64.38261,62.99999999999999
1826,62.446106,65.0
1827,65.50426,67.0
1828,67.61518,69.99999999999999
1829,70.77588,71.0
1830,71.64694,72.0
1831,72.45724,73.0
1832,73.550026,74.00000000000001
1833,74.42078,74.00000000000001
1834,74.46584,75.0
1835,75.48515,77.0
1836,77.72161,77.99999999999999
1837,78.32646,79.0
1838,79.29127,79.0
1839,76.05727,80.0
1840,79.48729,80.0
1841,80.170006,80.0
1842,80.20136,80.0
1843,79.92329,80.0
1844,80.18938,80.0
1845,80.09185,81.0
1846,81.51745,82.00000000000001
1847,82.69553,83.0
1848,83.834496,84.0
1849,84.04597,87.0
1850,88.40535,88.0
1851,88.79762,87.0
1852,87.362785,85.0
1853,85.307526,84.0
1854,84.13615,84.0
1855,84.419014,82.00000000000001
1856,82.10978,81.0
1857,80.983765,79.0
1858,78.60948,77.0
1859,77.158485,75.0
1860,75.33561,73.0
1861,73.19879,72.0
1862,72.117714,72.0
1863,71.81929,72.0
1864,71.959236,72.0
1865,71.83439,72.0
1866,71.93252,72.0
1867,71.903465,71.0
1868,70.63247,72.0
1869,72.07195,72.0
1870,72.01759,71.0
1871,70.91911,69.0
1872,68.971245,68.0
1873,68.218475,65.0
1874,65.09267,64.0
1875,64.136345,54.0
1876,54.44634,54.0
1877,54.09528,54.0
1878,54.27369,54.99999999999999
1879,55.18984,54.99999999999999
1880,55.19924,54.99999999999999
1881,55.300964,56.0
1882,56.318073,56.0
1883,56.328735,57.00000000000001
1884,57.2655,57.99999999999999
1885,58.388966,58.99999999999999
1886,59.35325,58.99999999999999
1887,59.340996,57.99999999999999
1888,57.961525,58.99999999999999
1889,59.217163,60.0
1890,60.422523,60.0
1891,60.41845,58.99999999999999
1892,59.372528,58.99999999999999
1893,59.29052,60.0
1894,60.303307,60.0
1895,60.27361,58.99999999999999
1896,59.38772,58.99999999999999
1897,59.224197,57.99999999999999
1898,58.273117,57.99999999999999
1899,58.133053,62.99999999999999
1900,63.26121,61.99999999999999
1901,62.000854,65.0
1902,65.386024,62.99999999999999
1903,62.69576,62.99999999999999
1904,62.953716,61.99999999999999
1905,61.964046,62.99999999999999
1906,63.09415,62.99999999999999
1907,63.17154,64.0
1908,64.15437,62.99999999999999
1909,63.1045,61.99999999999999
1910,62.011574,61.00000000000001
1911,60.927166,61.00000000000001
1912,61.068687,61.99999999999999
1913,62.254883,61.00000000000001
1914,60.990395,62.99999999999999
1915,63.12476,62.99999999999999
1916,63.01499,62.99999999999999
1917,63.117092,62.99999999999999
1918,63.280758,62.99999999999999
1919,62.966686,61.00000000000001
1920,60.96474,61.00000000000001
1921,61.206947,61.00000000000001
1922,61.084587,61.00000000000001
1923,61.21008,53.00000000000001
1924,53.147785,52.0
1925,52.16759,52.0
1926,52.092693,53.00000000000001
1927,53.15617,53.00000000000001
1928,53.19983,53.00000000000001
1929,53.271347,53.00000000000001
1930,53.368713,53.00000000000001
1931,53.31612,53.00000000000001
1932,53.281315,54.0
1933,54.162155,54.0
1934,54.19543,54.0
1935,54.145767,54.0
1936,54.188686,54.0
1937,54.605236,54.99999999999999
1938,55.484413,54.99999999999999
1939,55.494503,56.0
1940,56.519375,56.0
1941,56.14731,56.0
1942,56.5088,56.0
1943,56.153492,57.00000000000001
1944,57.424534,57.99999999999999
1945,58.262108,57.99999999999999
1946,58.258728,58.99999999999999
1947,59.216805,56.0
1948,56.014706,54.99999999999999
1949,55.022835,54.99999999999999
1950,55.03769,54.99999999999999
1951,55.039,54.99999999999999
1952,55.16178,54.99999999999999
1953,55.043694,54.99999999999999
1954,55.11308,56.0
1955,56.08493,57.00000000000001
1956,57.044304,57.99999999999999
1957,58.200863,57.99999999999999
1958,58.109993,57.99999999999999
1959,57.885487,57.99999999999999
1960,58.471016,58.99999999999999
1961,59.252914,58.99999999999999
1962,59.057266,58.99999999999999
1963,58.842358,58.99999999999999
1964,59.09906,57.99999999999999
1965,57.971504,57.00000000000001
1966,57.38806,57.00000000000001
1967,57.226994,56.0
1968,56.032635,56.0
1969,56.068047,56.0
1970,56.08607,56.0
1971,56.062317,64.0
1972,64.07936,64.0
1973,64.153854,64.0
1974,64.385414,64.0
1975,64.27774,64.0
1976,64.20862,64.0
1977,64.15349,64.0
1978,64.15894,64.0
1979,64.17997,62.99999999999999
1980,63.179695,62.99999999999999
1981,63.24289,62.99999999999999
1982,63.302605,62.99999999999999
1983,63.357887,61.99999999999999
1984,61.894024,61.99999999999999
1985,62.18773,61.00000000000001
1986,60.90004,61.00000000000001
1987,60.992,60.0
1988,60.12187,61.00000000000001
1989,61.20398,61.00000000000001
1990,60.943386,61.00000000000001
1991,61.017246,60.0
1992,59.960964,60.0
1993,60.013203,58.99999999999999
1994,59.00565,58.99999999999999
1995,59.057365,61.99999999999999
1996,62.338406,61.99999999999999
1997,62.385857,62.99999999999999
1998,63.303944,64.0
1999,64.07675,64.0
2000,63.916718,64.0
2001,63.90099,64.0
2002,63.904312,64.0
2003,64.00354,64.0
2004,64.061844,64.0
2005,64.00868,64.0
2006,64.09113,64.0
2007,63.98426,64.0
2008,64.12773,64.0
2009,64.06268,64.0
2010,64.24994,62.99999999999999
2011,62.85933,62.99999999999999
2012,62.880947,62.99999999999999
2013,63.15657,62.99999999999999
2014,63.23519,62.99999999999999
2015,63.05752,62.99999999999999
2016,63.233696,64.0
2017,64.41794,64.0
2018,64.31834,64.0
2019,64.35301,53.00000000000001
2020,53.232597,53.00000000000001
2021,53.34258,54.0
2022,54.217773,54.0
2023,54.23659,54.99999999999999
2024,55.259933,54.99999999999999
2025,55.294624,54.99999999999999
2026,55.233917,56.0
2027,56.394093,56.0
2028,56.333675,57.00000000000001
2029,57.315453,58.99999999999999
2030,59.40505,60.0
2031,60.432735,61.00000000000001
2032,61.577312,61.99999999999999
2033,62.438824,61.99999999999999
2034,62.287086,62.99999999999999
2035,63.47147,62.99999999999999
2036,63.430565,62.99999999999999
2037,63.430496,62.99999999999999
2038,63.305504,62.99999999999999
2039,63.29602,61.99999999999999
2040,62.325943,62.99999999999999
2041,63.24515,62.99999999999999
2042,62.337322,62.99999999999999
2043,63.226673,67.0
2044,67.19694,67.0
2045,67.20146,67.0
2046,67.123215,65.99999999999999
2047,66.15846,65.99999999999999
2048,65.88603,65.99999999999999
2049,65.96959,65.99999999999999
2050,65.78957,65.99999999999999
2051,65.940575,65.0
2052,64.95097,65.0
2053,64.94429,64.0
2054,63.932407,62.99999999999999
2055,63.16143,64.0
2056,64.346085,62.99999999999999
2057,63.278503,62.99999999999999
2058,63.146267,62.99999999999999
2059,63.33802,62.99999999999999
2060,63.489323,62.99999999999999
2061,63.58724,62.99999999999999
2062,63.40831,64.0
2063,64.52724,64.0
2064,64.45655,64.0
2065,64.38157,65.0
2066,65.31397,65.0
2067,65.34482,75.0
2068,75.560905,73.0
2069,72.64665,69.99999999999999
2070,69.89888,69.0
2071,68.66339,67.0
2072,66.69054,65.0
2073,65.10173,64.0
2074,64.10198,62.99999999999999
2075,63.22994,62.99999999999999
2076,63.277203,62.99999999999999
2077,63.213802,61.99999999999999
2078,62.165234,61.99999999999999
2079,62.19611,61.99999999999999
2080,62.222767,61.00000000000001
2081,61.07374,61.00000000000001
2082,60.943058,61.00000000000001
2083,60.735607,60.0
2084,59.68447,58.99999999999999
2085,58.6658,57.99999999999999
2086,57.897324,57.99999999999999
2087,58.521893,57.00000000000001
2088,57.304832,54.99999999999999
2089,55.191463,54.0
2090,54.221935,52.0
2091,52.229717,95.0
2092,95.79932,95.0
2093,95.90522,95.0
2094,96.49672,95.0
2095,96.41389,95.0
2096,95.81498,95.0
2097,95.907486,96.0
2098,97.07162,96.0
2099,97.24835,97.0
2100,98.08864,97.0
2101,98.28967,97.0
2102,98.28142,97.0
2103,97.76066,97.0
2104,98.86408,96.0
2105,97.27384,95.0
2106,96.58936,93.99999999999999
2107,95.360306,93.99999999999999
2108,95.332634,93.0
2109,94.02114,93.0
2110,93.996216,93.0
2111,93.957954,91.0
2112,91.70983,90.00000000000001
2113,90.65269,89.0
2114,89.58251,88.0
2115,88.463524,53.00000000000001
2116,53.30334,53.00000000000001
2117,53.30104,53.00000000000001
2118,53.290085,54.0
2119,54.22177,54.99999999999999
2120,55.19523,56.0
2121,56.147324,57.00000000000001
2122,57.162945,57.00000000000001
2123,57.206165,57.99999999999999
2124,58.20382,57.99999999999999
2125,58.12915,58.99999999999999
2126,59.263,60.0
2127,60.438187,60.0
2128,60.101097,60.0
2129,60.17427,61.00000000000001
2130,61.150284,61.00000000000001
2131,61.416786,61.00000000000001
2132,61.342403,61.00000000000001
2133,60.789215,60.0
2134,60.01127,60.0
2135,60.22395,60.0
2136,60.37929,60.0
2137,60.474762,60.0
2138,60.53966,61.00000000000001
2139,61.493244,61.00000000000001
2140,61.264996,61.00000000000001
2141,61.374687,61.00000000000001
2142,61.069862,61.00000000000001
2143,61.02222,61.99999999999999
2144,62.37286,61.00000000000001
2145,61.076874,61.00000000000001
2146,61.080967,61.00000000000001
2147,61.102238,60.0
2148,60.03807,60.0
2149,60.168266,60.0
2150,59.980595,61.00000000000001
2151,60.956142,61.00000000000001
2152,61.164314,61.00000000000001
2153,61.08513,61.00000000000001
2154,60.95076,60.0
2155,59.890465,61.00000000000001
2156,61.117558,60.0
2157,60.005985,60.0
2158,60.148857,60.0
2159,60.05106,60.0
2160,60.039402,58.99999999999999
2161,58.913292,57.99999999999999
2162,58.101387,57.00000000000001
2163,57.225475,61.00000000000001
2164,61.200047,61.00000000000001
2165,61.4787,60.0
2166,60.233562,58.99999999999999
2167,59.100086,60.0
2168,60.1119,60.0
2169,60.12517,60.0
2170,60.0947,61.00000000000001
2171,61.049145,61.00000000000001
2172,61.129597,61.99999999999999
2173,62.310604,62.99999999999999
2174,63.34101,64.0
2175,64.33235,64.0
2176,64.139244,64.0
2177,64.31692,65.0
2178,65.33295,65.0
2179,65.22917,65.0
2180,65.21568,65.0
2181,65.12828,65.0
2182,65.170906,65.99999999999999
2183,66.35033,65.99999999999999
2184,66.34645,67.0
2185,67.12535,65.99999999999999
2186,66.21548,65.99999999999999
2187,66.22702,68.0
2188,68.50862,68.0
2189,68.35371,68.0
2190,68.228745,69.0
2191,69.448875,69.99999999999999
2192,70.017044,69.0
2193,68.711624,69.0
2194,68.80485,68.0
2195,67.69775,68.0
2196,68.1418,65.99999999999999
2197,66.25634,65.99999999999999
2198,66.32257,65.0
2199,65.153786,65.0
2200,65.30789,65.0
2201,65.58852,65.0
2202,65.30881,65.0
2203,65.38527,65.0
2204,65.197815,65.0
2205,65.18371,64.0
2206,63.704617,62.99999999999999
2207,62.955605,62.99999999999999
2208,63.279957,64.0
2209,64.40003,62.99999999999999
2210,63.20013,62.99999999999999
2211,63.164703,61.00000000000001
2212,61.196102,61.00000000000001
2213,61.190067,61.00000000000001
2214,61.252647,58.99999999999999
2215,59.164658,58.99999999999999
2216,59.149223,60.0
2217,60.148563,61.00000000000001
2218,61.357307,61.99999999999999
2219,62.455654,64.0
2220,64.50228,64.0
2221,64.1922,64.0
2222,64.124435,64.0
2223,63.69409,64.0
2224,64.16738,64.0
2225,64.111176,64.0
2226,64.31118,64.0
2227,64.353874,64.0
2228,64.47309,64.0
2229,64.43465,65.0
2230,65.31334,65.99999999999999
2231,66.41488,67.0
2232,67.469055,67.0
2233,67.451,67.0
2234,67.310585,68.0
2235,68.23146,68.0
2236,68.205025,69.0
2237,69.196945,69.0
2238,69.20976,69.99999999999999
2239,70.440285,71.0
2240,71.47961,72.0
2241,72.6767,73.0
2242,73.53566,74.00000000000001
2243,74.58449,74.00000000000001
2244,74.53878,74.00000000000001
2245,74.148674,74.00000000000001
2246,74.3202,75.0
2247,75.248184,75.0
2248,75.17795,75.0
2249,75.01123,75.0
2250,75.34045,75.0
2251,75.27784,75.0
2252,75.14392,75.0
2253,75.01595,75.0
2254,75.56422,75.0
2255,75.57363,75.0
2256,75.64106,76.0
2257,76.562096,77.0
2258,77.42204,77.0
2259,77.42235,77.0
2260,77.48205,77.0
2261,77.34243,77.0
2262,77.205986,76.0
2263,76.30243,76.0
2264,76.307274,75.0
2265,75.30519,75.0
2266,75.349144,74.00000000000001
2267,74.45925,74.00000000000001
2268,74.447495,76.0
2269,76.46518,77.0
2270,77.63229,77.0
2271,77.40935,77.0
2272,76.90811,76.0
2273,75.92054,76.0
2274,75.85179,75.0
2275,75.13087,74.00000000000001
2276,73.70913,75.0
2277,75.43604,75.0
2278,75.37263,75.0
2279,75.17735,74.00000000000001
2280,74.30704,74.00000000000001
2281,74.60492,75.0
2282,75.61526,76.0
2283,76.665596,76.0
2284,76.467865,76.0
2285,76.3192,76.0
2286,76.29764,76.0
2287,76.352684,75.0
2288,75.20029,75.0
2289,74.976204,74.00000000000001
2290,74.11066,73.0
2291,73.2169,73.0
2292,73.23979,72.0
2293,72.33066,71.0
2294,71.08093,71.0
2295,71.33257,72.0
2296,72.49027,72.0
2297,72.317406,73.0
2298,73.41265,73.0
2299,73.33456,74.00000000000001
2300,74.25541,74.00000000000001
2301,74.54168,75.0
2302,75.68659,75.0
2303,75.601036,75.0
2304,75.50463,74.00000000000001
2305,74.46775,73.0
2306,73.50946,71.0
2307,71.471016,71.0
2308,71.35125,69.99999999999999
2309,70.27512,71.0
2310,71.41528,71.0
2311,71.32026,71.0
2312,71.344215,71.0
2313,71.27707,72.0
2314,72.3093,73.0
2315,73.52811,73.0
2316,73.43335,74.00000000000001
2317,74.61364,79.0
2318,80.927055,79.0
2319,79.66049,79.0
2320,79.60979,80.0
2321,81.55598,80.0
2322,79.48575,79.0
2323,79.05481,80.0
2324,80.31779,79.0
2325,79.54768,79.0
2326,79.51488,79.0
2327,79.3093,81.0
2328,81.608345,82.00000000000001
2329,82.08513,83.0
2330,83.81877,83.0
2331,83.49391,83.0
2332,83.329285,83.0
2333,83.445076,82.00000000000001
2334,82.34229,82.00000000000001
2335,82.684975,82.00000000000001
2336,82.756096,82.00000000000001
2337,82.6467,82.00000000000001
2338,82.52705,82.00000000000001
2339,82.68269,82.00000000000001
2340,82.62222,81.0
2341,81.26541,76.0
2342,76.11698,75.0
2343,75.358925,75.0
2344,75.51376,75.0
2345,75.55588,75.0
2346,75.80188,76.0
2347,76.93389,77.0
2348,77.96417,77.0
2349,77.86928,77.0
2350,77.73546,77.0
2351,77.766716,76.0
2352,76.79242,76.0
2353,76.74075,75.0
2354,75.42305,75.0
2355,75.51246,76.0
2356,76.507805,77.0
2357,77.612816,77.99999999999999
2358,78.507065,79.0
2359,79.52692,79.0
2360,79.49078,79.0
2361,79.358315,79.0
2362,79.337006,80.0
2363,80.48411,80.0
2364,80.598076,81.0
2365,81.57417,82.00000000000001
2366,82.91858,83.0
2367,83.59375,82.00000000000001
2368,82.533905,82.00000000000001
2369,82.439575,82.00000000000001
2370,82.41878,81.0
2371,81.42231,81.0
2372,81.23462,80.0
2373,80.26828,80.0
2374,80.24883,80.0
2375,80.242294,80.0
2376,80.81356,79.0
2377,79.68299,79.0
2378,79.624565,79.0
2379,79.59932,77.99999999999999
2380,78.512985,77.99999999999999
2381,78.38472,77.99999999999999
2382,78.728935,77.99999999999999
2383,78.464005,77.99999999999999
2384,78.488464,77.99999999999999
2385,78.49606,77.99999999999999
2386,78.421036,77.0
2387,77.39825,77.0
2388,77.262794,77.0
2389,77.237976,76.0
2390,76.493774,76.0
2391,76.20975,77.0
2392,77.466835,77.0
2393,77.30773,77.0
2394,76.627304,77.0
2395,76.59455,77.0
2396,77.13249,77.0
2397,76.58968,77.0
2398,76.338264,77.0
2399,77.28788,77.0
2400,77.51632,77.0
2401,77.62482,76.0
2402,76.259995,75.0
2403,75.499825,74.00000000000001
2404,74.2836,73.0
2405,73.207405,72.0
2406,72.12245,71.0
2407,71.13205,69.0
2408,69.14401,69.0
2409,69.152176,69.0
2410,69.395004,69.0
2411,69.60726,69.0
2412,69.5149,69.0
2413,69.36723,68.0
2414,68.36888,68.0
2415,68.49913,68.0
2416,68.83598,68.0
2417,68.56443,68.0
2418,68.401596,68.0
2419,68.397705,68.0
2420,68.46955,69.0
2421,69.46801,69.0
2422,69.65444,69.0
2423,69.547066,68.0
2424,68.57987,68.0
2425,67.20676,69.0
2426,69.55985,69.0
2427,69.47799,69.99999999999999
2428,69.978546,72.0
2429,72.44967,73.0
2430,73.49954,74.00000000000001
2431,74.42624,75.0
2432,75.44644,76.0
2433,76.400955,76.0
2434,76.5702,76.0
2435,76.60379,76.0
2436,76.54645,77.0
2437,77.65312,77.0
2438,77.5059,77.0
2439,77.205215,77.0
2440,77.42479,77.0
2441,77.74598,77.0
2442,77.50585,77.0
2443,77.81208,76.0
2444,76.23985,75.0
2445,75.2966,75.0
2446,75.43416,74.00000000000001
2447,74.4666,74.00000000000001
2448,74.52926,74.00000000000001
2449,74.510414,74.00000000000001
2450,74.30108,73.0
2451,73.42692,72.0
2452,72.43782,72.0
2453,72.487946,72.0
2454,72.36001,71.0
2455,71.32295,69.99999999999999
2456,70.33806,69.99999999999999
2457,70.37639,69.99999999999999
2458,70.32402,69.0
2459,69.32447,69.0
2460,69.34469,67.0
2461,67.140205,65.99999999999999
2462,66.006,65.0
2463,65.378426,65.0
2464,65.06498,64.0
2465,64.214355,64.0
2466,64.30468,64.0
2467,64.02874,64.0
2468,63.949535,64.0
2469,64.107346,62.99999999999999
2470,63.00916,62.99999999999999
2471,62.923,62.99999999999999
2472,63.27385,64.0
2473,64.29105,64.0
2474,64.031906,62.99999999999999
2475,63.120026,62.99999999999999
2476,63.144386,62.99999999999999
2477,63.117035,62.99999999999999
2478,63.081184,62.99999999999999
2479,63.072304,64.0
2480,64.20841,64.0
2481,64.23909,64.0
2482,64.21775,64.0
2483,63.892216,62.99999999999999
2484,63.046738,61.99999999999999
2485,62.11839,61.99999999999999
2486,62.127995,61.99999999999999
2487,62.161068,61.99999999999999
2488,61.96072,61.99999999999999
2489,61.94135,61.00000000000001
2490,60.936066,61.00000000000001
2491,60.880024,60.0
2492,60.015278,60.0
2493,59.921604,60.0
2494,60.217457,60.0
2495,60.060238,58.99999999999999
2496,59.153343,57.99999999999999
2497,58.130505,57.00000000000001
2498,56.984726,57.00000000000001
2499,57.071762,57.00000000000001
2500,57.187046,56.0
2501,56.245068,56.0
2502,56.20851,54.99999999999999
2503,55.132523,54.0
2504,54.16994,53.00000000000001
2505,53.17542,53.00000000000001
2506,53.209312,54.0
2507,54.22253,54.99999999999999
2508,55.211555,56.0
2509,56.18061,57.00000000000001
2510,57.326828,57.00000000000001
2511,57.273834,57.99999999999999
2512,58.30605,57.99999999999999
2513,58.314224,57.99999999999999
2514,58.016396,58.99999999999999
2515,59.057926,58.99999999999999
2516,59.227715,58.99999999999999
2517,59.16993,58.99999999999999
2518,59.11965,58.99999999999999
2519,58.96374,58.99999999999999
2520,58.87867,58.99999999999999
2521,58.996372,58.99999999999999
2522,59.196247,60.0
2523,60.198437,60.0
2524,59.998383,60.0
2525,60.277985,61.00000000000001
2526,61.33972,61.00000000000001
2527,61.263947,61.99999999999999
2528,62.243362,61.99999999999999
2529,62.21264,61.99999999999999
2530,62.24206,61.99999999999999
2531,62.248226,61.99999999999999
2532,62.294975,62.99999999999999
2533,63.443497,61.99999999999999
2534,62.152603,61.99999999999999
2535,61.840416,61.00000000000001
2536,60.789593,61.00000000000001
2537,61.010414,61.00000000000001
2538,60.98624,60.0
2539,59.834152,60.0
2540,59.833862,58.99999999999999
2541,58.829052,58.99999999999999
2542,58.898987,60.0
2543,60.112892,60.0
2544,60.146885,60.0
2545,60.282627,60.0
2546,60.15424,61.00000000000001
2547,61.16061,61.00000000000001
2548,61.11059,61.00000000000001
2549,61.33123,61.99999999999999
2550,62.415665,62.99999999999999
2551,63.236465,62.99999999999999
2552,63.232346,62.99999999999999
2553,63.186684,61.99999999999999
2554,62.143112,61.99999999999999
2555,62.14701,61.00000000000001
2556,61.112434,60.0
2557,60.026863,60.0
2558,60.1161,60.0
2559,60.0039,61.00000000000001
2560,61.047794,61.00000000000001
2561,61.094475,61.00000000000001
2562,60.952446,61.00000000000001
2563,61.050068,61.99999999999999
2564,62.053368,61.99999999999999
2565,62.00122,61.99999999999999
2566,61.183372,61.99999999999999
2567,61.867233,61.99999999999999
2568,61.940285,61.99999999999999
2569,62.16261,61.99999999999999
2570,62.336517,61.99999999999999
2571,62.19664,61.99999999999999
2572,62.220463,62.99999999999999
2573,63.17129,61.99999999999999
2574,62.21604,61.00000000000001
2575,61.150227,61.00000000000001
2576,61.08686,60.0
2577,59.892776,60.0
2578,59.886314,58.99999999999999
2579,59.001835,58.99999999999999
2580,59.083965,57.99999999999999
2581,58.033295,57.00000000000001
2582,56.992264,57.00000000000001
2583,56.95629,57.00000000000001
2584,56.857613,57.00000000000001
2585,56.699654,56.0
2586,55.85898,56.0
2587,55.982327,56.0
2588,55.7522,56.0
2589,55.869595,56.0
2590,55.787155,56.0
2591,55.913883,57.00000000000001
2592,57.519882,60.0
2593,60.554264,61.00000000000001
2594,61.531475,60.0
2595,60.193,57.99999999999999
2596,58.053444,57.99999999999999
2597,58.052235,57.00000000000001
2598,57.06877,57.00000000000001
2599,57.005054,56.0
2600,56.085094,56.0
2601,56.113335,56.0
2602,56.160553,54.99999999999999
2603,55.14463,54.0
2604,54.193214,54.0
2605,54.40175,53.00000000000001
2606,53.35157,54.0
2607,54.208183,54.99999999999999
2608,55.61815,54.99999999999999
2609,55.478676,54.99999999999999
2610,55.34234,54.0
2611,54.14705,54.0
2612,54.3715,54.0
2613,53.84752,53.00000000000001
2614,52.92332,53.00000000000001
2615,53.169052,53.00000000000001
2616,53.206516,53.00000000000001
2617,53.387558,53.00000000000001
2618,53.13078,53.00000000000001
2619,53.131603,60.0
2620,59.98301,61.00000000000001
2621,61.150223,58.99999999999999
2622,59.127197,58.99999999999999
2623,59.08128,58.99999999999999
2624,59.142914,60.0
2625,60.146713,60.0
2626,60.085262,60.0
2627,60.11451,58.99999999999999
2628,59.15082,60.0
2629,60.233414,62.99999999999999
2630,63.66874,65.0
2631,65.63144,64.0
2632,64.24231,64.0
2633,64.214165,65.0
2634,65.20663,62.99999999999999
2635,63.04525,62.99999999999999
2636,62.940075,64.0
2637,64.21331,64.0
2638,64.0922,62.99999999999999
2639,62.62307,64.0
2640,64.12966,64.0
2641,63.89898,64.0
2642,63.910812,64.0
2643,64.103035,60.0
2644,60.209126,60.0
2645,60.42423,61.00000000000001
2646,61.501286,61.99999999999999
2647,62.321342,62.99999999999999
2648,63.404846,64.0
2649,64.350426,64.0
2650,64.2111,64.0
2651,64.23615,64.0
2652,64.21583,64.0
2653,64.11743,62.99999999999999
2654,63.10224,62.99999999999999
2655,63.12934,62.99999999999999
2656,63.23701,62.99999999999999
2657,63.547672,64.0
2658,64.720856,64.0
2659,64.4953,62.99999999999999
2660,62.88494,64.0
2661,63.979248,62.99999999999999
2662,63.095295,64.0
2663,64.06708,67.0
2664,67.141975,62.99999999999999
2665,63.229782,62.99999999999999
2666,63.301,64.0
2667,64.27871,56.0
2668,56.13453,57.00000000000001
2669,57.03421,57.00000000000001
2670,57.233215,57.99999999999999
2671,58.21636,58.99999999999999
2672,59.218197,58.99999999999999
2673,59.199974,60.0
2674,60.061527,60.0
2675,60.152294,61.00000000000001
2676,61.07234,60.0
2677,60.18608,60.0
2678,60.322544,61.00000000000001
2679,61.29733,61.00000000000001
2680,61.43345,60.0
2681,60.18547,61.00000000000001
2682,61.270447,61.00000000000001
2683,61.358482,61.00000000000001
2684,61.25711,61.99999999999999
2685,62.188526,61.99999999999999
2686,62.308693,61.99999999999999
2687,62.273293,61.00000000000001
2688,61.23199,61.00000000000001
2689,61.04872,61.00000000000001
2690,61.164845,61.00000000000001
2691,61.345055,57.99999999999999
2692,57.78753,57.99999999999999
2693,57.82797,57.00000000000001
2694,56.907486,56.0
2695,55.94575,54.99999999999999
2696,54.8557,54.0
2697,53.90011,53.00000000000001
2698,52.951717,52.0
2699,52.000366,50.99999999999999
2700,51.019855,46.99999999999999
2701,46.938038,42.99999999999999
2702,42.95263,40.0
2703,39.94304,40.0
2704,40.15403,38.99999999999999
2705,39.041504,37.00000000000001
2706,36.807278,37.00000000000001
2707,37.008728,35.0
2708,34.886578,34.0
2709,33.958828,34.0
2710,34.23783,34.0
2711,34.12071,34.0
2712,34.19504,37.00000000000001
2713,37.27438,38.0
2714,38.257603,38.99999999999999
2715,39.21646,65.0
2716,65.31605,64.0
2717,64.17863,65.0
2718,65.130615,65.99999999999999
2719,66.1327,68.0
2720,68.477066,69.0
2721,69.322716,69.0
2722,68.812,69.0
2723,69.10951,69.0
2724,69.18556,69.0
2725,69.08074,68.0
2726,67.97885,68.0
2727,68.07602,69.0
2728,69.183044,69.0
2729,69.1672,69.99999999999999
2730,70.35138,71.0
2731,71.233,72.0
2732,72.25311,72.0
2733,71.88413,72.0
2734,71.81316,73.0
2735,72.87391,73.0
2736,73.1775,72.0
2737,72.15762,72.0
2738,72.0602,72.0
2739,72.100334,61.99999999999999
2740,61.438393,61.99999999999999
2741,62.252804,61.99999999999999
2742,62.17044,61.99999999999999
2743,62.206547,61.99999999999999
2744,62.20814,61.99999999999999
2745,62.210037,61.99999999999999
2746,62.318462,61.99999999999999
2747,62.177975,61.99999999999999
2748,62.19574,61.99999999999999
2749,62.308186,61.99999999999999
2750,62.439377,61.00000000000001
2751,61.32289,60.0
2752,60.097446,58.99999999999999
2753,59.134476,58.99999999999999
2754,59.0298,57.99999999999999
2755,58.24328,57.99999999999999
2756,58.042435,57.99999999999999
2757,58.08888,57.99999999999999
2758,58.121773,57.99999999999999
2759,58.360058,58.99999999999999
2760,59.324116,58.99999999999999
2761,59.217213,58.99999999999999
2762,59.383747,60.0
2763,60.35014,65.0
2764,65.28079,67.0
2765,67.30232,68.0
2766,68.331856,69.0
2767,69.316,69.99999999999999
2768,70.42491,71.0
2769,71.172745,72.0
2770,72.28559,73.0
2771,73.247185,73.0
2772,73.33255,74.00000000000001
2773,74.287834,76.0
2774,76.35343,77.0
2775,77.56166,77.99999999999999
2776,78.06721,77.99999999999999
2777,78.249016,77.99999999999999
2778,78.04066,79.0
2779,78.92783,77.99999999999999
2780,78.03217,77.99999999999999
2781,78.00836,77.99999999999999
2782,78.00286,77.99999999999999
2783,78.04814,77.99999999999999
2784,78.26605,77.99999999999999
2785,77.73256,77.99999999999999
2786,78.19467,77.99999999999999
2787,78.34435,52.0
2788,52.14044,52.0
2789,51.924416,52.0
2790,52.242355,53.00000000000001
2791,53.1748,54.0
2792,54.37538,54.0
2793,54.291195,54.99999999999999
2794,55.272995,54.99999999999999
2795,55.25283,56.0
2796,56.244663,57.00000000000001
2797,57.38424,57.99999999999999
2798,58.257065,57.99999999999999
2799,58.131657,57.99999999999999
2800,57.890274,57.99999999999999
2801,58.06132,57.99999999999999
2802,58.112827,58.99999999999999
2803,59.233906,60.0
2804,60.32126,61.00000000000001
2805,61.455093,61.99999999999999
2806,62.637745,61.99999999999999
2807,62.523315,62.99999999999999
2808,63.491154,62.99999999999999
2809,63.34009,64.0
2810,64.39843,64.0
2811,64.34205,88.0
2812,88.41273,88.0
2813,88.62729,89.0
2814,89.743065,89.0
2815,89.75838,89.0
2816,89.80233,89.0
2817,89.80114,90.00000000000001
2818,90.84803,90.00000000000001
2819,90.8848,90.00000000000001
2820,90.84496,90.00000000000001
2821,90.73618,89.0
2822,89.768295,89.0
2823,89.218155,88.0
2824,88.515396,89.0
2825,90.24638,89.0
2826,90.83471,90.00000000000001
2827,92.17577,91.0
2828,93.14966,92.0
2829,94.43356,93.0
2830,95.490875,93.99999999999999
2831,96.32147,96.0
2832,98.56911,99.0
2833,101.15192,105.0
2834,107.127075,108.0
2835,109.47516,61.00000000000001
2836,61.489178,61.00000000000001
2837,61.271988,60.0
2838,60.237778,60.0
2839,60.17149,60.0
2840,60.184307,60.0
2841,60.171764,60.0
2842,60.16955,58.99999999999999
2843,59.08883,58.99999999999999
2844,59.041847,58.99999999999999
2845,59.16667,58.99999999999999
2846,59.214767,57.99999999999999
2847,58.014072,57.99999999999999
2848,57.928726,57.99999999999999
2849,58.081825,57.99999999999999
2850,58.334564,57.00000000000001
2851,57.227684,57.00000000000001
2852,57.149654,57.00000000000001
2853,56.834187,57.99999999999999
2854,58.345894,57.99999999999999
2855,58.37748,57.99999999999999
2856,58.441,57.99999999999999
2857,58.36129,57.99999999999999
2858,57.670868,57.99999999999999
2859,56.472717,56.0
2860,56.157173,56.0
2861,56.096912,56.0
2862,56.15344,56.0
2863,56.163292,54.99999999999999
2864,55.203922,54.99999999999999
2865,55.198658,54.99999999999999
2866,55.226902,54.99999999999999
2867,55.182796,54.99999999999999
2868,55.13591,54.99999999999999
2869,55.157536,56.0
2870,56.05802,56.0
2871,56.098175,54.99999999999999
2872,54.98197,54.99999999999999
2873,55.15814,56.0
2874,56.172527,57.00000000000001
2875,57.670322,56.0
2876,55.934498,57.00000000000001
2877,57.060486,56.0
2878,56.24746,56.0
2879,56.31048,56.0
2880,56.50682,56.0
2881,55.996395,56.0
2882,55.986656,56.0
2883,55.999683,54.99999999999999
2884,55.281563,54.99999999999999
2885,55.334488,56.0
2886,56.282597,57.00000000000001
2887,57.33583,57.00000000000001
2888,57.288094,57.99999999999999
2889,58.244095,58.99999999999999
2890,59.26619,58.99999999999999
2891,59.365154,58.99999999999999
2892,59.015438,57.99999999999999
2893,58.084126,57.99999999999999
2894,57.992496,57.99999999999999
2895,57.919113,57.99999999999999
2896,58.140602,58.99999999999999
2897,59.33056,58.99999999999999
2898,59.259323,58.99999999999999
2899,58.937344,57.99999999999999
2900,58.04342,57.99999999999999
2901,57.959965,57.99999999999999
2902,57.97588,57.99999999999999
2903,58.202686,57.00000000000001
2904,56.94595,57.00000000000001
2905,57.1603,57.99999999999999
2906,58.504498,58.99999999999999
2907,59.31256,58.99999999999999
2908,59.317368,58.99999999999999
2909,59.42655,60.0
2910,60.42874,60.0
2911,60.353237,60.0
2912,60.30838,58.99999999999999
2913,58.91855,57.99999999999999
2914,58.09969,57.00000000000001
2915,57.176807,57.00000000000001
2916,57.214172,57.00000000000001
2917,56.80998,57.00000000000001
2918,57.08694,57.00000000000001
2919,57.08027,57.00000000000001
2920,57.07562,57.00000000000001
2921,57.00439,56.0
2922,55.717163,56.0
2923,55.72966,56.0
2924,55.56101,56.0
2925,56.22918,57.00000000000001
2926,56.98898,56.0
2927,56.018364,56.0
2928,56.122055,57.00000000000001
2929,57.342777,57.99999999999999
2930,58.278717,57.99999999999999
2931,58.23304,57.00000000000001
2932,57.197533,56.0
2933,56.15082,56.0
2934,56.15631,54.99999999999999
2935,55.26044,54.99999999999999
2936,55.253647,56.0
2937,56.182335,57.00000000000001
2938,57.189266,57.00000000000001
2939,57.17493,57.99999999999999
2940,58.183334,58.99999999999999
2941,59.273907,60.0
2942,60.198547,60.0
2943,60.135704,61.00000000000001
2944,61.37336,61.00000000000001
2945,61.2052,61.99999999999999
2946,61.899582,62.99999999999999
2947,62.855198,62.99999999999999
2948,63.197357,64.0
2949,64.03229,64.0
2950,64.04048,64.0
2951,64.262825,65.99999999999999
2952,66.59285,65.99999999999999
2953,66.54346,67.0
2954,67.694885,67.0
2955,67.58279,69.0
2956,69.45231,69.99999999999999
2957,70.350555,71.0
2958,71.24453,71.0
2959,71.25903,71.0
2960,71.43357,72.0
2961,72.42025,72.0
2962,72.33798,73.0
2963,73.31461,72.0
2964,72.30494,72.0
2965,72.22255,73.0
2966,73.09996,73.0
2967,72.74675,73.0
2968,72.94601,73.0
2969,73.46658,73.0
2970,72.90442,73.0
2971,72.862885,73.0
2972,72.88311,74.00000000000001
2973,74.133545,74.00000000000001
2974,74.255806,74.00000000000001
2975,74.00263,73.0
2976,73.1721,72.0
2977,72.17785,73.0
2978,73.320694,73.0
2979,73.303535,73.0
2980,73.27772,74.00000000000001
2981,74.424484,75.0
2982,75.63118,77.0
2983,77.62762,77.0
2984,77.50532,77.0
2985,77.38217,77.99999999999999
2986,78.53135,79.0
2987,79.583885,79.0
2988,79.363235,80.0
2989,80.25043,81.0
2990,81.64964,81.0
2991,81.23126,81.0
2992,80.80786,80.0
2993,79.93001,81.0
2994,81.132744,80.0
2995,79.91559,80.0
2996,79.856544,79.0
2997,78.833084,79.0
2998,78.82815,77.99999999999999
2999,77.799866,77.99999999999999
3000,77.9399,77.99999999999999
3001,78.00329,77.0
3002,77.38928,76.0
3003,76.58777,76.0
3004,76.6915,75.0
3005,75.520226,73.0
3006,73.48275,71.0
3007,70.8331,69.0
3008,68.92241,67.0
3009,66.891594,65.0
3010,64.98551,64.0
3011,64.07976,62.99999999999999
3012,63.103966,61.99999999999999
3013,62.071087,60.0
3014,59.985527,58.99999999999999
3015,59.024616,58.99999999999999
3016,58.584263,57.99999999999999
3017,57.77732,57.00000000000001
3018,56.87988,57.00000000000001
3019,56.902786,57.00000000000001
3020,56.971268,57.00000000000001
3021,57.04179,57.00000000000001
3022,57.52548,57.99999999999999
3023,58.228165,58.99999999999999
3024,59.374153,58.99999999999999
3025,59.47906,61.00000000000001
3026,61.775482,61.00000000000001
3027,61.3185,58.99999999999999
3028,59.14476,57.99999999999999
3029,58.14817,57.99999999999999
3030,58.26971,57.99999999999999
3031,58.012432,57.99999999999999
3032,58.101254,58.99999999999999
3033,59.206585,60.0
3034,60.349785,60.0
3035,60.206787,60.0
3036,60.041058,61.00000000000001
3037,61.1556,61.00000000000001
3038,61.139534,61.00000000000001
3039,61.035503,61.99999999999999
3040,62.294456,62.99999999999999
3041,63.496956,64.0
3042,64.365364,65.0
3043,65.45181,65.0
3044,65.23667,65.99999999999999
3045,66.221085,65.99999999999999
3046,66.13902,65.99999999999999
3047,66.268074,65.0
3048,65.098564,64.0
3049,64.09874,61.99999999999999
3050,62.135067,61.00000000000001
3051,61.219475,61.99999999999999
3052,62.238,61.00000000000001
3053,61.204697,61.00000000000001
3054,61.13333,61.00000000000001
3055,61.150818,61.99999999999999
3056,62.120262,61.00000000000001
3057,61.079834,60.0
3058,60.196613,60.0
3059,60.119278,60.0
3060,60.083725,58.99999999999999
3061,59.14223,57.99999999999999
3062,58.034115,57.99999999999999
3063,58.024124,57.99999999999999
3064,58.106808,57.00000000000001
3065,57.104347,56.0
3066,55.97595,54.99999999999999
3067,54.991848,54.99999999999999
3068,54.96035,54.0
3069,54.116314,54.0
3070,54.112915,53.00000000000001
3071,53.066933,53.00000000000001
3072,53.129654,54.0
3073,54.239876,54.0
3074,54.25883,54.0
3075,54.3395,54.0
3076,54.224564,54.99999999999999
3077,55.208046,54.99999999999999
3078,55.19354,56.0
3079,56.145725,56.0
3080,56.17673,57.99999999999999
3081,58.50627,57.99999999999999
3082,58.297195,58.99999999999999
3083,59.1617,60.0
3084,60.268982,60.0
3085,60.181038,61.00000000000001
3086,61.167118,61.99999999999999
3087,62.21329,61.99999999999999
3088,62.302963,61.99999999999999
3089,62.065178,61.99999999999999
3090,62.23577,61.99999999999999
3091,62.112988,61.99999999999999
3092,62.048096,62.99999999999999
3093,63.20015,62.99999999999999
3094,63.332,62.99999999999999
3095,63.4857,64.0
3096,64.24674,64.0
3097,64.10801,64.0
3098,64.078316,64.0
3099,64.229454,65.0
3100,65.28422,65.99999999999999
3101,66.21497,65.99999999999999
3102,66.26546,67.0
3103,67.206726,68.0
3104,68.29719,67.0
3105,67.36733,67.0
3106,67.34041,67.0
3107,67.168365,67.0
3108,67.24342,67.0
3109,67.150635,67.0
3110,66.97884,67.0
3111,66.96961,65.99999999999999
3112,65.95936,65.99999999999999
3113,66.139534,65.99999999999999
3114,66.211525,67.0
3115,67.272354,68.0
3116,68.2333,68.0
3117,68.23718,68.0
3118,68.22709,68.0
3119,68.44215,69.0
3120,69.38853,69.0
3121,69.232544,69.99999999999999
3122,70.37239,69.99999999999999
3123,70.276726,69.99999999999999
3124,70.17352,69.99999999999999
3125,70.20068,69.99999999999999
3126,70.26451,69.0
3127,69.18327,69.0
3128,69.20473,69.0
3129,69.146126,69.0
3130,69.230675,69.0
3131,69.13962,69.0
3132,69.177895,69.0
3133,69.06526,69.0
3134,69.101036,69.0
3135,69.02096,69.0
3136,69.06099,69.0
3137,69.07383,68.0
3138,67.99213,68.0
3139,68.09497,68.0
3140,67.99385,68.0
3141,68.05827,67.0
3142,67.05287,67.0
3143,67.18893,67.0
3144,67.360344,67.0
3145,67.34203,65.99999999999999
3146,66.12831,65.99999999999999
3147,66.0531,65.99999999999999
3148,65.95172,65.99999999999999
3149,66.17053,65.99999999999999
3150,66.19988,65.0
3151,65.18793,65.0
3152,65.16937,65.0
3153,65.10955,64.0
3154,64.09738,64.0
3155,64.197525,64.0
3156,64.18905,65.0
3157,65.43924,65.99999999999999
3158,66.54916,65.99999999999999
3159,66.22073,67.0
3160,67.30689,67.0
3161,67.13023,67.0
3162,67.02339,67.0
3163,67.29576,67.0
3164,67.17217,65.99999999999999
3165,66.20503,65.99999999999999
3166,66.45492,65.99999999999999
3167,66.61934,68.0
3168,68.384476,72.0
3169,72.575424,74.00000000000001
3170,74.484116,74.00000000000001
3171,74.34526,74.00000000000001
3172,74.2587,74.00000000000001
3173,74.19061,73.0
3174,73.13888,73.0
3175,73.21257,73.0
3176,73.30113,73.0
3177,73.38993,73.0
3178,73.398674,73.0
3179,73.51305,74.00000000000001
3180,74.57431,74.00000000000001
3181,74.481255,74.00000000000001
3182,74.467064,74.00000000000001
3183,74.15467,74.00000000000001
3184,74.02363,74.00000000000001
3185,73.99419,74.00000000000001
3186,73.99156,74.00000000000001
3187,74.14147,74.00000000000001
3188,74.128815,74.00000000000001
3189,74.27497,74.00000000000001
3190,74.061226,74.00000000000001
3191,74.40922,73.0
3192,73.335045,69.99999999999999
3193,70.55664,69.99999999999999
3194,70.56225,71.0
3195,71.409805,73.0
3196,73.34368,73.0
3197,73.30791,73.0
3198,73.39587,74.00000000000001
3199,74.30379,74.00000000000001
3200,74.353676,74.00000000000001
3201,74.2549,75.0
3202,75.29924,74.00000000000001
3203,74.36538,74.00000000000001
3204,74.42871,74.00000000000001
3205,74.559006,74.00000000000001
3206,74.58783,75.0
3207,75.36185,75.0
3208,74.967834,75.0
3209,74.99153,75.0
3210,75.09257,75.0
3211,75.08637,75.0
3212,75.606636,76.0
3213,76.60602,76.0
3214,76.32872,77.0
3215,78.047905,80.0
3216,81.41922,85.0
3217,85.99439,85.0
3218,85.810394,85.99999999999999
3219,87.10701,89.0
3220,91.056404,92.0
3221,93.579605,93.0
3222,93.89991,95.0
3223,95.94946,96.0
3224,97.143555,99.0
3225,100.45478,100.0
3226,100.73925,104.0
3227,105.163185,108.0
3228,109.24092,107.0
3229,107.834,100.0
3230,100.59199,99.0
3231,99.01922,100.0
3232,99.97833,100.0
3233,99.67005,100.0
3234,100.1487,100.0
3235,99.65534,100.0
3236,100.46131,99.0
3237,98.6348,99.0
3238,98.642265,98.00000000000001
3239,97.63254,95.0
3240,95.37602,90.00000000000001
3241,90.82845,91.0
3242,92.17526,89.0
3243,89.68696,85.0
3244,85.464226,83.0
3245,83.34044,82.00000000000001
3246,82.30857,81.0
3247,81.27814,80.0
3248,80.28364,77.99999999999999
3249,78.29963,77.0
3250,77.356575,77.0
3251,77.27285,77.0
3252,77.336006,77.0
3253,77.16554,77.99999999999999
3254,78.02369,79.0
3255,79.50895,79.0
3256,79.037735,80.0
3257,80.11558,80.0
3258,80.332726,80.0
3259,80.318,80.0
3260,79.90923,80.0
3261,80.11233,80.0
3262,80.25076,81.0
3263,81.540504,82.00000000000001
3264,82.64345,82.00000000000001
3265,82.72174,83.0
3266,84.13732,83.0
3267,83.693695,83.0
3268,83.47739,83.0
3269,83.472,83.0
3270,83.50591,84.0
3271,84.52309,84.0
3272,84.4705,84.0
3273,84.57357,84.0
3274,84.57797,85.0
3275,85.589165,85.0
3276,85.525406,85.99999999999999
3277,86.76987,87.0
3278,87.55976,85.99999999999999
3279,86.43786,85.99999999999999
3280,86.36999,85.99999999999999
3281,86.3127,85.0
3282,85.098946,85.0
3283,85.2658,85.99999999999999
3284,86.23383,85.99999999999999
3285,86.45783,87.0
3286,87.47742,87.0
3287,87.22174,87.0
3288,86.8791,85.99999999999999
3289,85.94009,84.0
3290,84.29791,83.0
3291,83.43575,83.0
3292,83.38465,83.0
3293,83.527245,82.00000000000001
3294,82.40044,81.0
3295,81.38472,81.0
3296,81.34417,80.0
3297,80.28147,79.0
3298,79.31886,77.99999999999999
3299,78.384735,77.0
3300,77.39035,75.0
3301,75.3041,74.00000000000001
3302,74.363815,74.00000000000001
3303,74.24065,74.00000000000001
3304,74.0543,75.0
3305,75.33151,76.0
3306,75.98524,76.0
3307,75.67184,76.0
3308,75.83338,75.0
3309,75.0509,75.0
3310,75.076546,74.00000000000001
3311,73.86432,74.00000000000001
3312,73.81592,74.00000000000001
3313,74.10614,73.0
3314,73.21664,72.0
3315,72.338806,71.0
3316,71.25421,69.0
3317,69.22529,68.0
3318,68.16603,68.0
3319,68.13224,68.0
3320,68.15314,67.0
3321,67.14818,67.0
3322,67.13255,65.99999999999999
3323,66.25511,67.0
3324,67.33459,67.0
3325,67.3241,65.99999999999999
3326,66.20633,65.99999999999999
3327,66.18237,65.99999999999999
3328,66.423134,65.0
3329,65.453354,65.99999999999999
3330,66.57257,65.0
3331,65.36592,65.0
3332,65.32508,65.0
3333,65.46618,65.0
3334,65.37314,65.0
3335,65.22139,64.0
3336,64.166046,64.0
3337,64.0268,64.0
3338,64.11133,64.0
3339,64.20151,54.0
3340,54.089252,54.0
3341,54.14295,54.99999999999999
3342,55.16938,54.99999999999999
3343,55.221092,56.0
3344,56.16946,56.0
3345,56.127148,57.00000000000001
3346,57.134132,57.00000000000001
3347,57.135807,57.99999999999999
3348,58.14637,57.00000000000001
3349,57.202274,57.00000000000001
3350,57.18045,56.0
3351,56.137203,56.0
3352,55.957954,54.99999999999999
3353,54.983295,54.99999999999999
3354,55.22124,54.99999999999999
3355,55.185883,54.99999999999999
3356,55.17764,54.99999999999999
3357,54.69935,54.99999999999999
3358,54.86989,54.99999999999999
3359,55.035843,54.99999999999999
3360,55.24824,54.0
3361,54.10226,54.0
3362,54.15512,54.0
3363,54.187435,64.0
3364,63.95518,64.0
3365,64.069305,65.0
3366,65.27168,65.99999999999999
3367,66.34759,68.0
3368,68.42203,68.0
3369,68.21344,69.0
3370,69.20985,69.0
3371,68.64805,68.0
3372,68.01538,68.0
3373,68.07873,65.0
3374,64.862114,64.0
3375,64.37156,65.0
3376,65.40237,65.99999999999999
3377,67.18198,65.99999999999999
3378,66.47068,65.99999999999999
3379,66.47652,67.0
3380,66.94013,67.0
3381,67.2924,67.0
3382,66.97917,69.0
3383,69.446495,68.0
3384,67.77894,69.0
3385,69.541,69.0
3386,69.29036,68.0
3387,68.07191,64.0
3388,64.27798,65.0
3389,65.45837,65.0
3390,65.22902,65.0
3391,65.180916,65.0
3392,65.21571,64.0
3393,64.2411,64.0
3394,64.14033,64.0
3395,64.17893,64.0
3396,63.846554,64.0
3397,64.138275,64.0
3398,63.933727,64.0
3399,64.01442,65.0
3400,65.40379,65.0
3401,65.546646,64.0
3402,64.21316,64.0
3403,64.266846,65.0
3404,65.198845,65.0
3405,65.36202,65.0
3406,65.73477,65.99999999999999
3407,66.71674,71.0
3408,71.63466,68.0
3409,68.80884,69.0
3410,69.71249,69.0
3411,69.446945,61.00000000000001
3412,61.0693,61.00000000000001
3413,61.072994,60.0
3414,60.19522,60.0
3415,60.252502,60.0
3416,60.227905,58.99999999999999
3417,59.10751,58.99999999999999
3418,59.140633,57.99999999999999
3419,58.13455,57.99999999999999
3420,58.035988,57.99999999999999
3421,57.95519,57.00000000000001
3422,56.944653,57.00000000000001
3423,57.4375,57.00000000000001
3424,57.484238,57.00000000000001
3425,57.139297,56.0
3426,56.13212,56.0
3427,56.178715,56.0
3428,56.700504,56.0
3429,56.400475,56.0
3430,56.105675,56.0
3431,56.18827,56.0
3432,56.193653,56.0
3433,56.20928,56.0
3434,56.17287,56.0
3435,56.02001,41.00000000000001
3436,41.180195,42.99999999999999
3437,43.127716,45.00000000000001
3438,45.14723,46.0
3439,46.073124,48.0
3440,48.12037,49.00000000000001
3441,49.103462,50.0
3442,50.101852,50.99999999999999
3443,51.117466,52.0
3444,52.105984,52.0
3445,52.1481,53.00000000000001
3446,53.1801,53.00000000000001
3447,52.91015,53.00000000000001
3448,53.09098,53.00000000000001
3449,53.069233,53.00000000000001
3450,53.021908,53.00000000000001
3451,52.900726,53.00000000000001
3452,52.752884,54.0
3453,54.09333,54.0
3454,54.10832,54.0
3455,54.13555,54.0
3456,54.043633,53.00000000000001
3457,53.041824,53.00000000000001
3458,53.073357,53.00000000000001
3459,52.8648,71.0
3460,71.1465,71.0
3461,71.28492,69.99999999999999
3462,69.99075,68.0
3463,67.99604,65.99999999999999
3464,66.05355,65.0
3465,65.03812,65.0
3466,64.90885,65.99999999999999
3467,66.22676,65.0
3468,65.11199,65.0
3469,64.98811,65.0
3470,64.711555,65.0
3471,64.920876,65.0
3472,65.05518,65.0
3473,65.520515,64.0
3474,64.49444,65.0
3475,65.75216,64.0
3476,64.65907,64.0
3477,64.0772,64.0
3478,64.386375,65.0
3479,65.409035,65.0
3480,65.011826,65.99999999999999
3481,66.29278,65.99999999999999
3482,66.30521,65.99999999999999
3483,66.12232,60.0
3484,60.357327,60.0
3485,60.203915,60.0
3486,60.201935,60.0
3487,60.251163,60.0
3488,60.21917,60.0
3489,60.211132,60.0
3490,60.273476,60.0
3491,60.22683,60.0
3492,60.315025,58.99999999999999
3493,59.195503,58.99999999999999
3494,59.373135,58.99999999999999
3495,59.275906,58.99999999999999
3496,59.174988,60.0
3497,60.315624,60.0
3498,60.553555,60.0
3499,60.51766,61.00000000000001
3500,61.50195,61.00000000000001
3501,61.277775,61.00000000000001
3502,61.266132,61.00000000000001
3503,61.197956,61.99999999999999
3504,62.480927,64.0
3505,64.5278,64.0
3506,64.49823,65.0
3507,65.474495,79.0
3508,79.20955,79.0
3509,79.22606,80.0
3510,80.21212,81.0
3511,81.441734,82.00000000000001
3512,82.53381,83.0
3513,83.40475,83.0
3514,83.553055,84.0
3515,84.66644,84.0
3516,84.35592,85.0
3517,85.75264,85.0
3518,85.51903,84.0
3519,84.06387,83.0
3520,82.77594,83.0
3521,82.53133,82.00000000000001
3522,81.62574,82.00000000000001
3523,81.9396,82.00000000000001
3524,82.0101,82.00000000000001
3525,81.98105,82.00000000000001
3526,82.02265,82.00000000000001
3527,82.45968,82.00000000000001
3528,82.287155,81.0
3529,81.02028,81.0
3530,81.172806,80.0
3531,80.18633,65.0
3532,65.2077,65.0
3533,65.16847,65.99999999999999
3534,66.30812,67.0
3535,67.29043,67.0
3536,67.23058,68.0
3537,68.372955,69.0
3538,69.42272,69.0
3539,69.356705,71.0
3540,71.53451,72.0
3541,72.8423,74.00000000000001
3542,74.57273,73.0
3543,72.48406,74.00000000000001
3544,73.54636,74.00000000000001
3545,74.14671,74.00000000000001
3546,73.921074,74.00000000000001
3547,73.84559,74.00000000000001
3548,73.97438,73.0
3549,72.88872,72.0
3550,71.826,71.0
3551,70.959435,69.99999999999999
3552,69.998146,69.0
3553,69.28447,69.0
3554,69.05984,68.0
3555,67.888336,114.00000000000001
3556,116.145615,115.0
3557,117.11822,114.00000000000001
3558,115.84422,114.00000000000001
3559,115.873024,115.0
3560,116.901855,117.0
3561,118.67174,117.0
3562,118.480865,116.0
3563,118.18786,115.0
3564,116.503586,127.0
3565,131.09679,141.0
3566,147.81969,151.0
3567,158.61894,152.0
3568,159.68378,152.0
3569,158.8133,152.0
3570,157.8358,152.0
3571,158.29745,152.0
3572,157.59508,152.0
3573,157.23918,151.0
3574,155.70338,151.0
3575,156.47833,151.0
3576,160.25488,152.0
3577,160.03514,153.0
3578,162.7156,154.0
3579,163.11072,57.99999999999999
3580,58.1602,57.99999999999999
3581,57.927128,57.99999999999999
3582,58.158485,57.99999999999999
3583,58.2366,57.99999999999999
3584,58.002636,57.99999999999999
3585,58.375195,57.99999999999999
3586,58.437485,57.99999999999999
3587,58.341385,57.99999999999999
3588,58.301296,58.99999999999999
3589,59.559296,58.99999999999999
3590,59.357666,58.99999999999999
3591,58.971,58.99999999999999
3592,58.814888,58.99999999999999
3593,59.15757,60.0
3594,60.398945,60.0
3595,60.49785,60.0
3596,60.490837,61.00000000000001
3597,61.06614,61.00000000000001
3598,61.464237,61.99999999999999
3599,62.644417,62.99999999999999
3600,63.77952,64.0
3601,64.80091,65.0
3602,65.5366,65.99999999999999
3603,66.57916,56.0
3604,56.088562,56.0
3605,56.19056,56.0
3606,56.11453,56.0
3607,56.112095,56.0
3608,56.0692,57.00000000000001
3609,57.208607,57.00000000000001
3610,57.159473,57.00000000000001
3611,57.15545,57.00000000000001
3612,57.083885,57.00000000000001
3613,57.041615,57.00000000000001
3614,57.197834,56.0
3615,56.075974,56.0
3616,56.038174,56.0
3617,56.37153,54.99999999999999
3618,55.207813,54.99999999999999
3619,55.146816,56.0
3620,56.452335,56.0
3621,56.57509,57.00000000000001
3622,57.530457,57.99999999999999
3623,58.39611,57.99999999999999
3624,58.4832,57.99999999999999
3625,58.115982,58.99999999999999
3626,59.304913,58.99999999999999
3627,59.289356,65.0
3628,65.09014,65.0
3629,65.05837,64.0
3630,64.12964,62.99999999999999
3631,63.052883,62.99999999999999
3632,63.241356,62.99999999999999
3633,63.21878,62.99999999999999
3634,63.237206,62.99999999999999
3635,63.23078,62.99999999999999
3636,63.198597,62.99999999999999
3637,63.06574,65.0
3638,65.21387,65.0
3639,65.361465,65.99999999999999
3640,66.42944,67.0
3641,67.4247,68.0
3642,68.21841,68.0
3643,68.24759,69.0
3644,69.3562,69.99999999999999
3645,70.49285,71.0
3646,71.47077,72.0
3647,72.38406,74.00000000000001
3648,74.532974,75.0
3649,75.37847,76.0
3650,76.4037,77.0
3651,77.41057,77.99999999999999
3652,78.34694,79.0
3653,79.2547,79.0
3654,79.3496,77.99999999999999
3655,77.97369,77.0
3656,77.06565,77.0
3657,76.90506,75.0
3658,75.13019,75.0
3659,75.10519,74.00000000000001
3660,74.21761,73.0
3661,73.17983,73.0
3662,73.27875,72.0
3663,72.11701,71.0
3664,70.902664,69.99999999999999
3665,69.86562,69.0
3666,68.95829,68.0
3667,67.75587,67.0
3668,66.78733,65.99999999999999
3669,65.72752,65.0
3670,64.85596,62.99999999999999
3671,62.74089,61.99999999999999
3672,61.975452,60.0
3673,59.97901,57.99999999999999
3674,58.146282,56.0
3675,56.108234,54.0
3676,54.15146,53.00000000000001
3677,53.169884,52.0
3678,52.16759,52.0
3679,52.159245,52.0
3680,52.08468,52.0
3681,52.189106,53.00000000000001
3682,53.123375,53.00000000000001
3683,53.137474,54.0
3684,54.14475,54.0
3685,54.09892,54.0
3686,54.173462,53.00000000000001
3687,52.496803,54.0
3688,54.004967,54.0
3689,54.205826,54.0
3690,54.424587,54.99999999999999
3691,55.016323,54.99999999999999
3692,55.696747,56.0
3693,56.514675,56.0
3694,56.4289,56.0
3695,56.20425,57.00000000000001
3696,57.39307,57.99999999999999
3697,58.312363,58.99999999999999
3698,59.281292,60.0
3699,60.250324,61.00000000000001
3700,61.22667,61.99999999999999
3701,62.257507,62.99999999999999
3702,63.17428,64.0
3703,64.225624,65.0
3704,65.529,65.99999999999999
3705,66.455444,67.0
3706,67.59962,68.0
3707,68.460686,69.0
3708,69.541565,69.0
3709,69.24153,69.0
3710,68.96436,69.99999999999999
3711,70.19595,69.99999999999999
3712,69.8584,69.99999999999999
3713,70.052704,69.99999999999999
3714,70.13936,71.0
3715,71.33361,71.0
3716,71.25142,71.0
3717,71.279724,71.0
3718,71.365425,72.0
3719,72.264015,72.0
3720,72.60606,72.0
3721,72.50712,71.0
3722,70.00135,71.0
3723,71.464485,71.0
3724,71.47631,72.0
3725,72.36745,72.0
3726,72.50458,72.0
3727,72.31198,71.0
3728,71.3974,71.0
3729,71.22451,71.0
3730,71.20575,71.0
3731,71.49694,69.99999999999999
3732,70.453125,69.0
3733,68.95801,69.0
3734,69.21925,68.0
3735,68.118004,68.0
3736,68.079544,68.0
3737,68.11737,67.0
3738,66.939125,67.0
3739,67.45646,67.0
3740,66.63333,67.0
3741,67.03054,65.99999999999999
3742,65.93142,65.0
3743,64.90295,65.99999999999999
3744,66.402824,65.99999999999999
3745,66.39957,65.99999999999999
3746,66.2325,65.0
3747,65.100136,64.0
3748,64.22281,64.0
3749,64.151115,62.99999999999999
3750,63.087334,62.99999999999999
3751,63.17262,62.99999999999999
3752,63.308346,61.99999999999999
3753,62.34788,61.99999999999999
3754,62.339005,61.99999999999999
3755,62.306118,61.99999999999999
3756,62.34144,61.99999999999999
3757,62.093506,61.99999999999999
3758,61.818466,62.99999999999999
3759,63.144756,62.99999999999999
3760,62.95728,62.99999999999999
3761,63.03796,64.0
3762,64.21505,62.99999999999999
3763,62.982513,62.99999999999999
3764,63.46329,64.0
3765,64.303505,64.0
3766,64.108574,64.0
3767,64.19247,64.0
3768,64.27751,64.0
3769,64.30452,65.0
3770,65.386604,65.99999999999999
3771,66.349915,68.0
3772,68.09183,69.99999999999999
3773,70.22324,71.0
3774,71.14947,71.0
3775,71.04069,72.0
3776,72.107506,73.0
3777,73.10027,72.0
3778,71.62568,71.0
3779,71.130325,69.99999999999999
3780,70.17903,71.0
3781,71.08432,72.0
3782,72.05231,71.0
3783,71.01371,71.0
3784,70.961105,71.0
3785,70.85849,69.99999999999999
3786,69.89978,69.99999999999999
3787,69.84407,69.0
3788,68.868095,68.0
3789,67.98195,68.0
3790,68.12438,68.0
3791,68.06892,68.0
3792,68.225746,69.0
3793,69.49999,68.0
3794,68.3053,65.99999999999999
3795,66.24483,65.0
3796,65.36482,64.0
3797,64.26294,62.99999999999999
3798,63.240536,61.99999999999999
3799,62.26194,61.00000000000001
3800,60.733047,58.99999999999999
3801,58.79798,58.99999999999999
3802,59.035206,58.99999999999999
3803,58.9008,58.99999999999999
3804,59.0076,57.99999999999999
3805,57.966724,57.99999999999999
3806,57.910114,57.00000000000001
3807,56.857708,57.00000000000001
3808,56.929775,57.00000000000001
3809,56.89743,57.99999999999999
3810,58.16086,57.99999999999999
3811,58.274403,57.99999999999999
3812,58.2867,58.99999999999999
3813,59.15473,57.99999999999999
3814,57.97104,57.99999999999999
3815,58.10975,57.99999999999999
3816,58.252625,57.99999999999999
3817,58.36403,57.99999999999999
3818,58.314598,58.99999999999999
3819,59.202454,57.99999999999999
3820,58.12857,58.99999999999999
3821,59.09496,58.99999999999999
3822,59.083637,60.0
3823,60.07799,61.00000000000001
3824,61.287426,61.00000000000001
3825,60.956112,61.00000000000001
3826,61.12851,61.99999999999999
3827,62.239674,61.99999999999999
3828,62.16672,62.99999999999999
3829,63.175106,62.99999999999999
3830,63.17798,64.0
3831,64.14074,64.0
3832,64.054695,64.0
3833,64.14974,64.0
3834,64.05067,64.0
3835,64.10721,64.0
3836,64.21813,65.0
3837,65.32797,65.0
3838,64.9818,64.0
3839,63.935482,64.0
3840,63.96603,62.99999999999999
3841,63.13603,62.99999999999999
3842,63.26852,62.99999999999999
3843,63.310425,62.99999999999999
3844,63.340237,61.99999999999999
3845,62.278927,61.99999999999999
3846,62.331837,61.99999999999999
3847,62.25976,61.00000000000001
3848,61.16649,61.99999999999999
3849,62.196712,61.99999999999999
3850,62.20769,62.99999999999999
3851,63.215588,62.99999999999999
3852,63.199867,62.99999999999999
3853,62.988796,62.99999999999999
3854,63.104378,61.99999999999999
3855,62.201736,62.99999999999999
3856,63.37575,64.0
3857,64.473976,65.0
3858,65.61124,65.99999999999999
3859,66.483025,67.0
3860,67.727036,68.0
3861,68.61363,69.0
3862,69.41317,69.99999999999999
3863,70.45493,71.0
3864,71.33024,71.0
3865,71.54254,72.0
3866,72.46356,73.0
3867,73.354355,74.00000000000001
3868,74.215744,74.00000000000001
3869,74.22914,75.0
3870,75.16084,75.0
3871,75.18337,75.0
3872,75.139435,76.0
3873,76.372826,76.0
3874,76.41471,76.0
3875,76.580894,77.0
3876,77.615,77.99999999999999
3877,78.50975,79.0
3878,79.497185,79.0
3879,79.18952,79.0
3880,79.35556,77.99999999999999
3881,78.353905,77.99999999999999
3882,78.50935,77.0
3883,77.293274,76.0
3884,76.56741,75.0
3885,75.51385,75.0
3886,75.3343,75.0
3887,75.242775,75.0
3888,75.30786,75.0
3889,75.23194,76.0
3890,76.418205,76.0
3891,76.36766,77.0
3892,77.40967,77.0
3893,77.43073,77.99999999999999
3894,78.534164,77.99999999999999
3895,78.26988,77.99999999999999
3896,78.47207,77.99999999999999
3897,78.31234,79.0
3898,79.51137,79.0
3899,79.4366,79.0
3900,79.475075,79.0
3901,79.28116,80.0
3902,80.38685,81.0
3903,80.98059,81.0
3904,81.21178,82.00000000000001
3905,82.54146,82.00000000000001
3906,82.5317,83.0
3907,83.128716,83.0
3908,83.01883,83.0
3909,83.33591,83.0
3910,83.015,83.0
3911,83.11749,83.0
3912,83.815636,83.0
3913,83.571304,83.0
3914,83.58672,83.0
3915,83.22235,83.0
3916,83.27818,83.0
3917,83.33721,84.0
3918,84.307556,85.0
3919,85.24651,85.99999999999999
3920,86.472084,85.99999999999999
3921,86.45847,85.99999999999999
3922,86.48956,85.99999999999999
3923,86.787186,87.0
3924,87.76867,88.0
3925,88.97932,90.00000000000001
3926,92.063385,90.00000000000001
3927,91.21706,90.00000000000001
3928,89.92325,90.00000000000001
3929,90.680145,90.00000000000001
3930,90.73551,91.0
3931,91.7832,90.00000000000001
3932,89.61246,90.00000000000001
3933,89.4412,89.0
3934,88.66962,88.0
3935,88.057816,88.0
3936,88.72686,88.0
3937,88.82242,87.0
3938,87.38182,85.99999999999999
3939,86.544,85.99999999999999
3940,86.612946,85.0
3941,85.49868,84.0
3942,84.535545,83.0
3943,83.52026,82.00000000000001
3944,82.42696,82.00000000000001
3945,82.48002,81.0
3946,81.37144,81.0
3947,81.424194,80.0
3948,80.24915,79.0
3949,79.27159,75.0
3950,75.03681,73.0
3951,72.782684,73.0
3952,72.84909,71.0
3953,70.80938,69.99999999999999
3954,69.52711,69.0
3955,68.920876,69.0
3956,68.88889,69.0
3957,69.030235,69.99999999999999
3958,70.1348,69.99999999999999
3959,70.082756,69.0
3960,69.14449,68.0
3961,68.28967,68.0
3962,68.23596,68.0
3963,68.38542,68.0
3964,68.378456,67.0
3965,67.094376,67.0
3966,67.04592,67.0
3967,67.1668,67.0
3968,67.26329,67.0
3969,67.31062,68.0
3970,68.194756,68.0
3971,68.180084,68.0
3972,68.27679,69.99999999999999
3973,70.52078,72.0
3974,72.53714,73.0
3975,73.30965,74.00000000000001
3976,74.42089,75.0
3977,75.038216,75.0
3978,75.105995,75.0
3979,75.05564,75.0
3980,74.73087,75.0
3981,74.91858,75.0
3982,74.89292,75.0
3983,75.26145,76.0
3984,76.50751,76.0
3985,76.35851,77.0
3986,77.23003,76.0
3987,76.18926,75.0
3988,75.285835,75.0
3989,75.271515,74.00000000000001
3990,74.34489,75.0
3991,75.44853,75.0
3992,75.36031,74.00000000000001
3993,74.37125,74.00000000000001
3994,74.33674,73.0
3995,73.2522,73.0
3996,73.364845,71.0
3997,71.2863,69.99999999999999
3998,70.13378,69.99999999999999
3999,70.15192,69.0
4000,69.0667,69.0
4001,68.87944,69.0
4002,69.04706,69.0
4003,69.09673,69.0
4004,69.24379,69.0
4005,69.013466,69.0
4006,69.00637,68.0
4007,68.15343,67.0
4008,67.17859,67.0
4009,67.29642,67.0
4010,67.46783,67.0
4011,67.34221,67.0
4012,67.509575,68.0
4013,68.376724,68.0
4014,68.222496,67.0
4015,67.140114,67.0
4016,67.206764,67.0
4017,67.33167,67.0
4018,67.36609,67.0
4019,67.29992,67.0
4020,67.37004,67.0
4021,67.57395,68.0
4022,68.58034,69.0
4023,69.39151,68.0
4024,68.24974,68.0
4025,67.921295,68.0
4026,68.28993,68.0
4027,68.33017,68.0
4028,67.92148,68.0
4029,67.96271,68.0
4030,68.38104,69.0
4031,69.19894,69.0
4032,69.21189,69.99999999999999
4033,70.55647,71.0
4034,71.70172,71.0
4035,71.0268,71.0
4036,71.21715,69.99999999999999
4037,70.06586,69.0
4038,68.93547,69.0
4039,69.015465,68.0
4040,68.04528,67.0
4041,67.13845,65.99999999999999
4042,66.20492,65.0
4043,65.15487,64.0
4044,64.21765,62.99999999999999
4045,63.089745,61.99999999999999
4046,62.299866,60.0
4047,60.00831,60.0
4048,60.349995,60.0
4049,60.016727,60.0
4050,60.39109,61.00000000000001
4051,61.48223,61.99999999999999
4052,62.70889,61.99999999999999
4053,62.639725,61.99999999999999
4054,62.536278,61.99999999999999
4055,62.49774,62.99999999999999
4056,63.43689,61.99999999999999
4057,62.40216,61.00000000000001
4058,61.30155,61.00000000000001
4059,61.181423,61.00000000000001
4060,61.131958,61.99999999999999
4061,62.337376,65.0
4062,65.6447,65.0
4063,65.12464,65.0
4064,64.984276,65.0
4065,64.971596,65.0
4066,65.10813,65.0
4067,65.09746,65.99999999999999
4068,66.1849,65.99999999999999
4069,66.03859,65.99999999999999
4070,66.120285,65.99999999999999
4071,66.04704,67.0
4072,67.43087,68.0
4073,68.400665,68.0
4074,68.16696,67.0
4075,67.14048,67.0
4076,67.372734,67.0
4077,67.33711,67.0
4078,67.424484,67.0
4079,67.67538,67.0
4080,67.63261,67.0
4081,67.45954,65.99999999999999
4082,66.358215,67.0
4083,67.333206,54.0
4084,54.177467,54.0
4085,54.204166,54.0
4086,54.18478,54.0
4087,54.21954,54.0
4088,54.195187,53.00000000000001
4089,53.159824,53.00000000000001
4090,53.226818,53.00000000000001
4091,53.211895,53.00000000000001
4092,53.125866,53.00000000000001
4093,53.090397,54.0
4094,54.118927,54.0
4095,54.309513,54.0
4096,54.167236,54.0
4097,54.526947,54.0
4098,54.357746,54.0
4099,54.63808,54.99999999999999
4100,55.53223,54.99999999999999
4101,55.328335,54.99999999999999
4102,55.23022,56.0
4103,56.270058,56.0
4104,56.308765,57.00000000000001
4105,57.35422,57.99999999999999
4106,58.43024,57.99999999999999
4107,58.39324,69.0
4108,69.25658,68.0
4109,68.20934,68.0
4110,68.182434,67.0
4111,67.0821,65.99999999999999
4112,66.14691,65.99999999999999
4113,66.259155,68.0
4114,68.42016,71.0
4115,71.35228,71.0
4116,71.3082,72.0
4117,72.73924,73.0
4118,73.188194,71.0
4119,70.700424,71.0
4120,71.19504,69.0
4121,68.95039,69.0
4122,69.05086,68.0
4123,67.71551,68.0
4124,68.2127,67.0
4125,67.238686,67.0
4126,67.03461,65.99999999999999
4127,65.94762,67.0
4128,66.963745,68.0
4129,68.8664,69.0
4130,69.509285,74.00000000000001
4131,75.02909,69.0
4132,69.508194,68.0
4133,68.18471,65.99999999999999
4134,65.955376,65.0
4135,65.01645,64.0
4136,64.03344,64.0
4137,64.02791,64.0
4138,63.97725,62.99999999999999
4139,63.111374,62.99999999999999
4140,63.16307,62.99999999999999
4141,63.141575,62.99999999999999
4142,62.815895,62.99999999999999
4143,62.813457,61.99999999999999
4144,62.037685,61.00000000000001
4145,61.022026,61.00000000000001
4146,60.966476,61.00000000000001
4147,61.088207,60.0
4148,59.737362,58.99999999999999
4149,59.099915,57.99999999999999
4150,58.02321,57.00000000000001
4151,57.254677,56.0
4152,55.931717,54.0
4153,54.183796,52.0
4154,52.160633,50.99999999999999
4155,51.103306,56.0
4156,56.072903,56.0
4157,56.064796,56.0
4158,56.045795,54.99999999999999
4159,55.089787,54.99999999999999
4160,55.09132,54.99999999999999
4161,55.056686,54.99999999999999
4162,55.058887,54.99999999999999
4163,55.085922,54.99999999999999
4164,55.12373,54.99999999999999
4165,55.166954,54.99999999999999
4166,55.2638,54.0
4167,53.604042,54.0
4168,53.974705,53.00000000000001
4169,52.69695,53.00000000000001
4170,53.105553,53.00000000000001
4171,53.04544,52.0
4172,51.986404,52.0
4173,52.084328,52.0
4174,52.238987,52.0
4175,52.19179,52.0
4176,52.255623,52.0
4177,52.330097,52.0
4178,52.28133,53.00000000000001
4179,53.195087,52.0
4180,51.923088,52.0
4181,51.98625,52.0
4182,52.111885,50.99999999999999
4183,51.06569,50.0
4184,50.11164,49.00000000000001
4185,49.026463,50.0
4186,50.116314,49.00000000000001
4187,49.07976,49.00000000000001
4188,49.076817,49.00000000000001
4189,49.096287,48.0
4190,48.057617,48.0
4191,47.963448,48.0
4192,48.16984,48.0
4193,47.98202,48.0
4194,48.078865,48.0
4195,47.776833,49.00000000000001
4196,49.11872,49.00000000000001
4197,49.15356,50.0
4198,50.417248,50.0
4199,50.130234,53.00000000000001
4200,53.577724,54.0
4201,54.380547,54.99999999999999
4202,55.290844,56.0
4203,56.164764,65.99999999999999
4204,66.158936,67.0
4205,67.080666,68.0
4206,68.238914,69.0
4207,69.29293,71.0
4208,71.27208,72.0
4209,72.28651,74.00000000000001
4210,74.30491,75.0
4211,75.3303,76.0
4212,76.20607,76.0
4213,76.079575,77.0
4214,77.146996,77.0
4215,76.95594,77.99999999999999
4216,78.07824,77.99999999999999
4217,77.86544,77.0
4218,76.8279,77.0
4219,76.7439,76.0
4220,75.8349,76.0
4221,75.88404,76.0
4222,75.97807,76.0
4223,75.932816,75.0
4224,75.045265,74.00000000000001
4225,74.05535,74.00000000000001
4226,74.15742,73.0
4227,72.92105,65.0
4228,65.51992,65.99999999999999
4229,66.46559,67.0
4230,67.32948,67.0
4231,67.28648,67.0
4232,67.32884,68.0
4233,68.40537,68.0
4234,68.301445,67.0
4235,66.8278,65.99999999999999
4236,65.89082,65.99999999999999
4237,65.99603,65.0
4238,65.03418,64.0
4239,63.953255,64.0
4240,63.97798,64.0
4241,63.990093,62.99999999999999
4242,62.832516,61.99999999999999
4243,61.795273,61.99999999999999
4244,62.016235,61.00000000000001
4245,60.992157,61.00000000000001
4246,60.878666,61.00000000000001
4247,60.865765,60.0
4248,60.253345,60.0
4249,60.220634,60.0
4250,60.28848,60.0
4251,60.268105,79.0
4252,79.181244,77.99999999999999
4253,78.025795,77.0
4254,77.28899,76.0
4255,76.38668,75.0
4256,75.4322,74.00000000000001
4257,74.37992,73.0
4258,73.36645,72.0
4259,72.32535,73.0
4260,73.36901,72.0
4261,72.32131,72.0
4262,72.61764,73.0
4263,73.1263,73.0
4264,73.11617,73.0
4265,73.074776,73.0
4266,73.23918,73.0
4267,73.008286,73.0
4268,73.02878,73.0
4269,72.94344,72.0
4270,72.20974,72.0
4271,72.13545,72.0
4272,72.29411,72.0
4273,72.204185,73.0
4274,73.50842,74.00000000000001
4275,74.54052,67.0
4276,66.84641,67.0
4277,67.008965,65.99999999999999
4278,66.04222,65.99999999999999
4279,66.16336,65.0
4280,65.11801,64.0
4281,64.15054,62.99999999999999
4282,63.15291,62.99999999999999
4283,63.147907,61.99999999999999
4284,62.166164,60.0
4285,60.23809,58.99999999999999
4286,59.299545,58.99999999999999
4287,59.366474,60.0
4288,60.695034,60.0
4289,60.434097,60.0
4290,60.06515,60.0
4291,60.154903,60.0
4292,60.311695,60.0
4293,60.212265,60.0
4294,60.032204,60.0
4295,59.886135,60.0
4296,59.92336,58.99999999999999
4297,59.00616,58.99999999999999
4298,59.076237,58.99999999999999
4299,59.137432,154.0
4300,161.39629,155.0
4301,163.04045,155.99999999999997
4302,160.48415,155.99999999999997
4303,160.12584,155.99999999999997
4304,161.18262,155.99999999999997
4305,160.72516,157.0
4306,162.23195,157.0
4307,162.49495,157.0
4308,162.37752,157.0
4309,161.2597,155.99999999999997
4310,160.40945,155.99999999999997
4311,162.90724,155.99999999999997
4312,161.77379,155.99999999999997
4313,162.67722,155.99999999999997
4314,163.25592,155.0
4315,161.43881,155.0
4316,162.1032,155.0
4317,161.91753,155.99999999999997
4318,163.20395,155.99999999999997
4319,163.60529,155.99999999999997
4320,165.06961,155.0
4321,163.4883,153.0
4322,155.6557,151.0
4323,153.13914,67.0
4324,66.95582,68.0
4325,68.60062,69.0
4326,69.51357,69.0
4327,69.47864,69.0
4328,69.41566,69.99999999999999
4329,70.37649,69.99999999999999
4330,70.231674,69.99999999999999
4331,70.22845,71.0
4332,71.31116,69.99999999999999
4333,69.78058,69.0
4334,68.998726,69.0
4335,68.95344,68.0
4336,67.765755,68.0
4337,67.54833,68.0
4338,67.8315,67.0
4339,66.8345,67.0
4340,67.09186,67.0
4341,66.93792,65.99999999999999
4342,65.75813,65.0
4343,64.938095,62.99999999999999
4344,62.977203,61.99999999999999
4345,62.200035,61.99999999999999
4346,62.176315,61.00000000000001
4347,61.16712,58.99999999999999
4348,59.151413,60.0
4349,60.23313,60.0
4350,60.05264,60.0
4351,60.184067,61.00000000000001
4352,61.210567,61.00000000000001
4353,61.152092,61.00000000000001
4354,61.206276,61.00000000000001
4355,61.044937,61.00000000000001
4356,61.183655,61.99999999999999
4357,62.394733,61.99999999999999
4358,62.410717,62.99999999999999
4359,63.129738,62.99999999999999
4360,63.195477,64.0
4361,63.912605,64.0
4362,63.991688,64.0
4363,64.03186,62.99999999999999
4364,63.08968,62.99999999999999
4365,62.904587,61.99999999999999
4366,61.682293,61.99999999999999
4367,62.09618,61.00000000000001
4368,61.140347,61.00000000000001
4369,61.156002,61.00000000000001
4370,61.080112,61.00000000000001
4371,61.18035,81.0
4372,81.23605,81.0
4373,81.042404,81.0
4374,81.09002,81.0
4375,81.11662,80.0
4376,80.077446,80.0
4377,80.00262,79.0
4378,79.04596,77.99999999999999
4379,78.0041,77.99999999999999
4380,78.28692,77.99999999999999
4381,77.955765,77.99999999999999
4382,78.24699,77.0
4383,77.102264,76.0
4384,75.83978,76.0
4385,75.97763,75.0
4386,75.049484,74.00000000000001
4387,73.969955,73.0
4388,73.0775,72.0
4389,71.85319,71.0
4390,70.6526,69.99999999999999
4391,69.825,69.0
4392,68.96414,69.0
4393,68.97529,68.0
4394,67.93572,68.0
4395,68.10037,67.0
4396,67.05926,67.0
4397,67.0487,67.0
4398,67.17322,67.0
4399,67.088036,65.99999999999999
4400,66.08893,67.0
4401,67.15324,67.0
4402,67.33429,68.0
4403,68.219376,68.0
4404,68.30394,68.0
4405,68.24778,68.0
4406,68.355385,68.0
4407,68.2703,68.0
4408,68.44425,67.0
4409,67.363655,67.0
4410,67.557205,68.0
4411,68.46487,68.0
4412,68.80065,68.0
4413,68.8373,69.0
4414,69.84124,69.99999999999999
4415,70.64846,71.0
4416,71.52798,72.0
4417,72.236435,72.0
4418,72.29656,73.0
4419,73.3785,74.00000000000001
4420,74.51922,74.00000000000001
4421,74.428955,74.00000000000001
4422,74.409035,75.0
4423,75.343376,75.0
4424,75.41533,76.0
4425,76.50383,76.0
4426,76.59201,77.0
4427,77.54161,77.0
4428,77.54473,77.99999999999999
4429,78.49008,80.0
4430,80.551216,80.0
4431,79.98453,80.0
4432,80.03972,80.0
4433,80.34343,81.0
4434,81.182724,81.0
4435,81.17251,82.00000000000001
4436,82.587746,82.00000000000001
4437,82.3148,82.00000000000001
4438,82.21271,82.00000000000001
4439,81.875015,80.0
4440,79.42274,80.0
4441,79.91033,80.0
4442,80.0999,79.0
4443,79.218666,77.99999999999999
4444,78.23972,77.99999999999999
4445,78.22868,77.99999999999999
4446,78.33386,77.99999999999999
4447,78.28797,79.0
4448,79.390175,79.0
4449,79.29568,79.0
4450,79.296974,77.99999999999999
4451,78.42101,77.99999999999999
4452,78.40892,77.0
4453,77.331116,75.0
4454,75.31203,75.0
4455,74.84326,75.0
4456,75.09515,75.0
4457,75.12499,75.0
4458,74.90669,74.00000000000001
4459,73.97145,73.0
4460,73.13906,73.0
4461,73.30219,73.0
4462,73.51563,73.0
4463,73.167885,74.00000000000001
4464,74.423004,75.0
4465,75.61046,76.0
4466,76.4982,77.0
4467,77.49068,77.99999999999999
4468,78.48507,80.0
4469,80.6746,82.00000000000001
4470,82.68655,83.0
4471,83.6282,83.0
4472,83.51662,83.0
4473,83.430214,83.0
4474,83.29594,83.0
4475,83.15416,82.00000000000001
4476,82.191536,81.0
4477,81.13304,81.0
4478,80.78386,81.0
4479,80.931526,81.0
4480,80.959625,81.0
4481,81.13448,82.00000000000001
4482,82.20067,82.00000000000001
4483,81.861,82.00000000000001
4484,81.70963,82.00000000000001
4485,81.58489,81.0
4486,80.95523,82.00000000000001
4487,82.31549,82.00000000000001
4488,82.60794,82.00000000000001
4489,82.692566,83.0
4490,83.72617,83.0
4491,83.51827,82.00000000000001
4492,82.41466,81.0
4493,81.42088,79.0
4494,79.350655,77.0
4495,76.87617,75.0
4496,74.874176,74.00000000000001
4497,74.01899,72.0
4498,72.04116,71.0
4499,71.042595,71.0
4500,71.32776,71.0
4501,71.15528,71.0
4502,71.2091,72.0
4503,72.20496,72.0
4504,72.02728,72.0
4505,71.81012,72.0
4506,72.14969,72.0
4507,72.22442,72.0
4508,72.08051,72.0
4509,72.07904,71.0
4510,71.0272,71.0
4511,70.43611,69.0
4512,69.00217,67.0
4513,67.20386,65.0
4514,65.16979,64.0
4515,64.41517,64.0
4516,64.33629,62.99999999999999
4517,63.44541,62.99999999999999
4518,63.422245,64.0
4519,64.34004,65.0
4520,65.299225,65.0
4521,65.32803,65.99999999999999
4522,66.24016,67.0
4523,67.17663,67.0
4524,67.23797,68.0
4525,67.92362,68.0
4526,68.31926,68.0
4527,68.38907,67.0
4528,67.46352,65.99999999999999
4529,66.548996,65.99999999999999
4530,66.67973,65.99999999999999
4531,66.37472,67.0
4532,67.464966,67.0
4533,67.39658,68.0
4534,68.52456,68.0
4535,68.365555,68.0
4536,68.573555,68.0
4537,68.64427,68.0
4538,68.47474,67.0
4539,67.36593,65.99999999999999
4540,66.34723,65.0
4541,65.43288,64.0
4542,64.27013,64.0
4543,64.14421,62.99999999999999
4544,63.19888,61.99999999999999
4545,62.23344,61.99999999999999
4546,62.18932,61.00000000000001
4547,61.2395,61.00000000000001
4548,61.34004,61.00000000000001
4549,61.209476,61.00000000000001
4550,61.466022,61.00000000000001
4551,61.019634,61.00000000000001
4552,61.251694,60.0
4553,60.386356,60.0
4554,60.4736,60.0
4555,60.1362,58.99999999999999
4556,59.150887,57.99999999999999
4557,58.04343,57.99999999999999
4558,58.255173,57.99999999999999
4559,58.581947,57.99999999999999
4560,58.333862,57.00000000000001
4561,57.202293,56.0
4562,56.037403,57.00000000000001
4563,57.22058,56.0
4564,55.985653,56.0
4565,56.04727,56.0
4566,56.083145,56.0
4567,56.20945,56.0
4568,56.165764,54.99999999999999
4569,55.18229,54.99999999999999
4570,55.12983,56.0
4571,56.152275,56.0
4572,56.125072,54.99999999999999
4573,55.137913,54.0
4574,54.05129,54.0
4575,54.064255,54.0
4576,54.05126,54.0
4577,54.114574,53.00000000000001
4578,52.79377,53.00000000000001
4579,53.04421,53.00000000000001
4580,52.917145,53.00000000000001
4581,52.709713,53.00000000000001
4582,52.996014,53.00000000000001
4583,53.1451,53.00000000000001
4584,53.023216,53.00000000000001
4585,52.83938,53.00000000000001
4586,53.0466,53.00000000000001
4587,53.149162,53.00000000000001
4588,53.206547,53.00000000000001
4589,53.2196,53.00000000000001
4590,53.15091,53.00000000000001
4591,53.132805,54.0
4592,54.192528,54.0
4593,54.155014,53.00000000000001
4594,52.91768,53.00000000000001
4595,52.907646,53.00000000000001
4596,52.967785,52.0
4597,51.751053,52.0
4598,51.911434,50.99999999999999
4599,50.949406,50.99999999999999
4600,50.96166,50.99999999999999
4601,51.07883,50.99999999999999
4602,50.91864,50.99999999999999
4603,51.15534,50.99999999999999
4604,51.43642,50.99999999999999
4605,50.88922,50.0
4606,49.82908,46.99999999999999
4607,46.895065,46.99999999999999
4608,46.808422,46.99999999999999
4609,46.76468,46.99999999999999
4610,46.81366,50.0
4611,50.22772,52.0
4612,52.368782,53.00000000000001
4613,53.23658,52.0
4614,51.76198,52.0
4615,51.93408,52.0
4616,52.050064,50.99999999999999
4617,51.154926,50.99999999999999
4618,51.11965,52.0
4619,52.170494,52.0
4620,52.148785,52.0
4621,52.071484,54.0
4622,54.3348,54.99999999999999
4623,55.506706,54.99999999999999
4624,55.25831,54.99999999999999
4625,55.362328,56.0
4626,56.68229,57.00000000000001
4627,57.286972,57.00000000000001
4628,57.601677,57.00000000000001
4629,57.20425,57.99999999999999
4630,58.17869,58.99999999999999
4631,59.504642,58.99999999999999
4632,58.98099,60.0
4633,60.341682,60.0
4634,59.955555,60.0
4635,59.905178,58.99999999999999
4636,59.05388,57.99999999999999
4637,57.9997,58.99999999999999
4638,59.0731,60.0
4639,59.924282,60.0
4640,59.984383,61.00000000000001
4641,61.11611,61.00000000000001
4642,61.013805,61.00000000000001
4643,61.016865,61.00000000000001
4644,60.810986,61.00000000000001
4645,60.689384,60.0
4646,59.74308,58.99999999999999
4647,58.772667,57.99999999999999
4648,57.790962,57.99999999999999
4649,57.720695,57.00000000000001
4650,56.905647,56.0
4651,56.018333,56.0
4652,55.868267,54.99999999999999
4653,54.853893,54.99999999999999
4654,55.077038,54.99999999999999
4655,54.997307,54.0
4656,53.9759,54.0
4657,54.170227,54.0
4658,54.063576,54.0
4659,54.2111,54.99999999999999
4660,55.15838,54.99999999999999
4661,55.122513,56.0
4662,56.191868,56.0
4663,56.262444,57.00000000000001
4664,57.232002,56.0
4665,56.052376,56.0
4666,56.013317,56.0
4667,56.01618,56.0
4668,56.025433,56.0
4669,56.079597,56.0
4670,56.05507,56.0
4671,55.98712,57.00000000000001
4672,57.05746,57.00000000000001
4673,57.19819,57.99999999999999
4674,58.24452,57.99999999999999
4675,58.408306,58.99999999999999
4676,59.38151,60.0
4677,60.38285,60.0
4678,60.59496,61.00000000000001
4679,61.45334,61.99999999999999
4680,62.53763,62.99999999999999
4681,63.45771,64.0
4682,63.16802,65.0
4683,65.513374,65.99999999999999
4684,66.56929,67.0
4685,67.428406,67.0
4686,67.38899,67.0
4687,67.36164,68.0
4688,68.3033,69.0
4689,69.33521,69.99999999999999
4690,70.491234,71.0
4691,71.49154,72.0
4692,72.42381,72.0
4693,71.95696,73.0
4694,73.26002,74.00000000000001
4695,74.24336,74.00000000000001
4696,74.0492,75.0
4697,75.153145,75.0
4698,75.38264,75.0
4699,75.50815,76.0
4700,76.34764,76.0
4701,76.29657,76.0
4702,76.207596,76.0
4703,76.163956,76.0
4704,76.401,77.0
4705,77.34899,77.0
4706,77.26709,77.99999999999999
4707,78.47214,79.0
4708,79.58336,80.0
4709,80.744934,81.0
4710,81.85141,83.0
4711,83.75169,84.0
4712,84.76874,85.0
4713,85.679344,85.0
4714,85.613144,85.0
4715,85.61673,85.0
4716,85.4555,88.0
4717,88.80601,89.0
4718,89.72027,90.00000000000001
4719,90.47653,90.00000000000001
4720,90.305595,91.0
4721,92.0067,91.0
4722,91.549194,92.0
4723,92.73882,93.0
4724,94.046234,93.0
4725,94.13707,93.99999999999999
4726,94.57904,93.99999999999999
4727,94.32893,93.99999999999999
4728,94.63004,95.0
4729,95.99381,95.0
4730,95.882385,93.99999999999999
4731,94.77223,93.99999999999999
4732,94.86531,93.0
4733,93.928535,92.0
4734,92.95009,91.0
4735,91.36775,90.00000000000001
4736,90.56049,89.0
4737,89.62976,88.0
4738,88.64881,88.0
4739,88.75606,87.0
4740,87.7436,85.99999999999999
4741,85.895515,84.0
4742,83.92136,84.0
4743,83.996086,84.0
4744,84.426796,83.0
4745,83.42789,83.0
4746,83.85979,83.0
4747,83.8617,83.0
4748,83.71685,83.0
4749,83.79904,85.0
4750,85.86321,87.0
4751,88.33871,88.0
4752,89.177986,88.0
4753,88.77359,87.0
4754,87.73668,87.0
4755,87.64327,87.0
4756,87.66428,87.0
4757,87.46347,88.0
4758,88.79279,88.0
4759,88.67145,89.0
4760,89.717445,89.0
4761,89.75275,90.00000000000001
4762,90.729416,90.00000000000001
4763,90.81692,91.0
4764,91.91649,92.0
4765,92.673096,93.0
4766,94.06012,93.99999999999999
4767,95.0908,95.0
4768,97.181145,97.0
4769,97.94512,97.0
4770,98.24794,98.00000000000001
4771,100.34575,98.00000000000001
4772,100.44586,99.0
4773,101.766785,99.0
4774,100.69254,98.00000000000001
4775,99.42105,97.0
4776,98.33591,98.00000000000001
4777,99.086296,98.00000000000001
4778,99.30579,99.0
4779,99.89432,99.0
4780,100.18037,99.0
4781,100.140175,100.0
4782,101.32211,105.0
4783,106.72591,113.0
4784,114.8439,113.0
4785,114.74341,105.0
4786,104.29242,100.0
4787,99.923645,98.00000000000001
4788,98.306885,97.0
4789,97.11913,96.0
4790,96.46603,95.0
4791,95.48612,93.99999999999999
4792,95.06419,93.0
4793,94.15231,92.0
4794,93.83134,92.0
4795,94.4048,92.0
4796,94.44902,92.0
4797,94.421364,91.0
4798,92.87989,90.00000000000001
4799,91.51571,91.0
4800,92.71423,91.0
4801,92.59207,91.0
4802,92.33605,92.0
4803,93.16088,57.99999999999999
4804,58.33969,58.99999999999999
4805,59.28115,58.99999999999999
4806,59.178574,58.99999999999999
4807,59.193752,58.99999999999999
4808,59.198322,58.99999999999999
4809,59.241898,58.99999999999999
4810,59.22035,60.0
4811,60.246746,60.0
4812,60.232876,60.0
4813,60.269028,61.00000000000001
4814,61.472027,61.00000000000001
4815,61.404087,61.99999999999999
4816,62.37826,61.99999999999999
4817,62.41872,61.99999999999999
4818,62.115337,61.00000000000001
4819,61.18232,61.00000000000001
4820,61.0076,60.0
4821,59.97966,60.0
4822,60.109478,60.0
4823,59.941967,60.0
4824,60.039837,60.0
4825,60.114616,58.99999999999999
4826,59.19547,58.99999999999999
4827,59.322205,75.0
4828,75.37765,74.00000000000001
4829,73.989136,75.0
4830,75.338165,75.0
4831,75.05771,76.0
4832,76.21923,76.0
4833,76.275345,74.00000000000001
4834,74.38971,74.00000000000001
4835,74.40419,74.00000000000001
4836,74.29364,72.0
4837,72.075356,75.0
4838,75.5833,76.0
4839,75.84623,77.0
4840,77.07177,77.99999999999999
4841,78.31758,79.0
4842,80.09553,80.0
4843,79.8089,80.0
4844,79.94436,79.0
4845,77.86637,77.99999999999999
4846,77.52602,77.99999999999999
4847,78.02744,79.0
4848,79.150375,77.0
4849,77.059166,76.0
4850,76.024734,71.0
4851,71.002464,46.0
4852,46.011696,45.00000000000001
4853,45.1006,44.0
4854,44.149956,44.0
4855,44.10956,45.00000000000001
4856,45.225307,45.00000000000001
4857,45.265686,46.0
4858,46.282818,46.0
4859,46.338604,46.0
4860,46.27684,48.0
4861,48.364223,48.0
4862,47.935993,48.0
4863,47.821495,46.99999999999999
4864,46.912964,46.99999999999999
4865,47.037746,46.99999999999999
4866,47.03821,46.99999999999999
4867,46.97639,49.00000000000001
4868,49.38887,50.0
4869,50.53577,50.99999999999999
4870,51.33915,49.00000000000001
4871,48.972813,50.99999999999999
4872,51.212494,52.0
4873,52.297215,52.0
4874,52.349262,53.00000000000001
4875,53.283775,53.00000000000001
4876,53.13368,54.0
4877,54.180096,54.0
4878,54.285248,54.99999999999999
4879,55.222076,54.99999999999999
4880,55.149395,56.0
4881,56.18682,56.0
4882,56.19688,56.0
4883,56.133327,56.0
4884,56.258793,56.0
4885,56.273624,56.0
4886,56.304413,57.00000000000001
4887,57.473663,57.99999999999999
4888,58.379673,57.99999999999999
4889,58.549435,57.99999999999999
4890,58.415,58.99999999999999
4891,59.357704,58.99999999999999
4892,59.09732,60.0
4893,60.34244,61.00000000000001
4894,61.22169,61.00000000000001
4895,61.262115,61.00000000000001
4896,61.042564,61.99999999999999
4897,62.21532,64.0
4898,64.446815,65.0
4899,65.26951,57.00000000000001
4900,57.181915,57.99999999999999
4901,58.27754,57.99999999999999
4902,58.22581,58.99999999999999
4903,59.155807,60.0
4904,60.139843,61.00000000000001
4905,61.178013,61.99999999999999
4906,62.180702,62.99999999999999
4907,63.23215,64.0
4908,64.21216,65.0
4909,65.214615,65.99999999999999
4910,66.34053,67.0
4911,67.28716,65.99999999999999
4912,65.99656,67.0
4913,67.224174,67.0
4914,66.79646,68.0
4915,68.32491,68.0
4916,68.30389,68.0
4917,68.10533,68.0
4918,68.41875,69.0
4919,69.38662,68.0
4920,68.30269,68.0
4921,68.4255,69.0
4922,69.1944,69.0
4923,69.14763,73.0
4924,73.239235,73.0
4925,73.23652,72.0
4926,72.17403,72.0
4927,72.08556,71.0
4928,71.11744,69.99999999999999
4929,70.194405,69.0
4930,69.092735,68.0
4931,68.18508,67.0
4932,67.1333,67.0
4933,67.14253,68.0
4934,68.354294,67.0
4935,66.967804,65.99999999999999
4936,65.8698,65.0
4937,64.55625,65.0
4938,64.87253,65.0
4939,64.93448,65.0
4940,65.3814,65.0
4941,65.07381,64.0
4942,64.34833,64.0
4943,64.13657,62.99999999999999
4944,62.890003,62.99999999999999
4945,63.00198,61.99999999999999
4946,62.0778,61.00000000000001
4947,61.04888,60.0
4948,60.16296,60.0
4949,60.1732,60.0
4950,60.145794,60.0
4951,60.177765,58.99999999999999
4952,58.81619,57.99999999999999
4953,57.82396,57.00000000000001
4954,56.91998,57.00000000000001
4955,57.002064,57.00000000000001
4956,57.123375,57.99999999999999
4957,58.309784,57.99999999999999
4958,57.97758,57.99999999999999
4959,57.76286,57.99999999999999
4960,57.822987,57.00000000000001
4961,56.89441,57.00000000000001
4962,56.96846,57.00000000000001
4963,56.833755,57.00000000000001
4964,56.855442,57.00000000000001
4965,56.831604,56.0
4966,55.71193,56.0
4967,55.887394,54.99999999999999
4968,54.928085,54.99999999999999
4969,55.255077,54.0
4970,54.12289,54.0
4971,54.16535,74.00000000000001
4972,74.4921,74.00000000000001
4973,74.54738,74.00000000000001
4974,74.57812,74.00000000000001
4975,74.52405,74.00000000000001
4976,74.35476,74.00000000000001
4977,74.36839,73.0
4978,73.1097,72.0
4979,72.05915,71.0
4980,70.96052,69.0
4981,69.10667,67.0
4982,67.17231,67.0
4983,67.33,67.0
4984,66.6239,65.99999999999999
4985,65.65921,65.99999999999999
4986,65.7194,65.99999999999999
4987,65.9202,65.99999999999999
4988,65.790565,65.99999999999999
4989,65.94028,65.99999999999999
4990,65.80648,65.99999999999999
4991,66.20363,65.0
4992,65.169334,65.0
4993,65.09963,62.99999999999999
4994,63.18801,61.99999999999999
4995,62.247948,60.0
4996,60.13449,58.99999999999999
4997,59.108288,58.99999999999999
4998,59.079193,58.99999999999999
4999,59.047684,58.99999999999999
5000,59.12349,58.99999999999999
5001,59.12203,58.99999999999999
5002,59.096497,57.99999999999999
5003,58.08766,57.99999999999999
5004,58.050545,57.00000000000001
5005,57.029213,57.00000000000001
5006,57.138504,57.00000000000001
5007,56.96943,56.0
5008,55.99006,56.0
5009,56.093346,56.0
5010,56.02387,56.0
5011,56.106464,56.0
5012,56.29498,56.0
5013,56.161922,56.0
5014,56.428795,57.99999999999999
5015,58.7939,58.99999999999999
5016,59.504948,61.99999999999999
5017,62.479908,65.99999999999999
5018,66.66269,69.0
5019,69.60033,125.99999999999999
5020,128.28537,104.0
5021,105.23249,99.0
5022,99.98171,97.0
5023,97.932495,95.0
5024,96.055405,93.99999999999999
5025,95.02753,93.0
5026,94.17533,92.0
5027,93.03932,91.0
5028,92.16673,90.00000000000001
5029,90.504585,88.0
5030,88.4912,85.99999999999999
5031,86.46473,85.99999999999999
5032,86.68719,85.0
5033,85.80228,84.0
5034,84.83646,84.0
5035,84.5585,83.0
5036,83.64727,82.00000000000001
5037,82.69102,82.00000000000001
5038,82.699875,83.0
5039,83.705055,83.0
5040,83.45146,81.0
5041,81.635704,82.00000000000001
5042,82.799,82.00000000000001
5043,82.65421,60.0
5044,60.10504,58.99999999999999
5045,58.77258,57.99999999999999
5046,58.061607,57.00000000000001
5047,57.012337,56.0
5048,56.07343,54.99999999999999
5049,55.095398,54.99999999999999
5050,55.084953,54.0
5051,54.045086,53.00000000000001
5052,53.080795,53.00000000000001
5053,53.13252,54.0
5054,54.341923,54.0
5055,54.4731,54.99999999999999
5056,55.668015,56.0
5057,56.661095,56.0
5058,56.56465,57.00000000000001
5059,57.69215,57.99999999999999
5060,58.35431,57.99999999999999
5061,58.287373,57.99999999999999
5062,58.194218,58.99999999999999
5063,59.1955,58.99999999999999
5064,59.25277,60.0
5065,60.407066,61.00000000000001
5066,61.518375,61.99999999999999
5067,62.488316,61.99999999999999
5068,62.398132,61.99999999999999
5069,62.388958,61.99999999999999
5070,62.17888,61.99999999999999
5071,62.045536,61.99999999999999
5072,62.06753,61.00000000000001
5073,61.01554,61.00000000000001
5074,61.111843,61.00000000000001
5075,61.13575,61.99999999999999
5076,62.15153,61.00000000000001
5077,61.105907,61.00000000000001
5078,61.181046,61.00000000000001
5079,61.22899,61.99999999999999
5080,62.10378,61.00000000000001
5081,60.676933,61.00000000000001
5082,61.149338,61.99999999999999
5083,62.43289,61.99999999999999
5084,62.18013,61.99999999999999
5085,62.107384,61.99999999999999
5086,62.228485,62.99999999999999
5087,63.356136,64.0
5088,64.32702,65.0
5089,65.43638,65.99999999999999
5090,66.29868,67.0
5091,67.39294,82.00000000000001
5092,82.65309,83.0
5093,83.74174,84.0
5094,84.60872,84.0
5095,84.67292,84.0
5096,84.77099,84.0
5097,84.73724,84.0
5098,84.439,85.0
5099,85.65456,85.0
5100,85.58591,85.99999999999999
5101,86.667465,87.0
5102,87.5976,89.0
5103,90.19374,89.0
5104,90.12597,89.0
5105,89.481834,90.00000000000001
5106,91.57704,90.00000000000001
5107,91.76774,89.0
5108,90.06897,88.0
5109,89.0547,88.0
5110,88.95563,89.0
5111,90.39014,90.00000000000001
5112,90.91248,90.00000000000001
5113,91.09647,91.0
5114,92.307594,91.0
5115,92.2592,91.0
5116,92.02073,91.0
5117,92.001686,92.0
5118,92.87097,92.0
5119,93.0187,93.0
5120,94.01469,93.0
5121,94.03206,93.99999999999999
5122,94.99708,95.0
5123,96.221756,96.0
5124,97.52951,98.00000000000001
5125,100.289795,98.00000000000001
5126,99.37281,97.0
5127,98.24151,97.0
5128,98.06905,97.0
5129,98.30467,96.0
5130,97.038994,95.0
5131,95.73497,95.0
5132,95.65899,93.99999999999999
5133,94.29407,93.0
5134,93.229164,91.0
5135,91.4336,90.00000000000001
5136,90.323845,90.00000000000001
5137,90.47219,89.0
5138,89.56979,88.0
5139,88.35191,87.0
5140,87.16144,85.99999999999999
5141,86.03594,85.0
5142,85.16418,84.0
5143,84.03186,83.0
5144,83.26612,82.00000000000001
5145,82.29053,82.00000000000001
5146,82.20185,81.0
5147,81.031395,79.0
5148,79.46761,76.0
5149,76.22033,75.0
5150,75.26804,74.00000000000001
5151,74.5,74.00000000000001
5152,74.22654,74.00000000000001
5153,74.168274,74.00000000000001
5154,74.54731,74.00000000000001
5155,74.50054,74.00000000000001
5156,74.141594,74.00000000000001
5157,74.035446,74.00000000000001
5158,73.6772,75.0
5159,75.45968,75.0
5160,75.191414,75.0
5161,75.236336,75.0
5162,75.2541,75.0
5163,75.33519,76.0
5164,76.332344,76.0
5165,76.23927,76.0
5166,76.2333,77.0
5167,77.324356,76.0
5168,76.05301,75.0
5169,74.76076,74.00000000000001
5170,74.013214,73.0
5171,73.10765,73.0
5172,73.24867,72.0
5173,72.09294,72.0
5174,71.91597,69.99999999999999
5175,69.68058,69.99999999999999
5176,70.11355,69.0
5177,68.82975,69.0
5178,69.38031,69.0
5179,69.48997,69.0
5180,69.93307,69.99999999999999
5181,70.98117,69.99999999999999
5182,70.554405,69.99999999999999
5183,70.668755,71.0
5184,71.59295,71.0
5185,71.62024,71.0
5186,71.35483,72.0
5187,72.669785,73.0
5188,73.58236,74.00000000000001
5189,74.66411,74.00000000000001
5190,74.51632,75.0
5191,75.67409,76.0
5192,76.48131,77.99999999999999
5193,78.49959,77.99999999999999
5194,78.45892,79.0
5195,79.75465,80.0
5196,80.54594,81.0
5197,81.41249,82.00000000000001
5198,82.5525,84.0
5199,84.4597,85.99999999999999
5200,87.21733,87.0
5201,88.3399,88.0
5202,90.07676,89.0
5203,90.16895,88.0
5204,88.65147,88.0
5205,88.52314,89.0
5206,90.06112,89.0
5207,89.9359,90.00000000000001
5208,90.95776,91.0
5209,92.12776,92.0
5210,93.071144,92.0
5211,92.89378,93.0
5212,93.76932,93.0
5213,93.93057,93.0
5214,93.89511,93.0
5215,93.96524,93.0
5216,93.60089,93.99999999999999
5217,94.63352,93.99999999999999
5218,94.549416,93.99999999999999
5219,94.71999,95.0
5220,95.683044,96.0
5221,96.61394,96.0
5222,96.949486,98.00000000000001
5223,100.14615,99.0
5224,101.97531,100.0
5225,103.55561,101.0
5226,104.48068,112.0
5227,116.1198,122.00000000000001
5228,126.06324,133.0
5229,138.08658,134.0
5230,139.34203,131.0
5231,134.87357,127.0
5232,131.52182,121.0
5233,125.88559,108.0
5234,109.55487,101.99999999999999
5235,103.40636,99.0
5236,100.12498,99.0
5237,100.264984,98.00000000000001
5238,99.15518,97.0
5239,98.12805,97.0
5240,98.07971,96.0
5241,96.97688,96.0
5242,96.85714,96.0
5243,96.79351,96.0
5244,96.85103,95.0
5245,96.13744,96.0
5246,97.68136,95.0
5247,96.470894,95.0
5248,96.70529,93.99999999999999
5249,96.503296,93.0
5250,94.389725,91.0
5251,91.54805,90.00000000000001
5252,91.425476,89.0
5253,89.427055,88.0
5254,89.133255,88.0
5255,89.12831,88.0
5256,89.02962,88.0
5257,89.78003,89.0
5258,90.62715,90.00000000000001
5259,91.21653,90.00000000000001
5260,91.124275,89.0
5261,89.9017,89.0
5262,89.87391,89.0
5263,89.62342,88.0
5264,88.6892,89.0
5265,89.75441,89.0
5266,89.760216,89.0
5267,89.6246,89.0
5268,89.786896,89.0
5269,89.53707,85.99999999999999
5270,86.20086,84.0
5271,83.87283,81.0
5272,80.27236,79.0
5273,79.11098,77.99999999999999
5274,77.83456,77.99999999999999
5275,78.29941,77.0
5276,77.05102,77.0
5277,77.177216,76.0
5278,76.092094,75.0
5279,75.26595,74.00000000000001
5280,74.51421,74.00000000000001
5281,74.66903,73.0
5282,73.704285,72.0
5283,72.65941,71.0
5284,71.62505,71.0
5285,71.459564,69.99999999999999
5286,70.25675,69.99999999999999
5287,70.35836,69.0
5288,69.395775,69.0
5289,69.50193,68.0
5290,68.382706,68.0
5291,68.230286,68.0
5292,68.55404,67.0
5293,67.30444,67.0
5294,67.15064,67.0
5295,67.310394,68.0
5296,68.23029,68.0
5297,68.34443,69.0
5298,69.52624,68.0
5299,68.026985,69.0
5300,69.19899,68.0
5301,67.72353,67.0
5302,67.254684,67.0
5303,67.421906,67.0
5304,67.471725,67.0
5305,67.617714,67.0
5306,66.998344,68.0
5307,68.578606,68.0
5308,68.479935,69.0
5309,69.60113,69.99999999999999
5310,70.407745,69.99999999999999
5311,70.329285,71.0
5312,71.471504,71.0
5313,71.48987,72.0
5314,72.469475,72.0
5315,72.494705,71.0
5316,71.08331,69.99999999999999
5317,69.89031,69.0
5318,68.49261,69.0
5319,69.094765,69.0
5320,68.81396,69.0
5321,68.82132,69.0
5322,68.9909,69.0
5323,68.52908,69.0
5324,68.87833,69.0
5325,69.03177,69.0
5326,68.95584,69.0
5327,69.02581,69.99999999999999
5328,70.3051,69.0
5329,69.16298,68.0
5330,68.35527,68.0
5331,68.245514,68.0
5332,68.281815,67.0
5333,67.21567,65.99999999999999
5334,66.21562,65.0
5335,65.197235,65.0
5336,65.22648,64.0
5337,64.25129,62.99999999999999
5338,63.20398,62.99999999999999
5339,63.21999,62.99999999999999
5340,63.300705,64.0
5341,64.29798,65.0
5342,65.09316,65.0
5343,65.1909,65.99999999999999
5344,65.821396,65.99999999999999
5345,65.76724,65.99999999999999
5346,65.956566,67.0
5347,67.75842,68.0
5348,69.13589,68.0
5349,68.45948,68.0
5350,68.2417,69.0
5351,69.63466,68.0
5352,68.35623,68.0
5353,68.24654,67.0
5354,67.444756,67.0
5355,66.97389,67.0
5356,67.39685,67.0
5357,67.38176,67.0
5358,67.41747,68.0
5359,68.41277,68.0
5360,68.40767,68.0
5361,68.34253,68.0
5362,68.364525,69.0
5363,69.27687,69.0
5364,69.336784,69.99999999999999
5365,70.452995,72.0
5366,72.718834,71.0
5367,70.948654,71.0
5368,71.05944,72.0
5369,72.37829,72.0
5370,72.238594,72.0
5371,72.34753,69.99999999999999
5372,70.01036,69.0
5373,69.00153,69.0
5374,68.81533,68.0
5375,68.23944,69.0
5376,69.5121,69.0
5377,69.40118,69.99999999999999
5378,70.37389,69.99999999999999
5379,70.313416,69.99999999999999
5380,70.25539,69.99999999999999
5381,70.18374,69.99999999999999
5382,70.21977,69.99999999999999
5383,70.174286,69.0
5384,69.10029,69.0
5385,69.173546,68.0
5386,68.24844,68.0
5387,68.30441,68.0
5388,68.27508,67.0
5389,67.35051,65.99999999999999
5390,66.233536,65.0
5391,64.86093,65.99999999999999
5392,66.33111,65.99999999999999
5393,66.302055,65.99999999999999
5394,66.27121,65.99999999999999
5395,66.24523,67.0
5396,67.47566,67.0
5397,67.04237,67.0
5398,67.36817,68.0
5399,68.50479,68.0
5400,68.55973,68.0
5401,68.64867,68.0
5402,68.55034,69.0
5403,69.49227,69.0
5404,69.78058,69.99999999999999
5405,70.57106,71.0
5406,71.583565,71.0
5407,71.45597,72.0
5408,72.51808,73.0
5409,73.48889,74.00000000000001
5410,74.521416,75.0
5411,75.53392,75.0
5412,75.458595,76.0
5413,76.3486,76.0
5414,75.89879,76.0
5415,75.56651,76.0
5416,76.00621,76.0
5417,76.05833,76.0
5418,76.13789,76.0
5419,76.01265,75.0
5420,75.14369,76.0
5421,75.99777,76.0
5422,75.99013,76.0
5423,76.46088,76.0
5424,76.454384,77.0
5425,77.522736,77.99999999999999
5426,78.61164,77.99999999999999
5427,78.57189,79.0
5428,79.63172,79.0
5429,79.66544,77.99999999999999
5430,78.42247,77.99999999999999
5431,78.41434,77.99999999999999
5432,78.48536,77.99999999999999
5433,78.52452,77.99999999999999
5434,78.60502,77.99999999999999
5435,78.68621,77.99999999999999
5436,78.207954,79.0
5437,79.83697,79.0
5438,79.24696,80.0
5439,80.15006,79.0
5440,78.40884,79.0
5441,79.42708,80.0
5442,81.193825,81.0
5443,82.04262,82.00000000000001
5444,82.66745,82.00000000000001
5445,82.694084,83.0
5446,83.839264,84.0
5447,85.361145,85.0
5448,85.69079,84.0
5449,84.75513,84.0
5450,84.84835,84.0
5451,84.80407,84.0
5452,84.76222,85.0
5453,85.78124,85.99999999999999
5454,86.7815,87.0
5455,87.64718,87.0
5456,87.82985,88.0
5457,89.06359,89.0
5458,90.00151,90.00000000000001
5459,91.07727,91.0
5460,92.31191,91.0
5461,92.14777,93.0
5462,94.526,93.99999999999999
5463,95.81651,93.99999999999999
5464,95.04015,95.0
5465,96.2812,96.0
5466,97.809814,96.0
5467,97.12602,97.0
5468,97.967384,97.0
5469,97.90435,97.0
5470,98.12826,96.0
5471,97.233086,95.0
5472,96.48451,93.99999999999999
5473,94.4407,93.0
5474,93.412384,92.0
5475,92.77923,91.0
5476,91.919174,90.00000000000001
5477,90.65622,89.0
5478,89.58077,88.0
5479,88.54432,87.0
5480,87.40003,85.99999999999999
5481,86.45317,85.0
5482,85.311615,84.0
5483,84.48963,83.0
5484,83.64255,81.0
5485,81.383446,79.0
5486,79.40249,79.0
5487,79.47561,77.99999999999999
5488,77.92451,77.99999999999999
5489,78.229034,77.0
5490,77.068474,76.0
5491,76.98872,75.0
5492,74.57097,74.00000000000001
5493,73.92155,74.00000000000001
5494,74.29373,74.00000000000001
5495,74.21793,74.00000000000001
5496,74.34916,74.00000000000001
5497,74.418625,74.00000000000001
5498,74.22805,74.00000000000001
5499,73.82231,73.0
5500,73.24536,73.0
5501,72.91648,72.0
5502,72.0967,72.0
5503,72.217186,72.0
5504,72.27714,71.0
5505,71.270164,71.0
5506,71.29277,71.0
5507,71.35415,71.0
5508,71.247086,71.0
5509,71.2477,69.99999999999999
5510,69.94802,69.99999999999999
5511,69.81923,69.0
5512,68.41571,69.0
5513,69.08063,69.0
5514,69.1055,67.0
5515,66.84326,67.0
5516,67.16467,68.0
5517,68.06404,67.0
5518,67.350044,68.0
5519,68.44484,68.0
5520,68.44356,67.0
5521,67.34602,68.0
5522,68.48157,68.0
5523,68.504684,69.0
5524,69.492226,69.0
5525,69.310616,69.0
5526,69.49082,69.99999999999999
5527,70.21962,69.99999999999999
5528,70.37353,69.99999999999999
5529,70.3229,71.0
5530,71.36161,71.0
5531,71.46059,72.0
5532,72.370384,72.0
5533,72.345795,72.0
5534,72.13316,73.0
5535,73.329796,73.0
5536,73.515854,74.00000000000001
5537,75.569176,76.0
5538,77.59014,77.99999999999999
5539,79.99822,80.0
5540,81.564255,80.0
5541,80.8824,81.0
5542,82.10191,82.00000000000001
5543,83.00675,82.00000000000001
5544,82.89154,82.00000000000001
5545,82.52367,81.0
5546,81.30751,81.0
5547,81.52949,58.99999999999999
5548,59.27497,58.99999999999999
5549,59.204674,60.0
5550,60.381344,60.0
5551,60.191204,60.0
5552,60.216446,60.0
5553,60.2332,60.0
5554,60.290524,60.0
5555,60.21027,58.99999999999999
5556,59.04434,57.99999999999999
5557,58.02114,57.00000000000001
5558,57.03653,54.99999999999999
5559,54.8854,54.99999999999999
5560,55.02602,54.99999999999999
5561,54.91107,54.99999999999999
5562,55.110443,54.99999999999999
5563,55.15057,54.99999999999999
5564,54.906864,54.0
5565,53.801224,54.0
5566,53.72905,54.0
5567,53.984516,54.99999999999999
5568,55.09933,54.99999999999999
5569,54.99773,54.99999999999999
5570,55.140934,54.99999999999999
5571,55.245422,71.0
5572,71.30178,72.0
5573,72.34926,72.0
5574,72.273315,72.0
5575,72.2155,71.0
5576,70.55227,69.0
5577,68.91828,68.0
5578,68.007545,67.0
5579,67.026085,65.0
5580,65.02252,65.0
5581,65.040115,61.99999999999999
5582,62.070522,61.00000000000001
5583,60.91393,60.0
5584,59.92866,60.0
5585,60.4884,58.99999999999999
5586,59.33054,57.99999999999999
5587,57.947277,57.99999999999999
5588,58.16537,58.99999999999999
5589,59.419693,58.99999999999999
5590,59.167507,57.99999999999999
5591,58.25119,57.99999999999999
5592,58.49407,57.99999999999999
5593,58.39646,57.99999999999999
5594,58.18058,57.99999999999999
5595,58.376587,54.0
5596,54.351078,54.0
5597,54.105217,54.0
5598,54.05478,54.0
5599,54.00989,54.0
5600,54.083584,54.0
5601,54.125828,54.0
5602,54.0792,54.0
5603,54.06704,54.0
5604,54.1371,54.0
5605,54.057972,53.00000000000001
5606,52.902645,54.0
5607,53.90636,54.0
5608,53.92583,54.0
5609,54.151093,54.0
5610,53.996136,54.0
5611,53.86689,54.0
5612,54.430862,54.0
5613,54.47817,54.0
5614,54.309505,54.99999999999999
5615,55.3154,54.99999999999999
5616,55.246143,54.0
5617,54.083298,53.00000000000001
5618,53.159924,53.00000000000001
5619,53.11228,65.99999999999999
5620,66.26382,67.0
5621,67.33972,68.0
5622,68.247406,69.0
5623,69.4399,69.99999999999999
5624,70.39207,71.0
5625,71.47858,72.0
5626,72.54487,74.00000000000001
5627,74.59886,75.0
5628,75.44398,76.0
5629,76.35249,77.99999999999999
5630,78.55478,77.99999999999999
5631,78.568085,80.0
5632,81.63062,81.0
5633,82.32122,82.00000000000001
5634,84.19042,83.0
5635,84.830315,84.0
5636,85.631424,85.0
5637,86.43966,90.00000000000001
5638,91.10002,87.0
5639,87.557785,85.0
5640,85.32516,85.99999999999999
5641,86.53637,85.0
5642,85.40499,85.99999999999999
5643,86.796455,69.99999999999999
5644,70.19069,69.99999999999999
5645,70.128365,69.99999999999999
5646,70.148186,71.0
5647,71.132355,71.0
5648,71.211136,72.0
5649,72.16509,72.0
5650,72.26427,72.0
5651,72.325714,72.0
5652,72.168396,73.0
5653,73.204285,74.00000000000001
5654,74.35375,73.0
5655,73.17507,74.00000000000001
5656,74.48804,74.00000000000001
5657,74.61772,76.0
5658,76.75448,77.0
5659,78.03764,77.0
5660,77.30685,77.99999999999999
5661,78.54219,77.99999999999999
5662,78.28785,77.99999999999999
5663,78.57136,77.0
5664,77.15882,76.0
5665,76.056595,75.0
5666,75.2178,74.00000000000001
5667,74.27013,60.0
5668,60.061222,58.99999999999999
5669,59.060936,58.99999999999999
5670,59.10868,57.99999999999999
5671,58.054672,57.99999999999999
5672,58.054928,57.99999999999999
5673,58.05203,57.00000000000001
5674,57.13895,57.00000000000001
5675,57.070942,57.00000000000001
5676,57.109123,57.99999999999999
5677,58.19482,57.00000000000001
5678,57.129654,57.00000000000001
5679,56.90031,57.99999999999999
5680,58.109158,57.99999999999999
5681,58.028454,57.99999999999999
5682,58.13448,58.99999999999999
5683,59.43807,57.99999999999999
5684,58.12306,57.99999999999999
5685,58.101784,57.99999999999999
5686,58.122097,57.99999999999999
5687,57.88243,58.99999999999999
5688,59.42843,60.0
5689,60.13154,61.00000000000001
5690,61.23115,61.99999999999999
5691,62.11966,52.0
5692,51.763924,52.0
5693,51.9086,48.0
5694,47.971462,45.00000000000001
5695,45.01317,45.00000000000001
5696,45.06684,46.0
5697,46.22716,46.99999999999999
5698,47.208874,48.0
5699,48.208836,46.99999999999999
5700,47.152416,46.0
5701,46.098537,46.0
5702,46.09672,46.99999999999999
5703,46.994404,46.99999999999999
5704,46.75663,48.0
5705,47.993988,49.00000000000001
5706,49.40775,50.0
5707,50.52471,50.99999999999999
5708,51.291393,50.99999999999999
5709,51.300472,52.0
5710,52.411003,52.0
5711,52.206974,53.00000000000001
5712,53.10474,52.0
5713,52.320972,52.0
5714,52.2051,53.00000000000001
5715,53.25668,61.00000000000001
5716,61.106552,61.00000000000001
5717,61.323605,61.00000000000001
5718,61.286045,61.00000000000001
5719,61.299488,61.00000000000001
5720,61.1864,61.00000000000001
5721,61.262054,61.00000000000001
5722,61.332413,61.99999999999999
5723,62.396454,64.0
5724,64.5401,65.0
5725,65.30326,65.0
5726,65.26007,65.0
5727,65.132744,65.0
5728,65.19333,65.99999999999999
5729,66.20838,65.99999999999999
5730,66.06035,65.99999999999999
5731,66.32839,65.99999999999999
5732,66.21311,67.0
5733,67.311676,67.0
5734,67.38788,68.0
5735,68.32038,68.0
5736,68.20359,69.0
5737,69.179184,69.99999999999999
5738,70.26031,71.0
5739,71.48483,69.0
5740,69.26747,69.0
5741,68.97793,69.0
5742,69.03763,69.0
5743,68.96095,69.0
5744,69.04366,68.0
5745,67.977455,68.0
5746,67.95837,68.0
5747,67.96911,69.0
5748,69.118324,69.0
5749,69.10761,68.0
5750,67.90847,68.0
5751,67.99818,68.0
5752,67.834854,68.0
5753,67.956474,69.0
5754,69.079216,69.0
5755,69.264755,69.99999999999999
5756,70.302315,69.99999999999999
5757,70.66947,69.99999999999999
5758,70.57146,69.99999999999999
5759,70.12645,68.0
5760,68.24999,65.99999999999999
5761,66.258385,62.99999999999999
5762,63.35617,61.00000000000001
5763,61.378872,82.00000000000001
5764,82.62642,81.0
5765,81.254745,81.0
5766,81.4152,81.0
5767,81.88941,81.0
5768,81.92,80.0
5769,80.79318,79.0
5770,79.46887,79.0
5771,79.69969,77.99999999999999
5772,78.442474,79.0
5773,79.80771,79.0
5774,79.50065,79.0
5775,79.179085,77.99999999999999
5776,78.20066,77.0
5777,77.04004,77.0
5778,77.7309,77.0
5779,77.28513,76.0
5780,76.54909,76.0
5781,76.57206,75.0
5782,75.186386,75.0
5783,75.482086,75.0
5784,75.45543,74.00000000000001
5785,74.43183,74.00000000000001
5786,74.5059,74.00000000000001
5787,74.72164,62.99999999999999
5788,63.483063,64.0
5789,64.290886,64.0
5790,64.097855,64.0
5791,63.99587,64.0
5792,63.933224,64.0
5793,64.18991,64.0
5794,63.87991,65.0
5795,64.99891,65.0
5796,64.96916,65.0
5797,65.16531,64.0
5798,63.81715,64.0
5799,63.042675,62.99999999999999
5800,62.772514,62.99999999999999
5801,62.856846,61.99999999999999
5802,61.785778,61.00000000000001
5803,60.74483,61.00000000000001
5804,60.751614,60.0
5805,59.866035,60.0
5806,59.847702,60.0
5807,59.961506,58.99999999999999
5808,59.08867,57.99999999999999
5809,57.99915,57.00000000000001
5810,56.765648,56.0
5811,55.827915,67.0
5812,67.19475,67.0
5813,67.081696,67.0
5814,67.08577,67.0
5815,67.10122,68.0
5816,68.14177,68.0
5817,68.145676,69.0
5818,69.11882,69.0
5819,69.23162,69.0
5820,69.08472,69.0
5821,69.206215,71.0
5822,71.39036,71.0
5823,71.531624,72.0
5824,72.31521,72.0
5825,72.20015,72.0
5826,71.680145,73.0
5827,73.57886,73.0
5828,72.97763,73.0
5829,72.99611,73.0
5830,73.09139,72.0
5831,72.16735,71.0
5832,71.24078,69.99999999999999
5833,70.179405,69.0
5834,69.19968,68.0
5835,68.19426,58.99999999999999
5836,59.36031,61.00000000000001
5837,61.536644,61.99999999999999
5838,62.484512,61.00000000000001
5839,61.32986,61.99999999999999
5840,62.2025,62.99999999999999
5841,63.18031,62.99999999999999
5842,63.10979,64.0
5843,64.16868,65.0
5844,65.21401,67.0
5845,67.74797,68.0
5846,68.00214,68.0
5847,68.03438,69.0
5848,68.9182,69.0
5849,68.85088,69.0
5850,68.90113,69.99999999999999
5851,70.12407,69.99999999999999
5852,69.94782,69.99999999999999
5853,69.88052,69.99999999999999
5854,70.10507,69.99999999999999
5855,70.223946,69.99999999999999
5856,70.26537,69.0
5857,69.1992,69.0
5858,69.308075,69.0
5859,69.35137,68.0
5860,68.25904,67.0
5861,67.274086,65.0
5862,65.24798,65.0
5863,65.334496,64.0
5864,64.259964,64.0
5865,64.22413,65.0
5866,65.22789,64.0
5867,64.15441,64.0
5868,63.99541,61.00000000000001
5869,60.790146,61.00000000000001
5870,60.707428,60.0
5871,60.066418,60.0
5872,59.819557,58.99999999999999
5873,58.94155,58.99999999999999
5874,58.795406,57.99999999999999
5875,57.84301,57.99999999999999
5876,57.904064,57.00000000000001
5877,56.833424,57.00000000000001
5878,57.14757,57.99999999999999
5879,58.484314,57.99999999999999
5880,58.11079,57.00000000000001
5881,57.070553,57.00000000000001
5882,57.37337,57.00000000000001
5883,56.80456,57.00000000000001
5884,57.364517,56.0
5885,56.344078,56.0
5886,56.25331,56.0
5887,56.31613,56.0
5888,56.274826,54.99999999999999
5889,55.226063,54.99999999999999
5890,55.29377,54.99999999999999
5891,55.198112,54.99999999999999
5892,55.196724,56.0
5893,56.218086,56.0
5894,55.985813,56.0
5895,55.92252,56.0
5896,55.950253,56.0
5897,56.092487,57.00000000000001
5898,57.27253,57.00000000000001
5899,57.053066,57.00000000000001
5900,56.868805,57.00000000000001
5901,56.999504,57.00000000000001
5902,57.158916,56.0
5903,56.079792,57.00000000000001
5904,57.490772,57.99999999999999
5905,58.515144,57.99999999999999
5906,58.455753,57.99999999999999
5907,58.37798,58.99999999999999
5908,59.253803,58.99999999999999
5909,59.330566,58.99999999999999
5910,59.15922,58.99999999999999
5911,59.22121,60.0
5912,60.12956,60.0
5913,60.120174,58.99999999999999
5914,59.157433,60.0
5915,60.242455,60.0
5916,60.19547,60.0
5917,60.252464,60.0
5918,60.256275,60.0
5919,60.03653,61.00000000000001
5920,61.32073,61.00000000000001
5921,61.17343,61.00000000000001
5922,61.31471,61.00000000000001
5923,61.160652,61.99999999999999
5924,61.950745,61.99999999999999
5925,62.071495,61.99999999999999
5926,62.20661,62.99999999999999
5927,63.353054,61.99999999999999
5928,61.66509,61.00000000000001
5929,61.00304,60.0
5930,60.065342,60.0
5931,59.6256,60.0
5932,59.362865,60.0
5933,60.148777,61.00000000000001
5934,61.180443,61.00000000000001
5935,61.24739,61.00000000000001
5936,61.235542,61.99999999999999
5937,62.277645,62.99999999999999
5938,63.245926,62.99999999999999
5939,63.206383,62.99999999999999
5940,63.25525,64.0
5941,64.47533,65.0
5942,65.47828,65.0
5943,65.122986,65.0
5944,64.990616,65.0
5945,65.13913,65.0
5946,64.944496,65.0
5947,65.02526,65.0
5948,65.24451,65.0
5949,65.04057,65.0
5950,65.313484,64.0
5951,64.2141,64.0
5952,64.17543,65.0
5953,65.52421,65.0
5954,65.48281,65.99999999999999
5955,66.276184,65.99999999999999
5956,66.3508,65.99999999999999
5957,66.193344,65.99999999999999
5958,66.24218,65.0
5959,65.28058,65.0
5960,65.35021,65.0
5961,65.28255,64.0
5962,64.25475,62.99999999999999
5963,63.18685,62.99999999999999
5964,63.20776,61.99999999999999
5965,62.15429,61.99999999999999
5966,61.98296,61.00000000000001
5967,60.94435,61.00000000000001
5968,60.785263,60.0
5969,60.14715,60.0
5970,60.249878,60.0
5971,59.88387,60.0
5972,60.27335,60.0
5973,59.9967,58.99999999999999
5974,59.086258,58.99999999999999
5975,59.242424,61.99999999999999
5976,62.622627,62.99999999999999
5977,63.619526,64.0
5978,64.35769,65.0
5979,65.26728,65.0
5980,65.21001,65.0
5981,65.04626,64.0
5982,64.050835,64.0
5983,64.062744,62.99999999999999
5984,63.04029,62.99999999999999
5985,63.029438,62.99999999999999
5986,63.046387,62.99999999999999
5987,63.064068,61.99999999999999
5988,61.981552,61.99999999999999
5989,61.992573,61.99999999999999
5990,61.96919,61.99999999999999
5991,61.93813,61.99999999999999
5992,61.811195,62.99999999999999
5993,63.15899,62.99999999999999
5994,62.93893,62.99999999999999
5995,63.19895,62.99999999999999
5996,63.06323,64.0
5997,63.98424,62.99999999999999
5998,62.80793,62.99999999999999
5999,63.05202,62.99999999999999
6000,63.33351,61.99999999999999
6001,62.321827,61.00000000000001
6002,61.40774,61.00000000000001
6003,61.403206,61.00000000000001
6004,61.23035,61.00000000000001
6005,61.222164,61.99999999999999
6006,62.14763,62.99999999999999
6007,63.27199,62.99999999999999
6008,63.266388,64.0
6009,64.252014,64.0
6010,64.24128,65.0
6011,65.16871,65.99999999999999
6012,66.12852,65.99999999999999
6013,66.04728,65.99999999999999
6014,66.35863,65.99999999999999
6015,66.03025,65.99999999999999
6016,65.76691,65.99999999999999
6017,65.99636,65.99999999999999
6018,65.6894,65.99999999999999
6019,65.80493,65.99999999999999
6020,65.67391,65.99999999999999
6021,65.71517,67.0
6022,66.87804,67.0
6023,67.09957,65.99999999999999
6024,66.40519,65.0
6025,65.34373,64.0
6026,63.394478,64.0
6027,62.69742,64.0
6028,63.243637,62.99999999999999
6029,61.8995,62.99999999999999
6030,63.06654,61.99999999999999
6031,62.210133,61.99999999999999
6032,62.10042,61.00000000000001
6033,61.0992,61.00000000000001
6034,61.067787,60.0
6035,60.15176,60.0
6036,60.169018,61.00000000000001
6037,61.399445,61.99999999999999
6038,62.636772,62.99999999999999
6039,63.26022,62.99999999999999
6040,63.373837,64.0
6041,64.65101,64.0
6042,64.067795,64.0
6043,63.80004,64.0
6044,63.62332,64.0
6045,63.587032,64.0
6046,64.3864,64.0
6047,64.44747,64.0
6048,64.26662,64.0
6049,63.623024,64.0
6050,64.14166,64.0
6051,64.21866,64.0
6052,64.16428,64.0
6053,64.40794,64.0
6054,64.40249,64.0
6055,64.32468,64.0
6056,64.17859,64.0
6057,64.22352,64.0
6058,64.10942,62.99999999999999
6059,63.10617,62.99999999999999
6060,63.158314,61.99999999999999
6061,62.179558,61.00000000000001
6062,61.266487,61.00000000000001
6063,60.979065,60.0
6064,59.83232,57.99999999999999
6065,57.95034,57.99999999999999
6066,58.08811,57.99999999999999
6067,57.982925,57.99999999999999
6068,58.151756,57.99999999999999
6069,57.848873,57.00000000000001
6070,56.959362,57.00000000000001
6071,57.213894,57.00000000000001
6072,57.401836,57.00000000000001
6073,57.438213,57.99999999999999
6074,58.555054,57.99999999999999
6075,58.205715,57.99999999999999
6076,57.871014,57.99999999999999
6077,58.476997,57.00000000000001
6078,57.052402,57.00000000000001
6079,57.003445,57.00000000000001
6080,57.066536,56.0
6081,56.04747,56.0
6082,55.87606,56.0
6083,56.078964,56.0
6084,56.215973,56.0
6085,56.336086,56.0
6086,56.390038,56.0
6087,56.438812,56.0
6088,56.239143,56.0
6089,56.24915,56.0
6090,56.344513,57.00000000000001
6091,57.423706,57.99999999999999
6092,58.59605,57.99999999999999
6093,58.145603,57.99999999999999
6094,57.896297,57.99999999999999
6095,57.79033,57.99999999999999
6096,58.17756,57.00000000000001
6097,57.169876,57.00000000000001
6098,57.206264,56.0
6099,56.1635,56.0
6100,55.874626,54.99999999999999
6101,54.89955,54.99999999999999
6102,54.952454,54.99999999999999
6103,54.896935,54.99999999999999
6104,55.022087,56.0
6105,56.00875,56.0
6106,56.05306,56.0
6107,56.14015,56.0
6108,56.05951,56.0
6109,56.08476,56.0
6110,56.20114,56.0
6111,56.28151,56.0
6112,56.324986,57.00000000000001
6113,57.55728,57.00000000000001
6114,57.096073,56.0
6115,56.172504,56.0
6116,56.12141,56.0
6117,56.031937,56.0
6118,56.029587,56.0
6119,56.1672,56.0
6120,56.230633,56.0
6121,56.322998,56.0
6122,56.308857,56.0
6123,56.352962,57.00000000000001
6124,56.9918,57.00000000000001
6125,56.977352,57.00000000000001
6126,57.049248,57.00000000000001
6127,57.210976,57.00000000000001
6128,57.121525,57.00000000000001
6129,57.112225,57.00000000000001
6130,57.150826,57.00000000000001
6131,56.97756,57.00000000000001
6132,57.26584,57.00000000000001
6133,57.22157,57.99999999999999
6134,58.57396,57.99999999999999
6135,58.113293,57.99999999999999
6136,57.678234,57.99999999999999
6137,58.15901,57.00000000000001
6138,56.91584,57.00000000000001
6139,57.079,56.0
6140,55.846294,57.00000000000001
6141,56.961407,57.00000000000001
6142,57.015892,57.00000000000001
6143,57.204178,57.00000000000001
6144,57.299885,57.00000000000001
6145,57.247715,57.00000000000001
6146,57.301373,57.00000000000001
6147,57.182365,57.99999999999999
6148,58.04606,57.99999999999999
6149,57.99816,57.99999999999999
6150,58.02275,57.99999999999999
6151,58.041363,57.99999999999999
6152,58.063282,57.99999999999999
6153,58.091793,57.99999999999999
6154,58.040855,57.99999999999999
6155,58.042576,58.99999999999999
6156,59.046844,57.99999999999999
6157,57.96034,57.00000000000001
6158,56.958908,57.00000000000001
6159,57.264973,57.00000000000001
6160,57.316746,57.00000000000001
6161,57.246597,57.00000000000001
6162,57.17753,57.00000000000001
6163,57.162132,57.99999999999999
6164,58.28802,57.99999999999999
6165,57.951653,57.99999999999999
6166,57.80154,57.99999999999999
6167,57.986977,57.00000000000001
6168,57.08641,57.00000000000001
6169,57.026558,57.00000000000001
6170,57.04808,57.00000000000001
6171,57.025536,57.00000000000001
6172,57.159775,57.00000000000001
6173,57.1611,57.99999999999999
6174,58.16747,57.99999999999999
6175,58.160404,57.99999999999999
6176,58.14264,57.99999999999999
6177,58.11743,58.99999999999999
6178,59.094326,57.99999999999999
6179,58.04908,57.99999999999999
6180,58.069607,57.99999999999999
6181,58.15162,60.0
6182,60.763382,61.00000000000001
6183,61.613174,61.00000000000001
6184,61.223858,61.99999999999999
6185,62.18244,61.99999999999999
6186,61.99407,61.99999999999999
6187,62.301712,61.99999999999999
6188,61.99773,61.99999999999999
6189,62.07531,61.99999999999999
6190,62.092228,61.99999999999999
6191,62.15446,61.99999999999999
6192,62.400406,61.99999999999999
6193,62.37724,61.99999999999999
6194,62.21004,62.99999999999999
6195,63.153263,62.99999999999999
6196,63.186386,62.99999999999999
6197,63.2311,61.99999999999999
6198,62.18175,61.99999999999999
6199,62.12157,61.99999999999999
6200,62.10016,61.99999999999999
6201,62.028496,61.99999999999999
6202,62.053055,61.99999999999999
6203,61.982704,61.99999999999999
6204,61.94259,61.99999999999999
6205,61.89519,58.99999999999999
6206,58.87633,57.99999999999999
6207,58.021553,57.99999999999999
6208,58.118546,57.00000000000001
6209,56.90997,57.00000000000001
6210,57.294743,57.00000000000001
6211,57.14334,57.00000000000001
6212,57.483776,57.00000000000001
6213,57.232887,57.00000000000001
6214,57.31421,57.00000000000001
6215,56.917862,57.00000000000001
6216,56.850822,57.00000000000001
6217,56.999233,56.0
6218,55.8256,56.0
6219,55.96077,54.99999999999999
6220,54.889137,54.0
6221,53.992588,54.0
6222,53.79904,53.00000000000001
6223,53.05134,53.00000000000001
6224,52.852074,53.00000000000001
6225,52.920956,52.0
6226,52.183773,52.0
6227,52.077744,53.00000000000001
6228,53.050552,53.00000000000001
6229,53.194996,54.0
6230,54.889286,54.0
6231,54.01416,54.0
6232,54.097565,54.99999999999999
6233,55.157322,54.99999999999999
6234,55.15942,54.99999999999999
6235,55.3263,54.99999999999999
6236,55.31449,54.99999999999999
6237,55.329464,54.99999999999999
6238,55.62465,56.0
6239,56.643936,57.00000000000001
6240,57.78974,58.99999999999999
6241,59.62797,60.0
6242,60.356422,61.00000000000001
6243,61.327953,61.99999999999999
6244,62.24794,62.99999999999999
6245,63.199673,64.0
6246,64.19389,64.0
6247,63.851795,65.0
6248,64.91122,65.0
6249,64.8529,65.0
6250,64.74261,65.0
6251,64.97179,65.99999999999999
6252,66.088295,65.99999999999999
6253,66.11244,65.0
6254,65.085526,65.99999999999999
6255,66.13748,67.0
6256,67.10174,67.0
6257,67.40482,68.0
6258,68.43114,69.0
6259,69.29874,69.0
6260,69.08911,69.0
6261,68.90881,68.0
6262,67.996895,67.0
6263,67.14079,65.99999999999999
6264,66.08794,65.0
6265,65.27773,64.0
6266,64.118164,62.99999999999999
6267,63.307697,56.0
6268,56.2539,57.00000000000001
6269,57.319916,57.99999999999999
6270,58.276928,58.99999999999999
6271,59.233734,60.0
6272,60.288788,61.00000000000001
6273,61.225185,61.00000000000001
6274,61.36329,61.99999999999999
6275,62.312244,62.99999999999999
6276,63.263165,65.0
6277,65.35956,65.99999999999999
6278,66.40199,67.0
6279,67.33727,67.0
6280,66.98077,68.0
6281,67.82986,68.0
6282,67.60225,68.0
6283,67.928215,69.0
6284,68.91881,69.0
6285,69.091705,69.99999999999999
6286,70.0259,71.0
6287,71.61885,73.0
6288,73.6739,76.0
6289,76.93661,79.0
6290,79.799736,82.00000000000001
6291,82.982574,57.99999999999999
6292,58.286983,57.00000000000001
6293,57.26461,57.00000000000001
6294,57.223057,56.0
6295,56.24928,57.00000000000001
6296,57.239975,57.00000000000001
6297,57.183506,57.00000000000001
6298,57.170464,57.00000000000001
6299,57.087288,57.99999999999999
6300,58.103184,57.99999999999999
6301,58.037968,57.99999999999999
6302,58.06746,57.99999999999999
6303,57.703365,57.99999999999999
6304,58.121662,57.99999999999999
6305,58.400127,57.00000000000001
6306,56.788704,57.00000000000001
6307,57.088024,57.99999999999999
6308,58.61391,57.99999999999999
6309,58.366787,57.99999999999999
6310,58.11825,57.99999999999999
6311,58.102505,57.00000000000001
6312,57.0596,57.00000000000001
6313,57.062626,56.0
6314,56.13412,54.99999999999999
6315,55.179367,52.0
6316,52.04571,52.0
6317,52.144295,52.0
6318,52.10436,52.0
6319,52.055622,52.0
6320,52.07938,52.0
6321,51.92816,52.0
6322,51.94783,50.99999999999999
6323,50.998627,50.99999999999999
6324,51.04483,50.0
6325,49.96593,50.0
6326,49.985317,50.99999999999999
6327,51.078144,50.99999999999999
6328,51.063793,50.99999999999999
6329,51.164734,50.99999999999999
6330,51.216755,52.0
6331,52.23312,50.99999999999999
6332,51.242977,50.0
6333,50.0481,46.99999999999999
6334,46.74034,46.0
6335,46.069702,46.0
6336,46.077667,46.99999999999999
6337,47.1561,46.0
6338,46.128994,46.99999999999999
6339,47.083103,87.0
6340,87.93606,87.0
6341,87.96166,88.0
6342,88.88878,89.0
6343,90.04537,89.0
6344,90.03613,89.0
6345,89.92789,90.00000000000001
6346,90.91035,90.00000000000001
6347,90.85479,90.00000000000001
6348,90.70703,90.00000000000001
6349,90.672905,90.00000000000001
6350,90.71675,90.00000000000001
6351,91.62435,91.0
6352,94.73573,92.0
6353,94.10311,92.0
6354,94.73441,92.0
6355,94.20688,92.0
6356,93.37897,92.0
6357,92.95618,92.0
6358,93.03544,92.0
6359,92.49017,92.0
6360,92.41092,91.0
6361,91.33575,91.0
6362,91.34422,90.00000000000001
6363,90.48036,74.00000000000001
6364,74.33322,74.00000000000001
6365,74.324234,74.00000000000001
6366,74.243675,74.00000000000001
6367,74.45858,73.0
6368,73.24409,73.0
6369,73.178986,73.0
6370,73.21033,72.0
6371,72.30477,72.0
6372,72.3173,71.0
6373,71.231,69.99999999999999
6374,70.188995,69.99999999999999
6375,70.03336,69.0
6376,68.95339,69.0
6377,69.15165,68.0
6378,68.09514,67.0
6379,67.39921,67.0
6380,67.29131,65.99999999999999
6381,66.18003,65.99999999999999
6382,66.30289,65.99999999999999
6383,66.37013,65.99999999999999
6384,66.31088,65.99999999999999
6385,66.21427,65.99999999999999
6386,66.28261,67.0
6387,67.03349,62.99999999999999
6388,63.22561,64.0
6389,64.26687,65.0
6390,65.217224,65.99999999999999
6391,66.19826,65.0
6392,64.68967,65.0
6393,64.84744,65.0
6394,64.79216,64.0
6395,63.917515,64.0
6396,64.08464,62.99999999999999
6397,63.054756,61.99999999999999
6398,62.266052,61.99999999999999
6399,61.72772,61.99999999999999
6400,61.964523,61.99999999999999
6401,62.27765,62.99999999999999
6402,63.239265,62.99999999999999
6403,63.319115,62.99999999999999
6404,63.09844,62.99999999999999
6405,63.172462,62.99999999999999
6406,63.044106,64.0
6407,64.372925,61.99999999999999
6408,62.24114,61.00000000000001
6409,60.831005,61.99999999999999
6410,62.387234,61.00000000000001
6411,61.144394,54.0
6412,54.230965,54.0
6413,54.317894,54.99999999999999
6414,55.19523,54.99999999999999
6415,55.18076,54.99999999999999
6416,55.154335,54.99999999999999
6417,55.154705,54.99999999999999
6418,55.12602,54.99999999999999
6419,55.182594,56.0
6420,56.249233,56.0
6421,56.14484,56.0
6422,56.129307,56.0
6423,55.944214,56.0
6424,55.975834,56.0
6425,55.986786,56.0
6426,55.855133,56.0
6427,56.055283,56.0
6428,56.09845,56.0
6429,56.072758,56.0
6430,55.975754,56.0
6431,56.186153,56.0
6432,56.308056,56.0
6433,56.17893,54.99999999999999
6434,55.191338,54.99999999999999
6435,55.261093,73.0
6436,73.42939,73.0
6437,73.33363,74.00000000000001
6438,74.39041,74.00000000000001
6439,74.512184,74.00000000000001
6440,74.416916,75.0
6441,75.42668,75.0
6442,75.36258,75.0
6443,75.35005,74.00000000000001
6444,74.41765,73.0
6445,73.08292,73.0
6446,73.009544,73.0
6447,73.01875,73.0
6448,72.814644,72.0
6449,71.98282,72.0
6450,71.880424,72.0
6451,71.68031,72.0
6452,71.731834,71.0
6453,70.88406,71.0
6454,70.84851,69.99999999999999
6455,69.833244,69.0
6456,68.95848,68.0
6457,68.02647,67.0
6458,67.15964,65.99999999999999
6459,66.12966,61.00000000000001
6460,61.348564,61.99999999999999
6461,62.19778,62.99999999999999
6462,63.32617,64.0
6463,64.35563,65.0
6464,65.38487,65.99999999999999
6465,66.27877,67.0
6466,67.29939,68.0
6467,68.29637,69.0
6468,69.345085,69.99999999999999
6469,70.29685,71.0
6470,71.06487,72.0
6471,72.16926,73.0
6472,73.346176,74.00000000000001
6473,74.704155,74.00000000000001
6474,74.71782,75.0
6475,75.59883,76.0
6476,76.57359,77.0
6477,77.24463,77.0
6478,77.19238,77.99999999999999
6479,78.562614,77.99999999999999
6480,78.28465,79.0
6481,79.26101,80.0
6482,80.23066,80.0
6483,79.99402,74.00000000000001
6484,74.71132,75.0
6485,75.54953,75.0
6486,75.44383,75.0
6487,75.52178,75.0
6488,75.50834,75.0
6489,75.444336,75.0
6490,75.40428,75.0
6491,75.541046,75.0
6492,75.45908,74.00000000000001
6493,74.337906,73.0
6494,73.41973,73.0
6495,73.17624,74.00000000000001
6496,74.69031,74.00000000000001
6497,74.95075,75.0
6498,75.85904,76.0
6499,77.23016,77.0
6500,78.22465,77.99999999999999
6501,79.43303,79.0
6502,80.0794,79.0
6503,79.384766,79.0
6504,79.58062,80.0
6505,80.3838,81.0
6506,81.75036,82.00000000000001
6507,82.87646,54.99999999999999
6508,54.885967,54.0
6509,54.099895,54.99999999999999
6510,55.10806,57.00000000000001
6511,57.57411,57.00000000000001
6512,56.780643,57.00000000000001
6513,56.984303,57.00000000000001
6514,56.749702,56.0
6515,56.05215,56.0
6516,56.01268,56.0
6517,55.985394,54.99999999999999
6518,54.95063,56.0
6519,55.98845,54.99999999999999
6520,54.92724,54.99999999999999
6521,54.902477,54.99999999999999
6522,55.211525,54.99999999999999
6523,54.898476,54.99999999999999
6524,54.88904,54.99999999999999
6525,54.92691,56.0
6526,56.223618,56.0
6527,56.173706,56.0
6528,56.233112,57.00000000000001
6529,57.232864,57.00000000000001
6530,57.233696,57.99999999999999
6531,58.33051,68.0
6532,68.288445,68.0
6533,68.24567,68.0
6534,68.23407,67.0
6535,67.15982,67.0
6536,67.10184,65.99999999999999
6537,66.06996,65.0
6538,65.07724,65.0
6539,65.19408,65.0
6540,65.17617,64.0
6541,64.10265,62.99999999999999
6542,63.37342,61.99999999999999
6543,62.20599,61.99999999999999
6544,62.326164,61.99999999999999
6545,62.41934,61.99999999999999
6546,62.118614,60.0
6547,60.103508,60.0
6548,60.1235,60.0
6549,60.042274,58.99999999999999
6550,59.17415,58.99999999999999
6551,59.32336,58.99999999999999
6552,59.155216,58.99999999999999
6553,59.08431,58.99999999999999
6554,59.096157,57.99999999999999
6555,58.077656,57.99999999999999
6556,58.093227,57.99999999999999
6557,58.030342,57.00000000000001
6558,57.1989,57.00000000000001
6559,57.18414,57.99999999999999
6560,58.342064,57.99999999999999
6561,58.268383,57.99999999999999
6562,58.261887,57.99999999999999
6563,58.252373,58.99999999999999
6564,59.268692,58.99999999999999
6565,59.150707,57.99999999999999
6566,58.06729,57.99999999999999
6567,58.034576,57.00000000000001
6568,57.165234,57.00000000000001
6569,57.20087,57.00000000000001
6570,57.342186,57.00000000000001
6571,57.337,57.99999999999999
6572,58.415596,57.99999999999999
6573,58.089794,57.99999999999999
6574,58.340767,58.99999999999999
6575,59.29198,58.99999999999999
6576,59.346657,58.99999999999999
6577,58.68357,58.99999999999999
6578,57.91136,60.0
6579,59.939507,60.0
6580,60.36614,61.00000000000001
6581,61.38211,61.00000000000001
6582,61.181744,61.00000000000001
6583,61.263336,61.00000000000001
6584,61.250675,61.00000000000001
6585,61.26971,61.00000000000001
6586,61.249126,61.00000000000001
6587,61.201416,61.00000000000001
6588,61.246506,61.99999999999999
6589,62.364788,61.99999999999999
6590,62.367516,61.99999999999999
6591,62.279877,62.99999999999999
6592,63.286865,62.99999999999999
6593,63.218513,62.99999999999999
6594,63.112827,62.99999999999999
6595,63.415398,62.99999999999999
6596,63.364193,64.0
6597,64.31691,64.0
6598,64.31999,64.0
6599,64.26457,64.0
6600,64.190315,65.0
6601,65.48614,65.0
6602,65.44731,65.0
6603,65.38351,64.0
6604,64.290184,64.0
6605,64.27508,65.0
6606,65.21059,65.0
6607,65.232254,64.0
6608,64.21121,64.0
6609,64.234535,64.0
6610,64.218994,64.0
6611,64.240234,62.99999999999999
6612,63.109707,62.99999999999999
6613,63.128223,61.99999999999999
6614,61.870087,61.00000000000001
6615,61.012318,61.00000000000001
6616,61.04303,61.00000000000001
6617,61.13225,61.00000000000001
6618,61.195103,60.0
6619,60.44412,60.0
6620,60.44235,60.0
6621,60.161213,60.0
6622,60.24357,60.0
6623,60.31283,60.0
6624,60.293625,58.99999999999999
6625,58.425396,58.99999999999999
6626,57.93701,58.99999999999999
6627,59.34163,58.99999999999999
6628,59.418285,58.99999999999999
6629,59.226418,60.0
6630,60.3761,60.0
6631,60.425423,60.0
6632,60.319614,61.00000000000001
6633,61.339813,61.00000000000001
6634,61.217476,61.00000000000001
6635,61.241306,61.00000000000001
6636,61.29206,61.99999999999999
6637,62.52626,62.99999999999999
6638,63.440746,64.0
6639,64.31129,65.0
6640,65.32285,65.0
6641,65.278915,65.0
6642,65.1909,65.0
6643,65.11218,65.0
6644,65.30518,65.99999999999999
6645,66.36735,65.99999999999999
6646,66.35996,67.0
6647,67.596985,67.0
6648,67.20639,65.99999999999999
6649,66.128105,65.99999999999999
6650,66.159294,65.99999999999999
6651,66.28487,65.0
6652,65.26014,64.0
6653,64.20777,64.0
6654,64.265884,64.0
6655,64.231155,64.0
6656,64.22552,64.0
6657,64.21857,64.0
6658,64.21503,64.0
6659,64.19104,64.0
6660,64.295715,62.99999999999999
6661,63.06223,62.99999999999999
6662,63.001125,61.99999999999999
6663,62.26953,61.99999999999999
6664,62.08831,61.99999999999999
6665,62.066345,61.00000000000001
6666,61.18179,61.00000000000001
6667,61.136776,61.00000000000001
6668,61.08007,61.00000000000001
6669,60.931973,61.00000000000001
6670,60.996407,60.0
6671,60.007874,60.0
6672,59.999264,60.0
6673,60.140186,61.99999999999999
6674,62.315426,61.99999999999999
6675,62.16827,61.99999999999999
6676,62.103767,62.99999999999999
6677,63.15996,62.99999999999999
6678,63.13183,61.99999999999999
6679,62.085274,61.99999999999999
6680,62.035965,61.99999999999999
6681,62.131966,61.99999999999999
6682,62.165558,61.00000000000001
6683,61.15203,60.0
6684,60.21646,60.0
6685,60.0256,58.99999999999999
6686,58.03747,58.99999999999999
6687,58.905754,58.99999999999999
6688,58.97913,58.99999999999999
6689,59.007298,58.99999999999999
6690,59.59784,60.0
6691,60.533302,60.0
6692,61.112434,61.00000000000001
6693,61.418427,61.00000000000001
6694,61.3979,61.00000000000001
6695,61.133587,61.00000000000001
6696,61.27857,60.0
6697,60.17463,58.99999999999999
6698,59.204483,57.99999999999999
6699,58.307728,57.99999999999999
6700,58.1496,57.00000000000001
6701,57.191597,57.00000000000001
6702,57.16218,57.00000000000001
6703,57.262543,57.00000000000001
6704,57.3553,57.00000000000001
6705,57.33646,57.00000000000001
6706,57.37234,57.99999999999999
6707,58.372562,57.99999999999999
6708,58.36309,57.99999999999999
6709,58.404613,58.99999999999999
6710,59.409542,60.0
6711,60.197754,60.0
6712,59.929337,60.0
6713,59.933796,60.0
6714,60.347977,60.0
6715,60.140736,58.99999999999999
6716,59.131584,57.99999999999999
6717,58.06088,57.99999999999999
6718,58.120148,57.99999999999999
6719,58.21076,57.99999999999999
6720,58.12166,57.99999999999999
6721,58.28035,57.99999999999999
6722,58.102943,58.99999999999999
6723,59.35469,60.0
6724,60.341156,60.0
6725,60.25968,61.00000000000001
6726,61.283333,61.00000000000001
6727,61.101,61.00000000000001
6728,61.331882,61.00000000000001
6729,61.316162,61.00000000000001
6730,61.29975,61.00000000000001
6731,61.248695,61.00000000000001
6732,61.28364,61.00000000000001
6733,61.222107,61.00000000000001
6734,61.277534,61.00000000000001
6735,61.10498,61.00000000000001
6736,61.369457,61.00000000000001
6737,61.18804,61.00000000000001
6738,61.491035,61.00000000000001
6739,61.190727,61.00000000000001
6740,61.1719,61.00000000000001
6741,61.108044,61.99999999999999
6742,62.265747,61.99999999999999
6743,62.227314,61.99999999999999
6744,62.20787,61.99999999999999
6745,62.228893,61.99999999999999
6746,61.90407,61.99999999999999
6747,62.42757,61.99999999999999
6748,62.597496,62.99999999999999
6749,63.622723,64.0
6750,64.49861,64.0
6751,64.460365,64.0
6752,64.45233,65.0
6753,65.41714,65.0
6754,65.43648,65.0
6755,65.30664,65.99999999999999
6756,66.32077,65.99999999999999
6757,66.24924,65.99999999999999
6758,66.18149,67.0
6759,67.543434,67.0
6760,67.33467,67.0
6761,66.98664,67.0
6762,67.26357,67.0
6763,67.57653,68.0
6764,68.43851,68.0
6765,68.15489,68.0
6766,68.04889,68.0
6767,68.35111,69.0
6768,69.37606,69.0
6769,69.28395,69.0
6770,69.28382,69.0
6771,69.44469,69.0
6772,69.42807,69.0
6773,69.42646,68.0
6774,68.28617,68.0
6775,68.22857,68.0
6776,68.20976,68.0
6777,68.375755,67.0
6778,67.36746,67.0
6779,67.40048,68.0
6780,68.39763,68.0
6781,68.32488,68.0
6782,68.55438,68.0
6783,68.323006,68.0
6784,67.94552,68.0
6785,67.860695,68.0
6786,68.047554,67.0
6787,67.15869,67.0
6788,67.02417,67.0
6789,67.01753,67.0
6790,67.205055,67.0
6791,67.36804,67.0
6792,67.356415,67.0
6793,67.264656,67.0
6794,67.47326,67.0
6795,67.403206,67.0
6796,67.55495,67.0
6797,67.34841,67.0
6798,67.533745,67.0
6799,67.58137,67.0
6800,67.332695,67.0
6801,67.29494,67.0
6802,67.3239,67.0
6803,67.33813,67.0
6804,67.38957,67.0
6805,67.47273,67.0
6806,67.55374,67.0
6807,67.21632,67.0
6808,66.666374,67.0
6809,66.69931,67.0
6810,67.33749,67.0
6811,67.11467,67.0
6812,67.366264,67.0
6813,66.99145,67.0
6814,67.17278,67.0
6815,66.99453,65.99999999999999
6816,66.093414,65.0
6817,65.16866,65.0
6818,65.29557,64.0
6819,64.193085,62.99999999999999
6820,63.103542,61.99999999999999
6821,62.061985,61.99999999999999
6822,62.120716,61.00000000000001
6823,61.107544,60.0
6824,59.994152,60.0
6825,60.138138,58.99999999999999
6826,59.199608,58.99999999999999
6827,59.17822,57.99999999999999
6828,58.12201,57.00000000000001
6829,57.083282,56.0
6830,56.049637,56.0
6831,55.927917,56.0
6832,56.044254,56.0
6833,55.957684,54.99999999999999
6834,54.743355,54.0
6835,53.7947,54.0
6836,54.029045,54.0
6837,53.982006,54.0
6838,54.07652,54.0
6839,54.097828,54.0
6840,54.55203,54.99999999999999
6841,55.308273,54.99999999999999
6842,55.270355,56.0
6843,56.210815,57.00000000000001
6844,57.068893,57.00000000000001
6845,57.05185,57.00000000000001
6846,57.05841,57.00000000000001
6847,56.970356,56.0
6848,56.003338,56.0
6849,55.957363,56.0
6850,56.06714,54.99999999999999
6851,55.048363,54.99999999999999
6852,55.054623,54.99999999999999
6853,55.0251,54.99999999999999
6854,55.062527,54.99999999999999
6855,55.18418,54.99999999999999
6856,55.077374,54.99999999999999
6857,55.195724,56.0
6858,56.055946,56.0
6859,56.13677,57.00000000000001
6860,57.05077,57.00000000000001
6861,57.008503,57.00000000000001
6862,57.059986,57.00000000000001
6863,57.184097,56.0
6864,56.081676,56.0
6865,56.544205,56.0
6866,56.27998,56.0
6867,56.246635,57.00000000000001
6868,57.27115,57.00000000000001
6869,57.24837,57.99999999999999
6870,58.228466,58.99999999999999
6871,59.127655,58.99999999999999
6872,59.078407,60.0
6873,60.10558,60.0
6874,60.087437,60.0
6875,60.215126,61.00000000000001
6876,61.188717,61.00000000000001
6877,61.144432,61.00000000000001
6878,61.17901,61.99999999999999
6879,62.23053,61.99999999999999
6880,62.331066,61.99999999999999
6881,62.087524,61.99999999999999
6882,62.248714,61.99999999999999
6883,61.998363,61.99999999999999
6884,62.268456,61.99999999999999
6885,62.327843,61.99999999999999
6886,62.120598,61.00000000000001
6887,61.066128,61.00000000000001
6888,61.37845,61.00000000000001
6889,61.274616,61.00000000000001
6890,61.39368,60.0
6891,60.336597,58.99999999999999
6892,59.29928,58.99999999999999
6893,59.377518,57.99999999999999
6894,58.308407,57.99999999999999
6895,58.215553,57.99999999999999
6896,58.189667,58.99999999999999
6897,59.177467,58.99999999999999
6898,59.18598,58.99999999999999
6899,59.19427,57.99999999999999
6900,58.18913,58.99999999999999
6901,59.264053,58.99999999999999
6902,59.432938,58.99999999999999
6903,59.139404,58.99999999999999
6904,59.201572,58.99999999999999
6905,59.16198,57.99999999999999
6906,58.41891,58.99999999999999
6907,59.22807,58.99999999999999
6908,59.04452,57.99999999999999
6909,57.628357,57.99999999999999
6910,58.11914,57.99999999999999
6911,58.08156,57.99999999999999
6912,58.067314,57.99999999999999
6913,58.113213,57.99999999999999
6914,58.103115,57.99999999999999
6915,58.195686,57.99999999999999
6916,58.200455,57.99999999999999
6917,58.21519,58.99999999999999
6918,59.180943,57.99999999999999
6919,58.156178,57.99999999999999
6920,58.19041,57.99999999999999
6921,58.149292,57.99999999999999
6922,58.23486,58.99999999999999
6923,59.205925,57.99999999999999
6924,58.09474,57.99999999999999
6925,58.154022,57.99999999999999
6926,58.285587,58.99999999999999
6927,59.26763,58.99999999999999
6928,59.17293,58.99999999999999
6929,59.249626,58.99999999999999
6930,58.985523,58.99999999999999
6931,59.18316,58.99999999999999
6932,59.449776,60.0
6933,60.0512,60.0
6934,60.08331,61.00000000000001
6935,61.405746,61.00000000000001
6936,61.25317,61.00000000000001
6937,61.153988,60.0
6938,60.054173,60.0
6939,59.99674,58.99999999999999
6940,59.070133,58.99999999999999
6941,59.004642,58.99999999999999
6942,59.158157,58.99999999999999
6943,59.08883,58.99999999999999
6944,59.05295,57.99999999999999
6945,58.10276,57.99999999999999
6946,58.178967,57.00000000000001
6947,57.209538,57.00000000000001
6948,57.036976,57.00000000000001
6949,57.030525,56.0
6950,56.090202,56.0
6951,56.209717,54.99999999999999
6952,55.289234,54.99999999999999
6953,55.279766,56.0
6954,56.259937,54.99999999999999
6955,54.88753,54.99999999999999
6956,55.471916,54.99999999999999
6957,55.19191,54.99999999999999
6958,55.004715,54.99999999999999
6959,55.060448,54.0
6960,54.124878,54.0
6961,53.91821,54.0
6962,54.05854,54.0
6963,54.14761,54.0
6964,54.199966,54.0
6965,54.047188,54.0
6966,54.10534,54.0
6967,54.099754,54.0
6968,54.149895,54.0
6969,54.166405,54.0
6970,54.128376,54.0
6971,54.1947,54.0
6972,54.20612,54.99999999999999
6973,55.063564,56.0
6974,56.397312,54.99999999999999
6975,54.982063,56.0
6976,56.157494,56.0
6977,56.053776,56.0
6978,56.01881,56.0
6979,56.53686,56.0
6980,56.169056,56.0
6981,55.99571,56.0
6982,56.048923,56.0
6983,56.116657,57.00000000000001
6984,57.188103,57.00000000000001
6985,57.193993,57.00000000000001
6986,57.13334,57.00000000000001
6987,57.17077,57.00000000000001
6988,57.04994,57.99999999999999
6989,57.75138,57.99999999999999
6990,58.034748,57.99999999999999
6991,58.140556,57.99999999999999
6992,58.117107,57.99999999999999
6993,58.12174,57.99999999999999
6994,58.10147,57.99999999999999
6995,58.148613,57.99999999999999
6996,58.13611,58.99999999999999
6997,59.13892,57.99999999999999
6998,58.11917,57.99999999999999
6999,58.302715,57.99999999999999
7000,58.258884,57.99999999999999
7001,58.225117,57.99999999999999
7002,58.279633,57.99999999999999
7003,58.400063,57.99999999999999
7004,58.116863,58.99999999999999
7005,59.27582,58.99999999999999
7006,59.21485,58.99999999999999
7007,59.27266,60.0
7008,60.151466,60.0
7009,60.161568,60.0
7010,60.16736,60.0
