,prediction,actual
0,65.035446,63.0
1,64.73364,64.0
2,64.690544,63.0
3,64.50649,63.0
4,64.33202,63.0
5,64.22654,63.0
6,64.05244,61.99999999999999
7,63.92341,61.99999999999999
8,63.821655,61.99999999999999
9,63.68544,61.99999999999999
10,63.597317,61.99999999999999
11,63.53209,61.99999999999999
12,63.462933,63.0
13,63.295753,64.0
14,63.325397,63.0
15,63.242493,63.0
16,63.23809,61.99999999999999
17,63.05703,61.99999999999999
18,62.795918,61.99999999999999
19,62.669144,63.0
20,62.7068,63.0
21,62.462666,65.0
22,63.025837,65.0
23,63.257828,65.0
24,63.300446,65.0
25,63.402096,66.0
26,63.488106,67.0
27,63.621094,67.0
28,63.680588,66.0
29,63.627316,66.0
30,63.532757,66.0
31,63.372494,66.0
32,63.28793,66.0
33,63.193794,66.0
34,63.131386,66.0
35,63.103878,66.0
36,63.032757,65.0
37,62.79759,63.0
38,62.647625,63.0
39,62.587265,63.0
40,62.458736,63.0
41,62.300518,63.0
42,62.389805,64.0
43,62.600792,64.0
44,62.910927,64.0
45,63.18391,63.0
46,63.15412,63.0
47,63.19767,63.0
48,63.23692,64.0
49,63.243374,64.0
50,63.334335,65.0
51,63.41518,65.0
52,63.314495,66.0
53,63.24849,66.0
54,63.200653,66.0
55,63.17469,67.0
56,63.192684,67.0
57,63.19191,67.0
58,63.152027,67.0
59,63.10953,67.0
60,63.050484,68.0
61,62.901314,69.0
62,62.953342,69.0
63,63.025295,69.0
64,62.9438,69.0
65,62.760395,69.0
66,62.818203,69.0
67,62.827965,68.0
68,62.763508,68.0
69,63.103085,68.0
70,63.148216,68.0
71,62.8256,69.0
72,62.750328,69.0
73,62.661446,67.0
74,62.37509,65.0
75,62.14984,64.0
76,61.914356,63.0
77,61.7113,64.0
78,61.695393,64.0
79,61.633503,64.0
80,61.56667,64.0
81,61.557003,64.0
82,61.528652,65.0
83,61.573727,65.0
84,61.595375,64.0
85,61.47591,61.99999999999999
86,61.251656,63.0
87,61.297184,63.0
88,61.41317,64.0
89,61.539658,64.0
90,61.759193,64.0
91,61.894657,64.0
92,61.950996,64.0
93,62.181705,64.0
94,62.174477,63.0
95,61.985386,61.99999999999999
96,61.714607,63.0
97,61.691307,64.0
98,61.5394,66.0
99,61.520874,66.0
100,61.32589,67.0
101,61.363777,67.0
102,61.438046,67.0
103,61.493034,66.0
104,61.446945,66.0
105,61.432266,66.0
106,61.39237,66.0
107,61.391705,66.0
108,61.353252,66.0
109,61.20335,66.0
110,61.042866,66.0
111,61.13383,66.0
112,61.018665,66.0
113,61.031536,66.0
114,60.953293,65.0
115,60.867504,65.0
116,60.62349,64.0
117,60.332485,65.0
118,60.521603,67.0
119,60.622585,67.0
120,60.709354,66.0
121,60.809944,68.0
122,61.034454,67.0
123,61.101673,69.0
124,61.09647,68.0
125,61.011124,68.0
126,60.99739,68.0
127,60.999084,69.0
128,61.093895,69.0
129,61.115177,69.0
130,61.166058,69.0
131,61.26897,68.0
132,61.119427,70.0
133,61.106068,70.0
134,60.927925,71.0
135,61.06374,71.0
136,61.05,71.0
137,61.000114,71.0
138,61.004,72.0
139,60.9418,73.0
140,61.4091,74.0
141,61.316074,73.0
142,61.177937,72.0
143,61.06343,72.0
144,60.98184,72.0
145,60.88805,71.0
146,60.775307,70.0
147,60.689972,68.0
148,60.517536,68.0
149,60.38378,67.0
150,60.102436,67.0
151,59.943413,66.0
152,59.829163,66.0
153,59.74627,66.0
154,59.73056,65.0
155,59.714657,67.0
156,59.65846,66.0
157,59.46435,67.0
158,59.34749,66.0
159,59.263145,65.0
160,59.122196,66.0
161,59.200764,66.0
162,59.25942,67.0
163,59.487923,66.0
164,59.498554,66.0
165,59.390022,66.0
166,59.464825,67.0
167,59.510433,67.0
168,59.38861,67.0
169,59.401268,67.0
170,59.295994,68.0
171,59.12337,69.0
172,59.01517,70.0
173,58.921886,71.0
174,58.825478,71.0
175,58.755558,71.0
176,58.684593,71.0
177,58.626026,71.0
178,58.60826,72.0
179,58.6521,70.0
180,58.553173,72.0
181,58.501747,70.0
182,58.33849,72.0
183,58.515026,73.0
184,58.7703,72.0
185,58.873672,72.0
186,58.976913,72.0
187,59.171036,72.0
188,59.210964,73.0
189,59.308704,72.0
190,59.315414,71.0
191,59.430256,72.0
192,59.461823,71.0
193,59.190308,70.0
194,59.044857,69.0
195,58.850002,69.0
196,58.6131,69.0
197,58.409786,69.0
198,58.18931,69.0
199,57.934147,69.0
200,57.72514,69.0
201,57.555763,69.0
202,57.422615,69.0
203,57.36851,69.0
204,57.278744,68.0
205,57.183964,70.0
206,57.000023,70.0
207,56.796738,70.0
208,56.837566,70.0
209,56.83664,70.0
210,56.870586,71.0
211,57.0882,71.0
212,57.13668,71.0
213,57.1944,71.0
214,57.24535,69.0
215,57.06318,70.0
216,57.08027,70.0
217,56.95231,71.0
218,56.866226,71.0
219,56.70499,71.0
220,56.525482,70.0
221,56.365967,70.0
222,56.22706,71.0
223,56.16399,71.0
224,56.07908,70.0
225,55.9869,70.0
226,55.94981,69.0
227,55.915676,70.0
228,55.881744,69.0
229,55.745193,68.0
230,55.53579,67.0
231,55.40839,67.0
232,55.36823,67.0
233,55.644592,66.0
234,55.778526,66.0
235,55.968067,65.0
236,55.92619,65.0
237,55.885124,65.0
238,55.85017,66.0
239,55.806084,65.0
240,55.617283,65.0
241,55.51801,64.0
242,55.396595,65.0
243,55.23298,65.0
244,54.988804,65.0
245,54.82491,66.0
246,54.687134,66.0
247,54.517765,67.0
248,54.36252,67.0
249,54.22698,67.0
250,54.140644,67.0
251,54.064228,66.0
252,53.963524,68.0
253,53.87855,67.0
254,53.74995,67.0
255,53.737453,67.0
256,53.64269,65.0
257,53.641434,65.0
258,53.682377,64.0
259,53.676422,64.0
260,53.677498,63.0
261,53.595238,63.0
262,53.431107,63.0
263,53.381283,63.0
264,53.2552,63.0
265,53.082886,63.0
266,52.949657,61.99999999999999
267,52.8218,61.99999999999999
268,52.694252,61.0
269,52.543625,60.0
270,52.406612,60.0
271,52.27285,59.0
272,52.217545,59.0
273,52.10327,58.0
274,52.02152,58.0
275,52.02434,59.0
276,52.018894,58.0
277,52.073196,58.0
278,52.145554,58.0
279,52.242126,58.0
280,52.37545,60.0
281,52.517677,60.0
282,52.679825,61.0
283,52.637096,61.0
284,52.811806,61.0
285,53.012825,63.0
286,53.381298,108.99999999999999
287,53.40055,101.0
288,53.588146,90.0
289,53.240707,77.0
290,53.318016,63.0
291,53.340576,61.99999999999999
292,53.016155,61.99999999999999
293,52.926327,63.0
294,52.839832,61.99999999999999
295,52.73964,61.99999999999999
296,52.63967,61.99999999999999
297,52.588203,61.99999999999999
298,52.586754,64.0
299,52.66925,64.0
300,52.612846,63.0
301,52.47436,63.0
302,52.2197,63.0
303,52.15714,63.0
304,52.276226,63.0
305,52.493496,63.0
306,52.75424,63.0
307,53.06358,63.0
308,53.15917,63.0
309,53.43513,63.0
310,53.55566,64.0
311,53.8809,63.0
312,53.916615,66.0
313,53.996788,67.0
314,53.84047,68.0
315,53.61853,68.0
316,53.460293,68.0
317,53.36497,68.0
318,53.353245,70.0
319,53.320232,71.0
320,53.302715,72.0
321,53.248055,72.0
322,53.19299,72.0
323,53.148895,73.0
324,53.05922,73.0
325,52.96795,74.0
326,52.884327,74.0
327,52.666695,73.0
328,52.63238,73.0
329,52.504112,73.0
330,52.673508,73.0
331,52.663216,72.0
332,52.581787,73.0
333,53.11194,72.0
334,52.937817,71.0
335,52.85836,71.0
336,52.95858,71.0
337,53.16284,69.0
338,52.917236,68.0
339,52.81442,69.0
340,52.737534,69.0
341,52.5965,70.0
342,52.44383,70.0
343,52.251003,69.0
344,52.0845,69.0
345,51.92167,69.0
346,51.707916,68.0
347,51.50906,68.0
348,51.326355,70.0
349,51.221275,69.0
350,50.73656,71.0
351,50.819427,72.0
352,50.905067,72.0
353,51.068027,71.0
354,51.147903,72.0
355,51.454014,72.0
356,51.813313,72.0
357,52.012142,87.0
358,52.509827,111.0
359,52.75907,119.0
360,53.083992,114.0
361,53.0884,101.0
362,53.0601,77.0
363,52.888313,77.0
364,52.83627,77.0
365,52.805542,78.0
366,52.779922,78.0
367,52.74478,77.0
368,52.634563,76.0
369,52.520344,76.0
370,52.417797,76.0
371,52.318035,75.0
372,52.197033,73.0
373,52.02604,73.0
374,51.83316,72.0
375,51.79982,72.0
376,51.82647,72.0
377,51.98952,73.0
378,52.277534,73.0
379,52.513725,73.0
380,52.88251,74.0
381,53.18915,74.0
382,53.370945,84.0
383,53.6074,87.0
384,53.799095,84.0
385,54.019047,72.0
386,54.1152,73.0
387,54.14946,72.0
388,54.065334,72.0
389,53.97078,71.0
390,53.87851,70.0
391,53.73188,71.0
392,53.631508,72.0
393,53.515213,72.0
394,53.40298,72.0
395,53.293816,73.0
396,53.166172,75.0
397,53.004078,74.0
398,52.778778,74.0
399,52.85144,74.0
400,52.883396,73.0
401,52.97463,73.0
402,53.23228,73.0
403,53.527317,73.0
404,53.84826,72.0
405,54.0674,73.0
406,54.373222,72.0
407,54.400978,71.0
408,54.4384,72.0
409,54.54867,73.0
410,54.590626,74.0
411,54.55545,74.0
412,54.47031,63.0
413,54.450222,61.99999999999999
414,54.353134,61.0
415,54.245865,60.0
416,54.103134,59.0
417,53.99432,59.0
418,53.8659,58.0
419,53.77211,57.0
420,53.67003,57.0
421,53.559772,57.0
422,53.404476,56.0
423,53.00173,55.0
424,52.76306,54.0
425,52.41774,53.0
426,52.11897,53.0
427,52.08404,54.0
428,51.965042,54.0
429,51.954323,54.0
430,52.21721,54.0
431,52.19682,55.0
432,52.168232,54.0
433,51.956142,54.0
434,51.837643,54.0
435,51.681778,54.0
436,51.54579,57.0
437,51.36379,57.0
438,51.2634,57.0
439,51.237225,56.0
440,51.19271,56.0
441,51.109432,56.0
442,51.01516,55.0
443,50.94819,55.0
444,50.910137,55.0
445,50.839283,54.0
446,50.674522,54.0
447,50.38778,55.0
448,50.176956,55.0
449,49.791065,55.0
450,49.50901,55.0
451,49.09562,54.0
452,49.05239,54.0
453,48.836,54.0
454,49.310307,56.0
455,49.990513,56.0
456,49.94189,55.0
457,49.62284,55.0
458,49.309383,55.0
459,49.024773,55.0
460,48.945774,46.99999999999999
461,48.952675,46.0
462,48.78804,44.0
463,48.696167,41.0
464,48.652622,41.0
465,48.645103,40.0
466,48.538467,39.0
467,48.504818,38.0
468,48.49206,38.0
469,48.484478,38.0
470,48.463215,38.0
471,48.49915,37.0
472,48.450096,37.0
473,48.345703,38.0
474,48.168083,39.0
475,48.052025,40.0
476,47.93205,42.0
477,47.91687,43.0
478,47.821625,44.0
479,47.642006,43.0
480,47.36424,45.0
481,47.16117,45.0
482,47.070507,45.0
483,46.973164,46.99999999999999
484,47.105133,63.0
485,47.140743,63.0
486,47.170235,65.0
487,47.04112,66.0
488,47.017784,67.0
489,47.035007,67.0
490,47.13319,68.0
491,47.218483,67.0
492,47.08979,67.0
493,47.0723,68.0
494,47.110867,70.0
495,47.126415,69.0
496,47.32012,69.0
497,47.522976,69.0
498,47.54099,69.0
499,47.82858,69.0
500,48.280254,69.0
501,48.713963,70.0
502,49.02983,70.0
503,49.26642,69.0
504,49.353428,70.0
505,49.50507,68.0
506,49.477528,67.0
507,49.40722,67.0
508,49.21739,60.0
509,49.143227,60.0
510,48.99614,59.0
511,48.818207,59.0
512,48.64053,58.0
513,48.531475,59.0
514,48.4047,58.0
515,48.286697,58.0
516,48.21269,57.0
517,48.102043,57.0
518,48.00801,56.0
519,47.79674,56.0
520,47.613724,56.0
521,47.577057,56.0
522,47.688923,56.0
523,47.835407,55.0
524,48.029594,54.0
525,48.403824,54.0
526,48.55912,54.0
527,48.622204,53.0
528,48.682434,53.0
529,48.684208,54.0
530,48.513107,55.0
531,48.323128,56.0
532,48.144558,73.0
533,47.74536,73.0
534,47.463818,74.0
535,47.226406,75.0
536,46.97505,75.0
537,47.08885,75.0
538,47.01438,74.0
539,47.022614,74.0
540,46.96845,73.0
541,47.018463,72.0
542,46.96606,72.0
543,47.013664,72.0
544,47.029263,71.0
545,47.12146,71.0
546,47.120197,70.0
547,47.298378,69.0
548,47.328568,69.0
549,47.579052,67.0
550,47.731976,67.0
551,48.160904,65.0
552,48.046555,64.0
553,47.892403,63.0
554,47.73537,61.99999999999999
555,47.41374,60.0
556,47.146477,57.0
557,47.11428,57.0
558,47.042225,57.0
559,46.985798,57.0
560,46.939507,57.0
561,46.87806,57.0
562,46.8178,56.0
563,46.804813,57.0
564,46.797604,57.0
565,46.787697,57.0
566,46.69282,58.0
567,46.484806,58.0
568,46.54246,58.0
569,46.536434,59.0
570,46.720272,59.0
571,46.930412,59.0
572,47.16493,60.0
573,47.501286,59.0
574,47.565136,59.0
575,47.601658,59.0
576,47.716248,59.0
577,47.60071,58.0
578,47.425518,58.0
579,47.41908,58.0
580,47.47364,55.0
581,47.4425,55.0
582,47.54643,56.0
583,47.805763,56.0
584,47.84821,56.0
585,47.952084,56.0
586,47.989063,56.0
587,48.036434,56.0
588,48.08916,56.0
589,48.076874,56.0
590,48.01949,55.0
591,47.966957,55.0
592,47.842888,55.0
593,47.84513,56.0
594,47.87602,55.0
595,47.73248,55.0
596,47.671467,56.0
597,47.61836,55.0
598,47.599464,55.0
599,47.49061,55.0
600,47.34625,54.0
601,47.156075,54.0
602,46.98193,54.0
603,46.79585,54.0
604,46.736156,139.0
605,46.521,137.0
606,46.342705,136.0
607,46.209225,138.0
608,46.11307,138.0
609,45.99826,136.0
610,46.09685,127.0
611,46.252518,113.0
612,46.346367,103.0
613,46.30861,99.0
614,46.232388,98.0
615,46.20562,98.0
616,46.471813,97.0
617,46.847897,96.0
618,47.149406,96.0
619,47.20956,95.0
620,47.99667,93.99999999999999
621,48.401665,93.99999999999999
622,48.910122,93.99999999999999
623,49.05404,93.99999999999999
624,49.059803,93.0
625,49.49815,92.0
626,49.73593,91.0
627,49.745434,90.0
628,49.618732,143.0
629,49.538345,132.0
630,49.411915,118.0
631,49.41755,105.0
632,49.331005,99.0
633,49.246624,97.0
634,49.156265,96.0
635,49.03122,93.99999999999999
636,48.857,92.0
637,48.715416,89.0
638,48.74533,87.0
639,48.549614,86.0
640,48.46176,86.0
641,48.679626,86.0
642,49.27803,86.0
643,49.97866,85.0
644,50.57056,85.0
645,51.094757,85.0
646,51.22877,86.0
647,51.21399,86.0
648,51.181175,86.0
649,51.117607,87.0
650,50.945526,88.0
651,50.704178,88.0
652,50.50072,69.0
653,50.38141,70.0
654,50.223965,70.0
655,50.05399,71.0
656,49.86972,71.0
657,49.719704,71.0
658,49.65975,71.0
659,49.567314,72.0
660,49.51934,72.0
661,49.436382,72.0
662,49.3339,72.0
663,49.277523,72.0
664,49.302555,72.0
665,49.730663,72.0
666,50.1981,71.0
667,50.632706,71.0
668,51.20758,70.0
669,51.36363,70.0
670,51.649876,70.0
671,52.04347,70.0
672,52.146255,70.0
673,52.150913,70.0
674,52.056133,71.0
675,51.99212,72.0
676,51.815277,57.0
677,51.617477,56.0
678,51.413475,56.0
679,51.263763,56.0
680,51.164448,55.0
681,51.037148,54.0
682,50.924454,54.0
683,50.77629,53.0
684,50.67655,53.0
685,50.54566,53.0
686,50.376873,52.0
687,50.373985,53.0
688,50.480053,53.0
689,50.55278,53.0
690,50.672867,54.0
691,50.74225,53.0
692,50.571827,53.0
693,50.44408,53.0
694,50.66435,53.0
695,50.87665,53.0
696,50.5951,52.0
697,50.40893,52.0
698,50.210415,52.0
699,49.926178,50.0
700,49.69004,86.0
701,49.73574,86.0
702,49.64581,86.0
703,49.55608,86.0
704,49.310253,86.0
705,49.029774,87.0
706,48.797142,85.0
707,48.552246,86.0
708,48.33528,86.0
709,48.14315,87.0
710,47.864895,87.0
711,47.869892,86.0
712,48.00983,85.0
713,48.250618,85.0
714,48.85127,85.0
715,49.64427,85.0
716,50.193462,86.0
717,50.678337,86.0
718,51.339203,87.0
719,51.82786,86.0
720,51.886295,86.0
721,51.99305,86.0
722,52.22872,86.0
723,52.30074,86.0
724,52.168625,86.0
725,52.02096,87.0
726,51.806324,87.0
727,51.459133,87.0
728,51.209694,88.0
729,51.0423,89.0
730,50.84492,89.0
731,50.658855,90.0
732,50.44553,91.0
733,50.22068,91.0
734,49.996902,91.0
735,50.179317,92.0
736,50.599625,93.99999999999999
737,51.11007,93.99999999999999
738,51.734917,95.0
739,51.850876,96.0
740,51.66974,96.0
741,52.477783,97.0
742,53.0747,97.0
743,53.731487,99.0
744,54.200737,99.0
745,54.452633,104.0
746,54.407948,114.0
747,54.13335,126.0
748,53.86423,129.0
749,53.746037,128.0
750,53.62355,130.0
751,53.3642,132.0
752,53.12695,138.0
753,52.89403,142.0
754,52.65065,146.0
755,52.368404,149.0
756,52.066715,151.00000000000003
757,51.852272,151.00000000000003
758,51.686436,151.00000000000003
759,51.851814,150.0
760,52.169704,151.00000000000003
761,52.696068,151.00000000000003
762,53.083183,151.00000000000003
763,53.306633,151.00000000000003
764,53.30061,147.0
765,53.848278,150.0
766,54.283733,148.0
767,54.55787,142.0
768,54.790257,139.0
769,54.83464,133.0
770,54.763206,130.0
771,54.58438,128.0
772,54.325302,129.0
773,54.202816,123.99999999999999
774,54.19855,119.0
775,54.06831,117.00000000000001
776,53.921814,113.0
777,53.71189,108.0
778,53.494633,103.0
779,53.35716,100.0
780,53.1961,100.0
781,53.03023,100.0
782,52.844173,100.0
783,52.886314,103.0
784,53.17763,107.0
785,53.63492,108.0
786,53.577297,106.0
787,53.57741,106.0
788,53.243187,106.0
789,53.016212,110.0
790,52.442814,115.0
791,52.917313,118.0
792,53.13915,120.0
793,53.12799,123.0
794,53.13434,125.0
795,53.061584,125.0
796,52.9263,130.0
797,52.682613,141.0
798,52.393143,147.0
799,52.08921,151.00000000000003
800,51.827312,151.00000000000003
801,51.797756,151.00000000000003
802,51.967415,151.00000000000003
803,52.03861,151.00000000000003
804,51.959293,151.00000000000003
805,51.8558,151.00000000000003
806,51.709934,151.00000000000003
807,51.621517,151.00000000000003
808,51.76298,152.0
809,52.236057,151.00000000000003
810,52.549007,140.0
811,52.726276,132.0
812,52.97068,126.0
813,53.086708,111.0
814,53.402832,100.0
815,53.58666,99.0
816,53.630444,97.0
817,53.555397,95.0
818,53.438805,93.0
819,53.214954,91.0
820,52.981064,89.0
821,52.7547,87.0
822,52.53634,85.0
823,52.34856,83.0
824,52.115967,80.0
825,51.883324,78.99999999999999
826,51.66428,78.0
827,51.473797,77.0
828,51.280254,76.0
829,51.055878,75.0
830,50.78111,74.0
831,50.877777,72.0
832,51.248215,70.0
833,51.533432,69.0
834,52.010227,69.0
835,52.445103,69.0
836,52.860214,69.0
837,53.138195,69.0
838,53.416317,70.0
839,53.863575,70.0
840,53.836514,70.0
841,53.87792,69.0
842,53.833282,69.0
843,53.77358,69.0
844,53.691853,69.0
845,53.526714,69.0
846,53.31878,70.0
847,53.06741,72.0
848,52.801037,73.0
849,52.543358,74.0
850,52.319588,74.0
851,52.158085,74.0
852,51.933006,74.0
853,51.727562,73.0
854,51.530937,73.0
855,51.63404,74.0
856,52.03984,74.0
857,52.400387,74.0
858,52.76121,75.0
859,53.119274,76.0
860,53.63052,76.0
861,53.97646,76.0
862,54.05683,76.0
863,54.221622,77.0
864,54.36053,78.99999999999999
865,54.47944,80.0
866,54.52275,82.0
867,54.51042,83.0
868,54.377823,84.0
869,54.17027,85.0
870,53.92003,85.0
871,53.663284,86.0
872,53.45841,86.0
873,53.28411,87.0
874,53.08647,87.0
875,52.959328,87.0
876,53.00247,87.0
877,52.921223,87.0
878,52.89846,85.0
879,52.853016,83.0
880,52.763268,82.0
881,52.64724,82.0
882,52.619034,81.0
883,52.726543,80.0
884,52.814423,78.99999999999999
885,52.847584,78.99999999999999
886,52.77253,77.0
887,52.67132,77.0
888,52.682,76.0
889,52.63353,74.0
890,52.6078,73.0
891,52.447838,73.0
892,52.2759,73.0
893,52.111073,73.0
894,51.92056,73.0
895,51.655872,73.0
896,51.467293,73.0
897,51.29542,72.0
898,51.10821,72.0
899,50.923744,72.0
900,50.747757,72.0
901,50.649498,73.0
902,50.476227,74.0
903,50.543594,75.0
904,50.680824,74.0
905,50.673393,74.0
906,50.716312,73.0
907,50.721123,73.0
908,50.92712,73.0
909,51.05794,73.0
910,51.09858,74.0
911,51.300373,74.0
912,51.563213,73.0
913,51.446857,73.0
914,51.54694,73.0
915,51.588684,72.0
916,51.530457,72.0
917,51.32746,72.0
918,51.128517,72.0
919,50.848915,72.0
920,50.61852,71.0
921,50.427864,71.0
922,50.248486,70.0
923,50.096054,70.0
924,49.967148,69.0
925,49.851402,69.0
926,49.740723,68.0
927,49.79968,68.0
928,49.837822,68.0
929,49.999897,68.0
930,50.151093,68.0
931,50.27882,68.0
932,50.41267,68.0
933,50.67943,68.0
934,50.793896,67.0
935,50.936626,67.0
936,50.869583,67.0
937,50.899128,66.0
938,50.835316,66.0
939,50.69706,67.0
940,50.46007,66.0
941,50.218697,66.0
942,49.946705,66.0
943,49.65939,65.0
944,49.407722,64.0
945,49.207047,64.0
946,48.9853,64.0
947,48.842506,64.0
948,48.73241,64.0
949,48.57952,65.0
950,48.42027,65.0
951,48.32133,66.0
952,48.661743,67.0
953,49.18077,67.0
954,49.694973,68.0
955,50.029335,68.0
956,50.073196,67.0
957,50.1606,67.0
958,50.075794,66.0
959,49.871975,67.0
960,49.792915,68.0
961,49.711708,68.0
962,49.750957,67.0
963,49.714523,66.0
964,49.79812,65.0
965,49.792305,64.0
966,49.614944,61.0
967,49.47053,60.0
968,49.287884,59.0
969,49.050926,58.0
970,48.860615,58.0
971,48.815716,57.0
972,48.69748,56.0
973,48.568157,56.0
974,48.332615,55.0
975,48.27073,54.0
976,48.368904,54.0
977,48.735947,54.0
978,49.1402,54.0
979,49.447987,55.0
980,49.76775,55.0
981,49.94044,56.0
982,50.297962,56.0
983,50.504272,57.0
984,50.624557,56.0
985,50.77065,56.0
986,50.915497,56.0
987,51.00215,56.0
988,51.04417,56.0
989,51.00534,56.0
990,50.861595,57.0
991,50.732132,57.0
992,50.573284,58.0
993,50.480614,57.0
994,50.3406,58.0
995,50.220314,58.0
996,50.07619,58.0
997,49.993557,58.0
998,49.73013,58.0
999,49.298496,58.0
1000,49.193546,57.0
1001,49.202625,56.0
1002,49.096684,56.0
1003,48.863377,55.0
1004,48.859344,55.0
1005,48.89831,54.0
1006,49.160748,55.0
1007,49.507233,53.0
1008,49.40552,54.0
1009,49.332397,54.0
1010,49.24964,54.0
1011,49.13587,53.0
1012,48.933525,53.0
1013,48.801533,53.0
1014,48.657677,53.0
1015,48.49532,52.0
1016,48.35057,52.0
1017,48.19721,53.0
1018,48.04331,53.0
1019,47.977192,53.0
1020,47.91121,53.0
1021,47.906082,52.0
1022,47.720497,52.0
1023,47.564594,51.00000000000001
1024,47.51388,51.00000000000001
1025,47.52644,51.00000000000001
1026,47.666664,52.0
1027,47.97436,52.0
1028,48.04333,52.0
1029,48.393665,61.0
1030,48.74685,52.0
1031,48.8184,52.0
1032,48.695927,53.0
1033,48.72564,53.0
1034,48.789948,53.0
1035,48.952602,53.0
1036,48.91028,53.0
1037,48.89168,53.0
1038,48.819126,53.0
1039,48.696583,54.0
1040,48.551304,54.0
1041,48.40549,54.0
1042,48.252907,54.0
1043,48.161022,55.0
1044,48.05655,55.0
1045,47.981255,56.0
1046,47.768703,56.0
1047,47.51282,55.0
1048,47.29027,55.0
1049,46.99514,54.0
1050,46.953644,54.0
1051,46.96061,53.0
1052,46.735703,53.0
1053,46.46506,52.0
1054,46.35706,52.0
1055,46.604145,52.0
1056,46.74499,51.00000000000001
1057,46.62433,51.00000000000001
1058,46.50763,49.0
1059,46.363438,50.0
1060,46.239532,48.0
1061,45.97511,45.0
1062,45.746925,46.0
1063,45.738876,45.0
1064,45.63099,41.0
1065,45.43544,39.0
1066,45.311382,39.0
1067,45.347733,37.0
1068,45.26652,38.0
1069,45.40696,37.0
1070,45.67399,39.0
1071,45.630222,40.0
1072,45.607838,40.0
1073,45.454514,41.0
1074,45.526352,41.0
1075,45.625458,43.0
1076,45.86048,43.0
1077,45.7622,42.0
1078,45.656094,41.0
1079,45.61254,42.0
1080,45.61953,43.0
1081,45.47664,44.0
1082,45.396507,44.0
1083,45.187496,46.0
1084,45.044468,49.0
1085,44.973328,50.0
1086,44.758022,50.0
1087,44.636253,49.0
1088,44.476086,49.0
1089,44.291893,52.0
1090,44.249104,51.00000000000001
1091,44.206497,51.00000000000001
1092,44.19057,51.00000000000001
1093,44.205643,51.00000000000001
1094,44.203728,50.0
1095,44.19359,50.0
1096,44.237484,51.00000000000001
1097,44.37392,51.00000000000001
1098,44.492676,52.0
1099,44.91026,52.0
1100,45.302544,52.0
1101,45.499146,52.0
1102,45.29533,52.0
1103,45.188534,52.0
1104,45.040962,52.0
1105,44.8165,52.0
1106,44.594715,53.0
1107,44.41974,53.0
1108,44.305492,53.0
1109,44.2536,54.0
1110,44.15416,54.0
1111,44.045628,54.0
1112,43.873215,54.0
1113,43.6849,55.0
1114,43.527077,55.0
1115,43.40767,55.0
1116,43.328003,55.0
1117,43.40718,56.0
1118,43.511208,56.0
1119,43.53057,56.0
1120,43.64842,56.0
1121,43.827568,56.0
1122,44.1986,56.0
1123,44.4288,56.0
1124,44.748966,55.0
1125,44.680153,56.0
1126,44.64247,56.0
1127,44.412678,56.0
1128,44.408314,56.0
1129,44.21158,56.0
1130,43.946465,56.0
1131,43.70908,56.0
1132,43.674465,54.0
1133,43.68448,54.0
1134,43.62763,54.0
1135,43.642204,53.0
1136,43.718765,53.0
1137,43.655666,53.0
1138,43.591267,53.0
1139,43.53802,52.0
1140,43.473537,52.0
1141,43.444016,52.0
1142,43.30855,52.0
1143,43.157433,52.0
1144,43.083572,52.0
1145,42.812363,52.0
1146,42.732964,52.0
1147,42.89854,52.0
1148,43.089355,49.0
1149,42.928738,46.0
1150,42.86646,46.0
1151,42.78905,45.0
1152,42.799416,46.0
1153,42.78685,46.99999999999999
1154,42.779835,48.0
1155,42.880264,49.0
1156,42.912876,55.0
1157,42.751118,55.0
1158,42.542202,55.0
1159,42.264656,55.0
1160,41.979446,54.0
1161,41.70803,55.0
1162,41.549606,55.0
1163,41.359142,55.0
1164,41.074276,55.0
1165,40.902523,55.0
1166,40.644943,55.0
1167,40.394016,54.0
1168,40.41061,54.0
1169,40.484352,54.0
1170,40.85055,55.0
1171,41.597366,56.0
1172,42.323696,57.0
1173,42.66182,57.0
1174,43.103897,54.0
1175,43.262035,54.0
1176,43.413002,54.0
1177,43.501976,54.0
1178,43.526737,54.0
1179,43.52676,54.0
1180,43.55529,46.99999999999999
1181,43.625267,46.99999999999999
1182,43.439384,46.99999999999999
1183,43.311993,48.0
1184,43.507195,46.99999999999999
1185,43.522007,46.0
1186,43.55762,46.0
1187,43.618423,50.0
1188,43.553543,50.0
1189,43.540985,50.0
1190,43.43211,50.0
1191,43.28458,49.0
1192,43.2607,52.0
1193,43.85726,52.0
1194,43.82222,52.0
1195,44.01361,52.0
1196,43.735397,52.0
1197,43.640224,51.00000000000001
1198,43.260757,51.00000000000001
1199,43.166164,51.00000000000001
1200,42.926247,50.0
1201,42.649338,51.00000000000001
1202,42.668316,51.00000000000001
1203,42.540276,51.00000000000001
1204,42.467556,67.0
1205,42.309925,67.0
1206,42.196655,66.0
1207,42.060356,65.0
1208,41.9544,64.0
1209,41.811935,64.0
1210,41.688946,65.0
1211,41.926716,66.0
1212,42.27672,65.0
1213,42.277145,63.0
1214,42.262844,63.0
1215,42.19233,63.0
1216,42.194096,63.0
1217,42.172806,64.0
1218,42.275692,65.0
1219,42.335663,65.0
1220,42.449783,65.0
1221,42.710266,65.0
1222,43.008595,65.0
1223,43.230816,65.0
1224,43.23503,64.0
1225,43.080467,65.0
1226,43.031445,65.0
1227,42.978485,65.0
1228,42.851048,57.0
1229,42.715343,57.0
1230,42.526543,58.0
1231,42.401146,59.0
1232,42.257057,60.0
1233,42.095028,61.0
1234,41.848503,61.99999999999999
1235,41.640537,61.99999999999999
1236,41.482132,63.0
1237,41.377132,64.0
1238,41.023643,64.0
1239,40.750965,64.0
1240,40.703934,65.0
1241,40.850826,65.0
1242,41.00926,65.0
1243,41.439392,66.0
1244,41.724846,65.0
1245,41.791653,65.0
1246,41.656982,66.0
1247,41.471565,66.0
1248,41.23137,66.0
1249,40.93115,65.0
1250,40.564358,64.0
1251,40.157124,63.0
1252,39.599934,59.0
1253,39.376156,58.0
1254,39.111916,57.0
1255,38.902824,57.0
1256,38.639202,56.0
1257,38.326977,57.0
1258,38.315723,57.0
1259,38.119728,58.0
1260,37.963894,59.0
1261,37.913185,60.0
1262,37.70131,60.0
1263,37.67403,60.0
1264,37.757256,59.0
1265,37.838974,59.0
1266,38.18864,59.0
1267,38.497368,60.0
1268,38.88937,59.0
1269,38.894627,59.0
1270,39.176807,58.0
1271,39.501015,58.0
1272,39.617123,58.0
1273,39.621323,58.0
1274,39.49474,58.0
1275,39.34694,58.0
1276,39.191887,58.0
1277,39.37294,58.0
1278,39.501026,57.0
1279,39.5589,56.0
1280,39.556152,56.0
1281,39.54555,55.0
1282,39.414032,55.0
1283,39.28463,54.0
1284,39.15921,53.0
1285,39.057945,53.0
1286,38.658333,52.0
1287,38.23726,51.00000000000001
1288,37.96459,50.0
1289,37.6397,49.0
1290,37.76948,50.0
1291,38.181854,51.00000000000001
1292,38.65597,51.00000000000001
1293,39.14991,51.00000000000001
1294,39.392517,51.00000000000001
1295,39.379944,50.0
1296,39.32371,50.0
1297,39.459156,49.0
1298,39.554173,48.0
1299,39.559647,46.99999999999999
1300,39.66247,54.0
1301,39.331753,54.0
1302,39.037445,53.0
1303,38.797344,53.0
1304,38.5557,52.0
1305,38.223392,52.0
1306,37.916157,52.0
1307,37.794212,52.0
1308,37.722866,52.0
1309,37.6377,52.0
1310,37.37331,52.0
1311,37.10025,52.0
1312,36.983418,52.0
1313,37.172844,52.0
1314,37.692272,52.0
1315,38.306374,53.0
1316,39.174404,53.0
1317,39.849144,53.0
1318,40.468567,54.0
1319,41.050243,54.0
1320,41.107323,55.0
1321,41.01879,55.0
1322,40.79663,55.0
1323,40.594242,55.0
1324,40.45951,88.0
1325,40.42023,87.0
1326,40.417507,85.0
1327,40.58183,84.0
1328,40.78041,82.0
1329,40.972664,80.0
1330,41.096046,80.0
1331,41.384354,81.0
1332,41.64768,81.0
1333,41.76165,82.0
1334,42.073753,82.0
1335,42.04472,81.0
1336,42.166103,81.0
1337,42.46073,81.0
1338,43.162704,80.0
1339,44.041443,78.99999999999999
1340,44.57301,77.0
1341,44.36817,76.0
1342,44.57469,74.0
1343,44.558857,73.0
1344,44.822193,72.0
1345,44.90718,71.0
1346,44.95215,71.0
1347,44.957138,71.0
1348,45.05832,89.0
1349,44.792625,89.0
1350,44.57941,90.0
1351,44.276306,90.0
1352,44.016712,91.0
1353,43.831493,91.0
1354,43.71802,91.0
1355,43.63702,91.0
1356,43.534477,91.0
1357,43.349236,92.0
1358,43.028706,92.0
1359,43.270256,93.0
1360,43.78358,93.99999999999999
1361,44.75889,93.99999999999999
1362,45.856594,95.0
1363,47.12948,97.0
1364,48.447083,98.0
1365,49.087696,105.0
1366,49.488758,113.0
1367,50.04133,113.0
1368,50.768726,110.0
1369,50.819916,104.0
1370,50.758,99.0
1371,50.718708,99.0
1372,50.529686,72.0
1373,50.316044,72.0
1374,50.214138,71.0
1375,50.205563,71.0
1376,50.402348,70.0
1377,50.50963,70.0
1378,50.588287,69.0
1379,50.64631,68.0
1380,50.685986,67.0
1381,50.603973,66.0
1382,50.47718,66.0
1383,50.36832,65.0
1384,50.214703,65.0
1385,50.424786,65.0
1386,50.63533,65.0
1387,50.919197,64.0
1388,51.111374,64.0
1389,51.306583,63.0
1390,51.530136,63.0
1391,51.742073,63.0
1392,51.666637,61.99999999999999
1393,51.601036,61.0
1394,51.597927,60.0
1395,51.53365,59.0
1396,51.49502,50.0
1397,51.420322,49.0
1398,51.23586,49.0
1399,51.038948,51.00000000000001
1400,50.79946,52.0
1401,50.6794,52.0
1402,50.54746,52.0
1403,50.418045,53.0
1404,50.322353,53.0
1405,50.2291,53.0
1406,49.98613,52.0
1407,49.6752,52.0
1408,49.772243,52.0
1409,49.702595,52.0
1410,49.6729,52.0
1411,49.61477,53.0
1412,49.445778,54.0
1413,49.267254,53.0
1414,49.142246,54.0
1415,49.169518,54.0
1416,49.3039,55.0
1417,49.291832,56.0
1418,49.260757,56.0
1419,49.20881,57.0
1420,49.119873,61.0
1421,48.925934,61.0
1422,48.70784,61.0
1423,48.43685,61.99999999999999
1424,48.131104,61.99999999999999
1425,47.879234,61.99999999999999
1426,47.578667,61.99999999999999
1427,47.374092,63.0
1428,47.167892,63.0
1429,46.97884,63.0
1430,46.802845,63.0
1431,46.724834,63.0
1432,46.806324,64.0
1433,46.98851,65.0
1434,47.39154,65.0
1435,47.717934,66.0
1436,47.51313,66.0
1437,47.956524,66.0
1438,48.088882,66.0
1439,48.270252,66.0
1440,48.371964,66.0
1441,48.4496,66.0
1442,48.380444,65.0
1443,48.294178,66.0
1444,48.10235,65.0
1445,47.8993,65.0
1446,47.68669,65.0
1447,47.43734,65.0
1448,47.29341,65.0
1449,47.160122,64.0
1450,47.08297,64.0
1451,47.019238,64.0
1452,46.94334,64.0
1453,46.869164,64.0
1454,46.70054,64.0
1455,46.726288,64.0
1456,47.014545,64.0
1457,47.431496,64.0
1458,47.979034,64.0
1459,48.415024,61.99999999999999
1460,48.435837,61.99999999999999
1461,48.423496,61.99999999999999
1462,48.36469,61.0
1463,48.444527,61.0
1464,48.44302,61.0
1465,48.50039,61.0
1466,48.44877,61.0
1467,48.22973,61.0
1468,48.003166,61.0
1469,47.823593,61.0
1470,47.673115,60.0
1471,47.53727,60.0
1472,47.42076,60.0
1473,47.275856,59.0
1474,47.102512,59.0
1475,46.915737,59.0
1476,46.71888,60.0
1477,46.58169,60.0
1478,46.280666,60.0
1479,46.117374,60.0
1480,46.253117,60.0
1481,46.55325,60.0
1482,47.00071,60.0
1483,47.03643,60.0
1484,46.946228,60.0
1485,47.15668,61.0
1486,47.388725,61.99999999999999
1487,47.648907,61.99999999999999
1488,47.939022,63.0
1489,48.143806,63.0
1490,48.2294,64.0
1491,48.240795,64.0
1492,48.215057,64.0
1493,48.175213,65.0
1494,48.111897,66.0
1495,48.03453,67.0
1496,47.969906,67.0
1497,47.907192,69.0
1498,47.805485,69.0
1499,47.756855,70.0
1500,47.74352,70.0
1501,47.752567,69.0
1502,47.661133,69.0
1503,47.61209,69.0
1504,47.74943,69.0
1505,48.006508,69.0
1506,48.07934,68.0
1507,48.234123,68.0
1508,48.298393,67.0
1509,48.501625,67.0
1510,48.59699,67.0
1511,48.956463,67.0
1512,49.2033,65.0
1513,48.96057,65.0
1514,48.700542,64.0
1515,48.382698,61.99999999999999
1516,48.10679,61.0
1517,47.738518,61.0
1518,47.4901,60.0
1519,47.29761,59.0
1520,47.152596,59.0
1521,47.03125,58.0
1522,46.90957,57.0
1523,46.666298,56.0
1524,46.46947,56.0
1525,46.267426,57.0
1526,46.01832,57.0
1527,46.029793,59.0
1528,46.33673,60.0
1529,46.833447,61.0
1530,47.364975,63.0
1531,47.832397,63.0
1532,48.144657,64.0
1533,48.236786,63.0
1534,48.290237,64.0
1535,48.532154,64.0
1536,48.601337,64.0
1537,48.51249,65.0
1538,48.359592,65.0
1539,48.13588,66.0
1540,47.994213,67.0
1541,47.81324,67.0
1542,47.657387,67.0
1543,47.49166,67.0
1544,47.25236,67.0
1545,47.27414,67.0
1546,47.308865,67.0
1547,47.258327,67.0
1548,47.209,67.0
1549,47.070362,66.0
1550,46.860264,65.0
1551,46.680202,64.0
1552,46.57045,63.0
1553,46.588013,63.0
1554,46.974167,63.0
1555,47.399143,63.0
1556,47.718285,63.0
1557,47.74085,63.0
1558,47.761955,63.0
1559,47.90152,61.99999999999999
1560,47.77338,61.99999999999999
1561,47.586384,61.99999999999999
1562,47.313,61.0
1563,47.086166,61.0
1564,46.862644,60.0
1565,46.562035,61.0
1566,46.484093,61.0
1567,46.41855,61.99999999999999
1568,46.474895,61.0
1569,46.207054,61.0
1570,46.2045,61.99999999999999
1571,46.172943,61.99999999999999
1572,46.032764,61.99999999999999
1573,45.872177,63.0
1574,45.630043,63.0
1575,45.473343,61.99999999999999
1576,45.25323,61.99999999999999
1577,45.25819,61.0
1578,45.43705,60.0
1579,45.611286,59.0
1580,45.746704,59.0
1581,45.60441,59.0
1582,45.72997,59.0
1583,45.815334,58.0
1584,45.602123,58.0
1585,45.33684,57.0
1586,45.35149,56.0
1587,45.18952,56.0
1588,45.05608,56.0
1589,44.808834,55.0
1590,44.510597,54.0
1591,44.34556,53.0
1592,44.15396,53.0
1593,43.93462,53.0
1594,43.8495,53.0
1595,43.711044,52.0
1596,43.62273,52.0
1597,43.557865,52.0
1598,43.426945,52.0
1599,43.174088,51.00000000000001
1600,42.826298,51.00000000000001
1601,42.4645,52.0
1602,42.734932,52.0
1603,43.085503,51.00000000000001
1604,43.209133,52.0
1605,43.52175,52.0
1606,43.483833,51.00000000000001
1607,43.387127,51.00000000000001
1608,43.21181,52.0
1609,42.91543,52.0
1610,42.45665,52.0
1611,42.064144,52.0
1612,41.653126,52.0
1613,41.311752,52.0
1614,40.73624,52.0
1615,40.25638,52.0
1616,39.708927,52.0
1617,39.192894,52.0
1618,39.006508,53.0
1619,38.804977,53.0
1620,38.596287,53.0
1621,38.44394,52.0
1622,38.341496,50.0
1623,38.095764,49.0
1624,37.897163,48.0
1625,37.497772,46.99999999999999
1626,37.294865,46.0
1627,37.2896,46.0
1628,37.408375,46.0
1629,37.584293,44.0
1630,37.4039,44.0
1631,37.431553,43.0
1632,37.117958,43.0
1633,36.677784,44.0
1634,36.131172,43.0
1635,35.40357,44.0
1636,34.758106,45.0
1637,34.199055,44.0
1638,33.587856,45.0
1639,33.156982,46.99999999999999
1640,32.73029,48.0
1641,32.36216,43.0
1642,31.97328,41.0
1643,31.622192,41.0
1644,31.293543,42.0
1645,30.872366,43.0
1646,30.213627,46.0
1647,29.886854,49.0
1648,29.84512,51.00000000000001
1649,30.124056,52.0
1650,30.792055,52.0
1651,31.525885,52.0
1652,32.22216,52.0
1653,32.85368,53.0
1654,33.380875,52.0
1655,33.494976,53.0
1656,33.43764,53.0
1657,33.332497,53.0
1658,33.156166,53.0
1659,32.846638,53.0
1660,32.63241,54.0
1661,32.433937,54.0
1662,32.027103,54.0
1663,31.586233,54.0
1664,31.338888,54.0
1665,31.204826,56.0
1666,31.101585,56.0
1667,30.837357,56.0
1668,30.575232,57.0
1669,30.147587,57.0
1670,29.709211,57.0
1671,29.744354,57.0
1672,29.763487,57.0
1673,30.046354,57.0
1674,30.704576,57.0
1675,31.369781,56.0
1676,31.973455,56.0
1677,32.70075,56.0
1678,33.241566,56.0
1679,33.757915,57.0
1680,33.96353,57.0
1681,33.820053,56.0
1682,33.495888,57.0
1683,33.26924,56.0
1684,32.96962,56.0
1685,32.659966,56.0
1686,32.282707,56.0
1687,31.979176,56.0
1688,31.646006,55.0
1689,31.340307,55.0
1690,31.057266,54.0
1691,30.805935,54.0
1692,30.48643,55.0
1693,30.141085,55.0
1694,29.720871,55.0
1695,29.596428,55.0
1696,29.727482,56.0
1697,30.006624,55.0
1698,30.842047,56.0
1699,31.700039,57.0
1700,32.677456,57.0
1701,33.781784,58.0
1702,34.634155,59.0
1703,35.213028,60.0
1704,35.210163,60.0
1705,35.311268,61.0
1706,35.301548,61.0
1707,35.028473,61.0
1708,34.916176,61.0
1709,34.65121,61.99999999999999
1710,34.497593,63.0
1711,34.423943,63.0
1712,34.326145,64.0
1713,34.170296,64.0
1714,33.94985,64.0
1715,33.671947,65.0
1716,33.320366,65.0
1717,32.91655,65.0
1718,32.572193,66.0
1719,32.398445,66.0
1720,32.311916,66.0
1721,32.624382,66.0
1722,33.290134,66.0
1723,33.836086,66.0
1724,34.48096,65.0
1725,35.513195,65.0
1726,36.18268,64.0
1727,36.505474,63.0
1728,36.27572,61.99999999999999
1729,36.269093,61.99999999999999
1730,36.0884,61.99999999999999
1731,35.712353,61.99999999999999
1732,35.370754,61.99999999999999
1733,34.889904,61.99999999999999
1734,34.426105,61.0
1735,33.914032,60.0
1736,33.502132,60.0
1737,33.061844,60.0
1738,32.68642,59.0
1739,32.330788,59.0
1740,31.987917,59.0
1741,31.691273,59.0
1742,31.372189,58.0
1743,31.3487,59.0
1744,31.407368,59.0
1745,31.795252,60.0
1746,32.54079,60.0
1747,33.155018,60.0
1748,33.42096,60.0
1749,33.37011,61.0
1750,33.269104,61.0
1751,33.14315,61.99999999999999
1752,33.176785,63.0
1753,33.138794,63.0
1754,32.821846,63.0
1755,32.350857,63.0
1756,31.883663,63.0
1757,31.435678,63.0
1758,30.899874,63.0
1759,30.42697,63.0
1760,29.941717,63.0
1761,29.569605,63.0
1762,29.319927,63.0
1763,29.01802,63.0
1764,28.693253,61.99999999999999
1765,28.332891,61.99999999999999
1766,27.858133,61.99999999999999
1767,27.65191,61.0
1768,27.302345,60.0
1769,27.503313,59.0
1770,28.094604,60.0
1771,28.77739,59.0
1772,29.492992,59.0
1773,30.23983,59.0
1774,30.918669,58.0
1775,31.510786,57.0
1776,31.802685,57.0
1777,31.857395,57.0
1778,31.4073,57.0
1779,31.115782,57.0
1780,30.72746,57.0
1781,30.369265,57.0
1782,29.89336,57.0
1783,29.397797,57.0
1784,28.900034,58.0
1785,28.645496,57.0
1786,28.28513,57.0
1787,27.78793,58.0
1788,27.273924,58.0
1789,26.757294,58.0
1790,26.334902,58.0
1791,26.243572,58.0
1792,26.52768,58.0
1793,26.990387,58.0
1794,27.737896,58.0
1795,28.365454,58.0
1796,29.15937,57.0
1797,29.788189,58.0
1798,30.389885,58.0
1799,30.829063,57.0
1800,31.027462,57.0
1801,30.785002,57.0
1802,30.373095,56.0
1803,29.92326,56.0
1804,29.454842,56.0
1805,28.99981,56.0
1806,28.604696,56.0
1807,28.430164,57.0
1808,28.255566,56.0
1809,27.803741,56.0
1810,27.412437,56.0
1811,26.937563,56.0
1812,26.54319,56.0
1813,26.151512,55.0
1814,25.842709,55.0
1815,25.777666,56.0
1816,25.93613,56.0
1817,26.284426,56.0
1818,26.646006,57.0
1819,28.047298,57.0
1820,29.001673,58.0
1821,29.995764,58.0
1822,30.98014,58.0
1823,31.649645,59.0
1824,32.067165,59.0
1825,32.201374,60.0
1826,32.1023,60.0
1827,33.341312,61.0
1828,33.050724,61.0
1829,32.565685,61.0
1830,32.134155,61.0
1831,31.72833,60.0
1832,31.257164,60.0
1833,30.825392,61.99999999999999
1834,30.59847,61.99999999999999
1835,30.249832,63.0
1836,29.9011,63.0
1837,29.56461,63.0
1838,29.20358,63.0
1839,29.073393,64.0
1840,29.623755,63.0
1841,30.18093,64.0
1842,31.387571,63.0
1843,32.265213,63.0
1844,33.333405,63.0
1845,34.276463,61.99999999999999
1846,35.2383,63.0
1847,36.00597,61.99999999999999
1848,36.23398,61.99999999999999
1849,35.756096,61.0
1850,34.965748,61.0
1851,34.378254,61.0
1852,33.95407,61.0
1853,33.61923,61.99999999999999
1854,33.288624,61.99999999999999
1855,33.149876,63.0
1856,32.956974,63.0
1857,32.713608,61.0
1858,32.818756,61.0
1859,32.809147,60.0
1860,32.45077,60.0
1861,32.25476,60.0
1862,31.931808,59.0
1863,31.679064,59.0
1864,31.629477,59.0
1865,31.864813,59.0
1866,32.196823,59.0
1867,32.74825,60.0
1868,33.5264,60.0
1869,34.200222,60.0
1870,34.902195,61.0
1871,35.282936,61.0
1872,35.782787,61.99999999999999
1873,35.98898,61.99999999999999
1874,35.856625,63.0
1875,35.594414,63.0
1876,35.23638,51.00000000000001
1877,35.078857,52.0
1878,34.784042,53.0
1879,34.587162,53.0
1880,34.373775,53.0
1881,34.110813,54.0
1882,33.97892,54.0
1883,33.843422,54.0
1884,33.650616,54.0
1885,33.395042,55.0
1886,33.041397,55.0
1887,32.50917,55.0
1888,32.656635,55.0
1889,32.622684,55.0
1890,32.820847,55.0
1891,33.359875,55.0
1892,34.14341,56.0
1893,34.805122,56.0
1894,35.381927,57.0
1895,35.898994,57.0
1896,36.046413,56.0
1897,36.035664,56.0
1898,35.99751,55.0
1899,35.993618,54.0
1900,36.046177,54.0
1901,35.769688,54.0
1902,35.469807,54.0
1903,35.242527,54.0
1904,34.958538,54.0
1905,34.987633,54.0
1906,35.25227,53.0
1907,35.195656,53.0
1908,35.17902,53.0
1909,35.115562,52.0
1910,34.981365,52.0
1911,34.752625,51.00000000000001
1912,34.429276,51.00000000000001
1913,33.99842,51.00000000000001
1914,33.6339,48.0
1915,33.200787,44.0
1916,32.7395,45.0
1917,32.3891,40.0
1918,31.99738,40.0
1919,31.668022,38.0
1920,30.974483,37.0
1921,30.410421,38.0
1922,29.821888,39.0
1923,29.2668,39.0
1924,28.826504,49.0
1925,28.166021,51.00000000000001
1926,27.756874,52.0
1927,27.158386,52.0
1928,27.047812,52.0
1929,26.693558,52.0
1930,26.376587,52.0
1931,26.15602,51.00000000000001
1932,26.013792,52.0
1933,25.800121,52.0
1934,26.072083,52.0
1935,26.051304,52.0
1936,26.604357,51.00000000000001
1937,27.313627,53.0
1938,28.709698,52.0
1939,29.672272,53.0
1940,30.679642,55.0
1941,31.984941,56.0
1942,32.89036,57.0
1943,33.796837,58.0
1944,34.721447,58.0
1945,34.92752,58.0
1946,34.8544,59.0
1947,34.996864,60.0
1948,35.76906,64.0
1949,35.488605,64.0
1950,35.13647,65.0
1951,34.973537,65.0
1952,34.792374,65.0
1953,34.64645,65.0
1954,34.479317,64.0
1955,34.341995,64.0
1956,34.209732,65.0
1957,34.04625,65.0
1958,33.74067,64.0
1959,33.371426,64.0
1960,33.566936,65.0
1961,34.037018,64.0
1962,34.7535,63.0
1963,35.699257,64.0
1964,36.742916,64.0
1965,37.786873,64.0
1966,38.76402,65.0
1967,39.674282,66.0
1968,40.343594,67.0
1969,40.62163,67.0
1970,40.67591,66.0
1971,40.51594,66.0
1972,40.41743,63.0
1973,40.053757,61.99999999999999
1974,39.671963,61.99999999999999
1975,39.33812,61.0
1976,39.085052,60.0
1977,38.80919,57.0
1978,38.57864,57.0
1979,38.392376,56.0
1980,38.208843,56.0
1981,37.995075,56.0
1982,37.80953,56.0
1983,37.392002,56.0
1984,37.0838,55.0
1985,36.475002,55.0
1986,36.07754,55.0
1987,35.90269,55.0
1988,35.487453,54.0
1989,35.17338,54.0
1990,34.93965,54.0
1991,34.791035,53.0
1992,34.49173,53.0
1993,34.29935,53.0
1994,33.987396,53.0
1995,33.681602,53.0
1996,33.32145,58.0
1997,32.937424,58.0
1998,32.57472,58.0
1999,32.21115,57.0
2000,31.820398,57.0
2001,31.404678,57.0
2002,31.217192,57.0
2003,30.783669,57.0
2004,30.318035,57.0
2005,29.918552,56.0
2006,29.616423,55.0
2007,29.216501,55.0
2008,29.042286,55.0
2009,29.06029,55.0
2010,29.749445,55.0
2011,30.46116,55.0
2012,31.29633,56.0
2013,31.988596,56.0
2014,32.896503,56.0
2015,33.27298,56.0
2016,33.58871,56.0
2017,33.495117,56.0
2018,33.101295,56.0
2019,32.560467,56.0
2020,32.121716,46.99999999999999
2021,32.12133,48.0
2022,32.007023,49.0
2023,31.634058,49.0
2024,31.32045,51.00000000000001
2025,31.202051,52.0
2026,31.101213,52.0
2027,30.975376,52.0
2028,30.74729,53.0
2029,30.44405,53.0
2030,30.041168,53.0
2031,29.586628,54.0
2032,29.38603,55.0
2033,29.41763,55.0
2034,29.728022,55.0
2035,30.52858,55.0
2036,31.268309,55.0
2037,31.834536,54.0
2038,32.046757,54.0
2039,32.236588,54.0
2040,32.047306,54.0
2041,31.730429,54.0
2042,31.35893,54.0
2043,30.954844,54.0
2044,30.509573,56.0
2045,30.168766,56.0
2046,29.75014,57.0
2047,29.390255,58.0
2048,28.883812,59.0
2049,28.785496,59.0
2050,28.802069,60.0
2051,28.779299,60.0
2052,28.790613,60.0
2053,28.644186,59.0
2054,28.341984,59.0
2055,28.197636,59.0
2056,28.105886,59.0
2057,28.162905,58.0
2058,28.624905,58.0
2059,29.292536,58.0
2060,30.353298,58.0
2061,31.047432,58.0
2062,31.773653,58.0
2063,32.404606,59.0
2064,32.70144,59.0
2065,32.881725,59.0
2066,32.911194,59.0
2067,32.904076,59.0
2068,32.78642,69.0
2069,32.825455,68.0
2070,32.617496,67.0
2071,32.498634,66.0
2072,32.277943,65.0
2073,32.09979,65.0
2074,32.06874,65.0
2075,32.026085,64.0
2076,31.773256,61.99999999999999
2077,31.419281,60.0
2078,31.045885,58.0
2079,30.494305,57.0
2080,30.24569,56.0
2081,29.9443,54.0
2082,29.655235,52.0
2083,29.676052,52.0
2084,29.827505,52.0
2085,29.852201,51.00000000000001
2086,29.981956,51.00000000000001
2087,30.169,50.0
2088,30.25631,50.0
2089,30.374147,51.00000000000001
2090,30.65714,52.0
2091,31.017813,52.0
2092,31.140343,99.0
2093,31.98168,98.0
2094,32.00704,97.0
2095,31.92662,97.0
2096,31.836445,97.0
2097,31.92743,97.0
2098,31.92245,96.0
2099,31.921286,96.0
2100,31.88906,96.0
2101,32.010883,96.0
2102,32.271626,95.0
2103,32.72615,96.0
2104,33.413193,96.0
2105,34.556873,95.0
2106,35.628395,95.0
2107,37.051407,93.99999999999999
2108,38.19211,93.0
2109,39.15888,90.0
2110,39.84657,89.0
2111,40.27544,87.0
2112,40.181774,87.0
2113,40.328693,86.0
2114,40.398197,86.0
2115,40.363365,86.0
2116,40.34668,59.0
2117,40.15825,59.0
2118,40.115993,59.0
2119,40.05133,59.0
2120,39.97765,60.0
2121,39.94034,61.0
2122,39.83427,61.99999999999999
2123,39.808956,61.99999999999999
2124,39.802925,63.0
2125,39.745243,64.0
2126,39.604954,65.0
2127,39.83853,66.0
2128,40.09995,65.0
2129,40.521446,65.0
2130,40.928844,64.0
2131,41.37286,64.0
2132,41.748554,65.0
2133,42.304398,64.0
2134,42.378605,64.0
2135,42.477577,65.0
2136,42.552525,65.0
2137,42.408237,65.0
2138,42.20413,65.0
2139,41.98494,64.0
2140,41.708427,57.0
2141,41.79937,57.0
2142,41.770596,56.0
2143,41.72896,56.0
2144,41.63703,55.0
2145,41.471954,55.0
2146,41.313744,55.0
2147,41.18898,54.0
2148,40.895138,53.0
2149,40.42749,53.0
2150,39.982162,54.0
2151,39.554253,53.0
2152,39.302044,53.0
2153,39.192783,53.0
2154,39.13804,54.0
2155,39.35416,54.0
2156,39.77843,54.0
2157,39.752567,54.0
2158,39.80842,54.0
2159,40.021736,54.0
2160,40.097717,53.0
2161,39.769764,52.0
2162,39.39889,49.0
2163,39.0012,44.0
2164,38.58178,56.0
2165,38.493546,55.0
2166,38.433807,55.0
2167,38.270885,56.0
2168,38.336544,56.0
2169,38.311436,56.0
2170,38.391094,57.0
2171,38.394512,57.0
2172,38.27977,58.0
2173,38.154346,59.0
2174,38.014828,60.0
2175,37.877953,60.0
2176,38.150238,61.0
2177,38.590385,61.0
2178,39.01206,61.0
2179,39.202263,61.0
2180,39.529415,61.0
2181,40.124626,61.99999999999999
2182,40.77774,61.99999999999999
2183,41.21549,63.0
2184,41.344658,63.0
2185,41.337654,63.0
2186,41.21968,64.0
2187,41.028538,64.0
2188,40.918884,65.0
2189,40.867107,65.0
2190,40.947037,67.0
2191,40.973328,68.0
2192,40.899002,71.0
2193,40.795204,73.0
2194,41.185318,75.0
2195,41.507748,76.0
2196,41.74832,77.0
2197,41.88563,77.0
2198,42.03512,78.99999999999999
2199,42.250847,80.0
2200,42.490143,81.0
2201,42.969658,83.0
2202,43.345963,85.0
2203,43.779728,88.0
2204,44.865112,90.0
2205,46.072426,92.0
2206,47.1642,93.99999999999999
2207,48.09703,96.0
2208,48.944653,98.0
2209,48.794945,99.0
2210,51.197998,117.00000000000001
2211,51.495224,135.0
2212,51.23506,149.0
2213,50.996563,152.0
2214,50.61395,153.0
2215,50.245583,153.0
2216,49.900208,153.0
2217,49.57305,153.0
2218,49.29717,153.0
2219,49.0133,154.0
2220,48.751976,155.0
2221,48.61345,155.0
2222,48.514416,156.0
2223,48.777027,156.0
2224,48.98846,156.0
2225,49.381973,155.0
2226,49.265533,154.0
2227,49.29635,153.0
2228,49.8138,153.0
2229,50.13051,152.0
2230,50.239777,151.00000000000003
2231,50.323135,142.0
2232,50.440838,120.0
2233,50.326984,103.0
2234,50.2313,97.0
2235,50.08366,95.0
2236,49.984364,92.0
2237,49.85379,89.0
2238,49.734566,86.0
2239,49.759926,83.0
2240,49.808823,78.99999999999999
2241,49.807907,78.0
2242,49.845787,76.0
2243,49.86613,73.0
2244,49.830345,70.0
2245,49.713707,67.0
2246,49.537758,65.0
2247,49.332,61.99999999999999
2248,49.339962,61.0
2249,49.55026,61.99999999999999
2250,49.89446,61.99999999999999
2251,50.115414,61.0
2252,50.446167,61.0
2253,50.83734,61.0
2254,51.231438,61.0
2255,51.43907,61.0
2256,51.586998,61.0
2257,51.7303,61.0
2258,51.29928,61.0
2259,51.313686,61.99999999999999
2260,51.305515,61.99999999999999
2261,51.291866,61.99999999999999
2262,51.183907,61.99999999999999
2263,51.04835,61.99999999999999
2264,50.898808,63.0
2265,50.76484,63.0
2266,50.62075,63.0
2267,50.5334,63.0
2268,50.455666,63.0
2269,50.382057,63.0
2270,50.298252,63.0
2271,50.185055,63.0
2272,50.349464,63.0
2273,50.40804,63.0
2274,50.54149,63.0
2275,50.760548,63.0
2276,51.01703,63.0
2277,51.365505,61.99999999999999
2278,51.54861,61.99999999999999
2279,51.654087,61.0
2280,51.716522,61.0
2281,51.72741,61.0
2282,51.68891,61.0
2283,51.53188,61.0
2284,51.467583,61.0
2285,51.394745,61.0
2286,51.324978,61.0
2287,51.23339,61.0
2288,51.11886,61.0
2289,50.98075,61.0
2290,50.881645,61.0
2291,50.795486,61.0
2292,50.72793,61.0
2293,50.642437,61.0
2294,50.577892,60.0
2295,50.452312,60.0
2296,50.458042,61.0
2297,50.57992,61.0
2298,50.72487,61.0
2299,50.978992,61.99999999999999
2300,51.267292,61.99999999999999
2301,51.45899,61.99999999999999
2302,51.575565,61.99999999999999
2303,51.436623,63.0
2304,51.356358,63.0
2305,51.239193,63.0
2306,51.17527,65.0
2307,51.28293,66.0
2308,51.34562,66.0
2309,51.27659,67.0
2310,51.07238,68.0
2311,50.878628,69.0
2312,50.695114,70.0
2313,50.523533,71.0
2314,50.35478,72.0
2315,50.180687,73.0
2316,50.028732,73.0
2317,49.902294,74.0
2318,49.808674,75.0
2319,49.916946,75.0
2320,50.096867,75.0
2321,50.099106,75.0
2322,50.294056,74.0
2323,50.465973,74.0
2324,50.589893,74.0
2325,50.615524,74.0
2326,50.826897,90.0
2327,50.98834,101.0
2328,51.262978,106.0
2329,51.557236,100.0
2330,51.720787,84.0
2331,51.796535,74.0
2332,51.822052,73.0
2333,51.798794,72.0
2334,51.76567,71.0
2335,51.71034,70.0
2336,51.597828,70.0
2337,51.511898,69.0
2338,51.499958,69.0
2339,51.475388,69.0
2340,51.367664,69.0
2341,51.28931,69.0
2342,51.388664,69.0
2343,51.578438,70.0
2344,51.94928,71.0
2345,52.144665,71.0
2346,52.37781,72.0
2347,52.615967,72.0
2348,52.738052,72.0
2349,52.97804,80.0
2350,53.191833,104.0
2351,53.59806,108.99999999999999
2352,53.927,106.0
2353,54.211163,100.0
2354,54.299496,80.0
2355,54.30666,74.0
2356,54.290554,73.0
2357,54.205482,73.0
2358,54.063408,72.0
2359,53.904152,72.0
2360,53.748898,71.0
2361,53.60649,71.0
2362,53.4659,71.0
2363,53.357037,70.0
2364,53.22847,69.0
2365,53.078564,69.0
2366,52.924744,69.0
2367,52.87529,68.0
2368,53.1544,68.0
2369,53.39061,69.0
2370,53.848606,69.0
2371,53.99612,69.0
2372,54.009514,69.0
2373,54.15722,68.0
2374,54.101727,67.0
2375,54.03816,66.0
2376,53.93968,65.0
2377,53.788834,66.0
2378,53.63623,66.0
2379,53.4241,67.0
2380,53.230034,67.0
2381,53.02223,67.0
2382,52.857815,67.0
2383,52.715256,67.0
2384,52.57433,67.0
2385,52.494446,67.0
2386,52.42281,67.0
2387,52.31579,67.0
2388,52.193455,67.0
2389,52.022614,67.0
2390,51.803463,67.0
2391,51.558792,66.0
2392,51.494843,66.0
2393,51.470325,65.0
2394,51.648273,64.0
2395,51.803047,64.0
2396,51.983562,64.0
2397,52.353897,64.0
2398,52.526623,65.0
2399,52.807934,65.0
2400,52.997635,65.0
2401,53.185226,65.0
2402,53.142113,64.0
2403,53.063213,64.0
2404,52.975773,64.0
2405,52.880356,64.0
2406,52.75776,64.0
2407,52.61707,64.0
2408,52.47122,64.0
2409,52.2809,64.0
2410,52.097187,65.0
2411,51.97863,65.0
2412,51.82103,65.0
2413,51.66007,65.0
2414,51.4829,65.0
2415,51.385708,66.0
2416,51.35907,67.0
2417,51.399277,68.0
2418,51.627766,68.0
2419,51.75169,69.0
2420,51.781345,69.0
2421,51.672203,69.0
2422,51.575214,68.0
2423,51.49893,68.0
2424,51.417976,69.0
2425,51.293728,69.0
2426,51.136017,70.0
2427,50.952454,71.0
2428,50.749954,71.0
2429,50.570328,71.0
2430,50.352707,72.0
2431,50.152184,72.0
2432,49.929638,72.0
2433,49.73567,72.0
2434,49.589962,72.0
2435,49.51249,71.0
2436,49.443146,71.0
2437,49.3067,71.0
2438,49.12771,71.0
2439,48.86867,71.0
2440,48.87867,70.0
2441,49.069973,70.0
2442,49.272266,69.0
2443,49.435463,68.0
2444,49.703056,68.0
2445,50.069843,67.0
2446,50.077587,67.0
2447,50.13769,66.0
2448,50.138355,65.0
2449,50.06116,65.0
2450,49.999123,65.0
2451,49.915142,64.0
2452,49.798916,64.0
2453,49.67474,64.0
2454,49.518253,63.0
2455,49.344364,61.99999999999999
2456,49.183403,61.99999999999999
2457,49.047066,61.99999999999999
2458,48.891697,61.99999999999999
2459,48.830803,61.99999999999999
2460,48.71928,61.99999999999999
2461,48.665466,61.99999999999999
2462,48.588047,61.0
2463,48.456177,61.0
2464,48.47818,61.0
2465,48.474773,60.0
2466,48.34833,59.0
2467,48.41786,59.0
2468,48.492397,59.0
2469,48.44473,59.0
2470,48.366222,59.0
2471,48.175198,59.0
2472,47.867596,58.0
2473,47.60661,57.0
2474,47.292206,56.0
2475,46.96257,56.0
2476,46.8543,56.0
2477,46.645164,56.0
2478,46.56656,56.0
2479,46.460407,56.0
2480,46.3619,56.0
2481,46.23817,56.0
2482,46.142673,56.0
2483,46.054306,56.0
2484,46.09621,55.0
2485,45.87489,54.0
2486,45.522556,53.0
2487,45.173607,53.0
2488,45.00494,52.0
2489,44.83796,52.0
2490,44.742718,53.0
2491,44.81611,53.0
2492,44.710835,53.0
2493,44.769615,54.0
2494,44.695328,54.0
2495,44.446358,54.0
2496,44.067177,54.0
2497,43.688084,54.0
2498,43.516335,54.0
2499,43.424324,54.0
2500,43.18272,53.0
2501,42.824673,53.0
2502,42.596478,52.0
2503,42.38868,52.0
2504,42.229954,51.00000000000001
2505,42.01261,51.00000000000001
2506,41.867107,51.00000000000001
2507,41.751427,50.0
2508,41.688877,51.00000000000001
2509,41.64213,52.0
2510,41.338898,53.0
2511,41.154396,53.0
2512,41.018444,52.0
2513,40.95645,52.0
2514,41.056313,51.00000000000001
2515,41.045025,50.0
2516,41.24594,46.99999999999999
2517,41.49227,45.0
2518,41.65753,45.0
2519,41.70874,46.0
2520,41.638187,46.0
2521,41.264885,46.0
2522,40.99706,46.0
2523,40.7244,46.99999999999999
2524,40.686848,46.99999999999999
2525,40.395023,46.99999999999999
2526,40.051144,46.99999999999999
2527,39.74899,46.0
2528,39.375183,45.0
2529,39.10011,45.0
2530,38.964893,45.0
2531,38.815804,44.0
2532,38.58068,43.0
2533,38.405453,44.0
2534,38.11836,44.0
2535,37.846172,45.0
2536,37.869526,45.0
2537,37.721672,46.0
2538,37.740067,48.0
2539,37.782585,48.0
2540,37.889126,49.0
2541,38.173897,50.0
2542,38.1916,49.0
2543,38.006516,49.0
2544,37.6345,49.0
2545,37.221405,49.0
2546,36.860268,50.0
2547,36.419754,49.0
2548,36.001526,49.0
2549,35.500088,50.0
2550,35.052788,50.0
2551,34.60663,51.00000000000001
2552,34.26017,51.00000000000001
2553,33.91796,51.00000000000001
2554,33.65602,51.00000000000001
2555,33.3283,52.0
2556,33.056637,52.0
2557,32.8237,52.0
2558,32.59519,52.0
2559,32.2728,52.0
2560,32.24232,52.0
2561,32.1104,52.0
2562,32.4212,52.0
2563,32.68521,52.0
2564,32.841446,52.0
2565,33.04696,52.0
2566,33.351944,52.0
2567,33.331406,52.0
2568,33.05914,52.0
2569,32.660503,52.0
2570,32.212006,53.0
2571,31.701958,53.0
2572,31.292004,54.0
2573,30.838453,54.0
2574,30.29062,54.0
2575,29.825495,54.0
2576,29.393545,55.0
2577,29.050606,55.0
2578,28.808695,56.0
2579,28.619024,56.0
2580,28.465649,55.0
2581,28.213907,54.0
2582,28.19939,54.0
2583,27.966223,54.0
2584,28.171589,54.0
2585,28.370209,54.0
2586,28.691753,54.0
2587,29.130302,54.0
2588,29.52593,54.0
2589,30.140783,53.0
2590,30.634306,54.0
2591,30.658216,54.0
2592,30.438417,53.0
2593,29.910067,53.0
2594,29.447577,53.0
2595,29.035707,53.0
2596,28.66711,54.0
2597,28.710295,53.0
2598,28.941084,52.0
2599,29.015297,51.00000000000001
2600,28.917524,51.00000000000001
2601,28.774958,50.0
2602,28.56929,48.0
2603,28.271532,46.99999999999999
2604,27.959166,46.0
2605,27.532488,46.0
2606,27.116106,46.0
2607,26.74546,46.0
2608,26.483963,48.0
2609,26.487793,51.00000000000001
2610,26.406797,51.00000000000001
2611,26.766405,51.00000000000001
2612,27.290815,50.0
2613,27.327703,48.0
2614,27.21315,46.99999999999999
2615,27.233387,46.99999999999999
2616,27.259071,48.0
2617,27.038927,49.0
2618,26.646338,50.0
2619,26.062042,51.00000000000001
2620,25.660742,39.0
2621,25.325678,39.0
2622,24.958485,38.0
2623,24.678787,38.0
2624,24.355873,39.0
2625,24.17624,39.0
2626,24.023647,40.0
2627,23.800943,40.0
2628,23.823372,41.0
2629,23.739359,42.0
2630,23.661465,43.0
2631,23.56368,45.0
2632,23.162006,45.0
2633,22.703308,44.0
2634,22.732254,44.0
2635,23.489372,44.0
2636,24.962069,46.99999999999999
2637,26.776358,51.00000000000001
2638,28.56786,51.00000000000001
2639,29.02256,52.0
2640,29.274836,53.0
2641,28.772476,53.0
2642,28.39953,53.0
2643,28.150885,54.0
2644,27.548899,61.99999999999999
2645,27.980059,61.99999999999999
2646,28.177639,64.0
2647,28.271158,64.0
2648,28.197147,64.0
2649,28.128155,64.0
2650,28.02709,64.0
2651,27.715406,65.0
2652,27.500378,65.0
2653,27.33286,65.0
2654,27.068,65.0
2655,26.97372,65.0
2656,27.343147,65.0
2657,27.936428,65.0
2658,28.98928,64.0
2659,29.75001,64.0
2660,31.025574,63.0
2661,32.120106,64.0
2662,33.463974,64.0
2663,35.037006,71.0
2664,36.844532,71.0
2665,37.689514,66.0
2666,37.883175,65.0
2667,37.901737,65.0
2668,38.40084,65.0
2669,38.198055,66.0
2670,37.98318,65.0
2671,37.89794,65.0
2672,37.76742,64.0
2673,37.653423,64.0
2674,37.59746,66.0
2675,37.730747,65.0
2676,37.46007,66.0
2677,37.40761,67.0
2678,37.39716,68.0
2679,37.386578,68.0
2680,37.767014,67.0
2681,37.930748,67.0
2682,38.55782,68.0
2683,39.468174,68.0
2684,40.16461,68.0
2685,40.687225,69.0
2686,41.01363,68.0
2687,40.997047,69.0
2688,41.217606,67.0
2689,40.960487,68.0
2690,40.92203,69.0
2691,40.885914,70.0
2692,40.882446,53.0
2693,40.58041,53.0
2694,40.55246,52.0
2695,40.60885,52.0
2696,40.60595,52.0
2697,40.599514,52.0
2698,40.54297,51.00000000000001
2699,40.45778,49.0
2700,40.374428,46.99999999999999
2701,40.255104,43.0
2702,40.074306,41.0
2703,39.62094,38.0
2704,39.371628,37.0
2705,39.47071,35.0
2706,39.519344,32.0
2707,39.635338,32.0
2708,39.765324,30.999999999999996
2709,39.93041,32.0
2710,40.10725,35.0
2711,40.36313,36.0
2712,40.459133,35.0
2713,40.231995,32.0
2714,39.74568,30.0
2715,39.189877,29.0
2716,38.64709,56.0
2717,38.268387,57.0
2718,38.032204,57.0
2719,37.61771,57.0
2720,37.43195,58.0
2721,37.25481,59.0
2722,37.149788,60.0
2723,36.925556,60.0
2724,36.859467,61.0
2725,36.708893,61.0
2726,36.584583,61.99999999999999
2727,36.48926,63.0
2728,36.50238,63.0
2729,36.686,63.0
2730,37.294216,64.0
2731,38.027874,64.0
2732,38.94127,66.0
2733,40.0804,66.0
2734,40.540123,67.0
2735,40.863003,67.0
2736,41.02749,67.0
2737,41.024963,68.0
2738,40.888126,70.0
2739,40.72069,70.0
2740,40.60116,54.0
2741,40.316795,54.0
2742,40.184933,55.0
2743,39.98832,55.0
2744,39.786747,55.0
2745,39.59273,56.0
2746,39.3793,56.0
2747,39.220795,56.0
2748,39.044216,56.0
2749,38.842957,56.0
2750,38.636257,56.0
2751,38.400322,56.0
2752,38.27102,56.0
2753,38.30197,56.0
2754,38.418694,55.0
2755,38.673935,55.0
2756,39.17339,55.0
2757,39.579536,56.0
2758,39.68264,56.0
2759,39.883137,56.0
2760,39.944393,56.0
2761,39.678383,55.0
2762,39.48904,55.0
2763,39.232025,55.0
2764,39.380043,59.0
2765,39.287857,59.0
2766,39.21001,59.0
2767,39.188404,59.0
2768,39.170155,59.0
2769,39.2301,59.0
2770,39.238712,59.0
2771,39.276634,60.0
2772,39.329147,60.0
2773,39.351906,61.0
2774,39.223087,61.99999999999999
2775,39.0013,63.0
2776,39.162247,64.0
2777,39.44287,65.0
2778,39.9445,65.0
2779,40.543404,66.0
2780,41.246986,66.0
2781,41.897217,66.0
2782,42.60166,66.0
2783,43.16774,67.0
2784,43.646133,67.0
2785,43.806435,67.0
2786,43.974884,68.0
2787,43.96598,68.0
2788,43.884697,53.0
2789,43.89001,55.0
2790,43.833088,56.0
2791,43.91203,57.0
2792,43.911617,59.0
2793,43.824215,59.0
2794,43.679546,60.0
2795,43.585293,61.99999999999999
2796,43.514675,63.0
2797,43.393482,64.0
2798,43.33826,66.0
2799,43.289318,68.0
2800,43.40476,70.0
2801,43.73305,72.0
2802,44.2145,74.0
2803,45.07487,76.0
2804,46.20526,78.0
2805,47.065735,80.0
2806,47.812435,81.0
2807,48.570015,87.0
2808,49.098072,97.0
2809,49.45027,93.0
2810,49.81154,86.0
2811,50.069843,87.0
2812,50.058315,86.0
2813,49.814526,86.0
2814,49.665886,86.0
2815,49.606796,86.0
2816,49.635883,86.0
2817,49.62492,86.0
2818,49.621384,87.0
2819,49.581734,87.0
2820,49.600513,87.0
2821,49.64879,87.0
2822,48.991997,88.0
2823,48.468433,89.0
2824,48.175976,89.0
2825,48.5769,90.0
2826,49.237785,90.0
2827,50.24877,92.0
2828,50.961273,93.0
2829,50.999714,95.0
2830,51.153107,98.0
2831,50.828217,108.99999999999999
2832,51.183598,111.0
2833,51.44235,125.0
2834,51.624214,132.0
2835,51.669426,139.0
2836,51.57052,64.0
2837,51.412254,63.0
2838,51.28483,61.99999999999999
2839,51.14169,61.99999999999999
2840,51.041767,61.0
2841,50.95362,60.0
2842,50.869274,60.0
2843,50.790443,59.0
2844,50.74938,58.0
2845,50.69148,58.0
2846,50.342506,57.0
2847,50.041046,57.0
2848,49.859818,56.0
2849,49.901817,56.0
2850,50.032387,57.0
2851,50.237328,57.0
2852,50.42724,57.0
2853,50.530766,57.0
2854,50.90298,57.0
2855,50.966545,57.0
2856,51.08004,57.0
2857,51.05285,57.0
2858,50.966763,57.0
2859,51.025608,58.0
2860,51.042843,41.0
2861,50.779396,42.0
2862,50.62936,42.0
2863,50.472412,42.0
2864,50.172287,42.0
2865,50.009525,43.0
2866,49.943527,43.0
2867,49.85321,44.0
2868,49.804443,45.0
2869,49.70182,45.0
2870,49.407063,46.0
2871,49.071323,46.0
2872,48.838905,45.0
2873,48.595886,45.0
2874,48.379673,44.0
2875,48.346607,43.0
2876,48.462685,42.0
2877,48.268867,42.0
2878,47.96339,41.0
2879,47.847458,40.0
2880,47.6823,40.0
2881,47.39398,40.0
2882,47.163414,40.0
2883,46.913082,42.0
2884,46.792747,46.0
2885,46.688694,46.99999999999999
2886,46.590652,48.0
2887,46.478775,49.0
2888,46.339336,49.0
2889,46.202534,50.0
2890,46.062008,51.00000000000001
2891,45.961742,51.00000000000001
2892,45.88169,52.0
2893,45.835896,52.0
2894,45.829666,52.0
2895,45.71104,52.0
2896,45.56766,52.0
2897,45.51653,52.0
2898,45.2367,53.0
2899,45.44227,53.0
2900,45.683838,53.0
2901,45.925655,54.0
2902,45.979465,54.0
2903,46.076305,54.0
2904,46.204517,55.0
2905,46.198444,55.0
2906,46.17285,56.0
2907,46.132664,56.0
2908,45.976456,57.0
2909,45.900917,57.0
2910,45.805294,57.0
2911,45.70182,58.0
2912,45.603867,57.0
2913,45.434883,57.0
2914,45.26726,57.0
2915,45.33399,57.0
2916,45.28189,56.0
2917,45.13849,56.0
2918,44.84959,56.0
2919,44.7452,55.0
2920,44.57383,55.0
2921,44.416553,56.0
2922,44.34528,56.0
2923,44.409996,55.0
2924,43.941704,55.0
2925,43.800728,55.0
2926,43.553524,54.0
2927,43.198246,54.0
2928,42.56971,54.0
2929,42.24739,53.0
2930,41.95887,53.0
2931,41.679386,52.0
2932,41.402115,51.00000000000001
2933,41.12065,51.00000000000001
2934,40.96686,50.0
2935,40.68794,49.0
2936,40.482666,49.0
2937,40.313015,48.0
2938,40.06082,46.99999999999999
2939,39.88137,49.0
2940,39.76679,49.0
2941,39.617313,50.0
2942,39.32392,51.00000000000001
2943,39.097183,52.0
2944,39.086903,52.0
2945,39.15565,52.0
2946,39.48447,52.0
2947,40.12693,53.0
2948,40.57748,52.0
2949,41.069775,53.0
2950,41.420753,53.0
2951,41.86642,53.0
2952,42.106148,53.0
2953,41.856956,53.0
2954,41.420643,53.0
2955,40.929493,53.0
2956,40.821568,54.0
2957,40.541897,54.0
2958,40.333836,54.0
2959,40.21778,55.0
2960,40.121647,55.0
2961,39.955593,56.0
2962,39.87116,56.0
2963,39.705185,57.0
2964,39.57445,57.0
2965,39.547718,58.0
2966,39.51654,58.0
2967,39.49674,59.0
2968,39.70812,58.0
2969,39.97443,59.0
2970,40.464058,58.0
2971,40.90341,58.0
2972,41.51779,59.0
2973,42.2321,59.0
2974,42.67501,60.0
2975,42.969227,60.0
2976,43.12483,61.0
2977,43.514782,61.99999999999999
2978,43.70785,61.99999999999999
2979,43.723366,63.0
2980,43.66322,64.0
2981,43.616528,65.0
2982,43.528965,65.0
2983,43.458622,65.0
2984,43.41117,65.0
2985,43.34932,66.0
2986,43.307537,66.0
2987,43.263138,66.0
2988,43.252808,66.0
2989,43.152924,66.0
2990,42.90292,66.0
2991,42.6701,66.0
2992,42.878613,67.0
2993,43.24496,67.0
2994,43.406704,67.0
2995,43.965614,67.0
2996,44.47319,68.0
2997,45.141083,67.0
2998,45.23036,67.0
2999,45.629765,67.0
3000,45.829346,66.0
3001,45.902622,66.0
3002,45.897808,66.0
3003,45.864872,65.0
3004,45.794163,65.0
3005,45.77286,64.0
3006,45.747295,63.0
3007,45.69229,63.0
3008,45.62951,61.99999999999999
3009,45.572594,61.0
3010,45.54285,60.0
3011,45.55526,59.0
3012,45.56178,58.0
3013,45.446236,57.0
3014,45.38926,56.0
3015,45.152256,55.0
3016,45.07194,55.0
3017,44.96021,54.0
3018,44.853874,53.0
3019,44.627464,53.0
3020,44.570103,52.0
3021,44.395283,52.0
3022,44.508705,52.0
3023,44.24746,51.00000000000001
3024,44.26679,49.0
3025,44.020786,49.0
3026,43.86932,49.0
3027,43.74958,49.0
3028,43.653,50.0
3029,43.62894,50.0
3030,43.674526,49.0
3031,43.568573,49.0
3032,43.574154,48.0
3033,43.54437,48.0
3034,43.505657,49.0
3035,43.4752,49.0
3036,43.460922,51.00000000000001
3037,43.41296,51.00000000000001
3038,43.252575,52.0
3039,43.21719,52.0
3040,43.17723,52.0
3041,43.174377,53.0
3042,43.141758,53.0
3043,43.2605,55.0
3044,43.462463,56.0
3045,43.70282,55.0
3046,43.722965,56.0
3047,43.765343,56.0
3048,43.79061,55.0
3049,43.803318,55.0
3050,43.697315,55.0
3051,43.64519,54.0
3052,43.628654,53.0
3053,43.57176,53.0
3054,43.53322,53.0
3055,43.483246,52.0
3056,43.429222,52.0
3057,43.38178,53.0
3058,43.33881,53.0
3059,43.34967,53.0
3060,43.400574,54.0
3061,43.439117,54.0
3062,43.36721,53.0
3063,43.271843,52.0
3064,43.125633,52.0
3065,43.073467,52.0
3066,43.135197,50.0
3067,43.127117,45.0
3068,43.04208,42.0
3069,43.008953,42.0
3070,42.915817,43.0
3071,42.888596,43.0
3072,42.89714,44.0
3073,42.815235,45.0
3074,42.708023,46.0
3075,42.599186,46.0
3076,42.490627,46.99999999999999
3077,42.449203,46.99999999999999
3078,42.430553,48.0
3079,42.374344,50.0
3080,42.314907,51.00000000000001
3081,42.260506,52.0
3082,42.20907,52.0
3083,42.21525,52.0
3084,42.2596,52.0
3085,42.26665,53.0
3086,42.236454,53.0
3087,42.205208,53.0
3088,42.105976,54.0
3089,42.15742,54.0
3090,42.334026,54.0
3091,42.683216,55.0
3092,42.98373,55.0
3093,43.297344,56.0
3094,43.43834,56.0
3095,43.477074,56.0
3096,43.466717,56.0
3097,43.40749,55.0
3098,43.192265,56.0
3099,43.085983,56.0
3100,43.057693,56.0
3101,42.941532,56.0
3102,42.849373,56.0
3103,42.71972,56.0
3104,42.734245,57.0
3105,42.759014,57.0
3106,42.84215,57.0
3107,42.869995,57.0
3108,42.783043,56.0
3109,42.79943,57.0
3110,42.778645,57.0
3111,42.578785,57.0
3112,42.594208,57.0
3113,42.404892,56.0
3114,42.273888,56.0
3115,42.273026,56.0
3116,42.001606,55.0
3117,41.87839,55.0
3118,42.18688,56.0
3119,42.358425,56.0
3120,42.42718,57.0
3121,42.576996,57.0
3122,42.6348,58.0
3123,42.649174,58.0
3124,42.607185,58.0
3125,42.425514,58.0
3126,42.331432,59.0
3127,42.29292,59.0
3128,42.2785,58.0
3129,42.222595,58.0
3130,42.197144,58.0
3131,42.154034,59.0
3132,42.124985,59.0
3133,42.08634,58.0
3134,42.09211,59.0
3135,42.124176,60.0
3136,42.283585,60.0
3137,42.299393,61.0
3138,42.380844,60.0
3139,42.403385,61.0
3140,42.403294,61.0
3141,42.24066,61.0
3142,42.485207,61.99999999999999
3143,42.82696,61.99999999999999
3144,43.18952,61.99999999999999
3145,43.362812,61.99999999999999
3146,43.357952,63.0
3147,43.295784,63.0
3148,43.27653,64.0
3149,43.219204,63.0
3150,43.2334,63.0
3151,43.243004,63.0
3152,43.25157,64.0
3153,43.255302,64.0
3154,43.25039,63.0
3155,43.2609,63.0
3156,43.311954,63.0
3157,43.37343,63.0
3158,43.125805,61.99999999999999
3159,43.11736,61.99999999999999
3160,43.11112,61.99999999999999
3161,43.33937,61.99999999999999
3162,43.813244,63.0
3163,44.430466,63.0
3164,44.80914,64.0
3165,45.212753,63.0
3166,45.49768,61.99999999999999
3167,45.764698,61.0
3168,45.932167,61.0
3169,45.935596,59.0
3170,45.739548,59.0
3171,45.78272,58.0
3172,45.827682,58.0
3173,45.89516,57.0
3174,45.692318,58.0
3175,45.69681,57.0
3176,45.761036,57.0
3177,45.769894,57.0
3178,45.830917,57.0
3179,45.8773,57.0
3180,45.934692,56.0
3181,45.926292,57.0
3182,45.65928,57.0
3183,45.583385,57.0
3184,45.698025,56.0
3185,45.574688,55.0
3186,45.73905,55.0
3187,45.987617,55.0
3188,46.363255,55.0
3189,46.88714,55.0
3190,47.241203,55.0
3191,47.713108,56.0
3192,48.081238,56.0
3193,48.36754,57.0
3194,48.37412,57.0
3195,48.302784,57.0
3196,48.271255,57.0
3197,48.179916,59.0
3198,48.028362,58.0
3199,48.007313,59.0
3200,47.980694,59.0
3201,48.043106,59.0
3202,48.053123,59.0
3203,48.050404,60.0
3204,48.036407,60.0
3205,47.96643,61.0
3206,47.79985,60.0
3207,47.63393,61.0
3208,47.80358,61.0
3209,47.985756,61.99999999999999
3210,48.213303,61.99999999999999
3211,48.44827,61.0
3212,48.497124,61.0
3213,48.740673,61.0
3214,48.899075,60.0
3215,48.931366,60.0
3216,48.941772,60.0
3217,49.015495,60.0
3218,49.012753,60.0
3219,48.93681,59.0
3220,48.791306,59.0
3221,48.687267,59.0
3222,48.589756,58.0
3223,48.5631,59.0
3224,48.557182,58.0
3225,48.541485,59.0
3226,48.502934,59.0
3227,48.518345,59.0
3228,48.48765,59.0
3229,48.385605,58.0
3230,48.280457,59.0
3231,48.443283,59.0
3232,48.605946,60.0
3233,48.910076,60.0
3234,49.079624,61.0
3235,49.22341,61.0
3236,49.47907,61.99999999999999
3237,49.79456,61.99999999999999
3238,50.09901,61.99999999999999
3239,50.234867,61.99999999999999
3240,50.376915,61.99999999999999
3241,50.491966,61.99999999999999
3242,50.56924,63.0
3243,50.57203,63.0
3244,50.493145,63.0
3245,50.4156,63.0
3246,50.321644,63.0
3247,50.19842,64.0
3248,50.162586,64.0
3249,50.139244,64.0
3250,50.103176,64.0
3251,50.078342,64.0
3252,50.05872,65.0
3253,49.938717,65.0
3254,49.708385,65.0
3255,49.441402,65.0
3256,49.368813,65.0
3257,49.582264,66.0
3258,49.883266,66.0
3259,49.991627,66.0
3260,50.325188,66.0
3261,50.566895,66.0
3262,50.937393,67.0
3263,51.38472,68.0
3264,51.76947,68.0
3265,51.957184,68.0
3266,52.080673,68.0
3267,52.14472,69.0
3268,52.096363,69.0
3269,52.008286,69.0
3270,51.80523,69.0
3271,51.572582,70.0
3272,51.35059,71.0
3273,51.19271,71.0
3274,51.035942,71.0
3275,50.867218,72.0
3276,50.764614,72.0
3277,50.66707,72.0
3278,50.534275,72.0
3279,50.48159,73.0
3280,50.77474,73.0
3281,50.998344,72.0
3282,51.270977,72.0
3283,51.54999,72.0
3284,51.805668,72.0
3285,52.01515,72.0
3286,52.333492,72.0
3287,52.69719,73.0
3288,53.007362,73.0
3289,53.208122,73.0
3290,53.209114,74.0
3291,53.14713,74.0
3292,53.069378,73.0
3293,52.993553,73.0
3294,52.863697,73.0
3295,52.71549,72.0
3296,52.534653,72.0
3297,52.390854,71.0
3298,52.27041,71.0
3299,52.166653,71.0
3300,52.099045,70.0
3301,51.982224,70.0
3302,51.871025,70.0
3303,52.048683,69.0
3304,52.41621,70.0
3305,52.81286,70.0
3306,53.24096,71.0
3307,53.46759,71.0
3308,53.58064,71.0
3309,53.888138,70.0
3310,54.063065,70.0
3311,54.314964,70.0
3312,54.656498,70.0
3313,54.865566,70.0
3314,55.001564,69.0
3315,54.990505,70.0
3316,54.98405,70.0
3317,54.902782,69.0
3318,54.84048,69.0
3319,54.815372,69.0
3320,54.816864,69.0
3321,54.768005,69.0
3322,54.665924,68.0
3323,54.584324,68.0
3324,54.530346,68.0
3325,54.382973,67.0
3326,54.190945,67.0
3327,54.0674,66.0
3328,54.0053,65.0
3329,54.194572,65.0
3330,54.82309,64.0
3331,54.954678,65.0
3332,55.22413,65.0
3333,55.55452,65.0
3334,55.912025,65.0
3335,56.047558,65.0
3336,56.193012,64.0
3337,56.230507,64.0
3338,56.2472,64.0
3339,56.208504,63.0
3340,56.14548,52.0
3341,55.96223,52.0
3342,55.775845,52.0
3343,55.61314,53.0
3344,55.474148,53.0
3345,55.33323,53.0
3346,55.261875,53.0
3347,55.151096,53.0
3348,55.06057,53.0
3349,54.932438,53.0
3350,54.773174,53.0
3351,54.52155,52.0
3352,54.40242,52.0
3353,54.26721,52.0
3354,54.23008,53.0
3355,54.09947,52.0
3356,53.93383,53.0
3357,53.83608,53.0
3358,53.665062,53.0
3359,53.439903,52.0
3360,53.213554,53.0
3361,53.113995,52.0
3362,53.003674,52.0
3363,52.967243,52.0
3364,52.829952,54.0
3365,52.495056,54.0
3366,52.155296,55.0
3367,51.862843,55.0
3368,51.614758,55.0
3369,51.52492,55.0
3370,51.482376,56.0
3371,51.37444,56.0
3372,51.262363,56.0
3373,51.14443,57.0
3374,50.823112,57.0
3375,50.28853,57.0
3376,50.01822,58.0
3377,50.061142,58.0
3378,50.278324,57.0
3379,50.20347,57.0
3380,50.088284,56.0
3381,50.122475,55.0
3382,49.917118,55.0
3383,49.86214,55.0
3384,49.98653,56.0
3385,50.063095,56.0
3386,50.197712,56.0
3387,50.22998,56.0
3388,50.078083,65.0
3389,50.09138,64.0
3390,49.999454,63.0
3391,50.108337,63.0
3392,50.121582,63.0
3393,50.20846,63.0
3394,50.232708,63.0
3395,50.28895,63.0
3396,50.266975,63.0
3397,50.395905,63.0
3398,50.223373,63.0
3399,49.837116,63.0
3400,49.925926,63.0
3401,50.23056,61.99999999999999
3402,50.10343,63.0
3403,50.386414,63.0
3404,50.37687,61.99999999999999
3405,50.374912,60.0
3406,50.219643,60.0
3407,50.610573,59.0
3408,51.41002,61.0
3409,51.892258,63.0
3410,52.165825,63.0
3411,52.297028,64.0
3412,52.424488,71.0
3413,52.187138,71.0
3414,51.947693,71.0
3415,51.738186,72.0
3416,51.57344,73.0
3417,51.427505,73.0
3418,51.26791,71.0
3419,51.148785,72.0
3420,51.007645,72.0
3421,50.831768,71.0
3422,50.51758,71.0
3423,50.463947,71.0
3424,50.625828,72.0
3425,50.81781,72.0
3426,51.07511,72.0
3427,51.32288,72.0
3428,51.643993,73.0
3429,52.185837,71.0
3430,51.89113,71.0
3431,52.09468,70.0
3432,52.225155,72.0
3433,52.26448,72.0
3434,52.19131,71.0
3435,52.051983,70.0
3436,51.973526,29.0
3437,51.634346,30.0
3438,51.386005,30.0
3439,51.12716,30.999999999999996
3440,50.919598,32.0
3441,50.73085,32.0
3442,50.5652,34.0
3443,50.460648,34.0
3444,50.35558,36.0
3445,50.276413,36.0
3446,49.8827,38.0
3447,49.702312,39.0
3448,49.357445,38.0
3449,49.210716,39.0
3450,49.297363,40.0
3451,49.41705,40.0
3452,49.60179,40.0
3453,49.656082,39.0
3454,49.719013,39.0
3455,49.870712,39.0
3456,49.773327,39.0
3457,49.560688,40.0
3458,49.357494,39.0
3459,49.138332,39.0
3460,48.971184,71.0
3461,48.680042,71.0
3462,48.47867,72.0
3463,48.377808,73.0
3464,48.5695,73.0
3465,48.624523,73.0
3466,48.764194,73.0
3467,48.77739,72.0
3468,48.66249,72.0
3469,48.64943,71.0
3470,48.515244,72.0
3471,48.515842,72.0
3472,48.583324,71.0
3473,48.402912,72.0
3474,48.37397,71.0
3475,48.55785,71.0
3476,49.07034,70.0
3477,49.52696,70.0
3478,49.600365,70.0
3479,49.741055,70.0
3480,49.740746,70.0
3481,49.636436,70.0
3482,49.465878,69.0
3483,49.354675,69.0
3484,49.207428,55.0
3485,49.322773,55.0
3486,49.38016,55.0
3487,49.47519,54.0
3488,49.585854,54.0
3489,49.675465,54.0
3490,49.724472,53.0
3491,49.85324,53.0
3492,50.119133,53.0
3493,50.57907,53.0
3494,51.305088,53.0
3495,51.212757,53.0
3496,51.084423,53.0
3497,50.984436,53.0
3498,50.886375,53.0
3499,50.773148,53.0
3500,50.92575,53.0
3501,51.206894,54.0
3502,51.2619,54.0
3503,51.2522,54.0
3504,51.315468,54.0
3505,51.30521,55.0
3506,51.243534,55.0
3507,51.132977,56.0
3508,51.023224,69.0
3509,50.783157,69.0
3510,50.547047,69.0
3511,50.411385,70.0
3512,50.308662,70.0
3513,50.213215,70.0
3514,50.18935,70.0
3515,50.160133,70.0
3516,50.072323,71.0
3517,50.036865,71.0
3518,50.033787,72.0
3519,49.998207,73.0
3520,50.274914,73.0
3521,50.46934,73.0
3522,50.68704,73.0
3523,50.77647,73.0
3524,50.957684,73.0
3525,51.12527,73.0
3526,51.025833,73.0
3527,51.038692,72.0
3528,51.035862,72.0
3529,50.9255,71.0
3530,50.749325,70.0
3531,50.532665,70.0
3532,50.31318,87.0
3533,50.31699,88.0
3534,50.34924,89.0
3535,50.403915,90.0
3536,50.33298,91.0
3537,50.17159,93.0
3538,49.966225,93.99999999999999
3539,49.70419,95.0
3540,49.41117,97.0
3541,49.1403,99.0
3542,48.820076,102.00000000000001
3543,48.617325,106.0
3544,48.898556,108.99999999999999
3545,49.357094,114.0
3546,50.017586,115.0
3547,50.671,114.0
3548,51.467453,108.99999999999999
3549,51.86228,106.0
3550,51.95345,100.0
3551,51.890045,99.0
3552,51.89237,98.0
3553,51.811836,96.0
3554,51.86128,93.99999999999999
3555,51.87935,92.0
3556,51.815563,138.0
3557,51.708477,143.0
3558,51.541107,151.00000000000003
3559,51.366463,151.00000000000003
3560,51.19741,152.0
3561,50.974407,152.0
3562,50.68882,153.0
3563,50.398045,153.0
3564,50.12168,153.0
3565,49.910774,154.0
3566,49.681282,154.0
3567,49.797188,154.0
3568,50.29369,155.0
3569,51.174232,155.0
3570,52.242085,155.0
3571,52.816597,155.0
3572,53.36388,155.0
3573,53.534496,155.0
3574,54.724648,154.0
3575,55.474365,153.0
3576,55.982033,154.0
3577,56.483944,154.0
3578,56.77465,154.0
3579,56.851505,154.0
3580,56.832905,59.0
3581,56.87696,59.0
3582,56.840656,60.0
3583,56.895485,60.0
3584,56.855045,60.0
3585,56.913944,60.0
3586,56.962387,61.0
3587,57.05316,61.0
3588,57.11504,61.0
3589,57.18975,61.0
3590,57.101982,61.0
3591,56.857605,60.0
3592,56.504658,61.0
3593,56.468586,61.0
3594,56.40215,61.0
3595,56.356068,61.0
3596,56.095688,60.0
3597,55.811226,60.0
3598,55.89317,60.0
3599,55.92472,61.0
3600,55.823906,61.0
3601,55.61344,61.99999999999999
3602,55.374638,61.99999999999999
3603,55.181454,63.0
3604,54.952003,43.0
3605,54.7574,42.0
3606,54.56629,41.0
3607,54.405743,42.0
3608,54.26586,42.0
3609,54.171303,42.0
3610,54.05834,41.0
3611,53.93397,40.0
3612,53.847015,39.0
3613,53.790024,38.0
3614,53.492474,36.0
3615,52.94609,35.0
3616,52.645523,34.0
3617,52.27111,34.0
3618,52.102493,32.0
3619,51.89904,32.0
3620,51.920925,32.0
3621,51.781662,36.0
3622,52.09817,35.0
3623,51.785423,34.0
3624,51.65573,34.0
3625,51.56777,34.0
3626,51.388367,33.0
3627,51.20371,32.0
3628,51.008343,61.0
3629,50.832855,61.0
3630,50.68655,61.0
3631,50.632378,60.0
3632,50.57955,60.0
3633,50.53625,60.0
3634,50.529884,59.0
3635,50.557976,59.0
3636,50.60504,59.0
3637,50.631287,58.0
3638,50.590183,57.0
3639,50.400974,56.0
3640,50.301964,57.0
3641,50.493492,56.0
3642,50.419933,56.0
3643,50.59797,57.0
3644,50.762794,57.0
3645,50.889477,57.0
3646,50.929142,58.0
3647,51.041138,58.0
3648,50.994984,59.0
3649,51.01538,59.0
3650,51.005825,60.0
3651,50.95253,60.0
3652,50.789104,60.0
3653,50.632015,60.0
3654,50.5724,60.0
3655,50.53101,60.0
3656,50.48384,61.0
3657,50.6296,61.0
3658,50.90248,60.0
3659,50.992813,60.0
3660,51.113026,59.0
3661,51.10439,59.0
3662,51.08856,59.0
3663,51.117046,59.0
3664,51.200966,58.0
3665,51.088047,58.0
3666,51.07801,58.0
3667,50.947548,57.0
3668,50.913612,56.0
3669,50.681072,55.0
3670,50.404892,55.0
3671,50.277897,54.0
3672,50.098186,53.0
3673,50.04519,53.0
3674,49.798786,52.0
3675,49.656963,49.0
3676,49.55249,45.0
3677,49.471348,43.0
3678,49.49045,41.0
3679,49.51789,39.0
3680,49.534767,36.0
3681,49.57775,34.0
3682,49.626324,34.0
3683,49.702396,34.0
3684,49.750023,34.0
3685,49.738907,34.0
3686,49.34049,34.0
3687,49.075222,33.0
3688,48.813828,30.999999999999996
3689,48.45633,30.999999999999996
3690,48.254875,30.999999999999996
3691,48.1156,30.999999999999996
3692,47.96247,32.0
3693,47.816784,42.0
3694,48.05065,49.0
3695,48.527946,51.00000000000001
3696,48.678997,49.0
3697,48.683643,50.0
3698,48.711254,52.0
3699,48.705418,54.0
3700,48.642025,55.0
3701,48.521393,57.0
3702,48.29145,58.0
3703,48.241005,59.0
3704,48.16631,60.0
3705,48.119762,61.0
3706,48.07529,61.99999999999999
3707,48.055935,63.0
3708,47.958115,65.0
3709,47.848724,66.0
3710,47.808544,67.0
3711,47.887463,68.0
3712,48.01083,69.0
3713,48.284496,70.0
3714,48.35888,70.0
3715,48.500187,71.0
3716,48.763226,71.0
3717,48.8657,70.0
3718,48.862328,69.0
3719,48.79182,68.0
3720,48.84257,67.0
3721,48.788586,66.0
3722,48.7733,65.0
3723,48.757122,64.0
3724,48.781147,63.0
3725,48.76687,61.99999999999999
3726,48.85111,61.99999999999999
3727,48.95987,61.0
3728,49.09074,61.0
3729,49.25866,60.0
3730,49.38321,60.0
3731,49.571423,59.0
3732,49.742153,58.0
3733,49.806343,57.0
3734,49.885986,56.0
3735,49.972134,55.0
3736,50.01057,54.0
3737,49.993393,54.0
3738,49.89405,53.0
3739,49.967712,53.0
3740,50.12014,54.0
3741,50.393845,56.0
3742,50.919407,57.0
3743,51.23643,58.0
3744,51.32706,58.0
3745,51.27486,58.0
3746,51.132713,58.0
3747,51.011948,57.0
3748,50.87859,57.0
3749,50.78318,57.0
3750,50.66705,57.0
3751,50.556984,57.0
3752,50.443233,57.0
3753,50.360817,57.0
3754,50.32352,57.0
3755,50.30677,57.0
3756,50.301323,57.0
3757,50.232212,58.0
3758,50.063137,59.0
3759,50.087315,60.0
3760,50.007515,61.0
3761,50.105106,61.0
3762,50.107533,61.0
3763,49.972973,60.0
3764,49.76474,60.0
3765,50.040714,59.0
3766,50.19771,59.0
3767,50.459538,59.0
3768,50.658226,59.0
3769,50.667442,59.0
3770,50.649685,59.0
3771,50.655796,60.0
3772,50.64699,60.0
3773,50.540382,60.0
3774,50.418365,60.0
3775,50.326206,59.0
3776,50.218437,59.0
3777,50.139168,58.0
3778,50.041233,58.0
3779,49.99497,58.0
3780,49.98843,58.0
3781,49.96091,58.0
3782,49.928864,58.0
3783,49.87213,58.0
3784,49.898056,57.0
3785,49.738274,56.0
3786,49.51362,56.0
3787,49.40775,57.0
3788,49.433952,56.0
3789,49.510937,56.0
3790,49.585976,55.0
3791,49.45645,54.0
3792,49.25648,53.0
3793,49.05536,53.0
3794,48.9447,53.0
3795,48.885853,53.0
3796,48.843193,53.0
3797,48.794655,53.0
3798,48.728188,53.0
3799,48.63454,53.0
3800,48.61365,53.0
3801,48.64417,53.0
3802,48.606174,53.0
3803,48.592808,53.0
3804,48.63918,52.0
3805,48.58417,52.0
3806,48.57409,51.00000000000001
3807,48.624123,48.0
3808,48.52772,46.99999999999999
3809,48.351643,48.0
3810,48.35419,46.99999999999999
3811,48.144413,46.99999999999999
3812,48.06998,45.0
3813,47.98571,45.0
3814,47.93057,45.0
3815,47.866898,44.0
3816,47.63006,46.0
3817,47.47457,46.99999999999999
3818,47.309658,46.99999999999999
3819,47.101162,46.99999999999999
3820,47.00708,48.0
3821,46.90396,46.99999999999999
3822,46.785477,48.0
3823,46.708626,46.99999999999999
3824,46.722008,48.0
3825,46.758022,46.99999999999999
3826,46.78518,46.99999999999999
3827,46.87373,48.0
3828,46.95971,49.0
3829,46.95004,48.0
3830,46.909794,46.99999999999999
3831,46.832134,46.99999999999999
3832,46.794525,48.0
3833,46.620228,48.0
3834,46.593468,48.0
3835,46.6061,46.99999999999999
3836,46.39652,46.99999999999999
3837,46.337814,46.99999999999999
3838,46.23388,46.99999999999999
3839,46.124947,48.0
3840,45.97187,48.0
3841,45.719685,49.0
3842,45.654884,51.00000000000001
3843,45.607536,51.00000000000001
3844,45.55658,51.00000000000001
3845,45.554012,51.00000000000001
3846,45.539318,51.00000000000001
3847,45.522163,51.00000000000001
3848,45.512,51.00000000000001
3849,45.499813,51.00000000000001
3850,45.48801,51.00000000000001
3851,45.447323,49.0
3852,45.515587,48.0
3853,45.48191,49.0
3854,45.223515,50.0
3855,45.099995,51.00000000000001
3856,45.171352,52.0
3857,45.299114,52.0
3858,45.336662,53.0
3859,45.34989,54.0
3860,45.571953,55.0
3861,45.851162,56.0
3862,46.130997,58.0
3863,46.583035,58.0
3864,46.853424,60.0
3865,47.041157,60.0
3866,47.089073,61.0
3867,47.045223,61.99999999999999
3868,46.886013,63.0
3869,46.721012,64.0
3870,46.56863,65.0
3871,46.47547,65.0
3872,46.424152,66.0
3873,46.37452,67.0
3874,46.294807,68.0
3875,46.27407,68.0
3876,46.305817,69.0
3877,46.306854,69.0
3878,46.012478,70.0
3879,45.68117,70.0
3880,45.619728,71.0
3881,45.908722,70.0
3882,46.35889,70.0
3883,46.75241,70.0
3884,47.13474,70.0
3885,47.318493,70.0
3886,47.899162,70.0
3887,48.48547,70.0
3888,48.662025,70.0
3889,48.81839,69.0
3890,48.953392,69.0
3891,48.904224,69.0
3892,48.752712,69.0
3893,48.57955,69.0
3894,48.41614,70.0
3895,48.251568,69.0
3896,48.188015,69.0
3897,48.15652,69.0
3898,48.095722,70.0
3899,48.057693,69.0
3900,48.094715,69.0
3901,48.050163,69.0
3902,47.782356,69.0
3903,47.62664,69.0
3904,47.58127,69.0
3905,47.814457,69.0
3906,48.10485,70.0
3907,48.5132,70.0
3908,48.89377,70.0
3909,49.11544,69.0
3910,49.40714,68.0
3911,49.520237,68.0
3912,49.7424,68.0
3913,49.712692,68.0
3914,49.632233,68.0
3915,49.503155,67.0
3916,49.27748,67.0
3917,48.966015,67.0
3918,48.686157,66.0
3919,48.49988,67.0
3920,48.28984,67.0
3921,48.130947,66.0
3922,48.133823,66.0
3923,48.15612,67.0
3924,48.108326,67.0
3925,48.023533,67.0
3926,47.668304,68.0
3927,47.58734,67.0
3928,47.53025,67.0
3929,47.774994,67.0
3930,47.895187,67.0
3931,48.29532,66.0
3932,48.395153,66.0
3933,48.49875,67.0
3934,48.793568,67.0
3935,49.181255,67.0
3936,49.564754,67.0
3937,49.95732,67.0
3938,50.29069,67.0
3939,50.53726,68.0
3940,50.566185,67.0
3941,50.441322,67.0
3942,50.352203,66.0
3943,50.376,66.0
3944,50.276623,65.0
3945,50.24997,65.0
3946,50.260574,65.0
3947,50.323868,65.0
3948,50.445843,64.0
3949,50.534447,63.0
3950,50.626507,63.0
3951,50.393955,64.0
3952,50.394405,63.0
3953,50.3444,63.0
3954,50.27292,61.99999999999999
3955,50.2615,61.0
3956,50.317547,61.0
3957,50.459457,61.99999999999999
3958,50.697002,61.0
3959,50.925858,61.0
3960,50.92463,61.0
3961,50.84425,61.0
3962,50.88239,60.0
3963,50.870712,60.0
3964,50.82872,60.0
3965,50.727043,60.0
3966,50.621925,59.0
3967,50.45599,59.0
3968,50.292095,59.0
3969,50.168785,58.0
3970,50.047043,58.0
3971,49.950436,58.0
3972,49.88832,58.0
3973,49.81346,58.0
3974,49.63638,57.0
3975,49.533424,56.0
3976,49.520927,57.0
3977,49.61446,57.0
3978,49.60121,58.0
3979,49.793858,58.0
3980,50.01777,59.0
3981,50.449074,58.0
3982,50.16755,57.0
3983,50.35825,56.0
3984,50.241863,56.0
3985,50.215626,57.0
3986,50.132526,57.0
3987,50.035194,57.0
3988,49.889446,57.0
3989,49.744186,57.0
3990,49.619095,57.0
3991,49.522934,57.0
3992,49.443752,57.0
3993,49.357517,57.0
3994,49.307453,57.0
3995,49.25698,57.0
3996,49.215748,57.0
3997,49.124786,57.0
3998,48.897877,57.0
3999,48.706818,57.0
4000,48.458076,57.0
4001,48.278454,57.0
4002,48.39004,57.0
4003,48.687447,56.0
4004,48.617065,55.0
4005,48.726963,55.0
4006,48.528027,55.0
4007,48.322716,55.0
4008,48.208103,54.0
4009,47.987743,53.0
4010,47.85216,53.0
4011,47.737667,52.0
4012,47.550438,52.0
4013,47.411594,52.0
4014,47.33684,52.0
4015,47.239243,52.0
4016,47.20383,51.00000000000001
4017,47.159054,51.00000000000001
4018,47.133614,51.00000000000001
4019,47.10975,50.0
4020,47.116993,49.0
4021,47.016586,46.99999999999999
4022,46.736214,45.0
4023,46.29098,46.0
4024,46.001575,45.0
4025,45.74678,44.0
4026,45.848137,43.0
4027,45.902477,44.0
4028,45.85297,44.0
4029,45.831303,46.99999999999999
4030,45.87538,48.0
4031,46.014057,49.0
4032,46.1842,51.00000000000001
4033,46.35503,53.0
4034,46.43806,54.0
4035,46.438564,55.0
4036,46.347507,56.0
4037,46.265343,57.0
4038,46.07074,57.0
4039,45.94987,56.0
4040,45.898476,56.0
4041,45.831787,56.0
4042,45.543255,56.0
4043,45.42029,56.0
4044,45.26411,56.0
4045,44.961926,56.0
4046,44.796356,57.0
4047,44.625446,57.0
4048,44.47823,57.0
4049,44.24576,56.0
4050,44.100143,56.0
4051,44.073315,56.0
4052,44.028316,56.0
4053,44.1901,56.0
4054,44.481434,56.0
4055,44.863033,56.0
4056,45.203396,55.0
4057,45.18594,55.0
4058,45.101192,54.0
4059,45.08328,53.0
4060,44.993977,52.0
4061,44.809772,53.0
4062,44.646965,54.0
4063,44.517544,56.0
4064,44.61603,55.0
4065,44.601284,55.0
4066,44.48135,55.0
4067,44.318676,55.0
4068,44.20479,56.0
4069,44.018932,55.0
4070,43.8611,55.0
4071,43.738808,55.0
4072,43.32269,55.0
4073,43.112164,55.0
4074,43.41735,56.0
4075,43.737522,57.0
4076,44.406334,58.0
4077,45.14182,59.0
4078,45.655907,59.0
4079,46.257484,59.0
4080,46.68366,59.0
4081,46.941837,60.0
4082,47.064194,60.0
4083,47.17402,60.0
4084,47.19542,52.0
4085,47.06655,53.0
4086,46.969463,52.0
4087,46.918053,53.0
4088,46.889664,52.0
4089,46.811893,53.0
4090,46.746437,53.0
4091,46.729595,53.0
4092,46.776413,53.0
4093,46.792526,53.0
4094,46.607384,53.0
4095,46.25446,53.0
4096,46.190487,53.0
4097,46.229576,52.0
4098,46.320724,53.0
4099,46.450317,52.0
4100,46.254364,52.0
4101,46.583286,52.0
4102,46.562023,53.0
4103,46.671745,53.0
4104,46.683193,53.0
4105,46.650047,54.0
4106,46.646374,54.0
4107,46.37325,54.0
4108,46.3257,56.0
4109,46.259594,55.0
4110,46.136826,55.0
4111,45.978115,55.0
4112,45.98551,55.0
4113,45.99677,55.0
4114,45.93649,55.0
4115,45.885796,55.0
4116,45.72329,55.0
4117,45.579212,54.0
4118,45.585136,54.0
4119,45.38551,55.0
4120,45.267918,55.0
4121,45.24085,56.0
4122,45.550274,57.0
4123,45.771717,57.0
4124,45.823406,57.0
4125,45.95613,58.0
4126,46.064674,58.0
4127,46.15993,58.0
4128,46.219704,58.0
4129,46.29854,58.0
4130,46.100468,58.0
4131,46.11257,58.0
4132,46.29257,63.0
4133,46.282043,63.0
4134,45.986492,63.0
4135,45.970833,61.99999999999999
4136,45.882004,61.99999999999999
4137,45.819424,61.0
4138,45.99568,61.0
4139,46.109802,61.0
4140,46.206608,61.0
4141,46.27218,61.0
4142,45.907413,61.0
4143,45.759735,61.0
4144,45.685417,60.0
4145,45.796047,61.0
4146,45.840183,60.0
4147,45.711304,60.0
4148,45.340466,60.0
4149,45.102715,61.0
4150,45.214493,60.0
4151,45.170124,59.0
4152,45.04059,56.0
4153,44.92148,55.0
4154,44.902145,54.0
4155,44.79867,53.0
4156,44.6033,70.0
4157,44.677673,70.0
4158,44.698368,70.0
4159,44.752316,70.0
4160,44.796593,70.0
4161,44.79843,70.0
4162,44.72315,70.0
4163,44.655323,69.0
4164,44.57575,68.0
4165,44.484097,68.0
4166,44.470078,68.0
4167,44.49115,67.0
4168,44.523182,66.0
4169,44.484734,65.0
4170,44.73397,64.0
4171,45.021343,64.0
4172,45.588745,63.0
4173,46.062378,64.0
4174,46.38449,64.0
4175,46.810825,64.0
4176,47.182816,64.0
4177,47.416348,63.0
4178,47.415154,63.0
4179,47.34242,63.0
4180,47.43033,38.0
4181,47.26866,37.0
4182,47.04997,36.0
4183,46.90124,35.0
4184,46.74683,33.0
4185,46.53201,32.0
4186,46.436275,33.0
4187,46.441174,32.0
4188,46.215923,30.999999999999996
4189,46.082497,30.999999999999996
4190,45.782845,30.999999999999996
4191,45.543793,32.0
4192,45.469433,33.0
4193,45.39004,32.0
4194,45.492237,33.0
4195,45.817673,34.0
4196,46.119442,35.0
4197,46.412487,37.0
4198,46.865154,37.0
4199,47.12637,39.0
4200,47.377937,40.0
4201,47.4437,40.0
4202,47.235916,41.0
4203,46.994816,43.0
4204,46.776794,69.0
4205,46.62422,69.0
4206,46.5447,69.0
4207,46.441044,69.0
4208,46.284256,68.0
4209,46.175655,69.0
4210,46.08925,69.0
4211,45.81882,70.0
4212,45.491867,70.0
4213,45.366478,71.0
4214,45.321857,70.0
4215,45.28131,70.0
4216,45.539932,71.0
4217,45.975945,72.0
4218,46.588146,72.0
4219,47.09402,71.0
4220,47.38353,72.0
4221,47.75025,72.0
4222,47.816402,71.0
4223,47.741432,71.0
4224,47.75654,72.0
4225,47.834957,71.0
4226,48.103867,70.0
4227,48.123653,70.0
4228,48.099747,56.0
4229,48.074158,57.0
4230,48.03035,58.0
4231,47.96785,58.0
4232,47.857323,59.0
4233,47.763466,59.0
4234,47.632965,60.0
4235,47.568897,61.0
4236,47.60826,61.0
4237,47.48382,60.0
4238,47.37879,60.0
4239,47.325153,60.0
4240,47.419506,60.0
4241,47.46867,60.0
4242,47.592,59.0
4243,47.51396,59.0
4244,47.578438,58.0
4245,47.476517,58.0
4246,47.473354,57.0
4247,47.457005,57.0
4248,47.490944,57.0
4249,47.62116,58.0
4250,47.75718,58.0
4251,47.82433,58.0
4252,47.825684,69.0
4253,47.68631,68.0
4254,47.589794,68.0
4255,47.516735,67.0
4256,47.459316,67.0
4257,47.41989,66.0
4258,47.4158,66.0
4259,47.41852,65.0
4260,47.406967,65.0
4261,47.337723,65.0
4262,47.0447,64.0
4263,46.706226,63.0
4264,46.576675,61.99999999999999
4265,46.554836,61.0
4266,46.578106,61.0
4267,46.84078,60.0
4268,47.246983,59.0
4269,47.449142,59.0
4270,47.49618,59.0
4271,47.574844,59.0
4272,47.75781,59.0
4273,47.743534,59.0
4274,47.764637,59.0
4275,47.703957,59.0
4276,47.79609,90.0
4277,47.733967,88.0
4278,47.63955,87.0
4279,47.49553,85.0
4280,47.37915,82.0
4281,47.180405,80.0
4282,47.06539,78.0
4283,46.97175,75.0
4284,46.847134,73.0
4285,46.729095,70.0
4286,46.64469,67.0
4287,46.367496,66.0
4288,46.305714,64.0
4289,46.201168,63.0
4290,46.31392,61.99999999999999
4291,46.557556,59.0
4292,46.615643,58.0
4293,46.538345,56.0
4294,46.333794,55.0
4295,46.417454,54.0
4296,46.127937,53.0
4297,45.92929,52.0
4298,45.62935,52.0
4299,45.315075,52.0
4300,45.043156,155.0
4301,44.930756,155.0
4302,44.747433,155.0
4303,44.640335,156.0
4304,44.415554,156.0
4305,44.203762,156.0
4306,43.953083,156.0
4307,43.799267,157.0
4308,43.588074,157.0
4309,43.405415,157.0
4310,43.43638,157.0
4311,43.980236,157.0
4312,44.91789,157.0
4313,46.112534,157.99999999999997
4314,46.26988,159.0
4315,46.328682,160.0
4316,45.829605,161.0
4317,45.739014,162.0
4318,45.87857,163.0
4319,46.139385,164.0
4320,46.15247,164.99999999999997
4321,46.68836,164.99999999999997
4322,46.823647,166.0
4323,46.68906,166.0
4324,46.542458,63.0
4325,46.385464,63.0
4326,46.229153,63.0
4327,46.116047,64.0
4328,46.046555,64.0
4329,45.95219,64.0
4330,45.884697,64.0
4331,45.840363,64.0
4332,45.833282,64.0
4333,45.799427,65.0
4334,45.762215,66.0
4335,45.71061,67.0
4336,45.770016,66.0
4337,45.720036,66.0
4338,45.496525,67.0
4339,45.920265,68.0
4340,46.229935,68.0
4341,46.656406,68.0
4342,46.798622,67.0
4343,46.704082,67.0
4344,46.652138,67.0
4345,46.67426,67.0
4346,46.63777,66.0
4347,46.504814,65.0
4348,46.40766,30.999999999999996
4349,46.114357,30.999999999999996
4350,45.724964,30.0
4351,45.312607,30.0
4352,45.056065,29.0
4353,44.755344,36.0
4354,44.53866,37.0
4355,44.316692,39.0
4356,44.144814,40.0
4357,43.986553,41.0
4358,43.807903,43.0
4359,43.451694,43.0
4360,43.36052,46.0
4361,43.433334,46.99999999999999
4362,43.61718,49.0
4363,43.96135,49.0
4364,44.273167,51.00000000000001
4365,44.68216,51.00000000000001
4366,44.87269,52.0
4367,45.184643,54.0
4368,45.343605,55.0
4369,45.599445,57.0
4370,45.731823,58.0
4371,45.828144,60.0
4372,45.74912,90.0
4373,45.94454,89.0
4374,46.08311,88.0
4375,46.232304,87.0
4376,46.34845,87.0
4377,46.51931,86.0
4378,46.66154,85.0
4379,46.75902,85.0
4380,46.761635,84.0
4381,46.713745,83.0
4382,46.61534,82.0
4383,46.424885,82.0
4384,46.74589,81.0
4385,47.079502,80.0
4386,47.709763,78.99999999999999
4387,48.28355,78.0
4388,48.969494,77.0
4389,49.466084,77.0
4390,50.076412,76.0
4391,50.52964,75.0
4392,50.870895,74.0
4393,51.03579,74.0
4394,50.972107,73.0
4395,50.86532,72.0
4396,50.69315,71.0
4397,50.563316,71.0
4398,50.415245,70.0
4399,50.30298,69.0
4400,50.169197,69.0
4401,50.09881,68.0
4402,50.074627,68.0
4403,50.01887,67.0
4404,49.979004,67.0
4405,49.910545,66.0
4406,49.66809,64.0
4407,49.562695,61.99999999999999
4408,49.68244,61.0
4409,49.930378,61.0
4410,50.526237,60.0
4411,51.125023,60.0
4412,51.57998,60.0
4413,51.97558,60.0
4414,52.384563,60.0
4415,52.436775,60.0
4416,52.476467,60.0
4417,52.369507,60.0
4418,52.153378,61.0
4419,51.9886,61.0
4420,51.750614,61.0
4421,51.521954,61.99999999999999
4422,51.255547,63.0
4423,50.97327,63.0
4424,50.777485,63.0
4425,50.67723,63.0
4426,50.685555,63.0
4427,50.68642,63.0
4428,50.653656,63.0
4429,50.571484,64.0
4430,50.329967,65.0
4431,50.181423,65.0
4432,50.322304,66.0
4433,50.77602,67.0
4434,51.323895,67.0
4435,51.908722,68.0
4436,52.65952,69.0
4437,53.441505,70.0
4438,53.89426,71.0
4439,54.422947,71.0
4440,54.9131,72.0
4441,55.04811,72.0
4442,55.07578,73.0
4443,54.951622,74.0
4444,54.75979,75.0
4445,54.56002,76.0
4446,54.336006,77.0
4447,54.06216,78.0
4448,53.79792,78.99999999999999
4449,53.546387,81.0
4450,53.375763,83.0
4451,53.19683,84.0
4452,53.013725,86.0
4453,52.768955,87.0
4454,52.505825,87.0
4455,52.61249,88.0
4456,52.78589,88.0
4457,53.321198,89.0
4458,53.938286,90.0
4459,54.73782,91.0
4460,54.828857,91.0
4461,54.874924,92.0
4462,55.180416,92.0
4463,55.68696,93.0
4464,55.962395,93.99999999999999
4465,56.134335,95.0
4466,56.2239,96.0
4467,56.187046,97.0
4468,56.052505,97.0
4469,55.847233,97.0
4470,55.73039,97.0
4471,55.583,97.0
4472,55.4739,97.0
4473,55.317814,97.0
4474,55.193977,96.0
4475,55.053604,96.0
4476,54.937683,95.0
4477,54.780155,96.0
4478,54.660004,97.0
4479,54.821743,97.0
4480,55.185715,97.0
4481,55.6849,97.0
4482,56.21169,97.0
4483,56.775455,96.0
4484,57.181778,96.0
4485,57.14615,95.0
4486,57.268776,95.0
4487,57.32025,93.99999999999999
4488,57.32518,93.0
4489,57.330112,93.0
4490,57.322506,92.0
4491,57.267933,91.0
4492,57.196095,90.0
4493,56.971863,88.0
4494,56.732136,88.0
4495,56.481186,86.0
4496,56.572308,84.0
4497,56.554634,82.0
4498,56.574318,81.0
4499,56.6271,78.99999999999999
4500,56.658596,77.0
4501,56.576267,75.0
4502,56.50516,73.0
4503,56.447857,72.0
4504,56.412796,71.0
4505,56.445435,70.0
4506,56.5305,69.0
4507,56.577095,68.0
4508,56.491295,69.0
4509,56.133152,69.0
4510,56.373035,68.0
4511,56.536198,68.0
4512,56.614937,68.0
4513,56.676952,66.0
4514,56.624626,66.0
4515,56.50232,64.0
4516,56.3424,64.0
4517,56.19914,64.0
4518,56.039932,63.0
4519,55.87806,64.0
4520,55.71035,65.0
4521,55.57258,66.0
4522,55.436367,66.0
4523,55.291695,66.0
4524,55.16218,67.0
4525,54.97428,68.0
4526,54.758663,69.0
4527,54.63758,69.0
4528,54.78637,70.0
4529,55.058304,71.0
4530,55.304634,70.0
4531,55.452892,70.0
4532,55.532475,70.0
4533,55.361073,70.0
4534,55.479275,70.0
4535,55.445408,70.0
4536,55.377052,70.0
4537,55.249943,70.0
4538,55.260326,70.0
4539,55.17913,70.0
4540,55.040386,70.0
4541,54.880646,69.0
4542,54.74036,69.0
4543,54.651516,68.0
4544,54.552246,68.0
4545,54.472507,68.0
4546,54.394012,67.0
4547,54.32979,67.0
4548,54.247486,67.0
4549,54.135803,66.0
4550,53.994957,65.0
4551,53.83441,65.0
4552,53.76279,65.0
4553,53.890648,64.0
4554,53.823868,65.0
4555,54.065292,64.0
4556,54.323215,64.0
4557,54.302746,64.0
4558,54.19998,64.0
4559,54.08515,64.0
4560,53.950607,64.0
4561,53.805046,64.0
4562,53.558987,64.0
4563,53.361626,65.0
4564,53.120678,65.0
4565,52.935852,66.0
4566,52.76728,66.0
4567,52.634365,66.0
4568,52.444214,67.0
4569,52.318256,67.0
4570,52.1635,68.0
4571,52.037167,68.0
4572,51.928844,69.0
4573,51.807423,69.0
4574,51.675343,69.0
4575,51.52733,69.0
4576,51.324883,69.0
4577,51.216644,68.0
4578,51.25975,67.0
4579,51.09547,67.0
4580,50.957314,67.0
4581,50.820625,66.0
4582,50.683613,66.0
4583,50.57854,66.0
4584,50.545162,65.0
4585,50.05793,64.0
4586,49.81929,64.0
4587,49.687256,63.0
4588,49.517876,61.99999999999999
4589,49.27428,61.99999999999999
4590,49.04874,61.99999999999999
4591,48.94587,61.99999999999999
4592,48.88191,61.0
4593,48.87331,61.0
4594,48.827374,60.0
4595,48.810226,60.0
4596,48.884697,59.0
4597,48.798103,58.0
4598,48.79616,57.0
4599,48.60679,58.0
4600,48.59958,57.0
4601,48.32178,57.0
4602,48.261402,57.0
4603,48.047783,57.0
4604,48.025055,57.0
4605,47.87165,57.0
4606,47.82375,56.0
4607,47.609665,56.0
4608,47.330696,56.0
4609,46.982258,56.0
4610,46.65862,56.0
4611,46.45256,56.0
4612,46.242535,56.0
4613,46.00802,57.0
4614,45.876896,58.0
4615,45.884747,59.0
4616,45.794247,59.0
4617,45.74192,60.0
4618,45.711655,60.0
4619,45.689056,60.0
4620,45.662987,60.0
4621,45.63128,61.0
4622,45.469242,61.99999999999999
4623,45.430664,61.99999999999999
4624,45.3879,61.99999999999999
4625,45.35179,63.0
4626,45.477936,63.0
4627,45.723373,64.0
4628,45.89081,64.0
4629,46.220203,65.0
4630,46.351063,65.0
4631,46.324207,65.0
4632,45.99211,66.0
4633,45.707623,66.0
4634,45.450226,66.0
4635,44.972824,66.0
4636,44.18128,66.0
4637,43.866264,65.0
4638,43.744473,64.0
4639,43.60787,64.0
4640,43.582325,64.0
4641,43.651413,65.0
4642,43.697,67.0
4643,43.75075,68.0
4644,43.936497,68.0
4645,43.978447,68.0
4646,43.807896,67.0
4647,43.51628,67.0
4648,43.519485,67.0
4649,43.516766,66.0
4650,43.499165,66.0
4651,43.50758,65.0
4652,43.445423,65.0
4653,43.337246,64.0
4654,43.120956,64.0
4655,42.95867,64.0
4656,42.703777,64.0
4657,42.358448,64.0
4658,42.00146,64.0
4659,41.466568,64.0
4660,41.108864,64.0
4661,41.047768,65.0
4662,40.981068,66.0
4663,40.93692,66.0
4664,40.971138,66.0
4665,40.850044,65.0
4666,40.870525,65.0
4667,40.972416,64.0
4668,41.147984,64.0
4669,41.102947,63.0
4670,40.892445,64.0
4671,40.81203,64.0
4672,40.783,64.0
4673,40.763966,64.0
4674,40.665077,65.0
4675,40.83021,65.0
4676,41.004612,65.0
4677,41.37935,67.0
4678,42.02603,67.0
4679,42.53317,68.0
4680,42.986687,69.0
4681,43.278427,70.0
4682,43.48263,70.0
4683,43.526558,71.0
4684,43.468197,72.0
4685,43.394363,72.0
4686,43.299202,72.0
4687,43.182316,72.0
4688,43.171856,72.0
4689,43.16429,72.0
4690,43.17723,72.0
4691,43.23717,72.0
4692,43.145134,73.0
4693,43.21585,74.0
4694,43.294537,75.0
4695,43.349842,75.0
4696,43.38187,76.0
4697,43.753635,77.0
4698,44.3355,78.0
4699,44.87471,78.99999999999999
4700,45.578495,80.0
4701,46.528954,81.0
4702,47.216656,82.0
4703,47.814266,83.0
4704,48.18275,84.0
4705,48.238457,85.0
4706,48.24495,86.0
4707,48.200924,87.0
4708,48.18785,88.0
4709,48.00541,90.0
4710,47.76918,90.0
4711,47.618706,91.0
4712,47.611706,92.0
4713,47.688927,93.0
4714,47.70599,93.0
4715,47.6727,93.99999999999999
4716,47.673,95.0
4717,47.49448,96.0
4718,47.281075,96.0
4719,47.36024,97.0
4720,48.08571,97.0
4721,49.031364,98.0
4722,49.909027,99.0
4723,50.94205,99.0
4724,51.553947,99.0
4725,51.937977,100.0
4726,52.182278,102.00000000000001
4727,52.784264,104.0
4728,53.273518,100.0
4729,53.71375,100.0
4730,53.99366,100.0
4731,54.073162,99.0
4732,54.149273,99.0
4733,54.22563,98.0
4734,54.250725,98.0
4735,54.270473,98.0
4736,54.292473,98.0
4737,54.269753,97.0
4738,54.216393,97.0
4739,54.14574,97.0
4740,54.108574,96.0
4741,54.0543,95.0
4742,54.123413,95.0
4743,54.356533,95.0
4744,54.906235,95.0
4745,55.56346,95.0
4746,56.20604,95.0
4747,56.767887,95.0
4748,57.22062,95.0
4749,57.12926,95.0
4750,56.754383,95.0
4751,56.44182,96.0
4752,56.298325,97.0
4753,56.192677,99.0
4754,56.38511,99.0
4755,56.645008,100.0
4756,56.80263,101.0
4757,56.96329,100.0
4758,57.012104,105.0
4759,56.989082,110.0
4760,56.997215,120.0
4761,57.034363,130.0
4762,57.0013,141.0
4763,57.026962,151.00000000000003
4764,56.951946,151.00000000000003
4765,56.856018,152.0
4766,56.832767,152.0
4767,57.176136,153.0
4768,57.89578,153.0
4769,58.838787,154.0
4770,59.53765,154.0
4771,59.657566,154.0
4772,59.573555,154.0
4773,59.575504,155.0
4774,59.1799,155.0
4775,58.385883,155.0
4776,58.728264,155.0
4777,58.949135,154.0
4778,59.049206,154.0
4779,58.822422,155.0
4780,58.706024,155.0
4781,58.56534,155.0
4782,58.66344,155.0
4783,58.725372,154.0
4784,58.763763,154.0
4785,58.696316,154.0
4786,58.522778,153.0
4787,58.422585,153.0
4788,58.34661,152.0
4789,58.242054,152.0
4790,58.180332,151.00000000000003
4791,58.159966,149.0
4792,58.138344,136.0
4793,58.31676,129.0
4794,58.668785,128.0
4795,58.832993,119.0
4796,58.658665,107.0
4797,58.535976,100.0
4798,58.683308,99.0
4799,58.593426,98.0
4800,58.494232,97.0
4801,58.490795,96.0
4802,58.413807,95.0
4803,58.317818,95.0
4804,58.29264,53.0
4805,57.988316,53.0
4806,57.758823,54.0
4807,57.634888,54.0
4808,57.52254,54.0
4809,57.39701,54.0
4810,57.327293,54.0
4811,57.20223,54.0
4812,57.088345,54.0
4813,56.944138,55.0
4814,56.81897,55.0
4815,56.670624,55.0
4816,56.55107,55.0
4817,56.387054,56.0
4818,56.233307,56.0
4819,56.080585,56.0
4820,55.950466,56.0
4821,55.760643,56.0
4822,55.44988,55.0
4823,55.084877,55.0
4824,54.776836,57.0
4825,54.68348,57.0
4826,54.50248,58.0
4827,54.28644,58.0
4828,54.075,58.0
4829,53.99133,57.0
4830,53.8818,57.0
4831,53.73282,57.0
4832,53.59581,57.0
4833,53.46839,57.0
4834,53.32562,58.0
4835,53.197884,58.0
4836,53.133167,58.0
4837,53.014915,58.0
4838,52.848347,58.0
4839,52.633675,58.0
4840,52.419987,58.0
4841,52.28013,56.0
4842,52.06178,56.0
4843,51.913174,56.0
4844,51.872845,56.0
4845,51.84773,56.0
4846,51.874672,57.0
4847,52.099052,57.0
4848,52.111763,58.0
4849,51.925945,58.0
4850,51.743305,59.0
4851,51.557877,59.0
4852,51.296978,53.0
4853,51.100975,54.0
4854,50.923977,54.0
4855,50.75376,54.0
4856,50.586353,55.0
4857,50.42886,55.0
4858,50.328556,55.0
4859,50.26988,55.0
4860,50.186012,55.0
4861,50.102863,55.0
4862,50.014423,55.0
4863,49.872444,55.0
4864,49.771076,55.0
4865,49.855328,54.0
4866,49.574093,55.0
4867,49.57464,55.0
4868,49.753754,56.0
4869,50.14106,57.0
4870,50.281246,57.0
4871,50.743603,59.0
4872,51.29927,60.0
4873,51.308445,61.99999999999999
4874,51.183907,63.0
4875,51.03989,64.0
4876,50.762745,63.0
4877,50.685875,63.0
4878,50.650955,63.0
4879,50.62558,64.0
4880,50.54029,64.0
4881,50.455246,64.0
4882,50.38648,64.0
4883,50.34931,66.0
4884,50.25176,66.0
4885,50.257767,66.0
4886,50.350544,67.0
4887,50.583138,67.0
4888,50.76428,68.0
4889,51.05479,68.0
4890,51.222336,69.0
4891,51.641018,70.0
4892,52.11981,69.0
4893,51.852978,70.0
4894,52.3847,71.0
4895,52.813473,106.0
4896,53.272373,100.0
4897,53.71817,87.0
4898,53.998245,78.0
4899,54.262466,85.0
4900,53.81886,44.0
4901,53.497536,46.99999999999999
4902,53.287212,49.0
4903,53.106678,50.0
4904,52.869553,51.00000000000001
4905,52.721786,52.0
4906,52.59171,52.0
4907,52.437748,53.0
4908,52.284332,53.0
4909,52.121883,53.0
4910,51.73557,54.0
4911,51.31537,54.0
4912,51.09937,55.0
4913,51.1238,55.0
4914,51.297157,55.0
4915,51.340664,56.0
4916,51.56833,56.0
4917,51.625336,56.0
4918,51.697258,56.0
4919,51.902813,57.0
4920,51.909615,57.0
4921,51.903503,57.0
4922,51.82608,57.0
4923,51.674767,57.0
4924,51.459553,68.0
4925,51.41291,67.0
4926,51.282394,66.0
4927,51.190067,65.0
4928,51.08385,65.0
4929,50.92131,64.0
4930,50.802982,63.0
4931,50.766632,63.0
4932,50.71176,61.99999999999999
4933,50.601997,61.0
4934,50.418037,61.99999999999999
4935,50.17414,61.99999999999999
4936,50.339592,60.0
4937,50.192726,59.0
4938,50.229057,59.0
4939,50.09916,59.0
4940,50.221363,59.0
4941,50.44396,60.0
4942,50.89238,59.0
4943,50.876987,59.0
4944,51.05922,58.0
4945,51.204475,58.0
4946,51.06366,58.0
4947,50.74736,58.0
4948,50.635647,58.0
4949,50.509827,58.0
4950,50.375153,60.0
4951,50.209843,61.0
4952,49.987835,61.0
4953,49.94353,60.0
4954,50.08199,59.0
4955,50.065506,58.0
4956,50.023045,58.0
4957,49.926826,57.0
4958,49.817772,57.0
4959,49.56629,57.0
4960,49.411366,56.0
4961,49.203674,56.0
4962,48.974926,56.0
4963,48.8757,55.0
4964,48.705456,55.0
4965,48.455185,55.0
4966,48.42762,55.0
4967,48.092716,55.0
4968,48.093727,54.0
4969,47.646152,53.0
4970,47.387306,52.0
4971,47.00552,51.00000000000001
4972,46.823647,59.0
4973,46.775295,58.0
4974,46.68766,59.0
4975,46.593292,59.0
4976,46.49149,58.0
4977,46.424114,58.0
4978,46.332924,58.0
4979,46.21634,58.0
4980,46.138218,57.0
4981,45.70013,56.0
4982,45.499817,55.0
4983,45.363583,54.0
4984,45.304512,54.0
4985,45.156887,54.0
4986,45.02259,54.0
4987,44.85401,54.0
4988,44.721752,54.0
4989,44.71295,54.0
4990,44.96531,54.0
4991,45.291687,55.0
4992,45.645508,55.0
4993,45.493073,54.0
4994,45.36757,55.0
4995,45.356697,55.0
4996,45.406967,50.0
4997,45.007706,48.0
4998,44.55064,48.0
4999,44.418026,46.0
5000,44.180996,46.99999999999999
5001,44.000423,44.0
5002,43.69538,43.0
5003,43.5123,44.0
5004,43.3423,43.0
5005,43.132668,41.0
5006,42.85687,39.0
5007,42.464287,35.0
5008,42.08196,35.0
5009,42.22091,33.0
5010,42.486656,33.0
5011,42.947826,35.0
5012,43.33293,38.0
5013,43.63171,42.0
5014,43.933697,42.0
5015,43.970734,45.0
5016,44.135044,49.0
5017,44.31708,53.0
5018,44.33219,54.0
5019,44.2988,56.0
5020,44.184395,167.0
5021,44.079094,167.0
5022,44.031456,167.99999999999997
5023,43.981,167.99999999999997
5024,43.92459,167.99999999999997
5025,43.87519,167.99999999999997
5026,43.92499,167.99999999999997
5027,43.91085,167.99999999999997
5028,43.759094,167.99999999999997
5029,43.576286,168.99999999999997
5030,43.285557,168.99999999999997
5031,43.21609,167.99999999999997
5032,43.35323,167.0
5033,43.68068,166.0
5034,44.525547,164.0
5035,45.302353,162.0
5036,45.820602,160.0
5037,46.3363,157.99999999999997
5038,46.622837,156.0
5039,46.64457,155.0
5040,46.835464,153.0
5041,46.82477,152.0
5042,46.758755,149.0
5043,46.860157,116.0
5044,46.699615,64.0
5045,46.58707,64.0
5046,46.48581,64.0
5047,46.40657,63.0
5048,46.346584,63.0
5049,46.288517,63.0
5050,46.237938,63.0
5051,46.28406,63.0
5052,46.364372,61.99999999999999
5053,46.37448,61.99999999999999
5054,46.306507,61.0
5055,46.21643,60.0
5056,45.996754,61.0
5057,45.864635,61.99999999999999
5058,45.903236,60.0
5059,46.089752,59.0
5060,46.345974,59.0
5061,46.59966,59.0
5062,46.565678,59.0
5063,46.447506,59.0
5064,46.460823,59.0
5065,46.668087,59.0
5066,46.757034,59.0
5067,46.850517,59.0
5068,46.662582,61.99999999999999
5069,46.433407,65.0
5070,46.23295,67.0
5071,45.954765,69.0
5072,45.735687,71.0
5073,45.470127,71.0
5074,45.16746,73.0
5075,44.98006,74.0
5076,44.878387,75.0
5077,44.831215,76.0
5078,44.70059,77.0
5079,44.65858,78.0
5080,44.779293,80.0
5081,45.2782,81.0
5082,45.829765,81.0
5083,46.431957,82.0
5084,46.995235,83.0
5085,47.310875,83.0
5086,47.552692,83.0
5087,47.68862,84.0
5088,47.754063,84.0
5089,47.781826,85.0
5090,47.801685,86.0
5091,47.726963,86.0
5092,47.644276,61.99999999999999
5093,47.489212,61.99999999999999
5094,47.284924,63.0
5095,47.07826,64.0
5096,46.92889,64.0
5097,46.800007,65.0
5098,46.659992,65.0
5099,46.61966,66.0
5100,46.57565,67.0
5101,46.478645,67.0
5102,46.218178,68.0
5103,46.221027,69.0
5104,46.41404,70.0
5105,46.90747,71.0
5106,47.65145,70.0
5107,48.429737,71.0
5108,49.169514,71.0
5109,49.99888,73.0
5110,50.90372,90.0
5111,51.070408,97.0
5112,51.677963,90.0
5113,51.877148,78.0
5114,52.06904,78.99999999999999
5115,52.125275,78.99999999999999
5116,52.186104,80.0
5117,52.16532,81.0
5118,52.090626,82.0
5119,51.97677,83.0
5120,51.755917,84.0
5121,51.58493,86.0
5122,51.400166,87.0
5123,51.244682,89.0
5124,51.07311,90.0
5125,50.939884,91.0
5126,50.822674,92.0
5127,51.07766,92.0
5128,51.546116,92.0
5129,51.94237,93.0
5130,52.604153,93.99999999999999
5131,53.380676,93.99999999999999
5132,53.9851,93.99999999999999
5133,54.51876,93.0
5134,54.751762,92.0
5135,54.85002,92.0
5136,54.905006,91.0
5137,54.862194,91.0
5138,54.77463,91.0
5139,54.614334,91.0
5140,54.51174,90.0
5141,54.33123,90.0
5142,54.161446,90.0
5143,53.992683,89.0
5144,53.80946,88.0
5145,53.59764,87.0
5146,53.44986,86.0
5147,53.55034,85.0
5148,53.38401,84.0
5149,53.46976,82.0
5150,53.49311,81.0
5151,53.56688,80.0
5152,53.667515,80.0
5153,53.743977,78.0
5154,53.910122,77.0
5155,54.230213,77.0
5156,54.501484,76.0
5157,54.876633,76.0
5158,55.11193,76.0
5159,55.21193,75.0
5160,55.140083,75.0
5161,54.92952,74.0
5162,54.76478,73.0
5163,54.655296,73.0
5164,54.497818,73.0
5165,54.470867,73.0
5166,54.424007,72.0
5167,54.32658,72.0
5168,54.139736,72.0
5169,54.212593,71.0
5170,54.117325,70.0
5171,54.04841,69.0
5172,53.96684,69.0
5173,53.8683,68.0
5174,53.667213,67.0
5175,53.42848,66.0
5176,53.133774,65.0
5177,52.95228,64.0
5178,52.79148,63.0
5179,52.74918,63.0
5180,52.98366,63.0
5181,53.200592,63.0
5182,53.093792,63.0
5183,53.2711,63.0
5184,53.504337,64.0
5185,53.5712,66.0
5186,53.598946,67.0
5187,53.537094,68.0
5188,53.506195,68.0
5189,53.42541,68.0
5190,53.358154,68.0
5191,53.274265,68.0
5192,53.176247,69.0
5193,53.075294,70.0
5194,53.007576,71.0
5195,52.9797,73.0
5196,53.051247,73.0
5197,53.253643,73.0
5198,53.352177,74.0
5199,53.338474,75.0
5200,53.514957,76.0
5201,53.649597,78.0
5202,54.115673,78.99999999999999
5203,54.71004,80.0
5204,55.389687,81.0
5205,56.032154,82.0
5206,56.5821,83.0
5207,56.94954,83.0
5208,57.047924,83.0
5209,57.047543,84.0
5210,57.002434,84.0
5211,56.88017,85.0
5212,56.744102,86.0
5213,56.5179,88.0
5214,56.202335,89.0
5215,55.998764,91.0
5216,56.09325,92.0
5217,56.12667,93.0
5218,56.17443,93.99999999999999
5219,56.1209,93.99999999999999
5220,55.937824,96.0
5221,55.781757,98.0
5222,55.674564,100.0
5223,55.78164,114.0
5224,56.20085,127.0
5225,56.85147,137.0
5226,57.67369,143.0
5227,58.945522,151.00000000000003
5228,59.67684,151.00000000000003
5229,59.386707,146.0
5230,59.219524,134.0
5231,59.015697,123.99999999999999
5232,58.978073,113.0
5233,59.24894,103.0
5234,59.34769,99.0
5235,59.457676,98.0
5236,59.515957,97.0
5237,59.582523,95.0
5238,59.683704,93.0
5239,59.74888,91.0
5240,59.77519,90.0
5241,59.82273,89.0
5242,60.07078,88.0
5243,60.42492,87.0
5244,60.481915,86.0
5245,60.508167,85.0
5246,60.5124,85.0
5247,60.385452,84.0
5248,60.39572,83.0
5249,60.753242,82.0
5250,61.063873,81.0
5251,61.305702,80.0
5252,60.515842,80.0
5253,59.679585,81.0
5254,59.714386,82.0
5255,59.508446,82.0
5256,59.417175,82.0
5257,59.31887,82.0
5258,59.170235,83.0
5259,58.990738,83.0
5260,58.824978,84.0
5261,58.63235,83.0
5262,58.47801,84.0
5263,58.46418,84.0
5264,58.372307,84.0
5265,58.331295,83.0
5266,58.306854,83.0
5267,58.23437,83.0
5268,58.147865,82.0
5269,57.998207,81.0
5270,57.850418,81.0
5271,57.79272,80.0
5272,57.874535,78.0
5273,57.89709,77.0
5274,57.928474,76.0
5275,57.9273,75.0
5276,57.781326,73.0
5277,57.77761,71.0
5278,57.584652,72.0
5279,57.377293,72.0
5280,57.309284,71.0
5281,57.181812,71.0
5282,56.937424,71.0
5283,56.73513,69.0
5284,56.35364,68.0
5285,56.11821,68.0
5286,55.837658,66.0
5287,55.57521,66.0
5288,55.328793,65.0
5289,55.132042,65.0
5290,54.952965,64.0
5291,54.834564,64.0
5292,54.729073,63.0
5293,54.564644,61.99999999999999
5294,54.374336,61.99999999999999
5295,54.248093,61.0
5296,54.122215,61.99999999999999
5297,54.061375,61.0
5298,53.914997,61.0
5299,53.942776,61.0
5300,54.0148,61.0
5301,53.945984,60.0
5302,53.912968,60.0
5303,53.853268,59.0
5304,53.750004,59.0
5305,53.595425,60.0
5306,53.403687,60.0
5307,53.200592,61.0
5308,53.027267,61.0
5309,52.82961,61.99999999999999
5310,52.63225,61.99999999999999
5311,52.43963,61.99999999999999
5312,52.261494,61.99999999999999
5313,52.121235,63.0
5314,52.001984,63.0
5315,51.961754,63.0
5316,51.92886,63.0
5317,51.90063,63.0
5318,51.936935,61.99999999999999
5319,51.926598,61.0
5320,51.832825,61.0
5321,51.71461,61.0
5322,51.58807,61.0
5323,51.890995,61.0
5324,52.16369,61.0
5325,52.17137,61.0
5326,52.208443,61.0
5327,52.283344,61.0
5328,52.340042,61.0
5329,52.36311,60.0
5330,52.38254,60.0
5331,52.464943,59.0
5332,52.473263,59.0
5333,52.40223,58.0
5334,52.257034,57.0
5335,52.107517,57.0
5336,51.97008,56.0
5337,51.89186,56.0
5338,51.832275,56.0
5339,51.776215,56.0
5340,51.711613,55.0
5341,51.630222,55.0
5342,51.482048,56.0
5343,51.253143,56.0
5344,51.12742,56.0
5345,51.110382,57.0
5346,51.467712,57.0
5347,51.62599,57.0
5348,51.732178,58.0
5349,51.93275,58.0
5350,52.03253,57.0
5351,52.024357,57.0
5352,51.901962,56.0
5353,51.915142,56.0
5354,51.830807,56.0
5355,51.742046,56.0
5356,51.562084,56.0
5357,51.371307,57.0
5358,51.205906,57.0
5359,51.090664,58.0
5360,51.007042,58.0
5361,50.94971,57.0
5362,50.888634,57.0
5363,50.853928,57.0
5364,50.842354,57.0
5365,50.7838,58.0
5366,50.450832,57.0
5367,50.012527,58.0
5368,50.11851,58.0
5369,50.06927,58.0
5370,50.25473,58.0
5371,50.393814,58.0
5372,50.71045,56.0
5373,50.65337,56.0
5374,50.63419,56.0
5375,50.626945,56.0
5376,50.514027,57.0
5377,50.369015,57.0
5378,50.265457,57.0
5379,50.12003,57.0
5380,49.968117,57.0
5381,49.80033,57.0
5382,49.62787,57.0
5383,49.497086,57.0
5384,49.447838,57.0
5385,49.392075,57.0
5386,49.376278,57.0
5387,49.349945,57.0
5388,49.369896,57.0
5389,49.306503,57.0
5390,49.043667,58.0
5391,48.913254,58.0
5392,48.914253,58.0
5393,48.79987,57.0
5394,48.740753,56.0
5395,48.67321,56.0
5396,48.828842,56.0
5397,48.789227,56.0
5398,48.855934,57.0
5399,48.864346,57.0
5400,48.81962,57.0
5401,48.751682,57.0
5402,48.628727,58.0
5403,48.51078,58.0
5404,48.49135,58.0
5405,48.400185,58.0
5406,48.29397,58.0
5407,48.204193,58.0
5408,48.157207,58.0
5409,48.155495,58.0
5410,48.137447,58.0
5411,48.13319,58.0
5412,48.124466,58.0
5413,48.058613,57.0
5414,47.810497,57.0
5415,47.650875,56.0
5416,47.619797,57.0
5417,47.717484,57.0
5418,47.952614,58.0
5419,48.090603,57.0
5420,48.05492,57.0
5421,48.218403,57.0
5422,48.327328,57.0
5423,48.38714,57.0
5424,48.367805,56.0
5425,48.344612,57.0
5426,48.228607,56.0
5427,48.055183,56.0
5428,47.859997,56.0
5429,47.71622,57.0
5430,47.60295,57.0
5431,47.506725,57.0
5432,47.44453,57.0
5433,47.388317,57.0
5434,47.330746,57.0
5435,47.349827,58.0
5436,47.301407,58.0
5437,47.256954,58.0
5438,47.07997,59.0
5439,46.88238,59.0
5440,46.890675,60.0
5441,47.203426,60.0
5442,47.63537,61.0
5443,48.28639,61.99999999999999
5444,48.99748,63.0
5445,49.641266,64.0
5446,50.1951,66.0
5447,50.77632,67.0
5448,50.843197,68.0
5449,51.185925,68.0
5450,51.293102,69.0
5451,51.3368,70.0
5452,51.341084,71.0
5453,51.204105,71.0
5454,51.077003,72.0
5455,50.981976,73.0
5456,50.849995,74.0
5457,50.67808,74.0
5458,50.51445,75.0
5459,50.344265,76.0
5460,50.211933,77.0
5461,50.078426,78.0
5462,49.898155,78.0
5463,49.980938,78.0
5464,50.314438,78.0
5465,50.849823,78.99999999999999
5466,51.361946,78.0
5467,51.59265,78.99999999999999
5468,52.333298,78.99999999999999
5469,52.565845,78.0
5470,52.691833,77.0
5471,52.73718,77.0
5472,52.81718,77.0
5473,52.9302,76.0
5474,53.014606,76.0
5475,52.982555,75.0
5476,52.886925,75.0
5477,52.750248,74.0
5478,52.65071,74.0
5479,52.5792,73.0
5480,52.482304,72.0
5481,52.386635,72.0
5482,52.30633,71.0
5483,52.265606,70.0
5484,52.213287,69.0
5485,52.136295,68.0
5486,52.038956,67.0
5487,52.0302,67.0
5488,52.236008,67.0
5489,52.508286,65.0
5490,52.434635,65.0
5491,52.606617,63.0
5492,52.724995,64.0
5493,52.95855,64.0
5494,53.08707,63.0
5495,53.060863,63.0
5496,53.06884,61.99999999999999
5497,53.026043,61.99999999999999
5498,52.888866,61.99999999999999
5499,52.712208,61.99999999999999
5500,52.496635,61.0
5501,52.306763,60.0
5502,52.113556,60.0
5503,51.940876,60.0
5504,51.787598,60.0
5505,51.66898,60.0
5506,51.569805,60.0
5507,51.503082,60.0
5508,51.431408,59.0
5509,51.333218,59.0
5510,51.11788,59.0
5511,50.990112,58.0
5512,50.879883,58.0
5513,50.91967,58.0
5514,50.939102,58.0
5515,51.16385,59.0
5516,51.310837,58.0
5517,51.417877,58.0
5518,51.486988,58.0
5519,51.46205,58.0
5520,51.440582,58.0
5521,51.382816,58.0
5522,51.312218,58.0
5523,51.180286,58.0
5524,50.908745,58.0
5525,50.670822,58.0
5526,50.448654,59.0
5527,50.228817,59.0
5528,50.057266,59.0
5529,49.946323,60.0
5530,49.838634,60.0
5531,49.77223,60.0
5532,49.72499,60.0
5533,49.64857,61.0
5534,49.443195,61.99999999999999
5535,49.232742,61.99999999999999
5536,49.136833,61.99999999999999
5537,49.228733,61.99999999999999
5538,49.534637,61.99999999999999
5539,49.785664,63.0
5540,50.20118,63.0
5541,50.4521,64.0
5542,50.939835,66.0
5543,51.358322,67.0
5544,51.690132,67.0
5545,51.99744,66.0
5546,51.8275,66.0
5547,51.699314,66.0
5548,51.677914,59.0
5549,51.495285,59.0
5550,51.32022,59.0
5551,51.18428,59.0
5552,51.100513,59.0
5553,51.019478,59.0
5554,50.948875,59.0
5555,50.874367,58.0
5556,50.787033,58.0
5557,50.68391,58.0
5558,50.56209,59.0
5559,50.607285,59.0
5560,50.47364,59.0
5561,50.245735,59.0
5562,50.24673,59.0
5563,50.204853,59.0
5564,50.127182,59.0
5565,50.02203,60.0
5566,50.055275,60.0
5567,49.997887,60.0
5568,49.70454,58.0
5569,49.472664,58.0
5570,49.489864,58.0
5571,49.406235,57.0
5572,49.284676,60.0
5573,48.93021,61.0
5574,48.610836,61.99999999999999
5575,48.37652,61.99999999999999
5576,48.178944,61.99999999999999
5577,47.89578,61.99999999999999
5578,47.922394,61.99999999999999
5579,47.984516,61.99999999999999
5580,48.080936,61.0
5581,48.16177,61.0
5582,48.153606,61.0
5583,48.082603,60.0
5584,47.939667,60.0
5585,47.74115,60.0
5586,47.597954,61.0
5587,47.76334,60.0
5588,47.697735,60.0
5589,47.74897,60.0
5590,47.865265,59.0
5591,48.047695,58.0
5592,48.11724,56.0
5593,48.22651,56.0
5594,48.185287,55.0
5595,48.0342,55.0
5596,47.843445,66.0
5597,47.655506,67.0
5598,47.50108,68.0
5599,47.4621,69.0
5600,47.46312,70.0
5601,47.482727,70.0
5602,47.55559,70.0
5603,47.562664,71.0
5604,47.572414,73.0
5605,47.498028,73.0
5606,47.444057,73.0
5607,47.377575,73.0
5608,47.337,73.0
5609,47.40355,74.0
5610,47.334526,75.0
5611,47.632442,76.0
5612,48.0697,76.0
5613,48.404217,77.0
5614,48.91185,77.0
5615,49.03713,75.0
5616,49.082348,74.0
5617,49.266613,73.0
5618,49.503014,74.0
5619,49.685844,72.0
5620,49.701904,87.0
5621,49.5805,88.0
5622,49.436943,90.0
5623,49.159145,91.0
5624,48.98238,92.0
5625,48.916958,93.0
5626,48.817078,93.99999999999999
5627,48.732353,93.99999999999999
5628,48.644524,95.0
5629,48.531406,95.0
5630,48.389263,95.0
5631,48.644062,96.0
5632,49.079132,98.0
5633,49.821545,99.0
5634,50.32086,100.0
5635,51.13421,114.0
5636,52.626186,123.99999999999999
5637,54.046085,151.00000000000003
5638,54.524616,161.0
5639,54.717426,154.0
5640,54.927353,140.0
5641,55.05573,116.0
5642,55.051666,99.0
5643,54.925613,95.0
5644,54.641586,58.0
5645,54.44532,58.0
5646,54.232502,58.0
5647,53.999462,59.0
5648,53.76784,59.0
5649,53.542038,59.0
5650,53.335094,60.0
5651,53.150368,60.0
5652,52.95373,61.0
5653,52.726852,61.0
5654,52.451435,61.0
5655,52.257725,61.99999999999999
5656,52.28994,61.99999999999999
5657,52.457584,61.99999999999999
5658,52.54808,61.99999999999999
5659,52.73579,61.99999999999999
5660,52.697067,63.0
5661,52.993515,63.0
5662,52.962856,63.0
5663,52.96534,63.0
5664,52.921463,63.0
5665,52.862892,63.0
5666,52.746704,64.0
5667,52.60483,64.0
5668,52.40108,58.0
5669,52.152172,59.0
5670,52.039772,60.0
5671,51.923878,60.0
5672,51.732258,61.0
5673,51.61991,60.0
5674,51.52228,61.0
5675,51.4332,61.0
5676,51.378674,61.0
5677,51.28629,61.0
5678,51.070827,61.0
5679,50.927486,61.99999999999999
5680,51.18412,63.0
5681,51.438408,64.0
5682,51.849762,64.0
5683,51.89997,64.0
5684,52.25927,64.0
5685,52.664555,64.0
5686,52.844353,65.0
5687,53.03657,65.0
5688,53.157726,66.0
5689,53.213413,67.0
5690,53.084312,67.0
5691,52.860218,68.0
5692,52.67346,49.0
5693,52.288597,45.0
5694,52.144424,38.0
5695,51.9231,30.999999999999996
5696,51.68746,27.0
5697,51.51852,28.0
5698,51.421295,27.0
5699,51.301933,27.0
5700,51.21415,27.0
5701,51.0957,28.0
5702,50.934273,27.0
5703,50.55931,27.0
5704,50.14823,27.0
5705,49.86234,27.0
5706,49.64319,29.0
5707,49.638065,28.0
5708,49.392967,30.999999999999996
5709,49.644318,33.0
5710,49.81005,38.0
5711,50.080563,41.0
5712,50.162506,42.0
5713,50.155594,42.0
5714,50.127094,40.0
5715,50.069626,37.0
5716,49.9757,56.0
5717,50.021164,56.0
5718,49.98693,56.0
5719,49.861504,57.0
5720,49.733307,57.0
5721,49.6007,58.0
5722,49.503204,58.0
5723,49.47261,58.0
5724,49.39878,59.0
5725,49.30131,60.0
5726,49.179546,61.0
5727,49.278973,61.99999999999999
5728,49.504223,61.99999999999999
5729,49.681953,63.0
5730,49.838085,63.0
5731,49.897938,63.0
5732,50.010582,64.0
5733,50.09568,63.0
5734,49.934883,63.0
5735,50.021297,64.0
5736,50.14107,64.0
5737,50.239986,64.0
5738,50.226673,64.0
5739,50.22935,64.0
5740,50.175434,57.0
5741,50.028934,58.0
5742,50.01791,59.0
5743,50.043648,61.0
5744,50.14407,61.99999999999999
5745,50.188515,63.0
5746,50.205807,65.0
5747,50.23408,66.0
5748,50.198097,67.0
5749,50.108845,68.0
5750,49.97751,70.0
5751,50.006042,72.0
5752,50.193115,73.0
5753,50.481922,74.0
5754,51.11636,75.0
5755,51.747345,76.0
5756,52.460484,77.0
5757,52.76002,78.0
5758,53.077232,80.0
5759,53.397865,82.0
5760,53.83624,83.0
5761,54.271687,82.0
5762,54.561733,83.0
5763,54.694862,84.0
5764,54.767113,98.0
5765,54.586067,93.99999999999999
5766,54.336304,90.0
5767,54.11152,86.0
5768,53.921276,83.0
5769,53.779415,81.0
5770,53.657593,78.0
5771,53.507042,75.0
5772,53.385456,72.0
5773,53.237576,68.0
5774,53.073025,66.0
5775,52.959457,63.0
5776,53.05728,61.99999999999999
5777,53.17549,61.0
5778,53.26845,60.0
5779,53.36451,60.0
5780,53.524967,60.0
5781,53.668354,84.0
5782,53.88972,104.0
5783,53.743153,84.0
5784,53.75204,64.0
5785,53.820763,60.0
5786,53.925987,60.0
5787,54.03289,60.0
5788,53.954945,59.0
5789,53.72064,58.0
5790,53.60217,58.0
5791,53.502247,58.0
5792,53.389606,58.0
5793,53.24687,58.0
5794,53.097,58.0
5795,52.90511,58.0
5796,52.749115,58.0
5797,52.580612,58.0
5798,52.426434,57.0
5799,52.246628,57.0
5800,51.999516,56.0
5801,51.834457,55.0
5802,51.566055,55.0
5803,51.56131,56.0
5804,51.63324,56.0
5805,51.646572,55.0
5806,51.528606,55.0
5807,51.28622,56.0
5808,51.118835,55.0
5809,50.235954,55.0
5810,49.71934,54.0
5811,49.435066,54.0
5812,49.086346,86.0
5813,48.960056,86.0
5814,48.791107,86.0
5815,48.70954,86.0
5816,48.57326,85.0
5817,48.45845,85.0
5818,48.335625,85.0
5819,48.257565,85.0
5820,48.19952,85.0
5821,48.11336,85.0
5822,47.88632,86.0
5823,47.705544,86.0
5824,47.806023,85.0
5825,48.046787,85.0
5826,48.571915,86.0
5827,49.151207,86.0
5828,49.75812,87.0
5829,50.11811,87.0
5830,50.667595,87.0
5831,50.737843,86.0
5832,50.743855,86.0
5833,50.66191,85.0
5834,50.526917,84.0
5835,50.403664,83.0
5836,50.22532,61.99999999999999
5837,49.98052,61.99999999999999
5838,49.72142,61.99999999999999
5839,49.507088,61.99999999999999
5840,49.33794,61.0
5841,49.162083,63.0
5842,48.97945,63.0
5843,48.91278,63.0
5844,48.891804,64.0
5845,48.84618,64.0
5846,48.664246,65.0
5847,48.5124,65.0
5848,48.4704,65.0
5849,48.62186,64.0
5850,48.7261,64.0
5851,49.21712,65.0
5852,49.267242,65.0
5853,49.262653,65.0
5854,49.21557,65.0
5855,49.26097,64.0
5856,49.27022,65.0
5857,49.184032,65.0
5858,49.15827,65.0
5859,49.086906,63.0
5860,48.964485,63.0
5861,48.787674,61.99999999999999
5862,48.67791,61.0
5863,48.59503,60.0
5864,48.580856,60.0
5865,48.589897,59.0
5866,48.558815,59.0
5867,48.509865,59.0
5868,48.410267,59.0
5869,48.311333,59.0
5870,48.20079,60.0
5871,48.242275,60.0
5872,48.16959,59.0
5873,47.727024,59.0
5874,47.5991,58.0
5875,47.367416,57.0
5876,47.226135,57.0
5877,47.194298,58.0
5878,47.245132,58.0
5879,47.19967,59.0
5880,47.40518,60.0
5881,47.197613,59.0
5882,47.06713,59.0
5883,47.003254,59.0
5884,46.881443,59.0
5885,46.785526,59.0
5886,46.708977,58.0
5887,46.468243,58.0
5888,46.31799,57.0
5889,46.176983,57.0
5890,46.102116,57.0
5891,46.09837,57.0
5892,46.138363,56.0
5893,45.950924,56.0
5894,45.697914,55.0
5895,45.561527,54.0
5896,45.348724,55.0
5897,45.265305,55.0
5898,45.434696,56.0
5899,45.41626,56.0
5900,45.35934,56.0
5901,45.373634,56.0
5902,45.136494,55.0
5903,44.72921,55.0
5904,44.541744,54.0
5905,44.527058,54.0
5906,44.269905,53.0
5907,44.145767,52.0
5908,43.687054,51.00000000000001
5909,43.340645,51.00000000000001
5910,43.15014,51.00000000000001
5911,42.89689,51.00000000000001
5912,42.792484,52.0
5913,42.69532,51.00000000000001
5914,42.562847,50.0
5915,42.385113,48.0
5916,42.2086,48.0
5917,41.994278,48.0
5918,41.615547,46.0
5919,41.159046,46.0
5920,40.955173,46.99999999999999
5921,41.00494,48.0
5922,41.22774,46.99999999999999
5923,41.36794,49.0
5924,41.980526,52.0
5925,43.05773,53.0
5926,43.51184,53.0
5927,43.521725,53.0
5928,43.408432,53.0
5929,43.258404,54.0
5930,43.291656,54.0
5931,42.821415,55.0
5932,42.373585,55.0
5933,42.019054,55.0
5934,41.803864,57.0
5935,41.647636,58.0
5936,41.444553,58.0
5937,41.34441,59.0
5938,41.29843,60.0
5939,41.230316,61.0
5940,41.148205,61.99999999999999
5941,41.02617,63.0
5942,40.534004,65.0
5943,40.28008,65.0
5944,40.189297,66.0
5945,40.31331,66.0
5946,40.569813,66.0
5947,41.12578,67.0
5948,41.392174,66.0
5949,41.900566,66.0
5950,42.587624,67.0
5951,43.307453,67.0
5952,43.392582,66.0
5953,43.522972,66.0
5954,43.586727,66.0
5955,43.36965,65.0
5956,43.145905,65.0
5957,43.00618,65.0
5958,42.874355,64.0
5959,42.79847,64.0
5960,42.874207,63.0
5961,42.93365,61.0
5962,42.901714,61.0
5963,42.991096,61.0
5964,43.12219,60.0
5965,43.197666,59.0
5966,43.06764,58.0
5967,42.925884,57.0
5968,42.642967,57.0
5969,42.51479,56.0
5970,42.678486,56.0
5971,42.838875,55.0
5972,42.50444,54.0
5973,42.31401,54.0
5974,42.005703,54.0
5975,42.005344,53.0
5976,41.627068,54.0
5977,41.364185,54.0
5978,41.099476,55.0
5979,40.686897,54.0
5980,40.08617,54.0
5981,39.59454,55.0
5982,39.50043,55.0
5983,39.216618,55.0
5984,38.838036,55.0
5985,38.548084,55.0
5986,38.199047,55.0
5987,37.82621,55.0
5988,37.439014,55.0
5989,37.137074,55.0
5990,36.704773,55.0
5991,36.272186,56.0
5992,36.18463,56.0
5993,35.88257,56.0
5994,35.68856,56.0
5995,35.636307,57.0
5996,35.628525,56.0
5997,35.687244,56.0
5998,35.736294,55.0
5999,35.855087,55.0
6000,35.625584,54.0
6001,35.304993,54.0
6002,35.102825,54.0
6003,34.701668,55.0
6004,34.501175,55.0
6005,34.16632,55.0
6006,33.701607,55.0
6007,33.26271,56.0
6008,32.935215,56.0
6009,32.63725,56.0
6010,32.218754,56.0
6011,31.805288,56.0
6012,31.398684,56.0
6013,30.942167,56.0
6014,30.462437,57.0
6015,30.277525,56.0
6016,30.261019,55.0
6017,30.438524,55.0
6018,30.622696,55.0
6019,31.010277,56.0
6020,31.505997,56.0
6021,31.604872,57.0
6022,31.426899,57.0
6023,31.060562,57.0
6024,30.311178,57.0
6025,29.728582,57.0
6026,29.361643,58.0
6027,28.838125,57.0
6028,28.021095,57.0
6029,27.26606,57.0
6030,27.013208,57.0
6031,26.470549,57.0
6032,25.909191,56.0
6033,25.40767,56.0
6034,24.99825,57.0
6035,24.60324,57.0
6036,24.539156,57.0
6037,24.192959,57.0
6038,23.833967,57.0
6039,23.708103,57.0
6040,23.6166,57.0
6041,23.845295,58.0
6042,24.388128,58.0
6043,24.990702,58.0
6044,25.12297,58.0
6045,24.690895,58.0
6046,24.712816,58.0
6047,24.266151,59.0
6048,23.848864,59.0
6049,23.37686,58.0
6050,23.143433,58.0
6051,23.064034,58.0
6052,22.854052,58.0
6053,22.501385,58.0
6054,22.300095,58.0
6055,22.188118,57.0
6056,22.61943,57.0
6057,22.826197,56.0
6058,22.850227,56.0
6059,22.646427,55.0
6060,22.321926,55.0
6061,22.073107,54.0
6062,21.809515,54.0
6063,21.973808,54.0
6064,21.896513,54.0
6065,21.802214,55.0
6066,22.05139,55.0
6067,22.621418,55.0
6068,23.410585,56.0
6069,23.41432,55.0
6070,23.70205,55.0
6071,23.628294,55.0
6072,23.504227,54.0
6073,23.806396,55.0
6074,24.305614,55.0
6075,24.372795,54.0
6076,24.215725,54.0
6077,23.475069,54.0
6078,23.082855,53.0
6079,23.104885,54.0
6080,23.05472,54.0
6081,22.88559,54.0
6082,22.58086,54.0
6083,22.24927,54.0
6084,22.320942,54.0
6085,22.33498,54.0
6086,22.259876,54.0
6087,22.000624,55.0
6088,22.298605,55.0
6089,22.252106,54.0
6090,22.19621,53.0
6091,22.453646,53.0
6092,23.177786,53.0
6093,23.793655,53.0
6094,23.722353,53.0
6095,23.61635,52.0
6096,24.24483,52.0
6097,24.37444,52.0
6098,24.805653,51.00000000000001
6099,25.574133,51.00000000000001
6100,25.473661,52.0
6101,25.094522,52.0
6102,24.783016,52.0
6103,24.749329,52.0
6104,24.736841,52.0
6105,24.700706,52.0
6106,24.621056,52.0
6107,24.60427,52.0
6108,24.474785,52.0
6109,24.317095,53.0
6110,24.22808,53.0
6111,23.901241,53.0
6112,23.82741,54.0
6113,23.751865,55.0
6114,24.07465,55.0
6115,24.45381,55.0
6116,24.987755,54.0
6117,25.368208,54.0
6118,25.654356,54.0
6119,25.728504,55.0
6120,25.811123,56.0
6121,25.943163,56.0
6122,26.019678,57.0
6123,25.917974,58.0
6124,25.93379,58.0
6125,25.464573,59.0
6126,25.137062,59.0
6127,24.730217,59.0
6128,24.231974,59.0
6129,23.64093,59.0
6130,23.183434,59.0
6131,22.82558,59.0
6132,22.403502,59.0
6133,22.04498,59.0
6134,21.82485,59.0
6135,21.515276,59.0
6136,21.3471,58.0
6137,21.178352,58.0
6138,21.475002,58.0
6139,21.850124,58.0
6140,22.294767,58.0
6141,22.690987,59.0
6142,22.50409,59.0
6143,22.188606,59.0
6144,21.832941,58.0
6145,22.030994,58.0
6146,21.854,58.0
6147,21.620049,57.0
6148,21.916605,57.0
6149,22.111086,56.0
6150,21.940245,56.0
6151,22.04673,56.0
6152,22.009872,56.0
6153,22.188166,56.0
6154,22.119804,56.0
6155,21.896523,56.0
6156,21.66443,56.0
6157,21.571737,55.0
6158,21.059135,54.0
6159,20.525463,53.0
6160,20.408045,53.0
6161,20.306751,52.0
6162,20.76791,51.00000000000001
6163,21.473478,49.0
6164,22.158539,48.0
6165,22.645546,46.99999999999999
6166,23.29251,44.0
6167,23.704588,43.0
6168,23.94526,42.0
6169,23.952084,40.0
6170,23.582579,39.0
6171,23.26217,39.0
6172,22.727959,37.0
6173,22.206676,38.0
6174,22.01851,37.0
6175,21.89678,36.0
6176,21.921663,33.0
6177,22.01271,30.999999999999996
6178,22.16335,32.0
6179,22.30569,32.0
6180,22.335999,30.0
6181,22.272144,30.999999999999996
6182,22.003338,32.0
6183,21.590715,32.0
6184,21.239477,32.0
6185,21.163671,32.0
6186,21.56481,35.0
6187,22.46898,37.0
6188,23.48528,38.0
6189,23.944803,40.0
6190,24.257404,41.0
6191,24.362566,42.0
6192,24.350634,45.0
6193,24.255095,46.99999999999999
6194,24.592882,49.0
6195,25.26244,51.00000000000001
6196,25.160988,52.0
6197,24.60358,52.0
6198,24.10227,52.0
6199,23.678453,52.0
6200,23.307384,52.0
6201,22.965998,52.0
6202,22.663277,52.0
6203,22.42635,53.0
6204,22.253235,53.0
6205,22.0685,53.0
6206,21.73534,53.0
6207,21.549856,53.0
6208,21.381138,53.0
6209,21.555624,53.0
6210,21.980686,52.0
6211,22.565245,52.0
6212,22.93675,51.00000000000001
6213,23.247423,46.99999999999999
6214,23.24325,46.99999999999999
6215,23.283016,48.0
6216,23.224863,44.0
6217,22.899364,42.0
6218,22.526552,39.0
6219,22.094988,36.0
6220,21.505655,36.0
6221,21.045368,34.0
6222,20.532799,33.0
6223,20.012533,32.0
6224,19.850237,32.0
6225,19.766611,33.0
6226,19.90517,32.0
6227,19.918215,32.0
6228,19.84114,32.0
6229,19.84617,30.999999999999996
6230,19.893108,32.0
6231,20.229675,30.999999999999996
6232,19.852978,30.999999999999996
6233,19.994455,33.0
6234,20.324326,34.0
6235,20.83084,33.0
6236,21.324785,35.0
6237,22.621042,36.0
6238,23.943903,36.0
6239,25.150608,38.0
6240,25.63316,36.0
6241,25.110893,37.0
6242,24.313108,36.0
6243,23.703043,37.0
6244,23.158653,38.0
6245,22.644417,39.0
6246,22.387651,42.0
6247,22.268896,44.0
6248,22.00019,44.0
6249,21.815819,44.0
6250,21.514677,46.99999999999999
6251,21.318068,50.0
6252,21.060898,52.0
6253,20.847237,52.0
6254,20.583868,53.0
6255,21.29984,55.0
6256,21.901999,55.0
6257,21.650272,55.0
6258,21.678072,54.0
6259,21.970642,54.0
6260,22.319546,55.0
6261,22.713953,54.0
6262,22.81777,54.0
6263,22.730543,54.0
6264,22.99224,55.0
6265,23.064032,55.0
6266,22.599516,55.0
6267,22.272783,55.0
6268,21.97355,57.0
6269,22.424973,57.0
6270,22.339954,57.0
6271,22.108128,57.0
6272,21.823545,57.0
6273,21.570688,57.0
6274,21.506088,57.0
6275,21.414614,58.0
6276,21.554329,58.0
6277,21.621098,57.0
6278,21.456596,57.0
6279,21.863321,56.0
6280,21.738308,56.0
6281,22.050562,56.0
6282,23.027452,57.0
6283,23.926628,57.0
6284,24.696922,57.0
6285,25.362026,57.0
6286,26.448175,57.0
6287,27.713173,57.0
6288,28.585997,57.0
6289,29.153734,58.0
6290,29.472733,58.0
6291,29.707375,59.0
6292,30.219288,55.0
6293,29.763939,54.0
6294,29.230095,54.0
6295,28.705511,53.0
6296,28.278528,53.0
6297,28.003252,53.0
6298,27.729177,53.0
6299,27.494701,52.0
6300,27.171206,52.0
6301,26.909904,52.0
6302,26.60022,52.0
6303,26.0608,52.0
6304,25.80368,52.0
6305,26.157413,52.0
6306,27.106089,51.00000000000001
6307,28.279594,51.00000000000001
6308,29.717682,52.0
6309,30.73813,52.0
6310,31.289839,52.0
6311,31.573128,52.0
6312,31.852692,52.0
6313,32.21381,51.00000000000001
6314,32.200573,49.0
6315,32.116234,48.0
6316,32.03273,70.0
6317,31.780533,68.0
6318,31.461136,68.0
6319,31.159878,67.0
6320,31.052517,66.0
6321,30.949432,66.0
6322,30.663452,66.0
6323,30.53566,65.0
6324,30.177534,64.0
6325,29.96078,64.0
6326,29.67496,63.0
6327,29.371855,63.0
6328,29.199575,61.99999999999999
6329,29.28322,63.0
6330,29.500347,61.0
6331,29.401674,60.0
6332,29.443039,59.0
6333,29.223495,58.0
6334,28.973255,58.0
6335,29.272814,58.0
6336,29.363361,57.0
6337,28.96329,57.0
6338,28.564262,56.0
6339,28.037981,57.0
6340,28.071842,93.99999999999999
6341,29.01824,93.99999999999999
6342,29.29604,92.0
6343,29.224495,92.0
6344,29.33441,91.0
6345,29.070189,91.0
6346,28.97625,92.0
6347,28.950697,90.0
6348,28.612669,90.0
6349,28.694849,90.0
6350,29.147604,90.0
6351,29.996708,91.0
6352,31.089325,90.0
6353,32.166992,90.0
6354,33.682476,90.0
6355,35.081226,90.0
6356,36.382206,90.0
6357,37.633972,89.0
6358,38.69735,89.0
6359,39.464394,88.0
6360,40.01001,88.0
6361,40.539104,88.0
6362,40.948013,88.0
6363,41.39463,87.0
6364,41.629303,64.0
6365,41.471645,64.0
6366,41.338787,64.0
6367,41.205772,64.0
6368,41.02706,64.0
6369,40.923332,64.0
6370,40.776653,64.0
6371,40.5937,64.0
6372,40.415012,63.0
6373,40.13881,63.0
6374,39.785923,63.0
6375,39.569336,61.99999999999999
6376,39.563602,61.99999999999999
6377,39.778942,61.0
6378,39.86703,61.0
6379,40.329964,61.0
6380,40.69303,61.0
6381,41.05733,60.0
6382,41.663128,60.0
6383,41.89525,60.0
6384,41.929523,61.0
6385,42.113724,61.0
6386,42.042336,61.0
6387,42.047302,61.0
6388,41.992294,68.0
6389,41.89269,68.0
6390,41.852234,68.0
6391,41.79344,67.0
6392,41.45104,66.0
6393,41.367657,66.0
6394,41.7219,65.0
6395,41.751534,64.0
6396,41.78341,64.0
6397,41.814354,64.0
6398,41.789207,63.0
6399,41.631203,61.99999999999999
6400,41.67751,61.0
6401,41.575603,60.0
6402,41.59659,61.0
6403,42.196667,61.0
6404,42.90611,61.0
6405,43.255054,60.0
6406,43.60719,59.0
6407,44.106033,59.0
6408,44.26539,58.0
6409,44.472473,57.0
6410,44.569027,57.0
6411,44.489323,56.0
6412,44.512875,37.0
6413,44.377213,37.0
6414,44.23437,38.0
6415,44.070766,39.0
6416,43.862907,40.0
6417,43.701965,41.0
6418,43.565464,41.0
6419,43.42616,43.0
6420,43.32912,44.0
6421,43.132504,45.0
6422,42.901302,46.99999999999999
6423,42.554188,49.0
6424,42.414055,50.0
6425,42.319927,49.0
6426,42.119797,46.99999999999999
6427,42.100163,46.99999999999999
6428,42.067345,45.0
6429,42.007656,44.0
6430,41.942307,42.0
6431,42.04517,40.0
6432,42.013878,40.0
6433,41.912674,41.0
6434,41.738968,42.0
6435,41.499172,44.0
6436,41.35252,64.0
6437,41.21803,64.0
6438,41.06926,64.0
6439,40.958168,64.0
6440,40.871326,63.0
6441,40.751656,63.0
6442,40.667587,63.0
6443,40.558655,63.0
6444,40.48157,63.0
6445,40.330635,63.0
6446,40.14456,64.0
6447,40.341938,64.0
6448,40.696186,63.0
6449,40.825516,64.0
6450,41.184883,64.0
6451,41.560326,64.0
6452,41.993294,63.0
6453,42.121487,63.0
6454,42.138767,61.99999999999999
6455,42.07662,61.0
6456,41.993748,61.0
6457,42.010983,61.0
6458,42.012897,61.0
6459,41.964573,61.0
6460,42.006866,85.0
6461,42.13707,87.0
6462,42.217484,88.0
6463,42.33452,88.0
6464,42.37925,89.0
6465,42.52551,89.0
6466,42.700127,90.0
6467,42.944183,91.0
6468,43.1623,91.0
6469,43.278393,92.0
6470,43.23653,93.0
6471,43.652027,93.99999999999999
6472,44.56611,95.0
6473,45.89262,96.0
6474,47.22673,96.0
6475,48.3385,96.0
6476,49.406857,96.0
6477,50.222374,95.0
6478,51.010815,93.99999999999999
6479,51.445732,93.99999999999999
6480,52.042435,93.0
6481,52.5548,93.0
6482,52.95132,92.0
6483,53.286472,91.0
6484,53.450405,60.0
6485,53.507313,60.0
6486,53.593346,60.0
6487,53.564495,60.0
6488,53.46403,59.0
6489,53.353523,58.0
6490,53.187714,58.0
6491,53.020664,57.0
6492,52.861546,57.0
6493,52.67422,57.0
6494,52.40741,57.0
6495,52.1742,58.0
6496,52.20041,58.0
6497,52.2562,58.0
6498,52.423523,59.0
6499,52.97619,59.0
6500,53.203587,60.0
6501,53.25358,60.0
6502,53.518562,60.0
6503,53.50244,61.0
6504,53.486805,61.0
6505,53.415077,61.0
6506,53.298904,61.0
6507,53.148,61.99999999999999
6508,52.98787,55.0
6509,52.821438,56.0
6510,52.593517,58.0
6511,52.37026,59.0
6512,52.166336,60.0
6513,52.14752,60.0
6514,52.36675,60.0
6515,52.384747,59.0
6516,52.4203,60.0
6517,52.486546,59.0
6518,52.59892,59.0
6519,52.67419,59.0
6520,52.770454,59.0
6521,52.730083,61.0
6522,52.91256,61.0
6523,52.971558,60.0
6524,52.802372,60.0
6525,52.661972,60.0
6526,52.53104,59.0
6527,52.45433,59.0
6528,52.311096,59.0
6529,52.065273,59.0
6530,51.849358,60.0
6531,51.634342,61.99999999999999
6532,51.39538,81.0
6533,51.236614,80.0
6534,51.071064,78.99999999999999
6535,50.931835,78.99999999999999
6536,50.789474,78.0
6537,50.698193,77.0
6538,50.533802,77.0
6539,50.448536,77.0
6540,50.322556,77.0
6541,50.178333,76.0
6542,50.02083,76.0
6543,49.837124,76.0
6544,49.826405,77.0
6545,50.016563,77.0
6546,50.401123,77.0
6547,50.62509,76.0
6548,50.92499,75.0
6549,51.141434,75.0
6550,51.205296,74.0
6551,51.083096,73.0
6552,51.00435,73.0
6553,50.925323,73.0
6554,50.800816,73.0
6555,50.650303,72.0
6556,50.39409,73.0
6557,50.177544,73.0
6558,49.897408,74.0
6559,49.628906,74.0
6560,49.454124,74.0
6561,49.29579,72.0
6562,49.15699,72.0
6563,49.064617,72.0
6564,48.91771,72.0
6565,48.856056,71.0
6566,48.530857,72.0
6567,48.332294,71.0
6568,48.284897,69.0
6569,48.345238,68.0
6570,48.710846,69.0
6571,49.389397,68.0
6572,49.42143,68.0
6573,49.658596,68.0
6574,49.963276,68.0
6575,49.866737,68.0
6576,49.81496,68.0
6577,49.71069,68.0
6578,49.58213,67.0
6579,49.461483,68.0
6580,49.32362,66.0
6581,49.128407,66.0
6582,48.91881,65.0
6583,48.778584,65.0
6584,48.69007,64.0
6585,48.65147,64.0
6586,48.599247,63.0
6587,48.549515,61.99999999999999
6588,48.47851,61.0
6589,48.493732,60.0
6590,48.389484,59.0
6591,48.141327,58.0
6592,47.87633,58.0
6593,47.64267,58.0
6594,47.720715,57.0
6595,47.82103,57.0
6596,47.765995,57.0
6597,48.037903,57.0
6598,48.31808,57.0
6599,48.520836,56.0
6600,48.47341,56.0
6601,48.485123,55.0
6602,48.373016,55.0
6603,48.276573,54.0
6604,48.162773,56.0
6605,48.020985,54.0
6606,47.84459,54.0
6607,47.795513,53.0
6608,47.770905,53.0
6609,47.715572,53.0
6610,47.716866,53.0
6611,47.751522,53.0
6612,47.80233,53.0
6613,47.84988,54.0
6614,47.8072,54.0
6615,47.59894,54.0
6616,47.424564,54.0
6617,47.318687,54.0
6618,47.39525,53.0
6619,47.487095,53.0
6620,47.443798,53.0
6621,47.66402,51.00000000000001
6622,47.5451,49.0
6623,47.60411,50.0
6624,47.490547,49.0
6625,47.376534,50.0
6626,47.22382,52.0
6627,47.12448,51.00000000000001
6628,47.01371,46.0
6629,46.90843,46.99999999999999
6630,46.885727,44.0
6631,46.8093,46.0
6632,46.82314,46.0
6633,46.835552,45.0
6634,46.783344,45.0
6635,46.803623,44.0
6636,46.85642,44.0
6637,46.905495,43.0
6638,46.95947,42.0
6639,46.997074,40.0
6640,46.87995,38.0
6641,46.641846,35.0
6642,46.48963,34.0
6643,46.482483,40.0
6644,47.038902,39.0
6645,47.085846,42.0
6646,47.11863,43.0
6647,47.247875,46.0
6648,47.79994,51.00000000000001
6649,48.03943,52.0
6650,48.145287,53.0
6651,48.176006,55.0
6652,48.118748,58.0
6653,47.984287,60.0
6654,47.906933,61.99999999999999
6655,47.767708,64.0
6656,47.66298,66.0
6657,47.56656,68.0
6658,47.42171,69.0
6659,47.372494,71.0
6660,47.364574,72.0
6661,47.36676,74.0
6662,47.45141,75.0
6663,47.72679,77.0
6664,47.87924,78.0
6665,47.869923,78.0
6666,47.988827,80.0
6667,48.27676,78.99999999999999
6668,48.40026,80.0
6669,48.471287,80.0
6670,48.49962,80.0
6671,48.615845,80.0
6672,48.83932,78.99999999999999
6673,48.855,78.0
6674,48.849873,78.0
6675,48.946743,77.0
6676,48.89946,76.0
6677,48.802586,75.0
6678,48.8021,74.0
6679,48.827335,73.0
6680,48.894814,72.0
6681,48.970795,71.0
6682,49.02857,71.0
6683,48.977215,71.0
6684,48.902225,71.0
6685,48.823406,72.0
6686,48.69394,72.0
6687,48.69477,72.0
6688,48.75601,72.0
6689,48.749268,72.0
6690,49.06403,73.0
6691,49.31862,73.0
6692,49.77757,74.0
6693,50.415207,74.0
6694,50.79683,75.0
6695,51.204712,75.0
6696,51.356052,76.0
6697,51.545624,76.0
6698,51.52166,76.0
6699,51.531967,76.0
6700,51.64397,75.0
6701,51.86331,77.0
6702,52.021675,77.0
6703,52.182148,76.0
6704,52.337505,77.0
6705,52.441395,77.0
6706,52.56103,77.0
6707,52.589024,77.0
6708,52.710278,77.0
6709,52.777073,76.0
6710,52.726707,75.0
6711,52.545174,75.0
6712,52.522728,75.0
6713,52.47426,74.0
6714,52.442184,73.0
6715,52.461143,74.0
6716,52.81333,73.0
6717,52.908108,73.0
6718,52.94041,72.0
6719,52.959545,72.0
6720,52.875626,72.0
6721,52.8024,72.0
6722,52.691177,72.0
6723,52.62324,71.0
6724,52.56859,71.0
6725,52.518204,70.0
6726,52.458054,70.0
6727,52.39732,69.0
6728,52.35282,68.0
6729,52.31474,67.0
6730,52.264442,67.0
6731,52.22217,66.0
6732,52.175632,66.0
6733,52.145523,65.0
6734,52.106846,66.0
6735,52.03592,65.0
6736,52.04275,65.0
6737,52.138844,65.0
6738,52.011814,65.0
6739,52.133667,65.0
6740,52.50953,65.0
6741,52.66727,65.0
6742,52.870495,65.0
6743,53.136642,64.0
6744,53.21511,64.0
6745,53.12729,63.0
6746,52.989277,63.0
6747,52.904682,63.0
6748,52.9401,63.0
6749,52.921886,65.0
6750,52.767258,65.0
6751,52.705578,65.0
6752,52.632454,65.0
6753,52.5931,64.0
6754,52.49497,64.0
6755,52.495106,63.0
6756,52.53957,63.0
6757,52.5773,61.99999999999999
6758,52.534115,61.99999999999999
6759,52.54941,61.99999999999999
6760,52.47835,61.99999999999999
6761,52.474293,61.99999999999999
6762,52.46147,61.99999999999999
6763,52.702827,61.99999999999999
6764,52.91796,61.0
6765,52.91547,61.0
6766,53.172203,61.0
6767,53.203068,60.0
6768,53.18201,60.0
6769,53.020416,59.0
6770,52.762257,59.0
6771,52.539158,59.0
6772,52.37039,58.0
6773,52.218246,56.0
6774,52.080097,56.0
6775,51.94006,55.0
6776,51.875973,55.0
6777,51.752888,56.0
6778,51.651215,56.0
6779,51.610657,55.0
6780,51.504322,56.0
6781,51.447216,56.0
6782,51.28999,56.0
6783,51.153088,56.0
6784,51.15868,55.0
6785,51.098106,55.0
6786,50.966393,53.0
6787,50.915806,54.0
6788,51.469093,55.0
6789,51.841236,54.0
6790,51.80742,54.0
6791,51.85031,54.0
6792,51.641846,54.0
6793,51.534916,54.0
6794,51.440506,53.0
6795,51.28277,53.0
6796,51.063473,54.0
6797,50.863777,53.0
6798,50.696083,53.0
6799,50.52186,53.0
6800,50.342175,53.0
6801,50.296436,53.0
6802,50.08167,53.0
6803,49.98441,53.0
6804,49.682507,54.0
6805,49.696518,54.0
6806,49.507084,54.0
6807,49.384853,53.0
6808,49.125404,53.0
6809,49.13048,54.0
6810,49.11342,54.0
6811,48.786205,53.0
6812,48.85593,52.0
6813,49.10897,53.0
6814,49.055367,52.0
6815,49.144646,52.0
6816,49.308685,52.0
6817,49.379272,52.0
6818,49.49479,52.0
6819,49.605503,52.0
6820,49.652214,52.0
6821,49.474873,52.0
6822,49.430458,52.0
6823,49.44214,53.0
6824,49.453007,53.0
6825,49.490173,54.0
6826,49.49004,55.0
6827,49.424023,56.0
6828,49.426117,56.0
6829,49.402267,56.0
6830,49.367847,57.0
6831,49.4109,59.0
6832,49.376423,59.0
6833,49.430607,61.0
6834,49.84354,63.0
6835,50.191685,63.0
6836,50.26524,63.0
6837,50.429394,64.0
6838,50.383255,65.0
6839,50.35904,66.0
6840,50.279873,67.0
6841,50.155144,69.0
6842,50.05904,70.0
6843,50.02743,71.0
6844,49.942177,73.0
6845,49.843132,74.0
6846,49.763714,75.0
6847,49.70648,76.0
6848,49.59015,77.0
6849,49.480175,78.0
6850,49.42211,78.0
6851,49.308853,78.99999999999999
6852,49.20943,78.99999999999999
6853,49.10327,78.99999999999999
6854,48.921516,81.0
6855,48.827965,81.0
6856,48.837784,82.0
6857,49.097614,82.0
6858,49.405014,81.0
6859,49.62576,81.0
6860,49.542667,81.0
6861,49.72157,81.0
6862,49.94043,81.0
6863,50.016438,81.0
6864,50.228737,80.0
6865,50.25821,78.99999999999999
6866,50.247604,78.0
6867,50.30014,78.0
6868,50.4201,77.0
6869,50.522114,76.0
6870,50.550713,75.0
6871,50.536922,74.0
6872,50.47345,73.0
6873,50.444523,73.0
6874,50.346382,72.0
6875,50.25027,72.0
6876,50.174404,72.0
6877,50.085957,71.0
6878,50.014374,71.0
6879,49.955772,70.0
6880,50.06907,70.0
6881,50.194645,68.0
6882,50.211456,68.0
6883,50.433174,69.0
6884,50.483204,70.0
6885,50.73147,70.0
6886,50.750072,70.0
6887,50.949738,69.0
6888,50.752617,69.0
6889,50.653255,70.0
6890,50.474228,70.0
6891,50.29099,71.0
6892,50.12373,70.0
6893,49.973698,70.0
6894,49.835777,71.0
6895,49.773262,72.0
6896,49.71681,72.0
6897,49.63297,73.0
6898,49.550728,72.0
6899,49.510723,72.0
6900,49.453854,71.0
6901,49.386658,71.0
6902,49.337864,70.0
6903,49.29459,70.0
6904,49.33668,69.0
6905,49.469463,69.0
6906,49.29465,69.0
6907,49.449444,68.0
6908,49.197563,67.0
6909,49.32915,66.0
6910,48.881287,66.0
6911,48.810265,65.0
6912,48.442436,64.0
6913,48.13163,63.0
6914,47.840588,61.0
6915,47.454586,60.0
6916,47.19113,59.0
6917,46.779213,59.0
6918,46.39333,57.0
6919,45.893616,56.0
6920,45.394974,55.0
6921,44.98295,54.0
6922,44.664337,53.0
6923,44.285103,52.0
6924,43.945602,52.0
6925,43.69983,50.0
6926,43.28075,46.99999999999999
6927,42.814354,43.0
6928,42.53674,41.0
6929,42.243954,41.0
6930,41.820877,37.0
6931,41.475544,37.0
6932,41.13775,33.0
6933,40.90448,34.0
6934,40.725567,32.0
6935,40.39957,33.0
6936,39.842754,33.0
6937,39.221725,34.0
6938,38.426476,34.0
6939,37.69168,33.0
6940,36.791515,33.0
6941,36.07237,33.0
6942,35.499744,35.0
6943,35.0048,36.0
6944,34.482338,34.0
6945,33.838104,33.0
6946,33.2273,33.0
6947,32.69131,34.0
6948,32.222973,34.0
6949,31.716555,34.0
6950,31.035078,36.0
6951,30.469248,36.0
6952,30.11666,34.0
6953,29.858162,33.0
6954,29.661104,36.0
6955,29.863272,38.0
6956,29.931417,38.0
6957,29.637209,41.0
6958,29.626564,42.0
6959,29.121874,43.0
6960,28.497412,44.0
6961,27.903229,43.0
6962,27.363796,43.0
6963,26.868843,43.0
6964,26.214245,42.0
6965,25.558924,42.0
6966,25.05631,40.0
6967,24.490002,38.0
6968,23.86173,39.0
6969,23.481472,40.0
6970,23.174229,40.0
6971,22.71118,41.0
6972,22.453259,42.0
6973,22.227875,42.0
6974,22.10874,41.0
6975,22.293987,43.0
6976,22.392736,46.99999999999999
6977,22.72311,51.00000000000001
6978,23.043533,49.0
6979,22.976854,48.0
6980,22.982073,48.0
6981,23.040688,46.0
6982,22.965141,45.0
6983,22.59418,43.0
6984,22.133327,41.0
6985,21.744202,41.0
6986,21.487877,43.0
6987,21.51389,43.0
6988,21.392317,45.0
6989,21.212856,45.0
6990,21.047705,46.0
6991,20.97608,48.0
6992,20.772165,48.0
6993,20.647472,49.0
6994,20.779118,48.0
6995,20.795046,46.99999999999999
6996,20.92691,46.99999999999999
6997,21.167063,46.99999999999999
6998,20.807652,45.0
6999,20.570066,44.0
7000,20.551376,42.0
7001,20.966045,40.0
7002,21.50581,42.0
7003,22.06993,44.0
7004,22.313076,45.0
7005,22.334684,46.0
7006,22.548054,48.0
7007,22.59223,50.0
7008,22.570074,52.0
7009,22.243526,52.0
7010,22.096226,52.0
7011,22.317465,53.0
