,prediction,actual
0,65.03545,63.0
1,62.705864,64.0
2,63.958332,63.0
3,62.82192,63.0
4,62.82662,63.0
5,62.89945,63.0
6,62.841133,61.99999999999999
7,61.89379,61.99999999999999
8,61.915775,61.99999999999999
9,61.883854,61.99999999999999
10,61.92512,61.99999999999999
11,61.926544,61.99999999999999
12,61.916252,63.0
13,62.831726,64.0
14,64.03967,63.0
15,62.91625,63.0
16,62.995323,61.99999999999999
17,61.83661,61.99999999999999
18,61.765675,61.99999999999999
19,61.89199,63.0
20,63.029095,63.0
21,62.742294,65.0
22,65.523285,65.0
23,65.23938,65.0
24,65.05461,65.0
25,65.12089,66.0
26,66.04451,67.0
27,67.101265,67.0
28,67.019905,66.0
29,65.91654,66.0
30,65.872055,66.0
31,65.79033,66.0
32,65.880516,66.0
33,65.865135,66.0
34,65.917435,66.0
35,65.95272,66.0
36,65.88713,65.0
37,64.72074,63.0
38,62.84718,63.0
39,62.93431,63.0
40,62.86843,63.0
41,62.83908,63.0
42,63.085354,64.0
43,64.20775,64.0
44,64.30804,64.0
45,64.27085,63.0
46,62.971706,63.0
47,63.043972,63.0
48,63.040173,64.0
49,63.988045,64.0
50,64.07505,65.0
51,65.06758,65.0
52,64.89489,66.0
53,65.9436,66.0
54,65.95106,66.0
55,65.948586,67.0
56,67.03432,67.0
57,67.02816,67.0
58,66.96647,67.0
59,66.98604,67.0
60,66.95493,68.0
61,67.86151,69.0
62,69.17687,69.0
63,69.09962,69.0
64,68.987144,69.0
65,68.838585,69.0
66,69.063705,69.0
67,68.9804,68.0
68,67.93776,68.0
69,68.37808,68.0
70,68.10523,68.0
71,67.62827,69.0
72,68.81885,69.0
73,68.90727,67.0
74,66.711914,65.0
75,64.75951,64.0
76,63.74864,63.0
77,62.797623,64.0
78,64.00667,64.0
79,63.948048,64.0
80,63.9391,64.0
81,64.0025,64.0
82,63.99434,65.0
83,65.04972,65.0
84,65.03833,64.0
85,63.878735,61.99999999999999
86,61.781532,63.0
87,63.04516,63.0
88,63.141678,64.0
89,64.14649,64.0
90,64.2413,64.0
91,64.156845,64.0
92,64.06124,64.0
93,64.25867,64.0
94,64.01174,63.0
95,62.814915,61.99999999999999
96,61.728928,63.0
97,62.9416,64.0
98,63.83993,66.0
99,66.02458,66.0
100,65.824875,67.0
101,67.08616,67.0
102,67.09761,67.0
103,67.04203,66.0
104,65.9428,66.0
105,66.00769,66.0
106,66.00236,66.0
107,66.0667,66.0
108,66.032196,66.0
109,65.87212,66.0
110,65.91679,66.0
111,66.18066,66.0
112,65.89935,66.0
113,65.96634,66.0
114,65.88362,65.0
115,64.87543,65.0
116,64.7191,64.0
117,63.658764,65.0
118,65.050095,67.0
119,66.89247,67.0
120,66.93461,66.0
121,65.94303,68.0
122,68.20382,67.0
123,67.009056,69.0
124,68.93774,68.0
125,67.89795,68.0
126,68.00626,68.0
127,68.06752,69.0
128,69.19695,69.0
129,69.083374,69.0
130,69.16577,69.0
131,69.2595,68.0
132,67.906334,70.0
133,70.19908,70.0
134,69.89647,71.0
135,71.357,71.0
136,71.15922,71.0
137,71.16483,71.0
138,71.02199,72.0
139,71.77042,73.0
140,73.87112,74.0
141,73.807846,73.0
142,72.59488,72.0
143,71.62911,72.0
144,71.70775,72.0
145,71.67448,71.0
146,70.93017,70.0
147,69.79477,68.0
148,67.74024,68.0
149,67.903175,67.0
150,66.7176,67.0
151,66.90667,66.0
152,65.9068,66.0
153,65.98195,66.0
154,66.02766,65.0
155,65.06956,67.0
156,67.14322,66.0
157,65.896866,67.0
158,67.05572,66.0
159,66.08065,65.0
160,64.90452,66.0
161,66.07013,66.0
162,65.936806,67.0
163,67.06574,66.0
164,66.00469,66.0
165,65.797195,66.0
166,65.90423,67.0
167,66.81016,67.0
168,66.70743,67.0
169,66.803665,67.0
170,66.84323,68.0
171,67.86649,69.0
172,68.775696,70.0
173,69.896774,71.0
174,70.841995,71.0
175,70.992676,71.0
176,70.97018,71.0
177,71.080605,71.0
178,71.13352,72.0
179,72.308586,70.0
180,70.05245,72.0
181,72.24532,70.0
182,70.01923,72.0
183,72.48842,73.0
184,73.39164,72.0
185,72.15262,72.0
186,72.17175,72.0
187,72.15656,72.0
188,71.82779,73.0
189,72.83255,72.0
190,71.721275,71.0
191,70.73893,72.0
192,71.75178,71.0
193,70.58674,70.0
194,69.806816,69.0
195,68.81868,69.0
196,68.82062,69.0
197,68.892586,69.0
198,68.884094,69.0
199,68.924126,69.0
200,68.91786,69.0
201,69.03264,69.0
202,69.128876,69.0
203,69.23255,69.0
204,69.19394,68.0
205,68.13529,70.0
206,70.167694,70.0
207,70.03017,70.0
208,70.00946,70.0
209,69.783905,70.0
210,69.576706,71.0
211,70.75628,71.0
212,70.75581,71.0
213,70.79345,71.0
214,70.56623,69.0
215,68.64111,70.0
216,69.95332,70.0
217,69.84414,71.0
218,71.07946,71.0
219,70.88786,71.0
220,70.930916,70.0
221,69.95265,70.0
222,70.01102,71.0
223,71.15081,71.0
224,71.095695,70.0
225,70.03159,70.0
226,70.12628,69.0
227,69.22236,70.0
228,70.279625,69.0
229,69.02189,68.0
230,68.005165,67.0
231,66.99085,67.0
232,67.06064,67.0
233,67.570015,66.0
234,66.09172,66.0
235,65.97079,65.0
236,64.733536,65.0
237,64.88674,65.0
238,64.95502,66.0
239,65.839424,65.0
240,64.76457,65.0
241,64.85489,64.0
242,63.879417,65.0
243,64.90857,65.0
244,64.77705,65.0
245,64.908,66.0
246,65.95571,66.0
247,66.007545,67.0
248,67.01374,67.0
249,66.9825,67.0
250,67.09948,67.0
251,67.166275,66.0
252,65.99307,68.0
253,68.132576,67.0
254,66.99337,67.0
255,67.13121,67.0
256,66.893105,65.0
257,64.73732,65.0
258,64.793976,64.0
259,63.877125,64.0
260,63.895138,63.0
261,62.839928,63.0
262,62.724243,63.0
263,62.94454,63.0
264,62.87756,63.0
265,62.872578,63.0
266,62.922085,61.99999999999999
267,61.902683,61.99999999999999
268,61.90397,61.0
269,60.856255,60.0
270,59.86682,60.0
271,59.896923,59.0
272,58.908512,59.0
273,58.829113,58.0
274,57.87613,58.0
275,58.01151,59.0
276,58.999172,58.0
277,58.035984,58.0
278,58.04509,58.0
279,58.00687,58.0
280,58.107067,60.0
281,60.08319,60.0
282,60.06047,61.0
283,60.623615,61.0
284,60.810345,61.0
285,60.812637,63.0
286,62.75051,108.99999999999999
287,105.27608,101.0
288,99.521675,90.0
289,89.26796,77.0
290,77.27578,63.0
291,62.940403,61.99999999999999
292,61.67897,61.99999999999999
293,61.859882,63.0
294,62.88086,61.99999999999999
295,61.87932,61.99999999999999
296,61.868034,61.99999999999999
297,61.986076,61.99999999999999
298,61.970497,64.0
299,64.23395,64.0
300,64.02519,63.0
301,62.882923,63.0
302,62.8253,63.0
303,63.05898,63.0
304,63.170742,63.0
305,63.06753,63.0
306,63.11586,63.0
307,63.18447,63.0
308,62.979103,63.0
309,63.005455,63.0
310,62.888412,64.0
311,64.03396,63.0
312,62.777485,66.0
313,65.79668,67.0
314,66.95125,68.0
315,67.991035,68.0
316,67.821686,68.0
317,67.89847,68.0
318,67.90774,70.0
319,70.198296,71.0
320,71.236626,72.0
321,72.257904,72.0
322,72.17483,72.0
323,72.44737,73.0
324,73.415306,73.0
325,73.15223,74.0
326,74.19878,74.0
327,74.165634,73.0
328,73.144684,73.0
329,72.93738,73.0
330,72.742935,73.0
331,72.8767,72.0
332,71.53562,73.0
333,74.0177,72.0
334,71.68044,71.0
335,70.261955,71.0
336,70.57159,71.0
337,70.73691,69.0
338,68.51843,68.0
339,67.77856,69.0
340,68.91128,69.0
341,68.846565,70.0
342,70.0016,70.0
343,69.94479,69.0
344,68.95122,69.0
345,68.9564,69.0
346,68.970985,68.0
347,67.98255,68.0
348,67.97961,70.0
349,70.18237,69.0
350,68.983955,71.0
351,71.36709,72.0
352,71.99367,72.0
353,71.957924,71.0
354,71.001625,72.0
355,71.13418,72.0
356,71.687195,72.0
357,71.182014,87.0
358,83.41281,111.0
359,104.514435,119.0
360,113.294,114.0
361,114.17663,101.0
362,101.94498,77.0
363,76.82866,77.0
364,76.96118,77.0
365,77.23274,78.0
366,78.26585,78.0
367,78.35286,77.0
368,77.10061,76.0
369,75.96979,76.0
370,76.13056,76.0
371,76.33336,75.0
372,75.15478,73.0
373,73.028946,73.0
374,73.263,72.0
375,72.22544,72.0
376,72.13755,72.0
377,71.95681,73.0
378,72.71834,73.0
379,72.35492,73.0
380,71.54053,74.0
381,72.422585,74.0
382,73.540474,84.0
383,83.46517,87.0
384,86.52405,84.0
385,83.41726,72.0
386,71.519554,73.0
387,72.91176,72.0
388,71.7916,72.0
389,71.97925,71.0
390,70.84468,70.0
391,69.813484,71.0
392,70.980995,72.0
393,72.01546,72.0
394,71.93122,72.0
395,72.018005,73.0
396,73.12957,75.0
397,75.23997,74.0
398,74.08678,74.0
399,74.13989,74.0
400,74.06984,73.0
401,72.86849,73.0
402,72.845665,73.0
403,72.54212,73.0
404,71.85209,72.0
405,70.543396,73.0
406,72.33122,72.0
407,71.29117,71.0
408,70.401955,72.0
409,71.75259,73.0
410,72.84894,74.0
411,73.86651,74.0
412,73.73914,63.0
413,62.89962,61.99999999999999
414,61.85747,61.0
415,60.833084,60.0
416,59.827732,59.0
417,58.84489,59.0
418,58.854202,58.0
419,57.880814,57.0
420,56.87769,57.0
421,56.870056,57.0
422,56.842464,56.0
423,55.593864,55.0
424,54.757565,54.0
425,53.619747,53.0
426,52.684044,53.0
427,52.93545,54.0
428,53.79342,54.0
429,53.896454,54.0
430,54.19978,54.0
431,53.943672,55.0
432,54.914238,54.0
433,53.75024,54.0
434,53.842125,54.0
435,53.815044,54.0
436,53.816868,57.0
437,56.92823,57.0
438,56.984043,57.0
439,57.001587,56.0
440,55.950363,56.0
441,55.91534,56.0
442,55.91104,55.0
443,54.92336,55.0
444,54.94874,55.0
445,54.922478,54.0
446,53.8717,54.0
447,53.74389,55.0
448,54.852654,55.0
449,54.551952,55.0
450,54.675285,55.0
451,54.47307,54.0
452,53.808086,54.0
453,53.622356,54.0
454,54.33427,56.0
455,56.686516,56.0
456,55.881653,55.0
457,54.59168,55.0
458,54.615055,55.0
459,54.64047,55.0
460,54.854916,46.99999999999999
461,47.060787,46.0
462,45.75203,44.0
463,43.775917,41.0
464,40.931316,41.0
465,40.810898,40.0
466,39.86894,39.0
467,38.913124,38.0
468,37.886654,38.0
469,37.863926,38.0
470,37.950443,38.0
471,37.922947,37.0
472,36.8382,37.0
473,36.877506,38.0
474,37.824486,39.0
475,38.958847,40.0
476,39.916443,42.0
477,42.042896,43.0
478,42.91745,44.0
479,43.83232,43.0
480,42.718796,45.0
481,44.809296,45.0
482,44.885506,45.0
483,44.889442,46.99999999999999
484,47.13211,63.0
485,62.7215,63.0
486,62.78382,65.0
487,64.940865,66.0
488,65.93974,67.0
489,66.86539,67.0
490,66.91469,68.0
491,68.037704,67.0
492,66.70882,67.0
493,66.81245,68.0
494,68.08251,70.0
495,70.03301,69.0
496,68.75557,69.0
497,68.665634,69.0
498,68.38973,69.0
499,68.54536,69.0
500,68.91039,69.0
501,68.42403,70.0
502,69.34794,70.0
503,69.49027,69.0
504,68.69933,70.0
505,69.710304,68.0
506,67.651054,67.0
507,66.777756,67.0
508,66.81962,60.0
509,59.77706,60.0
510,59.758465,59.0
511,58.74461,59.0
512,58.761543,58.0
513,57.81502,59.0
514,58.86453,58.0
515,57.819798,58.0
516,57.863068,57.0
517,56.842335,57.0
518,56.827133,56.0
519,55.814823,56.0
520,55.718224,56.0
521,55.730576,56.0
522,55.725872,56.0
523,55.73037,55.0
524,54.860756,54.0
525,54.046085,54.0
526,53.881023,54.0
527,53.852047,53.0
528,52.93072,53.0
529,52.905003,54.0
530,53.77037,55.0
531,54.756638,56.0
532,55.726223,73.0
533,73.07382,73.0
534,73.063896,74.0
535,74.09114,75.0
536,75.21155,75.0
537,75.02678,75.0
538,74.72529,74.0
539,73.87592,74.0
540,73.89251,73.0
541,72.7878,72.0
542,71.761185,72.0
543,72.05917,72.0
544,72.00918,71.0
545,70.98586,71.0
546,70.84544,70.0
547,69.60543,69.0
548,68.25698,69.0
549,68.55029,67.0
550,66.29775,67.0
551,66.76125,65.0
552,64.52992,64.0
553,63.61183,63.0
554,62.67924,61.99999999999999
555,61.749416,60.0
556,59.731174,57.0
557,56.792957,57.0
558,56.790546,57.0
559,56.818066,57.0
560,56.834236,57.0
561,56.82847,57.0
562,56.828888,56.0
563,55.849693,57.0
564,56.8354,57.0
565,56.816086,57.0
566,56.812737,58.0
567,57.740532,58.0
568,57.900368,58.0
569,57.8599,59.0
570,58.86152,59.0
571,58.754284,59.0
572,58.79957,60.0
573,60.06637,59.0
574,58.72174,59.0
575,58.710228,59.0
576,58.875225,59.0
577,58.741394,58.0
578,57.749493,58.0
579,57.807438,58.0
580,57.841988,55.0
581,54.853985,55.0
582,55.005936,56.0
583,56.417377,56.0
584,56.183483,56.0
585,56.07901,56.0
586,55.931828,56.0
587,55.958042,56.0
588,55.986626,56.0
589,55.884605,56.0
590,55.9034,55.0
591,54.94467,55.0
592,54.866367,55.0
593,54.983322,56.0
594,55.904373,55.0
595,54.789303,55.0
596,54.86043,56.0
597,55.833473,55.0
598,54.89517,55.0
599,54.84968,55.0
600,54.818638,54.0
601,53.785892,54.0
602,53.803337,54.0
603,53.760784,54.0
604,53.81361,139.0
605,140.33768,137.0
606,137.52892,136.0
607,137.354,138.0
608,139.39462,138.0
609,139.58423,136.0
610,136.3981,127.0
611,127.45052,113.0
612,113.83522,103.0
613,104.13405,99.0
614,100.21552,98.0
615,99.318115,98.0
616,98.35213,97.0
617,97.14745,96.0
618,95.89318,96.0
619,96.150566,95.0
620,93.67414,93.99999999999999
621,94.14262,93.99999999999999
622,93.79373,93.99999999999999
623,94.39952,93.99999999999999
624,94.24686,93.0
625,92.4524,92.0
626,91.89019,91.0
627,91.20398,90.0
628,90.42304,143.0
629,144.65923,132.0
630,133.50424,118.0
631,119.48298,105.0
632,107.18943,99.0
633,100.71339,97.0
634,98.250244,96.0
635,97.45474,93.99999999999999
636,95.28819,92.0
637,93.10269,89.0
638,89.695175,87.0
639,88.04856,86.0
640,86.88769,86.0
641,86.93382,86.0
642,86.431046,86.0
643,86.099106,85.0
644,84.45559,85.0
645,84.280525,85.0
646,85.13943,86.0
647,86.30191,86.0
648,86.41453,86.0
649,86.47014,87.0
650,87.55742,88.0
651,88.98397,88.0
652,88.77439,69.0
653,68.818085,70.0
654,69.926765,70.0
655,69.90248,71.0
656,70.98815,71.0
657,71.067726,71.0
658,71.06328,71.0
659,71.14508,72.0
660,72.22446,72.0
661,72.14389,72.0
662,72.0284,72.0
663,71.94057,72.0
664,71.88653,72.0
665,71.91572,72.0
666,71.80705,71.0
667,70.49908,71.0
668,70.92405,70.0
669,69.75864,70.0
670,69.46421,70.0
671,69.527435,70.0
672,69.47087,70.0
673,69.74331,70.0
674,69.756226,71.0
675,70.85097,72.0
676,71.862335,57.0
677,56.778477,56.0
678,55.762363,56.0
679,55.825966,56.0
680,55.85548,55.0
681,54.87374,54.0
682,53.864513,54.0
683,53.85218,53.0
684,52.906178,53.0
685,52.90524,53.0
686,52.833263,52.0
687,51.987343,53.0
688,53.046555,53.0
689,52.99367,53.0
690,53.036064,54.0
691,53.95513,53.0
692,52.762268,53.0
693,52.792343,53.0
694,53.061672,53.0
695,53.13023,53.0
696,52.67183,52.0
697,51.817284,52.0
698,51.788555,52.0
699,51.719894,50.0
700,49.763344,86.0
701,86.30354,86.0
702,86.776855,86.0
703,86.83188,86.0
704,86.677704,86.0
705,86.53986,87.0
706,87.65813,85.0
707,85.68412,86.0
708,86.9183,86.0
709,86.68351,87.0
710,88.21601,87.0
711,88.21823,86.0
712,85.98844,85.0
713,84.65795,85.0
714,83.37472,85.0
715,82.98413,85.0
716,82.761925,86.0
717,83.949486,86.0
718,84.35347,87.0
719,86.60126,86.0
720,85.874756,86.0
721,86.38328,86.0
722,86.324394,86.0
723,86.42389,86.0
724,86.40486,86.0
725,86.45278,87.0
726,87.729614,87.0
727,87.77466,87.0
728,87.86183,88.0
729,89.08133,89.0
730,90.26545,89.0
731,90.1935,90.0
732,91.37722,91.0
733,92.339424,91.0
734,92.56018,91.0
735,92.01776,92.0
736,92.33946,93.99999999999999
737,93.53553,93.99999999999999
738,91.96412,95.0
739,91.679054,96.0
740,92.19459,96.0
741,95.58206,97.0
742,95.9193,97.0
743,95.64386,99.0
744,98.843315,99.0
745,100.943115,104.0
746,107.14524,114.0
747,117.85294,126.0
748,130.4442,129.0
749,128.78795,128.0
750,129.75356,130.0
751,132.74648,132.0
752,133.87807,138.0
753,139.95714,142.0
754,143.84315,146.0
755,149.57915,149.0
756,153.4615,151.00000000000003
757,153.57448,151.00000000000003
758,151.87798,151.00000000000003
759,150.31456,150.0
760,146.94472,151.00000000000003
761,146.5505,151.00000000000003
762,143.69313,151.00000000000003
763,142.58104,151.00000000000003
764,142.98288,147.0
765,140.40903,150.0
766,144.94989,148.0
767,146.06757,142.0
768,140.07153,139.0
769,139.06813,133.0
770,134.34775,130.0
771,131.84459,128.0
772,130.60156,129.0
773,130.48471,123.99999999999999
774,123.90875,119.0
775,120.4157,117.00000000000001
776,118.90514,113.0
777,115.40992,108.0
778,110.7011,103.0
779,105.18892,100.0
780,102.202225,100.0
781,102.266266,100.0
782,102.4974,100.0
783,101.73501,103.0
784,101.89782,107.0
785,103.860535,108.0
786,103.000275,106.0
787,101.19788,106.0
788,100.86258,106.0
789,100.5831,110.0
790,104.43783,115.0
791,112.16929,118.0
792,116.33978,120.0
793,120.504486,123.0
794,123.48938,125.0
795,126.45102,125.0
796,126.614334,130.0
797,131.82199,141.0
798,143.37679,147.0
799,149.51741,151.00000000000003
800,152.93437,151.00000000000003
801,149.72931,151.00000000000003
802,149.11697,151.00000000000003
803,150.6135,151.00000000000003
804,152.72029,151.00000000000003
805,152.59743,151.00000000000003
806,152.71144,151.00000000000003
807,152.40071,151.00000000000003
808,150.08908,152.0
809,147.77188,151.00000000000003
810,144.82777,140.0
811,132.42719,132.0
812,123.78228,126.0
813,118.0164,111.0
814,105.443665,100.0
815,97.89572,99.0
816,97.789314,97.0
817,97.02347,95.0
818,95.20051,93.0
819,93.32482,91.0
820,91.30506,89.0
821,89.301025,87.0
822,87.452934,85.0
823,85.23241,83.0
824,83.18614,80.0
825,80.245544,78.99999999999999
826,79.23912,78.0
827,78.41951,77.0
828,77.54837,76.0
829,76.44019,75.0
830,75.508545,74.0
831,74.39156,72.0
832,72.18357,70.0
833,70.10979,69.0
834,68.57293,69.0
835,68.19239,69.0
836,68.03628,69.0
837,68.790924,69.0
838,68.50468,70.0
839,69.75604,70.0
840,69.39017,70.0
841,69.64436,69.0
842,68.67486,69.0
843,68.69948,69.0
844,68.737526,69.0
845,68.797615,69.0
846,68.92242,70.0
847,69.97775,72.0
848,72.10792,73.0
849,73.12691,74.0
850,74.21007,74.0
851,74.21128,74.0
852,74.21607,74.0
853,74.14053,73.0
854,73.086,73.0
855,73.2509,74.0
856,73.933105,74.0
857,73.79741,74.0
858,74.065956,75.0
859,75.01382,76.0
860,75.318054,76.0
861,75.164314,76.0
862,75.22876,76.0
863,75.61645,77.0
864,76.91082,78.99999999999999
865,78.99051,80.0
866,80.12268,82.0
867,82.28368,83.0
868,83.307045,84.0
869,84.39416,85.0
870,85.460815,85.0
871,85.555046,86.0
872,86.6706,86.0
873,86.77031,87.0
874,87.83084,87.0
875,87.56861,87.0
876,87.38853,87.0
877,87.04241,87.0
878,86.87156,85.0
879,84.654854,83.0
880,82.87654,82.0
881,81.91903,82.0
882,81.82183,81.0
883,80.358894,80.0
884,79.24335,78.99999999999999
885,78.33114,78.99999999999999
886,78.238716,77.0
887,76.36311,77.0
888,76.53644,76.0
889,75.55813,74.0
890,73.792435,73.0
891,72.90579,73.0
892,72.99145,73.0
893,73.12526,73.0
894,73.17657,73.0
895,73.12855,73.0
896,73.171715,73.0
897,73.23013,72.0
898,72.09933,72.0
899,72.20176,72.0
900,72.13456,72.0
901,72.09825,73.0
902,73.31882,74.0
903,74.27054,75.0
904,74.96473,74.0
905,73.758545,74.0
906,73.511475,73.0
907,72.669876,73.0
908,73.03316,73.0
909,72.71753,73.0
910,72.68238,74.0
911,73.99615,74.0
912,73.64618,73.0
913,72.22952,73.0
914,72.68861,73.0
915,72.97273,72.0
916,71.831535,72.0
917,72.11168,72.0
918,72.15948,72.0
919,72.13946,72.0
920,72.226906,71.0
921,71.15636,71.0
922,71.06951,70.0
923,70.12928,70.0
924,70.16495,69.0
925,68.97064,69.0
926,69.08773,68.0
927,68.218025,68.0
928,67.89464,68.0
929,67.83697,68.0
930,67.5847,68.0
931,67.64397,68.0
932,67.54496,68.0
933,67.60062,68.0
934,67.88718,67.0
935,66.68334,67.0
936,66.395615,67.0
937,66.748566,66.0
938,65.6872,66.0
939,65.797165,67.0
940,66.81006,66.0
941,65.90689,66.0
942,65.957794,66.0
943,65.97056,65.0
944,64.91328,64.0
945,63.873707,64.0
946,63.924145,64.0
947,64.0121,64.0
948,64.032814,64.0
949,63.981934,65.0
950,65.06648,65.0
951,65.22454,66.0
952,66.18847,67.0
953,67.16344,67.0
954,66.9104,68.0
955,67.96524,68.0
956,68.11411,67.0
957,66.84009,67.0
958,66.83057,66.0
959,65.70636,67.0
960,66.86263,68.0
961,67.732086,68.0
962,67.631325,67.0
963,66.282234,66.0
964,65.543686,65.0
965,64.82327,64.0
966,63.75669,61.0
967,60.622826,60.0
968,59.66495,59.0
969,58.703335,58.0
970,57.748184,58.0
971,57.874718,57.0
972,56.81301,56.0
973,55.761257,56.0
974,55.738792,55.0
975,54.945538,54.0
976,54.044136,54.0
977,54.26599,54.0
978,54.206448,54.0
979,54.15039,55.0
980,55.238552,55.0
981,55.05145,56.0
982,56.153427,56.0
983,55.97327,57.0
984,56.90161,56.0
985,55.944748,56.0
986,56.049873,56.0
987,56.01485,56.0
988,55.93893,56.0
989,55.820183,56.0
990,55.73261,57.0
991,56.775776,57.0
992,56.7242,58.0
993,57.740604,57.0
994,56.721897,58.0
995,57.757984,58.0
996,57.758007,58.0
997,57.79391,58.0
998,57.721725,58.0
999,57.403725,58.0
1000,57.88471,57.0
1001,56.89757,56.0
1002,55.829582,56.0
1003,55.652546,55.0
1004,54.90776,55.0
1005,54.812378,54.0
1006,53.984516,55.0
1007,55.2638,53.0
1008,52.91884,54.0
1009,53.888123,54.0
1010,53.832138,54.0
1011,53.790894,53.0
1012,52.80148,53.0
1013,52.791042,53.0
1014,52.79333,53.0
1015,52.7901,52.0
1016,51.808746,52.0
1017,51.806355,53.0
1018,52.831707,53.0
1019,52.866512,53.0
1020,52.880295,53.0
1021,52.927692,52.0
1022,51.79426,52.0
1023,51.802593,51.00000000000001
1024,50.864426,51.00000000000001
1025,50.908207,51.00000000000001
1026,50.99183,52.0
1027,52.10807,52.0
1028,51.891575,52.0
1029,52.14357,61.0
1030,60.726997,52.0
1031,51.946373,52.0
1032,51.814384,53.0
1033,52.931633,53.0
1034,52.962795,53.0
1035,53.09637,53.0
1036,52.932682,53.0
1037,52.902256,53.0
1038,52.870728,53.0
1039,52.813587,54.0
1040,53.80944,54.0
1041,53.823486,54.0
1042,53.814705,54.0
1043,53.8489,55.0
1044,54.87328,55.0
1045,54.854454,56.0
1046,55.87092,56.0
1047,55.794323,55.0
1048,54.70502,55.0
1049,54.646812,54.0
1050,53.867123,54.0
1051,53.91452,53.0
1052,52.68297,53.0
1053,52.650253,52.0
1054,51.80986,52.0
1055,52.02429,52.0
1056,52.096855,51.00000000000001
1057,50.937016,51.00000000000001
1058,50.95545,49.0
1059,48.90186,50.0
1060,49.937706,48.0
1061,47.764675,45.0
1062,44.75757,46.0
1063,45.996593,45.0
1064,44.87605,41.0
1065,40.715233,39.0
1066,38.74433,39.0
1067,38.93119,37.0
1068,36.766296,38.0
1069,38.079903,37.0
1070,37.19745,39.0
1071,38.993477,40.0
1072,39.97683,40.0
1073,39.888573,41.0
1074,41.158875,41.0
1075,41.28667,43.0
1076,43.33721,43.0
1077,42.91029,42.0
1078,41.89526,41.0
1079,40.873558,42.0
1080,41.92698,43.0
1081,42.783775,44.0
1082,43.881317,44.0
1083,43.74588,46.0
1084,45.839115,49.0
1085,48.851425,50.0
1086,49.8586,50.0
1087,49.889866,49.0
1088,48.88938,49.0
1089,48.869556,52.0
1090,51.885063,51.00000000000001
1091,50.934383,51.00000000000001
1092,50.92859,51.00000000000001
1093,50.98737,51.00000000000001
1094,50.939247,50.0
1095,49.901375,50.0
1096,49.903076,51.00000000000001
1097,50.925625,51.00000000000001
1098,50.89321,52.0
1099,52.05342,52.0
1100,52.136406,52.0
1101,52.050423,52.0
1102,51.745247,52.0
1103,51.90926,52.0
1104,51.937725,52.0
1105,51.86946,52.0
1106,51.829178,53.0
1107,52.81016,53.0
1108,52.812195,53.0
1109,52.805126,54.0
1110,53.76934,54.0
1111,53.77337,54.0
1112,53.797012,54.0
1113,53.775238,55.0
1114,54.834248,55.0
1115,54.83109,55.0
1116,54.86428,55.0
1117,54.966743,56.0
1118,56.02955,56.0
1119,55.859447,56.0
1120,55.85003,56.0
1121,55.803818,56.0
1122,55.83932,56.0
1123,55.826958,56.0
1124,55.983047,55.0
1125,54.89087,56.0
1126,55.822998,56.0
1127,55.755505,56.0
1128,55.807384,56.0
1129,55.757435,56.0
1130,55.720596,56.0
1131,55.792305,56.0
1132,55.785297,54.0
1133,53.895596,54.0
1134,53.90951,54.0
1135,53.948437,53.0
1136,53.014572,53.0
1137,52.9522,53.0
1138,52.920475,53.0
1139,52.906418,52.0
1140,51.92093,52.0
1141,51.92912,52.0
1142,51.893803,52.0
1143,51.785046,52.0
1144,51.863163,52.0
1145,51.63711,52.0
1146,51.710426,52.0
1147,51.903618,52.0
1148,51.924915,49.0
1149,48.785717,46.0
1150,45.935993,46.0
1151,45.91462,45.0
1152,45.040867,46.0
1153,46.093685,46.99999999999999
1154,47.090004,48.0
1155,47.9968,49.0
1156,48.915035,55.0
1157,54.846706,55.0
1158,54.83263,55.0
1159,54.792873,55.0
1160,54.80713,54.0
1161,53.83621,55.0
1162,54.846424,55.0
1163,54.852093,55.0
1164,54.857,55.0
1165,54.88168,55.0
1166,54.811687,55.0
1167,54.73569,54.0
1168,53.87187,54.0
1169,53.812313,54.0
1170,53.888832,55.0
1171,55.053658,56.0
1172,56.00053,57.0
1173,56.88518,57.0
1174,57.00088,54.0
1175,53.915977,54.0
1176,54.00794,54.0
1177,53.997463,54.0
1178,53.977837,54.0
1179,53.97235,54.0
1180,53.87085,46.99999999999999
1181,47.08953,46.99999999999999
1182,46.84099,46.99999999999999
1183,46.925995,48.0
1184,48.09751,46.99999999999999
1185,47.07157,46.0
1186,46.038284,46.0
1187,46.071873,50.0
1188,49.851505,50.0
1189,49.88698,50.0
1190,49.87161,50.0
1191,49.78553,49.0
1192,48.895866,52.0
1193,52.390606,52.0
1194,51.78189,52.0
1195,52.042576,52.0
1196,51.578075,52.0
1197,51.735405,51.00000000000001
1198,50.49458,51.00000000000001
1199,50.75737,51.00000000000001
1200,50.66864,50.0
1201,49.665092,51.00000000000001
1202,50.982944,51.00000000000001
1203,50.872993,51.00000000000001
1204,50.913303,67.0
1205,66.75265,67.0
1206,66.81182,66.0
1207,65.814445,65.0
1208,64.854324,64.0
1209,63.81766,64.0
1210,63.857117,65.0
1211,64.97643,66.0
1212,66.03169,65.0
1213,64.81326,63.0
1214,62.895,63.0
1215,62.846985,63.0
1216,62.905354,63.0
1217,62.81142,64.0
1218,63.823193,65.0
1219,64.82319,65.0
1220,64.92749,65.0
1221,65.15521,65.0
1222,64.91686,65.0
1223,64.793846,65.0
1224,64.634995,64.0
1225,63.681644,65.0
1226,64.82562,65.0
1227,64.78569,65.0
1228,64.741844,57.0
1229,56.721493,57.0
1230,56.716503,58.0
1231,57.740906,59.0
1232,58.783146,60.0
1233,59.784805,61.0
1234,60.89824,61.99999999999999
1235,61.817875,61.99999999999999
1236,61.8736,63.0
1237,62.91927,64.0
1238,63.925694,64.0
1239,63.756042,64.0
1240,63.721867,65.0
1241,64.733955,65.0
1242,64.47396,65.0
1243,64.69118,66.0
1244,65.505196,65.0
1245,64.496544,65.0
1246,64.42127,66.0
1247,65.47571,66.0
1248,65.54215,66.0
1249,65.60528,65.0
1250,64.65757,64.0
1251,63.67633,63.0
1252,62.635647,59.0
1253,58.752525,58.0
1254,57.728443,57.0
1255,56.737946,57.0
1256,56.731773,56.0
1257,55.76048,57.0
1258,56.896336,57.0
1259,56.914585,58.0
1260,57.88628,59.0
1261,58.845425,60.0
1262,59.89393,60.0
1263,60.07599,60.0
1264,59.920105,59.0
1265,58.764378,59.0
1266,58.97488,59.0
1267,58.744743,60.0
1268,59.84948,59.0
1269,58.643394,59.0
1270,58.9944,58.0
1271,58.010876,58.0
1272,57.93064,58.0
1273,57.877644,58.0
1274,57.80842,58.0
1275,57.802757,58.0
1276,57.774605,58.0
1277,57.9204,58.0
1278,57.86642,57.0
1279,56.895535,56.0
1280,55.89866,56.0
1281,55.884373,55.0
1282,54.84677,55.0
1283,54.87969,54.0
1284,53.905384,53.0
1285,52.90221,53.0
1286,52.784264,52.0
1287,51.670475,51.00000000000001
1288,50.73303,50.0
1289,49.671673,49.0
1290,48.89917,50.0
1291,50.031025,51.00000000000001
1292,50.990974,51.00000000000001
1293,51.026146,51.00000000000001
1294,50.893032,51.00000000000001
1295,50.82941,50.0
1296,49.864235,50.0
1297,50.035828,49.0
1298,49.02762,48.0
1299,48.004295,46.99999999999999
1300,47.053444,54.0
1301,53.814358,54.0
1302,53.823555,53.0
1303,52.855343,53.0
1304,52.90155,52.0
1305,51.878998,52.0
1306,51.875237,52.0
1307,51.943253,52.0
1308,51.98845,52.0
1309,51.93239,52.0
1310,51.873287,52.0
1311,51.75977,52.0
1312,51.784996,52.0
1313,52.01643,52.0
1314,52.06466,52.0
1315,52.157825,53.0
1316,53.293102,53.0
1317,53.191357,53.0
1318,53.131516,54.0
1319,54.242012,54.0
1320,53.897022,55.0
1321,54.80383,55.0
1322,54.730137,55.0
1323,54.756596,55.0
1324,54.75582,88.0
1325,88.553734,87.0
1326,87.37151,85.0
1327,85.25331,84.0
1328,84.38209,82.0
1329,82.255905,80.0
1330,80.08997,80.0
1331,80.105095,81.0
1332,81.1397,81.0
1333,81.125114,82.0
1334,82.33546,82.0
1335,82.363976,81.0
1336,81.04337,81.0
1337,81.023346,81.0
1338,80.58893,80.0
1339,78.426056,78.99999999999999
1340,78.213585,77.0
1341,75.90894,76.0
1342,75.74188,74.0
1343,73.29046,73.0
1344,72.48713,72.0
1345,71.6528,71.0
1346,70.62923,71.0
1347,70.688194,71.0
1348,70.54981,89.0
1349,89.82291,89.0
1350,89.8924,90.0
1351,91.241,90.0
1352,91.27859,91.0
1353,92.679665,91.0
1354,92.704796,91.0
1355,92.80834,91.0
1356,92.61937,91.0
1357,92.67226,92.0
1358,93.62289,92.0
1359,93.19872,93.0
1360,94.24401,93.99999999999999
1361,94.45374,93.99999999999999
1362,94.19002,95.0
1363,93.330246,97.0
1364,94.456764,98.0
1365,96.511665,105.0
1366,103.692924,113.0
1367,112.62123,113.0
1368,112.68185,110.0
1369,111.54944,104.0
1370,105.59621,99.0
1371,99.29808,99.0
1372,100.06279,72.0
1373,71.842804,72.0
1374,71.81195,71.0
1375,70.86221,71.0
1376,70.85351,70.0
1377,69.69612,70.0
1378,69.552734,69.0
1379,68.78552,68.0
1380,67.76175,67.0
1381,66.600746,66.0
1382,65.70031,66.0
1383,65.766945,65.0
1384,64.6734,65.0
1385,64.92649,65.0
1386,64.84173,65.0
1387,64.81301,64.0
1388,63.587265,64.0
1389,63.825787,63.0
1390,62.955624,63.0
1391,62.80129,63.0
1392,62.578224,61.99999999999999
1393,61.570778,61.0
1394,60.77927,60.0
1395,59.80347,59.0
1396,58.838184,50.0
1397,49.96327,49.0
1398,48.85912,49.0
1399,48.83567,51.00000000000001
1400,50.760963,52.0
1401,51.85641,52.0
1402,51.844486,52.0
1403,51.873962,53.0
1404,52.85704,53.0
1405,52.884327,53.0
1406,52.769505,52.0
1407,51.677776,52.0
1408,52.066025,52.0
1409,51.886272,52.0
1410,51.943996,52.0
1411,51.905624,53.0
1412,52.796326,54.0
1413,53.800465,53.0
1414,52.77006,54.0
1415,53.826385,54.0
1416,53.973423,55.0
1417,54.90059,56.0
1418,55.8304,56.0
1419,55.805187,57.0
1420,56.79777,61.0
1421,60.726772,61.0
1422,60.67844,61.0
1423,60.66456,61.99999999999999
1424,61.68961,61.99999999999999
1425,61.719757,61.99999999999999
1426,61.77595,61.99999999999999
1427,61.741405,63.0
1428,62.828426,63.0
1429,62.834534,63.0
1430,62.75779,63.0
1431,62.846573,63.0
1432,62.87089,64.0
1433,63.76025,65.0
1434,64.7389,65.0
1435,64.31857,66.0
1436,63.930557,66.0
1437,65.70726,66.0
1438,65.388115,66.0
1439,65.628746,66.0
1440,65.691414,66.0
1441,65.74822,66.0
1442,65.79044,65.0
1443,64.798,66.0
1444,65.80545,65.0
1445,64.78396,65.0
1446,64.77818,65.0
1447,64.83639,65.0
1448,64.86596,65.0
1449,64.87674,64.0
1450,63.88218,64.0
1451,63.899887,64.0
1452,63.927345,64.0
1453,63.851833,64.0
1454,63.876743,64.0
1455,63.887844,64.0
1456,63.864975,64.0
1457,63.488155,64.0
1458,63.18446,64.0
1459,63.962025,61.99999999999999
1460,61.680897,61.99999999999999
1461,61.7117,61.99999999999999
1462,61.67431,61.0
1463,60.81723,61.0
1464,60.800266,61.0
1465,60.849155,61.0
1466,60.845142,61.0
1467,60.708305,61.0
1468,60.807632,61.0
1469,60.801147,61.0
1470,60.764214,60.0
1471,59.740887,60.0
1472,59.777824,60.0
1473,59.763218,59.0
1474,58.739468,59.0
1475,58.771435,59.0
1476,58.781948,60.0
1477,59.840496,60.0
1478,59.85391,60.0
1479,59.776947,60.0
1480,59.90923,60.0
1481,59.843014,60.0
1482,59.821423,60.0
1483,59.699722,60.0
1484,59.503136,60.0
1485,59.8583,61.0
1486,60.930542,61.99999999999999
1487,62.000446,61.99999999999999
1488,61.95493,63.0
1489,62.920643,63.0
1490,62.891296,64.0
1491,63.85659,64.0
1492,63.928154,64.0
1493,63.916943,65.0
1494,64.87285,66.0
1495,65.91721,67.0
1496,66.9516,67.0
1497,66.86437,69.0
1498,69.14134,69.0
1499,69.03185,70.0
1500,70.02616,70.0
1501,69.896126,69.0
1502,69.00237,69.0
1503,69.00225,69.0
1504,68.93785,69.0
1505,68.74342,69.0
1506,68.50016,68.0
1507,67.50173,68.0
1508,67.310165,67.0
1509,66.53591,67.0
1510,66.826805,67.0
1511,66.84224,67.0
1512,66.687164,65.0
1513,64.50157,65.0
1514,64.716805,64.0
1515,63.76178,61.99999999999999
1516,61.78003,61.0
1517,60.729004,61.0
1518,60.79441,60.0
1519,59.788116,59.0
1520,58.76345,59.0
1521,58.772606,58.0
1522,57.792423,57.0
1523,56.77101,56.0
1524,55.80901,56.0
1525,55.787563,57.0
1526,56.819126,57.0
1527,56.904488,59.0
1528,59.09944,60.0
1529,60.208923,61.0
1530,61.002125,63.0
1531,62.593185,63.0
1532,62.508213,64.0
1533,63.58649,63.0
1534,62.67555,64.0
1535,63.72444,64.0
1536,63.854973,64.0
1537,63.765575,65.0
1538,64.75051,65.0
1539,64.75626,66.0
1540,65.79583,67.0
1541,66.80329,67.0
1542,66.811775,67.0
1543,66.80594,67.0
1544,66.63701,67.0
1545,66.8747,67.0
1546,66.93442,67.0
1547,66.91603,67.0
1548,66.85781,67.0
1549,66.75934,66.0
1550,65.732895,65.0
1551,64.79114,64.0
1552,63.78497,63.0
1553,62.700993,63.0
1554,62.877,63.0
1555,62.62676,63.0
1556,62.714485,63.0
1557,62.57754,63.0
1558,62.623245,63.0
1559,62.777344,61.99999999999999
1560,61.608173,61.99999999999999
1561,61.639126,61.99999999999999
1562,61.626812,61.0
1563,60.726254,61.0
1564,60.724773,60.0
1565,59.70504,61.0
1566,60.76325,61.0
1567,60.784664,61.99999999999999
1568,61.818832,61.0
1569,60.69171,61.0
1570,60.80261,61.99999999999999
1571,61.84106,61.99999999999999
1572,61.86708,61.99999999999999
1573,61.759937,63.0
1574,62.822098,63.0
1575,62.70009,61.99999999999999
1576,61.191475,61.99999999999999
1577,61.47477,61.0
1578,60.70418,60.0
1579,59.712086,59.0
1580,58.654198,59.0
1581,58.48016,59.0
1582,58.719765,59.0
1583,58.8029,58.0
1584,57.67207,58.0
1585,57.613083,57.0
1586,56.925102,56.0
1587,55.845814,56.0
1588,55.830696,56.0
1589,55.82445,55.0
1590,54.78824,54.0
1591,53.802555,53.0
1592,52.83906,53.0
1593,52.826504,53.0
1594,52.86348,53.0
1595,52.84354,52.0
1596,51.921703,52.0
1597,51.93555,52.0
1598,51.83565,52.0
1599,51.755238,51.00000000000001
1600,50.605408,51.00000000000001
1601,50.437473,52.0
1602,51.999428,52.0
1603,52.090706,51.00000000000001
1604,50.84225,52.0
1605,52.041073,52.0
1606,51.793125,51.00000000000001
1607,50.81826,51.00000000000001
1608,50.771843,52.0
1609,51.70685,52.0
1610,51.5375,52.0
1611,51.688156,52.0
1612,51.722767,52.0
1613,51.7983,52.0
1614,51.599792,52.0
1615,51.71625,52.0
1616,51.679188,52.0
1617,51.72109,52.0
1618,51.799213,53.0
1619,52.792572,53.0
1620,52.906124,53.0
1621,52.767323,52.0
1622,51.891365,50.0
1623,49.819275,49.0
1624,48.882557,48.0
1625,47.556374,46.99999999999999
1626,46.72816,46.0
1627,45.862183,46.0
1628,45.91711,46.0
1629,45.97634,44.0
1630,43.645603,44.0
1631,43.91135,43.0
1632,42.628918,43.0
1633,42.60175,44.0
1634,43.552597,43.0
1635,42.41141,44.0
1636,43.56032,45.0
1637,44.658695,44.0
1638,43.573303,45.0
1639,44.84528,46.99999999999999
1640,46.878956,48.0
1641,47.857113,43.0
1642,42.821327,41.0
1643,40.838234,41.0
1644,40.886734,42.0
1645,41.73929,43.0
1646,42.597996,46.0
1647,45.76128,49.0
1648,48.84945,51.00000000000001
1649,50.89036,52.0
1650,52.056236,52.0
1651,51.924305,52.0
1652,51.87988,52.0
1653,51.910954,53.0
1654,52.90073,52.0
1655,51.462967,53.0
1656,52.4195,53.0
1657,52.585056,53.0
1658,52.736893,53.0
1659,52.641754,53.0
1660,52.894516,54.0
1661,53.887466,54.0
1662,53.78533,54.0
1663,53.798363,54.0
1664,53.82417,54.0
1665,53.852882,56.0
1666,55.87035,56.0
1667,55.84065,56.0
1668,55.85883,57.0
1669,56.798367,57.0
1670,56.863403,57.0
1671,56.470856,57.0
1672,56.832302,57.0
1673,56.82596,57.0
1674,56.794365,57.0
1675,56.735928,56.0
1676,55.640724,56.0
1677,55.760532,56.0
1678,55.67811,56.0
1679,55.760124,57.0
1680,56.710697,57.0
1681,56.682655,56.0
1682,55.632095,57.0
1683,56.764557,56.0
1684,55.799778,56.0
1685,55.796185,56.0
1686,55.771397,56.0
1687,55.79831,56.0
1688,55.762978,55.0
1689,54.8245,55.0
1690,54.807735,54.0
1691,53.85521,54.0
1692,53.831955,55.0
1693,54.79402,55.0
1694,54.817215,55.0
1695,54.981876,55.0
1696,54.954548,56.0
1697,55.881187,55.0
1698,54.88585,56.0
1699,55.91748,57.0
1700,56.97245,57.0
1701,57.058895,58.0
1702,57.963688,59.0
1703,59.009144,60.0
1704,59.84942,60.0
1705,59.815186,61.0
1706,60.79777,61.0
1707,60.736015,61.0
1708,60.784355,61.0
1709,60.813896,61.99999999999999
1710,61.826157,63.0
1711,62.919636,63.0
1712,62.90812,64.0
1713,63.810745,64.0
1714,63.83942,64.0
1715,63.840984,65.0
1716,64.85847,65.0
1717,64.78915,65.0
1718,64.917854,66.0
1719,65.97979,66.0
1720,65.89983,66.0
1721,65.80776,66.0
1722,65.65789,66.0
1723,65.44773,66.0
1724,65.46389,65.0
1725,64.18165,65.0
1726,64.622284,64.0
1727,63.735367,63.0
1728,62.593567,61.99999999999999
1729,61.862686,61.99999999999999
1730,61.851486,61.99999999999999
1731,61.790855,61.99999999999999
1732,61.788082,61.99999999999999
1733,61.745373,61.99999999999999
1734,61.7381,61.0
1735,60.731464,60.0
1736,59.74476,60.0
1737,59.74206,60.0
1738,59.77336,59.0
1739,58.78004,59.0
1740,58.82241,59.0
1741,58.831623,59.0
1742,58.87205,58.0
1743,57.933258,59.0
1744,58.97976,59.0
1745,59.094383,60.0
1746,60.026794,60.0
1747,59.614502,60.0
1748,59.796814,60.0
1749,59.778122,61.0
1750,60.81552,61.0
1751,60.8169,61.99999999999999
1752,61.867725,63.0
1753,62.83602,63.0
1754,62.767902,63.0
1755,62.754803,63.0
1756,62.759777,63.0
1757,62.78587,63.0
1758,62.739994,63.0
1759,62.77854,63.0
1760,62.797325,63.0
1761,62.788754,63.0
1762,62.883537,63.0
1763,62.86718,63.0
1764,62.85295,61.99999999999999
1765,61.81591,61.99999999999999
1766,61.81494,61.99999999999999
1767,61.62751,61.0
1768,60.827072,60.0
1769,59.562973,59.0
1770,58.66065,60.0
1771,59.882877,59.0
1772,58.826794,59.0
1773,58.868618,59.0
1774,58.63146,58.0
1775,57.628708,57.0
1776,56.658142,57.0
1777,56.529526,57.0
1778,56.372562,57.0
1779,56.720337,57.0
1780,56.77094,57.0
1781,56.736687,57.0
1782,56.78387,57.0
1783,56.75544,57.0
1784,56.754253,58.0
1785,57.826935,57.0
1786,56.82992,57.0
1787,56.79056,58.0
1788,57.81363,58.0
1789,57.77844,58.0
1790,57.911068,58.0
1791,57.834167,58.0
1792,57.76064,58.0
1793,57.676846,58.0
1794,57.96631,58.0
1795,57.781876,58.0
1796,57.83489,57.0
1797,56.710445,58.0
1798,57.86848,58.0
1799,57.53283,57.0
1800,56.38043,57.0
1801,56.13591,57.0
1802,56.009678,56.0
1803,55.665623,56.0
1804,55.688957,56.0
1805,55.795586,56.0
1806,55.815277,56.0
1807,55.896057,57.0
1808,56.883286,56.0
1809,55.79463,56.0
1810,55.808254,56.0
1811,55.794155,56.0
1812,55.858242,56.0
1813,55.83674,55.0
1814,54.813362,55.0
1815,54.874634,56.0
1816,55.960285,56.0
1817,55.810856,56.0
1818,55.696987,57.0
1819,57.074436,57.0
1820,56.755016,58.0
1821,57.852135,58.0
1822,57.887863,58.0
1823,57.670197,59.0
1824,58.857185,59.0
1825,58.82032,60.0
1826,59.813194,60.0
1827,60.128407,61.0
1828,60.862743,61.0
1829,60.76061,61.0
1830,60.77621,61.0
1831,60.757507,60.0
1832,59.729324,60.0
1833,59.734287,61.99999999999999
1834,61.865208,61.99999999999999
1835,61.82576,63.0
1836,62.838814,63.0
1837,62.815582,63.0
1838,62.86331,63.0
1839,62.93336,64.0
1840,63.90301,63.0
1841,62.516487,64.0
1842,63.834026,63.0
1843,62.540707,63.0
1844,62.872463,63.0
1845,62.88841,61.99999999999999
1846,61.676525,63.0
1847,62.639828,61.99999999999999
1848,61.424862,61.99999999999999
1849,61.152733,61.0
1850,60.011112,61.0
1851,60.374115,61.0
1852,60.55178,61.0
1853,60.686737,61.99999999999999
1854,61.87756,61.99999999999999
1855,61.932182,63.0
1856,62.772995,63.0
1857,62.81561,61.0
1858,60.82689,61.0
1859,61.119278,60.0
1860,59.95979,60.0
1861,59.843,60.0
1862,59.867348,59.0
1863,58.942657,59.0
1864,58.796413,59.0
1865,58.85975,59.0
1866,59.01525,59.0
1867,59.09243,60.0
1868,59.94745,60.0
1869,59.69386,60.0
1870,59.89319,61.0
1871,61.03663,61.0
1872,60.862556,61.99999999999999
1873,61.850887,61.99999999999999
1874,61.87549,63.0
1875,62.84162,63.0
1876,62.81342,51.00000000000001
1877,50.80067,52.0
1878,51.865612,53.0
1879,52.82299,53.0
1880,52.828556,53.0
1881,52.887592,54.0
1882,53.88834,54.0
1883,53.921368,54.0
1884,53.92824,54.0
1885,53.873142,55.0
1886,54.85929,55.0
1887,54.664753,55.0
1888,54.732853,55.0
1889,54.593727,55.0
1890,54.57745,55.0
1891,54.676716,55.0
1892,54.85802,56.0
1893,55.82909,56.0
1894,56.055634,57.0
1895,57.03941,57.0
1896,56.912018,56.0
1897,55.916435,56.0
1898,55.87097,55.0
1899,54.955936,54.0
1900,54.01292,54.0
1901,53.87091,54.0
1902,53.88761,54.0
1903,53.918858,54.0
1904,53.908,54.0
1905,54.03002,54.0
1906,54.10675,53.0
1907,53.06692,53.0
1908,53.089085,53.0
1909,53.074932,52.0
1910,52.041264,52.0
1911,51.94503,51.00000000000001
1912,50.90578,51.00000000000001
1913,50.883163,51.00000000000001
1914,50.945305,48.0
1915,47.89316,44.0
1916,43.898808,45.0
1917,44.89195,40.0
1918,39.63362,40.0
1919,39.697746,38.0
1920,37.428684,37.0
1921,36.573673,38.0
1922,37.635994,39.0
1923,38.710373,39.0
1924,38.70796,49.0
1925,48.818615,51.00000000000001
1926,50.894753,52.0
1927,51.830093,52.0
1928,51.926968,52.0
1929,51.908283,52.0
1930,51.814568,52.0
1931,51.89301,51.00000000000001
1932,50.97722,52.0
1933,51.92706,52.0
1934,51.872627,52.0
1935,51.843464,52.0
1936,52.043934,51.00000000000001
1937,51.033417,53.0
1938,53.490307,52.0
1939,52.05668,53.0
1940,53.31404,55.0
1941,55.597706,56.0
1942,56.140163,57.0
1943,57.194214,58.0
1944,58.10538,58.0
1945,57.73747,58.0
1946,57.70047,59.0
1947,58.925396,60.0
1948,59.904198,64.0
1949,63.770046,64.0
1950,63.725086,65.0
1951,64.82766,65.0
1952,64.822105,65.0
1953,64.852806,65.0
1954,64.841354,64.0
1955,63.89733,64.0
1956,63.935017,65.0
1957,64.88247,65.0
1958,64.867874,64.0
1959,63.75796,64.0
1960,63.918133,65.0
1961,64.93654,64.0
1962,63.82907,63.0
1963,62.89309,64.0
1964,64.16214,64.0
1965,64.14829,64.0
1966,63.909386,65.0
1967,64.751915,66.0
1968,66.0695,67.0
1969,66.877525,67.0
1970,66.84428,66.0
1971,65.65638,66.0
1972,65.68729,63.0
1973,62.77818,61.99999999999999
1974,61.759995,61.99999999999999
1975,61.76218,61.0
1976,60.795998,60.0
1977,59.78954,57.0
1978,56.813587,57.0
1979,56.832027,56.0
1980,55.86679,56.0
1981,55.88041,56.0
1982,55.865223,56.0
1983,55.78841,56.0
1984,55.59826,55.0
1985,54.08715,55.0
1986,54.283245,55.0
1987,54.42981,55.0
1988,54.135326,54.0
1989,53.22037,54.0
1990,53.2736,54.0
1991,53.5214,53.0
1992,52.636,53.0
1993,52.69089,53.0
1994,52.68229,53.0
1995,52.586678,53.0
1996,52.765396,58.0
1997,57.75313,58.0
1998,57.8003,58.0
1999,57.808098,57.0
2000,56.80357,57.0
2001,56.7843,57.0
2002,56.855595,57.0
2003,56.860077,57.0
2004,56.78745,57.0
2005,56.80819,56.0
2006,55.787304,55.0
2007,54.675274,55.0
2008,54.708065,55.0
2009,54.758797,55.0
2010,55.148266,55.0
2011,54.894314,55.0
2012,55.05602,56.0
2013,55.93128,56.0
2014,56.118134,56.0
2015,55.83302,56.0
2016,56.053104,56.0
2017,55.818985,56.0
2018,55.71838,56.0
2019,55.73296,56.0
2020,55.77063,46.99999999999999
2021,47.007183,48.0
2022,47.971504,49.0
2023,48.88704,49.0
2024,48.896816,51.00000000000001
2025,50.96416,52.0
2026,51.91083,52.0
2027,51.924133,52.0
2028,51.901535,53.0
2029,52.86676,53.0
2030,52.86163,53.0
2031,52.79607,54.0
2032,53.809364,55.0
2033,54.89486,55.0
2034,54.862274,55.0
2035,55.031746,55.0
2036,54.96594,55.0
2037,55.019375,54.0
2038,53.893555,54.0
2039,53.97404,54.0
2040,53.90992,54.0
2041,53.82534,54.0
2042,53.816364,54.0
2043,53.7809,54.0
2044,53.768894,56.0
2045,55.786137,56.0
2046,55.749573,57.0
2047,56.77508,58.0
2048,57.80048,59.0
2049,58.95676,59.0
2050,58.997776,60.0
2051,60.04671,60.0
2052,60.082794,60.0
2053,59.923695,59.0
2054,58.89131,59.0
2055,58.89324,59.0
2056,58.83172,59.0
2057,58.87845,58.0
2058,57.84446,58.0
2059,57.874428,58.0
2060,57.979427,58.0
2061,57.73749,58.0
2062,57.86596,58.0
2063,57.912323,59.0
2064,58.871136,59.0
2065,58.848667,59.0
2066,58.815353,59.0
2067,58.8288,59.0
2068,58.803417,69.0
2069,68.50239,68.0
2070,67.46532,67.0
2071,66.684784,66.0
2072,65.49535,65.0
2073,64.69635,65.0
2074,64.774605,65.0
2075,64.86815,64.0
2076,63.723507,61.99999999999999
2077,61.66381,60.0
2078,59.698875,58.0
2079,57.69946,57.0
2080,56.760784,56.0
2081,55.757145,54.0
2082,53.502464,52.0
2083,51.62446,52.0
2084,51.782505,52.0
2085,51.705475,51.00000000000001
2086,50.79731,51.00000000000001
2087,50.923805,50.0
2088,49.933834,50.0
2089,50.138348,51.00000000000001
2090,51.16441,52.0
2091,52.11396,52.0
2092,51.94244,99.0
2093,100.08539,98.0
2094,99.18664,97.0
2095,98.55112,97.0
2096,98.35806,97.0
2097,98.56231,97.0
2098,98.85667,96.0
2099,97.467384,96.0
2100,97.49061,96.0
2101,97.30178,96.0
2102,97.21821,95.0
2103,96.1032,96.0
2104,96.725876,96.0
2105,94.2421,95.0
2106,93.168396,95.0
2107,92.748886,93.99999999999999
2108,91.81366,93.0
2109,93.27909,90.0
2110,90.08021,89.0
2111,88.751,87.0
2112,86.362885,87.0
2113,86.60379,86.0
2114,85.6324,86.0
2115,85.8609,86.0
2116,86.02489,59.0
2117,58.818695,59.0
2118,58.833553,59.0
2119,58.85856,59.0
2120,58.862976,60.0
2121,59.868034,61.0
2122,60.878727,61.99999999999999
2123,61.944515,61.99999999999999
2124,61.963,63.0
2125,62.901615,64.0
2126,64.00087,65.0
2127,65.01589,66.0
2128,65.8338,65.0
2129,64.86507,65.0
2130,64.741554,64.0
2131,63.333817,64.0
2132,63.662743,65.0
2133,64.77811,64.0
2134,63.666836,64.0
2135,63.723118,65.0
2136,64.77045,65.0
2137,64.7255,65.0
2138,64.75312,65.0
2139,64.751915,64.0
2140,63.733032,57.0
2141,56.89922,57.0
2142,56.920525,56.0
2143,55.8958,56.0
2144,55.879013,55.0
2145,54.86277,55.0
2146,54.857704,55.0
2147,54.88519,54.0
2148,53.86901,53.0
2149,52.78945,53.0
2150,52.747726,54.0
2151,53.698647,53.0
2152,52.756287,53.0
2153,52.786785,53.0
2154,52.735073,54.0
2155,53.86754,54.0
2156,53.94836,54.0
2157,53.752132,54.0
2158,53.83824,54.0
2159,54.14393,54.0
2160,53.98313,53.0
2161,52.83937,52.0
2162,51.818043,49.0
2163,48.857346,44.0
2164,43.66683,56.0
2165,55.865997,55.0
2166,54.884468,55.0
2167,54.862278,56.0
2168,55.903988,56.0
2169,55.887753,56.0
2170,55.951202,57.0
2171,56.90007,57.0
2172,56.855556,58.0
2173,57.818047,59.0
2174,58.945072,60.0
2175,59.96072,60.0
2176,60.102604,61.0
2177,61.041973,61.0
2178,61.010033,61.0
2179,60.845192,61.0
2180,61.10114,61.0
2181,61.148846,61.99999999999999
2182,62.10152,61.99999999999999
2183,62.05926,63.0
2184,63.029858,63.0
2185,62.985046,63.0
2186,62.861595,64.0
2187,63.88361,64.0
2188,63.8679,65.0
2189,64.95688,65.0
2190,65.04075,67.0
2191,67.140854,68.0
2192,68.2102,71.0
2193,71.36716,73.0
2194,73.23107,75.0
2195,75.08648,76.0
2196,76.54831,77.0
2197,77.26529,77.0
2198,77.37765,78.99999999999999
2199,79.36017,80.0
2200,80.36823,81.0
2201,81.48935,83.0
2202,84.47377,85.0
2203,86.76211,88.0
2204,87.297874,90.0
2205,88.19609,92.0
2206,90.54865,93.99999999999999
2207,91.77394,96.0
2208,95.39341,98.0
2209,100.51183,99.0
2210,105.51128,117.00000000000001
2211,125.48211,135.0
2212,142.76613,149.0
2213,155.72374,152.0
2214,156.88283,153.0
2215,158.41162,153.0
2216,157.17508,153.0
2217,157.1576,153.0
2218,156.7627,153.0
2219,157.14088,154.0
2220,158.77783,155.0
2221,157.75069,155.0
2222,157.78787,156.0
2223,156.21521,156.0
2224,157.02858,156.0
2225,154.01231,155.0
2226,148.65244,154.0
2227,146.03662,153.0
2228,145.3496,153.0
2229,148.02275,152.0
2230,149.64595,151.00000000000003
2231,149.72224,142.0
2232,139.92714,120.0
2233,119.57471,103.0
2234,103.87845,97.0
2235,97.94233,95.0
2236,95.676216,92.0
2237,92.70372,89.0
2238,89.95787,86.0
2239,86.90982,83.0
2240,83.65541,78.99999999999999
2241,79.37927,78.0
2242,78.40075,76.0
2243,76.22141,73.0
2244,73.035904,70.0
2245,69.85603,67.0
2246,66.8633,65.0
2247,64.96245,61.99999999999999
2248,61.91525,61.0
2249,61.00179,61.99999999999999
2250,61.950157,61.99999999999999
2251,61.735977,61.0
2252,60.8734,61.0
2253,60.846676,61.0
2254,60.89275,61.0
2255,60.76702,61.0
2256,60.813465,61.0
2257,60.894062,61.0
2258,60.935936,61.0
2259,61.440174,61.99999999999999
2260,61.937607,61.99999999999999
2261,61.870193,61.99999999999999
2262,61.797558,61.99999999999999
2263,61.790398,61.99999999999999
2264,61.764446,63.0
2265,62.79309,63.0
2266,62.810966,63.0
2267,62.762867,63.0
2268,62.79765,63.0
2269,62.760998,63.0
2270,62.967888,63.0
2271,62.9372,63.0
2272,62.969795,63.0
2273,62.80765,63.0
2274,62.76909,63.0
2275,62.851643,63.0
2276,62.868465,63.0
2277,62.629555,61.99999999999999
2278,61.819065,61.99999999999999
2279,61.770294,61.0
2280,60.79634,61.0
2281,60.86009,61.0
2282,60.947483,61.0
2283,60.85978,61.0
2284,60.87634,61.0
2285,60.866177,61.0
2286,60.89025,61.0
2287,60.853737,61.0
2288,60.84541,61.0
2289,60.820362,61.0
2290,60.87294,61.0
2291,60.86468,61.0
2292,60.877544,61.0
2293,60.79907,61.0
2294,60.867584,60.0
2295,59.87714,60.0
2296,59.914787,61.0
2297,60.840206,61.0
2298,60.8474,61.0
2299,60.96942,61.99999999999999
2300,61.98926,61.99999999999999
2301,62.021637,61.99999999999999
2302,61.834614,61.99999999999999
2303,61.608093,63.0
2304,62.75564,63.0
2305,62.86108,63.0
2306,62.849686,65.0
2307,64.94225,66.0
2308,65.91356,66.0
2309,65.86953,67.0
2310,66.925674,68.0
2311,67.94392,69.0
2312,68.974815,70.0
2313,70.04561,71.0
2314,71.11514,72.0
2315,72.17379,73.0
2316,73.19221,73.0
2317,73.00818,74.0
2318,74.13762,75.0
2319,75.113914,75.0
2320,74.84274,75.0
2321,74.51145,75.0
2322,73.60506,74.0
2323,73.037704,74.0
2324,71.566345,74.0
2325,71.3443,74.0
2326,72.05825,90.0
2327,87.48548,101.0
2328,97.70741,106.0
2329,102.92985,100.0
2330,99.953865,84.0
2331,83.70164,74.0
2332,73.914795,73.0
2333,72.9292,72.0
2334,71.93329,71.0
2335,71.00579,70.0
2336,69.955826,70.0
2337,69.9929,69.0
2338,69.08045,69.0
2339,69.1082,69.0
2340,69.11686,69.0
2341,68.96454,69.0
2342,69.05944,69.0
2343,69.03729,70.0
2344,70.08251,71.0
2345,70.927986,71.0
2346,70.805695,72.0
2347,71.48849,72.0
2348,71.19451,72.0
2349,70.50996,80.0
2350,77.69745,104.0
2351,99.31634,108.99999999999999
2352,107.408394,106.0
2353,103.90621,100.0
2354,100.08297,80.0
2355,79.84986,74.0
2356,73.943565,73.0
2357,72.84942,73.0
2358,72.89203,72.0
2359,71.916595,72.0
2360,71.97415,71.0
2361,70.98818,71.0
2362,71.05371,71.0
2363,71.14618,70.0
2364,70.10565,69.0
2365,68.97839,69.0
2366,68.99239,69.0
2367,69.104485,68.0
2368,68.17199,68.0
2369,68.10449,69.0
2370,68.22873,69.0
2371,67.83005,69.0
2372,67.69114,69.0
2373,68.697075,68.0
2374,67.762794,67.0
2375,66.71353,66.0
2376,65.749,65.0
2377,64.73355,66.0
2378,65.83087,66.0
2379,65.819214,67.0
2380,66.88145,67.0
2381,66.823135,67.0
2382,66.85188,67.0
2383,66.862076,67.0
2384,66.93906,67.0
2385,66.950165,67.0
2386,66.99914,67.0
2387,66.96146,67.0
2388,67.01372,67.0
2389,66.935036,67.0
2390,66.94806,67.0
2391,66.92629,66.0
2392,66.02286,66.0
2393,65.94198,65.0
2394,64.90658,64.0
2395,63.671856,64.0
2396,63.79186,64.0
2397,64.073906,64.0
2398,64.03744,65.0
2399,65.58038,65.0
2400,65.14039,65.0
2401,64.68505,65.0
2402,64.674446,64.0
2403,63.707905,64.0
2404,63.803894,64.0
2405,63.80543,64.0
2406,63.83546,64.0
2407,63.82275,64.0
2408,63.81477,64.0
2409,63.834335,64.0
2410,63.88572,65.0
2411,64.9241,65.0
2412,64.956406,65.0
2413,64.91272,65.0
2414,64.849754,65.0
2415,64.81521,66.0
2416,65.80234,67.0
2417,66.75467,68.0
2418,67.74123,68.0
2419,67.6529,69.0
2420,68.90502,69.0
2421,68.755135,69.0
2422,68.75759,68.0
2423,67.846565,68.0
2424,67.79015,69.0
2425,68.89426,69.0
2426,68.855995,70.0
2427,69.8896,71.0
2428,71.01302,71.0
2429,70.8635,71.0
2430,70.99008,72.0
2431,72.010765,72.0
2432,72.08272,72.0
2433,71.999725,72.0
2434,72.06198,72.0
2435,72.15059,71.0
2436,71.05707,71.0
2437,71.055115,71.0
2438,71.01514,71.0
2439,70.93865,71.0
2440,70.77468,70.0
2441,69.77006,70.0
2442,69.601845,69.0
2443,68.62927,68.0
2444,67.36715,68.0
2445,67.693085,67.0
2446,66.6623,67.0
2447,66.80287,66.0
2448,65.72905,65.0
2449,64.74183,65.0
2450,64.76201,65.0
2451,64.772964,64.0
2452,63.818707,64.0
2453,63.779938,64.0
2454,63.808796,63.0
2455,62.829247,61.99999999999999
2456,61.826122,61.99999999999999
2457,61.847965,61.99999999999999
2458,61.892117,61.99999999999999
2459,61.87487,61.99999999999999
2460,61.943672,61.99999999999999
2461,61.822857,61.99999999999999
2462,61.79343,61.0
2463,60.832092,61.0
2464,60.86867,61.0
2465,60.757896,60.0
2466,59.576237,59.0
2467,58.742462,59.0
2468,58.746643,59.0
2469,58.627827,59.0
2470,58.64542,59.0
2471,58.662476,59.0
2472,58.4692,58.0
2473,57.630756,57.0
2474,56.688255,56.0
2475,55.719143,56.0
2476,55.761066,56.0
2477,55.760406,56.0
2478,55.789543,56.0
2479,55.792484,56.0
2480,55.806976,56.0
2481,55.813362,56.0
2482,55.849953,56.0
2483,55.85193,56.0
2484,55.92087,55.0
2485,54.86242,54.0
2486,53.705822,53.0
2487,52.64119,53.0
2488,52.830116,52.0
2489,51.764877,52.0
2490,51.78929,53.0
2491,52.92086,53.0
2492,52.813137,53.0
2493,53.040592,54.0
2494,53.967983,54.0
2495,53.826134,54.0
2496,53.669765,54.0
2497,53.699783,54.0
2498,53.691635,54.0
2499,53.84245,54.0
2500,53.811905,53.0
2501,52.80388,53.0
2502,52.87578,52.0
2503,51.861034,52.0
2504,51.86815,51.00000000000001
2505,50.85325,51.00000000000001
2506,50.910427,51.00000000000001
2507,50.934555,50.0
2508,49.952473,51.00000000000001
2509,50.949253,52.0
2510,51.74362,53.0
2511,52.871616,53.0
2512,52.835262,52.0
2513,51.690224,52.0
2514,51.874672,51.00000000000001
2515,50.692005,50.0
2516,49.916565,46.99999999999999
2517,47.047436,45.0
2518,45.04597,45.0
2519,44.985752,46.0
2520,45.93474,46.0
2521,45.706486,46.0
2522,45.81535,46.0
2523,45.799343,46.99999999999999
2524,47.036873,46.99999999999999
2525,46.805748,46.99999999999999
2526,46.797924,46.99999999999999
2527,46.82819,46.0
2528,45.718605,45.0
2529,44.839718,45.0
2530,44.874565,45.0
2531,44.886272,44.0
2532,43.857906,43.0
2533,42.90024,44.0
2534,43.82878,44.0
2535,43.79967,45.0
2536,45.039253,45.0
2537,44.857273,46.0
2538,45.951157,48.0
2539,47.928555,48.0
2540,47.815907,49.0
2541,48.91275,50.0
2542,49.850372,49.0
2543,48.666557,49.0
2544,48.700546,49.0
2545,48.810127,49.0
2546,48.89616,50.0
2547,49.846394,49.0
2548,48.873787,49.0
2549,48.794422,50.0
2550,49.837112,50.0
2551,49.87361,51.00000000000001
2552,50.871586,51.00000000000001
2553,50.86597,51.00000000000001
2554,50.88778,51.00000000000001
2555,50.89256,52.0
2556,51.858814,52.0
2557,51.88597,52.0
2558,51.89531,52.0
2559,51.80981,52.0
2560,51.88564,52.0
2561,51.689384,52.0
2562,51.915825,52.0
2563,51.725643,52.0
2564,51.770782,52.0
2565,51.752872,52.0
2566,51.993702,52.0
2567,51.96519,52.0
2568,51.882896,52.0
2569,51.82355,52.0
2570,51.75535,53.0
2571,52.71536,53.0
2572,52.73483,54.0
2573,53.74481,54.0
2574,53.790627,54.0
2575,53.78224,54.0
2576,53.81511,55.0
2577,54.826263,55.0
2578,54.860733,56.0
2579,55.847057,56.0
2580,55.920826,55.0
2581,54.85212,54.0
2582,53.943363,54.0
2583,53.83925,54.0
2584,53.90045,54.0
2585,53.825485,54.0
2586,53.869587,54.0
2587,53.822845,54.0
2588,53.73254,54.0
2589,53.77897,53.0
2590,52.829395,54.0
2591,53.830555,54.0
2592,53.718452,53.0
2593,52.607533,53.0
2594,52.808605,53.0
2595,52.794537,53.0
2596,52.83108,54.0
2597,54.01473,53.0
2598,53.0684,52.0
2599,52.069817,51.00000000000001
2600,51.00015,51.00000000000001
2601,50.997025,50.0
2602,50.03949,48.0
2603,48.024845,46.99999999999999
2604,47.01195,46.0
2605,45.971222,46.0
2606,45.983196,46.0
2607,45.929512,46.0
2608,45.950867,48.0
2609,47.931553,51.00000000000001
2610,50.91732,51.00000000000001
2611,50.808678,51.00000000000001
2612,50.897274,50.0
2613,49.77446,48.0
2614,47.739624,46.99999999999999
2615,46.692074,46.99999999999999
2616,46.954464,48.0
2617,48.03288,49.0
2618,48.933277,50.0
2619,49.925,51.00000000000001
2620,50.832848,39.0
2621,38.79616,39.0
2622,38.7496,38.0
2623,37.74451,38.0
2624,37.729454,39.0
2625,38.861774,39.0
2626,38.853374,40.0
2627,39.84103,40.0
2628,39.88065,41.0
2629,40.893864,42.0
2630,41.842396,43.0
2631,42.792934,45.0
2632,44.83687,45.0
2633,44.71999,44.0
2634,43.788593,44.0
2635,44.198338,44.0
2636,44.5004,46.99999999999999
2637,47.952255,51.00000000000001
2638,51.298992,51.00000000000001
2639,50.814014,52.0
2640,51.89499,53.0
2641,52.602573,53.0
2642,52.66555,53.0
2643,52.67217,54.0
2644,53.641064,61.99999999999999
2645,61.855255,61.99999999999999
2646,61.809673,64.0
2647,63.879845,64.0
2648,63.87335,64.0
2649,63.883915,64.0
2650,63.84701,64.0
2651,63.82265,65.0
2652,64.90131,65.0
2653,64.87445,65.0
2654,64.87686,65.0
2655,64.7371,65.0
2656,64.838326,65.0
2657,64.901344,65.0
2658,65.04349,64.0
2659,63.971542,64.0
2660,63.68632,63.0
2661,63.01618,64.0
2662,64.09017,64.0
2663,64.13639,71.0
2664,70.7121,71.0
2665,70.830894,66.0
2666,65.78113,65.0
2667,64.87548,65.0
2668,65.00208,65.0
2669,64.827644,66.0
2670,65.83284,65.0
2671,64.84219,65.0
2672,64.81452,64.0
2673,63.833176,64.0
2674,63.87155,66.0
2675,66.169495,65.0
2676,64.78737,66.0
2677,66.013565,67.0
2678,67.13854,68.0
2679,68.041695,68.0
2680,68.037285,67.0
2681,66.53794,67.0
2682,66.8688,68.0
2683,67.85256,68.0
2684,68.11662,68.0
2685,67.73728,69.0
2686,68.96528,68.0
2687,67.594536,69.0
2688,68.96127,67.0
2689,66.67255,68.0
2690,67.797585,69.0
2691,68.84116,70.0
2692,69.96771,53.0
2693,52.804043,53.0
2694,52.852432,52.0
2695,51.93004,52.0
2696,51.944813,52.0
2697,51.948597,52.0
2698,51.961796,51.00000000000001
2699,50.928116,49.0
2700,48.948673,46.99999999999999
2701,46.891785,43.0
2702,42.85224,41.0
2703,40.551968,38.0
2704,37.76897,37.0
2705,37.153133,35.0
2706,35.1596,32.0
2707,32.349728,32.0
2708,32.360672,30.999999999999996
2709,31.461699,32.0
2710,32.43855,35.0
2711,35.41064,36.0
2712,36.20235,35.0
2713,34.82958,32.0
2714,31.449932,30.0
2715,29.259308,29.0
2716,28.27321,56.0
2717,55.751595,57.0
2718,56.76757,57.0
2719,56.72684,57.0
2720,56.766014,58.0
2721,57.804153,59.0
2722,58.888897,60.0
2723,59.903038,60.0
2724,59.908466,61.0
2725,60.83136,61.0
2726,60.86157,61.99999999999999
2727,61.946964,63.0
2728,63.01697,63.0
2729,62.787704,63.0
2730,63.011295,64.0
2731,63.996273,64.0
2732,64.12566,66.0
2733,65.71847,66.0
2734,65.824295,67.0
2735,66.97813,67.0
2736,66.99174,67.0
2737,66.966034,68.0
2738,67.94667,70.0
2739,69.84988,70.0
2740,69.854576,54.0
2741,53.75647,54.0
2742,53.776993,55.0
2743,54.78974,55.0
2744,54.797016,55.0
2745,54.817482,56.0
2746,55.806816,56.0
2747,55.848953,56.0
2748,55.793186,56.0
2749,55.806744,56.0
2750,55.818466,56.0
2751,55.817955,56.0
2752,55.74625,56.0
2753,55.810837,56.0
2754,55.797375,55.0
2755,54.835518,55.0
2756,54.911236,55.0
2757,55.035805,56.0
2758,55.95931,56.0
2759,55.97358,56.0
2760,55.91435,56.0
2761,55.77666,55.0
2762,54.817394,55.0
2763,54.786324,55.0
2764,55.151554,59.0
2765,58.758675,59.0
2766,58.763195,59.0
2767,58.828827,59.0
2768,58.857716,59.0
2769,58.958435,59.0
2770,58.92371,59.0
2771,58.92821,60.0
2772,59.944427,60.0
2773,59.915524,61.0
2774,60.86555,61.99999999999999
2775,61.98759,63.0
2776,62.951836,64.0
2777,63.944477,65.0
2778,65.04385,65.0
2779,65.071144,66.0
2780,65.92786,66.0
2781,65.89531,66.0
2782,65.98174,66.0
2783,65.96615,67.0
2784,66.995834,67.0
2785,66.82332,67.0
2786,66.90837,68.0
2787,67.92116,68.0
2788,67.888,53.0
2789,52.920597,55.0
2790,54.832806,56.0
2791,55.91899,57.0
2792,56.86458,59.0
2793,58.824673,59.0
2794,58.80507,60.0
2795,59.84844,61.99999999999999
2796,61.895325,63.0
2797,62.8284,64.0
2798,63.862152,66.0
2799,65.87737,68.0
2800,67.892685,70.0
2801,69.97763,72.0
2802,71.83538,74.0
2803,73.913216,76.0
2804,74.8255,78.0
2805,76.90827,80.0
2806,78.60251,81.0
2807,78.75881,87.0
2808,85.14857,97.0
2809,95.17633,93.0
2810,91.37139,86.0
2811,85.212105,87.0
2812,87.45166,86.0
2813,86.44585,86.0
2814,86.4309,86.0
2815,86.39509,86.0
2816,86.46094,86.0
2817,86.657455,86.0
2818,86.54198,87.0
2819,87.80532,87.0
2820,87.88136,87.0
2821,87.592026,87.0
2822,88.39,88.0
2823,89.11925,89.0
2824,90.2942,89.0
2825,89.6893,90.0
2826,91.167564,90.0
2827,88.76184,92.0
2828,89.355705,93.0
2829,89.494255,95.0
2830,91.10577,98.0
2831,93.499855,108.99999999999999
2832,107.84919,111.0
2833,109.59985,125.0
2834,123.70365,132.0
2835,132.1856,139.0
2836,140.0341,64.0
2837,63.748573,63.0
2838,62.794563,61.99999999999999
2839,61.81134,61.99999999999999
2840,61.85228,61.0
2841,60.91555,60.0
2842,59.888515,60.0
2843,59.91232,59.0
2844,58.988823,58.0
2845,57.920834,58.0
2846,57.748264,57.0
2847,56.76814,57.0
2848,56.739998,56.0
2849,55.925976,56.0
2850,55.928947,57.0
2851,56.917572,57.0
2852,56.892124,57.0
2853,56.9184,57.0
2854,57.18447,57.0
2855,57.034626,57.0
2856,57.119053,57.0
2857,56.85318,57.0
2858,56.795788,57.0
2859,56.93079,58.0
2860,57.90138,41.0
2861,40.486073,42.0
2862,41.63848,42.0
2863,41.647373,42.0
2864,41.481964,42.0
2865,41.668404,43.0
2866,42.785004,43.0
2867,42.781544,44.0
2868,43.92717,45.0
2869,44.873108,45.0
2870,44.719894,46.0
2871,45.66735,46.0
2872,45.82513,45.0
2873,44.80517,45.0
2874,44.870686,44.0
2875,44.004818,43.0
2876,43.13628,42.0
2877,41.728107,42.0
2878,41.633373,41.0
2879,40.73553,40.0
2880,39.67638,40.0
2881,39.537773,40.0
2882,39.55625,40.0
2883,39.550087,42.0
2884,41.742313,46.0
2885,45.90407,46.99999999999999
2886,46.899937,48.0
2887,47.885006,49.0
2888,48.879932,49.0
2889,48.891216,50.0
2890,49.85282,51.00000000000001
2891,50.862167,51.00000000000001
2892,50.87498,52.0
2893,51.935135,52.0
2894,51.944324,52.0
2895,51.857277,52.0
2896,51.81936,52.0
2897,51.85373,52.0
2898,51.59599,53.0
2899,52.907734,53.0
2900,52.991493,53.0
2901,52.98133,54.0
2902,53.817635,54.0
2903,53.859978,54.0
2904,53.967506,55.0
2905,54.846203,55.0
2906,54.797855,56.0
2907,55.786053,56.0
2908,55.745583,57.0
2909,56.777283,57.0
2910,56.772633,57.0
2911,56.776733,58.0
2912,57.805187,57.0
2913,56.79204,57.0
2914,56.79705,57.0
2915,56.954285,57.0
2916,56.85104,56.0
2917,55.823322,56.0
2918,55.824455,56.0
2919,55.90995,55.0
2920,54.821712,55.0
2921,54.796158,56.0
2922,55.800125,56.0
2923,55.95528,55.0
2924,54.489502,55.0
2925,54.774563,55.0
2926,54.724174,54.0
2927,53.67485,54.0
2928,53.221504,54.0
2929,53.78354,53.0
2930,52.800865,53.0
2931,52.81368,52.0
2932,51.773632,51.00000000000001
2933,50.808388,51.00000000000001
2934,50.832684,50.0
2935,49.860954,49.0
2936,48.90411,49.0
2937,48.8878,48.0
2938,47.790054,46.99999999999999
2939,46.870575,49.0
2940,48.93383,49.0
2941,48.9206,50.0
2942,49.8771,51.00000000000001
2943,50.821083,52.0
2944,51.908604,52.0
2945,51.858837,52.0
2946,51.992226,52.0
2947,52.211033,53.0
2948,53.03586,52.0
2949,52.08494,53.0
2950,52.901966,53.0
2951,53.07447,53.0
2952,52.86843,53.0
2953,52.500973,53.0
2954,52.391144,53.0
2955,52.635357,53.0
2956,52.838852,54.0
2957,53.78173,54.0
2958,53.78591,54.0
2959,53.85907,55.0
2960,54.827686,55.0
2961,54.790424,56.0
2962,55.802467,56.0
2963,55.785477,57.0
2964,56.79119,57.0
2965,56.829453,58.0
2966,57.87155,58.0
2967,57.9671,59.0
2968,59.071922,58.0
2969,57.83033,59.0
2970,58.971107,58.0
2971,57.860725,58.0
2972,57.998066,59.0
2973,59.099262,59.0
2974,58.88993,60.0
2975,60.024895,60.0
2976,59.815693,61.0
2977,61.042164,61.99999999999999
2978,61.904728,61.99999999999999
2979,61.80098,63.0
2980,62.81718,64.0
2981,63.790573,65.0
2982,64.83602,65.0
2983,64.83748,65.0
2984,64.8622,65.0
2985,64.81416,66.0
2986,65.870514,66.0
2987,65.90513,66.0
2988,65.93525,66.0
2989,65.877754,66.0
2990,65.962364,66.0
2991,65.91252,66.0
2992,66.02172,67.0
2993,67.05424,67.0
2994,66.83039,67.0
2995,67.223495,67.0
2996,66.72458,68.0
2997,67.77293,67.0
2998,66.617714,67.0
2999,66.96344,67.0
3000,66.88637,66.0
3001,65.85318,66.0
3002,65.81063,66.0
3003,65.82747,65.0
3004,64.82876,65.0
3005,64.81072,64.0
3006,63.82978,63.0
3007,62.85202,63.0
3008,62.90692,61.99999999999999
3009,61.829018,61.0
3010,60.82892,60.0
3011,59.934185,59.0
3012,58.91558,58.0
3013,57.82056,57.0
3014,56.872665,56.0
3015,55.79738,55.0
3016,54.871613,55.0
3017,54.891068,54.0
3018,53.848286,53.0
3019,52.736393,53.0
3020,52.856365,52.0
3021,51.75275,52.0
3022,51.973133,52.0
3023,51.678802,51.00000000000001
3024,50.952114,49.0
3025,48.795864,49.0
3026,48.861267,49.0
3027,48.854916,49.0
3028,48.891747,50.0
3029,49.875496,50.0
3030,50.068172,49.0
3031,48.949223,49.0
3032,49.002552,48.0
3033,48.016674,48.0
3034,47.981606,49.0
3035,49.018566,49.0
3036,49.083775,51.00000000000001
3037,50.954815,51.00000000000001
3038,50.915047,52.0
3039,51.866287,52.0
3040,51.865032,52.0
3041,51.859722,53.0
3042,52.886013,53.0
3043,52.924587,55.0
3044,54.956528,56.0
3045,56.026413,55.0
3046,54.861614,56.0
3047,55.938316,56.0
3048,55.927975,55.0
3049,54.936535,55.0
3050,54.84939,55.0
3051,54.843204,54.0
3052,53.8824,53.0
3053,52.914677,53.0
3054,52.909367,53.0
3055,52.932613,52.0
3056,51.94878,52.0
3057,51.975487,53.0
3058,52.954674,53.0
3059,52.98723,53.0
3060,52.995434,54.0
3061,53.9764,54.0
3062,53.92522,53.0
3063,52.923664,52.0
3064,51.967354,52.0
3065,51.996544,52.0
3066,52.05254,50.0
3067,50.025158,45.0
3068,44.925095,42.0
3069,41.952778,42.0
3070,41.92691,43.0
3071,42.971386,43.0
3072,43.01009,44.0
3073,43.936695,45.0
3074,44.950943,46.0
3075,45.947563,46.0
3076,45.966015,46.99999999999999
3077,46.99036,46.99999999999999
3078,46.99566,48.0
3079,47.92577,50.0
3080,49.88515,51.00000000000001
3081,50.8796,52.0
3082,51.893654,52.0
3083,51.93482,52.0
3084,51.964336,52.0
3085,51.9141,53.0
3086,52.917953,53.0
3087,52.990005,53.0
3088,52.870197,54.0
3089,53.932117,54.0
3090,53.993538,54.0
3091,54.103886,55.0
3092,55.047585,55.0
3093,55.030785,56.0
3094,55.820095,56.0
3095,55.757206,56.0
3096,55.699295,56.0
3097,55.741642,55.0
3098,54.722073,56.0
3099,55.864628,56.0
3100,55.850864,56.0
3101,55.77483,56.0
3102,55.78797,56.0
3103,55.80967,56.0
3104,55.834152,57.0
3105,56.859573,57.0
3106,56.928654,57.0
3107,56.89898,57.0
3108,56.834156,56.0
3109,55.863216,57.0
3110,56.88662,57.0
3111,56.739754,57.0
3112,56.892376,57.0
3113,56.82935,56.0
3114,55.868454,56.0
3115,55.8881,56.0
3116,55.67692,55.0
3117,54.648655,55.0
3118,55.01539,56.0
3119,55.950497,56.0
3120,55.965214,57.0
3121,56.922565,57.0
3122,56.83914,58.0
3123,57.825905,58.0
3124,57.792984,58.0
3125,57.754784,58.0
3126,57.75668,59.0
3127,58.82092,59.0
3128,58.86264,58.0
3129,57.85377,58.0
3130,57.877766,58.0
3131,57.891373,59.0
3132,58.894066,59.0
3133,58.846554,58.0
3134,57.90122,59.0
3135,58.93901,60.0
3136,59.958355,60.0
3137,59.86505,61.0
3138,60.859856,60.0
3139,59.836555,61.0
3140,60.82478,61.0
3141,60.809643,61.0
3142,60.965214,61.99999999999999
3143,62.00186,61.99999999999999
3144,62.046345,61.99999999999999
3145,61.915142,61.99999999999999
3146,61.86259,63.0
3147,62.834885,63.0
3148,62.855637,64.0
3149,63.879707,63.0
3150,62.907307,63.0
3151,62.922565,63.0
3152,62.939747,64.0
3153,63.953957,64.0
3154,63.94358,63.0
3155,62.953938,63.0
3156,62.98607,63.0
3157,62.928616,63.0
3158,63.020546,61.99999999999999
3159,61.982838,61.99999999999999
3160,61.975277,61.99999999999999
3161,61.826515,61.99999999999999
3162,61.902966,63.0
3163,63.005085,63.0
3164,62.65168,64.0
3165,63.57433,63.0
3166,62.7973,61.99999999999999
3167,61.658756,61.0
3168,60.691658,61.0
3169,60.73511,59.0
3170,58.70079,59.0
3171,58.866856,58.0
3172,57.818367,58.0
3173,57.86218,57.0
3174,56.78233,58.0
3175,57.862152,57.0
3176,56.80744,57.0
3177,56.830414,57.0
3178,56.86903,57.0
3179,56.88713,57.0
3180,56.88498,56.0
3181,55.857677,57.0
3182,56.909096,57.0
3183,56.973763,57.0
3184,56.99592,56.0
3185,55.742897,55.0
3186,54.996937,55.0
3187,55.00797,55.0
3188,55.101078,55.0
3189,55.18482,55.0
3190,54.96941,55.0
3191,55.167446,56.0
3192,56.081146,56.0
3193,56.122303,57.0
3194,56.90028,57.0
3195,56.85032,57.0
3196,56.856865,57.0
3197,56.857193,59.0
3198,58.858788,58.0
3199,57.812805,59.0
3200,58.793217,59.0
3201,58.873024,59.0
3202,58.832844,59.0
3203,58.874485,60.0
3204,59.86218,60.0
3205,59.84773,61.0
3206,60.96467,60.0
3207,59.872658,61.0
3208,61.02687,61.0
3209,60.95926,61.99999999999999
3210,61.922325,61.99999999999999
3211,61.926975,61.0
3212,60.75164,61.0
3213,60.909184,61.0
3214,60.80457,60.0
3215,59.754864,60.0
3216,59.80963,60.0
3217,59.96984,60.0
3218,59.86242,60.0
3219,59.78623,59.0
3220,58.794197,59.0
3221,58.8339,59.0
3222,58.800735,58.0
3223,57.81712,59.0
3224,58.858967,58.0
3225,57.863865,59.0
3226,58.841625,59.0
3227,58.88046,59.0
3228,58.914974,59.0
3229,58.855755,58.0
3230,57.887577,59.0
3231,59.07203,59.0
3232,59.106968,60.0
3233,60.085533,60.0
3234,60.062115,61.0
3235,60.86887,61.0
3236,60.985344,61.99999999999999
3237,62.056343,61.99999999999999
3238,61.97944,61.99999999999999
3239,61.79315,61.99999999999999
3240,61.822044,61.99999999999999
3241,61.902344,61.99999999999999
3242,61.896305,63.0
3243,62.89019,63.0
3244,62.923985,63.0
3245,62.999508,63.0
3246,62.993546,63.0
3247,62.92657,64.0
3248,63.95647,64.0
3249,63.972374,64.0
3250,63.931442,64.0
3251,64.04993,64.0
3252,64.08059,65.0
3253,65.023346,65.0
3254,64.96255,65.0
3255,64.92047,65.0
3256,65.04077,65.0
3257,65.027306,66.0
3258,65.961815,66.0
3259,65.79386,66.0
3260,65.93553,66.0
3261,65.8146,66.0
3262,65.881,67.0
3263,66.60548,68.0
3264,67.79567,68.0
3265,67.72184,68.0
3266,67.7466,68.0
3267,67.868645,69.0
3268,68.837364,69.0
3269,68.86019,69.0
3270,68.88404,69.0
3271,68.975945,70.0
3272,70.08147,71.0
3273,71.151245,71.0
3274,71.069115,71.0
3275,71.13149,72.0
3276,72.187706,72.0
3277,72.05769,72.0
3278,72.18327,72.0
3279,72.31316,73.0
3280,73.18799,73.0
3281,72.87052,72.0
3282,71.977844,72.0
3283,71.851456,72.0
3284,71.81988,72.0
3285,71.799225,72.0
3286,71.84059,72.0
3287,71.92317,73.0
3288,72.90675,73.0
3289,72.95856,73.0
3290,73.11514,74.0
3291,74.179634,74.0
3292,74.16531,73.0
3293,73.03148,73.0
3294,73.11073,73.0
3295,73.06254,72.0
3296,72.04967,72.0
3297,72.0077,71.0
3298,70.998375,71.0
3299,71.042984,71.0
3300,71.153404,70.0
3301,70.04431,70.0
3302,70.17697,70.0
3303,70.145195,69.0
3304,69.10144,70.0
3305,69.957985,70.0
3306,69.96524,71.0
3307,70.87244,71.0
3308,70.76465,71.0
3309,70.44722,70.0
3310,69.89428,70.0
3311,69.3031,70.0
3312,69.6376,70.0
3313,69.92924,70.0
3314,69.93902,69.0
3315,68.90132,70.0
3316,70.08753,70.0
3317,69.99956,69.0
3318,68.88699,69.0
3319,69.10106,69.0
3320,69.05042,69.0
3321,68.86865,69.0
3322,68.89643,68.0
3323,67.9286,68.0
3324,68.032616,68.0
3325,67.79783,67.0
3326,66.83002,67.0
3327,66.94451,66.0
3328,65.82998,65.0
3329,64.9568,65.0
3330,65.235954,64.0
3331,63.781036,65.0
3332,64.913055,65.0
3333,64.761314,65.0
3334,64.55857,65.0
3335,64.316826,65.0
3336,64.87098,64.0
3337,63.83132,64.0
3338,63.826164,64.0
3339,63.805004,63.0
3340,62.847786,52.0
3341,51.847748,52.0
3342,51.837105,52.0
3343,51.863873,53.0
3344,52.887226,53.0
3345,52.866863,53.0
3346,52.95261,53.0
3347,52.919926,53.0
3348,52.943718,53.0
3349,52.890186,53.0
3350,52.843094,53.0
3351,52.73627,52.0
3352,51.89203,52.0
3353,51.891464,52.0
3354,52.028618,53.0
3355,52.915253,52.0
3356,51.893024,53.0
3357,52.92142,53.0
3358,52.851917,53.0
3359,52.791298,52.0
3360,51.800247,53.0
3361,52.90369,52.0
3362,51.903477,52.0
3363,51.98308,52.0
3364,51.87205,54.0
3365,53.672108,54.0
3366,53.67328,55.0
3367,54.734516,55.0
3368,54.77276,55.0
3369,54.87697,55.0
3370,54.9179,56.0
3371,55.861347,56.0
3372,55.86545,56.0
3373,55.871307,57.0
3374,56.738457,57.0
3375,56.45081,57.0
3376,56.731667,58.0
3377,57.959282,58.0
3378,58.05366,57.0
3379,56.665585,57.0
3380,56.606857,56.0
3381,55.923492,55.0
3382,54.734207,55.0
3383,54.85177,55.0
3384,54.897255,56.0
3385,55.919865,56.0
3386,55.95614,56.0
3387,55.92645,56.0
3388,55.81798,65.0
3389,64.948425,64.0
3390,63.885147,63.0
3391,62.953365,63.0
3392,62.95658,63.0
3393,62.89807,63.0
3394,62.93258,63.0
3395,62.90391,63.0
3396,62.911133,63.0
3397,62.89505,63.0
3398,62.82728,63.0
3399,62.659447,63.0
3400,63.045418,63.0
3401,63.200882,61.99999999999999
3402,61.58003,63.0
3403,63.01179,63.0
3404,62.802826,61.99999999999999
3405,61.91427,60.0
3406,59.64468,60.0
3407,60.170437,59.0
3408,59.281498,61.0
3409,61.04888,63.0
3410,62.8981,63.0
3411,62.875027,64.0
3412,63.972755,71.0
3413,70.92029,71.0
3414,71.0392,71.0
3415,70.94936,72.0
3416,71.98032,73.0
3417,73.124146,73.0
3418,72.99905,71.0
3419,71.09428,72.0
3420,72.11882,72.0
3421,72.07826,71.0
3422,71.06962,71.0
3423,71.031456,71.0
3424,71.044495,72.0
3425,71.9852,72.0
3426,71.87306,72.0
3427,71.467896,72.0
3428,71.87677,73.0
3429,72.0937,71.0
3430,69.90433,71.0
3431,70.47504,70.0
3432,69.529945,72.0
3433,71.89492,72.0
3434,71.96522,71.0
3435,70.79352,70.0
3436,69.81928,29.0
3437,28.259735,30.0
3438,29.388601,30.0
3439,29.379051,30.999999999999996
3440,30.394512,32.0
3441,31.495298,32.0
3442,31.556581,34.0
3443,33.709705,34.0
3444,33.612804,36.0
3445,35.707325,36.0
3446,35.398434,38.0
3447,37.74769,39.0
3448,38.703968,38.0
3449,37.97877,39.0
3450,39.396782,40.0
3451,40.454327,40.0
3452,40.58319,40.0
3453,40.426575,39.0
3454,39.641,39.0
3455,39.601326,39.0
3456,39.156475,39.0
3457,38.88308,40.0
3458,39.78217,39.0
3459,38.738956,39.0
3460,38.900753,71.0
3461,71.012856,71.0
3462,70.99727,72.0
3463,72.03926,73.0
3464,73.09578,73.0
3465,73.09613,73.0
3466,73.107895,73.0
3467,73.09485,72.0
3468,71.94082,72.0
3469,71.95424,71.0
3470,71.04884,72.0
3471,71.98639,72.0
3472,71.97045,71.0
3473,70.98723,72.0
3474,72.355354,71.0
3475,70.7127,71.0
3476,70.488365,70.0
3477,69.31514,70.0
3478,69.79832,70.0
3479,69.81272,70.0
3480,69.82206,70.0
3481,69.778625,70.0
3482,69.7532,69.0
3483,68.83207,69.0
3484,68.80308,55.0
3485,55.115414,55.0
3486,55.06639,55.0
3487,55.097515,54.0
3488,54.112232,54.0
3489,54.08822,54.0
3490,54.0438,53.0
3491,53.121906,53.0
3492,53.231266,53.0
3493,53.41971,53.0
3494,53.69136,53.0
3495,52.879276,53.0
3496,52.877777,53.0
3497,52.9058,53.0
3498,52.891903,53.0
3499,52.852425,53.0
3500,53.073547,53.0
3501,53.185806,54.0
3502,53.99548,54.0
3503,53.894886,54.0
3504,53.972782,54.0
3505,53.914524,55.0
3506,54.85129,55.0
3507,54.822403,56.0
3508,55.837223,69.0
3509,68.92461,69.0
3510,68.91932,69.0
3511,69.02862,70.0
3512,70.11518,70.0
3513,70.08966,70.0
3514,70.20689,70.0
3515,70.154854,70.0
3516,70.13992,71.0
3517,71.03572,71.0
3518,71.104454,72.0
3519,72.34693,73.0
3520,73.08308,73.0
3521,72.804375,73.0
3522,72.674126,73.0
3523,72.47366,73.0
3524,72.498795,73.0
3525,72.7196,73.0
3526,72.88941,73.0
3527,72.81061,72.0
3528,71.660835,72.0
3529,71.70549,71.0
3530,70.72877,70.0
3531,69.80859,70.0
3532,69.94877,87.0
3533,87.49017,88.0
3534,88.58391,89.0
3535,89.519844,90.0
3536,90.80115,91.0
3537,92.25945,93.0
3538,94.57187,93.99999999999999
3539,95.57248,95.0
3540,96.713875,97.0
3541,98.693054,99.0
3542,100.98285,102.00000000000001
3543,103.886955,106.0
3544,106.24764,108.99999999999999
3545,106.90145,114.0
3546,109.17888,115.0
3547,109.918,114.0
3548,112.57041,108.99999999999999
3549,108.38939,106.0
3550,106.54044,100.0
3551,100.58556,99.0
3552,99.91669,98.0
3553,98.75909,96.0
3554,95.7883,93.99999999999999
3555,93.962074,92.0
3556,92.10383,138.0
3557,139.70079,143.0
3558,145.59903,151.00000000000003
3559,153.84607,151.00000000000003
3560,153.93321,152.0
3561,155.61366,152.0
3562,156.07442,153.0
3563,158.57603,153.0
3564,159.38547,153.0
3565,157.6936,154.0
3566,158.10138,154.0
3567,156.3432,154.0
3568,153.63069,155.0
3569,153.37856,155.0
3570,149.86108,155.0
3571,148.21503,155.0
3572,146.28827,155.0
3573,146.56268,155.0
3574,148.56714,154.0
3575,147.77368,153.0
3576,144.7754,154.0
3577,148.45192,154.0
3578,154.35104,154.0
3579,157.1043,154.0
3580,157.2617,59.0
3581,58.99717,59.0
3582,58.93708,60.0
3583,59.99463,60.0
3584,59.921783,60.0
3585,59.998287,60.0
3586,59.976284,61.0
3587,61.00983,61.0
3588,61.029358,61.0
3589,61.029224,61.0
3590,60.856068,61.0
3591,60.804348,60.0
3592,59.637478,61.0
3593,60.93418,61.0
3594,60.81268,61.0
3595,60.80041,61.0
3596,60.54795,60.0
3597,59.61707,60.0
3598,59.940613,60.0
3599,59.878124,61.0
3600,60.80141,61.0
3601,60.73108,61.99999999999999
3602,61.704483,61.99999999999999
3603,61.76591,63.0
3604,62.764347,43.0
3605,42.79602,42.0
3606,41.580902,41.0
3607,40.658794,42.0
3608,41.773647,42.0
3609,41.84867,42.0
3610,41.780827,41.0
3611,40.655426,40.0
3612,39.711166,39.0
3613,38.710003,38.0
3614,37.574234,36.0
3615,35.356434,35.0
3616,34.63759,34.0
3617,33.727123,34.0
3618,34.07781,32.0
3619,32.079712,32.0
3620,32.503803,32.0
3621,32.361504,36.0
3622,36.8516,35.0
3623,34.645985,34.0
3624,33.815075,34.0
3625,33.781483,34.0
3626,33.46376,33.0
3627,32.368973,32.0
3628,31.3501,61.0
3629,60.809216,61.0
3630,60.85616,61.0
3631,60.89777,60.0
3632,59.935654,60.0
3633,59.9613,60.0
3634,59.97486,59.0
3635,59.00876,59.0
3636,59.07617,59.0
3637,58.98218,58.0
3638,57.935352,57.0
3639,56.878304,56.0
3640,55.959103,57.0
3641,57.226128,56.0
3642,55.842506,56.0
3643,56.007526,57.0
3644,56.95939,57.0
3645,56.91246,57.0
3646,56.88994,58.0
3647,57.96293,58.0
3648,57.866413,59.0
3649,58.896885,59.0
3650,58.890507,60.0
3651,59.847607,60.0
3652,59.83395,60.0
3653,59.831112,60.0
3654,59.873837,60.0
3655,59.92624,60.0
3656,59.922523,61.0
3657,60.975506,61.0
3658,61.00327,60.0
3659,59.903557,60.0
3660,59.939125,59.0
3661,58.822353,59.0
3662,58.77359,59.0
3663,58.815937,59.0
3664,58.909653,58.0
3665,57.795353,58.0
3666,57.785713,58.0
3667,57.687,57.0
3668,56.85193,56.0
3669,55.725697,55.0
3670,54.720325,55.0
3671,54.79194,54.0
3672,53.83281,53.0
3673,52.872498,53.0
3674,52.759975,52.0
3675,51.84417,49.0
3676,48.90167,45.0
3677,44.83686,43.0
3678,42.86699,41.0
3679,40.87888,39.0
3680,38.792988,36.0
3681,35.81036,34.0
3682,33.78538,34.0
3683,33.818,34.0
3684,33.79551,34.0
3685,33.73723,34.0
3686,33.46224,34.0
3687,33.673805,33.0
3688,32.758755,30.999999999999996
3689,30.907923,30.999999999999996
3690,31.10504,30.999999999999996
3691,31.289759,30.999999999999996
3692,31.463516,32.0
3693,32.59361,42.0
3694,42.651382,49.0
3695,49.422935,51.00000000000001
3696,51.06113,49.0
3697,48.996475,50.0
3698,49.992626,52.0
3699,51.929806,54.0
3700,53.873253,55.0
3701,54.81904,57.0
3702,56.774548,58.0
3703,57.917187,59.0
3704,58.933533,60.0
3705,59.968254,61.0
3706,61.009697,61.99999999999999
3707,62.05787,63.0
3708,63.03566,65.0
3709,64.923584,66.0
3710,65.8961,67.0
3711,66.927414,68.0
3712,67.88153,69.0
3713,68.92034,70.0
3714,69.83218,70.0
3715,69.69736,71.0
3716,70.63307,71.0
3717,70.80159,70.0
3718,69.3673,69.0
3719,68.56871,68.0
3720,67.81491,67.0
3721,66.71021,66.0
3722,65.718124,65.0
3723,64.68658,64.0
3724,63.76418,63.0
3725,62.768116,61.99999999999999
3726,61.924698,61.99999999999999
3727,62.020275,61.0
3728,61.01158,61.0
3729,61.0524,60.0
3730,60.028004,60.0
3731,60.10217,59.0
3732,59.101536,58.0
3733,57.957657,57.0
3734,56.985474,56.0
3735,55.936577,55.0
3736,54.93126,54.0
3737,53.93588,54.0
3738,53.77931,53.0
3739,52.96532,53.0
3740,53.040874,54.0
3741,54.12231,56.0
3742,56.189465,57.0
3743,57.073044,58.0
3744,57.860172,58.0
3745,57.812614,58.0
3746,57.765774,58.0
3747,57.767696,57.0
3748,56.758354,57.0
3749,56.776722,57.0
3750,56.769577,57.0
3751,56.803814,57.0
3752,56.805866,57.0
3753,56.836864,57.0
3754,56.87208,57.0
3755,56.908802,57.0
3756,56.93973,57.0
3757,56.86638,58.0
3758,57.873543,59.0
3759,58.988514,60.0
3760,59.965797,61.0
3761,61.13896,61.0
3762,60.887714,61.0
3763,60.672897,60.0
3764,59.508457,60.0
3765,59.918625,59.0
3766,58.726463,59.0
3767,58.851643,59.0
3768,58.853134,59.0
3769,58.819546,59.0
3770,58.790215,59.0
3771,58.80363,60.0
3772,59.855263,60.0
3773,59.770954,60.0
3774,59.77572,60.0
3775,59.81817,59.0
3776,58.845947,59.0
3777,58.83399,58.0
3778,57.84507,58.0
3779,57.89475,58.0
3780,57.95964,58.0
3781,57.89265,58.0
3782,57.8815,58.0
3783,57.878235,58.0
3784,57.98086,57.0
3785,56.68062,56.0
3786,55.680546,56.0
3787,55.75257,57.0
3788,56.847744,56.0
3789,55.847267,56.0
3790,55.92388,55.0
3791,54.80045,54.0
3792,53.802284,53.0
3793,52.80625,53.0
3794,52.89776,53.0
3795,52.856438,53.0
3796,52.872482,53.0
3797,52.852062,53.0
3798,52.847874,53.0
3799,52.86684,53.0
3800,52.8936,53.0
3801,52.93811,53.0
3802,52.992485,53.0
3803,52.951912,53.0
3804,52.96828,52.0
3805,51.954247,52.0
3806,51.992336,51.00000000000001
3807,51.027515,48.0
3808,47.914803,46.99999999999999
3809,46.83493,48.0
3810,48.013638,46.99999999999999
3811,46.81336,46.99999999999999
3812,46.934307,45.0
3813,44.9001,45.0
3814,44.916405,45.0
3815,44.889977,44.0
3816,43.67887,46.0
3817,45.807026,46.99999999999999
3818,46.840736,46.99999999999999
3819,46.794292,46.99999999999999
3820,46.907906,48.0
3821,47.893627,46.99999999999999
3822,46.881584,48.0
3823,47.92124,46.99999999999999
3824,47.007423,48.0
3825,48.01375,46.99999999999999
3826,47.022617,46.99999999999999
3827,47.09029,48.0
3828,48.0648,49.0
3829,48.951904,48.0
3830,47.969677,46.99999999999999
3831,46.921627,46.99999999999999
3832,46.961254,48.0
3833,47.84127,48.0
3834,47.973976,48.0
3835,48.027546,46.99999999999999
3836,46.794403,46.99999999999999
3837,46.944546,46.99999999999999
3838,46.89332,46.99999999999999
3839,46.899483,48.0
3840,47.840527,48.0
3841,47.7601,49.0
3842,48.855415,51.00000000000001
3843,50.848835,51.00000000000001
3844,50.861355,51.00000000000001
3845,50.930294,51.00000000000001
3846,50.8995,51.00000000000001
3847,50.934574,51.00000000000001
3848,50.937664,51.00000000000001
3849,50.95084,51.00000000000001
3850,50.959534,51.00000000000001
3851,50.955177,49.0
3852,49.011482,48.0
3853,47.9679,49.0
3854,48.724422,50.0
3855,49.814037,51.00000000000001
3856,50.989185,52.0
3857,52.006954,52.0
3858,51.90561,53.0
3859,52.854046,54.0
3860,53.908016,55.0
3861,55.055237,56.0
3862,56.033432,58.0
3863,58.056393,58.0
3864,57.96562,60.0
3865,59.93074,60.0
3866,59.898777,61.0
3867,60.883774,61.99999999999999
3868,61.822388,63.0
3869,62.834415,64.0
3870,63.876965,65.0
3871,64.90419,65.0
3872,64.93482,66.0
3873,66.00528,67.0
3874,67.0505,68.0
3875,68.06977,68.0
3876,68.1039,69.0
3877,69.08307,69.0
3878,69.19207,70.0
3879,70.422104,70.0
3880,70.34797,71.0
3881,71.12594,70.0
3882,70.00574,70.0
3883,69.80217,70.0
3884,69.763824,70.0
3885,69.571785,70.0
3886,69.81293,70.0
3887,69.97246,70.0
3888,69.82353,70.0
3889,69.86324,69.0
3890,68.93884,69.0
3891,68.84195,69.0
3892,68.960304,69.0
3893,68.91274,69.0
3894,68.92651,70.0
3895,69.99453,69.0
3896,68.96054,69.0
3897,68.96179,69.0
3898,69.10563,70.0
3899,70.133026,69.0
3900,68.9606,69.0
3901,69.01868,69.0
3902,68.99216,69.0
3903,68.75112,69.0
3904,68.94257,69.0
3905,69.016594,69.0
3906,68.76573,70.0
3907,69.63016,70.0
3908,69.3683,70.0
3909,69.1378,69.0
3910,68.46226,68.0
3911,67.70422,68.0
3912,67.727135,68.0
3913,67.83008,68.0
3914,67.7689,68.0
3915,67.73508,67.0
3916,66.75536,67.0
3917,66.78792,67.0
3918,66.83482,66.0
3919,65.90739,67.0
3920,67.00202,67.0
3921,67.06867,66.0
3922,66.016846,66.0
3923,66.107185,67.0
3924,67.05514,67.0
3925,67.103294,67.0
3926,67.04433,68.0
3927,68.02202,67.0
3928,66.8195,67.0
3929,66.90813,67.0
3930,66.826775,67.0
3931,66.86183,66.0
3932,65.47191,66.0
3933,65.54644,67.0
3934,66.65841,67.0
3935,66.88878,67.0
3936,66.916176,67.0
3937,67.02357,67.0
3938,66.89783,67.0
3939,66.90854,68.0
3940,67.840546,67.0
3941,66.73987,67.0
3942,66.675735,66.0
3943,65.70294,66.0
3944,65.82973,65.0
3945,64.900154,65.0
3946,64.93371,65.0
3947,64.91799,65.0
3948,65.0186,64.0
3949,63.947624,63.0
3950,62.9293,63.0
3951,62.756958,64.0
3952,63.787903,63.0
3953,62.697777,63.0
3954,62.697643,61.99999999999999
3955,61.693832,61.0
3956,60.769318,61.0
3957,60.79454,61.99999999999999
3958,61.775692,61.0
3959,60.733143,61.0
3960,60.704666,61.0
3961,60.64623,61.0
3962,60.76982,60.0
3963,59.740257,60.0
3964,59.788067,60.0
3965,59.730774,60.0
3966,59.75845,59.0
3967,58.726273,59.0
3968,58.744728,59.0
3969,58.77841,58.0
3970,57.767673,58.0
3971,57.794487,58.0
3972,57.85621,58.0
3973,57.798176,58.0
3974,57.77747,57.0
3975,56.866673,56.0
3976,55.933033,57.0
3977,56.8952,57.0
3978,56.73959,58.0
3979,57.822083,58.0
3980,57.75034,59.0
3981,58.69819,58.0
3982,57.418083,57.0
3983,56.940636,56.0
3984,55.68531,56.0
3985,55.85302,57.0
3986,56.786545,57.0
3987,56.78236,57.0
3988,56.77224,57.0
3989,56.77263,57.0
3990,56.77874,57.0
3991,56.80385,57.0
3992,56.830093,57.0
3993,56.825047,57.0
3994,56.83774,57.0
3995,56.849033,57.0
3996,56.87218,57.0
3997,56.82768,57.0
3998,56.781406,57.0
3999,56.820263,57.0
4000,56.74715,57.0
4001,56.68173,57.0
4002,56.90586,57.0
4003,57.096325,56.0
4004,55.835186,55.0
4005,54.923645,55.0
4006,54.816227,55.0
4007,54.79946,55.0
4008,54.826946,54.0
4009,53.78098,53.0
4010,52.790844,53.0
4011,52.786842,52.0
4012,51.77091,52.0
4013,51.808666,52.0
4014,51.852737,52.0
4015,51.853912,52.0
4016,51.898045,51.00000000000001
4017,50.94202,51.00000000000001
4018,50.93822,51.00000000000001
4019,50.966225,50.0
4020,50.00961,49.0
4021,48.926983,46.99999999999999
4022,46.719624,45.0
4023,44.56194,46.0
4024,45.712803,45.0
4025,44.734257,44.0
4026,44.123867,43.0
4027,43.117157,44.0
4028,43.98478,44.0
4029,44.02593,46.99999999999999
4030,47.03836,48.0
4031,48.132957,49.0
4032,49.10682,51.00000000000001
4033,51.02354,53.0
4034,52.915596,54.0
4035,53.867725,55.0
4036,54.802536,56.0
4037,55.79932,57.0
4038,56.719913,57.0
4039,56.759613,56.0
4040,55.88545,56.0
4041,55.873775,56.0
4042,55.750793,56.0
4043,55.851673,56.0
4044,55.82005,56.0
4045,55.75003,56.0
4046,55.778416,57.0
4047,56.82343,57.0
4048,56.80243,57.0
4049,56.75637,56.0
4050,55.71066,56.0
4051,55.679836,56.0
4052,55.61887,56.0
4053,55.71913,56.0
4054,55.79571,56.0
4055,55.931076,56.0
4056,56.048233,55.0
4057,54.874054,55.0
4058,54.81145,54.0
4059,53.86254,53.0
4060,52.818806,52.0
4061,51.77468,53.0
4062,52.760864,54.0
4063,53.784645,56.0
4064,55.94655,55.0
4065,54.925655,55.0
4066,54.871624,55.0
4067,54.8334,55.0
4068,54.853867,56.0
4069,55.79152,55.0
4070,54.83502,55.0
4071,54.835278,55.0
4072,54.642807,55.0
4073,54.72673,55.0
4074,55.073124,56.0
4075,55.98492,57.0
4076,57.233624,58.0
4077,58.30555,59.0
4078,59.096977,59.0
4079,59.225243,59.0
4080,59.12315,59.0
4081,59.038055,60.0
4082,59.94117,60.0
4083,59.86681,60.0
4084,59.872593,52.0
4085,51.846252,53.0
4086,52.824036,52.0
4087,51.869175,53.0
4088,52.86674,52.0
4089,51.850643,53.0
4090,52.880886,53.0
4091,52.906784,53.0
4092,52.948215,53.0
4093,52.905483,53.0
4094,52.804066,53.0
4095,52.5973,53.0
4096,52.7787,53.0
4097,52.85209,52.0
4098,51.934105,53.0
4099,52.87963,52.0
4100,51.645565,52.0
4101,52.10484,52.0
4102,51.808064,53.0
4103,52.89398,53.0
4104,52.84747,53.0
4105,52.819286,54.0
4106,53.859055,54.0
4107,53.691265,54.0
4108,53.880043,56.0
4109,55.842087,55.0
4110,54.814964,55.0
4111,54.77908,55.0
4112,54.869057,55.0
4113,54.86324,55.0
4114,54.836838,55.0
4115,54.91771,55.0
4116,54.822304,55.0
4117,54.84477,54.0
4118,53.88019,54.0
4119,53.800915,55.0
4120,54.88422,55.0
4121,55.01688,56.0
4122,56.142742,57.0
4123,56.934334,57.0
4124,56.7185,57.0
4125,57.092426,58.0
4126,57.887867,58.0
4127,57.91721,58.0
4128,57.855305,58.0
4129,57.816315,58.0
4130,57.765095,58.0
4131,57.87928,58.0
4132,57.97951,63.0
4133,62.90089,63.0
4134,62.728996,63.0
4135,62.8395,61.99999999999999
4136,61.874588,61.99999999999999
4137,61.86308,61.0
4138,60.94208,61.0
4139,60.890636,61.0
4140,60.892807,61.0
4141,60.820007,61.0
4142,60.72806,61.0
4143,60.695892,61.0
4144,60.71959,60.0
4145,59.928116,61.0
4146,60.866215,60.0
4147,59.675457,60.0
4148,59.485157,60.0
4149,59.31752,61.0
4150,60.62557,60.0
4151,59.617443,59.0
4152,58.67707,56.0
4153,55.849014,55.0
4154,54.838398,54.0
4155,53.817276,53.0
4156,52.7779,70.0
4157,70.0093,70.0
4158,69.820206,70.0
4159,69.7712,70.0
4160,69.972855,70.0
4161,69.97882,70.0
4162,69.91981,70.0
4163,70.10455,69.0
4164,68.930176,68.0
4165,67.91377,68.0
4166,67.992165,68.0
4167,68.07013,67.0
4168,66.84025,66.0
4169,65.52038,65.0
4170,64.57963,64.0
4171,63.680714,64.0
4172,63.520798,63.0
4173,62.741596,64.0
4174,63.60863,64.0
4175,63.7436,64.0
4176,63.854015,64.0
4177,63.799908,63.0
4178,62.71751,63.0
4179,62.680187,63.0
4180,62.7448,38.0
4181,37.93823,37.0
4182,36.823513,36.0
4183,35.8028,35.0
4184,34.787106,33.0
4185,32.709255,32.0
4186,31.752432,33.0
4187,32.82531,32.0
4188,31.514603,30.999999999999996
4189,30.623352,30.999999999999996
4190,30.482166,30.999999999999996
4191,30.66331,32.0
4192,31.944075,33.0
4193,33.1365,32.0
4194,32.411263,33.0
4195,33.602554,34.0
4196,34.79387,35.0
4197,35.80968,37.0
4198,37.813446,37.0
4199,37.647392,39.0
4200,39.465347,40.0
4201,40.1311,40.0
4202,39.74944,41.0
4203,40.62653,43.0
4204,42.704205,69.0
4205,68.86469,69.0
4206,68.918274,69.0
4207,69.0236,69.0
4208,68.98881,68.0
4209,67.914734,69.0
4210,69.133575,69.0
4211,69.12786,70.0
4212,70.16968,70.0
4213,70.09815,71.0
4214,71.18449,70.0
4215,70.072525,70.0
4216,70.0802,71.0
4217,71.0874,72.0
4218,71.94136,72.0
4219,71.51151,71.0
4220,70.56364,72.0
4221,71.807945,72.0
4222,71.65818,71.0
4223,70.61612,71.0
4224,70.73359,72.0
4225,72.026276,71.0
4226,70.83858,70.0
4227,69.838425,70.0
4228,69.91394,56.0
4229,55.818703,57.0
4230,56.82039,58.0
4231,57.78572,58.0
4232,57.757843,59.0
4233,58.79138,59.0
4234,58.77028,60.0
4235,59.82286,61.0
4236,60.79708,61.0
4237,60.758553,60.0
4238,59.742405,60.0
4239,59.771046,60.0
4240,59.808647,60.0
4241,59.835747,60.0
4242,59.855473,59.0
4243,58.59817,59.0
4244,58.705185,58.0
4245,57.58933,58.0
4246,57.707024,57.0
4247,56.698612,57.0
4248,56.76515,57.0
4249,56.96643,58.0
4250,57.87464,58.0
4251,57.85175,58.0
4252,57.82809,69.0
4253,68.9363,68.0
4254,67.93718,68.0
4255,67.91184,67.0
4256,66.93949,67.0
4257,66.9152,66.0
4258,65.94623,66.0
4259,65.97758,65.0
4260,65.007645,65.0
4261,64.92855,65.0
4262,64.89027,64.0
4263,63.826557,63.0
4264,62.89681,61.99999999999999
4265,61.813366,61.0
4266,60.72943,61.0
4267,60.794636,60.0
4268,59.50032,59.0
4269,58.55536,59.0
4270,58.75469,59.0
4271,58.623787,59.0
4272,58.811874,59.0
4273,58.750603,59.0
4274,58.718784,59.0
4275,58.74291,59.0
4276,58.89133,90.0
4277,90.19101,88.0
4278,88.033966,87.0
4279,87.043045,85.0
4280,85.26148,82.0
4281,81.89723,80.0
4282,80.07828,78.0
4283,78.051994,75.0
4284,74.83499,73.0
4285,72.80891,70.0
4286,69.84141,67.0
4287,66.78595,66.0
4288,65.96553,64.0
4289,64.03273,63.0
4290,63.05961,61.99999999999999
4291,61.862267,59.0
4292,58.452614,58.0
4293,57.484337,56.0
4294,55.59298,55.0
4295,54.81817,54.0
4296,53.6247,53.0
4297,52.842686,52.0
4298,51.768078,52.0
4299,51.7533,52.0
4300,51.830723,155.0
4301,158.28056,155.0
4302,158.18019,155.0
4303,157.32854,156.0
4304,159.30692,156.0
4305,159.32733,156.0
4306,159.73967,156.0
4307,160.28905,157.0
4308,162.35365,157.0
4309,160.89676,157.0
4310,159.90343,157.0
4311,157.69353,157.0
4312,154.48375,157.0
4313,152.58937,157.99999999999997
4314,151.67693,159.0
4315,150.81488,160.0
4316,151.37204,161.0
4317,151.7253,162.0
4318,155.82541,163.0
4319,158.62718,164.0
4320,167.28627,164.99999999999997
4321,162.42628,164.99999999999997
4322,166.60962,166.0
4323,168.58646,166.0
4324,168.85837,63.0
4325,62.796886,63.0
4326,62.83667,63.0
4327,62.858406,64.0
4328,63.898067,64.0
4329,63.93255,64.0
4330,63.96381,64.0
4331,63.969063,64.0
4332,64.05215,64.0
4333,63.967022,65.0
4334,64.832146,66.0
4335,65.84629,67.0
4336,66.88178,66.0
4337,65.8584,66.0
4338,65.63367,67.0
4339,66.95087,68.0
4340,68.07793,68.0
4341,67.80362,68.0
4342,67.73632,67.0
4343,66.7374,67.0
4344,66.809235,67.0
4345,66.85176,67.0
4346,66.82287,66.0
4347,65.76115,65.0
4348,64.776924,30.999999999999996
4349,30.294733,30.999999999999996
4350,30.233793,30.0
4351,29.267647,30.0
4352,29.37371,29.0
4353,28.38508,36.0
4354,35.799973,37.0
4355,36.5632,39.0
4356,38.680645,40.0
4357,39.719193,41.0
4358,40.781414,43.0
4359,42.639435,43.0
4360,42.90571,46.0
4361,46.015938,46.99999999999999
4362,47.068836,49.0
4363,49.12055,49.0
4364,49.08779,51.00000000000001
4365,51.059772,51.00000000000001
4366,51.046024,52.0
4367,52.176422,54.0
4368,53.93292,55.0
4369,54.962215,57.0
4370,56.862587,58.0
4371,57.830334,60.0
4372,59.793133,90.0
4373,90.36716,89.0
4374,89.664314,88.0
4375,88.55764,87.0
4376,87.552216,87.0
4377,87.48176,86.0
4378,86.36305,85.0
4379,85.44911,85.0
4380,85.4729,84.0
4381,84.28048,83.0
4382,83.42898,82.0
4383,81.50415,82.0
4384,82.23465,81.0
4385,81.22781,80.0
4386,79.55735,78.99999999999999
4387,78.34225,78.0
4388,76.50161,77.0
4389,75.973755,77.0
4390,75.50833,76.0
4391,74.57212,75.0
4392,74.08431,74.0
4393,73.508484,74.0
4394,73.84582,73.0
4395,72.881035,72.0
4396,71.85642,71.0
4397,70.915634,71.0
4398,70.93622,70.0
4399,69.8305,69.0
4400,68.86991,69.0
4401,68.91361,68.0
4402,67.911835,68.0
4403,67.92963,67.0
4404,66.94943,67.0
4405,66.89858,66.0
4406,65.94464,64.0
4407,63.80046,61.99999999999999
4408,61.88854,61.0
4409,60.844658,61.0
4410,61.086227,60.0
4411,60.04253,60.0
4412,60.055397,60.0
4413,59.97493,60.0
4414,59.75173,60.0
4415,59.84617,60.0
4416,59.744183,60.0
4417,59.817177,60.0
4418,59.722256,61.0
4419,60.731464,61.0
4420,60.737152,61.0
4421,60.744663,61.99999999999999
4422,61.79561,63.0
4423,62.84736,63.0
4424,62.90359,63.0
4425,62.95875,63.0
4426,62.975777,63.0
4427,63.046032,63.0
4428,63.03038,63.0
4429,62.93656,64.0
4430,63.906292,65.0
4431,64.96873,65.0
4432,65.12231,66.0
4433,66.07399,67.0
4434,67.20535,67.0
4435,67.01513,68.0
4436,68.18751,69.0
4437,68.57093,70.0
4438,69.73439,71.0
4439,70.75725,71.0
4440,70.70031,72.0
4441,71.92346,72.0
4442,71.91944,73.0
4443,72.83487,74.0
4444,73.87126,75.0
4445,74.87606,76.0
4446,76.18649,77.0
4447,77.16541,78.0
4448,78.22798,78.99999999999999
4449,79.47609,81.0
4450,81.69085,83.0
4451,83.91741,84.0
4452,85.04714,86.0
4453,87.19523,87.0
4454,88.13857,87.0
4455,87.29538,88.0
4456,88.626144,88.0
4457,88.20035,89.0
4458,88.95227,90.0
4459,87.996124,91.0
4460,87.78865,91.0
4461,87.50127,92.0
4462,89.140945,92.0
4463,91.36578,93.0
4464,93.28565,93.99999999999999
4465,94.8908,95.0
4466,95.65268,96.0
4467,97.10586,97.0
4468,98.147736,97.0
4469,98.12281,97.0
4470,98.322014,97.0
4471,98.601585,97.0
4472,98.5856,97.0
4473,98.68887,97.0
4474,98.81206,96.0
4475,97.6467,96.0
4476,97.77228,95.0
4477,96.406204,96.0
4478,97.724335,97.0
4479,98.558174,97.0
4480,98.08418,97.0
4481,96.901405,97.0
4482,96.16721,97.0
4483,94.81719,96.0
4484,95.36778,96.0
4485,96.80914,95.0
4486,96.17383,95.0
4487,95.80438,93.99999999999999
4488,94.7271,93.0
4489,93.90605,93.0
4490,94.14871,92.0
4491,93.01507,91.0
4492,92.13329,90.0
4493,90.887634,88.0
4494,88.79879,88.0
4495,88.776886,86.0
4496,85.58819,84.0
4497,83.74919,82.0
4498,82.28981,81.0
4499,81.38688,78.99999999999999
4500,79.40321,77.0
4501,76.97414,75.0
4502,75.0791,73.0
4503,72.92075,72.0
4504,72.020905,71.0
4505,71.071884,70.0
4506,69.29148,69.0
4507,68.013954,68.0
4508,66.860344,69.0
4509,67.58335,69.0
4510,68.75564,68.0
4511,67.98759,68.0
4512,67.92463,68.0
4513,67.95193,66.0
4514,65.81401,66.0
4515,65.79332,64.0
4516,63.770264,64.0
4517,63.83275,64.0
4518,63.819866,63.0
4519,62.82602,64.0
4520,63.881573,65.0
4521,64.88713,66.0
4522,65.91111,66.0
4523,65.91362,66.0
4524,65.96162,67.0
4525,66.92936,68.0
4526,67.96597,69.0
4527,68.97293,69.0
4528,69.14167,70.0
4529,70.2509,71.0
4530,70.97813,70.0
4531,69.73178,70.0
4532,70.06265,70.0
4533,69.56823,70.0
4534,69.42306,70.0
4535,69.47869,70.0
4536,69.52419,70.0
4537,69.57047,70.0
4538,69.80547,70.0
4539,69.90098,70.0
4540,69.88217,70.0
4541,69.838234,69.0
4542,68.832535,69.0
4543,68.91776,68.0
4544,67.94644,68.0
4545,67.978455,68.0
4546,67.92905,67.0
4547,66.90067,67.0
4548,67.044716,67.0
4549,66.964775,66.0
4550,65.94531,65.0
4551,64.89019,65.0
4552,64.81983,65.0
4553,64.93437,64.0
4554,63.71646,65.0
4555,64.748535,64.0
4556,63.87382,64.0
4557,63.752262,64.0
4558,63.7844,64.0
4559,63.767715,64.0
4560,63.8121,64.0
4561,63.800682,64.0
4562,63.770607,64.0
4563,63.776344,65.0
4564,64.77639,65.0
4565,64.71598,66.0
4566,65.87177,66.0
4567,65.925705,66.0
4568,65.930374,67.0
4569,66.9605,67.0
4570,66.973274,68.0
4571,68.06159,68.0
4572,68.10657,69.0
4573,69.09118,69.0
4574,69.093605,69.0
4575,69.03207,69.0
4576,68.8087,69.0
4577,68.68703,68.0
4578,67.79222,67.0
4579,66.75419,67.0
4580,66.77519,67.0
4581,66.67509,66.0
4582,65.64729,66.0
4583,65.63425,66.0
4584,65.54722,65.0
4585,64.244835,64.0
4586,63.518757,64.0
4587,63.674385,63.0
4588,62.666584,61.99999999999999
4589,61.64661,61.99999999999999
4590,61.64071,61.99999999999999
4591,61.771263,61.99999999999999
4592,61.799366,61.0
4593,60.836273,61.0
4594,60.82519,60.0
4595,59.85389,60.0
4596,59.890785,59.0
4597,58.82167,58.0
4598,57.879044,57.0
4599,56.758823,58.0
4600,57.78971,57.0
4601,56.65888,57.0
4602,56.849834,57.0
4603,56.6736,57.0
4604,56.765633,57.0
4605,56.623146,57.0
4606,56.696983,56.0
4607,55.67186,56.0
4608,55.58911,56.0
4609,55.598885,56.0
4610,55.70583,56.0
4611,55.734795,56.0
4612,55.759876,56.0
4613,55.730103,57.0
4614,56.77466,58.0
4615,57.85648,59.0
4616,58.80046,59.0
4617,58.800476,60.0
4618,59.8053,60.0
4619,59.827984,60.0
4620,59.86717,60.0
4621,59.86475,61.0
4622,60.90893,61.99999999999999
4623,62.006485,61.99999999999999
4624,62.02779,61.99999999999999
4625,61.84993,63.0
4626,62.93118,63.0
4627,62.974625,64.0
4628,63.812485,64.0
4629,63.90294,65.0
4630,64.75745,65.0
4631,64.755035,65.0
4632,64.38441,66.0
4633,65.47496,66.0
4634,65.56132,66.0
4635,65.365524,66.0
4636,64.96774,66.0
4637,65.559685,65.0
4638,64.83339,64.0
4639,63.79647,64.0
4640,63.841297,64.0
4641,63.934288,65.0
4642,65.00543,67.0
4643,67.06052,68.0
4644,68.01888,68.0
4645,67.952805,68.0
4646,67.84438,67.0
4647,66.366455,67.0
4648,66.44296,67.0
4649,66.40022,66.0
4650,65.27184,66.0
4651,65.35559,65.0
4652,64.56743,65.0
4653,64.67987,64.0
4654,63.63329,64.0
4655,63.720676,64.0
4656,63.57983,64.0
4657,63.487423,64.0
4658,63.546307,64.0
4659,63.253796,64.0
4660,63.563946,64.0
4661,63.832253,65.0
4662,64.825264,66.0
4663,65.83083,66.0
4664,65.90359,66.0
4665,65.960594,65.0
4666,64.92482,65.0
4667,64.9724,64.0
4668,63.96568,64.0
4669,63.819614,63.0
4670,62.72062,64.0
4671,63.825375,64.0
4672,63.88422,64.0
4673,63.861988,64.0
4674,63.791286,65.0
4675,64.92233,65.0
4676,64.84166,65.0
4677,64.77316,67.0
4678,66.90083,67.0
4679,66.84984,68.0
4680,67.90002,69.0
4681,68.81008,70.0
4682,69.91149,70.0
4683,69.868126,71.0
4684,70.93235,72.0
4685,71.95858,72.0
4686,71.98014,72.0
4687,72.05255,72.0
4688,72.092514,72.0
4689,72.1527,72.0
4690,72.182335,72.0
4691,72.15998,72.0
4692,72.24591,73.0
4693,73.03415,74.0
4694,74.158806,75.0
4695,75.17145,75.0
4696,75.06831,76.0
4697,76.11298,77.0
4698,76.87763,78.0
4699,77.74059,78.99999999999999
4700,78.904655,80.0
4701,79.40396,81.0
4702,81.04774,82.0
4703,82.225914,83.0
4704,83.248436,84.0
4705,84.48764,85.0
4706,85.51508,86.0
4707,86.58551,87.0
4708,87.751465,88.0
4709,88.84288,90.0
4710,91.17625,90.0
4711,91.10103,91.0
4712,92.3468,92.0
4713,93.42079,93.0
4714,94.46103,93.0
4715,94.41683,93.99999999999999
4716,95.21762,95.0
4717,96.43947,96.0
4718,97.59455,96.0
4719,98.38226,97.0
4720,96.886536,97.0
4721,96.36776,98.0
4722,96.58706,99.0
4723,96.60421,99.0
4724,95.75485,99.0
4725,95.68679,100.0
4726,96.5602,102.00000000000001
4727,99.30686,104.0
4728,101.07084,100.0
4729,98.91319,100.0
4730,99.275475,100.0
4731,101.053986,99.0
4732,100.29594,99.0
4733,100.15594,98.0
4734,99.36222,98.0
4735,99.25125,98.0
4736,99.513535,98.0
4737,99.53854,97.0
4738,98.43997,97.0
4739,98.189575,97.0
4740,98.16934,96.0
4741,96.9127,95.0
4742,95.69525,95.0
4743,96.38973,95.0
4744,95.42281,95.0
4745,94.68461,95.0
4746,93.19987,95.0
4747,92.63528,95.0
4748,92.65206,95.0
4749,91.84133,95.0
4750,91.66959,95.0
4751,91.751945,96.0
4752,93.18587,97.0
4753,94.76538,99.0
4754,97.57274,99.0
4755,98.67497,100.0
4756,100.867386,101.0
4757,101.822556,100.0
4758,101.231636,105.0
4759,106.66391,110.0
4760,111.46877,120.0
4761,121.255714,130.0
4762,131.40369,141.0
4763,143.04749,151.00000000000003
4764,154.92207,151.00000000000003
4765,154.15297,152.0
4766,155.22452,152.0
4767,152.6475,153.0
4768,150.03024,153.0
4769,147.35083,154.0
4770,146.82983,154.0
4771,145.56192,154.0
4772,144.30426,154.0
4773,144.18248,155.0
4774,145.62746,155.0
4775,144.6044,155.0
4776,154.01695,155.0
4777,154.95332,154.0
4778,154.80484,154.0
4779,158.66795,155.0
4780,158.50421,155.0
4781,158.1007,155.0
4782,157.09012,155.0
4783,157.39221,154.0
4784,156.2545,154.0
4785,156.39175,154.0
4786,154.91864,153.0
4787,152.08264,153.0
4788,156.1831,152.0
4789,155.0243,152.0
4790,154.70897,151.00000000000003
4791,153.68892,149.0
4792,150.4273,136.0
4793,134.96982,129.0
4794,126.03949,128.0
4795,121.21026,119.0
4796,111.21603,107.0
4797,101.28041,100.0
4798,99.32269,99.0
4799,98.71129,98.0
4800,98.50017,97.0
4801,97.58351,96.0
4802,97.02081,95.0
4803,96.32139,95.0
4804,96.21002,53.0
4805,52.78119,53.0
4806,52.790905,54.0
4807,53.929966,54.0
4808,53.92249,54.0
4809,53.9248,54.0
4810,53.95437,54.0
4811,53.905804,54.0
4812,53.883812,54.0
4813,53.862392,55.0
4814,54.88375,55.0
4815,54.83708,55.0
4816,54.888424,55.0
4817,54.8565,56.0
4818,55.855003,56.0
4819,55.85005,56.0
4820,55.871086,56.0
4821,55.809883,56.0
4822,55.684746,55.0
4823,54.64458,55.0
4824,54.693348,57.0
4825,56.921783,57.0
4826,56.79821,58.0
4827,57.757347,58.0
4828,57.787205,58.0
4829,57.89126,57.0
4830,56.867687,57.0
4831,56.839054,57.0
4832,56.85846,57.0
4833,56.86561,57.0
4834,56.86121,58.0
4835,57.88105,58.0
4836,57.958397,58.0
4837,57.908203,58.0
4838,57.893044,58.0
4839,57.827747,58.0
4840,57.759926,58.0
4841,57.814396,56.0
4842,55.672375,56.0
4843,55.70292,56.0
4844,55.80389,56.0
4845,55.839207,56.0
4846,55.981133,57.0
4847,57.05422,57.0
4848,56.95769,58.0
4849,57.79177,58.0
4850,57.797314,59.0
4851,58.80163,59.0
4852,58.78632,53.0
4853,52.79404,54.0
4854,53.81453,54.0
4855,53.816364,54.0
4856,53.82446,55.0
4857,54.82536,55.0
4858,54.86452,55.0
4859,54.89298,55.0
4860,54.87649,55.0
4861,54.876877,55.0
4862,54.84826,55.0
4863,54.77732,55.0
4864,54.792046,55.0
4865,55.038586,54.0
4866,53.628784,55.0
4867,54.88861,55.0
4868,55.078506,56.0
4869,56.28059,57.0
4870,56.963806,57.0
4871,57.141598,59.0
4872,59.147522,60.0
4873,59.84289,61.99999999999999
4874,61.856224,63.0
4875,62.869587,64.0
4876,63.835716,63.0
4877,62.83599,63.0
4878,62.78757,63.0
4879,62.886536,64.0
4880,63.892727,64.0
4881,63.87693,64.0
4882,63.87555,64.0
4883,63.99591,66.0
4884,66.11044,66.0
4885,65.97329,66.0
4886,65.98932,67.0
4887,67.18772,67.0
4888,67.01743,68.0
4889,67.862434,68.0
4890,67.506424,69.0
4891,68.090935,70.0
4892,69.230705,69.0
4893,68.11386,70.0
4894,69.55822,71.0
4895,70.41256,106.0
4896,103.57137,100.0
4897,98.68962,87.0
4898,86.88802,78.0
4899,78.385,85.0
4900,86.42732,44.0
4901,43.678192,46.99999999999999
4902,46.78535,49.0
4903,48.81747,50.0
4904,49.77419,51.00000000000001
4905,50.877407,52.0
4906,51.878857,52.0
4907,51.853325,53.0
4908,52.84163,53.0
4909,52.831444,53.0
4910,52.622776,54.0
4911,53.619736,54.0
4912,53.780907,55.0
4913,54.983116,55.0
4914,55.01464,55.0
4915,54.95731,56.0
4916,56.059296,56.0
4917,55.826286,56.0
4918,55.846455,56.0
4919,56.00924,57.0
4920,56.902435,57.0
4921,56.911896,57.0
4922,56.85881,57.0
4923,56.80821,57.0
4924,56.798626,68.0
4925,67.84642,67.0
4926,66.82477,66.0
4927,65.80999,65.0
4928,64.77569,65.0
4929,64.80067,64.0
4930,63.90371,63.0
4931,62.840412,63.0
4932,62.91877,61.99999999999999
4933,61.831814,61.0
4934,60.79829,61.99999999999999
4935,61.781746,61.99999999999999
4936,61.96764,60.0
4937,59.758945,59.0
4938,58.893936,59.0
4939,58.66014,59.0
4940,58.8734,59.0
4941,58.885178,60.0
4942,60.132843,59.0
4943,58.657265,59.0
4944,58.87065,58.0
4945,57.99367,58.0
4946,57.811295,58.0
4947,57.75389,58.0
4948,57.904884,58.0
4949,57.76409,58.0
4950,57.76649,60.0
4951,59.788456,61.0
4952,60.774586,61.0
4953,60.781048,60.0
4954,59.916256,59.0
4955,58.863197,58.0
4956,57.869183,58.0
4957,57.804848,57.0
4958,56.796585,57.0
4959,56.721947,57.0
4960,56.756847,56.0
4961,55.700676,56.0
4962,55.656425,56.0
4963,55.74432,55.0
4964,54.677174,55.0
4965,54.633465,55.0
4966,54.83435,55.0
4967,54.55655,55.0
4968,54.89002,54.0
4969,53.558563,53.0
4970,52.7505,52.0
4971,51.671696,51.00000000000001
4972,50.810184,59.0
4973,58.821827,58.0
4974,57.822987,59.0
4975,58.80611,59.0
4976,58.818966,58.0
4977,57.859398,58.0
4978,57.841507,58.0
4979,57.808422,58.0
4980,57.79573,57.0
4981,56.630634,56.0
4982,55.770252,55.0
4983,54.837284,54.0
4984,53.894962,54.0
4985,53.873676,54.0
4986,53.766476,54.0
4987,53.682594,54.0
4988,53.65285,54.0
4989,53.70158,54.0
4990,53.895542,54.0
4991,53.976406,55.0
4992,54.95884,55.0
4993,54.63417,54.0
4994,53.841515,55.0
4995,54.855,55.0
4996,54.844334,50.0
4997,49.70755,48.0
4998,47.603783,48.0
4999,47.8953,46.0
5000,45.791862,46.99999999999999
5001,46.833855,44.0
5002,43.694946,43.0
5003,42.81061,44.0
5004,43.842403,43.0
5005,42.78438,41.0
5006,40.677917,39.0
5007,38.54085,35.0
5008,34.60107,35.0
5009,35.172363,33.0
5010,33.38689,33.0
5011,33.666584,35.0
5012,35.72051,38.0
5013,38.384922,42.0
5014,42.325172,42.0
5015,42.041576,45.0
5016,45.17313,49.0
5017,49.11127,53.0
5018,52.89159,54.0
5019,53.79405,56.0
5020,55.772667,167.0
5021,169.78339,167.0
5022,169.43794,167.99999999999997
5023,170.58449,167.99999999999997
5024,171.01225,167.99999999999997
5025,170.98447,167.99999999999997
5026,170.78601,167.99999999999997
5027,171.31505,167.99999999999997
5028,172.91635,167.99999999999997
5029,171.61087,168.99999999999997
5030,171.82384,168.99999999999997
5031,171.55501,167.99999999999997
5032,170.4735,167.0
5033,163.96227,166.0
5034,160.52563,164.0
5035,154.62866,162.0
5036,150.94174,160.0
5037,148.34679,157.99999999999997
5038,150.64198,156.0
5039,148.72774,155.0
5040,157.31456,153.0
5041,153.01727,152.0
5042,152.59291,149.0
5043,150.30513,116.0
5044,115.94683,64.0
5045,63.765564,64.0
5046,63.833107,64.0
5047,63.87891,63.0
5048,62.879772,63.0
5049,62.87574,63.0
5050,62.887207,63.0
5051,62.947163,63.0
5052,63.09276,61.99999999999999
5053,61.963497,61.99999999999999
5054,61.85639,61.0
5055,60.85564,60.0
5056,59.57914,61.0
5057,61.020428,61.99999999999999
5058,61.658993,60.0
5059,59.69786,59.0
5060,58.667515,59.0
5061,58.752945,59.0
5062,58.648064,59.0
5063,58.723415,59.0
5064,58.756023,59.0
5065,58.854256,59.0
5066,58.84203,59.0
5067,58.867573,59.0
5068,58.710163,61.99999999999999
5069,61.78869,65.0
5070,64.839424,67.0
5071,66.92413,69.0
5072,69.02372,71.0
5073,71.21163,71.0
5074,71.27514,73.0
5075,73.39406,74.0
5076,74.356766,75.0
5077,75.42793,76.0
5078,76.50391,77.0
5079,77.42578,78.0
5080,78.57456,80.0
5081,80.09175,81.0
5082,81.15681,81.0
5083,80.85223,82.0
5084,81.736496,83.0
5085,82.86012,83.0
5086,83.22373,83.0
5087,83.1458,84.0
5088,84.435875,84.0
5089,84.49181,85.0
5090,85.636185,86.0
5091,86.6792,86.0
5092,86.54625,61.99999999999999
5093,61.723347,61.99999999999999
5094,61.742672,63.0
5095,62.800297,64.0
5096,63.919376,64.0
5097,63.939384,65.0
5098,64.96834,65.0
5099,65.01649,66.0
5100,66.01848,67.0
5101,67.00261,67.0
5102,67.01451,68.0
5103,68.042305,69.0
5104,69.09818,70.0
5105,70.179825,71.0
5106,71.09155,70.0
5107,69.93265,71.0
5108,70.87764,71.0
5109,70.62691,73.0
5110,72.15036,90.0
5111,86.51954,97.0
5112,95.067566,90.0
5113,90.2409,78.0
5114,77.70641,78.99999999999999
5115,78.6779,78.99999999999999
5116,78.87577,80.0
5117,80.02655,81.0
5118,81.02434,82.0
5119,82.16476,83.0
5120,83.25279,84.0
5121,84.389114,86.0
5122,86.705505,87.0
5123,88.00069,89.0
5124,90.1321,90.0
5125,91.10802,91.0
5126,92.29112,92.0
5127,92.71753,92.0
5128,92.495445,92.0
5129,91.97369,93.0
5130,91.85615,93.99999999999999
5131,91.49547,93.99999999999999
5132,91.26423,93.99999999999999
5133,90.8241,93.0
5134,90.51533,92.0
5135,90.08336,92.0
5136,92.503944,91.0
5137,89.87264,91.0
5138,90.87862,91.0
5139,90.87123,91.0
5140,90.90529,90.0
5141,90.177246,90.0
5142,90.72661,90.0
5143,90.675545,89.0
5144,89.67023,88.0
5145,88.66223,87.0
5146,87.274796,86.0
5147,85.29962,85.0
5148,84.92443,84.0
5149,83.8292,82.0
5150,82.085205,81.0
5151,81.046616,80.0
5152,79.864044,80.0
5153,79.69523,78.0
5154,77.663795,77.0
5155,76.70109,77.0
5156,76.21308,76.0
5157,75.388794,76.0
5158,74.833,76.0
5159,75.1157,75.0
5160,74.67678,75.0
5161,74.53699,74.0
5162,73.6713,73.0
5163,72.70289,73.0
5164,72.69063,73.0
5165,72.93837,73.0
5166,73.19705,72.0
5167,72.10324,72.0
5168,71.98265,72.0
5169,71.74546,71.0
5170,70.51961,70.0
5171,69.64786,69.0
5172,68.81237,69.0
5173,68.752045,68.0
5174,67.789444,67.0
5175,66.66584,66.0
5176,65.56407,65.0
5177,64.762115,64.0
5178,63.66938,63.0
5179,62.666084,63.0
5180,62.90832,63.0
5181,62.865253,63.0
5182,61.990173,63.0
5183,62.587624,63.0
5184,63.015987,64.0
5185,63.957157,66.0
5186,66.007385,67.0
5187,66.90584,68.0
5188,67.93276,68.0
5189,67.94874,68.0
5190,67.98768,68.0
5191,68.036194,68.0
5192,67.98135,69.0
5193,69.06674,70.0
5194,70.18649,71.0
5195,71.03379,73.0
5196,73.18594,73.0
5197,72.78881,73.0
5198,72.719696,74.0
5199,73.801735,75.0
5200,74.74314,76.0
5201,75.61084,78.0
5202,77.51032,78.99999999999999
5203,77.930725,80.0
5204,78.99585,81.0
5205,79.18472,82.0
5206,80.345116,83.0
5207,81.86984,83.0
5208,81.83036,83.0
5209,82.68583,84.0
5210,84.16182,84.0
5211,84.033,85.0
5212,85.25393,86.0
5213,86.386604,88.0
5214,88.73801,89.0
5215,90.08846,91.0
5216,92.13217,92.0
5217,93.413246,93.0
5218,94.762726,93.99999999999999
5219,95.665054,93.99999999999999
5220,95.43146,96.0
5221,97.4653,98.0
5222,99.749084,100.0
5223,101.31538,114.0
5224,113.86887,127.0
5225,123.873924,137.0
5226,131.64722,143.0
5227,135.34584,151.00000000000003
5228,141.27853,151.00000000000003
5229,139.64223,146.0
5230,142.02878,134.0
5231,131.83432,123.99999999999999
5232,121.92035,113.0
5233,112.7817,103.0
5234,102.7774,99.0
5235,98.63784,98.0
5236,97.99639,97.0
5237,97.04535,95.0
5238,95.0199,93.0
5239,92.896935,91.0
5240,91.11053,90.0
5241,90.335594,89.0
5242,89.63358,88.0
5243,88.41471,87.0
5244,87.36164,86.0
5245,86.35925,85.0
5246,85.30141,85.0
5247,85.44126,84.0
5248,84.170944,83.0
5249,83.2597,82.0
5250,82.03409,81.0
5251,81.008026,80.0
5252,78.14537,80.0
5253,76.97893,81.0
5254,79.752525,82.0
5255,81.23211,82.0
5256,81.41535,82.0
5257,81.72311,82.0
5258,81.673515,83.0
5259,82.94416,83.0
5260,83.034004,84.0
5261,84.29415,83.0
5262,83.12718,84.0
5263,84.79399,84.0
5264,84.31178,84.0
5265,84.52602,83.0
5266,83.618385,83.0
5267,83.52106,83.0
5268,83.600655,82.0
5269,82.27986,81.0
5270,81.18739,81.0
5271,80.98645,80.0
5272,79.81432,78.0
5273,77.51733,77.0
5274,76.63784,76.0
5275,75.53745,75.0
5276,74.10895,73.0
5277,72.38461,71.0
5278,70.49003,72.0
5279,71.58133,72.0
5280,71.90783,71.0
5281,70.803635,71.0
5282,70.600716,71.0
5283,70.40678,69.0
5284,68.29185,68.0
5285,67.69972,68.0
5286,67.69622,66.0
5287,65.715385,66.0
5288,65.74587,65.0
5289,64.7767,65.0
5290,64.80446,64.0
5291,63.85933,64.0
5292,63.91848,63.0
5293,62.82546,61.99999999999999
5294,61.81261,61.99999999999999
5295,61.829967,61.0
5296,60.804142,61.99999999999999
5297,61.816135,61.0
5298,60.67314,61.0
5299,60.80874,61.0
5300,60.86108,61.0
5301,60.770477,60.0
5302,59.87372,60.0
5303,59.78121,59.0
5304,58.80173,59.0
5305,58.782036,60.0
5306,59.74947,60.0
5307,59.7878,61.0
5308,60.83076,61.0
5309,60.81185,61.99999999999999
5310,61.83148,61.99999999999999
5311,61.848568,61.99999999999999
5312,61.896942,61.99999999999999
5313,61.942524,63.0
5314,63.013542,63.0
5315,62.996574,63.0
5316,63.02108,63.0
5317,62.944965,63.0
5318,62.89886,61.99999999999999
5319,61.869358,61.0
5320,60.81065,61.0
5321,60.801937,61.0
5322,60.650406,61.0
5323,60.958843,61.0
5324,60.80854,61.0
5325,60.58179,61.0
5326,60.67759,61.0
5327,60.821674,61.0
5328,60.80746,61.0
5329,60.836533,60.0
5330,59.851162,60.0
5331,59.94336,59.0
5332,58.805153,59.0
5333,58.85745,58.0
5334,57.778088,57.0
5335,56.79307,57.0
5336,56.81637,56.0
5337,55.88562,56.0
5338,55.921486,56.0
5339,55.91865,56.0
5340,55.929134,55.0
5341,54.910236,55.0
5342,54.873024,56.0
5343,55.802177,56.0
5344,55.80471,56.0
5345,55.84893,57.0
5346,57.168648,57.0
5347,56.93852,57.0
5348,56.781086,58.0
5349,58.12951,58.0
5350,57.846134,57.0
5351,56.860786,57.0
5352,56.803093,56.0
5353,55.888226,56.0
5354,55.837162,56.0
5355,55.841183,56.0
5356,55.77974,56.0
5357,55.777832,57.0
5358,56.821922,57.0
5359,56.822666,58.0
5360,57.875248,58.0
5361,57.898956,57.0
5362,56.8995,57.0
5363,56.955536,57.0
5364,56.982346,57.0
5365,56.92373,58.0
5366,57.783257,57.0
5367,56.584866,58.0
5368,58.023624,58.0
5369,57.76938,58.0
5370,57.954357,58.0
5371,57.92213,58.0
5372,58.073082,56.0
5373,55.864388,56.0
5374,55.902733,56.0
5375,55.88057,56.0
5376,55.826122,57.0
5377,56.783287,57.0
5378,56.805782,57.0
5379,56.812737,57.0
5380,56.818035,57.0
5381,56.81494,57.0
5382,56.821228,57.0
5383,56.889538,57.0
5384,56.903126,57.0
5385,56.92838,57.0
5386,56.937405,57.0
5387,56.93457,57.0
5388,56.97962,57.0
5389,56.961033,57.0
5390,56.856087,58.0
5391,57.890717,58.0
5392,57.941776,58.0
5393,57.74196,57.0
5394,56.661236,56.0
5395,55.67995,56.0
5396,55.91898,56.0
5397,55.82905,56.0
5398,55.903866,57.0
5399,56.819794,57.0
5400,56.811123,57.0
5401,56.78093,57.0
5402,56.750748,58.0
5403,57.771988,58.0
5404,57.903545,58.0
5405,57.811626,58.0
5406,57.828598,58.0
5407,57.857132,58.0
5408,57.867985,58.0
5409,57.90836,58.0
5410,57.886784,58.0
5411,57.926025,58.0
5412,57.938488,58.0
5413,57.902306,57.0
5414,56.814877,57.0
5415,56.87212,56.0
5416,55.857025,57.0
5417,56.92782,57.0
5418,56.946194,58.0
5419,57.665173,57.0
5420,56.676506,57.0
5421,56.876602,57.0
5422,56.90596,57.0
5423,56.764706,57.0
5424,56.83778,56.0
5425,55.82446,57.0
5426,56.76351,56.0
5427,55.748596,56.0
5428,55.780983,56.0
5429,55.785557,57.0
5430,56.820187,57.0
5431,56.8116,57.0
5432,56.85485,57.0
5433,56.867992,57.0
5434,56.87939,57.0
5435,56.92939,58.0
5436,57.934544,58.0
5437,57.91384,58.0
5438,57.853455,59.0
5439,58.88327,59.0
5440,58.852295,60.0
5441,60.199615,60.0
5442,59.982227,61.0
5443,61.078773,61.99999999999999
5444,62.080578,63.0
5445,62.839836,64.0
5446,63.014347,66.0
5447,65.96651,67.0
5448,66.75818,68.0
5449,67.86427,68.0
5450,67.802795,69.0
5451,68.857796,70.0
5452,69.91014,71.0
5453,70.87207,71.0
5454,70.878105,72.0
5455,71.91475,73.0
5456,73.01731,74.0
5457,74.139366,74.0
5458,74.135704,75.0
5459,75.26592,76.0
5460,76.363556,77.0
5461,77.380165,78.0
5462,78.55312,78.0
5463,78.34888,78.0
5464,78.37549,78.0
5465,78.51563,78.99999999999999
5466,79.44588,78.0
5467,77.68161,78.99999999999999
5468,77.84038,78.99999999999999
5469,78.15278,78.0
5470,77.14028,77.0
5471,76.59852,77.0
5472,76.60228,77.0
5473,76.77224,76.0
5474,75.80244,76.0
5475,75.76841,75.0
5476,74.55243,75.0
5477,74.95402,74.0
5478,73.956375,74.0
5479,73.95261,73.0
5480,72.96166,72.0
5481,71.99876,72.0
5482,72.017555,71.0
5483,71.0929,70.0
5484,70.09512,69.0
5485,68.93322,68.0
5486,67.98415,67.0
5487,66.95083,67.0
5488,67.04473,67.0
5489,66.97513,65.0
5490,64.543465,65.0
5491,64.79839,63.0
5492,62.644676,64.0
5493,63.71381,64.0
5494,63.651844,63.0
5495,62.723854,63.0
5496,62.765194,61.99999999999999
5497,61.806652,61.99999999999999
5498,61.789425,61.99999999999999
5499,61.632076,61.99999999999999
5500,61.635067,61.0
5501,60.68932,60.0
5502,59.73963,60.0
5503,59.746235,60.0
5504,59.81272,60.0
5505,59.8191,60.0
5506,59.82956,60.0
5507,59.865864,60.0
5508,59.936264,59.0
5509,58.83131,59.0
5510,58.860348,59.0
5511,58.891018,58.0
5512,57.82817,58.0
5513,57.88579,58.0
5514,57.783405,58.0
5515,57.88052,59.0
5516,58.7577,58.0
5517,57.881336,58.0
5518,57.84882,58.0
5519,57.736145,58.0
5520,57.783775,58.0
5521,57.808903,58.0
5522,57.801476,58.0
5523,57.774902,58.0
5524,57.712307,58.0
5525,57.784992,58.0
5526,57.773346,59.0
5527,58.79422,59.0
5528,58.817997,59.0
5529,58.867947,60.0
5530,59.875694,60.0
5531,59.90403,60.0
5532,59.96579,60.0
5533,59.947266,61.0
5534,60.89559,61.99999999999999
5535,61.96423,61.99999999999999
5536,61.839767,61.99999999999999
5537,61.82932,61.99999999999999
5538,61.85073,61.99999999999999
5539,61.974674,63.0
5540,63.170128,63.0
5541,63.00581,64.0
5542,63.90794,66.0
5543,65.82377,67.0
5544,66.67113,67.0
5545,66.74796,66.0
5546,65.5747,66.0
5547,65.643166,66.0
5548,65.78364,59.0
5549,58.759678,59.0
5550,58.80366,59.0
5551,58.800133,59.0
5552,58.87221,59.0
5553,58.861637,59.0
5554,58.857048,59.0
5555,58.847775,58.0
5556,57.84145,58.0
5557,57.82845,58.0
5558,57.866383,59.0
5559,58.937912,59.0
5560,58.826492,59.0
5561,58.761234,59.0
5562,58.85074,59.0
5563,58.706387,59.0
5564,58.66902,59.0
5565,58.559513,60.0
5566,59.700005,60.0
5567,59.82093,60.0
5568,59.71852,58.0
5569,57.850304,58.0
5570,57.845676,58.0
5571,57.838066,57.0
5572,56.815887,60.0
5573,59.76359,61.0
5574,60.842896,61.99999999999999
5575,61.812515,61.99999999999999
5576,61.806305,61.99999999999999
5577,61.736595,61.99999999999999
5578,61.86414,61.99999999999999
5579,62.03419,61.99999999999999
5580,62.048378,61.0
5581,60.945103,61.0
5582,60.931316,61.0
5583,60.911137,60.0
5584,59.898716,60.0
5585,59.824,60.0
5586,59.59254,61.0
5587,60.726994,60.0
5588,59.54068,60.0
5589,59.819637,60.0
5590,59.875687,59.0
5591,58.88608,58.0
5592,57.86751,56.0
5593,55.93614,56.0
5594,55.840603,55.0
5595,54.785645,55.0
5596,54.80333,66.0
5597,65.942665,67.0
5598,67.0157,68.0
5599,68.057755,69.0
5600,69.28409,70.0
5601,70.28326,70.0
5602,69.986755,70.0
5603,70.25136,71.0
5604,71.20675,73.0
5605,73.29794,73.0
5606,73.14658,73.0
5607,73.17449,73.0
5608,73.11029,73.0
5609,73.34633,74.0
5610,73.94005,75.0
5611,75.56364,76.0
5612,76.57258,76.0
5613,76.14352,77.0
5614,76.690216,77.0
5615,76.70412,75.0
5616,74.54793,74.0
5617,73.57358,73.0
5618,72.79571,74.0
5619,74.17974,72.0
5620,71.82854,87.0
5621,87.83242,88.0
5622,88.50353,90.0
5623,91.131,91.0
5624,92.0145,92.0
5625,93.0116,93.0
5626,93.96623,93.99999999999999
5627,95.54788,93.99999999999999
5628,95.49445,95.0
5629,95.962135,95.0
5630,96.08313,95.0
5631,96.14099,96.0
5632,97.723206,98.0
5633,98.698975,99.0
5634,98.03038,100.0
5635,96.85974,114.0
5636,107.19857,123.99999999999999
5637,114.34287,151.00000000000003
5638,140.74109,161.0
5639,160.67834,154.0
5640,154.12474,140.0
5641,139.29964,116.0
5642,116.42829,99.0
5643,99.845,95.0
5644,95.91755,58.0
5645,57.786976,58.0
5646,57.79257,58.0
5647,57.786522,59.0
5648,58.791847,59.0
5649,58.777023,59.0
5650,58.787045,60.0
5651,59.818405,60.0
5652,59.835167,61.0
5653,60.835808,61.0
5654,60.837196,61.0
5655,60.903156,61.99999999999999
5656,61.891663,61.99999999999999
5657,61.9356,61.99999999999999
5658,61.95641,61.99999999999999
5659,62.097355,61.99999999999999
5660,61.70563,63.0
5661,62.44097,63.0
5662,62.5113,63.0
5663,62.723686,63.0
5664,62.73798,63.0
5665,62.59315,63.0
5666,62.751144,64.0
5667,63.799423,64.0
5668,63.762783,58.0
5669,57.804565,59.0
5670,58.84901,60.0
5671,59.8376,60.0
5672,59.839138,61.0
5673,60.894516,60.0
5674,59.940834,61.0
5675,60.93329,61.0
5676,60.92701,61.0
5677,60.849503,61.0
5678,60.869465,61.0
5679,60.89919,61.99999999999999
5680,62.057957,63.0
5681,63.02872,64.0
5682,64.17742,64.0
5683,63.63889,64.0
5684,63.977337,64.0
5685,64.03422,64.0
5686,63.892944,65.0
5687,65.14384,65.0
5688,64.98832,66.0
5689,65.97489,67.0
5690,66.92473,67.0
5691,66.848175,68.0
5692,67.90703,49.0
5693,48.541733,45.0
5694,44.941944,38.0
5695,37.84195,30.999999999999996
5696,30.87065,27.0
5697,26.888056,28.0
5698,28.02444,27.0
5699,26.903395,27.0
5700,26.709608,27.0
5701,26.680939,28.0
5702,27.547665,27.0
5703,26.460512,27.0
5704,26.628546,27.0
5705,26.61454,27.0
5706,26.715418,29.0
5707,29.327578,28.0
5708,28.297552,30.999999999999996
5709,31.921953,33.0
5710,33.83377,38.0
5711,38.635475,41.0
5712,41.28284,42.0
5713,42.085213,42.0
5714,41.989334,40.0
5715,39.98998,37.0
5716,36.83656,56.0
5717,55.880634,56.0
5718,55.85267,56.0
5719,55.77567,57.0
5720,56.774323,57.0
5721,56.77555,58.0
5722,57.803955,58.0
5723,57.853416,58.0
5724,57.837185,59.0
5725,58.77087,60.0
5726,59.830315,61.0
5727,60.94346,61.99999999999999
5728,61.97433,61.99999999999999
5729,61.980965,63.0
5730,62.768307,63.0
5731,62.58304,63.0
5732,62.555622,64.0
5733,63.163986,63.0
5734,62.63459,63.0
5735,62.8241,64.0
5736,63.790943,64.0
5737,63.804058,64.0
5738,63.718124,64.0
5739,63.74855,64.0
5740,63.78313,57.0
5741,56.791447,58.0
5742,57.882137,59.0
5743,58.95201,61.0
5744,61.012524,61.99999999999999
5745,61.98743,63.0
5746,63.00785,65.0
5747,65.0556,66.0
5748,66.025314,67.0
5749,66.89747,68.0
5750,68.05971,70.0
5751,70.16477,72.0
5752,72.14742,73.0
5753,73.13007,74.0
5754,74.068146,75.0
5755,74.57666,76.0
5756,74.976974,77.0
5757,75.28353,78.0
5758,76.17471,80.0
5759,77.97646,82.0
5760,80.200226,83.0
5761,82.07689,82.0
5762,81.726425,83.0
5763,83.288376,84.0
5764,84.53544,98.0
5765,98.76141,93.99999999999999
5766,94.3497,90.0
5767,90.3068,86.0
5768,86.407875,83.0
5769,83.54992,81.0
5770,81.48568,78.0
5771,78.34298,75.0
5772,75.27875,72.0
5773,72.03701,68.0
5774,67.95186,66.0
5775,66.03784,63.0
5776,63.009216,61.99999999999999
5777,62.00755,61.0
5778,60.858776,60.0
5779,59.81437,60.0
5780,59.80689,60.0
5781,59.702393,84.0
5782,81.410286,104.0
5783,100.91485,84.0
5784,82.89008,64.0
5785,63.75662,60.0
5786,59.926292,60.0
5787,59.9743,60.0
5788,59.8247,59.0
5789,58.69125,58.0
5790,57.810413,58.0
5791,57.83626,58.0
5792,57.823933,58.0
5793,57.785038,58.0
5794,57.785683,58.0
5795,57.774376,58.0
5796,57.847286,58.0
5797,57.786163,58.0
5798,57.81364,57.0
5799,56.751865,57.0
5800,56.68604,56.0
5801,55.760746,55.0
5802,54.638065,55.0
5803,54.872097,56.0
5804,55.9095,56.0
5805,55.86784,55.0
5806,54.781254,55.0
5807,54.65952,56.0
5808,55.82451,55.0
5809,54.096355,55.0
5810,54.43146,54.0
5811,53.70577,54.0
5812,53.648514,86.0
5813,86.8601,86.0
5814,86.789116,86.0
5815,86.82054,86.0
5816,86.86283,85.0
5817,85.925125,85.0
5818,86.040764,85.0
5819,85.895164,85.0
5820,85.90428,85.0
5821,85.90512,85.0
5822,85.898506,86.0
5823,86.6175,86.0
5824,86.8016,85.0
5825,85.377625,85.0
5826,85.18969,86.0
5827,85.99171,86.0
5828,84.12365,87.0
5829,86.556435,87.0
5830,86.58553,87.0
5831,87.305786,86.0
5832,86.21244,86.0
5833,86.37411,85.0
5834,85.206924,84.0
5835,84.33284,83.0
5836,83.40838,61.99999999999999
5837,61.85836,61.99999999999999
5838,61.89986,61.99999999999999
5839,61.894176,61.99999999999999
5840,61.940666,61.0
5841,60.96454,63.0
5842,63.06014,63.0
5843,62.98463,63.0
5844,63.06169,64.0
5845,63.99909,64.0
5846,63.96886,65.0
5847,65.0085,65.0
5848,64.79685,65.0
5849,64.86454,64.0
5850,63.758785,64.0
5851,63.94966,65.0
5852,64.91476,65.0
5853,64.65831,65.0
5854,64.53958,65.0
5855,64.69411,64.0
5856,63.77921,65.0
5857,64.69897,65.0
5858,64.82379,65.0
5859,64.8477,63.0
5860,62.775024,63.0
5861,62.8368,61.99999999999999
5862,61.824047,61.0
5863,60.815746,60.0
5864,59.842945,60.0
5865,59.87449,59.0
5866,58.971893,59.0
5867,58.866447,59.0
5868,58.89063,59.0
5869,58.812878,59.0
5870,58.835842,60.0
5871,59.811054,60.0
5872,59.755943,59.0
5873,58.449005,59.0
5874,58.6737,58.0
5875,57.56892,57.0
5876,56.66563,57.0
5877,56.77534,58.0
5878,57.88878,58.0
5879,57.781902,59.0
5880,58.87505,60.0
5881,59.681522,59.0
5882,58.699318,59.0
5883,58.780834,59.0
5884,58.75867,59.0
5885,58.77222,59.0
5886,58.811676,58.0
5887,57.7893,58.0
5888,57.82274,57.0
5889,56.823643,57.0
5890,56.861797,57.0
5891,56.921032,57.0
5892,56.96601,56.0
5893,55.830025,56.0
5894,55.777225,55.0
5895,54.824497,54.0
5896,53.650448,55.0
5897,54.721024,55.0
5898,54.866467,56.0
5899,55.69261,56.0
5900,55.870255,56.0
5901,55.834877,56.0
5902,55.758137,55.0
5903,54.69971,55.0
5904,54.772633,54.0
5905,53.93252,54.0
5906,53.86539,53.0
5907,52.84762,52.0
5908,51.769356,51.00000000000001
5909,50.864117,51.00000000000001
5910,50.84243,51.00000000000001
5911,50.881348,51.00000000000001
5912,50.93158,52.0
5913,51.909237,51.00000000000001
5914,50.89713,50.0
5915,49.961605,48.0
5916,47.989616,48.0
5917,47.948475,48.0
5918,47.675896,46.0
5919,45.607037,46.0
5920,45.810303,46.99999999999999
5921,46.94072,48.0
5922,48.062668,46.99999999999999
5923,46.987804,49.0
5924,49.215714,52.0
5925,52.589577,53.0
5926,53.1795,53.0
5927,52.84083,53.0
5928,52.817818,53.0
5929,52.815186,54.0
5930,53.874287,54.0
5931,53.671688,55.0
5932,54.676254,55.0
5933,54.70406,55.0
5934,54.756218,57.0
5935,56.770294,58.0
5936,57.7693,58.0
5937,57.815426,59.0
5938,58.83609,60.0
5939,59.889652,61.0
5940,60.94989,61.99999999999999
5941,61.938713,63.0
5942,62.809505,65.0
5943,64.76639,65.0
5944,64.68243,66.0
5945,65.863884,66.0
5946,65.707855,66.0
5947,65.594376,67.0
5948,66.85651,66.0
5949,65.763695,66.0
5950,65.5479,67.0
5951,66.499245,67.0
5952,66.61484,66.0
5953,65.708885,66.0
5954,65.82399,66.0
5955,65.78319,65.0
5956,64.83554,65.0
5957,64.89341,65.0
5958,64.852394,64.0
5959,63.89193,64.0
5960,63.98277,63.0
5961,63.01798,61.0
5962,60.95305,61.0
5963,61.03051,61.0
5964,61.0634,60.0
5965,60.01581,59.0
5966,58.868984,58.0
5967,57.75532,57.0
5968,56.7319,57.0
5969,56.707275,56.0
5970,55.905025,56.0
5971,56.028526,55.0
5972,54.711815,54.0
5973,53.75348,54.0
5974,53.647434,54.0
5975,54.025024,53.0
5976,52.70635,54.0
5977,53.835423,54.0
5978,53.844143,55.0
5979,54.747757,54.0
5980,53.595287,54.0
5981,53.676083,55.0
5982,54.84471,55.0
5983,54.805225,55.0
5984,54.810463,55.0
5985,54.80749,55.0
5986,54.810863,55.0
5987,54.812344,55.0
5988,54.857506,55.0
5989,54.872913,55.0
5990,54.773483,55.0
5991,54.71746,56.0
5992,55.88799,56.0
5993,55.704227,56.0
5994,55.708637,56.0
5995,55.81624,57.0
5996,56.774193,56.0
5997,55.86697,56.0
5998,55.90263,55.0
5999,54.990696,55.0
6000,54.78541,54.0
6001,53.694992,54.0
6002,53.889954,54.0
6003,53.765797,55.0
6004,54.84462,55.0
6005,54.824142,55.0
6006,54.79804,55.0
6007,54.77623,56.0
6008,55.815666,56.0
6009,55.83449,56.0
6010,55.80765,56.0
6011,55.841545,56.0
6012,55.8688,56.0
6013,55.873127,56.0
6014,55.75731,57.0
6015,56.82981,56.0
6016,55.72818,55.0
6017,54.775032,55.0
6018,54.78295,55.0
6019,54.840973,56.0
6020,55.85105,56.0
6021,55.879948,57.0
6022,56.790737,57.0
6023,56.752117,57.0
6024,56.703278,57.0
6025,56.71811,57.0
6026,56.709415,58.0
6027,57.723003,57.0
6028,56.652058,57.0
6029,56.688385,57.0
6030,56.771233,57.0
6031,56.846912,57.0
6032,56.85168,56.0
6033,55.852688,56.0
6034,55.863186,57.0
6035,56.881218,57.0
6036,56.880672,57.0
6037,56.92085,57.0
6038,56.764572,57.0
6039,56.71838,57.0
6040,56.72215,57.0
6041,56.781197,58.0
6042,57.85722,58.0
6043,57.77779,58.0
6044,57.842773,58.0
6045,57.80312,58.0
6046,57.883343,58.0
6047,57.781403,59.0
6048,58.78121,59.0
6049,58.768562,58.0
6050,57.734486,58.0
6051,57.763798,58.0
6052,57.80268,58.0
6053,57.714092,58.0
6054,57.812588,58.0
6055,57.9023,57.0
6056,56.993847,57.0
6057,56.987263,56.0
6058,55.92112,56.0
6059,55.903862,55.0
6060,54.941906,55.0
6061,54.87944,54.0
6062,53.832947,54.0
6063,53.6672,54.0
6064,53.72134,54.0
6065,53.735203,55.0
6066,54.963573,55.0
6067,54.896164,55.0
6068,54.97234,56.0
6069,55.88064,55.0
6070,54.957478,55.0
6071,54.857967,55.0
6072,54.845913,54.0
6073,53.76306,55.0
6074,54.797253,55.0
6075,54.808117,54.0
6076,53.805428,54.0
6077,53.736298,54.0
6078,53.85721,53.0
6079,52.939953,54.0
6080,53.910255,54.0
6081,53.88892,54.0
6082,53.837296,54.0
6083,53.84187,54.0
6084,53.884987,54.0
6085,53.8299,54.0
6086,53.850243,54.0
6087,53.871536,55.0
6088,54.811794,55.0
6089,54.714287,54.0
6090,53.70407,53.0
6091,52.80769,53.0
6092,53.00692,53.0
6093,52.995914,53.0
6094,52.878025,53.0
6095,52.828793,52.0
6096,51.83904,52.0
6097,51.99436,52.0
6098,52.135296,51.00000000000001
6099,51.084442,51.00000000000001
6100,50.96453,52.0
6101,51.953243,52.0
6102,51.917698,52.0
6103,51.951057,52.0
6104,51.964867,52.0
6105,51.946423,52.0
6106,51.88771,52.0
6107,51.981262,52.0
6108,51.9881,52.0
6109,51.906017,53.0
6110,52.93509,53.0
6111,52.856747,53.0
6112,52.869728,54.0
6113,53.83562,55.0
6114,55.024143,55.0
6115,54.8391,55.0
6116,54.89867,54.0
6117,53.77621,54.0
6118,53.772846,54.0
6119,53.77817,55.0
6120,54.999844,56.0
6121,55.983456,56.0
6122,55.876476,57.0
6123,56.79732,58.0
6124,57.822647,58.0
6125,57.757423,59.0
6126,58.804035,59.0
6127,58.704456,59.0
6128,58.737595,59.0
6129,58.73533,59.0
6130,58.7677,59.0
6131,58.73982,59.0
6132,58.862392,59.0
6133,58.79216,59.0
6134,58.82679,59.0
6135,58.802208,59.0
6136,58.91845,58.0
6137,57.88402,58.0
6138,57.7403,58.0
6139,57.721478,58.0
6140,57.757385,58.0
6141,57.93218,59.0
6142,58.82824,59.0
6143,58.835083,59.0
6144,58.74289,58.0
6145,57.823826,58.0
6146,57.79849,58.0
6147,57.788403,57.0
6148,56.750847,57.0
6149,56.874855,56.0
6150,55.8184,56.0
6151,55.86305,56.0
6152,55.83965,56.0
6153,55.88424,56.0
6154,55.83828,56.0
6155,55.843334,56.0
6156,55.879158,56.0
6157,55.866444,55.0
6158,54.794346,54.0
6159,53.764748,53.0
6160,52.711136,53.0
6161,52.57273,52.0
6162,51.8507,51.00000000000001
6163,50.791813,49.0
6164,48.672768,48.0
6165,47.9333,46.99999999999999
6166,46.857838,44.0
6167,43.733383,43.0
6168,42.711452,42.0
6169,41.688927,40.0
6170,39.73012,39.0
6171,38.72518,39.0
6172,38.58589,37.0
6173,36.470222,38.0
6174,37.755577,37.0
6175,36.68406,36.0
6176,35.740154,33.0
6177,32.736122,30.999999999999996
6178,30.787663,32.0
6179,31.8265,32.0
6180,31.76027,30.0
6181,29.590685,30.999999999999996
6182,30.468813,32.0
6183,31.4552,32.0
6184,31.58485,32.0
6185,31.765158,32.0
6186,32.166286,35.0
6187,35.43862,37.0
6188,37.46421,38.0
6189,38.251587,40.0
6190,40.230076,41.0
6191,41.008724,42.0
6192,41.991447,45.0
6193,44.971684,46.99999999999999
6194,47.030067,49.0
6195,48.930317,51.00000000000001
6196,50.88815,52.0
6197,51.83118,52.0
6198,51.85998,52.0
6199,51.883034,52.0
6200,51.885586,52.0
6201,51.89308,52.0
6202,51.909702,52.0
6203,51.931515,53.0
6204,52.99648,53.0
6205,52.934265,53.0
6206,52.867588,53.0
6207,52.598114,53.0
6208,52.685493,53.0
6209,52.699757,53.0
6210,52.64247,52.0
6211,51.80839,52.0
6212,51.99116,51.00000000000001
6213,50.75226,46.99999999999999
6214,46.658367,46.99999999999999
6215,46.819794,48.0
6216,47.81495,44.0
6217,43.545227,42.0
6218,41.565678,39.0
6219,38.59609,36.0
6220,35.451485,36.0
6221,35.59346,34.0
6222,33.364437,33.0
6223,32.361603,32.0
6224,31.433395,32.0
6225,31.44083,33.0
6226,32.48456,32.0
6227,31.46946,32.0
6228,31.528837,32.0
6229,31.53077,30.999999999999996
6230,30.42396,32.0
6231,31.62592,30.999999999999996
6232,30.452608,30.999999999999996
6233,30.857828,33.0
6234,33.052185,34.0
6235,34.123833,33.0
6236,33.105427,35.0
6237,35.4597,36.0
6238,36.583115,36.0
6239,36.639103,38.0
6240,38.176933,36.0
6241,35.480854,37.0
6242,36.33339,36.0
6243,35.38622,37.0
6244,36.528927,38.0
6245,37.698425,39.0
6246,38.54654,42.0
6247,41.78495,44.0
6248,43.705162,44.0
6249,43.69355,44.0
6250,43.591637,46.99999999999999
6251,46.85035,50.0
6252,49.868443,52.0
6253,51.831993,52.0
6254,51.7651,53.0
6255,52.88598,55.0
6256,54.972187,55.0
6257,54.7238,55.0
6258,54.576424,54.0
6259,53.692726,54.0
6260,53.902817,55.0
6261,54.86241,54.0
6262,53.65798,54.0
6263,53.60925,54.0
6264,53.850563,55.0
6265,54.718662,55.0
6266,54.727318,55.0
6267,54.810345,55.0
6268,54.78194,57.0
6269,56.815926,57.0
6270,56.838585,57.0
6271,56.8377,57.0
6272,56.8306,57.0
6273,56.88038,57.0
6274,56.893314,57.0
6275,56.863285,58.0
6276,57.892033,58.0
6277,57.844025,57.0
6278,56.805435,57.0
6279,56.805733,56.0
6280,55.719315,56.0
6281,55.766655,56.0
6282,55.94743,57.0
6283,56.896606,57.0
6284,56.83944,57.0
6285,56.726116,57.0
6286,56.60399,57.0
6287,56.938095,57.0
6288,56.89924,57.0
6289,56.95623,58.0
6290,57.95862,58.0
6291,57.96693,59.0
6292,58.988033,55.0
6293,54.868412,54.0
6294,53.844467,54.0
6295,53.85677,53.0
6296,52.92706,53.0
6297,52.95431,53.0
6298,52.955223,53.0
6299,52.97524,52.0
6300,51.935066,52.0
6301,51.920708,52.0
6302,51.944977,52.0
6303,51.776848,52.0
6304,51.799583,52.0
6305,51.99865,52.0
6306,52.12447,51.00000000000001
6307,51.181747,51.00000000000001
6308,51.17012,52.0
6309,52.19255,52.0
6310,52.13263,52.0
6311,52.135307,52.0
6312,52.157017,52.0
6313,52.303146,51.00000000000001
6314,51.13494,49.0
6315,49.055798,48.0
6316,48.097034,70.0
6317,69.901306,68.0
6318,67.903465,68.0
6319,67.88556,67.0
6320,66.999756,66.0
6321,66.043945,66.0
6322,65.883316,66.0
6323,66.12785,65.0
6324,64.96289,64.0
6325,63.973698,64.0
6326,64.00863,63.0
6327,62.969963,63.0
6328,62.7571,61.99999999999999
6329,61.84266,63.0
6330,62.84883,61.0
6331,60.85657,60.0
6332,59.976814,59.0
6333,58.25926,58.0
6334,57.89338,58.0
6335,58.003845,58.0
6336,57.97017,57.0
6337,56.832176,57.0
6338,56.826607,56.0
6339,55.811577,57.0
6340,56.81036,93.99999999999999
6341,94.893875,93.99999999999999
6342,94.88154,92.0
6343,92.83451,92.0
6344,92.95597,91.0
6345,91.800224,91.0
6346,91.72584,92.0
6347,93.57002,90.0
6348,90.76698,90.0
6349,90.61921,90.0
6350,90.67062,90.0
6351,90.76663,91.0
6352,92.17297,90.0
6353,89.429474,90.0
6354,89.03485,90.0
6355,86.88505,90.0
6356,87.087776,90.0
6357,87.39895,89.0
6358,86.87989,89.0
6359,87.00839,88.0
6360,86.7192,88.0
6361,86.96591,88.0
6362,87.66839,88.0
6363,88.143456,87.0
6364,87.36274,64.0
6365,63.75475,64.0
6366,63.815414,64.0
6367,63.849876,64.0
6368,63.831352,64.0
6369,63.940414,64.0
6370,63.910835,64.0
6371,63.867645,64.0
6372,63.90066,63.0
6373,62.799488,63.0
6374,62.836926,63.0
6375,62.82547,61.99999999999999
6376,61.862305,61.99999999999999
6377,61.90107,61.0
6378,60.498398,61.0
6379,60.588757,61.0
6380,60.879444,61.0
6381,60.801617,60.0
6382,59.202194,60.0
6383,59.661495,60.0
6384,59.601646,61.0
6385,60.781067,61.0
6386,60.70871,61.0
6387,60.70927,61.0
6388,60.741043,68.0
6389,67.87971,68.0
6390,67.94214,68.0
6391,67.92313,67.0
6392,66.76765,66.0
6393,65.710365,66.0
6394,65.78451,65.0
6395,64.68481,64.0
6396,63.750675,64.0
6397,63.72401,64.0
6398,63.689213,63.0
6399,62.740566,61.99999999999999
6400,61.94947,61.0
6401,60.994427,60.0
6402,59.753452,61.0
6403,61.08362,61.0
6404,61.103493,61.0
6405,60.83536,60.0
6406,59.844532,59.0
6407,59.039165,59.0
6408,58.855022,58.0
6409,57.94367,57.0
6410,56.91375,57.0
6411,56.806957,56.0
6412,55.91022,37.0
6413,36.76128,37.0
6414,36.804867,38.0
6415,37.789883,39.0
6416,38.726707,40.0
6417,39.82924,41.0
6418,40.854523,41.0
6419,40.84789,43.0
6420,42.898304,44.0
6421,43.82106,45.0
6422,44.764088,46.99999999999999
6423,46.675713,49.0
6424,48.921764,50.0
6425,49.890537,49.0
6426,48.71244,46.99999999999999
6427,46.879787,46.99999999999999
6428,46.857716,45.0
6429,44.92821,44.0
6430,43.960754,42.0
6431,42.102142,40.0
6432,39.945187,40.0
6433,39.867443,41.0
6434,40.805557,42.0
6435,41.767445,44.0
6436,43.943134,64.0
6437,63.754932,64.0
6438,63.75209,64.0
6439,63.80081,64.0
6440,63.82491,63.0
6441,62.819775,63.0
6442,62.84364,63.0
6443,62.853603,63.0
6444,62.902164,63.0
6445,62.808414,63.0
6446,62.843323,64.0
6447,64.09137,64.0
6448,63.91223,63.0
6449,62.72336,64.0
6450,63.755573,64.0
6451,63.52467,64.0
6452,63.76757,63.0
6453,62.660835,63.0
6454,62.570656,61.99999999999999
6455,61.6182,61.0
6456,60.701714,61.0
6457,60.83242,61.0
6458,60.834064,61.0
6459,60.81661,61.0
6460,60.819717,85.0
6461,85.66396,87.0
6462,87.83133,88.0
6463,88.91643,88.0
6464,88.86705,89.0
6465,89.91044,89.0
6466,89.81898,90.0
6467,91.02185,91.0
6468,91.9969,91.0
6469,91.79898,92.0
6470,93.40599,93.0
6471,94.540054,93.99999999999999
6472,94.19574,95.0
6473,93.74998,96.0
6474,94.045975,96.0
6475,93.78339,96.0
6476,93.66671,96.0
6477,93.400246,95.0
6478,92.37483,93.99999999999999
6479,92.359116,93.99999999999999
6480,91.6205,93.0
6481,91.217476,93.0
6482,92.00309,92.0
6483,91.267105,91.0
6484,90.99882,60.0
6485,59.96779,60.0
6486,59.90516,60.0
6487,59.833145,60.0
6488,59.805645,59.0
6489,58.84018,58.0
6490,57.789513,58.0
6491,57.8125,57.0
6492,56.836956,57.0
6493,56.786793,57.0
6494,56.740444,57.0
6495,56.757004,58.0
6496,57.95882,58.0
6497,57.917854,58.0
6498,57.937344,59.0
6499,59.05599,59.0
6500,58.715977,60.0
6501,59.353687,60.0
6502,59.925858,60.0
6503,59.74962,61.0
6504,60.735516,61.0
6505,60.75348,61.0
6506,60.75123,61.0
6507,60.736946,61.99999999999999
6508,61.733326,55.0
6509,54.82671,56.0
6510,55.7926,58.0
6511,57.788586,59.0
6512,58.796577,60.0
6513,59.900986,60.0
6514,60.04378,60.0
6515,59.914074,59.0
6516,58.94333,60.0
6517,59.95166,59.0
6518,58.989323,59.0
6519,58.92442,59.0
6520,58.945972,59.0
6521,58.913902,61.0
6522,61.02637,61.0
6523,60.930664,60.0
6524,59.645267,60.0
6525,59.668903,60.0
6526,59.58802,59.0
6527,58.803062,59.0
6528,58.790207,59.0
6529,58.71646,59.0
6530,58.74987,60.0
6531,59.776325,61.99999999999999
6532,61.893852,81.0
6533,81.16651,80.0
6534,80.24975,78.99999999999999
6535,79.28562,78.99999999999999
6536,79.32594,78.0
6537,78.16791,77.0
6538,77.40096,77.0
6539,77.19822,77.0
6540,77.29016,77.0
6541,77.3599,76.0
6542,76.26669,76.0
6543,76.14774,76.0
6544,76.16632,77.0
6545,76.977196,77.0
6546,76.92136,77.0
6547,77.11761,76.0
6548,75.856766,75.0
6549,74.799225,75.0
6550,74.80709,74.0
6551,73.77867,73.0
6552,72.82287,73.0
6553,72.8162,73.0
6554,72.860016,73.0
6555,72.94858,72.0
6556,71.8586,73.0
6557,73.073524,73.0
6558,72.7843,74.0
6559,74.21408,74.0
6560,74.0995,74.0
6561,74.16139,72.0
6562,72.076416,72.0
6563,72.13633,72.0
6564,72.297516,72.0
6565,72.29139,71.0
6566,71.089165,72.0
6567,72.131485,71.0
6568,71.121216,69.0
6569,68.818245,68.0
6570,67.95278,69.0
6571,69.10851,68.0
6572,67.39226,68.0
6573,67.590416,68.0
6574,67.71996,68.0
6575,67.777985,68.0
6576,67.748726,68.0
6577,67.7299,68.0
6578,67.78827,67.0
6579,66.76651,68.0
6580,67.827095,66.0
6581,65.74723,66.0
6582,65.90941,65.0
6583,64.91611,65.0
6584,64.95888,64.0
6585,63.9328,64.0
6586,63.965916,63.0
6587,62.97228,61.99999999999999
6588,61.920647,61.0
6589,60.958324,60.0
6590,60.011467,59.0
6591,58.976963,58.0
6592,57.897167,58.0
6593,57.744385,58.0
6594,58.00564,57.0
6595,56.945507,57.0
6596,56.846718,57.0
6597,57.16646,57.0
6598,57.13822,57.0
6599,57.102318,56.0
6600,55.915646,56.0
6601,55.90478,55.0
6602,54.85084,55.0
6603,54.892483,54.0
6604,53.90936,56.0
6605,55.958214,54.0
6606,53.876316,54.0
6607,53.950535,53.0
6608,52.95665,53.0
6609,52.97423,53.0
6610,52.992886,53.0
6611,53.00508,53.0
6612,53.005093,53.0
6613,53.030933,54.0
6614,54.034702,54.0
6615,53.90442,54.0
6616,53.890743,54.0
6617,53.84964,54.0
6618,53.997658,53.0
6619,52.936207,53.0
6620,52.864105,53.0
6621,53.09805,51.00000000000001
6622,50.910778,49.0
6623,49.044044,50.0
6624,49.88719,49.0
6625,48.891758,50.0
6626,49.85329,52.0
6627,51.942593,51.00000000000001
6628,50.907253,46.0
6629,45.864265,46.99999999999999
6630,46.977345,44.0
6631,43.838963,46.0
6632,46.021904,46.0
6633,45.988163,45.0
6634,44.897873,45.0
6635,44.99079,44.0
6636,44.006176,44.0
6637,43.99486,43.0
6638,42.962845,42.0
6639,41.93054,40.0
6640,39.7395,38.0
6641,37.631145,35.0
6642,34.86209,34.0
6643,34.11887,40.0
6644,40.75477,39.0
6645,39.147667,42.0
6646,42.079056,43.0
6647,43.166,46.0
6648,46.56275,51.00000000000001
6649,51.15411,52.0
6650,52.036556,53.0
6651,52.97789,55.0
6652,54.937244,58.0
6653,57.978916,60.0
6654,60.038357,61.99999999999999
6655,62.11144,64.0
6656,64.22436,66.0
6657,66.307274,68.0
6658,68.42304,69.0
6659,69.40438,71.0
6660,71.47879,72.0
6661,72.46912,74.0
6662,74.566444,75.0
6663,75.45603,77.0
6664,77.376236,78.0
6665,78.322,78.0
6666,78.44948,80.0
6667,80.642685,78.99999999999999
6668,79.75169,80.0
6669,80.38551,80.0
6670,80.25885,80.0
6671,80.27082,80.0
6672,80.606834,78.99999999999999
6673,79.42998,78.0
6674,78.38304,78.0
6675,78.42785,77.0
6676,77.36028,76.0
6677,76.37865,75.0
6678,75.22099,74.0
6679,74.34381,73.0
6680,73.31959,72.0
6681,72.04334,71.0
6682,71.05666,71.0
6683,71.04005,71.0
6684,71.16435,71.0
6685,71.15336,72.0
6686,72.46704,72.0
6687,72.41256,72.0
6688,72.46333,72.0
6689,72.16093,72.0
6690,72.53814,73.0
6691,73.528625,73.0
6692,73.58133,74.0
6693,73.00023,74.0
6694,72.93629,75.0
6695,74.33946,75.0
6696,74.925705,76.0
6697,76.06528,76.0
6698,75.93484,76.0
6699,76.21661,76.0
6700,76.17459,75.0
6701,75.232,77.0
6702,77.46229,77.0
6703,77.44582,76.0
6704,76.41016,77.0
6705,77.4825,77.0
6706,77.45533,77.0
6707,77.42517,77.0
6708,77.485794,77.0
6709,77.539116,76.0
6710,76.62023,75.0
6711,75.53012,75.0
6712,75.51139,75.0
6713,75.28743,74.0
6714,74.400536,73.0
6715,73.53943,74.0
6716,74.72502,73.0
6717,73.05376,73.0
6718,73.016205,72.0
6719,71.982376,72.0
6720,72.125565,72.0
6721,72.25701,72.0
6722,72.24828,72.0
6723,72.21353,71.0
6724,71.0421,71.0
6725,71.25957,70.0
6726,70.17347,70.0
6727,70.20802,69.0
6728,69.15285,68.0
6729,68.13863,67.0
6730,67.110596,67.0
6731,67.11711,66.0
6732,66.12128,66.0
6733,66.15948,65.0
6734,65.12846,66.0
6735,66.19433,65.0
6736,65.19878,65.0
6737,65.07899,65.0
6738,64.59873,65.0
6739,64.8116,65.0
6740,64.99076,65.0
6741,64.94564,65.0
6742,64.992805,65.0
6743,64.98302,64.0
6744,64.00931,64.0
6745,63.99912,63.0
6746,62.959778,63.0
6747,63.058678,63.0
6748,62.885063,63.0
6749,63.11423,65.0
6750,65.250015,65.0
6751,65.09319,65.0
6752,65.1156,65.0
6753,65.1382,64.0
6754,64.08948,64.0
6755,64.146576,63.0
6756,63.165894,63.0
6757,63.1731,61.99999999999999
6758,62.193966,61.99999999999999
6759,62.192482,61.99999999999999
6760,61.972473,61.99999999999999
6761,62.01423,61.99999999999999
6762,61.855774,61.99999999999999
6763,62.178722,61.99999999999999
6764,62.094063,61.0
6765,60.868633,61.0
6766,61.12989,61.0
6767,61.00481,60.0
6768,59.914135,60.0
6769,59.835175,59.0
6770,58.7642,59.0
6771,58.792202,59.0
6772,58.870464,58.0
6773,57.84678,56.0
6774,55.8726,56.0
6775,55.915672,55.0
6776,54.96875,55.0
6777,54.922394,56.0
6778,55.952732,56.0
6779,55.99608,55.0
6780,54.93177,56.0
6781,55.975246,56.0
6782,55.939793,56.0
6783,55.882294,56.0
6784,55.970802,55.0
6785,54.868412,55.0
6786,54.73372,53.0
6787,52.88055,54.0
6788,54.47132,55.0
6789,55.337025,54.0
6790,53.933945,54.0
6791,54.00343,54.0
6792,53.769608,54.0
6793,53.870472,54.0
6794,53.90196,53.0
6795,52.845917,53.0
6796,52.78415,54.0
6797,53.81154,53.0
6798,52.843513,53.0
6799,52.836197,53.0
6800,52.789375,53.0
6801,52.939598,53.0
6802,52.799973,53.0
6803,52.88332,53.0
6804,52.72743,54.0
6805,53.991768,54.0
6806,53.841724,54.0
6807,53.863667,53.0
6808,52.70534,53.0
6809,52.90731,54.0
6810,53.83826,54.0
6811,53.546787,53.0
6812,52.96515,52.0
6813,52.15539,53.0
6814,52.893967,52.0
6815,52.06898,52.0
6816,52.10522,52.0
6817,52.030792,52.0
6818,52.079113,52.0
6819,52.07344,52.0
6820,52.02569,52.0
6821,51.803566,52.0
6822,51.916576,52.0
6823,51.97789,53.0
6824,52.968838,53.0
6825,52.982616,54.0
6826,53.94738,55.0
6827,54.893097,56.0
6828,55.982563,56.0
6829,55.96843,56.0
6830,55.97182,57.0
6831,57.008778,59.0
6832,58.98561,59.0
6833,58.994488,61.0
6834,61.270184,63.0
6835,63.36862,63.0
6836,62.848007,63.0
6837,63.02539,64.0
6838,63.845303,65.0
6839,64.9763,66.0
6840,66.00034,67.0
6841,67.181625,69.0
6842,69.30673,70.0
6843,70.27027,71.0
6844,71.25939,73.0
6845,73.34532,74.0
6846,74.3879,75.0
6847,75.54732,76.0
6848,76.52174,77.0
6849,77.65998,78.0
6850,78.65479,78.0
6851,78.778694,78.99999999999999
6852,79.842804,78.99999999999999
6853,79.78695,78.99999999999999
6854,79.84436,81.0
6855,82.118126,81.0
6856,82.05841,82.0
6857,82.89386,82.0
6858,82.65863,81.0
6859,81.45979,81.0
6860,81.18859,81.0
6861,81.3971,81.0
6862,81.60321,81.0
6863,81.37583,81.0
6864,81.53726,80.0
6865,80.34387,78.99999999999999
6866,79.21018,78.0
6867,78.432526,78.0
6868,78.20136,77.0
6869,77.28549,76.0
6870,76.12259,75.0
6871,74.91891,74.0
6872,73.93425,73.0
6873,73.07766,73.0
6874,73.09838,72.0
6875,72.227325,72.0
6876,72.27597,72.0
6877,72.19099,71.0
6878,71.238945,71.0
6879,71.349434,70.0
6880,70.278366,70.0
6881,70.13041,68.0
6882,68.08137,68.0
6883,68.09903,69.0
6884,68.95496,70.0
6885,70.2028,70.0
6886,70.024734,70.0
6887,70.077774,69.0
6888,68.933624,69.0
6889,68.97686,70.0
6890,69.99462,70.0
6891,70.08546,71.0
6892,71.12123,70.0
6893,70.0308,70.0
6894,70.03578,71.0
6895,71.12651,72.0
6896,72.140305,72.0
6897,72.24401,73.0
6898,73.21995,72.0
6899,72.247826,72.0
6900,72.277,71.0
6901,71.149475,71.0
6902,71.17671,70.0
6903,70.14703,70.0
6904,70.28384,69.0
6905,69.2766,69.0
6906,68.735596,69.0
6907,69.1971,68.0
6908,67.7127,67.0
6909,67.06386,66.0
6910,65.43863,66.0
6911,66.047676,65.0
6912,64.56663,64.0
6913,63.65697,63.0
6914,62.688625,61.0
6915,60.67382,60.0
6916,59.777493,59.0
6917,58.675102,59.0
6918,58.708614,57.0
6919,56.62733,56.0
6920,55.636105,55.0
6921,54.709957,54.0
6922,53.77868,53.0
6923,52.75161,52.0
6924,51.806267,52.0
6925,51.870136,50.0
6926,49.677254,46.99999999999999
6927,46.544823,43.0
6928,42.724762,41.0
6929,40.698437,41.0
6930,40.545017,37.0
6931,36.661037,37.0
6932,36.682888,33.0
6933,32.88584,34.0
6934,33.943737,32.0
6935,31.664743,33.0
6936,32.375584,33.0
6937,32.275665,34.0
6938,33.129364,34.0
6939,33.1888,33.0
6940,32.001396,33.0
6941,32.216087,33.0
6942,32.370983,35.0
6943,34.494274,36.0
6944,35.500217,34.0
6945,33.346943,33.0
6946,32.373238,33.0
6947,32.4593,34.0
6948,33.56175,34.0
6949,33.529236,34.0
6950,33.365288,36.0
6951,35.514828,36.0
6952,35.624435,34.0
6953,33.638355,33.0
6954,32.718544,36.0
6955,36.11159,38.0
6956,37.937798,38.0
6957,37.7297,41.0
6958,40.821526,42.0
6959,41.600445,43.0
6960,42.655262,44.0
6961,43.673,43.0
6962,42.58677,43.0
6963,42.679348,43.0
6964,42.557823,42.0
6965,41.512093,42.0
6966,41.67235,40.0
6967,39.539642,38.0
6968,37.40449,39.0
6969,38.568207,40.0
6970,39.521004,40.0
6971,39.661186,41.0
6972,40.78944,42.0
6973,41.80733,42.0
6974,41.666798,41.0
6975,40.62159,43.0
6976,42.609596,46.99999999999999
6977,46.78106,51.00000000000001
6978,50.79043,49.0
6979,48.641735,48.0
6980,47.75318,48.0
6981,47.93468,46.0
6982,45.8952,45.0
6983,44.70702,43.0
6984,42.773678,41.0
6985,40.485893,41.0
6986,40.52684,43.0
6987,42.626778,43.0
6988,42.526146,45.0
6989,44.649582,45.0
6990,44.709225,46.0
6991,45.727726,48.0
6992,47.852486,48.0
6993,47.901352,49.0
6994,48.847824,48.0
6995,47.807617,46.99999999999999
6996,46.889645,46.99999999999999
6997,46.923985,46.99999999999999
6998,46.940483,45.0
6999,44.611515,44.0
7000,43.723816,42.0
7001,41.96215,40.0
7002,40.133957,42.0
7003,42.05379,44.0
7004,44.044758,45.0
7005,44.901043,46.0
7006,45.943092,48.0
7007,48.03731,50.0
7008,49.941093,52.0
7009,51.857067,52.0
7010,51.83542,52.0
7011,51.795483,53.0
