,prediction,actual
0,64.45784,65.0
1,64.56155,65.0
2,64.592186,65.0
3,64.24188,64.0
4,63.283978,64.0
5,63.660355,64.0
6,63.56979,65.0
7,64.390594,65.0
8,64.52844,65.0
9,64.47489,65.0
10,64.68218,65.0
11,64.58193,65.0
12,64.28253,65.0
13,64.23285,65.0
14,64.574165,65.0
15,64.57991,65.0
16,64.34737,64.0
17,62.853752,64.0
18,62.751114,63.0
19,62.032413,62.0
20,60.945698,62.0
21,61.00563,61.0
22,59.851654,61.0
23,60.10313,61.0
24,60.428143,60.0
25,59.442917,60.0
26,59.42721,60.0
27,59.4305,60.0
28,59.39077,60.0
29,59.60633,60.0
30,59.450607,60.0
31,59.39022,59.0
32,58.464706,59.0
33,58.454414,59.0
34,58.50895,58.0
35,57.451324,58.0
36,57.58687,58.0
37,57.45211,57.0
38,56.686733,57.0
39,56.70233,57.0
40,56.45095,57.0
41,56.591667,57.0
42,55.848183,57.0
43,56.393562,57.0
44,56.167816,57.0
45,56.84923,57.0
46,56.69577,57.0
47,56.25455,57.0
48,56.995495,58.0
49,57.658844,58.0
50,57.48447,59.0
51,58.45424,59.0
52,58.436108,60.0
53,59.68911,60.0
54,59.61579,60.0
55,59.544033,60.0
56,59.663296,61.0
57,60.34122,61.0
58,60.59565,61.0
59,60.52344,61.0
60,60.745296,62.0
61,61.44263,62.0
62,61.412685,62.0
63,60.86118,62.0
64,61.078106,62.0
65,60.694275,61.0
66,60.135365,61.0
67,60.15589,61.0
68,60.13505,61.0
69,60.180126,61.0
70,60.368343,61.0
71,60.388115,61.0
72,60.46638,60.0
73,59.41438,60.0
74,59.4069,59.0
75,58.423832,59.0
76,58.621376,58.0
77,57.694416,58.0
78,57.62314,59.0
79,58.314976,59.0
80,58.31858,60.0
81,59.30881,60.0
82,59.64432,60.0
83,59.31845,61.0
84,60.64141,61.0
85,60.31064,61.0
86,60.52729,61.0
87,60.436188,62.0
88,60.87397,62.0
89,60.74376,62.0
90,61.18656,62.0
91,60.860302,62.0
92,61.295063,62.0
93,60.990868,62.0
94,61.441998,62.0
95,61.01599,62.0
96,61.36869,62.0
97,61.383743,62.0
98,61.39478,62.0
99,61.643486,62.0
100,61.609547,62.0
101,61.501526,61.0
102,60.51571,60.0
103,59.484802,60.0
104,59.510906,59.0
105,58.18622,58.0
106,57.48919,57.0
107,56.581318,57.0
108,56.271427,56.0
109,55.287582,56.0
110,55.5402,56.0
111,55.39833,56.0
112,54.72219,56.0
113,55.080894,56.0
114,55.14699,56.0
115,55.28795,56.0
116,55.068,55.0
117,54.28528,55.0
118,54.53227,55.0
119,54.40085,55.0
120,54.019234,55.0
121,54.356636,56.0
122,55.468937,56.0
123,55.46255,57.0
124,56.41359,57.0
125,56.646057,58.0
126,57.327824,59.0
127,58.303955,60.0
128,59.703156,61.0
129,60.286602,62.0
130,61.28943,62.0
131,61.28851,63.0
132,62.620747,64.0
133,63.6076,64.0
134,63.171753,64.0
135,63.094032,65.0
136,64.01292,65.0
137,63.69533,65.0
138,63.78897,65.0
139,64.14601,66.0
140,64.83152,66.0
141,64.813705,66.0
142,65.1376,66.0
143,65.36978,66.0
144,65.40414,65.0
145,64.55932,65.0
146,64.31304,65.0
147,64.745186,65.0
148,64.73963,65.0
149,64.72621,65.0
150,64.7156,64.0
151,63.730015,63.0
152,62.74102,62.0
153,61.39778,61.0
154,60.399525,60.0
155,59.398617,59.0
156,58.334045,59.0
157,58.36016,58.0
158,57.332783,57.0
159,56.333607,57.0
160,56.376217,57.0
161,56.409813,57.0
162,56.346733,57.0
163,56.4473,58.0
164,57.41381,58.0
165,57.402412,58.0
166,57.44683,59.0
167,58.462708,59.0
168,58.447544,59.0
169,58.470222,59.0
170,58.43922,59.0
171,58.44314,59.0
172,58.434483,59.0
173,58.38607,59.0
174,58.339447,59.0
175,58.301308,59.0
176,58.282402,59.0
177,58.29753,60.0
178,59.59176,60.0
179,59.323654,60.0
180,59.613945,60.0
181,59.578403,61.0
182,60.546047,61.0
183,60.532055,61.0
184,60.055065,61.0
185,59.874916,61.0
186,59.898846,61.0
187,59.9278,61.0
188,59.97848,61.0
189,60.092236,61.0
190,60.373173,61.0
191,59.776833,60.0
192,59.127747,60.0
193,59.630253,60.0
194,59.66931,59.0
195,58.703182,58.0
196,57.68062,58.0
197,57.61366,57.0
198,56.58745,56.0
199,55.578434,55.0
200,54.626766,55.0
201,54.635384,55.0
202,54.656998,55.0
203,54.656788,55.0
204,54.63219,55.0
205,54.656963,55.0
206,54.640583,55.0
207,54.623405,55.0
208,54.03915,55.0
209,54.301342,55.0
210,53.99866,55.0
211,53.95703,55.0
212,54.102764,55.0
213,54.14686,56.0
214,54.681244,56.0
215,55.33298,55.0
216,54.58761,55.0
217,54.544548,55.0
218,54.58789,55.0
219,54.63416,55.0
220,54.61153,55.0
221,54.32077,55.0
222,54.643486,55.0
223,54.609386,56.0
224,55.586845,56.0
225,55.681736,56.0
226,55.565277,56.0
227,55.637173,56.0
228,55.677197,56.0
229,55.60835,56.0
230,55.15485,56.0
231,55.56995,56.0
232,54.97005,56.0
233,55.028538,56.0
234,54.944824,56.0
235,54.766026,56.0
236,54.906105,56.0
237,54.897305,55.0
238,53.765877,55.0
239,54.113503,54.0
240,53.335022,54.0
241,53.296234,54.0
242,53.242104,54.0
243,53.276207,54.0
244,53.265724,54.0
245,53.346714,54.0
246,53.25802,55.0
247,54.23565,55.0
248,54.56446,56.0
249,55.572624,56.0
250,55.597153,56.0
251,55.60059,56.0
252,55.65977,56.0
253,55.540226,55.0
254,54.211872,55.0
255,54.09571,55.0
256,53.916836,54.0
257,53.321014,54.0
258,53.29448,53.0
259,52.540802,53.0
260,52.559242,53.0
261,52.54934,53.0
262,52.526737,53.0
263,52.4271,53.0
264,52.575867,53.0
265,52.448196,54.0
266,53.331585,54.0
267,53.539906,54.0
268,53.531937,54.0
269,53.537983,54.0
270,53.29737,54.0
271,53.307076,54.0
272,53.595543,53.0
273,52.614002,53.0
274,52.55415,53.0
275,52.56212,52.0
276,51.59961,52.0
277,51.61298,52.0
278,51.541615,52.0
279,51.312252,52.0
280,50.5789,51.0
281,49.77386,51.0
282,50.25282,50.0
283,49.34337,49.0
284,47.957817,48.0
285,47.090515,48.0
286,47.137142,48.0
287,46.769073,48.0
288,47.211502,48.0
289,46.505714,49.0
290,48.43518,48.0
291,47.51918,48.0
292,47.540752,47.0
293,46.553192,47.0
294,46.566067,47.0
295,46.581566,47.0
296,46.58544,46.0
297,45.538746,46.0
298,45.609035,46.0
299,45.590153,45.0
300,44.650536,45.0
301,44.593594,45.0
302,44.62719,45.0
303,44.571125,46.0
304,45.0575,46.0
305,45.20294,46.0
306,45.282124,47.0
307,45.983356,48.0
308,46.954685,49.0
309,48.05682,49.0
310,48.241325,50.0
311,49.656548,51.0
312,50.084957,51.0
313,50.352028,52.0
314,51.334656,53.0
315,52.306625,53.0
316,52.291798,53.0
317,52.21743,53.0
318,52.581837,54.0
319,53.59176,54.0
320,53.265842,54.0
321,53.62677,54.0
322,53.602177,55.0
323,54.271343,55.0
324,54.33516,56.0
325,55.648724,56.0
326,55.621685,57.0
327,56.16721,58.0
328,57.18865,58.0
329,57.01096,59.0
330,58.395084,60.0
331,59.219303,60.0
332,59.1142,61.0
333,60.02765,61.0
334,59.997253,61.0
335,60.304226,61.0
336,60.39536,60.0
337,59.46248,60.0
338,59.315613,60.0
339,59.419952,60.0
340,59.376762,61.0
341,60.654755,62.0
342,61.597263,63.0
343,62.618923,63.0
344,62.67412,63.0
345,62.339973,64.0
346,63.650917,63.0
347,62.317238,63.0
348,62.61619,63.0
349,62.336727,63.0
350,62.55262,62.0
351,61.130272,62.0
352,60.674522,61.0
353,59.8002,61.0
354,59.660564,60.0
355,58.658825,60.0
356,58.642887,60.0
357,59.30938,59.0
358,57.95852,59.0
359,57.88775,59.0
360,58.177883,60.0
361,59.218357,60.0
362,59.033154,60.0
363,59.19033,60.0
364,59.431328,60.0
365,59.259945,59.0
366,58.28455,58.0
367,57.491276,58.0
368,57.2039,58.0
369,57.566338,58.0
370,57.515465,58.0
371,57.282925,58.0
372,57.345795,58.0
373,57.24703,58.0
374,57.139828,58.0
375,57.135464,58.0
376,56.903908,58.0
377,56.795033,58.0
378,57.115288,58.0
379,57.17386,58.0
380,57.26846,58.0
381,57.35766,58.0
382,56.825024,59.0
383,58.075466,60.0
384,59.219337,60.0
385,59.555622,60.0
386,59.429317,60.0
387,59.53205,60.0
388,59.708145,60.0
389,59.657722,60.0
390,59.64855,60.0
391,59.682915,61.0
392,60.66038,61.0
393,60.641495,61.0
394,60.239914,61.0
395,60.727436,62.0
396,61.731514,62.0
397,61.28865,63.0
398,62.562622,63.0
399,62.225933,63.0
400,62.032555,63.0
401,61.938213,63.0
402,61.947906,63.0
403,61.8761,64.0
404,62.926086,64.0
405,63.228157,64.0
406,63.19736,63.0
407,62.38822,64.0
408,63.465176,64.0
409,63.432343,64.0
410,63.386673,64.0
411,63.393253,64.0
412,63.716187,64.0
413,63.798035,66.0
414,65.71261,69.00000000000001
415,68.68446,70.99999999999999
416,70.55153,74.0
417,73.657295,74.0
418,73.63327,74.0
419,73.649025,73.00000000000001
420,72.372284,72.0
421,71.59241,70.99999999999999
422,70.605705,70.0
423,69.55676,70.0
424,69.4466,69.00000000000001
425,68.00642,69.00000000000001
426,68.00374,68.0
427,67.3529,68.0
428,67.249,66.99999999999999
429,66.13677,66.99999999999999
430,66.23289,66.0
431,65.30606,65.0
432,64.37464,63.0
433,62.427013,62.0
434,61.445328,62.0
435,61.464825,62.0
436,61.51775,63.0
437,62.575394,65.0
438,64.60134,68.0
439,67.705345,72.0
440,71.51935,74.0
441,73.50157,74.99999999999999
442,74.23299,74.99999999999999
443,74.47914,76.0
444,75.48982,76.0
445,75.44442,76.0
446,75.373886,77.00000000000001
447,76.102066,77.00000000000001
448,76.44823,77.00000000000001
449,76.37551,77.00000000000001
450,76.09078,76.0
451,74.710144,76.0
452,74.89549,74.99999999999999
453,73.78506,74.99999999999999
454,73.6418,74.0
455,72.753044,73.00000000000001
456,71.91241,73.00000000000001
457,72.262695,72.0
458,71.146225,70.99999999999999
459,70.145584,70.99999999999999
460,70.15388,69.00000000000001
461,68.51779,66.99999999999999
462,66.52978,62.0
463,61.479893,57.0
464,56.478516,53.0
465,52.338387,51.0
466,50.30369,50.0
467,49.45027,50.0
468,49.426395,50.0
469,49.40563,49.0
470,48.274036,49.0
471,48.18934,48.0
472,47.40657,47.0
473,46.231796,47.0
474,46.23948,46.0
475,44.75191,46.0
476,45.17571,45.0
477,44.025005,45.0
478,44.230804,45.0
479,44.151768,45.0
480,44.087784,45.0
481,44.520973,45.0
482,44.512447,45.0
483,44.418945,46.0
484,45.470024,47.0
485,45.595276,48.0
486,46.756508,49.0
487,48.420734,50.0
488,49.51942,51.0
489,50.426632,52.0
490,51.33156,52.0
491,51.358673,52.0
492,51.583908,52.0
493,51.549213,53.0
494,52.587074,53.0
495,52.363537,53.0
496,51.719627,52.0
497,50.593796,52.0
498,50.71898,51.0
499,49.865253,50.0
500,49.023636,49.0
501,48.19524,49.0
502,48.214104,48.0
503,47.19575,48.0
504,46.931046,48.0
505,46.895866,47.0
506,46.075092,47.0
507,46.27021,46.0
508,45.29002,47.0
509,46.317818,48.0
510,47.328575,50.0
511,49.66779,53.0
512,52.707497,55.0
513,54.760227,56.0
514,55.744843,56.0
515,55.749763,56.0
516,55.68011,55.0
517,54.34336,55.0
518,54.28628,55.0
519,54.106907,55.0
520,53.75363,55.0
521,54.097755,55.0
522,53.917114,55.0
523,54.020206,54.0
524,53.348186,54.0
525,52.714607,53.0
526,52.19095,53.0
527,52.452126,52.0
528,51.529324,52.0
529,51.565655,51.0
530,50.617702,51.0
531,50.60687,51.0
532,50.61468,52.0
533,51.621178,54.0
534,53.663174,58.0
535,57.662502,62.0
536,61.681858,65.0
537,64.34011,66.99999999999999
538,66.44794,68.0
539,67.37379,68.0
540,67.420685,68.0
541,67.73387,68.0
542,67.737885,66.99999999999999
543,66.67809,66.0
544,65.58719,65.0
545,64.43084,64.0
546,62.88035,63.0
547,61.93621,62.0
548,60.69598,61.0
549,59.69431,61.0
550,59.805393,60.0
551,58.732822,60.0
552,58.904823,59.0
553,58.04444,58.0
554,57.258675,57.0
555,56.25491,57.0
556,56.27113,56.0
557,55.650257,56.0
558,55.658833,57.0
559,56.65581,59.0
560,58.691494,61.0
561,60.72427,62.0
562,61.320843,63.0
563,62.745605,63.0
564,62.700703,64.0
565,63.275936,64.0
566,63.258198,65.0
567,64.2181,66.0
568,65.2313,66.99999999999999
569,66.11398,66.99999999999999
570,65.97234,66.99999999999999
571,66.193695,68.0
572,67.05425,68.0
573,66.86322,69.00000000000001
574,67.95982,69.00000000000001
575,68.28337,70.0
576,69.4943,70.0
577,69.4037,70.0
578,69.43966,70.0
579,69.45076,70.0
580,69.78888,70.0
581,69.57506,68.0
582,67.6582,65.0
583,64.58322,61.0
584,60.52157,59.0
585,58.36006,57.0
586,56.348183,57.0
587,56.385548,58.0
588,57.506863,58.0
589,57.501034,59.0
590,58.475655,59.0
591,58.459267,59.0
592,58.170364,59.0
593,58.06862,58.0
594,57.23461,58.0
595,57.075222,58.0
596,57.005116,59.0
597,58.132557,59.0
598,57.88085,59.0
599,58.187843,59.0
600,58.468567,59.0
601,58.60245,59.0
602,58.555046,59.0
603,58.628902,59.0
604,58.509983,60.0
605,59.61151,63.0
606,62.686035,69.00000000000001
607,68.70529,74.99999999999999
608,74.68959,81.00000000000001
609,80.58674,84.0
610,83.61418,85.00000000000001
611,84.38411,86.0
612,85.610565,86.0
613,85.555145,86.0
614,85.49519,86.0
615,85.49709,86.0
616,85.53461,86.0
617,85.65337,86.0
618,85.549805,85.00000000000001
619,84.636795,84.0
620,83.65442,84.0
621,84.0819,84.0
622,84.173805,84.0
623,84.16877,84.0
624,84.17461,84.0
625,83.6115,85.00000000000001
626,84.68539,85.00000000000001
627,85.02495,85.00000000000001
628,84.85491,85.00000000000001
629,84.809235,85.00000000000001
630,84.6518,84.0
631,83.491776,82.0
632,81.43766,80.0
633,79.53213,78.0
634,77.49233,76.0
635,75.551956,74.99999999999999
636,74.620384,73.00000000000001
637,72.43786,70.99999999999999
638,70.494095,70.0
639,69.360275,68.0
640,67.33603,66.0
641,65.231636,65.0
642,64.055855,64.0
643,63.144737,63.0
644,61.997406,63.0
645,62.029552,63.0
646,62.083187,63.0
647,62.13414,64.0
648,63.407055,64.0
649,63.695316,64.0
650,63.36862,65.0
651,64.356834,65.0
652,64.783165,65.0
653,64.7007,66.0
654,65.84429,66.99999999999999
655,66.830215,68.0
656,67.89442,68.0
657,67.90644,69.00000000000001
658,68.89917,69.00000000000001
659,68.84548,69.00000000000001
660,68.44212,69.00000000000001
661,68.79727,69.00000000000001
662,68.69076,70.0
663,69.33921,70.0
664,69.04912,70.99999999999999
665,69.79497,70.99999999999999
666,69.130554,72.0
667,70.18058,73.00000000000001
668,71.833084,73.00000000000001
669,72.02236,74.0
670,73.05967,77.00000000000001
671,76.24237,82.99999999999999
672,82.514626,92.0
673,92.026436,100.0
674,100.288605,101.00000000000001
675,100.89677,96.0
676,95.73763,86.0
677,85.555435,76.0
678,75.62911,69.00000000000001
679,68.71314,64.0
680,63.32631,61.0
681,60.64701,59.0
682,58.253662,58.0
683,57.598545,58.0
684,57.621517,58.0
685,57.48042,58.0
686,57.464752,57.0
687,56.52629,57.0
688,56.17952,57.0
689,55.870914,57.0
690,55.728157,57.0
691,56.0146,57.0
692,56.298496,57.0
693,55.973366,57.0
694,56.25283,57.0
695,56.06011,56.0
696,55.299553,56.0
697,54.98581,56.0
698,55.35065,55.0
699,54.415756,55.0
700,54.321686,56.0
701,55.286438,58.0
702,57.618313,61.0
703,60.6724,66.0
704,65.6698,69.00000000000001
705,68.381485,70.99999999999999
706,70.7696,70.99999999999999
707,70.75334,70.0
708,69.73146,70.0
709,69.6319,69.00000000000001
710,68.525,70.0
711,69.615,70.0
712,69.16477,70.0
713,68.907616,70.0
714,68.9675,70.0
715,68.852104,70.0
716,69.05185,70.0
717,68.976944,70.0
718,69.164314,70.0
719,69.26836,70.0
720,69.26005,70.0
721,69.82251,70.0
722,69.76129,70.0
723,69.61931,70.0
724,69.62344,70.0
725,69.73727,70.0
726,69.82522,70.0
727,69.81217,70.0
728,69.75769,70.0
729,69.7894,70.0
730,69.800606,69.00000000000001
731,68.756226,69.00000000000001
732,68.76225,69.00000000000001
733,68.52979,69.00000000000001
734,68.50604,69.00000000000001
735,68.09737,69.00000000000001
736,67.978355,69.00000000000001
737,67.90066,69.00000000000001
738,68.20002,69.00000000000001
739,68.13057,69.00000000000001
740,68.09702,69.00000000000001
741,68.484634,69.00000000000001
742,68.53071,69.00000000000001
743,68.31467,69.00000000000001
744,68.527794,69.00000000000001
745,68.446556,68.0
746,67.507225,68.0
747,67.3254,68.0
748,66.925,68.0
749,67.33518,68.0
750,67.75278,68.0
751,67.77674,66.99999999999999
752,66.7754,66.99999999999999
753,66.769325,66.99999999999999
754,66.68714,66.99999999999999
755,66.3265,66.99999999999999
756,66.86353,68.0
757,67.75099,68.0
758,67.70876,68.0
759,67.56952,68.0
760,66.81513,68.0
761,66.83609,68.0
762,66.916016,66.99999999999999
763,65.784706,66.99999999999999
764,65.75768,66.99999999999999
765,65.70511,66.99999999999999
766,65.62736,66.99999999999999
767,66.22533,66.99999999999999
768,66.54226,66.0
769,65.52148,65.0
770,64.44498,65.0
771,64.48543,64.0
772,63.42884,64.0
773,63.41785,64.0
774,63.39191,64.0
775,63.623272,65.0
776,64.70631,65.0
777,64.36182,65.0
778,64.705956,65.0
779,64.35611,65.0
780,64.703026,65.0
781,64.67189,65.0
782,64.62023,64.0
783,63.208065,64.0
784,63.15617,64.0
785,63.249092,64.0
786,63.047863,64.0
787,63.2551,64.0
788,62.91962,64.0
789,62.968216,63.0
790,61.65323,63.0
791,62.08861,62.0
792,61.335186,62.0
793,61.55083,62.0
794,61.585846,63.0
795,62.609833,63.0
796,62.649364,64.0
797,63.618702,64.0
798,63.674164,65.0
799,64.659744,65.0
800,64.75297,65.0
801,64.72138,66.0
802,65.746445,66.0
803,65.30641,66.0
804,65.762566,66.0
805,65.51913,66.0
806,65.54677,66.99999999999999
807,66.55921,66.99999999999999
808,66.15016,66.99999999999999
809,66.13506,68.0
810,66.936356,68.0
811,66.94106,69.00000000000001
812,67.91297,69.00000000000001
813,67.86027,70.0
814,68.93539,70.0
815,69.10293,70.99999999999999
816,70.70097,70.99999999999999
817,70.553215,72.0
818,71.65225,72.0
819,71.62586,72.0
820,71.565384,70.99999999999999
821,70.8404,70.99999999999999
822,70.93232,70.0
823,69.93858,70.0
824,69.92263,70.0
825,69.5444,69.00000000000001
826,68.90306,69.00000000000001
827,68.903824,69.00000000000001
828,68.46192,69.00000000000001
829,68.54062,68.0
830,67.53914,68.0
831,67.15494,68.0
832,67.12491,66.99999999999999
833,66.41851,66.99999999999999
834,66.0636,66.99999999999999
835,66.05721,66.99999999999999
836,65.61531,66.99999999999999
837,66.15531,66.99999999999999
838,66.54378,66.99999999999999
839,66.79424,66.99999999999999
840,66.66085,66.99999999999999
841,66.6645,66.0
842,65.605896,66.0
843,65.48586,66.0
844,65.45101,66.0
845,65.73344,66.0
846,65.79347,66.99999999999999
847,66.453186,66.99999999999999
848,66.45671,66.99999999999999
849,66.80739,68.0
850,67.84141,68.0
851,67.46353,68.0
852,67.815384,68.0
853,67.63682,69.00000000000001
854,68.2458,69.00000000000001
855,68.187386,69.00000000000001
856,68.25834,69.00000000000001
857,68.130615,69.00000000000001
858,67.95393,69.00000000000001
859,68.00051,68.0
860,66.83726,68.0
861,67.126595,69.00000000000001
862,68.44386,69.00000000000001
863,68.71568,70.0
864,69.6602,70.0
865,69.72608,70.0
866,69.75178,70.99999999999999
867,70.73774,72.0
868,71.74968,72.0
869,71.735466,73.00000000000001
870,72.73012,74.0
871,73.736435,74.99999999999999
872,74.69563,74.99999999999999
873,74.33564,76.0
874,75.72316,76.0
875,75.741646,76.0
876,75.33566,77.00000000000001
877,76.36626,77.00000000000001
878,76.39315,77.00000000000001
879,76.41453,77.00000000000001
880,76.41681,76.0
881,75.37545,74.99999999999999
882,74.30361,74.99999999999999
883,73.94325,74.0
884,73.128876,73.00000000000001
885,71.89662,72.0
886,70.94604,72.0
887,71.05141,70.99999999999999
888,69.996376,70.99999999999999
889,70.27385,70.0
890,69.30217,69.00000000000001
891,68.34644,69.00000000000001
892,68.32967,68.0
893,67.325745,66.99999999999999
894,66.61282,66.0
895,65.66579,66.0
896,65.66234,65.0
897,64.76276,65.0
898,64.76246,65.0
899,64.632385,65.0
900,64.68355,65.0
901,64.68939,65.0
902,64.6575,65.0
903,64.203835,65.0
904,64.01698,65.0
905,63.904285,65.0
906,63.878384,65.0
907,63.784706,65.0
908,63.812485,65.0
909,63.879887,65.0
910,63.90058,65.0
911,63.881336,64.0
912,63.215736,64.0
913,63.428093,63.0
914,62.41501,63.0
915,62.774593,63.0
916,62.385513,62.0
917,61.38511,62.0
918,61.378677,62.0
919,61.401257,63.0
920,62.778023,63.0
921,62.704254,63.0
922,62.735546,63.0
923,62.702816,62.0
924,61.61967,62.0
925,61.646084,61.0
926,60.289375,60.0
927,59.5833,60.0
928,58.816917,59.0
929,57.78545,59.0
930,58.475002,58.0
931,57.292175,58.0
932,57.1457,58.0
933,57.121014,58.0
934,57.445095,58.0
935,57.643288,58.0
936,57.461796,58.0
937,57.651268,58.0
938,57.69879,58.0
939,57.681767,58.0
940,57.645233,58.0
941,57.47962,58.0
942,57.44735,57.0
943,56.608643,56.0
944,55.491917,56.0
945,55.571957,55.0
946,54.554832,55.0
947,54.652462,55.0
948,54.660168,55.0
949,54.68179,55.0
950,54.60782,55.0
951,54.087177,55.0
952,54.14895,55.0
953,54.371544,56.0
954,55.508224,56.0
955,55.555054,56.0
956,55.152264,56.0
957,55.075,55.0
958,54.23351,55.0
959,54.160793,54.0
960,53.044476,54.0
961,53.237846,54.0
962,53.435497,55.0
963,54.66635,55.0
964,54.358627,55.0
965,54.50202,55.0
966,54.62212,54.0
967,53.685028,53.0
968,52.2165,52.0
969,51.34224,52.0
970,51.74628,51.0
971,50.7041,51.0
972,50.30195,50.0
973,49.693726,50.0
974,49.648315,49.0
975,48.437553,48.0
976,47.42873,48.0
977,47.224964,48.0
978,47.09153,49.0
979,48.417786,50.0
980,48.894913,51.0
981,50.13953,52.0
982,51.294273,53.0
983,51.98449,54.0
984,53.5123,55.0
985,54.546707,55.0
986,54.58636,55.0
987,54.609806,55.0
988,54.67774,55.0
989,54.721653,55.0
990,54.67517,55.0
991,54.373806,56.0
992,55.378277,56.0
993,55.76629,56.0
994,55.70107,57.0
995,56.74042,57.0
996,56.747334,57.0
997,56.73017,57.0
998,56.67569,57.0
999,56.1034,57.0
1000,56.03324,57.0
1001,56.445118,57.0
1002,55.934715,56.0
1003,55.11667,55.0
1004,54.222294,54.0
1005,53.463303,54.0
1006,53.19816,53.0
1007,52.141407,53.0
1008,52.541134,52.0
1009,51.61414,51.0
1010,50.59493,51.0
1011,50.576843,51.0
1012,50.760956,51.0
1013,50.611485,52.0
1014,51.453648,53.0
1015,52.554714,53.0
1016,52.6322,53.0
1017,52.357628,53.0
1018,52.36998,52.0
1019,51.620678,52.0
1020,51.700027,52.0
1021,51.659367,52.0
1022,51.663284,52.0
1023,51.136734,52.0
1024,51.087856,52.0
1025,51.271122,53.0
1026,52.27674,53.0
1027,52.592556,53.0
1028,52.302094,53.0
1029,52.286648,54.0
1030,53.065815,54.0
1031,53.344273,54.0
1032,53.33045,54.0
1033,53.506645,55.0
1034,54.588158,55.0
1035,54.44448,55.0
1036,54.33893,55.0
1037,54.319107,55.0
1038,54.311134,54.0
1039,53.331535,54.0
1040,53.336563,54.0
1041,53.33447,55.0
1042,54.346935,55.0
1043,54.363106,56.0
1044,55.36298,56.0
1045,55.354992,57.0
1046,56.236923,57.0
1047,56.13442,57.0
1048,56.328495,58.0
1049,57.468563,57.0
1050,56.334015,57.0
1051,56.31753,57.0
1052,56.1782,57.0
1053,55.519165,57.0
1054,55.77937,56.0
1055,55.263046,56.0
1056,55.442596,56.0
1057,55.660797,55.0
1058,54.692177,55.0
1059,54.37294,55.0
1060,54.73406,55.0
1061,54.372257,55.0
1062,54.379833,54.0
1063,53.381325,54.0
1064,53.31307,54.0
1065,53.747253,53.0
1066,52.273075,52.0
1067,51.76453,51.0
1068,50.734276,51.0
1069,50.681767,50.0
1070,49.605774,49.0
1071,48.142128,49.0
1072,48.118298,49.0
1073,48.196735,49.0
1074,48.24736,49.0
1075,48.421326,50.0
1076,49.034588,51.0
1077,50.16133,52.0
1078,51.192318,52.0
1079,51.621353,52.0
1080,51.611755,52.0
1081,51.368088,53.0
1082,52.37111,53.0
1083,52.67605,53.0
1084,52.376926,53.0
1085,52.702045,53.0
1086,52.63917,53.0
1087,52.63294,53.0
1088,52.66359,54.0
1089,53.66284,54.0
1090,53.699062,54.0
1091,53.686268,54.0
1092,53.73897,54.0
1093,53.707577,55.0
1094,54.64858,55.0
1095,54.05166,55.0
1096,54.058666,55.0
1097,54.2036,55.0
1098,54.03609,54.0
1099,53.408924,54.0
1100,53.087433,53.0
1101,51.919888,53.0
1102,52.28024,52.0
1103,51.3496,52.0
1104,51.46814,52.0
1105,51.587585,52.0
1106,51.465836,53.0
1107,52.675556,53.0
1108,52.636852,54.0
1109,53.606415,54.0
1110,53.618652,54.0
1111,53.594704,55.0
1112,54.33988,55.0
1113,54.340103,55.0
1114,54.70134,55.0
1115,54.357655,55.0
1116,54.686123,55.0
1117,54.688553,55.0
1118,54.60358,55.0
1119,54.517483,55.0
1120,54.057,56.0
1121,54.976585,56.0
1122,55.236088,56.0
1123,55.100113,56.0
1124,55.529144,56.0
1125,55.5824,56.0
1126,55.5713,56.0
1127,55.593742,56.0
1128,55.513844,56.0
1129,55.441265,56.0
1130,55.454292,56.0
1131,55.39989,56.0
1132,55.597923,56.0
1133,55.611782,56.0
1134,55.625065,56.0
1135,55.637764,56.0
1136,55.649887,56.0
1137,55.661552,57.0
1138,56.665024,57.0
1139,56.659,58.0
1140,57.65369,58.0
1141,57.64644,59.0
1142,58.639923,59.0
1143,58.631474,60.0
1144,59.62408,60.0
1145,59.61476,61.0
1146,60.606613,61.0
1147,60.59619,62.0
1148,61.587013,62.0
1149,61.575504,63.0
1150,62.56535,63.0
1151,62.55281,64.0
1152,63.54173,64.0
1153,63.53109,65.0
1154,64.53184,65.0
1155,64.524605,66.0
1156,65.51941,66.99999999999999
1157,66.48188,66.99999999999999
1158,66.531456,66.99999999999999
1159,66.40732,66.99999999999999
1160,66.461075,66.99999999999999
1161,66.63898,66.99999999999999
1162,66.61918,66.99999999999999
1163,66.45149,66.99999999999999
1164,66.63685,66.0
1165,65.51864,66.0
1166,65.33,66.0
1167,65.147964,66.0
1168,65.004555,66.0
1169,65.19583,66.0
1170,65.194824,66.0
1171,65.39006,66.0
1172,65.31304,66.0
1173,65.50968,66.0
1174,65.37386,66.99999999999999
1175,66.39489,66.99999999999999
1176,66.731834,68.0
1177,67.65406,68.0
1178,67.615036,69.00000000000001
1179,68.69501,69.00000000000001
1180,68.75486,69.00000000000001
1181,67.98654,66.99999999999999
1182,65.80883,62.0
1183,61.356506,56.0
1184,55.322563,51.0
1185,50.3906,49.0
1186,48.804604,48.0
1187,47.388336,48.0
1188,47.414803,48.0
1189,47.390778,49.0
1190,48.346523,49.0
1191,47.832718,50.0
1192,49.082897,50.0
1193,49.088234,50.0
1194,49.167774,50.0
1195,49.30033,49.0
1196,48.743668,49.0
1197,48.973232,49.0
1198,48.66926,49.0
1199,48.55982,50.0
1200,49.76819,51.0
1201,50.231373,52.0
1202,51.374725,52.0
1203,51.333683,52.0
1204,51.279587,52.0
1205,51.16534,52.0
1206,51.04901,50.0
1207,48.94284,48.0
1208,47.535862,47.0
1209,46.52133,45.0
1210,44.50412,45.0
1211,44.320145,45.0
1212,44.412697,45.0
1213,44.498596,45.0
1214,44.072155,45.0
1215,44.64839,45.0
1216,44.634834,45.0
1217,44.655945,45.0
1218,44.54489,46.0
1219,45.868385,48.0
1220,46.871033,50.0
1221,48.624702,51.0
1222,49.626335,52.0
1223,51.020092,52.0
1224,51.310913,53.0
1225,52.140854,53.0
1226,52.230087,53.0
1227,52.203632,53.0
1228,52.2408,53.0
1229,52.6164,54.0
1230,53.701256,54.0
1231,53.714638,54.0
1232,53.342846,55.0
1233,54.695896,55.0
1234,54.692146,55.0
1235,54.13165,56.0
1236,55.30311,56.0
1237,55.46154,56.0
1238,55.616257,57.0
1239,56.27236,57.0
1240,56.166527,58.0
1241,57.265335,59.0
1242,58.202118,60.0
1243,59.163548,60.0
1244,58.95205,61.0
1245,59.82541,61.0
1246,60.121147,61.0
1247,59.97287,61.0
1248,60.26863,60.0
1249,59.241417,60.0
1250,59.36818,60.0
1251,59.334038,59.0
1252,58.625187,59.0
1253,58.63114,58.0
1254,57.59952,57.0
1255,56.61308,55.0
1256,54.61201,52.0
1257,51.29203,51.0
1258,50.284008,50.0
1259,49.598682,50.0
1260,49.69333,50.0
1261,49.76041,50.0
1262,49.727783,51.0
1263,50.141136,53.0
1264,51.717148,54.0
1265,52.74484,55.0
1266,53.89646,55.0
1267,54.16475,56.0
1268,54.85566,56.0
1269,54.766037,56.0
1270,55.290195,56.0
1271,55.436897,57.0
1272,56.59353,57.0
1273,56.611015,57.0
1274,56.605396,57.0
1275,56.612057,57.0
1276,56.631153,58.0
1277,57.562206,59.0
1278,58.11963,61.0
1279,60.575344,63.0
1280,62.45604,65.0
1281,64.45029,65.0
1282,64.452675,65.0
1283,64.71048,64.0
1284,63.662647,64.0
1285,63.582436,63.0
1286,62.586586,62.0
1287,61.270927,60.0
1288,59.195892,59.0
1289,58.49601,58.0
1290,57.43349,57.0
1291,56.36856,57.0
1292,56.658726,56.0
1293,55.52487,56.0
1294,55.359104,56.0
1295,55.41502,56.0
1296,55.379536,56.0
1297,55.37452,56.0
1298,55.36612,56.0
1299,55.327114,56.0
1300,55.34442,56.0
1301,55.498066,56.0
1302,55.52718,57.0
1303,56.60457,58.0
1304,57.448128,58.0
1305,57.411423,59.0
1306,58.59757,59.0
1307,58.605488,59.0
1308,58.611015,58.0
1309,57.50008,58.0
1310,57.414486,58.0
1311,57.260376,58.0
1312,57.457966,58.0
1313,57.239723,58.0
1314,56.916138,59.0
1315,58.207466,59.0
1316,58.087322,59.0
1317,57.890152,59.0
1318,58.013218,59.0
1319,57.87872,59.0
1320,58.342422,58.0
1321,57.36486,58.0
1322,57.350563,58.0
1323,57.329334,58.0
1324,57.306694,59.0
1325,58.685696,62.0
1326,61.69898,69.00000000000001
1327,68.80559,76.0
1328,75.869606,82.0
1329,81.76912,85.00000000000001
1330,84.748695,86.99999999999999
1331,86.81935,86.99999999999999
1332,86.75052,86.99999999999999
1333,86.60266,86.99999999999999
1334,86.635056,86.99999999999999
1335,86.64612,86.99999999999999
1336,86.70284,86.99999999999999
1337,86.80461,86.99999999999999
1338,86.43705,88.0
1339,87.54149,88.0
1340,87.427376,88.0
1341,88.15219,88.0
1342,88.23316,88.0
1343,88.04297,88.0
1344,87.88891,86.99999999999999
1345,87.33411,86.99999999999999
1346,87.247856,86.99999999999999
1347,87.138405,86.0
1348,86.016136,85.00000000000001
1349,85.00016,82.99999999999999
1350,82.91576,78.0
1351,77.85438,74.0
1352,73.80995,70.0
1353,69.75804,68.0
1354,67.75752,68.0
1355,67.78742,69.00000000000001
1356,68.735825,69.00000000000001
1357,68.58726,70.0
1358,69.614395,70.0
1359,69.64977,70.99999999999999
1360,70.53961,72.0
1361,71.23399,73.00000000000001
1362,71.858505,73.00000000000001
1363,72.09043,74.0
1364,73.114365,74.99999999999999
1365,74.17588,76.0
1366,75.37993,77.00000000000001
1367,77.036415,78.0
1368,78.15209,78.99999999999999
1369,78.974846,80.0
1370,79.80781,80.0
1371,79.719826,80.0
1372,79.96516,80.0
1373,79.401695,78.99999999999999
1374,78.441864,77.00000000000001
1375,76.443855,74.99999999999999
1376,74.66699,73.00000000000001
1377,72.342514,72.0
1378,71.3729,70.99999999999999
1379,70.30607,70.99999999999999
1380,70.561264,70.0
1381,69.80674,69.00000000000001
1382,68.49309,68.0
1383,67.48233,68.0
1384,67.08619,66.99999999999999
1385,65.69009,66.0
1386,64.58683,66.0
1387,64.9547,65.0
1388,63.753555,64.0
1389,62.77381,63.0
1390,62.070473,62.0
1391,61.130962,62.0
1392,61.280216,61.0
1393,60.39153,61.0
1394,60.684723,61.0
1395,60.395393,60.0
1396,59.786625,59.0
1397,58.235058,59.0
1398,58.069935,58.0
1399,56.932747,57.0
1400,55.997814,57.0
1401,56.572464,57.0
1402,56.634018,57.0
1403,56.242844,57.0
1404,56.664383,57.0
1405,56.57729,57.0
1406,56.558483,58.0
1407,57.14101,58.0
1408,57.09204,59.0
1409,57.586285,59.0
1410,57.993164,59.0
1411,57.903984,59.0
1412,57.8139,59.0
1413,58.095158,59.0
1414,58.272636,59.0
1415,58.39184,59.0
1416,58.41269,59.0
1417,58.482296,60.0
1418,59.46191,60.0
1419,59.310955,61.0
1420,60.327717,62.0
1421,61.46002,62.0
1422,61.47987,62.0
1423,61.453262,63.0
1424,62.510944,63.0
1425,62.84759,63.0
1426,62.830597,63.0
1427,62.811913,63.0
1428,62.412506,62.0
1429,61.390144,62.0
1430,61.336536,62.0
1431,61.233604,62.0
1432,61.32723,62.0
1433,61.206913,62.0
1434,61.288666,62.0
1435,61.096203,62.0
1436,61.05346,63.0
1437,62.22984,64.0
1438,63.10315,64.0
1439,63.27234,65.0
1440,64.6436,65.0
1441,64.76461,65.0
1442,64.80578,65.0
1443,64.88563,65.0
1444,64.86235,65.0
1445,64.47963,65.0
1446,64.44277,66.0
1447,65.33015,66.0
1448,65.42906,66.99999999999999
1449,66.37895,66.99999999999999
1450,66.3757,68.0
1451,67.828896,68.0
1452,67.892715,68.0
1453,67.77885,68.0
1454,67.71488,68.0
1455,67.05806,66.99999999999999
1456,66.01674,66.99999999999999
1457,66.24563,66.99999999999999
1458,66.15139,66.99999999999999
1459,66.12788,66.0
1460,65.4521,66.0
1461,65.25738,66.0
1462,65.35852,65.0
1463,64.28081,64.0
1464,63.46378,64.0
1465,63.45222,63.0
1466,62.411465,63.0
1467,62.393677,63.0
1468,62.710625,63.0
1469,62.707466,63.0
1470,62.702114,62.0
1471,61.580967,62.0
1472,61.737164,61.0
1473,60.649117,61.0
1474,60.276962,60.0
1475,59.365944,60.0
1476,59.357315,60.0
1477,59.607944,60.0
1478,59.608368,60.0
1479,59.30524,60.0
1480,59.60004,61.0
1481,60.281612,61.0
1482,59.747437,62.0
1483,60.978386,62.0
1484,61.016888,61.0
1485,59.902306,61.0
1486,60.108578,61.0
1487,60.109806,61.0
1488,60.63209,61.0
1489,60.699516,62.0
1490,61.74313,62.0
1491,61.37134,62.0
1492,61.778046,63.0
1493,62.799583,64.0
1494,63.769302,65.0
1495,64.25395,66.0
1496,65.78202,66.0
1497,65.755104,66.99999999999999
1498,66.830635,68.0
1499,67.78047,69.00000000000001
1500,68.85921,69.00000000000001
1501,68.48792,70.0
1502,69.614426,70.0
1503,69.67029,70.0
1504,69.187706,70.99999999999999
1505,69.95036,70.99999999999999
1506,69.85415,70.99999999999999
1507,69.43174,70.0
1508,68.47837,70.0
1509,68.73808,70.99999999999999
1510,69.58453,70.99999999999999
1511,69.42503,70.99999999999999
1512,69.737564,70.99999999999999
1513,69.830025,70.0
1514,69.07745,70.0
1515,69.617516,69.00000000000001
1516,68.661705,68.0
1517,67.311356,66.99999999999999
1518,66.697815,66.99999999999999
1519,66.70289,66.0
1520,65.72204,65.0
1521,64.73893,65.0
1522,64.56711,64.0
1523,63.68634,64.0
1524,63.72503,64.0
1525,63.482056,64.0
1526,63.268986,63.0
1527,62.27895,63.0
1528,62.111435,63.0
1529,61.739674,63.0
1530,61.98847,63.0
1531,62.14123,63.0
1532,61.938175,63.0
1533,62.098785,63.0
1534,62.26609,63.0
1535,62.318974,63.0
1536,62.76866,63.0
1537,62.701603,64.0
1538,63.656296,64.0
1539,63.67643,65.0
1540,64.62326,65.0
1541,64.73794,65.0
1542,64.76571,66.0
1543,65.800575,66.0
1544,65.851715,66.0
1545,65.84048,66.0
1546,65.472336,66.0
1547,65.86404,66.99999999999999
1548,66.808754,66.99999999999999
1549,66.55332,66.99999999999999
1550,66.59185,66.99999999999999
1551,66.27419,66.99999999999999
1552,66.31149,66.99999999999999
1553,66.234726,66.99999999999999
1554,66.26577,66.99999999999999
1555,65.91474,66.99999999999999
1556,65.86788,66.99999999999999
1557,65.81964,66.99999999999999
1558,65.89606,66.0
1559,65.06932,65.0
1560,64.27083,65.0
1561,64.24364,64.0
1562,63.356262,64.0
1563,63.381653,63.0
1564,62.265804,63.0
1565,62.33988,63.0
1566,62.233658,63.0
1567,62.72089,64.0
1568,63.761322,64.0
1569,63.789917,63.0
1570,62.671024,63.0
1571,62.731644,63.0
1572,62.72143,62.0
1573,61.329437,62.0
1574,61.631783,62.0
1575,61.26956,61.0
1576,60.13932,61.0
1577,59.939167,61.0
1578,60.133755,61.0
1579,59.749157,61.0
1580,59.75405,61.0
1581,59.990047,60.0
1582,58.896217,60.0
1583,59.31665,60.0
1584,59.355145,60.0
1585,59.52725,60.0
1586,59.653088,59.0
1587,58.493645,59.0
1588,58.478333,59.0
1589,58.45772,58.0
1590,57.433506,58.0
1591,57.406178,57.0
1592,56.39793,57.0
1593,56.373238,56.0
1594,55.43548,56.0
1595,55.426537,55.0
1596,54.615833,55.0
1597,54.54651,55.0
1598,54.573288,54.0
1599,53.530273,54.0
1600,53.43078,54.0
1601,53.311573,53.0
1602,52.343304,53.0
1603,52.257526,53.0
1604,52.04406,53.0
1605,52.117638,53.0
1606,52.030983,53.0
1607,52.241474,53.0
1608,52.266552,53.0
1609,52.108418,53.0
1610,52.18833,53.0
1611,52.109516,53.0
1612,52.134457,53.0
1613,52.52826,53.0
1614,52.576263,53.0
1615,52.549877,53.0
1616,52.585102,53.0
1617,52.228073,52.0
1618,51.566006,52.0
1619,51.248417,52.0
1620,51.277596,52.0
1621,51.361576,52.0
1622,51.593235,51.0
1623,50.327934,50.0
1624,49.261955,49.0
1625,48.01754,47.0
1626,45.844498,46.0
1627,44.80761,44.0
1628,42.875134,43.0
1629,42.059635,41.0
1630,39.83715,41.0
1631,40.303375,41.0
1632,40.27339,41.0
1633,40.199455,40.0
1634,39.218925,40.0
1635,39.373207,40.0
1636,39.310463,40.0
1637,39.78007,40.0
1638,39.78869,40.0
1639,39.843304,39.0
1640,38.866306,39.0
1641,38.828556,38.0
1642,37.93893,38.0
1643,37.888824,37.0
1644,36.957893,37.0
1645,36.947712,38.0
1646,37.926407,39.0
1647,38.85082,40.0
1648,39.03949,41.0
1649,40.134975,42.0
1650,41.035603,43.0
1651,41.894096,42.0
1652,40.898476,42.0
1653,41.233433,42.0
1654,41.045918,42.0
1655,41.19895,42.0
1656,41.401787,44.0
1657,43.32469,45.0
1658,44.334126,47.0
1659,46.180702,48.0
1660,47.10609,49.0
1661,48.248196,50.0
1662,49.27188,50.0
1663,49.195534,51.0
1664,50.726616,51.0
1665,50.712494,52.0
1666,51.620003,52.0
1667,51.25832,53.0
1668,52.686153,53.0
1669,52.66304,54.0
1670,53.38802,54.0
1671,53.302147,54.0
1672,53.322002,55.0
1673,54.54415,55.0
1674,54.114395,56.0
1675,55.006687,56.0
1676,55.120712,56.0
1677,55.229355,56.0
1678,55.20597,56.0
1679,55.167313,56.0
1680,55.167427,56.0
1681,55.290234,55.0
1682,54.233707,55.0
1683,54.25849,54.0
1684,53.254227,54.0
1685,53.633812,54.0
1686,53.599945,55.0
1687,54.652763,55.0
1688,54.67518,55.0
1689,54.653828,55.0
1690,54.61296,55.0
1691,54.627415,55.0
1692,54.661137,55.0
1693,54.592705,55.0
1694,54.548733,55.0
1695,54.573074,56.0
1696,55.38721,56.0
1697,55.39208,56.0
1698,55.137974,56.0
1699,55.325905,57.0
1700,56.339413,57.0
1701,56.21968,58.0
1702,57.19548,58.0
1703,57.24414,59.0
1704,58.217422,59.0
1705,58.069885,59.0
1706,58.19951,59.0
1707,58.131176,60.0
1708,59.188793,60.0
1709,59.21308,60.0
1710,59.702267,60.0
1711,59.777004,60.0
1712,59.660824,60.0
1713,59.267067,61.0
1714,60.700134,61.0
1715,60.713413,60.0
1716,59.662354,60.0
1717,59.385815,60.0
1718,59.63365,60.0
1719,59.473778,60.0
1720,59.340508,61.0
1721,60.179592,61.0
1722,60.26703,62.0
1723,60.871098,62.0
1724,60.869995,62.0
1725,61.056103,61.0
1726,60.16247,61.0
1727,60.446693,61.0
1728,60.41823,61.0
1729,60.75849,61.0
1730,60.706398,61.0
1731,60.675365,62.0
1732,61.672493,62.0
1733,61.67896,63.0
1734,62.698364,63.0
1735,62.752747,63.0
1736,62.75323,63.0
1737,62.68855,63.0
1738,62.652023,63.0
1739,62.69402,63.0
1740,62.724934,63.0
1741,62.554676,63.0
1742,62.560116,63.0
1743,62.26113,63.0
1744,62.454502,63.0
1745,62.310616,63.0
1746,62.274605,64.0
1747,63.281776,65.0
1748,64.48732,66.0
1749,65.59012,66.99999999999999
1750,66.71087,66.99999999999999
1751,66.566986,68.0
1752,67.82321,68.0
1753,67.70096,68.0
1754,67.72337,68.0
1755,67.68139,68.0
1756,67.70555,68.0
1757,67.66673,66.99999999999999
1758,66.70519,66.99999999999999
1759,66.68947,66.99999999999999
1760,66.66276,66.0
1761,65.63167,66.0
1762,65.66557,65.0
1763,64.68707,65.0
1764,64.72399,65.0
1765,64.657616,64.0
1766,63.30549,64.0
1767,63.52438,64.0
1768,63.22714,63.0
1769,62.176167,62.0
1770,60.95382,61.0
1771,59.804306,60.0
1772,58.962437,59.0
1773,57.931423,58.0
1774,56.919464,57.0
1775,56.096523,57.0
1776,56.17475,56.0
1777,55.148067,55.0
1778,54.314598,55.0
1779,54.33313,55.0
1780,54.35841,55.0
1781,54.69579,55.0
1782,54.60669,55.0
1783,54.587166,55.0
1784,54.631153,56.0
1785,55.526073,56.0
1786,55.612873,56.0
1787,55.63429,57.0
1788,56.31567,57.0
1789,56.624084,57.0
1790,56.578285,57.0
1791,56.01721,57.0
1792,55.662945,57.0
1793,55.783054,57.0
1794,55.902714,56.0
1795,55.141605,56.0
1796,54.88231,56.0
1797,54.933086,56.0
1798,54.637787,55.0
1799,53.83302,55.0
1800,53.928795,55.0
1801,53.949856,55.0
1802,53.940414,55.0
1803,54.139553,55.0
1804,54.164055,55.0
1805,54.593765,54.0
1806,53.566345,54.0
1807,53.585243,53.0
1808,52.55943,53.0
1809,52.604744,53.0
1810,52.624737,53.0
1811,52.68135,53.0
1812,52.6555,53.0
1813,52.61292,53.0
1814,52.58058,53.0
1815,52.49182,53.0
1816,52.549335,53.0
1817,52.444725,52.0
1818,51.259895,52.0
1819,51.349792,52.0
1820,51.852325,52.0
1821,51.479538,52.0
1822,51.409637,52.0
1823,51.44599,53.0
1824,52.523888,53.0
1825,52.45482,53.0
1826,52.21684,53.0
1827,52.38138,54.0
1828,53.682915,54.0
1829,53.638687,54.0
1830,53.26846,55.0
1831,54.229607,55.0
1832,54.66702,56.0
1833,55.685215,56.0
1834,55.57438,56.0
1835,55.651638,57.0
1836,56.680767,57.0
1837,56.538967,58.0
1838,57.45333,58.0
1839,57.34572,58.0
1840,57.281322,58.0
1841,57.568146,58.0
1842,57.13772,58.0
1843,57.309566,59.0
1844,58.1846,59.0
1845,58.32278,60.0
1846,58.973145,60.0
1847,58.99235,60.0
1848,59.18588,60.0
1849,59.41352,60.0
1850,59.448097,60.0
1851,59.39164,60.0
1852,59.71251,60.0
1853,59.663273,60.0
1854,59.668266,61.0
1855,60.659477,61.0
1856,60.41563,61.0
1857,60.42077,61.0
1858,60.432693,61.0
1859,60.71952,61.0
1860,60.720356,61.0
1861,60.663265,60.0
1862,59.60843,60.0
1863,59.58642,60.0
1864,59.475792,60.0
1865,59.349213,60.0
1866,59.29623,60.0
1867,59.272938,59.0
1868,58.345898,59.0
1869,58.0194,60.0
1870,58.84839,60.0
1871,58.900536,61.0
1872,59.891468,61.0
1873,60.037647,62.0
1874,61.140854,62.0
1875,61.288742,63.0
1876,62.771694,63.0
1877,62.7836,63.0
1878,62.781307,63.0
1879,62.76448,63.0
1880,62.746487,63.0
1881,62.724945,63.0
1882,62.68212,63.0
1883,62.642563,64.0
1884,63.62083,64.0
1885,63.577976,65.0
1886,64.555504,65.0
1887,64.509254,66.0
1888,65.47846,66.0
1889,65.433044,66.99999999999999
1890,66.38895,66.99999999999999
1891,66.339645,68.0
1892,67.28845,68.0
1893,67.267456,69.00000000000001
1894,68.40084,69.00000000000001
1895,68.44792,70.0
1896,69.29012,70.0
1897,69.650055,70.99999999999999
1898,70.51191,70.99999999999999
1899,70.61229,72.0
1900,71.84507,73.00000000000001
1901,72.79013,72.0
1902,71.61487,72.0
1903,71.664055,72.0
1904,71.56168,72.0
1905,71.711006,72.0
1906,71.48449,72.0
1907,71.49906,72.0
1908,71.506485,70.99999999999999
1909,70.52911,70.99999999999999
1910,70.55781,70.99999999999999
1911,70.557655,70.0
1912,69.4627,70.0
1913,69.42626,69.00000000000001
1914,68.49368,69.00000000000001
1915,68.40164,69.00000000000001
1916,68.37046,68.0
1917,67.34106,68.0
1918,67.5503,68.0
1919,67.489944,66.99999999999999
1920,66.33968,66.0
1921,65.48075,66.0
1922,65.51659,65.0
1923,64.46764,65.0
1924,64.356926,65.0
1925,64.33077,63.0
1926,62.5815,60.0
1927,59.34669,57.0
1928,56.371365,54.0
1929,53.352024,53.0
1930,52.400135,53.0
1931,52.393856,53.0
1932,52.43869,53.0
1933,52.40541,53.0
1934,52.82528,53.0
1935,52.77921,53.0
1936,52.53151,53.0
1937,52.55329,54.0
1938,53.331932,55.0
1939,54.66258,56.0
1940,55.66054,56.0
1941,55.566566,57.0
1942,55.946888,58.0
1943,57.662563,58.0
1944,57.5902,58.0
1945,57.577133,58.0
1946,57.51095,58.0
1947,57.469677,59.0
1948,58.443634,59.0
1949,58.058056,58.0
1950,57.073498,57.0
1951,56.63049,56.0
1952,55.57325,54.0
1953,53.489124,54.0
1954,53.372925,53.0
1955,52.443913,53.0
1956,52.623997,53.0
1957,52.683758,53.0
1958,52.64223,53.0
1959,52.36203,53.0
1960,52.377514,53.0
1961,52.332344,54.0
1962,52.934406,54.0
1963,53.026176,53.0
1964,51.890415,53.0
1965,51.78836,52.0
1966,51.458755,51.0
1967,50.11877,51.0
1968,50.05103,51.0
1969,49.714756,51.0
1970,49.939926,51.0
1971,50.021137,51.0
1972,50.12096,51.0
1973,50.647877,51.0
1974,50.651783,53.0
1975,52.67075,55.0
1976,54.244663,57.0
1977,56.689457,58.0
1978,57.702324,58.0
1979,57.674995,58.0
1980,57.69071,58.0
1981,57.67537,58.0
1982,57.65841,58.0
1983,57.633034,57.0
1984,56.22397,57.0
1985,56.048588,57.0
1986,56.01633,56.0
1987,54.901707,56.0
1988,54.732506,56.0
1989,54.366673,56.0
1990,54.826775,55.0
1991,53.86919,55.0
1992,53.945553,55.0
1993,53.961243,54.0
1994,52.91355,54.0
1995,53.08758,54.0
1996,53.01928,53.0
1997,52.574863,53.0
1998,52.609306,54.0
1999,53.64151,55.0
2000,54.656734,57.0
2001,56.702484,57.0
2002,56.648373,57.0
2003,56.265667,57.0
2004,56.304146,57.0
2005,56.3164,57.0
2006,56.35648,57.0
2007,56.26813,56.0
2008,55.041397,56.0
2009,55.306076,55.0
2010,54.365837,55.0
2011,54.34578,56.0
2012,55.07332,56.0
2013,54.974564,57.0
2014,56.10418,57.0
2015,55.978867,57.0
2016,56.217976,57.0
2017,56.038647,57.0
2018,56.181225,57.0
2019,56.70777,57.0
2020,56.617165,58.0
2021,57.337193,58.0
2022,57.239532,57.0
2023,56.139614,57.0
2024,56.708324,57.0
2025,56.228745,57.0
2026,56.64317,57.0
2027,56.596596,57.0
2028,56.69599,58.0
2029,57.60475,58.0
2030,57.561302,59.0
2031,58.34597,59.0
2032,58.41599,60.0
2033,59.28277,60.0
2034,59.243362,61.0
2035,60.294533,61.0
2036,60.215897,62.0
2037,61.58085,62.0
2038,61.67543,62.0
2039,61.522797,62.0
2040,61.482697,62.0
2041,61.480846,62.0
2042,61.345715,62.0
2043,61.382217,62.0
2044,61.39461,61.0
2045,60.69644,61.0
2046,60.712154,61.0
2047,60.73944,60.0
2048,59.667183,60.0
2049,59.589172,60.0
2050,59.669575,60.0
2051,59.682472,60.0
2052,59.578278,60.0
2053,59.38498,60.0
2054,59.644928,60.0
2055,59.564644,60.0
2056,59.23452,60.0
2057,59.079445,59.0
2058,57.94633,59.0
2059,57.878963,58.0
2060,57.290485,58.0
2061,56.901077,58.0
2062,57.097317,58.0
2063,57.38164,58.0
2064,57.44077,58.0
2065,57.66558,58.0
2066,57.621506,58.0
2067,57.605164,58.0
2068,57.639412,59.0
2069,58.18281,62.0
2070,61.12772,66.99999999999999
2071,66.22105,72.0
2072,71.52599,77.00000000000001
2073,76.730545,78.0
2074,77.56914,78.0
2075,77.56845,76.0
2076,75.55144,74.99999999999999
2077,74.54562,73.00000000000001
2078,72.54489,70.99999999999999
2079,70.5173,70.0
2080,69.605515,68.0
2081,67.53259,66.0
2082,65.46573,65.0
2083,64.0603,63.0
2084,62.026302,62.0
2085,61.147808,61.0
2086,60.396446,60.0
2087,59.31316,59.0
2088,58.285336,57.0
2089,56.252083,56.0
2090,55.27151,55.0
2091,54.258465,54.0
2092,53.330437,54.0
2093,53.617275,56.0
2094,55.63944,62.0
2095,61.709713,69.00000000000001
2096,68.83994,74.99999999999999
2097,74.88375,78.99999999999999
2098,78.8616,80.0
2099,79.8506,80.0
2100,79.80548,80.0
2101,79.60417,81.00000000000001
2102,80.63024,81.00000000000001
2103,80.28066,82.0
2104,81.034775,82.0
2105,81.53664,82.0
2106,81.11721,82.0
2107,81.16847,82.99999999999999
2108,82.322235,82.99999999999999
2109,82.09765,82.0
2110,81.57785,81.00000000000001
2111,81.16425,80.0
2112,80.08971,78.99999999999999
2113,79.025925,78.0
2114,77.977135,78.0
2115,77.936935,77.00000000000001
2116,76.85648,76.0
2117,75.89403,74.0
2118,73.82093,70.0
2119,69.858574,66.0
2120,65.84211,63.0
2121,62.81677,62.0
2122,61.888332,62.0
2123,61.814564,62.0
2124,61.752464,63.0
2125,62.60865,63.0
2126,62.534,63.0
2127,62.28419,64.0
2128,63.297894,64.0
2129,62.989426,64.0
2130,62.60189,65.0
2131,63.83637,65.0
2132,64.18314,65.0
2133,64.12305,65.0
2134,64.01877,66.0
2135,65.40306,66.0
2136,65.5331,66.0
2137,65.81096,66.0
2138,65.79049,66.0
2139,65.557785,65.0
2140,64.749695,64.0
2141,63.72963,63.0
2142,62.58995,63.0
2143,62.687756,62.0
2144,61.642525,61.0
2145,60.57392,61.0
2146,60.565266,60.0
2147,59.665558,60.0
2148,59.669437,60.0
2149,59.38087,60.0
2150,59.565422,59.0
2151,58.341362,59.0
2152,58.3766,59.0
2153,58.470707,59.0
2154,58.4207,59.0
2155,58.521984,60.0
2156,59.4529,61.0
2157,60.457035,62.0
2158,61.327858,63.0
2159,62.717484,63.0
2160,62.740788,64.0
2161,63.79515,64.0
2162,63.786564,64.0
2163,63.773167,63.0
2164,62.70686,63.0
2165,62.707905,62.0
2166,61.615116,60.0
2167,59.50355,58.0
2168,57.54624,57.0
2169,56.450108,56.0
2170,55.331608,56.0
2171,55.350204,56.0
2172,55.557926,56.0
2173,55.607758,56.0
2174,55.56989,56.0
2175,55.63804,57.0
2176,55.947685,58.0
2177,57.045036,58.0
2178,56.65267,59.0
2179,57.907406,59.0
2180,58.374165,59.0
2181,58.36326,58.0
2182,57.343037,59.0
2183,58.7394,59.0
2184,58.68531,60.0
2185,59.68382,60.0
2186,59.68938,61.0
2187,60.686356,62.0
2188,61.701443,63.0
2189,62.682,63.0
2190,62.692066,64.0
2191,63.58233,64.0
2192,63.129208,65.0
2193,64.13279,65.0
2194,64.1599,65.0
2195,64.27584,65.0
2196,64.628494,65.0
2197,64.57869,65.0
2198,64.58179,64.0
2199,63.41317,64.0
2200,63.085556,63.0
2201,61.79685,63.0
2202,61.755383,62.0
2203,60.713158,62.0
2204,60.802483,62.0
2205,60.909954,61.0
2206,59.65522,61.0
2207,59.827885,61.0
2208,60.030357,61.0
2209,60.278454,61.0
2210,60.271618,61.0
2211,60.37509,61.0
2212,60.287308,61.0
2213,60.479538,61.0
2214,60.294872,61.0
2215,60.58036,61.0
2216,60.545273,61.0
2217,60.088554,61.0
2218,60.58524,62.0
2219,61.50572,62.0
2220,61.635612,63.0
2221,62.57209,64.0
2222,63.658875,65.0
2223,64.35626,66.0
2224,65.58872,66.99999999999999
2225,66.18758,68.0
2226,66.8995,69.00000000000001
2227,67.73775,70.0
2228,68.42841,70.99999999999999
2229,69.393394,72.0
2230,70.32781,72.0
2231,70.58278,72.0
2232,70.73909,72.0
2233,71.07473,72.0
2234,71.127686,72.0
2235,70.979866,72.0
2236,71.82248,72.0
2237,71.73812,72.0
2238,71.65589,73.00000000000001
2239,72.549164,73.00000000000001
2240,72.6097,74.0
2241,73.47838,74.0
2242,73.41734,74.0
2243,73.439545,74.0
2244,73.625084,74.0
2245,73.555954,74.0
2246,73.54359,74.0
2247,73.46272,74.0
2248,72.88597,74.0
2249,72.74169,74.0
2250,72.67779,74.0
2251,72.47239,73.00000000000001
2252,71.42757,73.00000000000001
2253,71.545944,72.0
2254,70.593864,72.0
2255,70.65438,72.0
2256,70.78616,72.0
2257,70.819595,72.0
2258,70.88259,72.0
2259,70.5174,72.0
2260,71.53062,72.0
2261,71.791756,70.99999999999999
2262,70.70278,70.99999999999999
2263,70.811485,70.99999999999999
2264,70.803986,70.99999999999999
2265,70.37847,70.0
2266,69.34781,70.0
2267,69.375145,70.0
2268,69.43258,70.0
2269,69.41743,69.00000000000001
2270,68.133026,69.00000000000001
2271,68.53132,69.00000000000001
2272,68.0599,69.00000000000001
2273,67.93963,68.0
2274,66.72105,68.0
2275,66.93548,68.0
2276,66.83771,68.0
2277,66.64813,69.00000000000001
2278,67.720665,69.00000000000001
2279,67.61096,69.00000000000001
2280,67.62659,69.00000000000001
2281,67.83557,68.0
2282,67.61962,68.0
2283,67.75284,68.0
2284,67.77416,68.0
2285,67.719,68.0
2286,67.74538,68.0
2287,67.69485,68.0
2288,67.67918,68.0
2289,67.60558,68.0
2290,67.53284,68.0
2291,67.634674,68.0
2292,67.77713,68.0
2293,67.58981,68.0
2294,67.52053,66.99999999999999
2295,66.034294,66.99999999999999
2296,65.794495,66.99999999999999
2297,65.826256,66.99999999999999
2298,65.99445,66.0
2299,64.91228,66.0
2300,64.799194,66.0
2301,64.72653,66.0
2302,64.761024,66.0
2303,64.62643,66.0
2304,65.13183,66.0
2305,65.58574,66.0
2306,65.22216,66.99999999999999
2307,66.29809,66.99999999999999
2308,66.335365,66.99999999999999
2309,66.290115,66.0
2310,65.03921,66.0
2311,65.026306,66.0
2312,65.61085,66.0
2313,65.50446,66.0
2314,65.41499,66.0
2315,65.55509,66.0
2316,65.65783,66.0
2317,65.65129,66.0
2318,65.53803,66.99999999999999
2319,66.64847,66.99999999999999
2320,65.99617,66.99999999999999
2321,65.75376,66.99999999999999
2322,65.60584,66.99999999999999
2323,65.44879,66.0
2324,64.05692,65.0
2325,63.68136,64.0
2326,62.9836,64.0
2327,63.09141,64.0
2328,62.940273,64.0
2329,62.99035,65.0
2330,64.16082,66.0
2331,64.96148,66.0
2332,65.38459,66.0
2333,65.57942,66.0
2334,65.5983,66.0
2335,65.578384,66.0
2336,65.60867,66.0
2337,65.66951,66.0
2338,65.66076,66.99999999999999
2339,66.59542,68.0
2340,67.811874,69.00000000000001
2341,68.63324,70.0
2342,69.750626,70.0
2343,69.62909,70.99999999999999
2344,70.43727,70.99999999999999
2345,69.92423,72.0
2346,70.68534,73.00000000000001
2347,71.5643,74.0
2348,72.28725,74.99999999999999
2349,73.46804,76.0
2350,74.30352,77.00000000000001
2351,76.00087,78.99999999999999
2352,78.238014,82.0
2353,81.73351,86.0
2354,85.88899,88.0
2355,88.055885,86.0
2356,86.094406,82.99999999999999
2357,83.08921,80.0
2358,79.95559,78.0
2359,78.01043,77.00000000000001
2360,76.96759,77.00000000000001
2361,76.95145,76.0
2362,75.94099,76.0
2363,76.01869,74.99999999999999
2364,74.99685,74.99999999999999
2365,74.845825,74.99999999999999
2366,74.76895,74.0
2367,73.704926,74.0
2368,73.566414,73.00000000000001
2369,72.172165,73.00000000000001
2370,71.88279,72.0
2371,70.90264,70.99999999999999
2372,69.973495,70.99999999999999
2373,70.43716,72.0
2374,71.47207,72.0
2375,71.76335,70.99999999999999
2376,70.94093,70.99999999999999
2377,70.71779,70.0
2378,69.74989,70.0
2379,69.8162,69.00000000000001
2380,68.81448,70.0
2381,69.92949,70.0
2382,69.86322,70.99999999999999
2383,70.958046,70.99999999999999
2384,70.83454,72.0
2385,71.459526,72.0
2386,71.94988,72.0
2387,71.47532,73.00000000000001
2388,72.89017,73.00000000000001
2389,72.49815,73.00000000000001
2390,72.22609,73.00000000000001
2391,72.55188,73.00000000000001
2392,72.072525,73.00000000000001
2393,71.675674,74.0
2394,72.957,74.0
2395,72.63055,73.00000000000001
2396,71.95645,73.00000000000001
2397,71.74922,72.0
2398,71.21825,70.99999999999999
2399,70.356384,70.99999999999999
2400,70.36527,70.99999999999999
2401,70.692444,70.99999999999999
2402,70.7013,70.99999999999999
2403,70.91493,70.99999999999999
2404,70.86453,70.99999999999999
2405,70.93,70.99999999999999
2406,70.55763,70.99999999999999
2407,70.32171,70.99999999999999
2408,70.38114,70.99999999999999
2409,70.47229,70.99999999999999
2410,70.86139,70.99999999999999
2411,70.78049,70.99999999999999
2412,70.83374,70.0
2413,69.652374,70.0
2414,69.72046,70.0
2415,69.66866,70.0
2416,69.190895,70.0
2417,69.28066,70.0
2418,69.097435,70.99999999999999
2419,70.302315,72.0
2420,71.66753,73.00000000000001
2421,72.48799,74.0
2422,73.63658,74.0
2423,73.58553,74.99999999999999
2424,74.59199,74.99999999999999
2425,74.55959,74.99999999999999
2426,74.530815,74.99999999999999
2427,74.51708,74.0
2428,73.82782,74.0
2429,73.8671,74.0
2430,73.952705,74.0
2431,73.922935,74.0
2432,73.95185,74.0
2433,73.90218,74.0
2434,73.858734,73.00000000000001
2435,72.79149,73.00000000000001
2436,72.907166,73.00000000000001
2437,72.41805,73.00000000000001
2438,72.72564,72.0
2439,71.2101,72.0
2440,71.12325,72.0
2441,70.84808,73.00000000000001
2442,71.700226,72.0
2443,70.59907,72.0
2444,70.613716,70.99999999999999
2445,69.67813,70.0
2446,68.91813,69.00000000000001
2447,68.04917,68.0
2448,67.35953,68.0
2449,67.73709,68.0
2450,67.69176,66.99999999999999
2451,66.692474,66.99999999999999
2452,66.67345,66.99999999999999
2453,66.73936,66.99999999999999
2454,66.66847,66.99999999999999
2455,66.7506,66.99999999999999
2456,66.72426,66.99999999999999
2457,66.73392,66.99999999999999
2458,66.670876,66.0
2459,65.69728,66.0
2460,65.81525,66.0
2461,65.75623,65.0
2462,64.67778,65.0
2463,64.310616,65.0
2464,63.99881,65.0
2465,63.630157,64.0
2466,62.76435,63.0
2467,61.94075,63.0
2468,61.68534,62.0
2469,60.622986,62.0
2470,60.72257,63.0
2471,61.78283,63.0
2472,61.81364,63.0
2473,61.977955,62.0
2474,60.950047,62.0
2475,61.587612,61.0
2476,60.619514,60.0
2477,59.47907,60.0
2478,59.44015,59.0
2479,58.335396,59.0
2480,58.43004,59.0
2481,58.321007,58.0
2482,57.379433,58.0
2483,57.084175,57.0
2484,56.656532,57.0
2485,56.57323,57.0
2486,56.53704,57.0
2487,56.566433,57.0
2488,56.635746,57.0
2489,56.593964,57.0
2490,56.456623,58.0
2491,57.235737,58.0
2492,57.054104,58.0
2493,56.93358,58.0
2494,57.01267,58.0
2495,57.216854,58.0
2496,57.372303,58.0
2497,57.133175,58.0
2498,56.871643,58.0
2499,56.986176,58.0
2500,56.98342,58.0
2501,57.194847,58.0
2502,57.59252,57.0
2503,56.543514,57.0
2504,56.627743,57.0
2505,56.4122,57.0
2506,56.64057,58.0
2507,57.6131,58.0
2508,57.57702,58.0
2509,57.510887,58.0
2510,57.56473,58.0
2511,57.330833,57.0
2512,56.232635,57.0
2513,55.88331,57.0
2514,55.89449,56.0
2515,54.96389,56.0
2516,54.822777,56.0
2517,54.672768,56.0
2518,54.995163,55.0
2519,53.962624,55.0
2520,53.90925,55.0
2521,53.92672,55.0
2522,54.11878,54.0
2523,53.34169,54.0
2524,53.57663,55.0
2525,54.581604,55.0
2526,54.583927,55.0
2527,54.5568,55.0
2528,54.568676,55.0
2529,54.573612,54.0
2530,53.569824,54.0
2531,53.283348,54.0
2532,53.671158,54.0
2533,53.530094,54.0
2534,53.49742,54.0
2535,53.47582,54.0
2536,53.060535,54.0
2537,52.931885,54.0
2538,53.157692,54.0
2539,52.79167,54.0
2540,52.74162,54.0
2541,52.836044,54.0
2542,52.67704,53.0
2543,52.002266,53.0
2544,52.179893,53.0
2545,52.04569,53.0
2546,52.079548,53.0
2547,52.146137,53.0
2548,52.55353,52.0
2549,51.56311,52.0
2550,51.617912,52.0
2551,51.605415,52.0
2552,51.57577,53.0
2553,52.56162,53.0
2554,52.652466,53.0
2555,52.570316,53.0
2556,52.677975,53.0
2557,52.700573,53.0
2558,52.492413,53.0
2559,51.59415,53.0
2560,51.317116,53.0
2561,51.8022,52.0
2562,50.969666,51.0
2563,50.26444,50.0
2564,48.84263,50.0
2565,49.069126,51.0
2566,49.467247,51.0
2567,49.540783,51.0
2568,50.17224,52.0
2569,51.332024,52.0
2570,51.30482,52.0
2571,51.15609,53.0
2572,51.7481,53.0
2573,52.43638,53.0
2574,52.64213,53.0
2575,52.434666,54.0
2576,53.539566,54.0
2577,53.43592,54.0
2578,53.462753,54.0
2579,53.42527,54.0
2580,53.718666,54.0
2581,53.191566,54.0
2582,53.218204,54.0
2583,53.55341,54.0
2584,53.00335,54.0
2585,52.77238,54.0
2586,52.806763,55.0
2587,53.57228,55.0
2588,54.153053,55.0
2589,54.35389,55.0
2590,53.997482,55.0
2591,54.16132,55.0
2592,54.15521,54.0
2593,53.394585,54.0
2594,53.34974,54.0
2595,53.287643,54.0
2596,53.221977,54.0
2597,53.386703,54.0
2598,53.60365,55.0
2599,54.692886,55.0
2600,54.697956,55.0
2601,54.753967,56.0
2602,55.713898,63.0
2603,62.726326,70.0
2604,69.70144,77.00000000000001
2605,76.579346,77.00000000000001
2606,76.46371,77.00000000000001
2607,76.36456,77.00000000000001
2608,76.32738,77.00000000000001
2609,76.065285,76.0
2610,75.21509,76.0
2611,75.51189,76.0
2612,75.60013,74.99999999999999
2613,74.009384,74.99999999999999
2614,74.56676,74.0
2615,73.23406,74.0
2616,73.3721,73.00000000000001
2617,72.89691,73.00000000000001
2618,72.76772,72.0
2619,71.73471,72.0
2620,71.75772,72.0
2621,71.3947,70.99999999999999
2622,70.432526,70.0
2623,69.46682,68.0
2624,67.305954,66.0
2625,65.58963,66.0
2626,65.30914,65.0
2627,64.34285,66.0
2628,65.5275,66.0
2629,65.23473,66.0
2630,65.21528,66.99999999999999
2631,66.28289,66.99999999999999
2632,66.299416,68.0
2633,67.18485,68.0
2634,67.15996,69.00000000000001
2635,68.253845,70.0
2636,69.23289,70.99999999999999
2637,70.297386,72.0
2638,71.18954,73.00000000000001
2639,72.00429,74.0
2640,73.18499,74.0
2641,73.13024,74.99999999999999
2642,74.2645,74.99999999999999
2643,74.25949,74.99999999999999
2644,74.41162,74.99999999999999
2645,74.23733,74.0
2646,73.36059,70.99999999999999
2647,70.1733,66.99999999999999
2648,66.298515,65.0
2649,64.32236,63.0
2650,62.343452,63.0
2651,62.32447,64.0
2652,63.33982,65.0
2653,64.28807,65.0
2654,64.37868,65.0
2655,64.1272,65.0
2656,64.32787,64.0
2657,63.150963,64.0
2658,63.15216,63.0
2659,61.687046,63.0
2660,61.958767,62.0
2661,61.33877,62.0
2662,60.934853,61.0
2663,60.220512,61.0
2664,60.45435,61.0
2665,60.472973,61.0
2666,60.48214,61.0
2667,60.458454,61.0
2668,60.439034,61.0
2669,60.275234,60.0
2670,59.23877,58.0
2671,57.57462,55.0
2672,54.560844,53.0
2673,52.54488,52.0
2674,51.521072,52.0
2675,51.593575,53.0
2676,52.306866,53.0
2677,52.648026,53.0
2678,52.545795,53.0
2679,52.53452,54.0
2680,52.939346,54.0
2681,52.660393,54.0
2682,52.90617,54.0
2683,52.48884,54.0
2684,52.67397,54.0
2685,53.14467,54.0
2686,53.261913,54.0
2687,53.368725,54.0
2688,53.541077,54.0
2689,53.32042,53.0
2690,52.332706,53.0
2691,52.568707,53.0
2692,52.54127,53.0
2693,52.185226,53.0
2694,52.259594,52.0
2695,51.284084,52.0
2696,50.935696,51.0
2697,50.199463,51.0
2698,50.027554,50.0
2699,49.086887,49.0
2700,48.13575,48.0
2701,47.593636,47.0
2702,46.636185,45.0
2703,44.133904,43.0
2704,41.703506,41.0
2705,40.269016,38.0
2706,36.51538,36.0
2707,34.078106,34.0
2708,32.33134,33.0
2709,31.371374,33.0
2710,31.658358,33.0
2711,31.189964,34.0
2712,32.61293,35.0
2713,33.557644,36.0
2714,34.839806,36.0
2715,35.32814,37.0
2716,36.39855,39.0
2717,38.812805,43.0
2718,42.683086,48.0
2719,47.678658,53.0
2720,52.65649,57.0
2721,56.580906,59.0
2722,58.67166,59.0
2723,58.677708,59.0
2724,58.631916,59.0
2725,58.714146,59.0
2726,58.655586,59.0
2727,58.51474,60.0
2728,59.18049,60.0
2729,59.01605,61.0
2730,59.709133,62.0
2731,60.843,62.0
2732,60.742306,62.0
2733,61.146214,61.0
2734,60.151966,62.0
2735,61.734562,62.0
2736,61.743557,63.0
2737,62.368557,64.0
2738,63.36401,64.0
2739,63.63833,65.0
2740,64.54931,65.0
2741,64.38578,65.0
2742,64.37005,64.0
2743,63.688282,63.0
2744,62.679985,62.0
2745,61.329967,62.0
2746,61.662846,61.0
2747,60.676613,61.0
2748,60.63779,61.0
2749,60.44866,61.0
2750,60.349335,61.0
2751,60.58551,61.0
2752,60.24739,61.0
2753,60.387165,60.0
2754,59.278294,60.0
2755,59.130302,60.0
2756,59.30488,59.0
2757,58.014397,58.0
2758,57.202206,58.0
2759,57.33732,57.0
2760,56.493156,57.0
2761,56.623974,57.0
2762,56.615673,56.0
2763,55.630985,56.0
2764,55.63627,56.0
2765,55.63702,56.0
2766,55.67454,57.0
2767,56.692463,58.0
2768,57.65773,58.0
2769,57.646683,58.0
2770,57.71904,58.0
2771,57.604656,58.0
2772,57.608864,58.0
2773,57.57995,58.0
2774,57.562115,58.0
2775,57.60903,59.0
2776,58.305016,60.0
2777,59.44318,61.0
2778,60.541275,62.0
2779,61.152485,63.0
2780,62.09699,64.0
2781,63.156265,65.0
2782,64.145004,66.0
2783,65.19548,66.0
2784,65.68648,66.99999999999999
2785,66.78631,68.0
2786,67.78383,68.0
2787,67.47131,69.00000000000001
2788,68.83819,69.00000000000001
2789,68.420586,66.99999999999999
2790,66.38591,64.0
2791,63.714497,59.0
2792,58.60321,56.0
2793,55.64313,54.0
2794,53.62583,53.0
2795,52.6352,54.0
2796,53.658627,54.0
2797,53.615295,55.0
2798,54.579334,55.0
2799,54.42594,56.0
2800,55.308193,57.0
2801,56.356625,57.0
2802,56.38583,57.0
2803,56.257732,57.0
2804,56.371677,57.0
2805,56.34428,57.0
2806,56.251274,58.0
2807,57.28077,59.0
2808,58.566498,60.0
2809,59.45974,62.0
2810,61.37935,63.0
2811,62.60496,64.0
2812,63.737373,66.0
2813,65.75889,66.99999999999999
2814,66.35194,70.0
2815,69.7546,73.00000000000001
2816,72.79761,74.99999999999999
2817,74.81293,76.0
2818,75.82453,77.00000000000001
2819,76.768936,77.00000000000001
2820,76.753105,78.0
2821,77.10865,78.0
2822,76.97619,78.99999999999999
2823,77.80492,80.0
2824,79.224625,81.00000000000001
2825,80.39231,82.0
2826,81.395615,82.99999999999999
2827,82.63494,82.99999999999999
2828,82.52058,84.0
2829,83.46432,85.00000000000001
2830,84.346794,86.0
2831,85.65823,86.99999999999999
2832,87.02326,89.00000000000001
2833,88.96281,90.0
2834,89.941,90.99999999999999
2835,90.581856,90.99999999999999
2836,91.016525,90.99999999999999
2837,90.94065,88.0
2838,87.78372,81.00000000000001
2839,80.804955,73.00000000000001
2840,72.82314,65.0
2841,64.299416,61.0
2842,60.707607,60.0
2843,59.743286,59.0
2844,58.68915,59.0
2845,58.591084,59.0
2846,58.50594,58.0
2847,57.112904,58.0
2848,56.863304,58.0
2849,57.054993,58.0
2850,56.89621,58.0
2851,56.564365,58.0
2852,56.783916,58.0
2853,56.6075,58.0
2854,56.9779,58.0
2855,57.334167,58.0
2856,57.26978,58.0
2857,57.26504,58.0
2858,57.565178,59.0
2859,58.20537,59.0
2860,58.5133,60.0
2861,59.59776,61.0
2862,60.453136,62.0
2863,61.637016,62.0
2864,61.68798,63.0
2865,62.64016,63.0
2866,62.644413,63.0
2867,62.650837,64.0
2868,63.66852,64.0
2869,63.555096,64.0
2870,63.571957,63.0
2871,62.314125,63.0
2872,62.302517,63.0
2873,62.19823,63.0
2874,62.26532,62.0
2875,61.417988,61.0
2876,60.219658,60.0
2877,59.02169,60.0
2878,59.20781,59.0
2879,58.308083,58.0
2880,57.340538,58.0
2881,57.327232,57.0
2882,56.29804,57.0
2883,56.64341,56.0
2884,55.606125,56.0
2885,55.3883,56.0
2886,55.404686,56.0
2887,55.63428,56.0
2888,55.635384,56.0
2889,55.648758,56.0
2890,55.62507,57.0
2891,56.649082,57.0
2892,56.64163,57.0
2893,56.488228,57.0
2894,56.633804,58.0
2895,57.612354,58.0
2896,57.401546,58.0
2897,57.483303,59.0
2898,58.489937,60.0
2899,59.41768,60.0
2900,59.49424,61.0
2901,60.110252,62.0
2902,61.28428,62.0
2903,61.578793,63.0
2904,62.68084,64.0
2905,63.44259,64.0
2906,63.453926,65.0
2907,64.693054,65.0
2908,64.696,65.0
2909,64.67424,66.0
2910,65.71289,66.0
2911,65.74947,66.0
2912,65.69182,66.0
2913,65.76749,66.0
2914,65.665344,66.99999999999999
2915,66.72411,66.0
2916,65.64677,66.0
2917,65.45725,66.0
2918,65.274155,66.0
2919,65.337074,65.0
2920,64.41752,65.0
2921,64.30583,64.0
2922,63.388565,63.0
2923,62.28246,63.0
2924,62.338657,62.0
2925,61.362915,61.0
2926,60.339664,61.0
2927,60.353325,60.0
2928,59.3214,59.0
2929,58.342117,58.0
2930,57.392662,57.0
2931,56.619102,56.0
2932,55.529633,56.0
2933,55.53072,56.0
2934,55.546097,56.0
2935,55.326313,56.0
2936,55.55284,55.0
2937,54.601967,55.0
2938,54.542667,54.0
2939,53.60362,54.0
2940,53.63383,53.0
2941,52.56081,53.0
2942,52.65767,53.0
2943,52.720596,53.0
2944,52.57502,53.0
2945,52.52183,53.0
2946,52.809784,53.0
2947,52.793713,53.0
2948,52.47822,53.0
2949,52.545605,53.0
2950,52.28798,53.0
2951,52.20309,53.0
2952,52.16061,54.0
2953,53.21132,54.0
2954,53.22673,54.0
2955,53.37007,54.0
2956,53.698685,55.0
2957,54.357605,55.0
2958,54.640266,55.0
2959,54.62121,55.0
2960,54.639587,56.0
2961,55.670177,56.0
2962,55.656296,57.0
2963,56.667667,57.0
2964,56.659782,58.0
2965,57.626064,58.0
2966,57.583946,59.0
2967,58.59418,59.0
2968,58.059784,60.0
2969,59.06564,60.0
2970,59.07227,60.0
2971,59.16372,61.0
2972,60.153553,61.0
2973,60.14895,61.0
2974,60.00195,61.0
2975,59.900696,62.0
2976,61.057438,62.0
2977,61.13771,62.0
2978,61.21974,62.0
2979,61.670284,63.0
2980,62.604614,63.0
2981,62.62898,63.0
2982,62.6099,63.0
2983,62.662426,63.0
2984,62.551636,63.0
2985,62.463337,63.0
2986,62.168037,63.0
2987,62.538082,63.0
2988,62.505306,63.0
2989,62.212257,62.0
2990,61.41573,62.0
2991,61.487267,62.0
2992,61.211575,62.0
2993,61.261,61.0
2994,60.43166,61.0
2995,60.53272,61.0
2996,60.302803,61.0
2997,60.403233,61.0
2998,60.559982,62.0
2999,61.560505,62.0
3000,61.698082,62.0
3001,61.77933,63.0
3002,62.773537,63.0
3003,62.75355,63.0
3004,62.74062,64.0
3005,63.74382,64.0
3006,63.739597,64.0
3007,63.763733,65.0
3008,64.7535,65.0
3009,64.7271,65.0
3010,64.3167,66.0
3011,65.57764,66.0
3012,65.58713,66.0
3013,65.50302,66.0
3014,65.39915,65.0
3015,64.45617,65.0
3016,64.51436,64.0
3017,63.521545,64.0
3018,63.292217,63.0
3019,62.43517,63.0
3020,62.434933,62.0
3021,61.551357,61.0
3022,60.546436,60.0
3023,59.376072,59.0
3024,58.658493,59.0
3025,58.62562,58.0
3026,57.671326,58.0
3027,57.650284,58.0
3028,57.633457,57.0
3029,56.627506,57.0
3030,56.377224,57.0
3031,56.585518,56.0
3032,55.577732,56.0
3033,55.428833,55.0
3034,54.46094,55.0
3035,54.438618,55.0
3036,54.51842,55.0
3037,54.607426,55.0
3038,54.53337,55.0
3039,54.304497,56.0
3040,55.331985,56.0
3041,55.242447,57.0
3042,56.337322,57.0
3043,56.368187,58.0
3044,57.39536,58.0
3045,57.480972,59.0
3046,58.410507,59.0
3047,58.583942,60.0
3048,59.59417,59.0
3049,58.576637,59.0
3050,58.35448,58.0
3051,57.571487,57.0
3052,56.580074,57.0
3053,56.619617,56.0
3054,55.560566,55.0
3055,54.265812,55.0
3056,54.64219,54.0
3057,53.629524,54.0
3058,53.243725,53.0
3059,52.643673,53.0
3060,52.54582,53.0
3061,52.35572,53.0
3062,52.290916,53.0
3063,52.330288,53.0
3064,52.295593,53.0
3065,52.27507,52.0
3066,51.361732,52.0
3067,51.51652,51.0
3068,50.45239,49.0
3069,48.539253,47.0
3070,46.726425,45.0
3071,44.66474,44.0
3072,43.65197,44.0
3073,43.704742,45.0
3074,44.697166,47.0
3075,46.64411,49.0
3076,48.613922,50.0
3077,49.621464,51.0
3078,50.60307,52.0
3079,51.562492,52.0
3080,51.557274,52.0
3081,51.503418,52.0
3082,51.61093,52.0
3083,51.690952,53.0
3084,52.683407,53.0
3085,52.561405,53.0
3086,52.62942,54.0
3087,53.524532,54.0
3088,53.30497,55.0
3089,54.057858,55.0
3090,54.194386,56.0
3091,55.112263,56.0
3092,55.266926,57.0
3093,56.530193,57.0
3094,56.15366,58.0
3095,57.203724,58.0
3096,57.191967,58.0
3097,57.14803,59.0
3098,57.98933,59.0
3099,58.624165,59.0
3100,58.673603,59.0
3101,58.640778,59.0
3102,58.60938,59.0
3103,58.576843,59.0
3104,58.56991,60.0
3105,59.532635,60.0
3106,59.568333,60.0
3107,59.633045,60.0
3108,59.604736,60.0
3109,59.619514,60.0
3110,59.51765,59.0
3111,58.268864,59.0
3112,58.302933,59.0
3113,58.192413,59.0
3114,58.24086,59.0
3115,58.23235,58.0
3116,56.872196,58.0
3117,56.876213,57.0
3118,55.969433,56.0
3119,55.363285,56.0
3120,55.227077,56.0
3121,55.63233,56.0
3122,55.68435,56.0
3123,55.64841,56.0
3124,55.585655,57.0
3125,56.612312,57.0
3126,56.59172,57.0
3127,56.523903,57.0
3128,56.548676,57.0
3129,56.581333,57.0
3130,56.54155,57.0
3131,56.569458,57.0
3132,56.63781,57.0
3133,56.630093,58.0
3134,57.62001,58.0
3135,57.58596,59.0
3136,58.470497,59.0
3137,58.075054,60.0
3138,59.03559,60.0
3139,59.040466,61.0
3140,60.127796,61.0
3141,60.19631,61.0
3142,59.88205,61.0
3143,60.471436,61.0
3144,60.507153,61.0
3145,60.590664,62.0
3146,61.62088,62.0
3147,61.604782,63.0
3148,62.541588,63.0
3149,62.541386,63.0
3150,62.53311,63.0
3151,62.53526,64.0
3152,63.52721,64.0
3153,63.64341,64.0
3154,63.588036,64.0
3155,63.632526,64.0
3156,63.59275,64.0
3157,63.484116,64.0
3158,63.450195,64.0
3159,63.535458,64.0
3160,63.166546,64.0
3161,63.179893,64.0
3162,62.95511,65.0
3163,63.985874,65.0
3164,63.92539,65.0
3165,63.915546,65.0
3166,63.79964,66.0
3167,64.78853,66.0
3168,64.85695,65.0
3169,64.01327,65.0
3170,64.15214,65.0
3171,64.66081,65.0
3172,64.65967,64.0
3173,63.66089,64.0
3174,63.572536,64.0
3175,63.553795,64.0
3176,63.495174,63.0
3177,62.481224,63.0
3178,62.48111,63.0
3179,62.568222,63.0
3180,62.560455,62.0
3181,61.42058,62.0
3182,61.56314,61.0
3183,60.56225,61.0
3184,60.446804,60.0
3185,59.33278,59.0
3186,58.22981,58.0
3187,57.385178,57.0
3188,56.26017,57.0
3189,56.23489,57.0
3190,56.189426,57.0
3191,56.436348,57.0
3192,56.08291,58.0
3193,57.08488,58.0
3194,57.26653,58.0
3195,57.121895,58.0
3196,57.64484,58.0
3197,57.57456,58.0
3198,57.438915,59.0
3199,58.500885,59.0
3200,58.576157,59.0
3201,58.49972,59.0
3202,58.45748,60.0
3203,59.451263,60.0
3204,59.54428,60.0
3205,59.44016,60.0
3206,59.502525,61.0
3207,60.54396,61.0
3208,60.501537,61.0
3209,59.92926,61.0
3210,60.139206,61.0
3211,60.097576,62.0
3212,60.96499,62.0
3213,60.98668,62.0
3214,61.057137,61.0
3215,59.926373,61.0
3216,60.264626,61.0
3217,60.297153,61.0
3218,60.671013,61.0
3219,60.681034,61.0
3220,60.728195,61.0
3221,60.65882,61.0
3222,60.577026,61.0
3223,60.528797,61.0
3224,60.53666,61.0
3225,60.507595,60.0
3226,59.339428,60.0
3227,59.46254,60.0
3228,59.646126,60.0
3229,59.5056,60.0
3230,59.5047,60.0
3231,59.577335,59.0
3232,58.456593,59.0
3233,58.408485,59.0
3234,58.11646,59.0
3235,57.865784,59.0
3236,58.04046,60.0
3237,59.03743,60.0
3238,58.87307,60.0
3239,59.143116,60.0
3240,59.17502,60.0
3241,59.122063,60.0
3242,59.591698,60.0
3243,59.341137,59.0
3244,58.705116,59.0
3245,58.31901,59.0
3246,58.684235,59.0
3247,58.649544,60.0
3248,59.6375,60.0
3249,59.61311,61.0
3250,60.67178,61.0
3251,60.64146,62.0
3252,61.664356,62.0
3253,61.541637,62.0
3254,61.459667,62.0
3255,61.545216,63.0
3256,62.684612,63.0
3257,62.31139,63.0
3258,62.42149,64.0
3259,63.395523,65.0
3260,64.32092,66.0
3261,65.39771,66.99999999999999
3262,66.15582,68.0
3263,67.15838,69.00000000000001
3264,68.37187,70.0
3265,69.29755,70.99999999999999
3266,70.29964,70.99999999999999
3267,70.38278,72.0
3268,71.35819,73.00000000000001
3269,72.26348,73.00000000000001
3270,72.36472,74.0
3271,73.83677,74.0
3272,73.37727,74.99999999999999
3273,74.78725,76.0
3274,75.80858,76.0
3275,75.80331,77.00000000000001
3276,76.729836,77.00000000000001
3277,76.61312,78.0
3278,77.539505,78.99999999999999
3279,78.111305,80.0
3280,79.285904,80.0
3281,79.15578,80.0
3282,79.14106,80.0
3283,79.18587,80.0
3284,79.534615,78.99999999999999
3285,78.20882,78.99999999999999
3286,78.34382,78.0
3287,77.267204,78.0
3288,77.535355,77.00000000000001
3289,76.73215,77.00000000000001
3290,76.74598,77.00000000000001
3291,76.7618,77.00000000000001
3292,76.782104,77.00000000000001
3293,76.739426,77.00000000000001
3294,76.72173,77.00000000000001
3295,76.67751,77.00000000000001
3296,76.69163,76.0
3297,75.66339,76.0
3298,75.63146,74.99999999999999
3299,74.6715,74.99999999999999
3300,74.6523,74.99999999999999
3301,74.561935,74.0
3302,73.53903,74.0
3303,73.536674,73.00000000000001
3304,72.422,73.00000000000001
3305,72.74783,72.0
3306,71.567535,72.0
3307,71.60188,72.0
3308,71.60349,72.0
3309,71.45348,72.0
3310,71.429985,72.0
3311,71.16225,72.0
3312,71.26006,70.99999999999999
3313,70.100746,70.99999999999999
3314,70.54744,70.99999999999999
3315,70.78993,70.99999999999999
3316,70.6968,70.0
3317,69.711914,70.0
3318,69.7612,70.0
3319,69.75983,70.0
3320,69.754265,70.0
3321,69.67987,69.00000000000001
3322,68.546776,69.00000000000001
3323,68.70265,69.00000000000001
3324,68.64638,69.00000000000001
3325,68.47827,68.0
3326,67.4566,68.0
3327,67.48878,68.0
3328,67.09007,66.99999999999999
3329,66.42721,66.99999999999999
3330,65.919914,66.0
3331,65.03541,66.0
3332,64.80667,66.0
3333,64.7559,66.0
3334,64.76644,65.0
3335,64.15416,65.0
3336,64.03246,65.0
3337,64.22112,65.0
3338,64.42014,65.0
3339,64.09252,64.0
3340,63.63241,65.0
3341,64.706154,65.0
3342,64.68886,66.99999999999999
3343,66.66871,70.0
3344,69.65401,72.0
3345,71.66644,74.0
3346,73.60941,74.99999999999999
3347,74.49623,76.0
3348,75.47212,76.0
3349,75.4238,76.0
3350,75.32644,74.99999999999999
3351,74.56037,74.99999999999999
3352,74.45816,74.99999999999999
3353,74.25055,74.99999999999999
3354,73.9628,74.99999999999999
3355,73.81394,76.0
3356,74.74735,76.0
3357,74.837715,76.0
3358,75.19177,74.99999999999999
3359,74.24796,74.99999999999999
3360,74.31735,74.99999999999999
3361,74.311104,74.99999999999999
3362,74.44099,74.99999999999999
3363,74.54414,74.0
3364,73.5873,74.99999999999999
3365,74.448456,74.99999999999999
3366,74.577545,74.99999999999999
3367,74.2625,76.0
3368,75.39936,77.00000000000001
3369,76.46876,77.00000000000001
3370,76.39896,78.0
3371,77.4479,78.0
3372,77.45358,78.0
3373,77.220055,78.0
3374,77.196815,78.99999999999999
3375,78.29188,78.99999999999999
3376,77.95504,78.99999999999999
3377,78.02487,78.99999999999999
3378,77.59352,78.0
3379,76.50267,78.0
3380,77.071106,77.00000000000001
3381,76.1664,77.00000000000001
3382,76.13349,76.0
3383,75.58205,76.0
3384,75.26709,76.0
3385,75.64482,76.0
3386,75.63346,76.0
3387,75.65947,76.0
3388,75.70697,74.99999999999999
3389,74.617424,73.00000000000001
3390,72.47787,70.0
3391,69.43063,66.99999999999999
3392,66.5058,64.0
3393,63.552864,62.0
3394,61.21918,61.0
3395,60.229183,61.0
3396,60.716606,61.0
3397,60.57218,61.0
3398,60.5643,61.0
3399,60.116596,61.0
3400,60.434242,61.0
3401,60.298717,61.0
3402,60.522705,61.0
3403,60.10193,61.0
3404,59.74551,61.0
3405,60.28662,60.0
3406,59.5264,60.0
3407,59.628025,60.0
3408,59.44355,60.0
3409,59.51592,60.0
3410,59.625835,60.0
3411,59.678097,60.0
3412,59.496624,60.0
3413,59.314816,59.0
3414,58.305058,57.0
3415,56.567642,55.0
3416,54.598984,53.0
3417,52.55776,52.0
3418,51.602497,52.0
3419,51.616085,52.0
3420,51.607952,52.0
3421,51.249317,52.0
3422,51.232826,52.0
3423,51.610134,52.0
3424,51.047623,52.0
3425,51.130276,52.0
3426,51.281868,52.0
3427,51.27534,52.0
3428,50.785496,52.0
3429,51.127377,52.0
3430,51.220734,53.0
3431,52.393436,53.0
3432,52.429325,54.0
3433,53.467793,54.0
3434,53.18641,54.0
3435,53.56388,55.0
3436,54.61473,54.0
3437,53.31256,53.0
3438,52.643402,51.0
3439,50.645718,49.0
3440,48.704884,47.0
3441,46.631176,47.0
3442,46.55494,48.0
3443,47.70802,49.0
3444,48.68045,50.0
3445,49.53781,50.0
3446,49.521374,51.0
3447,50.302418,51.0
3448,49.770885,51.0
3449,49.82873,51.0
3450,50.074253,51.0
3451,50.13611,51.0
3452,49.838383,51.0
3453,49.66474,52.0
3454,50.894016,52.0
3455,50.963886,52.0
3456,50.57166,52.0
3457,50.84504,52.0
3458,50.665394,51.0
3459,49.89877,51.0
3460,49.91771,51.0
3461,50.759407,52.0
3462,51.667118,56.0
3463,55.548973,60.0
3464,59.492027,64.0
3465,63.326874,66.0
3466,65.12495,66.99999999999999
3467,66.15507,66.99999999999999
3468,66.17444,66.99999999999999
3469,66.278625,66.99999999999999
3470,66.33147,66.99999999999999
3471,66.1691,66.99999999999999
3472,66.39263,66.99999999999999
3473,66.25923,66.99999999999999
3474,66.26959,66.99999999999999
3475,65.964264,66.99999999999999
3476,65.710625,66.0
3477,64.56779,66.0
3478,64.82287,65.0
3479,64.072845,65.0
3480,64.33519,65.0
3481,64.72508,65.0
3482,64.39499,64.0
3483,63.375156,63.0
3484,62.745167,63.0
3485,62.646317,62.0
3486,61.361343,60.0
3487,59.342056,58.0
3488,57.566998,56.0
3489,55.32278,55.0
3490,54.27064,55.0
3491,54.272552,55.0
3492,54.25766,55.0
3493,54.527668,55.0
3494,54.49831,54.0
3495,53.48309,54.0
3496,53.11302,53.0
3497,51.884964,53.0
3498,52.278347,52.0
3499,51.023045,52.0
3500,51.08164,52.0
3501,51.329998,51.0
3502,50.13236,51.0
3503,50.164246,51.0
3504,50.219887,51.0
3505,50.601486,51.0
3506,50.588978,52.0
3507,51.2626,52.0
3508,51.286476,53.0
3509,52.711205,55.0
3510,54.69096,59.0
3511,58.666965,64.0
3512,63.719482,69.00000000000001
3513,68.60356,70.99999999999999
3514,70.58561,72.0
3515,71.62083,72.0
3516,71.61818,72.0
3517,71.15237,73.00000000000001
3518,72.41878,73.00000000000001
3519,72.105606,73.00000000000001
3520,72.24584,73.00000000000001
3521,72.416695,74.0
3522,73.33154,74.0
3523,73.26101,74.0
3524,73.247894,74.0
3525,73.53773,74.0
3526,73.60946,74.0
3527,73.58032,73.00000000000001
3528,72.87244,73.00000000000001
3529,72.76846,72.0
3530,71.78727,72.0
3531,71.62785,70.99999999999999
3532,70.646675,70.0
3533,69.665764,69.00000000000001
3534,68.728455,68.0
3535,67.75217,68.0
3536,67.71512,68.0
3537,67.68281,68.0
3538,67.6688,69.00000000000001
3539,68.702995,70.99999999999999
3540,70.682076,72.0
3541,71.41247,73.00000000000001
3542,72.44652,74.99999999999999
3543,74.592575,76.0
3544,75.73748,78.0
3545,77.55436,78.99999999999999
3546,78.27245,81.00000000000001
3547,80.42484,82.99999999999999
3548,82.19009,85.00000000000001
3549,84.76286,86.0
3550,86.06463,86.0
3551,85.98736,86.0
3552,85.95473,85.00000000000001
3553,84.392685,84.0
3554,83.27869,82.0
3555,81.29076,81.00000000000001
3556,80.32787,80.0
3557,79.798256,81.00000000000001
3558,80.84483,85.00000000000001
3559,84.88283,90.0
3560,89.93498,94.0
3561,93.90304,97.00000000000001
3562,96.91796,98.99999999999999
3563,98.88575,101.00000000000001
3564,100.916374,102.99999999999999
3565,102.843506,105.00000000000001
3566,104.81698,105.00000000000001
3567,104.12051,105.00000000000001
3568,104.14589,105.00000000000001
3569,103.92802,106.99999999999999
3570,105.93563,109.00000000000001
3571,107.35148,109.00000000000001
3572,107.6467,106.99999999999999
3573,105.119965,104.0
3574,102.40531,101.00000000000001
3575,99.488884,101.00000000000001
3576,99.37468,102.0
3577,100.43458,106.0
3578,105.51169,110.99999999999999
3579,111.02259,116.0
3580,116.20097,116.0
3581,116.75134,110.99999999999999
3582,111.41368,98.0
3583,97.83081,82.99999999999999
3584,82.6223,70.0
3585,69.706985,63.0
3586,62.7307,61.0
3587,60.703438,61.0
3588,60.48614,61.0
3589,60.590202,61.0
3590,60.55004,60.0
3591,59.17553,60.0
3592,58.632263,60.0
3593,58.614273,60.0
3594,58.55736,59.0
3595,57.74065,59.0
3596,57.817787,58.0
3597,56.74756,58.0
3598,56.80029,58.0
3599,57.223152,58.0
3600,57.38845,58.0
3601,57.05936,58.0
3602,57.334976,58.0
3603,57.30037,58.0
3604,57.73407,58.0
3605,57.357376,58.0
3606,57.676365,57.0
3607,56.61401,56.0
3608,55.64421,55.0
3609,54.58297,55.0
3610,54.596684,55.0
3611,54.56908,55.0
3612,54.565075,55.0
3613,54.46862,55.0
3614,54.530296,55.0
3615,54.45061,55.0
3616,54.28591,55.0
3617,54.10254,55.0
3618,54.050266,55.0
3619,53.9584,56.0
3620,55.055984,56.0
3621,54.90268,55.0
3622,54.338142,55.0
3623,54.253468,55.0
3624,54.391914,55.0
3625,54.48824,55.0
3626,54.402298,55.0
3627,54.218243,55.0
3628,54.240135,56.0
3629,55.6622,58.0
3630,57.67362,61.0
3631,60.419342,64.0
3632,63.57663,66.0
3633,65.51871,66.99999999999999
3634,66.6008,66.99999999999999
3635,66.65615,66.0
3636,65.54168,66.0
3637,65.51139,65.0
3638,64.576096,64.0
3639,63.307743,63.0
3640,62.11978,63.0
3641,61.918774,62.0
3642,60.964344,61.0
3643,60.052174,61.0
3644,60.361546,61.0
3645,60.333813,61.0
3646,60.138958,61.0
3647,60.43073,61.0
3648,60.584274,61.0
3649,60.589363,61.0
3650,60.567513,61.0
3651,60.394814,61.0
3652,60.459354,61.0
3653,60.437572,61.0
3654,60.394314,61.0
3655,60.35648,61.0
3656,60.239044,62.0
3657,61.327656,62.0
3658,61.353382,63.0
3659,62.357857,63.0
3660,62.42594,63.0
3661,62.49817,63.0
3662,62.4239,63.0
3663,62.40031,63.0
3664,62.394573,63.0
3665,62.3013,63.0
3666,62.21364,63.0
3667,62.390247,62.0
3668,61.365917,61.0
3669,60.424515,60.0
3670,59.401207,59.0
3671,58.376106,58.0
3672,57.395435,57.0
3673,56.334354,57.0
3674,56.33118,56.0
3675,55.634296,55.0
3676,54.613472,54.0
3677,53.622036,53.0
3678,52.478313,52.0
3679,51.50606,51.0
3680,50.635433,50.0
3681,49.61327,48.0
3682,47.670055,46.0
3683,45.71962,43.0
3684,42.481148,42.0
3685,41.7035,40.0
3686,39.808044,40.0
3687,39.601944,40.0
3688,38.72919,40.0
3689,39.142365,41.0
3690,39.437977,43.0
3691,41.372543,44.0
3692,42.491013,45.0
3693,43.708027,46.0
3694,44.78887,46.0
3695,45.055614,46.0
3696,45.136074,47.0
3697,46.239323,49.0
3698,48.408802,50.0
3699,49.699215,51.0
3700,50.060524,52.0
3701,51.1972,52.0
3702,51.63129,53.0
3703,52.654114,54.0
3704,53.180397,55.0
3705,54.60716,55.0
3706,54.538628,56.0
3707,55.455616,57.0
3708,56.55203,58.0
3709,57.623085,59.0
3710,58.37908,60.0
3711,59.42148,61.0
3712,60.53158,62.0
3713,61.58166,63.0
3714,62.089348,64.0
3715,62.798668,65.0
3716,63.700733,66.0
3717,65.35129,66.0
3718,65.44587,66.99999999999999
3719,66.48098,68.0
3720,67.586235,68.0
3721,67.68221,68.0
3722,67.58931,68.0
3723,67.68446,68.0
3724,67.659325,68.0
3725,67.63779,68.0
3726,67.69841,68.0
3727,67.7971,66.99999999999999
3728,66.80166,66.99999999999999
3729,66.40359,66.99999999999999
3730,66.37023,66.99999999999999
3731,66.38516,66.0
3732,65.77148,66.0
3733,65.44675,66.0
3734,65.147865,65.0
3735,64.36896,64.0
3736,63.131313,63.0
3737,61.702778,62.0
3738,60.909286,61.0
3739,59.621914,61.0
3740,59.58502,60.0
3741,58.84623,60.0
3742,58.8887,59.0
3743,58.171864,59.0
3744,58.274025,59.0
3745,58.1282,59.0
3746,57.902065,60.0
3747,58.876274,60.0
3748,59.00619,60.0
3749,58.985435,60.0
3750,59.512447,59.0
3751,58.55191,59.0
3752,58.667393,59.0
3753,58.490288,59.0
3754,58.274677,59.0
3755,58.403244,59.0
3756,58.60418,59.0
3757,58.592434,59.0
3758,58.58245,59.0
3759,58.626793,59.0
3760,58.689713,60.0
3761,59.574074,61.0
3762,60.16984,62.0
3763,60.716255,63.0
3764,61.68506,63.0
3765,61.624176,63.0
3766,61.755745,63.0
3767,62.18072,62.0
3768,61.242226,62.0
3769,61.236134,61.0
3770,60.279232,60.0
3771,59.275513,60.0
3772,59.346592,60.0
3773,59.686977,60.0
3774,59.155735,61.0
3775,60.230816,61.0
3776,60.332794,61.0
3777,60.620323,61.0
3778,60.650936,61.0
3779,60.63199,61.0
3780,60.667206,61.0
3781,60.64104,61.0
3782,60.608963,61.0
3783,60.454777,61.0
3784,60.421394,61.0
3785,60.083073,61.0
3786,59.85221,61.0
3787,59.95896,61.0
3788,59.92407,61.0
3789,60.05798,61.0
3790,59.947754,61.0
3791,59.614155,60.0
3792,58.6062,60.0
3793,59.13358,60.0
3794,59.52308,59.0
3795,58.643066,59.0
3796,58.627987,59.0
3797,58.63813,59.0
3798,58.639973,59.0
3799,58.62268,59.0
3800,58.69609,59.0
3801,58.68614,58.0
3802,57.21716,58.0
3803,57.647762,58.0
3804,57.657093,58.0
3805,57.596577,58.0
3806,57.21355,57.0
3807,56.477695,57.0
3808,55.98428,57.0
3809,55.779285,57.0
3810,55.625366,57.0
3811,55.603573,56.0
3812,54.741707,56.0
3813,55.0633,56.0
3814,55.342308,55.0
3815,53.969086,55.0
3816,53.971733,55.0
3817,54.107716,55.0
3818,54.25984,55.0
3819,54.29104,55.0
3820,54.627087,55.0
3821,54.59997,55.0
3822,54.63943,55.0
3823,54.53405,55.0
3824,54.484306,55.0
3825,54.41426,55.0
3826,54.479103,55.0
3827,54.511692,55.0
3828,54.64424,54.0
3829,53.562904,54.0
3830,53.549065,54.0
3831,53.638084,54.0
3832,53.216934,54.0
3833,53.172638,54.0
3834,53.166676,54.0
3835,53.09882,54.0
3836,53.038765,54.0
3837,53.241467,54.0
3838,53.372696,54.0
3839,53.52375,54.0
3840,53.576946,54.0
3841,53.637127,54.0
3842,53.592392,54.0
3843,53.57028,54.0
3844,53.642307,54.0
3845,53.600124,54.0
3846,53.508896,54.0
3847,53.492878,54.0
3848,53.436947,54.0
3849,53.528797,54.0
3850,53.58181,54.0
3851,53.629196,54.0
3852,53.662174,54.0
3853,53.630936,54.0
3854,53.56033,54.0
3855,53.54895,54.0
3856,53.244358,54.0
3857,53.07083,54.0
3858,53.343624,54.0
3859,53.338814,54.0
3860,53.15587,54.0
3861,52.89028,54.0
3862,53.075947,55.0
3863,54.48139,56.0
3864,55.717056,56.0
3865,55.699932,57.0
3866,56.691998,59.0
3867,58.694542,60.0
3868,59.36179,61.0
3869,60.696335,62.0
3870,61.69508,63.0
3871,62.761482,64.0
3872,63.787106,65.0
3873,64.81785,66.0
3874,65.74713,66.99999999999999
3875,66.76301,68.0
3876,67.73634,69.00000000000001
3877,68.57171,69.00000000000001
3878,68.15094,70.0
3879,69.024765,70.99999999999999
3880,70.13931,72.0
3881,71.13872,73.00000000000001
3882,71.72231,73.00000000000001
3883,72.04796,73.00000000000001
3884,71.953026,74.0
3885,73.10695,74.0
3886,73.78419,74.0
3887,73.63077,74.0
3888,73.11798,74.0
3889,73.07546,74.0
3890,73.17284,74.0
3891,73.24712,74.0
3892,73.76805,74.99999999999999
3893,74.81845,74.99999999999999
3894,74.7694,74.99999999999999
3895,74.395515,74.99999999999999
3896,74.37524,76.0
3897,75.4065,76.0
3898,75.781,76.0
3899,75.69731,76.0
3900,75.67668,76.0
3901,75.41829,77.00000000000001
3902,76.58839,77.00000000000001
3903,75.96279,77.00000000000001
3904,76.1472,78.0
3905,77.04661,78.99999999999999
3906,78.112045,78.99999999999999
3907,77.79822,80.0
3908,78.880745,80.0
3909,79.73417,81.00000000000001
3910,80.8267,81.00000000000001
3911,80.94756,81.00000000000001
3912,80.98534,80.0
3913,79.66137,80.0
3914,79.57734,80.0
3915,79.56887,78.99999999999999
3916,78.8709,78.99999999999999
3917,78.84511,78.99999999999999
3918,78.88359,78.0
3919,77.89414,78.0
3920,77.93951,78.0
3921,77.78845,78.0
3922,77.70953,77.00000000000001
3923,76.86268,77.00000000000001
3924,76.94996,77.00000000000001
3925,76.71673,77.00000000000001
3926,76.5891,76.0
3927,75.61655,76.0
3928,75.483734,74.99999999999999
3929,74.136,74.99999999999999
3930,74.15128,74.0
3931,73.31417,74.0
3932,73.42464,74.0
3933,73.502014,74.0
3934,73.82344,74.0
3935,73.942085,74.0
3936,73.88358,74.99999999999999
3937,74.543465,74.99999999999999
3938,74.89082,76.0
3939,75.92146,76.0
3940,75.491585,76.0
3941,75.84251,76.0
3942,75.84166,74.99999999999999
3943,74.842,74.99999999999999
3944,74.44615,74.99999999999999
3945,74.70284,74.99999999999999
3946,74.755745,74.0
3947,73.41986,74.0
3948,73.71792,73.00000000000001
3949,72.62118,73.00000000000001
3950,72.55558,73.00000000000001
3951,72.18406,72.0
3952,71.31173,72.0
3953,71.61451,72.0
3954,71.67232,70.99999999999999
3955,70.712326,70.0
3956,69.28779,70.0
3957,69.18477,69.00000000000001
3958,67.86619,68.0
3959,67.25474,68.0
3960,67.648,66.99999999999999
3961,66.579834,66.0
3962,65.539,66.0
3963,65.55276,65.0
3964,64.67113,65.0
3965,64.79716,64.0
3966,63.79508,64.0
3967,63.752956,64.0
3968,63.706642,63.0
3969,62.70963,63.0
3970,62.67333,63.0
3971,62.684013,63.0
3972,62.70066,62.0
3973,61.69906,62.0
3974,61.575756,62.0
3975,61.63192,62.0
3976,61.131824,61.0
3977,60.06595,61.0
3978,60.192905,61.0
3979,60.18119,61.0
3980,59.99672,61.0
3981,60.140675,61.0
3982,60.11187,61.0
3983,60.611126,60.0
3984,59.637066,60.0
3985,59.703156,60.0
3986,59.641293,60.0
3987,59.679977,60.0
3988,59.65106,61.0
3989,60.67721,61.0
3990,60.34247,61.0
3991,60.697163,61.0
3992,60.71399,61.0
3993,60.734512,62.0
3994,61.706497,62.0
3995,61.678112,62.0
3996,61.756454,62.0
3997,61.598057,62.0
3998,61.545113,63.0
3999,62.253483,63.0
4000,62.27015,63.0
4001,61.955105,64.0
4002,62.75967,64.0
4003,62.772366,64.0
4004,63.16314,64.0
4005,63.571434,63.0
4006,62.694405,63.0
4007,62.674564,63.0
4008,62.66666,62.0
4009,61.69848,62.0
4010,61.626953,61.0
4011,60.6456,61.0
4012,60.558895,60.0
4013,59.631287,59.0
4014,58.657112,59.0
4015,58.561657,58.0
4016,57.64373,57.0
4017,56.61801,57.0
4018,56.644867,56.0
4019,55.639397,55.0
4020,54.726463,55.0
4021,54.64877,54.0
4022,53.511024,54.0
4023,53.481197,53.0
4024,52.112934,53.0
4025,51.903053,52.0
4026,50.994488,52.0
4027,50.938496,51.0
4028,50.19184,51.0
4029,49.866844,51.0
4030,49.64307,51.0
4031,50.509727,51.0
4032,50.57291,51.0
4033,50.59545,51.0
4034,50.55717,51.0
4035,50.632854,52.0
4036,51.63896,52.0
4037,51.59757,53.0
4038,52.28279,53.0
4039,52.31788,54.0
4040,53.329597,54.0
4041,53.46775,54.0
4042,53.196396,54.0
4043,53.64862,55.0
4044,54.713326,55.0
4045,54.507744,55.0
4046,54.56134,55.0
4047,54.510185,55.0
4048,54.4297,54.0
4049,53.059967,54.0
4050,53.080505,54.0
4051,53.1843,54.0
4052,53.169983,54.0
4053,53.158615,54.0
4054,52.965435,54.0
4055,53.380623,54.0
4056,53.278316,54.0
4057,53.139652,55.0
4058,54.229126,55.0
4059,54.281494,56.0
4060,55.6566,56.0
4061,55.692207,56.0
4062,55.627937,57.0
4063,56.614723,57.0
4064,56.629433,58.0
4065,57.357967,58.0
4066,57.640526,59.0
4067,58.56552,59.0
4068,58.564926,60.0
4069,59.58943,60.0
4070,59.578392,60.0
4071,59.263813,60.0
4072,59.03455,61.0
4073,60.02925,61.0
4074,59.924942,61.0
4075,60.31901,62.0
4076,61.24084,62.0
4077,61.154522,63.0
4078,62.212578,63.0
4079,62.398556,63.0
4080,62.311516,64.0
4081,63.24206,64.0
4082,63.338627,64.0
4083,63.340405,64.0
4084,63.66429,65.0
4085,64.58447,66.0
4086,65.54624,68.0
4087,67.559845,70.99999999999999
4088,70.50021,73.00000000000001
4089,72.56687,74.0
4090,73.51885,74.99999999999999
4091,74.2764,74.0
4092,73.442604,74.0
4093,73.34055,74.0
4094,73.14021,74.0
4095,73.33598,74.99999999999999
4096,74.453316,74.0
4097,73.16677,74.0
4098,72.908134,73.00000000000001
4099,72.04458,73.00000000000001
4100,71.979034,72.0
4101,71.18524,72.0
4102,71.04151,72.0
4103,71.253784,72.0
4104,71.31897,72.0
4105,71.37057,72.0
4106,71.35337,72.0
4107,71.3229,72.0
4108,71.33558,72.0
4109,71.78524,72.0
4110,71.690346,73.00000000000001
4111,72.72057,73.00000000000001
4112,72.70695,74.0
4113,73.732704,74.0
4114,73.791145,74.0
4115,73.42129,73.00000000000001
4116,72.718544,73.00000000000001
4117,72.50674,73.00000000000001
4118,72.44983,73.00000000000001
4119,72.53877,73.00000000000001
4120,72.3592,73.00000000000001
4121,72.1502,73.00000000000001
4122,71.83471,73.00000000000001
4123,71.66848,73.00000000000001
4124,71.9988,72.0
4125,70.943665,72.0
4126,71.26054,70.99999999999999
4127,70.73993,70.99999999999999
4128,70.74459,70.99999999999999
4129,70.741264,70.99999999999999
4130,70.63741,70.99999999999999
4131,70.61677,70.99999999999999
4132,70.569214,70.99999999999999
4133,70.24595,70.0
4134,69.12951,66.99999999999999
4135,66.30391,63.0
4136,62.48205,60.0
4137,59.509075,58.0
4138,57.440487,57.0
4139,56.48021,57.0
4140,56.550488,56.0
4141,55.543835,56.0
4142,55.499443,56.0
4143,55.247993,55.0
4144,54.180756,55.0
4145,54.468895,55.0
4146,54.212708,55.0
4147,54.356586,55.0
4148,54.25299,55.0
4149,54.318546,55.0
4150,54.166737,55.0
4151,54.536716,55.0
4152,54.386204,55.0
4153,54.405445,56.0
4154,55.439648,55.0
4155,54.694973,55.0
4156,54.354553,55.0
4157,54.597668,55.0
4158,54.579956,55.0
4159,54.30979,55.0
4160,54.602962,55.0
4161,54.567818,55.0
4162,54.279602,55.0
4163,54.611042,55.0
4164,54.632168,55.0
4165,54.27951,56.0
4166,55.231064,55.0
4167,54.4645,55.0
4168,53.833138,55.0
4169,54.137894,55.0
4170,54.35005,54.0
4171,52.920387,54.0
4172,52.793198,53.0
4173,51.46174,53.0
4174,52.474476,53.0
4175,52.25761,53.0
4176,52.363583,53.0
4177,51.641712,54.0
4178,53.030903,54.0
4179,52.94557,55.0
4180,54.069344,54.0
4181,52.889645,53.0
4182,52.05609,50.0
4183,49.101517,47.0
4184,46.181137,43.0
4185,42.39894,41.0
4186,40.424496,39.0
4187,38.397034,39.0
4188,38.80396,38.0
4189,37.789032,38.0
4190,37.836414,38.0
4191,37.62794,39.0
4192,38.107372,39.0
4193,38.095848,40.0
4194,39.181614,40.0
4195,39.00913,39.0
4196,37.887386,39.0
4197,37.910107,38.0
4198,37.07463,37.0
4199,36.407616,37.0
4200,36.445736,38.0
4201,37.425907,39.0
4202,38.60809,40.0
4203,39.73216,42.0
4204,41.73354,44.0
4205,43.621593,48.0
4206,47.648537,53.0
4207,52.504982,58.0
4208,57.6003,62.0
4209,61.387196,64.0
4210,63.29896,64.0
4211,63.836388,65.0
4212,64.75354,65.0
4213,64.510605,65.0
4214,64.52797,66.0
4215,65.57624,66.0
4216,65.56165,66.0
4217,65.20453,66.0
4218,64.98162,66.99999999999999
4219,65.88378,68.0
4220,66.5685,69.00000000000001
4221,68.02676,69.00000000000001
4222,68.457184,70.0
4223,69.62395,70.0
4224,69.581825,70.0
4225,69.55584,70.0
4226,69.81765,70.0
4227,69.60041,70.0
4228,69.520004,69.00000000000001
4229,68.64584,66.0
4230,65.60549,62.0
4231,61.30448,58.0
4232,57.59632,55.0
4233,54.642704,54.0
4234,53.649406,53.0
4235,52.60323,54.0
4236,53.286526,54.0
4237,53.30039,54.0
4238,53.61168,55.0
4239,54.484802,55.0
4240,54.41637,55.0
4241,53.906788,55.0
4242,54.208374,56.0
4243,55.463886,56.0
4244,55.125015,56.0
4245,55.427586,56.0
4246,55.33588,56.0
4247,55.359207,57.0
4248,56.587368,57.0
4249,56.503178,57.0
4250,56.40831,57.0
4251,56.440193,57.0
4252,56.672657,58.0
4253,57.67271,59.0
4254,58.710464,61.0
4255,60.735985,64.0
4256,63.699284,66.0
4257,65.67945,66.99999999999999
4258,66.65317,66.99999999999999
4259,66.699455,66.99999999999999
4260,66.66665,66.99999999999999
4261,66.463356,66.99999999999999
4262,66.499535,66.99999999999999
4263,66.17676,66.99999999999999
4264,66.09389,66.0
4265,65.222565,66.0
4266,65.10268,66.0
4267,65.38533,65.0
4268,63.9939,64.0
4269,63.439404,63.0
4270,62.30351,63.0
4271,62.70956,63.0
4272,62.566257,63.0
4273,62.54027,62.0
4274,61.502373,62.0
4275,61.477768,62.0
4276,61.490887,62.0
4277,61.586647,64.0
4278,63.642727,66.99999999999999
4279,66.635605,70.0
4280,69.66592,72.0
4281,71.646576,73.00000000000001
4282,72.530495,72.0
4283,71.59715,70.99999999999999
4284,70.54803,70.0
4285,69.56283,69.00000000000001
4286,68.54405,66.99999999999999
4287,66.08852,66.0
4288,65.20697,64.0
4289,63.01194,63.0
4290,61.92676,61.0
4291,60.053402,60.0
4292,59.075764,58.0
4293,57.119183,57.0
4294,55.86087,56.0
4295,54.91718,56.0
4296,55.0521,55.0
4297,53.969334,55.0
4298,54.304653,55.0
4299,54.579723,55.0
4300,54.59492,57.0
4301,56.757206,65.0
4302,64.71149,78.0
4303,77.73808,94.0
4304,93.75022,108.0
4305,107.61679,114.0
4306,114.18994,114.0
4307,114.15412,112.0
4308,112.099556,108.0
4309,107.698105,105.00000000000001
4310,104.50673,101.00000000000001
4311,100.42933,98.99999999999999
4312,98.29199,97.00000000000001
4313,95.97133,96.0
4314,94.82589,94.99999999999999
4315,94.482735,94.99999999999999
4316,94.33137,94.99999999999999
4317,94.388405,94.99999999999999
4318,94.60865,96.0
4319,95.82688,96.0
4320,96.551025,94.99999999999999
4321,95.69597,94.99999999999999
4322,95.60937,94.0
4323,94.54372,93.00000000000001
4324,93.450836,92.0
4325,91.73499,88.0
4326,87.76088,80.0
4327,79.69766,72.0
4328,71.72881,64.0
4329,63.28587,61.0
4330,60.291683,60.0
4331,59.07278,60.0
4332,59.509262,60.0
4333,59.604248,61.0
4334,60.33357,61.0
4335,60.392193,61.0
4336,60.437283,62.0
4337,61.385597,62.0
4338,61.214302,62.0
4339,61.26596,63.0
4340,62.206676,63.0
4341,62.287792,64.0
4342,58.948997,64.0
4343,50.883183,63.0
4344,62.741325,63.0
4345,62.41678,63.0
4346,62.41584,63.0
4347,62.405407,63.0
4348,62.416885,63.0
4349,62.4043,62.0
4350,61.400986,60.0
4351,59.44554,58.0
4352,57.309235,56.0
4353,55.247486,55.0
4354,54.239166,55.0
4355,54.225464,55.0
4356,54.270905,56.0
4357,55.310333,56.0
4358,55.50771,56.0
4359,55.152615,56.0
4360,55.092957,56.0
4361,55.24611,56.0
4362,55.16327,56.0
4363,55.328938,56.0
4364,55.415676,56.0
4365,55.35892,56.0
4366,55.406376,57.0
4367,56.486046,57.0
4368,56.437675,58.0
4369,57.46096,58.0
4370,57.436455,58.0
4371,57.464607,58.0
4372,57.696877,59.0
4373,58.79427,62.0
4374,61.75828,66.99999999999999
4375,66.808754,73.00000000000001
4376,72.73985,78.0
4377,77.74018,81.00000000000001
4378,80.754745,82.0
4379,81.44706,82.99999999999999
4380,82.66184,84.0
4381,83.42189,84.0
4382,83.357216,85.00000000000001
4383,84.28693,85.00000000000001
4384,84.219315,86.0
4385,85.184525,86.0
4386,85.43708,86.99999999999999
4387,86.15668,88.0
4388,86.65882,89.00000000000001
4389,87.57951,89.00000000000001
4390,87.59877,90.0
4391,88.874466,89.00000000000001
4392,88.00726,89.00000000000001
4393,87.79002,88.0
4394,86.92143,86.99999999999999
4395,86.33851,86.0
4396,85.46259,84.0
4397,83.85389,82.99999999999999
4398,82.465416,82.0
4399,81.40853,81.00000000000001
4400,80.443855,80.0
4401,79.494705,78.99999999999999
4402,78.42621,78.0
4403,77.48535,77.00000000000001
4404,76.61462,76.0
4405,75.477005,74.99999999999999
4406,74.44236,74.99999999999999
4407,74.45201,73.00000000000001
4408,71.42194,72.0
4409,70.40487,70.99999999999999
4410,69.26089,69.00000000000001
4411,67.606064,66.99999999999999
4412,65.58322,65.0
4413,63.694195,64.0
4414,62.84855,63.0
4415,61.9999,63.0
4416,62.21351,63.0
4417,62.711933,63.0
4418,62.615208,63.0
4419,62.39833,63.0
4420,62.379852,63.0
4421,62.378933,63.0
4422,62.721874,63.0
4423,62.786736,63.0
4424,62.68437,63.0
4425,62.56578,63.0
4426,62.402424,63.0
4427,62.581707,64.0
4428,63.71159,64.0
4429,63.605537,65.0
4430,64.59108,65.0
4431,64.19536,65.0
4432,64.32902,66.0
4433,64.59889,66.0
4434,64.76546,66.99999999999999
4435,65.81354,66.99999999999999
4436,66.00145,68.0
4437,67.034874,68.0
4438,67.1339,69.00000000000001
4439,67.89024,69.00000000000001
4440,68.313866,70.0
4441,69.61807,70.99999999999999
4442,70.821594,72.0
4443,71.87378,72.0
4444,71.84351,73.00000000000001
4445,72.820366,74.0
4446,73.85988,74.0
4447,73.83148,74.99999999999999
4448,74.79196,74.99999999999999
4449,74.81423,74.99999999999999
4450,74.814926,76.0
4451,75.80821,76.0
4452,75.76218,76.0
4453,75.66701,76.0
4454,75.21325,77.00000000000001
4455,76.47939,77.00000000000001
4456,76.09612,77.00000000000001
4457,76.11547,77.00000000000001
4458,75.42934,77.00000000000001
4459,75.48444,77.00000000000001
4460,75.7487,77.00000000000001
4461,76.06925,76.0
4462,74.632195,76.0
4463,75.334915,76.0
4464,75.71911,76.0
4465,75.736404,76.0
4466,75.868416,76.0
4467,75.3789,76.0
4468,75.77748,76.0
4469,75.80822,76.0
4470,75.83461,74.99999999999999
4471,74.80433,74.99999999999999
4472,74.81308,74.0
4473,73.7785,74.0
4474,73.764786,74.0
4475,73.75684,74.0
4476,73.773865,74.0
4477,73.36109,74.0
4478,73.648834,74.0
4479,73.313774,73.00000000000001
4480,72.57318,73.00000000000001
4481,71.84664,73.00000000000001
4482,71.79046,73.00000000000001
4483,72.05504,74.0
4484,72.81082,74.0
4485,73.44128,74.0
4486,73.96726,73.00000000000001
4487,72.78384,73.00000000000001
4488,72.79778,72.0
4489,71.46992,72.0
4490,71.45505,70.99999999999999
4491,70.38819,70.0
4492,69.350235,70.0
4493,69.37343,69.00000000000001
4494,68.77858,69.00000000000001
4495,68.337654,69.00000000000001
4496,68.3391,69.00000000000001
4497,68.44403,68.0
4498,67.569016,68.0
4499,67.21104,66.99999999999999
4500,66.26914,66.0
4501,65.51486,65.0
4502,64.548325,65.0
4503,64.46645,64.0
4504,62.766415,63.0
4505,61.681717,63.0
4506,61.780384,62.0
4507,60.730164,61.0
4508,59.89734,61.0
4509,60.10465,60.0
4510,59.106884,60.0
4511,58.971775,60.0
4512,59.44699,60.0
4513,59.71662,60.0
4514,59.635906,60.0
4515,59.620026,60.0
4516,59.53988,60.0
4517,59.423992,60.0
4518,59.17477,59.0
4519,58.088512,59.0
4520,58.30189,58.0
4521,57.224087,58.0
4522,57.220398,58.0
4523,57.266006,58.0
4524,57.334805,59.0
4525,58.427826,59.0
4526,58.585308,60.0
4527,59.317924,60.0
4528,59.021633,60.0
4529,59.040634,61.0
4530,60.07184,61.0
4531,60.146008,61.0
4532,60.168068,61.0
4533,59.929485,61.0
4534,60.37391,61.0
4535,60.696293,62.0
4536,61.800964,62.0
4537,61.803608,62.0
4538,61.759438,62.0
4539,61.769073,62.0
4540,61.769344,62.0
4541,61.567585,62.0
4542,61.567444,62.0
4543,61.70537,62.0
4544,61.49895,62.0
4545,61.542595,62.0
4546,61.67351,61.0
4547,60.707706,61.0
4548,60.65642,60.0
4549,59.547604,60.0
4550,59.513885,60.0
4551,59.296726,60.0
4552,59.24009,60.0
4553,59.01195,60.0
4554,59.564777,60.0
4555,59.350193,60.0
4556,59.20185,60.0
4557,59.62565,60.0
4558,59.66278,60.0
4559,59.472126,60.0
4560,59.47555,59.0
4561,58.630028,59.0
4562,58.69544,58.0
4563,57.66981,58.0
4564,57.400387,57.0
4565,56.30402,57.0
4566,56.21805,57.0
4567,56.587524,58.0
4568,57.702755,58.0
4569,57.64289,58.0
4570,57.69087,59.0
4571,58.23889,59.0
4572,58.65752,59.0
4573,58.584026,59.0
4574,58.5686,59.0
4575,58.15044,59.0
4576,57.965157,59.0
4577,57.802433,58.0
4578,56.958523,58.0
4579,57.311176,57.0
4580,56.054314,57.0
4581,55.854183,56.0
4582,54.94788,55.0
4583,54.274307,55.0
4584,54.086723,55.0
4585,54.016327,54.0
4586,53.145397,54.0
4587,53.252674,54.0
4588,53.29199,53.0
4589,52.603565,52.0
4590,51.606724,52.0
4591,51.55723,50.0
4592,49.647083,49.0
4593,48.661667,48.0
4594,47.650593,48.0
4595,47.512608,47.0
4596,46.398983,47.0
4597,46.62201,46.0
4598,45.547344,46.0
4599,45.510834,45.0
4600,44.068592,44.0
4601,42.9606,44.0
4602,42.701134,44.0
4603,42.524,44.0
4604,42.43695,44.0
4605,42.61533,44.0
4606,42.455196,44.0
4607,42.677612,44.0
4608,42.75124,44.0
4609,42.92664,44.0
4610,42.997314,44.0
4611,43.272793,44.0
4612,43.276844,45.0
4613,44.665794,45.0
4614,44.598484,45.0
4615,44.65316,46.0
4616,45.18869,46.0
4617,45.556423,46.0
4618,45.172802,46.0
4619,45.6451,45.0
4620,44.673363,46.0
4621,45.66452,46.0
4622,45.64082,47.0
4623,46.35153,48.0
4624,46.8943,50.0
4625,48.746292,51.0
4626,50.420776,51.0
4627,50.184868,52.0
4628,50.8913,52.0
4629,50.709038,53.0
4630,51.651123,53.0
4631,51.87047,53.0
4632,52.10556,53.0
4633,52.1857,53.0
4634,52.362934,54.0
4635,53.189533,54.0
4636,52.99148,54.0
4637,52.69551,54.0
4638,52.690228,54.0
4639,52.80963,54.0
4640,53.426952,53.0
4641,52.521343,53.0
4642,52.53705,53.0
4643,52.025284,53.0
4644,51.649788,52.0
4645,51.03057,52.0
4646,50.75505,52.0
4647,50.47239,51.0
4648,49.708782,50.0
4649,48.375572,50.0
4650,48.760056,48.0
4651,46.66919,47.0
4652,45.290176,46.0
4653,44.344414,45.0
4654,43.366833,44.0
4655,42.63958,43.0
4656,41.951157,42.0
4657,40.932854,42.0
4658,41.02966,42.0
4659,41.111134,41.0
4660,40.07371,41.0
4661,40.112305,41.0
4662,40.720615,41.0
4663,40.20663,41.0
4664,40.589077,42.0
4665,41.71879,43.0
4666,42.466793,44.0
4667,43.525402,45.0
4668,44.36794,46.0
4669,45.431286,47.0
4670,46.319237,49.0
4671,48.56487,50.0
4672,49.50449,51.0
4673,50.49287,51.0
4674,50.30451,51.0
4675,50.069233,51.0
4676,50.062717,52.0
4677,50.88579,52.0
4678,51.136856,52.0
4679,51.254814,53.0
4680,52.65546,54.0
4681,53.744476,55.0
4682,54.718616,55.0
4683,54.658634,56.0
4684,55.689953,57.0
4685,56.664932,58.0
4686,57.664906,59.0
4687,58.686295,60.0
4688,59.636784,60.0
4689,59.70885,61.0
4690,60.316147,61.0
4691,60.68119,62.0
4692,61.658154,62.0
4693,61.503937,62.0
4694,61.59373,63.0
4695,62.562252,63.0
4696,62.543438,64.0
4697,63.29507,65.0
4698,64.43501,66.0
4699,65.36586,66.99999999999999
4700,66.29093,68.0
4701,67.322914,69.00000000000001
4702,68.084274,70.0
4703,69.330345,70.99999999999999
4704,70.15616,72.0
4705,71.68835,73.00000000000001
4706,72.80141,74.0
4707,73.80751,74.99999999999999
4708,74.81958,76.0
4709,75.86363,77.00000000000001
4710,76.869194,77.00000000000001
4711,76.88747,78.0
4712,77.792336,78.99999999999999
4713,78.728035,80.0
4714,79.70057,81.00000000000001
4715,80.707924,82.0
4716,81.60191,82.99999999999999
4717,82.10237,84.0
4718,83.259224,85.00000000000001
4719,84.17649,86.0
4720,84.92869,86.0
4721,84.913704,86.0
4722,84.82321,86.99999999999999
4723,86.34519,86.99999999999999
4724,86.22853,86.99999999999999
4725,85.81156,86.99999999999999
4726,85.85182,88.0
4727,86.89158,88.0
4728,86.89599,88.0
4729,86.68475,88.0
4730,86.84128,88.0
4731,87.59275,89.00000000000001
4732,88.70658,89.00000000000001
4733,88.70411,89.00000000000001
4734,88.67609,89.00000000000001
4735,88.61056,89.00000000000001
4736,88.59822,89.00000000000001
4737,88.57897,89.00000000000001
4738,88.537224,88.0
4739,87.54814,88.0
4740,87.39051,88.0
4741,87.36813,86.99999999999999
4742,86.30852,86.99999999999999
4743,85.768776,86.0
4744,84.671814,86.0
4745,84.552986,86.0
4746,84.584335,86.0
4747,84.87406,86.0
4748,84.86067,86.99999999999999
4749,86.04815,86.0
4750,85.08737,86.0
4751,84.76905,86.0
4752,84.68138,86.0
4753,84.428276,86.0
4754,84.949135,86.99999999999999
4755,85.83559,88.0
4756,87.49372,89.00000000000001
4757,88.66768,90.0
4758,89.77081,92.0
4759,91.7913,93.00000000000001
4760,92.85345,94.0
4761,93.853714,94.99999999999999
4762,94.80671,97.00000000000001
4763,96.84567,100.0
4764,99.69576,102.99999999999999
4765,102.59452,106.99999999999999
4766,106.0134,113.00000000000001
4767,112.6508,118.0
4768,117.30551,122.99999999999999
4769,122.008385,126.99999999999999
4770,126.47424,131.0
4771,130.85359,136.0
4772,136.05138,141.99999999999997
4773,142.97026,146.00000000000003
4774,148.51173,149.99999999999997
4775,153.44153,151.0
4776,155.99016,152.0
4777,156.65413,151.0
4778,155.17886,149.0
4779,153.03377,144.0
4780,146.92508,135.0
4781,137.23454,124.0
4782,125.18053,113.00000000000001
4783,113.704636,104.0
4784,104.16683,98.99999999999999
4785,98.687805,96.0
4786,95.71912,94.0
4787,93.75783,92.0
4788,91.91844,90.99999999999999
4789,90.88229,90.0
4790,89.72526,90.0
4791,89.70522,89.00000000000001
4792,88.60625,89.00000000000001
4793,88.27039,88.0
4794,86.86601,88.0
4795,87.31316,86.99999999999999
4796,86.33056,86.0
4797,85.09598,85.00000000000001
4798,85.18345,84.0
4799,84.00739,82.99999999999999
4800,83.11001,81.00000000000001
4801,81.005104,81.00000000000001
4802,81.020226,80.0
4803,79.87425,80.0
4804,79.4696,80.0
4805,79.296776,78.99999999999999
4806,78.55683,77.00000000000001
4807,76.576256,74.99999999999999
4808,74.545944,73.00000000000001
4809,72.599205,70.99999999999999
4810,70.56173,70.99999999999999
4811,70.70338,70.99999999999999
4812,70.635284,70.99999999999999
4813,70.37486,70.99999999999999
4814,70.42271,70.99999999999999
4815,70.43785,72.0
4816,71.489334,72.0
4817,71.41424,73.00000000000001
4818,72.36646,74.0
4819,73.651344,74.0
4820,73.64028,74.99999999999999
4821,74.38577,76.0
4822,75.343124,76.0
4823,75.1346,76.0
4824,75.303825,76.0
4825,75.31085,76.0
4826,75.77231,76.0
4827,75.725105,76.0
4828,75.71602,76.0
4829,75.61719,76.0
4830,75.622826,74.99999999999999
4831,74.86676,74.0
4832,73.493484,73.00000000000001
4833,72.49499,73.00000000000001
4834,72.858444,74.0
4835,73.84097,74.99999999999999
4836,74.776695,74.99999999999999
4837,74.489395,76.0
4838,75.35507,77.00000000000001
4839,76.33634,77.00000000000001
4840,76.13698,78.0
4841,77.17135,78.0
4842,77.08192,78.99999999999999
4843,77.94448,80.0
4844,79.166245,81.00000000000001
4845,80.54592,82.0
4846,81.953415,82.99999999999999
4847,83.095634,82.99999999999999
4848,82.905594,84.0
4849,83.783936,84.0
4850,83.79384,84.0
4851,83.76081,85.00000000000001
4852,84.80954,84.0
4853,82.47514,80.0
4854,78.573395,73.00000000000001
4855,71.95177,66.0
4856,65.222885,59.0
4857,58.24332,56.0
4858,55.320637,55.0
4859,54.03306,55.0
4860,54.25228,55.0
4861,54.313194,56.0
4862,55.212902,56.0
4863,55.58923,57.0
4864,56.3896,57.0
4865,56.406883,57.0
4866,55.968872,57.0
4867,55.76275,58.0
4868,56.876938,58.0
4869,56.844585,58.0
4870,57.33683,58.0
4871,57.46945,58.0
4872,57.574364,58.0
4873,57.60461,58.0
4874,57.44877,58.0
4875,57.44983,58.0
4876,57.434456,58.0
4877,57.220615,57.0
4878,56.25021,56.0
4879,55.57479,55.0
4880,54.61116,55.0
4881,54.2155,55.0
4882,54.228683,55.0
4883,54.19059,55.0
4884,54.58506,55.0
4885,54.51249,55.0
4886,54.473255,55.0
4887,54.2748,55.0
4888,54.14135,55.0
4889,54.261257,55.0
4890,54.118546,56.0
4891,55.370518,56.0
4892,55.137882,57.0
4893,55.99205,57.0
4894,56.269436,58.0
4895,57.226547,58.0
4896,57.332436,59.0
4897,58.18519,59.0
4898,58.256832,59.0
4899,58.444424,59.0
4900,58.38409,59.0
4901,58.65814,59.0
4902,58.69244,57.0
4903,56.654,55.0
4904,54.688404,53.0
4905,52.660744,52.0
4906,51.585163,53.0
4907,52.65227,53.0
4908,52.579975,54.0
4909,53.54246,54.0
4910,53.590347,54.0
4911,53.531616,54.0
4912,53.31743,55.0
4913,54.146076,55.0
4914,53.90869,55.0
4915,54.100304,55.0
4916,54.500137,55.0
4917,54.387806,55.0
4918,54.45635,56.0
4919,55.410275,56.0
4920,55.6098,57.0
4921,56.31958,58.0
4922,57.39474,58.0
4923,57.454853,58.0
4924,57.739147,59.0
4925,58.622093,60.0
4926,59.724842,62.0
4927,61.634914,64.0
4928,63.705605,65.0
4929,64.76857,66.0
4930,65.72297,66.0
4931,65.37794,66.0
4932,65.844055,65.0
4933,64.735886,65.0
4934,64.64482,65.0
4935,64.331116,64.0
4936,63.36788,64.0
4937,63.132767,63.0
4938,62.0479,62.0
4939,60.77774,61.0
4940,59.399933,60.0
4941,58.84829,60.0
4942,58.788994,60.0
4943,58.95829,59.0
4944,58.010204,59.0
4945,58.00038,59.0
4946,57.986366,59.0
4947,58.47456,59.0
4948,58.747124,60.0
4949,59.39869,60.0
4950,59.673702,60.0
4951,59.682312,60.0
4952,59.668808,60.0
4953,59.656517,60.0
4954,59.538116,60.0
4955,59.472015,60.0
4956,59.534103,60.0
4957,59.626465,60.0
4958,59.565548,60.0
4959,59.46919,59.0
4960,58.324917,59.0
4961,58.005936,59.0
4962,57.856365,58.0
4963,56.775974,58.0
4964,56.905174,58.0
4965,56.878414,57.0
4966,55.990112,57.0
4967,55.974052,56.0
4968,55.162792,55.0
4969,54.3078,55.0
4970,54.42654,54.0
4971,53.432972,53.0
4972,52.689545,53.0
4973,52.390186,54.0
4974,53.325783,56.0
4975,55.706223,58.0
4976,57.70238,60.0
4977,59.665417,61.0
4978,60.61932,61.0
4979,60.356606,60.0
4980,59.373627,60.0
4981,59.341694,60.0
4982,59.494102,60.0
4983,59.53501,60.0
4984,59.587246,59.0
4985,57.806698,58.0
4986,57.355545,57.0
4987,56.426716,57.0
4988,56.247963,57.0
4989,55.9116,57.0
4990,56.06099,56.0
4991,55.00911,56.0
4992,55.47083,56.0
4993,55.44861,56.0
4994,55.313473,56.0
4995,55.324333,57.0
4996,56.303104,57.0
4997,56.12325,56.0
4998,55.63589,56.0
4999,55.540733,56.0
5000,55.640827,56.0
5001,55.6399,55.0
5002,54.480877,55.0
5003,54.617424,55.0
5004,54.558147,54.0
5005,53.610764,54.0
5006,53.49641,53.0
5007,52.54347,52.0
5008,50.644176,51.0
5009,49.78634,50.0
5010,48.61904,49.0
5011,47.63787,48.0
5012,46.647858,47.0
5013,45.82479,45.0
5014,43.94311,44.0
5015,43.190712,43.0
5016,42.496704,43.0
5017,42.557495,42.0
5018,41.658936,43.0
5019,42.60932,43.0
5020,42.593414,45.0
5021,44.50445,50.0
5022,49.587833,60.0
5023,59.75488,72.0
5024,71.90846,82.0
5025,81.868675,86.0
5026,85.796036,86.99999999999999
5027,86.76114,86.0
5028,85.66021,85.00000000000001
5029,84.60466,84.0
5030,83.39457,82.99999999999999
5031,82.73129,82.0
5032,81.808784,81.00000000000001
5033,80.58483,81.00000000000001
5034,80.37558,81.00000000000001
5035,80.43925,81.00000000000001
5036,80.34303,80.0
5037,79.389305,80.0
5038,79.422646,78.99999999999999
5039,78.84492,77.00000000000001
5040,76.81356,76.0
5041,75.762,74.99999999999999
5042,74.73745,74.0
5043,73.704384,73.00000000000001
5044,72.6543,72.0
5045,71.88466,70.99999999999999
5046,70.780426,68.0
5047,67.69652,65.0
5048,64.618576,63.0
5049,62.62841,62.0
5050,61.70713,62.0
5051,61.66474,62.0
5052,61.76617,62.0
5053,61.557667,62.0
5054,61.597923,62.0
5055,61.714283,62.0
5056,61.400684,62.0
5057,61.123505,63.0
5058,62.018425,63.0
5059,62.03001,63.0
5060,61.904247,62.0
5061,60.66913,62.0
5062,61.02567,62.0
5063,61.0818,61.0
5064,60.3356,61.0
5065,60.52739,61.0
5066,60.53606,60.0
5067,59.535046,60.0
5068,59.634773,60.0
5069,59.423904,60.0
5070,59.658264,61.0
5071,60.34698,61.0
5072,60.54789,61.0
5073,60.322346,62.0
5074,61.62734,61.0
5075,60.5769,61.0
5076,60.605618,61.0
5077,60.5254,61.0
5078,60.505306,61.0
5079,60.46774,61.0
5080,60.152016,61.0
5081,60.00408,60.0
5082,59.030106,60.0
5083,58.876793,60.0
5084,59.448605,59.0
5085,58.247593,59.0
5086,58.303207,58.0
5087,57.53016,58.0
5088,57.46408,57.0
5089,56.468,57.0
5090,56.42318,57.0
5091,56.62966,57.0
5092,56.33925,58.0
5093,57.70992,59.0
5094,58.681454,63.0
5095,62.808876,66.0
5096,65.77336,70.0
5097,69.90226,72.0
5098,71.4489,73.00000000000001
5099,72.44526,73.00000000000001
5100,72.79263,74.0
5101,73.58281,74.0
5102,73.59512,74.99999999999999
5103,74.09575,74.99999999999999
5104,73.916534,76.0
5105,75.05544,76.0
5106,75.13576,76.0
5107,75.06328,77.00000000000001
5108,76.11768,77.00000000000001
5109,76.08224,77.00000000000001
5110,75.81175,77.00000000000001
5111,76.02534,78.0
5112,77.736336,78.99999999999999
5113,79.10626,78.99999999999999
5114,79.0403,80.0
5115,79.94892,80.0
5116,79.88636,80.0
5117,79.81244,80.0
5118,79.73692,80.0
5119,79.68846,80.0
5120,79.6754,80.0
5121,79.59246,80.0
5122,79.933304,81.00000000000001
5123,80.87744,81.00000000000001
5124,80.842125,82.0
5125,81.73364,82.99999999999999
5126,82.70417,82.99999999999999
5127,82.26929,82.99999999999999
5128,82.42145,84.0
5129,83.509766,84.0
5130,83.61519,84.0
5131,83.381355,85.00000000000001
5132,84.128105,85.00000000000001
5133,84.92862,85.00000000000001
5134,85.03563,84.0
5135,84.21548,84.0
5136,84.02783,84.0
5137,83.86472,84.0
5138,83.806915,84.0
5139,83.70004,84.0
5140,84.04365,84.0
5141,84.00574,84.0
5142,83.829216,84.0
5143,83.7249,85.00000000000001
5144,84.80806,85.00000000000001
5145,84.69937,85.00000000000001
5146,84.74254,85.00000000000001
5147,84.55129,84.0
5148,83.729485,82.99999999999999
5149,82.71081,82.0
5150,81.645386,81.00000000000001
5151,80.53103,80.0
5152,79.351234,78.99999999999999
5153,78.324936,78.0
5154,77.06954,77.00000000000001
5155,75.91225,77.00000000000001
5156,76.05919,76.0
5157,74.92275,76.0
5158,75.050255,74.99999999999999
5159,73.891106,74.99999999999999
5160,74.05389,74.0
5161,73.20425,73.00000000000001
5162,72.19457,73.00000000000001
5163,72.29299,72.0
5164,71.227135,70.0
5165,69.164185,69.00000000000001
5166,68.242546,66.99999999999999
5167,66.70736,66.0
5168,65.70512,65.0
5169,64.709526,64.0
5170,63.15697,63.0
5171,62.100075,63.0
5172,62.649815,63.0
5173,62.616344,62.0
5174,61.538788,62.0
5175,61.179096,61.0
5176,60.19399,61.0
5177,59.927567,60.0
5178,59.27137,60.0
5179,59.109272,59.0
5180,58.21515,58.0
5181,57.27378,58.0
5182,57.324715,57.0
5183,56.160385,57.0
5184,56.308567,57.0
5185,56.547237,58.0
5186,57.600292,59.0
5187,58.687607,59.0
5188,58.642033,60.0
5189,59.699898,60.0
5190,59.71761,61.0
5191,60.693314,62.0
5192,61.61349,63.0
5193,62.725544,64.0
5194,63.75107,65.0
5195,64.765465,65.0
5196,64.72193,66.0
5197,65.621925,66.99999999999999
5198,66.56551,68.0
5199,67.67203,69.00000000000001
5200,68.23429,70.0
5201,69.213066,70.99999999999999
5202,70.068855,72.0
5203,71.519844,73.00000000000001
5204,72.07885,74.0
5205,73.17375,74.99999999999999
5206,74.1637,77.00000000000001
5207,76.348495,78.0
5208,77.52107,78.99999999999999
5209,78.5205,80.0
5210,79.40414,81.00000000000001
5211,80.382515,81.00000000000001
5212,80.870575,82.0
5213,81.92216,82.99999999999999
5214,82.85271,84.0
5215,83.77955,85.00000000000001
5216,84.758224,85.00000000000001
5217,84.32394,86.0
5218,85.4036,88.0
5219,87.75666,89.00000000000001
5220,88.69798,90.0
5221,89.47329,90.99999999999999
5222,90.44874,92.0
5223,91.03868,94.0
5224,93.31731,96.0
5225,95.39175,98.99999999999999
5226,98.245,104.0
5227,103.421135,110.0
5228,109.44337,117.00000000000001
5229,116.89946,124.0
5230,125.64075,129.0
5231,131.81783,131.0
5232,133.91042,129.0
5233,131.49855,122.99999999999999
5234,124.70181,116.0
5235,117.037476,110.0
5236,110.757256,106.0
5237,106.5187,106.99999999999999
5238,107.045204,110.99999999999999
5239,111.182915,116.0
5240,116.4261,120.0
5241,120.57553,121.00000000000001
5242,122.06636,118.99999999999999
5243,119.774185,114.99999999999999
5244,115.46733,109.00000000000001
5245,108.91075,104.0
5246,103.702774,101.00000000000001
5247,100.1528,98.99999999999999
5248,98.48767,98.0
5249,97.4012,97.00000000000001
5250,96.163574,96.0
5251,95.03342,94.99999999999999
5252,93.95616,94.99999999999999
5253,94.03783,94.0
5254,93.684616,94.0
5255,94.27828,93.00000000000001
5256,93.327,93.00000000000001
5257,92.91117,93.00000000000001
5258,93.23246,94.0
5259,93.86331,94.0
5260,94.264465,94.0
5261,94.20004,94.0
5262,94.31943,93.00000000000001
5263,93.24867,92.0
5264,92.23916,90.99999999999999
5265,91.11117,90.0
5266,89.908195,89.00000000000001
5267,88.8258,89.00000000000001
5268,88.739265,88.0
5269,87.5336,86.99999999999999
5270,86.52611,86.0
5271,85.373314,85.00000000000001
5272,84.57984,84.0
5273,83.685776,82.99999999999999
5274,82.66322,82.0
5275,81.4426,80.0
5276,79.91907,78.99999999999999
5277,78.98206,78.0
5278,77.8635,77.00000000000001
5279,76.811134,76.0
5280,75.88365,74.99999999999999
5281,74.75067,74.0
5282,73.58334,74.0
5283,73.58162,73.00000000000001
5284,72.5615,73.00000000000001
5285,72.48528,72.0
5286,71.55407,70.99999999999999
5287,70.765755,70.99999999999999
5288,70.71645,70.0
5289,69.53848,70.0
5290,69.71058,69.00000000000001
5291,68.777565,69.00000000000001
5292,68.45227,68.0
5293,67.3609,68.0
5294,67.61406,68.0
5295,67.52843,68.0
5296,67.30445,68.0
5297,67.334946,66.99999999999999
5298,66.34468,66.99999999999999
5299,66.18758,66.99999999999999
5300,66.41547,66.99999999999999
5301,66.57275,66.0
5302,65.757965,65.0
5303,64.640785,64.0
5304,63.767864,63.0
5305,62.70978,62.0
5306,61.383396,61.0
5307,60.35013,61.0
5308,60.702927,61.0
5309,60.726376,61.0
5310,60.662365,61.0
5311,60.74627,61.0
5312,60.602192,61.0
5313,60.600994,61.0
5314,60.651375,61.0
5315,60.623444,61.0
5316,60.721493,61.0
5317,60.55589,60.0
5318,59.59097,60.0
5319,59.316635,60.0
5320,59.290154,59.0
5321,58.088367,59.0
5322,57.831734,59.0
5323,58.25395,58.0
5324,56.934425,58.0
5325,57.089462,57.0
5326,56.03585,57.0
5327,55.523758,58.0
5328,56.944393,58.0
5329,56.9405,58.0
5330,57.324574,58.0
5331,57.331333,58.0
5332,57.411983,58.0
5333,57.421715,58.0
5334,57.389835,57.0
5335,56.36153,57.0
5336,56.488567,56.0
5337,55.50342,55.0
5338,54.598747,55.0
5339,54.652744,55.0
5340,54.648342,55.0
5341,54.480152,55.0
5342,54.584286,55.0
5343,54.334175,55.0
5344,54.531086,55.0
5345,54.569138,55.0
5346,54.132256,55.0
5347,54.64032,56.0
5348,55.051434,56.0
5349,55.107998,56.0
5350,55.217735,57.0
5351,56.060966,57.0
5352,56.022427,58.0
5353,57.657433,58.0
5354,57.6732,58.0
5355,57.34024,58.0
5356,57.333496,58.0
5357,57.59797,58.0
5358,57.57795,58.0
5359,57.522346,57.0
5360,56.47579,57.0
5361,56.63492,57.0
5362,56.625923,58.0
5363,57.716816,58.0
5364,57.660213,58.0
5365,57.48372,58.0
5366,57.58,58.0
5367,57.19279,57.0
5368,56.100014,57.0
5369,56.290775,57.0
5370,56.318058,57.0
5371,56.005672,57.0
5372,55.816692,57.0
5373,56.251553,56.0
5374,55.288593,56.0
5375,55.530075,56.0
5376,55.40342,55.0
5377,54.649605,54.0
5378,53.62026,54.0
5379,53.33484,54.0
5380,53.59904,54.0
5381,53.27093,54.0
5382,53.196682,54.0
5383,53.679077,54.0
5384,53.63038,54.0
5385,53.651844,54.0
5386,53.57456,55.0
5387,54.618465,55.0
5388,54.633823,55.0
5389,54.508503,55.0
5390,54.56123,55.0
5391,54.600807,56.0
5392,55.03516,56.0
5393,54.997917,56.0
5394,54.798317,56.0
5395,54.933163,56.0
5396,54.4988,56.0
5397,54.694378,56.0
5398,54.928368,56.0
5399,55.089195,56.0
5400,55.6174,55.0
5401,54.599762,55.0
5402,54.578617,55.0
5403,54.67049,55.0
5404,54.636242,55.0
5405,54.63042,55.0
5406,54.675903,55.0
5407,54.66038,55.0
5408,54.59682,55.0
5409,54.66736,56.0
5410,55.620472,56.0
5411,55.62002,56.0
5412,55.65208,56.0
5413,55.555347,56.0
5414,55.506134,56.0
5415,55.37678,56.0
5416,55.49091,56.0
5417,54.854374,56.0
5418,55.079865,56.0
5419,55.385548,56.0
5420,54.999874,57.0
5421,55.989326,57.0
5422,56.35076,58.0
5423,57.41739,58.0
5424,57.66974,58.0
5425,57.580048,59.0
5426,58.553753,59.0
5427,58.63385,59.0
5428,58.70141,58.0
5429,57.584183,58.0
5430,57.65612,58.0
5431,57.224716,57.0
5432,56.61885,57.0
5433,56.67474,57.0
5434,56.679432,57.0
5435,56.682068,57.0
5436,56.696266,57.0
5437,56.45526,57.0
5438,56.577435,58.0
5439,57.352325,58.0
5440,57.361553,59.0
5441,58.396767,59.0
5442,58.741753,60.0
5443,59.46318,60.0
5444,59.339718,61.0
5445,60.154415,61.0
5446,60.2846,62.0
5447,61.10552,63.0
5448,62.41025,63.0
5449,62.649563,64.0
5450,63.75695,65.0
5451,64.75113,65.0
5452,64.78366,66.0
5453,65.80644,66.99999999999999
5454,66.80348,68.0
5455,67.872826,69.00000000000001
5456,68.7918,69.00000000000001
5457,68.47856,70.0
5458,69.437775,70.0
5459,69.8355,70.99999999999999
5460,70.82602,70.99999999999999
5461,70.75608,72.0
5462,71.81261,72.0
5463,71.78589,73.00000000000001
5464,72.18561,73.00000000000001
5465,71.92303,73.00000000000001
5466,71.89807,74.0
5467,73.245674,74.0
5468,72.90722,74.99999999999999
5469,74.10139,74.99999999999999
5470,74.07766,74.99999999999999
5471,74.25331,74.99999999999999
5472,74.71661,74.99999999999999
5473,74.72679,74.99999999999999
5474,74.72438,74.99999999999999
5475,74.72362,74.99999999999999
5476,74.64803,74.0
5477,73.541115,74.0
5478,73.926994,73.00000000000001
5479,72.96905,73.00000000000001
5480,72.8511,73.00000000000001
5481,72.83875,73.00000000000001
5482,72.82122,73.00000000000001
5483,72.761345,72.0
5484,71.717636,72.0
5485,71.671646,70.99999999999999
5486,70.59414,70.99999999999999
5487,70.49296,70.0
5488,69.30352,69.00000000000001
5489,67.66301,68.0
5490,66.653786,66.99999999999999
5491,65.877304,66.0
5492,64.79641,65.0
5493,64.04326,65.0
5494,63.979683,64.0
5495,62.97537,64.0
5496,63.372185,64.0
5497,63.70485,64.0
5498,63.255333,63.0
5499,62.157394,62.0
5500,61.022224,62.0
5501,61.17021,61.0
5502,60.133327,60.0
5503,59.709274,60.0
5504,59.476128,60.0
5505,59.626442,59.0
5506,58.701447,59.0
5507,58.645172,59.0
5508,58.67962,58.0
5509,57.60497,58.0
5510,57.13683,58.0
5511,57.4419,57.0
5512,56.327396,57.0
5513,56.40524,57.0
5514,56.175385,57.0
5515,56.28408,57.0
5516,55.95233,57.0
5517,56.45962,56.0
5518,55.30386,56.0
5519,55.607967,55.0
5520,54.544445,55.0
5521,54.57411,55.0
5522,54.542274,56.0
5523,55.41118,56.0
5524,55.609978,57.0
5525,56.68594,57.0
5526,56.173725,57.0
5527,56.48667,57.0
5528,56.450638,57.0
5529,56.554436,57.0
5530,56.16129,57.0
5531,56.104477,57.0
5532,56.75419,58.0
5533,57.596195,58.0
5534,57.374233,58.0
5535,57.37561,59.0
5536,58.20729,59.0
5537,58.384613,59.0
5538,57.91578,60.0
5539,58.97827,60.0
5540,59.551056,61.0
5541,59.565353,66.0
5542,65.08667,73.00000000000001
5543,72.40193,80.0
5544,79.54169,82.99999999999999
5545,82.85385,81.00000000000001
5546,80.80691,74.99999999999999
5547,74.74357,69.00000000000001
5548,68.83886,65.0
5549,64.679405,64.0
5550,63.653194,66.99999999999999
5551,66.68596,70.99999999999999
5552,70.678116,74.0
5553,73.70207,76.0
5554,75.66024,77.00000000000001
5555,76.53867,78.0
5556,77.52509,78.0
5557,77.35716,78.0
5558,77.383995,78.0
5559,77.50333,78.0
5560,77.57991,78.0
5561,77.2595,78.0
5562,77.382065,78.0
5563,77.444855,78.99999999999999
5564,78.40037,78.99999999999999
5565,77.74833,78.99999999999999
5566,78.01253,80.0
5567,79.478745,80.0
5568,79.37009,80.0
5569,79.29695,80.0
5570,79.57464,81.00000000000001
5571,80.575554,81.00000000000001
5572,80.61779,81.00000000000001
5573,80.82108,82.0
5574,81.80712,82.0
5575,81.73755,82.99999999999999
5576,82.7213,82.99999999999999
5577,82.78216,82.99999999999999
5578,82.843605,82.0
5579,81.686714,81.00000000000001
5580,80.72077,80.0
5581,79.607155,78.99999999999999
5582,78.559044,78.0
5583,77.50685,77.00000000000001
5584,76.14651,74.99999999999999
5585,74.02982,74.0
5586,73.23304,72.0
5587,71.56867,70.0
5588,69.492615,68.0
5589,67.63519,66.99999999999999
5590,66.57603,65.0
5591,64.54502,64.0
5592,63.757397,63.0
5593,62.711113,61.0
5594,60.684,60.0
5595,59.70137,58.0
5596,57.673267,57.0
5597,56.42157,56.0
5598,55.40511,56.0
5599,55.646088,57.0
5600,56.598965,57.0
5601,56.565647,58.0
5602,57.200684,58.0
5603,57.30109,57.0
5604,56.23652,57.0
5605,56.266117,57.0
5606,56.579792,57.0
5607,56.373833,56.0
5608,54.87686,56.0
5609,55.32152,56.0
5610,54.54201,55.0
5611,53.770546,55.0
5612,54.51104,55.0
5613,53.80032,55.0
5614,53.809887,54.0
5615,53.181065,54.0
5616,53.42216,53.0
5617,52.44239,52.0
5618,51.3556,52.0
5619,51.577618,51.0
5620,50.54349,51.0
5621,50.26819,52.0
5622,51.27091,55.0
5623,54.28332,58.0
5624,57.272903,61.0
5625,60.32237,63.0
5626,62.691692,64.0
5627,63.66278,65.0
5628,64.67603,65.0
5629,64.519264,66.0
5630,65.50103,66.0
5631,65.18408,66.99999999999999
5632,66.1093,68.0
5633,66.89824,68.0
5634,67.04246,68.0
5635,66.88286,69.00000000000001
5636,67.99369,69.00000000000001
5637,67.991776,69.00000000000001
5638,68.040436,70.0
5639,69.44131,70.0
5640,69.48561,70.0
5641,69.50921,70.0
5642,69.72473,70.0
5643,69.78345,70.0
5644,69.83034,70.0
5645,69.75653,69.00000000000001
5646,68.368645,66.99999999999999
5647,66.812294,65.0
5648,64.75776,63.0
5649,62.78731,63.0
5650,62.3312,63.0
5651,62.755985,63.0
5652,62.708744,64.0
5653,63.294384,65.0
5654,64.11162,66.0
5655,65.2468,66.99999999999999
5656,66.32367,68.0
5657,67.295235,69.00000000000001
5658,68.084885,70.0
5659,69.15726,70.99999999999999
5660,70.18787,72.0
5661,70.840836,72.0
5662,71.311,73.00000000000001
5663,72.47223,73.00000000000001
5664,72.570885,73.00000000000001
5665,72.670654,72.0
5666,71.65079,72.0
5667,71.619606,72.0
5668,71.61093,70.99999999999999
5669,70.64719,70.0
5670,69.69699,68.0
5671,67.78052,65.0
5672,64.75441,62.0
5673,61.718964,61.0
5674,60.6148,61.0
5675,60.5175,61.0
5676,60.72017,61.0
5677,60.7234,61.0
5678,60.223984,61.0
5679,60.303944,61.0
5680,60.166798,61.0
5681,60.18846,62.0
5682,61.0739,63.0
5683,61.97439,64.0
5684,62.866642,65.0
5685,63.556187,65.0
5686,64.263565,66.0
5687,65.41166,66.0
5688,65.42908,66.0
5689,65.66644,66.99999999999999
5690,66.78533,66.99999999999999
5691,66.70073,66.99999999999999
5692,66.62109,66.0
5693,65.578064,64.0
5694,63.418953,61.0
5695,60.397457,57.0
5696,56.656017,53.0
5697,52.549995,51.0
5698,50.612926,50.0
5699,49.606342,49.0
5700,48.566185,49.0
5701,48.529053,49.0
5702,48.56753,49.0
5703,48.245438,50.0
5704,49.195156,50.0
5705,49.26042,49.0
5706,48.459595,49.0
5707,48.42976,50.0
5708,49.224937,50.0
5709,49.301704,51.0
5710,50.3523,52.0
5711,51.61315,53.0
5712,52.506855,53.0
5713,52.3448,54.0
5714,53.50907,54.0
5715,53.50776,54.0
5716,53.507576,54.0
5717,53.653442,54.0
5718,53.70047,54.0
5719,53.724377,55.0
5720,54.236347,56.0
5721,55.097984,56.0
5722,55.706272,57.0
5723,56.503876,57.0
5724,56.61278,58.0
5725,57.622887,58.0
5726,57.623737,58.0
5727,57.701927,58.0
5728,57.4652,58.0
5729,56.92987,59.0
5730,58.070305,60.0
5731,58.568546,60.0
5732,58.76343,61.0
5733,59.860916,61.0
5734,59.81491,61.0
5735,60.310505,61.0
5736,60.498108,61.0
5737,60.52488,61.0
5738,60.615044,62.0
5739,61.72901,63.0
5740,62.76834,63.0
5741,62.624363,61.0
5742,60.588043,57.0
5743,56.61716,52.0
5744,51.64368,48.0
5745,47.602802,46.0
5746,45.632374,46.0
5747,45.594116,47.0
5748,46.60437,48.0
5749,47.60096,49.0
5750,48.644657,49.0
5751,48.581684,50.0
5752,49.341564,51.0
5753,50.220142,51.0
5754,49.87264,52.0
5755,50.93204,52.0
5756,50.995605,52.0
5757,50.996857,52.0
5758,51.022884,53.0
5759,51.991905,53.0
5760,51.8961,53.0
5761,51.998306,54.0
5762,53.072773,54.0
5763,53.156868,55.0
5764,54.491,56.0
5765,55.37089,58.0
5766,57.3845,61.0
5767,60.36123,65.0
5768,64.43594,68.0
5769,67.86311,69.00000000000001
5770,68.86345,70.0
5771,69.898445,69.00000000000001
5772,68.81243,69.00000000000001
5773,68.62481,69.00000000000001
5774,68.551476,69.00000000000001
5775,68.62681,69.00000000000001
5776,68.24098,69.00000000000001
5777,68.12583,68.0
5778,67.24445,66.99999999999999
5779,66.304214,66.0
5780,65.0732,66.0
5781,65.32098,65.0
5782,64.35797,64.0
5783,63.427425,64.0
5784,63.64018,65.0
5785,64.50556,65.0
5786,64.734535,66.0
5787,65.4828,66.0
5788,65.81209,66.0
5789,65.556564,65.0
5790,64.51463,64.0
5791,63.43515,62.0
5792,61.241966,60.0
5793,59.311367,60.0
5794,59.274086,59.0
5795,58.379223,59.0
5796,58.64879,58.0
5797,57.487743,58.0
5798,57.241722,57.0
5799,56.172447,57.0
5800,56.259937,57.0
5801,56.05889,56.0
5802,55.0495,56.0
5803,54.858536,56.0
5804,55.04489,56.0
5805,54.563595,56.0
5806,54.80961,55.0
5807,53.880566,55.0
5808,54.23007,55.0
5809,54.184788,55.0
5810,54.164787,55.0
5811,54.221886,55.0
5812,54.67813,55.0
5813,54.294216,55.0
5814,54.643833,55.0
5815,54.60044,56.0
5816,55.266945,56.0
5817,55.590485,56.0
5818,55.63391,56.0
5819,55.56624,56.0
5820,55.59367,56.0
5821,55.43766,56.0
5822,55.545494,56.0
5823,55.23045,56.0
5824,54.978783,57.0
5825,56.147366,57.0
5826,56.119602,57.0
5827,56.3775,57.0
5828,56.18806,58.0
5829,57.089222,58.0
5830,57.21232,59.0
5831,58.511536,59.0
5832,58.540108,59.0
5833,58.403008,59.0
5834,58.38296,59.0
5835,58.358395,58.0
5836,57.33502,58.0
5837,57.680584,60.0
5838,59.66708,62.0
5839,61.64081,66.0
5840,65.6296,68.0
5841,67.41635,68.0
5842,67.69819,66.0
5843,65.70101,65.0
5844,64.72641,64.0
5845,63.61354,64.0
5846,63.583225,64.0
5847,63.136364,64.0
5848,62.794518,64.0
5849,63.190998,64.0
5850,62.811314,65.0
5851,63.67048,65.0
5852,64.314735,65.0
5853,64.07328,65.0
5854,64.160934,65.0
5855,64.711815,65.0
5856,64.67046,65.0
5857,64.76927,65.0
5858,64.76218,65.0
5859,64.742714,65.0
5860,64.75139,64.0
5861,63.7612,63.0
5862,62.740524,62.0
5863,61.689552,62.0
5864,61.655365,61.0
5865,60.769836,61.0
5866,60.680405,61.0
5867,60.213135,61.0
5868,60.69069,61.0
5869,60.355125,61.0
5870,60.32542,61.0
5871,60.33927,62.0
5872,61.355465,62.0
5873,61.213776,62.0
5874,60.955162,62.0
5875,60.838726,62.0
5876,60.86246,62.0
5877,60.786957,63.0
5878,61.614563,63.0
5879,61.96124,63.0
5880,62.721195,63.0
5881,62.27098,62.0
5882,61.490276,62.0
5883,61.532684,62.0
5884,61.348705,62.0
5885,61.705418,62.0
5886,61.68094,62.0
5887,61.66497,62.0
5888,61.735508,61.0
5889,60.754776,61.0
5890,60.67674,61.0
5891,60.668186,61.0
5892,60.70962,61.0
5893,60.618446,61.0
5894,60.4456,61.0
5895,60.18821,61.0
5896,59.97372,61.0
5897,60.083565,61.0
5898,59.953865,61.0
5899,60.068253,61.0
5900,59.9339,61.0
5901,60.12355,61.0
5902,60.2145,61.0
5903,60.343468,61.0
5904,60.435905,61.0
5905,60.468987,61.0
5906,60.65249,60.0
5907,59.727486,60.0
5908,59.312046,60.0
5909,59.736233,60.0
5910,59.354847,60.0
5911,59.314644,59.0
5912,58.69482,59.0
5913,58.740955,59.0
5914,58.58684,59.0
5915,58.671593,59.0
5916,58.694996,59.0
5917,58.636368,59.0
5918,58.46926,59.0
5919,58.265594,58.0
5920,56.83636,58.0
5921,56.59177,58.0
5922,56.764637,58.0
5923,57.067017,57.0
5924,56.139053,57.0
5925,56.06017,58.0
5926,57.216537,58.0
5927,57.16671,59.0
5928,58.511578,59.0
5929,58.472317,60.0
5930,59.40357,60.0
5931,59.06835,60.0
5932,59.084194,61.0
5933,60.287018,61.0
5934,60.338257,61.0
5935,60.20253,61.0
5936,60.064674,61.0
5937,60.584938,61.0
5938,60.646122,61.0
5939,60.73573,61.0
5940,60.316547,61.0
5941,60.286465,61.0
5942,60.267498,62.0
5943,61.271553,62.0
5944,61.339535,62.0
5945,61.395397,62.0
5946,61.209415,62.0
5947,61.068943,63.0
5948,62.298157,63.0
5949,62.009724,63.0
5950,62.128696,63.0
5951,62.18683,64.0
5952,63.426144,64.0
5953,63.40513,64.0
5954,63.44688,63.0
5955,62.421825,63.0
5956,62.41905,63.0
5957,62.748116,63.0
5958,62.38646,62.0
5959,61.243828,62.0
5960,61.278618,62.0
5961,61.790268,62.0
5962,61.74033,62.0
5963,61.719486,62.0
5964,61.347805,62.0
5965,61.741497,61.0
5966,60.394985,61.0
5967,60.091675,61.0
5968,59.970963,60.0
5969,58.90693,59.0
5970,58.068954,59.0
5971,57.555607,58.0
5972,56.798264,57.0
5973,55.94755,56.0
5974,54.93554,55.0
5975,53.721325,54.0
5976,52.993496,54.0
5977,53.224613,53.0
5978,52.174213,53.0
5979,52.31956,53.0
5980,52.68203,53.0
5981,52.220425,53.0
5982,52.605648,53.0
5983,52.22629,54.0
5984,53.620968,54.0
5985,53.73518,54.0
5986,53.62932,55.0
5987,54.270042,55.0
5988,54.279583,55.0
5989,54.276142,56.0
5990,55.237522,56.0
5991,55.225025,56.0
5992,55.213722,57.0
5993,56.29963,57.0
5994,56.566326,58.0
5995,56.96359,59.0
5996,57.923702,59.0
5997,57.758957,60.0
5998,58.798767,60.0
5999,58.721634,60.0
6000,59.010796,60.0
6001,59.569153,60.0
6002,59.22176,60.0
6003,59.312195,60.0
6004,59.314514,60.0
6005,59.633167,60.0
6006,59.304264,60.0
6007,59.257442,60.0
6008,59.60352,60.0
6009,59.627266,60.0
6010,59.593002,60.0
6011,59.62266,59.0
6012,58.64955,59.0
6013,58.467503,59.0
6014,58.32003,59.0
6015,58.32893,59.0
6016,58.22227,59.0
6017,58.12273,59.0
6018,58.034256,58.0
6019,57.162907,58.0
6020,57.257442,58.0
6021,57.184162,58.0
6022,57.371433,58.0
6023,57.394722,58.0
6024,57.477264,58.0
6025,57.473053,59.0
6026,58.370625,59.0
6027,58.377777,59.0
6028,58.344234,59.0
6029,58.29977,58.0
6030,57.28744,58.0
6031,57.212704,57.0
6032,56.230797,57.0
6033,56.139507,56.0
6034,55.129143,56.0
6035,55.606033,56.0
6036,55.27648,56.0
6037,55.551556,56.0
6038,55.55618,56.0
6039,55.15806,56.0
6040,54.8263,55.0
6041,53.928112,55.0
6042,53.943604,55.0
6043,54.064953,55.0
6044,54.056908,55.0
6045,54.02839,55.0
6046,54.49574,56.0
6047,55.576324,56.0
6048,55.558426,56.0
6049,55.35065,56.0
6050,55.57045,56.0
6051,55.62951,56.0
6052,55.233677,56.0
6053,55.233974,57.0
6054,56.592335,57.0
6055,56.657066,57.0
6056,56.468555,57.0
6057,56.203682,57.0
6058,56.22902,57.0
6059,56.59276,57.0
6060,56.63258,57.0
6061,56.591812,57.0
6062,56.61855,57.0
6063,56.164116,57.0
6064,56.262398,57.0
6065,56.1915,57.0
6066,56.02154,58.0
6067,57.158627,58.0
6068,57.38875,59.0
6069,58.496418,59.0
6070,58.189373,60.0
6071,59.467022,60.0
6072,59.65545,60.0
6073,59.59773,61.0
6074,60.728317,61.0
6075,60.7257,61.0
6076,60.723763,61.0
6077,60.736313,61.0
6078,60.74355,61.0
6079,60.687294,61.0
6080,60.186577,61.0
6081,60.11723,61.0
6082,60.047394,61.0
6083,60.058514,61.0
6084,60.7337,61.0
6085,60.645428,61.0
6086,60.632664,61.0
6087,60.578465,61.0
6088,60.18154,61.0
6089,60.148243,60.0
6090,59.183037,60.0
6091,59.266914,59.0
6092,58.40869,58.0
6093,57.494884,57.0
6094,56.510536,56.0
6095,55.706913,56.0
6096,55.68197,56.0
6097,55.62917,56.0
6098,55.62247,56.0
6099,55.699574,55.0
6100,54.605453,55.0
6101,54.647396,54.0
6102,53.60185,54.0
6103,53.528103,54.0
6104,53.53575,54.0
6105,53.48578,54.0
6106,53.486546,54.0
6107,53.528698,54.0
6108,53.541176,54.0
6109,53.58735,54.0
6110,53.7069,54.0
6111,53.4574,54.0
6112,53.549366,54.0
6113,53.353283,55.0
6114,54.341022,55.0
6115,54.358097,55.0
6116,54.537983,55.0
6117,54.39033,55.0
6118,54.463623,55.0
6119,54.44559,55.0
6120,54.30256,55.0
6121,54.368153,55.0
6122,54.323574,55.0
6123,54.35678,55.0
6124,54.56468,55.0
6125,54.398796,56.0
6126,55.285233,56.0
6127,55.2896,57.0
6128,56.274857,57.0
6129,56.43291,56.0
6130,55.7834,56.0
6131,55.439095,56.0
6132,55.393604,56.0
6133,55.651093,56.0
6134,55.614952,56.0
6135,55.594555,56.0
6136,55.68119,56.0
6137,55.370106,56.0
6138,54.899677,56.0
6139,55.112015,56.0
6140,54.95945,56.0
6141,55.02246,57.0
6142,55.92404,57.0
6143,56.547825,57.0
6144,56.584713,57.0
6145,56.605244,57.0
6146,56.63943,57.0
6147,56.645687,56.0
6148,55.584972,56.0
6149,55.64503,56.0
6150,55.58211,56.0
6151,55.693024,56.0
6152,55.679073,56.0
6153,55.712566,56.0
6154,55.714447,56.0
6155,55.729546,56.0
6156,55.725803,56.0
6157,55.608738,56.0
6158,55.678024,56.0
6159,55.240643,56.0
6160,55.040333,56.0
6161,54.82946,55.0
6162,53.474323,55.0
6163,53.744873,55.0
6164,53.815773,54.0
6165,52.25903,54.0
6166,52.611946,54.0
6167,52.729515,54.0
6168,53.255787,53.0
6169,52.278816,53.0
6170,52.3422,53.0
6171,52.644955,52.0
6172,51.501877,52.0
6173,51.783566,52.0
6174,51.800137,52.0
6175,51.4842,52.0
6176,51.38929,52.0
6177,51.53074,52.0
6178,51.463554,52.0
6179,51.526703,52.0
6180,51.314,52.0
6181,51.37011,52.0
6182,51.55211,51.0
6183,50.337982,51.0
6184,50.071323,51.0
6185,49.696735,51.0
6186,49.64507,51.0
6187,49.850964,51.0
6188,50.45481,51.0
6189,49.808296,51.0
6190,50.073975,51.0
6191,50.488964,51.0
6192,50.483936,52.0
6193,51.435204,52.0
6194,51.58309,52.0
6195,51.596188,53.0
6196,52.61287,53.0
6197,52.585457,54.0
6198,53.5497,54.0
6199,53.58904,53.0
6200,52.604965,53.0
6201,52.633938,53.0
6202,52.654404,53.0
6203,52.644962,53.0
6204,52.65329,53.0
6205,52.501404,53.0
6206,52.505188,54.0
6207,53.35533,54.0
6208,53.32736,54.0
6209,53.32581,54.0
6210,52.907055,54.0
6211,52.8526,54.0
6212,53.59684,54.0
6213,52.972267,54.0
6214,52.93829,53.0
6215,52.07063,53.0
6216,52.160717,52.0
6217,50.90844,52.0
6218,51.018394,51.0
6219,50.011288,50.0
6220,49.082268,50.0
6221,49.09598,49.0
6222,47.984623,48.0
6223,46.866314,48.0
6224,47.161564,47.0
6225,46.049324,46.0
6226,45.127552,45.0
6227,44.264057,44.0
6228,43.490307,44.0
6229,43.50689,44.0
6230,43.473568,44.0
6231,43.722366,45.0
6232,44.421467,47.0
6233,45.90196,49.0
6234,47.91623,50.0
6235,49.216446,50.0
6236,48.787148,50.0
6237,49.034092,50.0
6238,48.844196,50.0
6239,49.380924,51.0
6240,50.68859,50.0
6241,49.630196,50.0
6242,49.32512,51.0
6243,50.30972,51.0
6244,50.29664,52.0
6245,51.158707,52.0
6246,51.078667,53.0
6247,52.041195,54.0
6248,53.026665,54.0
6249,52.946415,55.0
6250,54.100227,55.0
6251,54.19066,55.0
6252,54.33388,55.0
6253,54.353844,55.0
6254,54.32073,54.0
6255,53.176838,54.0
6256,53.183567,54.0
6257,53.454224,54.0
6258,52.80692,54.0
6259,53.134125,54.0
6260,53.10573,54.0
6261,53.161667,55.0
6262,54.508926,55.0
6263,54.302887,56.0
6264,55.10293,57.0
6265,56.28155,58.0
6266,57.184277,58.0
6267,57.313267,58.0
6268,57.301804,59.0
6269,58.589123,62.0
6270,61.581425,66.99999999999999
6271,66.583496,73.00000000000001
6272,72.534836,78.0
6273,77.55759,81.00000000000001
6274,80.46089,81.00000000000001
6275,80.34429,81.00000000000001
6276,80.378334,81.00000000000001
6277,80.271706,82.0
6278,81.24512,82.0
6279,81.28508,82.0
6280,81.28437,82.0
6281,81.331184,81.00000000000001
6282,80.15948,80.0
6283,79.281265,80.0
6284,79.10164,78.99999999999999
6285,77.89709,78.99999999999999
6286,78.11219,78.99999999999999
6287,78.063065,80.0
6288,79.220505,81.00000000000001
6289,80.876495,81.00000000000001
6290,80.84781,82.0
6291,81.749725,82.0
6292,81.74192,82.0
6293,81.61484,78.99999999999999
6294,78.63459,72.0
6295,71.665565,64.0
6296,63.69865,57.0
6297,56.749153,53.0
6298,52.70553,52.0
6299,51.742287,51.0
6300,50.76052,50.0
6301,49.67967,49.0
6302,48.69042,48.0
6303,47.67952,47.0
6304,46.213867,47.0
6305,46.631386,47.0
6306,46.384895,47.0
6307,46.11055,47.0
6308,45.685795,48.0
6309,47.006042,49.0
6310,48.14094,50.0
6311,49.153564,50.0
6312,49.022644,49.0
6313,48.026752,49.0
6314,47.97608,48.0
6315,47.436092,47.0
6316,46.562984,47.0
6317,46.595078,46.0
6318,45.535667,46.0
6319,45.53886,46.0
6320,45.55633,46.0
6321,45.560642,47.0
6322,46.53801,47.0
6323,46.57221,48.0
6324,47.61502,49.0
6325,48.617264,50.0
6326,49.56017,50.0
6327,49.570606,50.0
6328,49.12233,50.0
6329,49.3072,50.0
6330,49.332363,50.0
6331,49.212353,49.0
6332,48.28099,49.0
6333,48.24345,50.0
6334,49.34456,50.0
6335,49.37838,51.0
6336,50.255245,51.0
6337,50.388573,51.0
6338,50.540035,51.0
6339,50.340652,51.0
6340,50.34936,52.0
6341,51.63284,54.0
6342,53.581013,58.0
6343,57.644325,63.0
6344,62.740067,66.99999999999999
6345,66.807625,69.00000000000001
6346,68.82901,70.99999999999999
6347,70.83256,70.99999999999999
6348,70.79775,70.99999999999999
6349,70.584694,70.99999999999999
6350,70.51377,70.99999999999999
6351,70.1113,70.99999999999999
6352,70.42903,70.99999999999999
6353,70.08637,70.99999999999999
6354,70.006035,70.99999999999999
6355,70.03966,70.99999999999999
6356,70.13942,70.99999999999999
6357,69.96583,72.0
6358,70.89649,72.0
6359,70.98499,72.0
6360,71.102036,72.0
6361,71.096725,72.0
6362,71.27041,72.0
6363,71.33759,72.0
6364,71.36642,72.0
6365,71.607254,72.0
6366,71.6357,72.0
6367,71.68912,70.99999999999999
6368,70.65505,70.0
6369,69.63092,70.0
6370,69.64864,69.00000000000001
6371,68.61687,69.00000000000001
6372,68.53,69.00000000000001
6373,68.437935,69.00000000000001
6374,68.433235,68.0
6375,67.22335,68.0
6376,67.496994,66.99999999999999
6377,65.93533,66.99999999999999
6378,66.01062,66.0
6379,65.089325,66.0
6380,64.9091,66.0
6381,64.95803,65.0
6382,64.175735,65.0
6383,64.234,65.0
6384,64.396454,65.0
6385,64.49438,65.0
6386,64.636475,65.0
6387,64.59657,65.0
6388,64.558365,65.0
6389,64.54834,64.0
6390,63.521027,64.0
6391,63.412804,64.0
6392,63.41773,64.0
6393,63.459965,64.0
6394,63.183235,64.0
6395,63.34179,64.0
6396,63.445007,63.0
6397,62.306736,63.0
6398,62.25656,62.0
6399,61.11932,61.0
6400,60.032864,60.0
6401,58.807354,60.0
6402,59.08821,59.0
6403,58.049675,58.0
6404,56.763016,58.0
6405,56.969036,58.0
6406,56.912086,58.0
6407,56.903774,58.0
6408,56.947273,57.0
6409,55.939754,57.0
6410,55.819313,56.0
6411,54.737156,56.0
6412,54.695614,55.0
6413,54.40288,55.0
6414,54.42891,53.0
6415,52.422752,52.0
6416,51.333588,51.0
6417,50.33247,51.0
6418,50.240475,51.0
6419,50.21819,51.0
6420,50.277855,51.0
6421,50.651104,51.0
6422,50.56342,51.0
6423,50.255894,52.0
6424,51.500484,52.0
6425,51.02945,53.0
6426,52.159424,53.0
6427,52.41847,53.0
6428,52.197372,53.0
6429,52.276814,53.0
6430,52.56075,53.0
6431,52.52898,53.0
6432,52.594955,53.0
6433,52.564877,53.0
6434,52.552578,53.0
6435,52.41786,53.0
6436,52.362846,54.0
6437,53.73694,56.0
6438,55.74201,59.0
6439,58.60511,62.0
6440,61.566246,65.0
6441,64.6567,66.0
6442,65.71637,66.99999999999999
6443,66.58731,66.99999999999999
6444,66.65216,66.99999999999999
6445,66.7806,66.99999999999999
6446,66.67216,68.0
6447,67.546326,68.0
6448,67.345985,69.00000000000001
6449,68.56289,69.00000000000001
6450,68.45764,70.0
6451,69.45668,70.0
6452,69.26424,70.0
6453,69.538506,70.99999999999999
6454,70.75746,70.99999999999999
6455,70.783066,72.0
6456,71.761826,72.0
6457,71.83818,72.0
6458,71.81411,72.0
6459,71.84876,70.99999999999999
6460,70.824234,70.99999999999999
6461,70.77509,69.00000000000001
6462,68.414955,65.0
6463,64.77358,62.0
6464,61.783806,59.0
6465,58.260857,58.0
6466,57.70177,58.0
6467,57.570698,58.0
6468,57.744476,59.0
6469,58.665512,60.0
6470,59.66024,60.0
6471,59.277916,61.0
6472,60.372757,62.0
6473,61.14792,63.0
6474,61.76343,65.0
6475,63.708736,66.0
6476,64.94428,66.99999999999999
6477,65.97651,68.0
6478,66.93769,69.00000000000001
6479,67.895096,69.00000000000001
6480,68.11703,70.0
6481,69.12905,70.99999999999999
6482,70.406586,72.0
6483,71.570595,73.00000000000001
6484,72.77498,74.0
6485,73.85741,74.0
6486,73.55804,73.00000000000001
6487,72.57467,70.0
6488,69.47948,68.0
6489,67.4448,66.99999999999999
6490,66.54043,66.0
6491,65.76969,66.0
6492,65.78975,66.0
6493,65.65437,66.0
6494,65.649734,66.0
6495,65.20846,66.0
6496,65.046394,66.0
6497,64.81924,66.0
6498,64.99111,66.0
6499,65.1739,66.0
6500,65.11678,66.99999999999999
6501,66.05544,66.99999999999999
6502,65.99114,66.99999999999999
6503,66.27725,66.99999999999999
6504,66.75435,66.99999999999999
6505,66.80693,68.0
6506,67.54115,68.0
6507,67.85016,68.0
6508,67.45904,68.0
6509,67.81388,66.99999999999999
6510,66.73663,64.0
6511,63.222878,61.0
6512,60.66165,59.0
6513,58.594204,60.0
6514,59.700005,61.0
6515,60.72536,63.0
6516,62.77161,64.0
6517,63.66622,64.0
6518,63.697086,64.0
6519,63.35603,65.0
6520,64.010994,65.0
6521,64.24134,65.0
6522,63.931087,65.0
6523,64.07086,64.0
6524,62.758263,64.0
6525,62.974873,64.0
6526,63.04442,65.0
6527,64.24726,65.0
6528,64.55449,65.0
6529,64.69734,65.0
6530,64.729675,66.0
6531,65.319336,66.99999999999999
6532,66.3039,66.99999999999999
6533,66.42492,66.99999999999999
6534,66.42168,65.0
6535,64.38963,62.0
6536,61.32532,59.0
6537,58.31943,58.0
6538,57.297813,58.0
6539,57.29824,58.0
6540,57.259884,58.0
6541,57.55746,58.0
6542,57.5643,58.0
6543,57.560703,58.0
6544,57.31599,58.0
6545,57.198097,58.0
6546,57.442432,58.0
6547,57.419933,58.0
6548,57.41484,58.0
6549,57.41,59.0
6550,58.46055,59.0
6551,58.3961,59.0
6552,58.442062,59.0
6553,58.39353,59.0
6554,58.430237,59.0
6555,58.391705,59.0
6556,58.329796,59.0
6557,58.32456,59.0
6558,58.436073,59.0
6559,58.64202,58.0
6560,57.587677,58.0
6561,57.579445,58.0
6562,57.61915,58.0
6563,57.624466,58.0
6564,57.560627,58.0
6565,57.451107,58.0
6566,57.559807,58.0
6567,57.153877,58.0
6568,57.246338,57.0
6569,56.436836,57.0
6570,56.059937,57.0
6571,56.028408,58.0
6572,57.175636,58.0
6573,57.110622,58.0
6574,57.239788,58.0
6575,57.439495,58.0
6576,57.334797,59.0
6577,58.36908,60.0
6578,59.154682,61.0
6579,60.40897,62.0
6580,61.23451,62.0
6581,60.98988,62.0
6582,61.504036,62.0
6583,61.556976,62.0
6584,61.4974,61.0
6585,60.41514,61.0
6586,60.07692,61.0
6587,60.05465,61.0
6588,60.288433,61.0
6589,60.590027,61.0
6590,60.541824,61.0
6591,60.57375,61.0
6592,60.23714,61.0
6593,60.178844,60.0
6594,59.236397,60.0
6595,59.2214,60.0
6596,58.64995,60.0
6597,58.70978,60.0
6598,58.913322,60.0
6599,59.34557,59.0
6600,58.304523,59.0
6601,58.551533,58.0
6602,57.37144,57.0
6603,56.640022,56.0
6604,55.323692,56.0
6605,55.1741,56.0
6606,55.583195,56.0
6607,55.2504,56.0
6608,55.13046,56.0
6609,55.01268,56.0
6610,55.646137,56.0
6611,55.203876,57.0
6612,56.233826,57.0
6613,56.541668,58.0
6614,57.52041,58.0
6615,57.333794,58.0
6616,57.24175,58.0
6617,57.00638,58.0
6618,57.11211,58.0
6619,56.87458,58.0
6620,57.073116,58.0
6621,57.444897,57.0
6622,56.321144,57.0
6623,56.62275,57.0
6624,56.377663,57.0
6625,56.372986,57.0
6626,56.35644,57.0
6627,56.669697,57.0
6628,56.627113,57.0
6629,56.25055,57.0
6630,56.24211,57.0
6631,56.68513,58.0
6632,57.260193,58.0
6633,57.149998,58.0
6634,56.946213,58.0
6635,57.02664,57.0
6636,56.136887,57.0
6637,56.251556,57.0
6638,56.24585,57.0
6639,56.20351,57.0
6640,56.292427,56.0
6641,55.07311,56.0
6642,54.946495,56.0
6643,54.80521,55.0
6644,53.59155,55.0
6645,53.793293,55.0
6646,53.59502,56.0
6647,54.772057,56.0
6648,55.035675,56.0
6649,54.94446,55.0
6650,53.931736,55.0
6651,54.24007,55.0
6652,54.33955,55.0
6653,54.35851,55.0
6654,54.36785,55.0
6655,54.55568,55.0
6656,53.781876,55.0
6657,54.27032,55.0
6658,53.89139,55.0
6659,54.28898,54.0
6660,53.186424,54.0
6661,52.99397,54.0
6662,53.394737,54.0
6663,53.135784,54.0
6664,53.304142,54.0
6665,53.61094,54.0
6666,53.596558,54.0
6667,53.57301,54.0
6668,53.28877,54.0
6669,53.10624,54.0
6670,53.04082,54.0
6671,52.835735,54.0
6672,53.051445,54.0
6673,53.0032,53.0
6674,51.953716,53.0
6675,51.914726,53.0
6676,52.30242,53.0
6677,52.058674,52.0
6678,50.963985,52.0
6679,51.07788,52.0
6680,51.083504,51.0
6681,50.20435,51.0
6682,49.900356,51.0
6683,50.132748,51.0
6684,50.18861,51.0
6685,50.509468,51.0
6686,50.455395,51.0
6687,50.345562,52.0
6688,51.110878,52.0
6689,51.300053,52.0
6690,51.314037,52.0
6691,51.012867,53.0
6692,52.0276,53.0
6693,52.228977,53.0
6694,52.1331,53.0
6695,51.968292,54.0
6696,53.305195,54.0
6697,53.36478,55.0
6698,54.30438,55.0
6699,54.329975,56.0
6700,55.345963,56.0
6701,55.30123,56.0
6702,55.290565,57.0
6703,56.26877,57.0
6704,56.2667,57.0
6705,56.285835,57.0
6706,56.62004,58.0
6707,57.241875,58.0
6708,57.630978,58.0
6709,57.496235,58.0
6710,57.54377,58.0
6711,57.31489,58.0
6712,57.276386,58.0
6713,56.937054,58.0
6714,56.85282,58.0
6715,57.10491,58.0
6716,56.989235,57.0
6717,56.29967,57.0
6718,56.230698,57.0
6719,56.33638,57.0
6720,56.436813,57.0
6721,56.409065,57.0
6722,56.702847,57.0
6723,56.60685,58.0
6724,57.46892,58.0
6725,57.480747,59.0
6726,58.67307,59.0
6727,58.06321,58.0
6728,56.96764,58.0
6729,57.602844,57.0
6730,56.559093,57.0
6731,56.178802,57.0
6732,56.668903,57.0
6733,56.551384,57.0
6734,56.557785,57.0
6735,56.114025,57.0
6736,55.888382,57.0
6737,55.74715,57.0
6738,55.825695,57.0
6739,56.112568,57.0
6740,55.93482,57.0
6741,55.85542,57.0
6742,55.695557,58.0
6743,57.20215,58.0
6744,57.428722,58.0
6745,57.4393,58.0
6746,57.385246,58.0
6747,57.27495,58.0
6748,57.25814,58.0
6749,57.076614,58.0
6750,57.0896,58.0
6751,56.967022,59.0
6752,58.106606,59.0
6753,57.984344,60.0
6754,59.01537,60.0
6755,59.03582,60.0
6756,59.158688,60.0
6757,59.284763,60.0
6758,59.235565,61.0
6759,60.248165,61.0
6760,59.929173,61.0
6761,60.140556,61.0
6762,59.776047,61.0
6763,59.616283,61.0
6764,60.055984,61.0
6765,59.837624,62.0
6766,60.67789,62.0
6767,60.688457,62.0
6768,61.080936,62.0
6769,61.489674,62.0
6770,61.450195,62.0
6771,61.452698,62.0
6772,61.38806,61.0
6773,60.308544,61.0
6774,60.300037,60.0
6775,59.254353,59.0
6776,58.273354,59.0
6777,58.278423,58.0
6778,57.261875,58.0
6779,57.55571,57.0
6780,56.62798,57.0
6781,56.556786,57.0
6782,56.621822,57.0
6783,56.228905,57.0
6784,56.1467,57.0
6785,56.415447,57.0
6786,56.164257,57.0
6787,56.290634,56.0
6788,55.49794,56.0
6789,55.364742,56.0
6790,55.32898,56.0
6791,55.334114,56.0
6792,55.384872,56.0
6793,55.42828,56.0
6794,55.361435,57.0
6795,56.3448,57.0
6796,56.35007,57.0
6797,56.332535,57.0
6798,56.661358,58.0
6799,57.663227,58.0
6800,56.997738,59.0
6801,58.11105,59.0
6802,58.13601,60.0
6803,59.221596,60.0
6804,59.30828,61.0
6805,60.352066,61.0
6806,60.379665,61.0
6807,60.295918,61.0
6808,60.17154,61.0
6809,60.09303,62.0
6810,61.04258,61.0
6811,60.300323,61.0
6812,60.233902,61.0
6813,60.20416,60.0
6814,59.39329,60.0
6815,59.445755,60.0
6816,59.450813,59.0
6817,58.49433,59.0
6818,58.73009,59.0
6819,58.704216,59.0
6820,58.402493,59.0
6821,58.436756,58.0
6822,57.79539,58.0
6823,57.445374,58.0
6824,57.45204,58.0
6825,57.440807,57.0
6826,56.436947,57.0
6827,56.44618,57.0
6828,56.41358,56.0
6829,55.36505,56.0
6830,55.68526,55.0
6831,54.35811,55.0
6832,54.338123,54.0
6833,53.44387,54.0
6834,53.25978,54.0
6835,53.008343,54.0
6836,53.07067,54.0
6837,52.83896,54.0
6838,53.27239,54.0
6839,53.24743,54.0
6840,53.230453,53.0
6841,52.611206,53.0
6842,52.51777,53.0
6843,52.57138,52.0
6844,51.60293,52.0
6845,51.55751,51.0
6846,50.656616,51.0
6847,50.327724,51.0
6848,50.730106,51.0
6849,50.302765,51.0
6850,50.687572,51.0
6851,50.36179,51.0
6852,50.34715,51.0
6853,50.40592,51.0
6854,50.399567,51.0
6855,50.58859,52.0
6856,51.301006,52.0
6857,51.429165,52.0
6858,50.842606,53.0
6859,52.042133,53.0
6860,52.10662,53.0
6861,51.875748,53.0
6862,52.082817,53.0
6863,51.893333,53.0
6864,52.002956,53.0
6865,52.121643,52.0
6866,51.134495,52.0
6867,51.023247,52.0
6868,51.16452,52.0
6869,51.234913,52.0
6870,51.334328,52.0
6871,51.25709,52.0
6872,51.65929,51.0
6873,50.41797,51.0
6874,50.1816,51.0
6875,50.106136,50.0
6876,49.46253,50.0
6877,49.535797,51.0
6878,50.535748,51.0
6879,50.578587,52.0
6880,51.42437,53.0
6881,52.219017,54.0
6882,53.047527,55.0
6883,54.1634,55.0
6884,54.155518,55.0
6885,54.124367,55.0
6886,54.13079,56.0
6887,55.227474,56.0
6888,55.498363,56.0
6889,55.250225,56.0
6890,55.42484,56.0
6891,55.376057,56.0
6892,55.35522,56.0
6893,55.327038,56.0
6894,55.361332,56.0
6895,55.38973,56.0
6896,55.434475,56.0
6897,55.425236,56.0
6898,55.409935,56.0
6899,55.40672,56.0
6900,55.43584,56.0
6901,55.37229,55.0
6902,54.31559,55.0
6903,54.38788,54.0
6904,53.508453,53.0
6905,52.11684,52.0
6906,50.912464,51.0
6907,50.11996,50.0
6908,49.123367,49.0
6909,48.016075,49.0
6910,48.004578,49.0
6911,48.005272,49.0
6912,48.185642,48.0
6913,47.328735,48.0
6914,47.560074,48.0
6915,47.19998,48.0
6916,47.144764,48.0
6917,47.260475,49.0
6918,48.12913,49.0
6919,48.076527,50.0
6920,49.156944,50.0
6921,49.243134,50.0
6922,49.285324,49.0
6923,48.69602,48.0
6924,47.375347,48.0
6925,47.69138,48.0
6926,47.620884,48.0
6927,47.486774,49.0
6928,48.29366,50.0
6929,49.09106,51.0
6930,50.393784,51.0
6931,49.759323,52.0
6932,51.260567,52.0
6933,51.012375,53.0
6934,52.332394,53.0
6935,52.391727,53.0
6936,52.43296,54.0
6937,53.625706,54.0
6938,53.365818,54.0
6939,53.370754,55.0
6940,54.485783,55.0
6941,54.53588,55.0
6942,54.70329,56.0
6943,55.700043,56.0
6944,55.325424,56.0
6945,55.322384,57.0
6946,56.338184,57.0
6947,56.41192,57.0
6948,56.36675,57.0
6949,56.37764,58.0
6950,57.391953,58.0
6951,57.61149,58.0
6952,57.431534,58.0
6953,57.329777,58.0
6954,56.727814,58.0
6955,57.0122,57.0
6956,55.840446,57.0
6957,56.0399,57.0
6958,55.921543,56.0
6959,55.422558,56.0
6960,55.40451,56.0
6961,55.751205,56.0
6962,55.4289,56.0
6963,55.43009,56.0
6964,55.400227,56.0
6965,55.42053,56.0
6966,55.408928,56.0
6967,55.39309,55.0
6968,54.343006,55.0
6969,54.36367,55.0
6970,54.370247,54.0
6971,53.391884,54.0
6972,53.355667,55.0
6973,54.383896,55.0
6974,54.359684,55.0
6975,54.30538,55.0
6976,54.387398,55.0
6977,54.239906,55.0
6978,54.45354,55.0
6979,54.175316,55.0
6980,53.84306,55.0
6981,53.98631,55.0
6982,54.310818,55.0
6983,54.402218,56.0
6984,55.551697,56.0
6985,55.461018,56.0
6986,55.481274,55.0
6987,54.455303,55.0
6988,54.43513,55.0
6989,54.430542,54.0
6990,53.428715,54.0
6991,53.399147,54.0
6992,53.361446,54.0
6993,53.554035,54.0
6994,53.538708,54.0
6995,53.3636,54.0
6996,53.382465,54.0
6997,53.37642,53.0
6998,52.31945,53.0
6999,52.140602,53.0
7000,51.84019,53.0
7001,52.17208,53.0
7002,52.13867,52.0
7003,51.288006,52.0
7004,51.17799,52.0
7005,51.036434,52.0
7006,50.777935,52.0
7007,51.24236,52.0
7008,51.199116,52.0
7009,51.329468,52.0
7010,51.340733,53.0
7011,52.297913,53.0
